dataset,base_query_count,min_departure,max_departure,mean_duration_sec,mean_haversine_km
BJReal-0,10000,1201959131,1202492016,641.9749,2.032370215777822
BJReal-1,10000,1201959143,1202492009,633.1047,2.0213490132455276
BJReal-2,10000,1201959154,1202491956,635.0132,1.9856613250812807
BJReal-3,10000,1201959150,1202491935,626.0175,2.0118141843244346
BJReal-4,10000,1201959070,1202492047,618.021,1.9860157928074182
