5410 8443 0
5410 8443 0
5410 8443 0
5410 8443 0
5410 8443 0
5410 8443 0
5410 8443 0
5410 8443 0
5410 8443 0
5410 8443 0
5410 8443 0
5410 8443 0
8444 5377 0
8444 5377 0
8444 5377 0
8444 5377 0
8444 5377 0
8444 5377 0
8444 5377 0
8444 5377 0
8444 5377 0
8444 5377 0
8444 5377 0
8444 5377 0
8444 5377 0
8760 5402 1
8760 5402 1
8760 5402 1
8760 5402 1
8760 5402 1
8760 5402 1
8760 5402 1
8760 5402 1
8760 5402 1
8760 5402 1
8760 5402 1
8760 5402 1
7917 7846 1
7917 7846 1
7917 7846 1
7917 7846 1
7917 7846 1
7917 7846 1
7917 7846 1
7917 7846 1
7917 7846 1
7917 7846 1
7917 7846 1
7917 7846 1
6449 7669 1
6449 7669 1
6449 7669 1
6449 7669 1
6449 7669 1
6449 7669 1
6449 7669 1
6449 7669 1
6449 7669 1
6449 7669 1
6449 7669 1
6449 7669 1
6449 7669 1
5552 5568 1
5552 5568 1
5552 5568 1
5552 5568 1
5552 5568 1
5552 5568 1
5552 5568 1
5552 5568 1
5552 5568 1
5552 5568 1
5552 5568 1
5552 5568 1
7692 7685 1
7692 7685 1
7692 7685 1
7692 7685 1
7692 7685 1
7692 7685 1
7692 7685 1
7692 7685 1
7692 7685 1
7692 7685 1
7692 7685 1
7692 7685 1
5361 6020 2
5361 6020 2
5361 6020 2
5361 6020 2
5361 6020 2
5361 6020 2
5361 6020 2
5361 6020 2
5361 6020 2
5361 6020 2
5361 6020 2
5361 6020 2
5386 5541 2
5386 5541 2
5386 5541 2
5386 5541 2
5386 5541 2
5386 5541 2
5386 5541 2
5386 5541 2
5386 5541 2
5386 5541 2
5386 5541 2
5386 5541 2
7715 5393 2
7715 5393 2
7715 5393 2
7715 5393 2
7715 5393 2
7715 5393 2
7715 5393 2
7715 5393 2
7715 5393 2
7715 5393 2
7715 5393 2
7715 5393 2
5498 5526 2
5498 5526 2
5498 5526 2
5498 5526 2
5498 5526 2
5498 5526 2
5498 5526 2
5498 5526 2
5498 5526 2
5498 5526 2
5498 5526 2
5498 5526 2
5498 5526 2
9205 9154 2
9205 9154 2
9205 9154 2
9205 9154 2
9205 9154 2
9205 9154 2
9205 9154 2
9205 9154 2
9205 9154 2
9205 9154 2
9205 9154 2
9205 9154 2
5285 5484 3
5285 5484 3
5285 5484 3
5285 5484 3
5285 5484 3
5285 5484 3
5285 5484 3
5285 5484 3
5285 5484 3
5285 5484 3
5285 5484 3
5285 5484 3
5285 5484 3
7787 7892 3
7787 7892 3
7787 7892 3
7787 7892 3
7787 7892 3
7787 7892 3
7787 7892 3
7787 7892 3
7787 7892 3
7787 7892 3
7787 7892 3
7787 7892 3
9180 8745 3
9180 8745 3
9180 8745 3
9180 8745 3
9180 8745 3
9180 8745 3
9180 8745 3
9180 8745 3
9180 8745 3
9180 8745 3
9180 8745 3
9180 8745 3
9180 8745 3
5522 5500 4
5522 5500 4
5522 5500 4
5522 5500 4
5522 5500 4
5522 5500 4
5522 5500 4
5522 5500 4
5522 5500 4
5522 5500 4
5522 5500 4
5522 5500 4
5995 5259 4
5995 5259 4
5995 5259 4
5995 5259 4
5995 5259 4
5995 5259 4
5995 5259 4
5995 5259 4
5995 5259 4
5995 5259 4
5995 5259 4
5995 5259 4
6327 7515 4
6327 7515 4
6327 7515 4
6327 7515 4
6327 7515 4
6327 7515 4
6327 7515 4
6327 7515 4
6327 7515 4
6327 7515 4
6327 7515 4
6327 7515 4
6327 7515 4
5528 5533 4
5528 5533 4
5528 5533 4
5528 5533 4
5528 5533 4
5528 5533 4
5528 5533 4
5528 5533 4
5528 5533 4
5528 5533 4
5528 5533 4
5528 5533 4
7664 6461 6
7664 6461 6
7664 6461 6
7664 6461 6
7664 6461 6
7664 6461 6
7664 6461 6
7664 6461 6
7664 6461 6
7664 6461 6
7664 6461 6
7664 6461 6
7664 6461 6
5265 9153 6
5265 9153 6
5265 9153 6
5265 9153 6
5265 9153 6
5265 9153 6
5265 9153 6
5265 9153 6
5265 9153 6
5265 9153 6
5265 9153 6
5265 9153 6
5265 9153 6
6019 5354 6
6019 5354 6
6019 5354 6
6019 5354 6
6019 5354 6
6019 5354 6
6019 5354 6
6019 5354 6
6019 5354 6
6019 5354 6
6019 5354 6
6019 5354 6
6019 5354 6
5557 6110 7
5557 6110 7
5557 6110 7
5557 6110 7
5557 6110 7
5557 6110 7
5557 6110 7
5557 6110 7
5557 6110 7
5557 6110 7
5557 6110 7
5557 6110 7
5557 6110 7
8790 5258 7
8790 5258 7
8790 5258 7
8790 5258 7
8790 5258 7
8790 5258 7
8790 5258 7
8790 5258 7
8790 5258 7
8790 5258 7
8790 5258 7
8790 5258 7
7914 7845 9
7914 7845 9
7914 7845 9
7914 7845 9
7914 7845 9
7914 7845 9
7914 7845 9
7914 7845 9
7914 7845 9
7914 7845 9
7914 7845 9
7914 7845 9
8449 8469 10
8449 8469 10
8449 8469 10
8449 8469 10
8449 8469 10
8449 8469 10
8449 8469 10
8449 8469 10
8449 8469 10
8449 8469 10
8449 8469 10
8449 8469 10
5444 8436 12
5444 8436 12
5444 8436 12
5444 8436 12
5444 8436 12
5444 8436 12
5444 8436 12
5444 8436 12
5444 8436 12
5444 8436 12
5444 8436 12
5444 8436 12
9260 5285 13
9260 5285 13
9260 5285 13
9260 5285 13
9260 5285 13
9260 5285 13
9260 5285 13
9260 5285 13
9260 5285 13
9260 5285 13
9260 5285 13
9260 5285 13
7500 7796 14
7500 7796 14
7500 7796 14
7500 7796 14
7500 7796 14
7500 7796 14
7500 7796 14
7500 7796 14
7500 7796 14
7500 7796 14
7500 7796 14
7500 7796 14
5563 5543 14
5563 5543 14
5563 5543 14
5563 5543 14
5563 5543 14
5563 5543 14
5563 5543 14
5563 5543 14
5563 5543 14
5563 5543 14
5563 5543 14
5563 5543 14
5563 5543 14
6445 6450 14
6445 6450 14
6445 6450 14
6445 6450 14
6445 6450 14
6445 6450 14
6445 6450 14
6445 6450 14
6445 6450 14
6445 6450 14
6445 6450 14
6445 6450 14
6445 6450 14
5427 6038 16
5427 6038 16
5427 6038 16
5427 6038 16
5427 6038 16
5427 6038 16
5427 6038 16
5427 6038 16
5427 6038 16
5427 6038 16
5427 6038 16
5427 6038 16
5427 6038 16
7758 7936 16
7758 7936 16
7758 7936 16
7758 7936 16
7758 7936 16
7758 7936 16
7758 7936 16
7758 7936 16
7758 7936 16
7758 7936 16
7758 7936 16
7758 7936 16
7758 7936 16
8462 7938 16
8462 7938 16
8462 7938 16
8462 7938 16
8462 7938 16
8462 7938 16
8462 7938 16
8462 7938 16
8462 7938 16
8462 7938 16
8462 7938 16
8462 7938 16
7664 6536 16
7664 6536 16
7664 6536 16
7664 6536 16
7664 6536 16
7664 6536 16
7664 6536 16
7664 6536 16
7664 6536 16
7664 6536 16
7664 6536 16
7664 6536 16
7664 6536 16
7884 8356 16
7884 8356 16
7884 8356 16
7884 8356 16
7884 8356 16
7884 8356 16
7884 8356 16
7884 8356 16
7884 8356 16
7884 8356 16
7884 8356 16
7884 8356 16
5413 5270 17
5413 5270 17
5413 5270 17
5413 5270 17
5413 5270 17
5413 5270 17
5413 5270 17
5413 5270 17
5413 5270 17
5413 5270 17
5413 5270 17
5413 5270 17
9239 5485 18
9239 5485 18
9239 5485 18
9239 5485 18
9239 5485 18
9239 5485 18
9239 5485 18
9239 5485 18
9239 5485 18
9239 5485 18
9239 5485 18
9239 5485 18
9239 5485 18
5427 5286 18
5427 5286 18
5427 5286 18
5427 5286 18
5427 5286 18
5427 5286 18
5427 5286 18
5427 5286 18
5427 5286 18
5427 5286 18
5427 5286 18
5427 5286 18
5427 5286 18
8756 8819 18
8756 8819 18
8756 8819 18
8756 8819 18
8756 8819 18
8756 8819 18
8756 8819 18
8756 8819 18
8756 8819 18
8756 8819 18
8756 8819 18
8756 8819 18
8756 8819 18
7763 7786 20
7763 7786 20
7763 7786 20
7763 7786 20
7763 7786 20
7763 7786 20
7763 7786 20
7763 7786 20
7763 7786 20
7763 7786 20
7763 7786 20
7763 7786 20
5574 5347 21
5574 5347 21
5574 5347 21
5574 5347 21
5574 5347 21
5574 5347 21
5574 5347 21
5574 5347 21
5574 5347 21
5574 5347 21
5574 5347 21
5574 5347 21
5518 5342 21
5518 5342 21
5518 5342 21
5518 5342 21
5518 5342 21
5518 5342 21
5518 5342 21
5518 5342 21
5518 5342 21
5518 5342 21
5518 5342 21
5518 5342 21
6535 6511 22
6535 6511 22
6535 6511 22
6535 6511 22
6535 6511 22
6535 6511 22
6535 6511 22
6535 6511 22
6535 6511 22
6535 6511 22
6535 6511 22
6535 6511 22
5283 6016 22
5283 6016 22
5283 6016 22
5283 6016 22
5283 6016 22
5283 6016 22
5283 6016 22
5283 6016 22
5283 6016 22
5283 6016 22
5283 6016 22
5283 6016 22
7700 6584 23
7700 6584 23
7700 6584 23
7700 6584 23
7700 6584 23
7700 6584 23
7700 6584 23
7700 6584 23
7700 6584 23
7700 6584 23
7700 6584 23
7700 6584 23
5259 9158 24
5259 9158 24
5259 9158 24
5259 9158 24
5259 9158 24
5259 9158 24
5259 9158 24
5259 9158 24
5259 9158 24
5259 9158 24
5259 9158 24
5259 9158 24
5259 9158 24
5390 5552 25
5390 5552 25
5390 5552 25
5390 5552 25
5390 5552 25
5390 5552 25
5390 5552 25
5390 5552 25
5390 5552 25
5390 5552 25
5390 5552 25
5390 5552 25
5392 5297 25
5392 5297 25
5392 5297 25
5392 5297 25
5392 5297 25
5392 5297 25
5392 5297 25
5392 5297 25
5392 5297 25
5392 5297 25
5392 5297 25
5392 5297 25
5392 5297 25
8452 7761 25
8452 7761 25
8452 7761 25
8452 7761 25
8452 7761 25
8452 7761 25
8452 7761 25
8452 7761 25
8452 7761 25
8452 7761 25
8452 7761 25
8452 7761 25
5242 8755 26
5242 8755 26
5242 8755 26
5242 8755 26
5242 8755 26
5242 8755 26
5242 8755 26
5242 8755 26
5242 8755 26
5242 8755 26
5242 8755 26
5242 8755 26
7760 7728 26
7760 7728 26
7760 7728 26
7760 7728 26
7760 7728 26
7760 7728 26
7760 7728 26
7760 7728 26
7760 7728 26
7760 7728 26
7760 7728 26
7760 7728 26
7760 7728 26
9143 5378 27
9143 5378 27
9143 5378 27
9143 5378 27
9143 5378 27
9143 5378 27
9143 5378 27
9143 5378 27
9143 5378 27
9143 5378 27
9143 5378 27
9143 5378 27
9143 5378 27
5522 5340 27
5522 5340 27
5522 5340 27
5522 5340 27
5522 5340 27
5522 5340 27
5522 5340 27
5522 5340 27
5522 5340 27
5522 5340 27
5522 5340 27
5522 5340 27
6510 7504 27
6510 7504 27
6510 7504 27
6510 7504 27
6510 7504 27
6510 7504 27
6510 7504 27
6510 7504 27
6510 7504 27
6510 7504 27
6510 7504 27
6510 7504 27
6510 7504 27
7907 7779 27
7907 7779 27
7907 7779 27
7907 7779 27
7907 7779 27
7907 7779 27
7907 7779 27
7907 7779 27
7907 7779 27
7907 7779 27
7907 7779 27
7907 7779 27
7907 7779 27
8748 9191 28
8748 9191 28
8748 9191 28
8748 9191 28
8748 9191 28
8748 9191 28
8748 9191 28
8748 9191 28
8748 9191 28
8748 9191 28
8748 9191 28
8748 9191 28
5415 5547 28
5415 5547 28
5415 5547 28
5415 5547 28
5415 5547 28
5415 5547 28
5415 5547 28
5415 5547 28
5415 5547 28
5415 5547 28
5415 5547 28
5415 5547 28
5446 5537 30
5446 5537 30
5446 5537 30
5446 5537 30
5446 5537 30
5446 5537 30
5446 5537 30
5446 5537 30
5446 5537 30
5446 5537 30
5446 5537 30
5446 5537 30
7859 8365 30
7859 8365 30
7859 8365 30
7859 8365 30
7859 8365 30
7859 8365 30
7859 8365 30
7859 8365 30
7859 8365 30
7859 8365 30
7859 8365 30
7859 8365 30
7859 8365 30
5305 5275 30
5305 5275 30
5305 5275 30
5305 5275 30
5305 5275 30
5305 5275 30
5305 5275 30
5305 5275 30
5305 5275 30
5305 5275 30
5305 5275 30
5305 5275 30
6022 5548 31
6022 5548 31
6022 5548 31
6022 5548 31
6022 5548 31
6022 5548 31
6022 5548 31
6022 5548 31
6022 5548 31
6022 5548 31
6022 5548 31
6022 5548 31
6022 5548 31
6064 6082 31
6064 6082 31
6064 6082 31
6064 6082 31
6064 6082 31
6064 6082 31
6064 6082 31
6064 6082 31
6064 6082 31
6064 6082 31
6064 6082 31
6064 6082 31
6064 6082 31
6460 6508 31
6460 6508 31
6460 6508 31
6460 6508 31
6460 6508 31
6460 6508 31
6460 6508 31
6460 6508 31
6460 6508 31
6460 6508 31
6460 6508 31
6460 6508 31
8782 5354 32
8782 5354 32
8782 5354 32
8782 5354 32
8782 5354 32
8782 5354 32
8782 5354 32
8782 5354 32
8782 5354 32
8782 5354 32
8782 5354 32
8782 5354 32
8782 5354 32
5361 6387 32
5361 6387 32
5361 6387 32
5361 6387 32
5361 6387 32
5361 6387 32
5361 6387 32
5361 6387 32
5361 6387 32
5361 6387 32
5361 6387 32
5361 6387 32
5390 5382 33
5390 5382 33
5390 5382 33
5390 5382 33
5390 5382 33
5390 5382 33
5390 5382 33
5390 5382 33
5390 5382 33
5390 5382 33
5390 5382 33
5390 5382 33
8781 5340 34
8781 5340 34
8781 5340 34
8781 5340 34
8781 5340 34
8781 5340 34
8781 5340 34
8781 5340 34
8781 5340 34
8781 5340 34
8781 5340 34
8781 5340 34
6610 5378 36
6610 5378 36
6610 5378 36
6610 5378 36
6610 5378 36
6610 5378 36
6610 5378 36
6610 5378 36
6610 5378 36
6610 5378 36
6610 5378 36
6610 5378 36
7892 7798 37
7892 7798 37
7892 7798 37
7892 7798 37
7892 7798 37
7892 7798 37
7892 7798 37
7892 7798 37
7892 7798 37
7892 7798 37
7892 7798 37
7892 7798 37
5358 5291 37
5358 5291 37
5358 5291 37
5358 5291 37
5358 5291 37
5358 5291 37
5358 5291 37
5358 5291 37
5358 5291 37
5358 5291 37
5358 5291 37
5358 5291 37
6595 6003 38
6595 6003 38
6595 6003 38
6595 6003 38
6595 6003 38
6595 6003 38
6595 6003 38
6595 6003 38
6595 6003 38
6595 6003 38
6595 6003 38
6595 6003 38
5359 6612 40
5359 6612 40
5359 6612 40
5359 6612 40
5359 6612 40
5359 6612 40
5359 6612 40
5359 6612 40
5359 6612 40
5359 6612 40
5359 6612 40
5359 6612 40
5449 5271 43
5449 5271 43
5449 5271 43
5449 5271 43
5449 5271 43
5449 5271 43
5449 5271 43
5449 5271 43
5449 5271 43
5449 5271 43
5449 5271 43
5449 5271 43
5505 5430 44
5505 5430 44
5505 5430 44
5505 5430 44
5505 5430 44
5505 5430 44
5505 5430 44
5505 5430 44
5505 5430 44
5505 5430 44
5505 5430 44
5505 5430 44
5505 5430 44
6037 8437 47
6037 8437 47
6037 8437 47
6037 8437 47
6037 8437 47
6037 8437 47
6037 8437 47
6037 8437 47
6037 8437 47
6037 8437 47
6037 8437 47
6037 8437 47
6037 8437 47
6549 7692 47
6549 7692 47
6549 7692 47
6549 7692 47
6549 7692 47
6549 7692 47
6549 7692 47
6549 7692 47
6549 7692 47
6549 7692 47
6549 7692 47
6549 7692 47
6549 7692 47
7750 7812 51
7750 7812 51
7750 7812 51
7750 7812 51
7750 7812 51
7750 7812 51
7750 7812 51
7750 7812 51
7750 7812 51
7750 7812 51
7750 7812 51
7750 7812 51
7750 7812 51
5363 6549 52
5363 6549 52
5363 6549 52
5363 6549 52
5363 6549 52
5363 6549 52
5363 6549 52
5363 6549 52
5363 6549 52
5363 6549 52
5363 6549 52
5363 6549 52
5363 6549 52
7835 7872 54
7835 7872 54
7835 7872 54
7835 7872 54
7835 7872 54
7835 7872 54
7835 7872 54
7835 7872 54
7835 7872 54
7835 7872 54
7835 7872 54
7835 7872 54
7835 7872 54
5444 6002 56
5444 6002 56
5444 6002 56
5444 6002 56
5444 6002 56
5444 6002 56
5444 6002 56
5444 6002 56
5444 6002 56
5444 6002 56
5444 6002 56
5444 6002 56
5444 6002 56
7762 6559 64
7762 6559 64
7762 6559 64
7762 6559 64
7762 6559 64
7762 6559 64
7762 6559 64
7762 6559 64
7762 6559 64
7762 6559 64
7762 6559 64
7762 6559 64
7762 6559 64
6585 6539 65
6585 6539 65
6585 6539 65
6585 6539 65
6585 6539 65
6585 6539 65
6585 6539 65
6585 6539 65
6585 6539 65
6585 6539 65
6585 6539 65
6585 6539 65
6585 6539 65
8434 6544 65
8434 6544 65
8434 6544 65
8434 6544 65
8434 6544 65
8434 6544 65
8434 6544 65
8434 6544 65
8434 6544 65
8434 6544 65
8434 6544 65
8434 6544 65
8434 6544 65
5379 5544 66
5379 5544 66
5379 5544 66
5379 5544 66
5379 5544 66
5379 5544 66
5379 5544 66
5379 5544 66
5379 5544 66
5379 5544 66
5379 5544 66
5379 5544 66
5379 5544 66
7724 8450 67
7724 8450 67
7724 8450 67
7724 8450 67
7724 8450 67
7724 8450 67
7724 8450 67
7724 8450 67
7724 8450 67
7724 8450 67
7724 8450 67
7724 8450 67
7724 8450 67
7684 6593 69
7684 6593 69
7684 6593 69
7684 6593 69
7684 6593 69
7684 6593 69
7684 6593 69
7684 6593 69
7684 6593 69
7684 6593 69
7684 6593 69
7684 6593 69
6034 8436 72
6034 8436 72
6034 8436 72
6034 8436 72
6034 8436 72
6034 8436 72
6034 8436 72
6034 8436 72
6034 8436 72
6034 8436 72
6034 8436 72
6034 8436 72
6034 8436 72
7690 6557 73
7690 6557 73
7690 6557 73
7690 6557 73
7690 6557 73
7690 6557 73
7690 6557 73
7690 6557 73
7690 6557 73
7690 6557 73
7690 6557 73
7690 6557 73
6440 7746 73
6440 7746 73
6440 7746 73
6440 7746 73
6440 7746 73
6440 7746 73
6440 7746 73
6440 7746 73
6440 7746 73
6440 7746 73
6440 7746 73
6440 7746 73
5986 8663 74
5986 8663 74
5986 8663 74
5986 8663 74
5986 8663 74
5986 8663 74
5986 8663 74
5986 8663 74
5986 8663 74
5986 8663 74
5986 8663 74
5986 8663 74
5986 8663 74
6587 7728 74
6587 7728 74
6587 7728 74
6587 7728 74
6587 7728 74
6587 7728 74
6587 7728 74
6587 7728 74
6587 7728 74
6587 7728 74
6587 7728 74
6587 7728 74
7825 7737 75
7825 7737 75
7825 7737 75
7825 7737 75
7825 7737 75
7825 7737 75
7825 7737 75
7825 7737 75
7825 7737 75
7825 7737 75
7825 7737 75
7825 7737 75
8840 5305 77
8840 5305 77
8840 5305 77
8840 5305 77
8840 5305 77
8840 5305 77
8840 5305 77
8840 5305 77
8840 5305 77
8840 5305 77
8840 5305 77
8840 5305 77
6448 5925 77
6448 5925 77
6448 5925 77
6448 5925 77
6448 5925 77
6448 5925 77
6448 5925 77
6448 5925 77
6448 5925 77
6448 5925 77
6448 5925 77
6448 5925 77
6448 5925 77
7776 7766 77
7776 7766 77
7776 7766 77
7776 7766 77
7776 7766 77
7776 7766 77
7776 7766 77
7776 7766 77
7776 7766 77
7776 7766 77
7776 7766 77
7776 7766 77
6007 5354 79
6007 5354 79
6007 5354 79
6007 5354 79
6007 5354 79
6007 5354 79
6007 5354 79
6007 5354 79
6007 5354 79
6007 5354 79
6007 5354 79
6007 5354 79
5424 5548 79
5424 5548 79
5424 5548 79
5424 5548 79
5424 5548 79
5424 5548 79
5424 5548 79
5424 5548 79
5424 5548 79
5424 5548 79
5424 5548 79
5424 5548 79
8461 6541 80
8461 6541 80
8461 6541 80
8461 6541 80
8461 6541 80
8461 6541 80
8461 6541 80
8461 6541 80
8461 6541 80
8461 6541 80
8461 6541 80
8461 6541 80
5990 5353 83
5990 5353 83
5990 5353 83
5990 5353 83
5990 5353 83
5990 5353 83
5990 5353 83
5990 5353 83
5990 5353 83
5990 5353 83
5990 5353 83
5990 5353 83
5280 9155 83
5280 9155 83
5280 9155 83
5280 9155 83
5280 9155 83
5280 9155 83
5280 9155 83
5280 9155 83
5280 9155 83
5280 9155 83
5280 9155 83
5280 9155 83
5280 9155 83
7690 6592 84
7690 6592 84
7690 6592 84
7690 6592 84
7690 6592 84
7690 6592 84
7690 6592 84
7690 6592 84
7690 6592 84
7690 6592 84
7690 6592 84
7690 6592 84
7690 6592 84
8354 7865 86
8354 7865 86
8354 7865 86
8354 7865 86
8354 7865 86
8354 7865 86
8354 7865 86
8354 7865 86
8354 7865 86
8354 7865 86
8354 7865 86
8354 7865 86
8354 7865 86
7934 7693 86
7934 7693 86
7934 7693 86
7934 7693 86
7934 7693 86
7934 7693 86
7934 7693 86
7934 7693 86
7934 7693 86
7934 7693 86
7934 7693 86
7934 7693 86
7934 7693 86
5488 5543 87
5488 5543 87
5488 5543 87
5488 5543 87
5488 5543 87
5488 5543 87
5488 5543 87
5488 5543 87
5488 5543 87
5488 5543 87
5488 5543 87
5488 5543 87
5488 5543 87
7668 6450 87
7668 6450 87
7668 6450 87
7668 6450 87
7668 6450 87
7668 6450 87
7668 6450 87
7668 6450 87
7668 6450 87
7668 6450 87
7668 6450 87
7668 6450 87
6408 6595 87
6408 6595 87
6408 6595 87
6408 6595 87
6408 6595 87
6408 6595 87
6408 6595 87
6408 6595 87
6408 6595 87
6408 6595 87
6408 6595 87
6408 6595 87
6408 6595 87
5533 5259 87
5533 5259 87
5533 5259 87
5533 5259 87
5533 5259 87
5533 5259 87
5533 5259 87
5533 5259 87
5533 5259 87
5533 5259 87
5533 5259 87
5533 5259 87
5533 5259 87
7691 7755 88
7691 7755 88
7691 7755 88
7691 7755 88
7691 7755 88
7691 7755 88
7691 7755 88
7691 7755 88
7691 7755 88
7691 7755 88
7691 7755 88
7691 7755 88
7691 7755 88
6582 7723 88
6582 7723 88
6582 7723 88
6582 7723 88
6582 7723 88
6582 7723 88
6582 7723 88
6582 7723 88
6582 7723 88
6582 7723 88
6582 7723 88
6582 7723 88
8462 5359 88
8462 5359 88
8462 5359 88
8462 5359 88
8462 5359 88
8462 5359 88
8462 5359 88
8462 5359 88
8462 5359 88
8462 5359 88
8462 5359 88
8462 5359 88
8462 5359 88
6508 6489 89
6508 6489 89
6508 6489 89
6508 6489 89
6508 6489 89
6508 6489 89
6508 6489 89
6508 6489 89
6508 6489 89
6508 6489 89
6508 6489 89
6508 6489 89
6508 6489 89
5367 5558 89
5367 5558 89
5367 5558 89
5367 5558 89
5367 5558 89
5367 5558 89
5367 5558 89
5367 5558 89
5367 5558 89
5367 5558 89
5367 5558 89
5367 5558 89
5367 5558 89
5542 5505 89
5542 5505 89
5542 5505 89
5542 5505 89
5542 5505 89
5542 5505 89
5542 5505 89
5542 5505 89
5542 5505 89
5542 5505 89
5542 5505 89
5542 5505 89
5542 5505 89
7747 6510 90
7747 6510 90
7747 6510 90
7747 6510 90
7747 6510 90
7747 6510 90
7747 6510 90
7747 6510 90
7747 6510 90
7747 6510 90
7747 6510 90
7747 6510 90
6562 6344 90
6562 6344 90
6562 6344 90
6562 6344 90
6562 6344 90
6562 6344 90
6562 6344 90
6562 6344 90
6562 6344 90
6562 6344 90
6562 6344 90
6562 6344 90
6562 6344 90
7681 7501 91
7681 7501 91
7681 7501 91
7681 7501 91
7681 7501 91
7681 7501 91
7681 7501 91
7681 7501 91
7681 7501 91
7681 7501 91
7681 7501 91
7681 7501 91
7692 7682 91
7692 7682 91
7692 7682 91
7692 7682 91
7692 7682 91
7692 7682 91
7692 7682 91
7692 7682 91
7692 7682 91
7692 7682 91
7692 7682 91
7692 7682 91
5575 5558 91
5575 5558 91
5575 5558 91
5575 5558 91
5575 5558 91
5575 5558 91
5575 5558 91
5575 5558 91
5575 5558 91
5575 5558 91
5575 5558 91
5575 5558 91
5358 6600 91
5358 6600 91
5358 6600 91
5358 6600 91
5358 6600 91
5358 6600 91
5358 6600 91
5358 6600 91
5358 6600 91
5358 6600 91
5358 6600 91
5358 6600 91
7939 6041 91
7939 6041 91
7939 6041 91
7939 6041 91
7939 6041 91
7939 6041 91
7939 6041 91
7939 6041 91
7939 6041 91
7939 6041 91
7939 6041 91
7939 6041 91
7939 6041 91
6352 5244 91
6352 5244 91
6352 5244 91
6352 5244 91
6352 5244 91
6352 5244 91
6352 5244 91
6352 5244 91
6352 5244 91
6352 5244 91
6352 5244 91
6352 5244 91
6352 5244 91
6487 7699 92
6487 7699 92
6487 7699 92
6487 7699 92
6487 7699 92
6487 7699 92
6487 7699 92
6487 7699 92
6487 7699 92
6487 7699 92
6487 7699 92
6487 7699 92
6529 8673 92
6529 8673 92
6529 8673 92
6529 8673 92
6529 8673 92
6529 8673 92
6529 8673 92
6529 8673 92
6529 8673 92
6529 8673 92
6529 8673 92
6529 8673 92
6512 7635 92
6512 7635 92
6512 7635 92
6512 7635 92
6512 7635 92
6512 7635 92
6512 7635 92
6512 7635 92
6512 7635 92
6512 7635 92
6512 7635 92
6512 7635 92
7696 7683 94
7696 7683 94
7696 7683 94
7696 7683 94
7696 7683 94
7696 7683 94
7696 7683 94
7696 7683 94
7696 7683 94
7696 7683 94
7696 7683 94
7696 7683 94
7696 7683 94
6418 6601 94
6418 6601 94
6418 6601 94
6418 6601 94
6418 6601 94
6418 6601 94
6418 6601 94
6418 6601 94
6418 6601 94
6418 6601 94
6418 6601 94
6418 6601 94
6012 8472 95
6012 8472 95
6012 8472 95
6012 8472 95
6012 8472 95
6012 8472 95
6012 8472 95
6012 8472 95
6012 8472 95
6012 8472 95
6012 8472 95
6012 8472 95
6012 8472 95
6513 7757 95
6513 7757 95
6513 7757 95
6513 7757 95
6513 7757 95
6513 7757 95
6513 7757 95
6513 7757 95
6513 7757 95
6513 7757 95
6513 7757 95
6513 7757 95
6513 7757 95
5564 6031 95
5564 6031 95
5564 6031 95
5564 6031 95
5564 6031 95
5564 6031 95
5564 6031 95
5564 6031 95
5564 6031 95
5564 6031 95
5564 6031 95
5564 6031 95
6022 5539 96
6022 5539 96
6022 5539 96
6022 5539 96
6022 5539 96
6022 5539 96
6022 5539 96
6022 5539 96
6022 5539 96
6022 5539 96
6022 5539 96
6022 5539 96
7705 6577 96
7705 6577 96
7705 6577 96
7705 6577 96
7705 6577 96
7705 6577 96
7705 6577 96
7705 6577 96
7705 6577 96
7705 6577 96
7705 6577 96
7705 6577 96
7914 7991 96
7914 7991 96
7914 7991 96
7914 7991 96
7914 7991 96
7914 7991 96
7914 7991 96
7914 7991 96
7914 7991 96
7914 7991 96
7914 7991 96
7914 7991 96
5548 5435 97
5548 5435 97
5548 5435 97
5548 5435 97
5548 5435 97
5548 5435 97
5548 5435 97
5548 5435 97
5548 5435 97
5548 5435 97
5548 5435 97
5548 5435 97
5548 5435 97
5419 7711 97
5419 7711 97
5419 7711 97
5419 7711 97
5419 7711 97
5419 7711 97
5419 7711 97
5419 7711 97
5419 7711 97
5419 7711 97
5419 7711 97
5419 7711 97
6003 5257 97
6003 5257 97
6003 5257 97
6003 5257 97
6003 5257 97
6003 5257 97
6003 5257 97
6003 5257 97
6003 5257 97
6003 5257 97
6003 5257 97
6003 5257 97
7762 7700 97
7762 7700 97
7762 7700 97
7762 7700 97
7762 7700 97
7762 7700 97
7762 7700 97
7762 7700 97
7762 7700 97
7762 7700 97
7762 7700 97
7762 7700 97
5257 9148 97
5257 9148 97
5257 9148 97
5257 9148 97
5257 9148 97
5257 9148 97
5257 9148 97
5257 9148 97
5257 9148 97
5257 9148 97
5257 9148 97
5257 9148 97
9613 6450 97
9613 6450 97
9613 6450 97
9613 6450 97
9613 6450 97
9613 6450 97
9613 6450 97
9613 6450 97
9613 6450 97
9613 6450 97
9613 6450 97
9613 6450 97
6602 7685 98
6602 7685 98
6602 7685 98
6602 7685 98
6602 7685 98
6602 7685 98
6602 7685 98
6602 7685 98
6602 7685 98
6602 7685 98
6602 7685 98
6602 7685 98
6602 7685 98
7700 6608 99
7700 6608 99
7700 6608 99
7700 6608 99
7700 6608 99
7700 6608 99
7700 6608 99
7700 6608 99
7700 6608 99
7700 6608 99
7700 6608 99
7700 6608 99
7908 7689 99
7908 7689 99
7908 7689 99
7908 7689 99
7908 7689 99
7908 7689 99
7908 7689 99
7908 7689 99
7908 7689 99
7908 7689 99
7908 7689 99
7908 7689 99
7908 7689 99
5288 5469 99
5288 5469 99
5288 5469 99
5288 5469 99
5288 5469 99
5288 5469 99
5288 5469 99
5288 5469 99
5288 5469 99
5288 5469 99
5288 5469 99
5288 5469 99
5923 7504 99
5923 7504 99
5923 7504 99
5923 7504 99
5923 7504 99
5923 7504 99
5923 7504 99
5923 7504 99
5923 7504 99
5923 7504 99
5923 7504 99
5923 7504 99
5923 7504 99
7717 7917 100
7717 7917 100
7717 7917 100
7717 7917 100
7717 7917 100
7717 7917 100
7717 7917 100
7717 7917 100
7717 7917 100
7717 7917 100
7717 7917 100
7717 7917 100
7717 7917 100
7719 6512 100
7719 6512 100
7719 6512 100
7719 6512 100
7719 6512 100
7719 6512 100
7719 6512 100
7719 6512 100
7719 6512 100
7719 6512 100
7719 6512 100
7719 6512 100
5435 5280 101
5435 5280 101
5435 5280 101
5435 5280 101
5435 5280 101
5435 5280 101
5435 5280 101
5435 5280 101
5435 5280 101
5435 5280 101
5435 5280 101
5435 5280 101
5435 5280 101
5291 5253 101
5291 5253 101
5291 5253 101
5291 5253 101
5291 5253 101
5291 5253 101
5291 5253 101
5291 5253 101
5291 5253 101
5291 5253 101
5291 5253 101
5291 5253 101
6009 7724 101
6009 7724 101
6009 7724 101
6009 7724 101
6009 7724 101
6009 7724 101
6009 7724 101
6009 7724 101
6009 7724 101
6009 7724 101
6009 7724 101
6009 7724 101
5243 6352 102
5243 6352 102
5243 6352 102
5243 6352 102
5243 6352 102
5243 6352 102
5243 6352 102
5243 6352 102
5243 6352 102
5243 6352 102
5243 6352 102
5243 6352 102
5243 6352 102
6581 6552 102
6581 6552 102
6581 6552 102
6581 6552 102
6581 6552 102
6581 6552 102
6581 6552 102
6581 6552 102
6581 6552 102
6581 6552 102
6581 6552 102
6581 6552 102
6581 6552 102
5543 5259 103
5543 5259 103
5543 5259 103
5543 5259 103
5543 5259 103
5543 5259 103
5543 5259 103
5543 5259 103
5543 5259 103
5543 5259 103
5543 5259 103
5543 5259 103
7693 5386 103
7693 5386 103
7693 5386 103
7693 5386 103
7693 5386 103
7693 5386 103
7693 5386 103
7693 5386 103
7693 5386 103
7693 5386 103
7693 5386 103
7693 5386 103
7693 5386 103
6044 8437 104
6044 8437 104
6044 8437 104
6044 8437 104
6044 8437 104
6044 8437 104
6044 8437 104
6044 8437 104
6044 8437 104
6044 8437 104
6044 8437 104
6044 8437 104
6025 5360 104
6025 5360 104
6025 5360 104
6025 5360 104
6025 5360 104
6025 5360 104
6025 5360 104
6025 5360 104
6025 5360 104
6025 5360 104
6025 5360 104
6025 5360 104
7728 7881 105
7728 7881 105
7728 7881 105
7728 7881 105
7728 7881 105
7728 7881 105
7728 7881 105
7728 7881 105
7728 7881 105
7728 7881 105
7728 7881 105
7728 7881 105
7728 7881 105
5541 8473 107
5541 8473 107
5541 8473 107
5541 8473 107
5541 8473 107
5541 8473 107
5541 8473 107
5541 8473 107
5541 8473 107
5541 8473 107
5541 8473 107
5541 8473 107
5541 8473 107
7700 6583 107
7700 6583 107
7700 6583 107
7700 6583 107
7700 6583 107
7700 6583 107
7700 6583 107
7700 6583 107
7700 6583 107
7700 6583 107
7700 6583 107
7700 6583 107
7700 6583 107
5380 5538 107
5380 5538 107
5380 5538 107
5380 5538 107
5380 5538 107
5380 5538 107
5380 5538 107
5380 5538 107
5380 5538 107
5380 5538 107
5380 5538 107
5380 5538 107
5380 5538 107
7913 7799 107
7913 7799 107
7913 7799 107
7913 7799 107
7913 7799 107
7913 7799 107
7913 7799 107
7913 7799 107
7913 7799 107
7913 7799 107
7913 7799 107
7913 7799 107
7496 7664 107
7496 7664 107
7496 7664 107
7496 7664 107
7496 7664 107
7496 7664 107
7496 7664 107
7496 7664 107
7496 7664 107
7496 7664 107
7496 7664 107
7496 7664 107
7496 7664 107
5546 5990 108
5546 5990 108
5546 5990 108
5546 5990 108
5546 5990 108
5546 5990 108
5546 5990 108
5546 5990 108
5546 5990 108
5546 5990 108
5546 5990 108
5546 5990 108
7936 7768 109
7936 7768 109
7936 7768 109
7936 7768 109
7936 7768 109
7936 7768 109
7936 7768 109
7936 7768 109
7936 7768 109
7936 7768 109
7936 7768 109
7936 7768 109
7936 7768 109
7700 6606 109
7700 6606 109
7700 6606 109
7700 6606 109
7700 6606 109
7700 6606 109
7700 6606 109
7700 6606 109
7700 6606 109
7700 6606 109
7700 6606 109
7700 6606 109
7700 6606 109
9274 5275 111
9274 5275 111
9274 5275 111
9274 5275 111
9274 5275 111
9274 5275 111
9274 5275 111
9274 5275 111
9274 5275 111
9274 5275 111
9274 5275 111
9274 5275 111
5446 6012 111
5446 6012 111
5446 6012 111
5446 6012 111
5446 6012 111
5446 6012 111
5446 6012 111
5446 6012 111
5446 6012 111
5446 6012 111
5446 6012 111
5446 6012 111
5446 6012 111
6408 6593 112
6408 6593 112
6408 6593 112
6408 6593 112
6408 6593 112
6408 6593 112
6408 6593 112
6408 6593 112
6408 6593 112
6408 6593 112
6408 6593 112
6408 6593 112
6408 6593 112
7683 6574 113
7683 6574 113
7683 6574 113
7683 6574 113
7683 6574 113
7683 6574 113
7683 6574 113
7683 6574 113
7683 6574 113
7683 6574 113
7683 6574 113
7683 6574 113
7695 6038 113
7695 6038 113
7695 6038 113
7695 6038 113
7695 6038 113
7695 6038 113
7695 6038 113
7695 6038 113
7695 6038 113
7695 6038 113
7695 6038 113
7695 6038 113
7450 7502 113
7450 7502 113
7450 7502 113
7450 7502 113
7450 7502 113
7450 7502 113
7450 7502 113
7450 7502 113
7450 7502 113
7450 7502 113
7450 7502 113
7450 7502 113
7814 7944 113
7814 7944 113
7814 7944 113
7814 7944 113
7814 7944 113
7814 7944 113
7814 7944 113
7814 7944 113
7814 7944 113
7814 7944 113
7814 7944 113
7814 7944 113
5446 5514 114
5446 5514 114
5446 5514 114
5446 5514 114
5446 5514 114
5446 5514 114
5446 5514 114
5446 5514 114
5446 5514 114
5446 5514 114
5446 5514 114
5446 5514 114
7700 6531 114
7700 6531 114
7700 6531 114
7700 6531 114
7700 6531 114
7700 6531 114
7700 6531 114
7700 6531 114
7700 6531 114
7700 6531 114
7700 6531 114
7700 6531 114
7700 6531 114
5266 5411 115
5266 5411 115
5266 5411 115
5266 5411 115
5266 5411 115
5266 5411 115
5266 5411 115
5266 5411 115
5266 5411 115
5266 5411 115
5266 5411 115
5266 5411 115
5266 5411 115
6081 6024 115
6081 6024 115
6081 6024 115
6081 6024 115
6081 6024 115
6081 6024 115
6081 6024 115
6081 6024 115
6081 6024 115
6081 6024 115
6081 6024 115
6081 6024 115
5354 6610 115
5354 6610 115
5354 6610 115
5354 6610 115
5354 6610 115
5354 6610 115
5354 6610 115
5354 6610 115
5354 6610 115
5354 6610 115
5354 6610 115
5354 6610 115
7700 7769 115
7700 7769 115
7700 7769 115
7700 7769 115
7700 7769 115
7700 7769 115
7700 7769 115
7700 7769 115
7700 7769 115
7700 7769 115
7700 7769 115
7700 7769 115
6542 6505 115
6542 6505 115
6542 6505 115
6542 6505 115
6542 6505 115
6542 6505 115
6542 6505 115
6542 6505 115
6542 6505 115
6542 6505 115
6542 6505 115
6542 6505 115
7747 7694 115
7747 7694 115
7747 7694 115
7747 7694 115
7747 7694 115
7747 7694 115
7747 7694 115
7747 7694 115
7747 7694 115
7747 7694 115
7747 7694 115
7747 7694 115
7747 7694 115
6506 7806 115
6506 7806 115
6506 7806 115
6506 7806 115
6506 7806 115
6506 7806 115
6506 7806 115
6506 7806 115
6506 7806 115
6506 7806 115
6506 7806 115
6506 7806 115
6544 8465 116
6544 8465 116
6544 8465 116
6544 8465 116
6544 8465 116
6544 8465 116
6544 8465 116
6544 8465 116
6544 8465 116
6544 8465 116
6544 8465 116
6544 8465 116
5550 6058 117
5550 6058 117
5550 6058 117
5550 6058 117
5550 6058 117
5550 6058 117
5550 6058 117
5550 6058 117
5550 6058 117
5550 6058 117
5550 6058 117
5550 6058 117
5550 6058 117
5259 6548 117
5259 6548 117
5259 6548 117
5259 6548 117
5259 6548 117
5259 6548 117
5259 6548 117
5259 6548 117
5259 6548 117
5259 6548 117
5259 6548 117
5259 6548 117
7635 7878 117
7635 7878 117
7635 7878 117
7635 7878 117
7635 7878 117
7635 7878 117
7635 7878 117
7635 7878 117
7635 7878 117
7635 7878 117
7635 7878 117
7635 7878 117
7635 7878 117
5504 5523 118
5504 5523 118
5504 5523 118
5504 5523 118
5504 5523 118
5504 5523 118
5504 5523 118
5504 5523 118
5504 5523 118
5504 5523 118
5504 5523 118
5504 5523 118
5504 5523 118
8682 6548 118
8682 6548 118
8682 6548 118
8682 6548 118
8682 6548 118
8682 6548 118
8682 6548 118
8682 6548 118
8682 6548 118
8682 6548 118
8682 6548 118
8682 6548 118
8682 6548 118
8431 6562 118
8431 6562 118
8431 6562 118
8431 6562 118
8431 6562 118
8431 6562 118
8431 6562 118
8431 6562 118
8431 6562 118
8431 6562 118
8431 6562 118
8431 6562 118
8431 6562 118
7704 6506 118
7704 6506 118
7704 6506 118
7704 6506 118
7704 6506 118
7704 6506 118
7704 6506 118
7704 6506 118
7704 6506 118
7704 6506 118
7704 6506 118
7704 6506 118
7704 6506 118
5438 8437 119
5438 8437 119
5438 8437 119
5438 8437 119
5438 8437 119
5438 8437 119
5438 8437 119
5438 8437 119
5438 8437 119
5438 8437 119
5438 8437 119
5438 8437 119
5438 8437 119
7694 5386 119
7694 5386 119
7694 5386 119
7694 5386 119
7694 5386 119
7694 5386 119
7694 5386 119
7694 5386 119
7694 5386 119
7694 5386 119
7694 5386 119
7694 5386 119
7771 7961 119
7771 7961 119
7771 7961 119
7771 7961 119
7771 7961 119
7771 7961 119
7771 7961 119
7771 7961 119
7771 7961 119
7771 7961 119
7771 7961 119
7771 7961 119
6574 6602 119
6574 6602 119
6574 6602 119
6574 6602 119
6574 6602 119
6574 6602 119
6574 6602 119
6574 6602 119
6574 6602 119
6574 6602 119
6574 6602 119
6574 6602 119
5522 5359 120
5522 5359 120
5522 5359 120
5522 5359 120
5522 5359 120
5522 5359 120
5522 5359 120
5522 5359 120
5522 5359 120
5522 5359 120
5522 5359 120
5522 5359 120
5567 5288 121
5567 5288 121
5567 5288 121
5567 5288 121
5567 5288 121
5567 5288 121
5567 5288 121
5567 5288 121
5567 5288 121
5567 5288 121
5567 5288 121
5567 5288 121
5567 5288 121
5251 6081 121
5251 6081 121
5251 6081 121
5251 6081 121
5251 6081 121
5251 6081 121
5251 6081 121
5251 6081 121
5251 6081 121
5251 6081 121
5251 6081 121
5251 6081 121
7788 5924 121
7788 5924 121
7788 5924 121
7788 5924 121
7788 5924 121
7788 5924 121
7788 5924 121
7788 5924 121
7788 5924 121
7788 5924 121
7788 5924 121
7788 5924 121
7788 5924 121
5361 7723 123
5361 7723 123
5361 7723 123
5361 7723 123
5361 7723 123
5361 7723 123
5361 7723 123
5361 7723 123
5361 7723 123
5361 7723 123
5361 7723 123
5361 7723 123
7738 6564 123
7738 6564 123
7738 6564 123
7738 6564 123
7738 6564 123
7738 6564 123
7738 6564 123
7738 6564 123
7738 6564 123
7738 6564 123
7738 6564 123
7738 6564 123
5358 5291 123
5358 5291 123
5358 5291 123
5358 5291 123
5358 5291 123
5358 5291 123
5358 5291 123
5358 5291 123
5358 5291 123
5358 5291 123
5358 5291 123
5358 5291 123
5358 5291 123
6414 5354 123
6414 5354 123
6414 5354 123
6414 5354 123
6414 5354 123
6414 5354 123
6414 5354 123
6414 5354 123
6414 5354 123
6414 5354 123
6414 5354 123
6414 5354 123
6585 7759 124
6585 7759 124
6585 7759 124
6585 7759 124
6585 7759 124
6585 7759 124
6585 7759 124
6585 7759 124
6585 7759 124
6585 7759 124
6585 7759 124
6585 7759 124
6582 8436 124
6582 8436 124
6582 8436 124
6582 8436 124
6582 8436 124
6582 8436 124
6582 8436 124
6582 8436 124
6582 8436 124
6582 8436 124
6582 8436 124
6582 8436 124
6582 8436 124
5259 5413 127
5259 5413 127
5259 5413 127
5259 5413 127
5259 5413 127
5259 5413 127
5259 5413 127
5259 5413 127
5259 5413 127
5259 5413 127
5259 5413 127
5259 5413 127
7748 6606 127
7748 6606 127
7748 6606 127
7748 6606 127
7748 6606 127
7748 6606 127
7748 6606 127
7748 6606 127
7748 6606 127
7748 6606 127
7748 6606 127
7748 6606 127
7869 7925 128
7869 7925 128
7869 7925 128
7869 7925 128
7869 7925 128
7869 7925 128
7869 7925 128
7869 7925 128
7869 7925 128
7869 7925 128
7869 7925 128
7869 7925 128
6093 5504 130
6093 5504 130
6093 5504 130
6093 5504 130
6093 5504 130
6093 5504 130
6093 5504 130
6093 5504 130
6093 5504 130
6093 5504 130
6093 5504 130
6093 5504 130
6093 5504 130
8462 6596 130
8462 6596 130
8462 6596 130
8462 6596 130
8462 6596 130
8462 6596 130
8462 6596 130
8462 6596 130
8462 6596 130
8462 6596 130
8462 6596 130
8462 6596 130
5359 8673 130
5359 8673 130
5359 8673 130
5359 8673 130
5359 8673 130
5359 8673 130
5359 8673 130
5359 8673 130
5359 8673 130
5359 8673 130
5359 8673 130
5359 8673 130
6570 7709 130
6570 7709 130
6570 7709 130
6570 7709 130
6570 7709 130
6570 7709 130
6570 7709 130
6570 7709 130
6570 7709 130
6570 7709 130
6570 7709 130
6570 7709 130
6570 7709 130
7784 7717 130
7784 7717 130
7784 7717 130
7784 7717 130
7784 7717 130
7784 7717 130
7784 7717 130
7784 7717 130
7784 7717 130
7784 7717 130
7784 7717 130
7784 7717 130
7784 7717 130
7685 6589 131
7685 6589 131
7685 6589 131
7685 6589 131
7685 6589 131
7685 6589 131
7685 6589 131
7685 6589 131
7685 6589 131
7685 6589 131
7685 6589 131
7685 6589 131
7685 6589 131
8763 8434 131
8763 8434 131
8763 8434 131
8763 8434 131
8763 8434 131
8763 8434 131
8763 8434 131
8763 8434 131
8763 8434 131
8763 8434 131
8763 8434 131
8763 8434 131
8763 8434 131
5446 5410 131
5446 5410 131
5446 5410 131
5446 5410 131
5446 5410 131
5446 5410 131
5446 5410 131
5446 5410 131
5446 5410 131
5446 5410 131
5446 5410 131
5446 5410 131
5446 5410 131
7742 7969 131
7742 7969 131
7742 7969 131
7742 7969 131
7742 7969 131
7742 7969 131
7742 7969 131
7742 7969 131
7742 7969 131
7742 7969 131
7742 7969 131
7742 7969 131
7742 7969 131
5460 5287 131
5460 5287 131
5460 5287 131
5460 5287 131
5460 5287 131
5460 5287 131
5460 5287 131
5460 5287 131
5460 5287 131
5460 5287 131
5460 5287 131
5460 5287 131
6043 5400 132
6043 5400 132
6043 5400 132
6043 5400 132
6043 5400 132
6043 5400 132
6043 5400 132
6043 5400 132
6043 5400 132
6043 5400 132
6043 5400 132
6043 5400 132
6043 5400 132
7803 5922 132
7803 5922 132
7803 5922 132
7803 5922 132
7803 5922 132
7803 5922 132
7803 5922 132
7803 5922 132
7803 5922 132
7803 5922 132
7803 5922 132
7803 5922 132
7803 5922 132
5417 9754 132
5417 9754 132
5417 9754 132
5417 9754 132
5417 9754 132
5417 9754 132
5417 9754 132
5417 9754 132
5417 9754 132
5417 9754 132
5417 9754 132
5417 9754 132
5417 9754 132
7632 7830 132
7632 7830 132
7632 7830 132
7632 7830 132
7632 7830 132
7632 7830 132
7632 7830 132
7632 7830 132
7632 7830 132
7632 7830 132
7632 7830 132
7632 7830 132
7935 8367 133
7935 8367 133
7935 8367 133
7935 8367 133
7935 8367 133
7935 8367 133
7935 8367 133
7935 8367 133
7935 8367 133
7935 8367 133
7935 8367 133
7935 8367 133
7935 8367 133
8763 5435 133
8763 5435 133
8763 5435 133
8763 5435 133
8763 5435 133
8763 5435 133
8763 5435 133
8763 5435 133
8763 5435 133
8763 5435 133
8763 5435 133
8763 5435 133
6450 7669 134
6450 7669 134
6450 7669 134
6450 7669 134
6450 7669 134
6450 7669 134
6450 7669 134
6450 7669 134
6450 7669 134
6450 7669 134
6450 7669 134
6450 7669 134
6450 7669 134
6595 8436 134
6595 8436 134
6595 8436 134
6595 8436 134
6595 8436 134
6595 8436 134
6595 8436 134
6595 8436 134
6595 8436 134
6595 8436 134
6595 8436 134
6595 8436 134
6595 8436 134
5990 6597 134
5990 6597 134
5990 6597 134
5990 6597 134
5990 6597 134
5990 6597 134
5990 6597 134
5990 6597 134
5990 6597 134
5990 6597 134
5990 6597 134
5990 6597 134
5990 6597 134
6565 5419 135
6565 5419 135
6565 5419 135
6565 5419 135
6565 5419 135
6565 5419 135
6565 5419 135
6565 5419 135
6565 5419 135
6565 5419 135
6565 5419 135
6565 5419 135
5267 9262 135
5267 9262 135
5267 9262 135
5267 9262 135
5267 9262 135
5267 9262 135
5267 9262 135
5267 9262 135
5267 9262 135
5267 9262 135
5267 9262 135
5267 9262 135
5267 9262 135
7709 6613 135
7709 6613 135
7709 6613 135
7709 6613 135
7709 6613 135
7709 6613 135
7709 6613 135
7709 6613 135
7709 6613 135
7709 6613 135
7709 6613 135
7709 6613 135
6541 6526 135
6541 6526 135
6541 6526 135
6541 6526 135
6541 6526 135
6541 6526 135
6541 6526 135
6541 6526 135
6541 6526 135
6541 6526 135
6541 6526 135
6541 6526 135
5717 5341 136
5717 5341 136
5717 5341 136
5717 5341 136
5717 5341 136
5717 5341 136
5717 5341 136
5717 5341 136
5717 5341 136
5717 5341 136
5717 5341 136
5717 5341 136
5717 5341 136
7715 5393 136
7715 5393 136
7715 5393 136
7715 5393 136
7715 5393 136
7715 5393 136
7715 5393 136
7715 5393 136
7715 5393 136
7715 5393 136
7715 5393 136
7715 5393 136
7715 5393 136
6327 7496 137
6327 7496 137
6327 7496 137
6327 7496 137
6327 7496 137
6327 7496 137
6327 7496 137
6327 7496 137
6327 7496 137
6327 7496 137
6327 7496 137
6327 7496 137
6327 6463 137
6327 6463 137
6327 6463 137
6327 6463 137
6327 6463 137
6327 6463 137
6327 6463 137
6327 6463 137
6327 6463 137
6327 6463 137
6327 6463 137
6327 6463 137
6327 6463 137
6452 6384 137
6452 6384 137
6452 6384 137
6452 6384 137
6452 6384 137
6452 6384 137
6452 6384 137
6452 6384 137
6452 6384 137
6452 6384 137
6452 6384 137
6452 6384 137
6452 6384 137
7462 6499 137
7462 6499 137
7462 6499 137
7462 6499 137
7462 6499 137
7462 6499 137
7462 6499 137
7462 6499 137
7462 6499 137
7462 6499 137
7462 6499 137
7462 6499 137
7462 6499 137
5284 5359 138
5284 5359 138
5284 5359 138
5284 5359 138
5284 5359 138
5284 5359 138
5284 5359 138
5284 5359 138
5284 5359 138
5284 5359 138
5284 5359 138
5284 5359 138
5284 5359 138
6494 7452 138
6494 7452 138
6494 7452 138
6494 7452 138
6494 7452 138
6494 7452 138
6494 7452 138
6494 7452 138
6494 7452 138
6494 7452 138
6494 7452 138
6494 7452 138
6409 6534 138
6409 6534 138
6409 6534 138
6409 6534 138
6409 6534 138
6409 6534 138
6409 6534 138
6409 6534 138
6409 6534 138
6409 6534 138
6409 6534 138
6409 6534 138
6409 6534 138
7724 6574 138
7724 6574 138
7724 6574 138
7724 6574 138
7724 6574 138
7724 6574 138
7724 6574 138
7724 6574 138
7724 6574 138
7724 6574 138
7724 6574 138
7724 6574 138
7724 6574 138
6381 5359 138
6381 5359 138
6381 5359 138
6381 5359 138
6381 5359 138
6381 5359 138
6381 5359 138
6381 5359 138
6381 5359 138
6381 5359 138
6381 5359 138
6381 5359 138
7708 5386 138
7708 5386 138
7708 5386 138
7708 5386 138
7708 5386 138
7708 5386 138
7708 5386 138
7708 5386 138
7708 5386 138
7708 5386 138
7708 5386 138
7708 5386 138
7742 7957 138
7742 7957 138
7742 7957 138
7742 7957 138
7742 7957 138
7742 7957 138
7742 7957 138
7742 7957 138
7742 7957 138
7742 7957 138
7742 7957 138
7742 7957 138
7742 7957 138
5318 5519 138
5318 5519 138
5318 5519 138
5318 5519 138
5318 5519 138
5318 5519 138
5318 5519 138
5318 5519 138
5318 5519 138
5318 5519 138
5318 5519 138
5318 5519 138
5318 5519 138
6610 7691 139
6610 7691 139
6610 7691 139
6610 7691 139
6610 7691 139
6610 7691 139
6610 7691 139
6610 7691 139
6610 7691 139
6610 7691 139
6610 7691 139
6610 7691 139
6610 7691 139
7919 7784 139
7919 7784 139
7919 7784 139
7919 7784 139
7919 7784 139
7919 7784 139
7919 7784 139
7919 7784 139
7919 7784 139
7919 7784 139
7919 7784 139
7919 7784 139
7919 7784 139
7759 6597 139
7759 6597 139
7759 6597 139
7759 6597 139
7759 6597 139
7759 6597 139
7759 6597 139
7759 6597 139
7759 6597 139
7759 6597 139
7759 6597 139
7759 6597 139
7759 6597 139
5259 5418 140
5259 5418 140
5259 5418 140
5259 5418 140
5259 5418 140
5259 5418 140
5259 5418 140
5259 5418 140
5259 5418 140
5259 5418 140
5259 5418 140
5259 5418 140
7719 7635 140
7719 7635 140
7719 7635 140
7719 7635 140
7719 7635 140
7719 7635 140
7719 7635 140
7719 7635 140
7719 7635 140
7719 7635 140
7719 7635 140
7719 7635 140
7719 7635 140
6306 6571 142
6306 6571 142
6306 6571 142
6306 6571 142
6306 6571 142
6306 6571 142
6306 6571 142
6306 6571 142
6306 6571 142
6306 6571 142
6306 6571 142
6306 6571 142
6306 6571 142
7863 7829 142
7863 7829 142
7863 7829 142
7863 7829 142
7863 7829 142
7863 7829 142
7863 7829 142
7863 7829 142
7863 7829 142
7863 7829 142
7863 7829 142
7863 7829 142
6519 7757 143
6519 7757 143
6519 7757 143
6519 7757 143
6519 7757 143
6519 7757 143
6519 7757 143
6519 7757 143
6519 7757 143
6519 7757 143
6519 7757 143
6519 7757 143
6519 7757 143
5528 5555 143
5528 5555 143
5528 5555 143
5528 5555 143
5528 5555 143
5528 5555 143
5528 5555 143
5528 5555 143
5528 5555 143
5528 5555 143
5528 5555 143
5528 5555 143
5528 5555 143
7904 7908 143
7904 7908 143
7904 7908 143
7904 7908 143
7904 7908 143
7904 7908 143
7904 7908 143
7904 7908 143
7904 7908 143
7904 7908 143
7904 7908 143
7904 7908 143
5507 8746 143
5507 8746 143
5507 8746 143
5507 8746 143
5507 8746 143
5507 8746 143
5507 8746 143
5507 8746 143
5507 8746 143
5507 8746 143
5507 8746 143
5507 8746 143
5507 8746 143
5370 5447 143
5370 5447 143
5370 5447 143
5370 5447 143
5370 5447 143
5370 5447 143
5370 5447 143
5370 5447 143
5370 5447 143
5370 5447 143
5370 5447 143
5370 5447 143
7760 6538 143
7760 6538 143
7760 6538 143
7760 6538 143
7760 6538 143
7760 6538 143
7760 6538 143
7760 6538 143
7760 6538 143
7760 6538 143
7760 6538 143
7760 6538 143
5270 5445 144
5270 5445 144
5270 5445 144
5270 5445 144
5270 5445 144
5270 5445 144
5270 5445 144
5270 5445 144
5270 5445 144
5270 5445 144
5270 5445 144
5270 5445 144
6593 7686 144
6593 7686 144
6593 7686 144
6593 7686 144
6593 7686 144
6593 7686 144
6593 7686 144
6593 7686 144
6593 7686 144
6593 7686 144
6593 7686 144
6593 7686 144
6603 5390 144
6603 5390 144
6603 5390 144
6603 5390 144
6603 5390 144
6603 5390 144
6603 5390 144
6603 5390 144
6603 5390 144
6603 5390 144
6603 5390 144
6603 5390 144
6603 5390 144
7907 6443 144
7907 6443 144
7907 6443 144
7907 6443 144
7907 6443 144
7907 6443 144
7907 6443 144
7907 6443 144
7907 6443 144
7907 6443 144
7907 6443 144
7907 6443 144
7907 6443 144
6542 6574 145
6542 6574 145
6542 6574 145
6542 6574 145
6542 6574 145
6542 6574 145
6542 6574 145
6542 6574 145
6542 6574 145
6542 6574 145
6542 6574 145
6542 6574 145
6542 6574 145
7495 6491 145
7495 6491 145
7495 6491 145
7495 6491 145
7495 6491 145
7495 6491 145
7495 6491 145
7495 6491 145
7495 6491 145
7495 6491 145
7495 6491 145
7495 6491 145
8434 6563 145
8434 6563 145
8434 6563 145
8434 6563 145
8434 6563 145
8434 6563 145
8434 6563 145
8434 6563 145
8434 6563 145
8434 6563 145
8434 6563 145
8434 6563 145
6561 8465 145
6561 8465 145
6561 8465 145
6561 8465 145
6561 8465 145
6561 8465 145
6561 8465 145
6561 8465 145
6561 8465 145
6561 8465 145
6561 8465 145
6561 8465 145
5553 6021 146
5553 6021 146
5553 6021 146
5553 6021 146
5553 6021 146
5553 6021 146
5553 6021 146
5553 6021 146
5553 6021 146
5553 6021 146
5553 6021 146
5553 6021 146
6388 6542 146
6388 6542 146
6388 6542 146
6388 6542 146
6388 6542 146
6388 6542 146
6388 6542 146
6388 6542 146
6388 6542 146
6388 6542 146
6388 6542 146
6388 6542 146
6388 6542 146
7724 9668 146
7724 9668 146
7724 9668 146
7724 9668 146
7724 9668 146
7724 9668 146
7724 9668 146
7724 9668 146
7724 9668 146
7724 9668 146
7724 9668 146
7724 9668 146
7724 9668 146
6560 8456 147
6560 8456 147
6560 8456 147
6560 8456 147
6560 8456 147
6560 8456 147
6560 8456 147
6560 8456 147
6560 8456 147
6560 8456 147
6560 8456 147
6560 8456 147
6560 8456 147
6569 6606 148
6569 6606 148
6569 6606 148
6569 6606 148
6569 6606 148
6569 6606 148
6569 6606 148
6569 6606 148
6569 6606 148
6569 6606 148
6569 6606 148
6569 6606 148
8446 5424 148
8446 5424 148
8446 5424 148
8446 5424 148
8446 5424 148
8446 5424 148
8446 5424 148
8446 5424 148
8446 5424 148
8446 5424 148
8446 5424 148
8446 5424 148
8434 8687 148
8434 8687 148
8434 8687 148
8434 8687 148
8434 8687 148
8434 8687 148
8434 8687 148
8434 8687 148
8434 8687 148
8434 8687 148
8434 8687 148
8434 8687 148
5395 8436 149
5395 8436 149
5395 8436 149
5395 8436 149
5395 8436 149
5395 8436 149
5395 8436 149
5395 8436 149
5395 8436 149
5395 8436 149
5395 8436 149
5395 8436 149
6387 6543 149
6387 6543 149
6387 6543 149
6387 6543 149
6387 6543 149
6387 6543 149
6387 6543 149
6387 6543 149
6387 6543 149
6387 6543 149
6387 6543 149
6387 6543 149
6387 6543 149
6604 8437 149
6604 8437 149
6604 8437 149
6604 8437 149
6604 8437 149
6604 8437 149
6604 8437 149
6604 8437 149
6604 8437 149
6604 8437 149
6604 8437 149
6604 8437 149
6604 8437 149
8807 9240 149
8807 9240 149
8807 9240 149
8807 9240 149
8807 9240 149
8807 9240 149
8807 9240 149
8807 9240 149
8807 9240 149
8807 9240 149
8807 9240 149
8807 9240 149
7751 7687 149
7751 7687 149
7751 7687 149
7751 7687 149
7751 7687 149
7751 7687 149
7751 7687 149
7751 7687 149
7751 7687 149
7751 7687 149
7751 7687 149
7751 7687 149
7751 7687 149
6442 7911 149
6442 7911 149
6442 7911 149
6442 7911 149
6442 7911 149
6442 7911 149
6442 7911 149
6442 7911 149
6442 7911 149
6442 7911 149
6442 7911 149
6442 7911 149
6442 7911 149
5364 6590 149
5364 6590 149
5364 6590 149
5364 6590 149
5364 6590 149
5364 6590 149
5364 6590 149
5364 6590 149
5364 6590 149
5364 6590 149
5364 6590 149
5364 6590 149
7785 9533 150
7785 9533 150
7785 9533 150
7785 9533 150
7785 9533 150
7785 9533 150
7785 9533 150
7785 9533 150
7785 9533 150
7785 9533 150
7785 9533 150
7785 9533 150
7914 7709 150
7914 7709 150
7914 7709 150
7914 7709 150
7914 7709 150
7914 7709 150
7914 7709 150
7914 7709 150
7914 7709 150
7914 7709 150
7914 7709 150
7914 7709 150
7723 6380 150
7723 6380 150
7723 6380 150
7723 6380 150
7723 6380 150
7723 6380 150
7723 6380 150
7723 6380 150
7723 6380 150
7723 6380 150
7723 6380 150
7723 6380 150
7723 6380 150
5390 6380 151
5390 6380 151
5390 6380 151
5390 6380 151
5390 6380 151
5390 6380 151
5390 6380 151
5390 6380 151
5390 6380 151
5390 6380 151
5390 6380 151
5390 6380 151
5390 6380 151
8447 6542 151
8447 6542 151
8447 6542 151
8447 6542 151
8447 6542 151
8447 6542 151
8447 6542 151
8447 6542 151
8447 6542 151
8447 6542 151
8447 6542 151
8447 6542 151
6020 8436 151
6020 8436 151
6020 8436 151
6020 8436 151
6020 8436 151
6020 8436 151
6020 8436 151
6020 8436 151
6020 8436 151
6020 8436 151
6020 8436 151
6020 8436 151
6606 6407 151
6606 6407 151
6606 6407 151
6606 6407 151
6606 6407 151
6606 6407 151
6606 6407 151
6606 6407 151
6606 6407 151
6606 6407 151
6606 6407 151
6606 6407 151
5413 5461 152
5413 5461 152
5413 5461 152
5413 5461 152
5413 5461 152
5413 5461 152
5413 5461 152
5413 5461 152
5413 5461 152
5413 5461 152
5413 5461 152
5413 5461 152
5390 6597 152
5390 6597 152
5390 6597 152
5390 6597 152
5390 6597 152
5390 6597 152
5390 6597 152
5390 6597 152
5390 6597 152
5390 6597 152
5390 6597 152
5390 6597 152
6498 6452 152
6498 6452 152
6498 6452 152
6498 6452 152
6498 6452 152
6498 6452 152
6498 6452 152
6498 6452 152
6498 6452 152
6498 6452 152
6498 6452 152
6498 6452 152
6498 6452 152
5358 5420 152
5358 5420 152
5358 5420 152
5358 5420 152
5358 5420 152
5358 5420 152
5358 5420 152
5358 5420 152
5358 5420 152
5358 5420 152
5358 5420 152
5358 5420 152
7759 7745 153
7759 7745 153
7759 7745 153
7759 7745 153
7759 7745 153
7759 7745 153
7759 7745 153
7759 7745 153
7759 7745 153
7759 7745 153
7759 7745 153
7759 7745 153
5390 6405 154
5390 6405 154
5390 6405 154
5390 6405 154
5390 6405 154
5390 6405 154
5390 6405 154
5390 6405 154
5390 6405 154
5390 6405 154
5390 6405 154
5390 6405 154
7852 7833 154
7852 7833 154
7852 7833 154
7852 7833 154
7852 7833 154
7852 7833 154
7852 7833 154
7852 7833 154
7852 7833 154
7852 7833 154
7852 7833 154
7852 7833 154
7852 7833 154
6524 8437 154
6524 8437 154
6524 8437 154
6524 8437 154
6524 8437 154
6524 8437 154
6524 8437 154
6524 8437 154
6524 8437 154
6524 8437 154
6524 8437 154
6524 8437 154
6524 8437 154
9158 5308 155
9158 5308 155
9158 5308 155
9158 5308 155
9158 5308 155
9158 5308 155
9158 5308 155
9158 5308 155
9158 5308 155
9158 5308 155
9158 5308 155
9158 5308 155
6563 6594 155
6563 6594 155
6563 6594 155
6563 6594 155
6563 6594 155
6563 6594 155
6563 6594 155
6563 6594 155
6563 6594 155
6563 6594 155
6563 6594 155
6563 6594 155
6350 9615 155
6350 9615 155
6350 9615 155
6350 9615 155
6350 9615 155
6350 9615 155
6350 9615 155
6350 9615 155
6350 9615 155
6350 9615 155
6350 9615 155
6350 9615 155
6350 9615 155
8755 5468 156
8755 5468 156
8755 5468 156
8755 5468 156
8755 5468 156
8755 5468 156
8755 5468 156
8755 5468 156
8755 5468 156
8755 5468 156
8755 5468 156
8755 5468 156
8755 5468 156
5243 5544 157
5243 5544 157
5243 5544 157
5243 5544 157
5243 5544 157
5243 5544 157
5243 5544 157
5243 5544 157
5243 5544 157
5243 5544 157
5243 5544 157
5243 5544 157
5243 5544 157
5291 5284 158
5291 5284 158
5291 5284 158
5291 5284 158
5291 5284 158
5291 5284 158
5291 5284 158
5291 5284 158
5291 5284 158
5291 5284 158
5291 5284 158
5291 5284 158
7684 6309 158
7684 6309 158
7684 6309 158
7684 6309 158
7684 6309 158
7684 6309 158
7684 6309 158
7684 6309 158
7684 6309 158
7684 6309 158
7684 6309 158
7684 6309 158
7684 6309 158
7739 6573 159
7739 6573 159
7739 6573 159
7739 6573 159
7739 6573 159
7739 6573 159
7739 6573 159
7739 6573 159
7739 6573 159
7739 6573 159
7739 6573 159
7739 6573 159
6515 6606 159
6515 6606 159
6515 6606 159
6515 6606 159
6515 6606 159
6515 6606 159
6515 6606 159
6515 6606 159
6515 6606 159
6515 6606 159
6515 6606 159
6515 6606 159
6515 6606 159
8451 6544 159
8451 6544 159
8451 6544 159
8451 6544 159
8451 6544 159
8451 6544 159
8451 6544 159
8451 6544 159
8451 6544 159
8451 6544 159
8451 6544 159
8451 6544 159
8451 6544 159
5271 5371 161
5271 5371 161
5271 5371 161
5271 5371 161
5271 5371 161
5271 5371 161
5271 5371 161
5271 5371 161
5271 5371 161
5271 5371 161
5271 5371 161
5271 5371 161
5271 5371 161
7718 6591 161
7718 6591 161
7718 6591 161
7718 6591 161
7718 6591 161
7718 6591 161
7718 6591 161
7718 6591 161
7718 6591 161
7718 6591 161
7718 6591 161
7718 6591 161
8456 7691 162
8456 7691 162
8456 7691 162
8456 7691 162
8456 7691 162
8456 7691 162
8456 7691 162
8456 7691 162
8456 7691 162
8456 7691 162
8456 7691 162
8456 7691 162
5318 5346 162
5318 5346 162
5318 5346 162
5318 5346 162
5318 5346 162
5318 5346 162
5318 5346 162
5318 5346 162
5318 5346 162
5318 5346 162
5318 5346 162
5318 5346 162
7886 7922 162
7886 7922 162
7886 7922 162
7886 7922 162
7886 7922 162
7886 7922 162
7886 7922 162
7886 7922 162
7886 7922 162
7886 7922 162
7886 7922 162
7886 7922 162
7886 7922 162
6589 5396 163
6589 5396 163
6589 5396 163
6589 5396 163
6589 5396 163
6589 5396 163
6589 5396 163
6589 5396 163
6589 5396 163
6589 5396 163
6589 5396 163
6589 5396 163
6589 5396 163
6486 7699 163
6486 7699 163
6486 7699 163
6486 7699 163
6486 7699 163
6486 7699 163
6486 7699 163
6486 7699 163
6486 7699 163
6486 7699 163
6486 7699 163
6486 7699 163
6580 7705 164
6580 7705 164
6580 7705 164
6580 7705 164
6580 7705 164
6580 7705 164
6580 7705 164
6580 7705 164
6580 7705 164
6580 7705 164
6580 7705 164
6580 7705 164
6380 6375 164
6380 6375 164
6380 6375 164
6380 6375 164
6380 6375 164
6380 6375 164
6380 6375 164
6380 6375 164
6380 6375 164
6380 6375 164
6380 6375 164
6380 6375 164
6380 6375 164
5519 5575 165
5519 5575 165
5519 5575 165
5519 5575 165
5519 5575 165
5519 5575 165
5519 5575 165
5519 5575 165
5519 5575 165
5519 5575 165
5519 5575 165
5519 5575 165
5519 5575 165
5291 9267 165
5291 9267 165
5291 9267 165
5291 9267 165
5291 9267 165
5291 9267 165
5291 9267 165
5291 9267 165
5291 9267 165
5291 9267 165
5291 9267 165
5291 9267 165
6583 8436 167
6583 8436 167
6583 8436 167
6583 8436 167
6583 8436 167
6583 8436 167
6583 8436 167
6583 8436 167
6583 8436 167
6583 8436 167
6583 8436 167
6583 8436 167
8462 5259 167
8462 5259 167
8462 5259 167
8462 5259 167
8462 5259 167
8462 5259 167
8462 5259 167
8462 5259 167
8462 5259 167
8462 5259 167
8462 5259 167
8462 5259 167
8462 5259 167
6506 6452 167
6506 6452 167
6506 6452 167
6506 6452 167
6506 6452 167
6506 6452 167
6506 6452 167
6506 6452 167
6506 6452 167
6506 6452 167
6506 6452 167
6506 6452 167
6506 6452 167
5313 8783 168
5313 8783 168
5313 8783 168
5313 8783 168
5313 8783 168
5313 8783 168
5313 8783 168
5313 8783 168
5313 8783 168
5313 8783 168
5313 8783 168
5313 8783 168
5313 8783 168
8431 8456 168
8431 8456 168
8431 8456 168
8431 8456 168
8431 8456 168
8431 8456 168
8431 8456 168
8431 8456 168
8431 8456 168
8431 8456 168
8431 8456 168
8431 8456 168
6529 7723 170
6529 7723 170
6529 7723 170
6529 7723 170
6529 7723 170
6529 7723 170
6529 7723 170
6529 7723 170
6529 7723 170
6529 7723 170
6529 7723 170
6529 7723 170
6529 7723 170
5301 5550 171
5301 5550 171
5301 5550 171
5301 5550 171
5301 5550 171
5301 5550 171
5301 5550 171
5301 5550 171
5301 5550 171
5301 5550 171
5301 5550 171
5301 5550 171
5485 6107 171
5485 6107 171
5485 6107 171
5485 6107 171
5485 6107 171
5485 6107 171
5485 6107 171
5485 6107 171
5485 6107 171
5485 6107 171
5485 6107 171
5485 6107 171
5485 6107 171
6572 6359 171
6572 6359 171
6572 6359 171
6572 6359 171
6572 6359 171
6572 6359 171
6572 6359 171
6572 6359 171
6572 6359 171
6572 6359 171
6572 6359 171
6572 6359 171
5242 6548 171
5242 6548 171
5242 6548 171
5242 6548 171
5242 6548 171
5242 6548 171
5242 6548 171
5242 6548 171
5242 6548 171
5242 6548 171
5242 6548 171
5242 6548 171
7683 7737 171
7683 7737 171
7683 7737 171
7683 7737 171
7683 7737 171
7683 7737 171
7683 7737 171
7683 7737 171
7683 7737 171
7683 7737 171
7683 7737 171
7683 7737 171
8755 5343 172
8755 5343 172
8755 5343 172
8755 5343 172
8755 5343 172
8755 5343 172
8755 5343 172
8755 5343 172
8755 5343 172
8755 5343 172
8755 5343 172
8755 5343 172
5390 8475 174
5390 8475 174
5390 8475 174
5390 8475 174
5390 8475 174
5390 8475 174
5390 8475 174
5390 8475 174
5390 8475 174
5390 8475 174
5390 8475 174
5390 8475 174
5390 8475 174
5407 5259 175
5407 5259 175
5407 5259 175
5407 5259 175
5407 5259 175
5407 5259 175
5407 5259 175
5407 5259 175
5407 5259 175
5407 5259 175
5407 5259 175
5407 5259 175
5407 5259 175
8459 6039 176
8459 6039 176
8459 6039 176
8459 6039 176
8459 6039 176
8459 6039 176
8459 6039 176
8459 6039 176
8459 6039 176
8459 6039 176
8459 6039 176
8459 6039 176
8459 6039 176
5355 8664 179
5355 8664 179
5355 8664 179
5355 8664 179
5355 8664 179
5355 8664 179
5355 8664 179
5355 8664 179
5355 8664 179
5355 8664 179
5355 8664 179
5355 8664 179
5355 8664 179
6527 6494 179
6527 6494 179
6527 6494 179
6527 6494 179
6527 6494 179
6527 6494 179
6527 6494 179
6527 6494 179
6527 6494 179
6527 6494 179
6527 6494 179
6527 6494 179
6527 6494 179
6589 6554 180
6589 6554 180
6589 6554 180
6589 6554 180
6589 6554 180
6589 6554 180
6589 6554 180
6589 6554 180
6589 6554 180
6589 6554 180
6589 6554 180
6589 6554 180
6560 8452 181
6560 8452 181
6560 8452 181
6560 8452 181
6560 8452 181
6560 8452 181
6560 8452 181
6560 8452 181
6560 8452 181
6560 8452 181
6560 8452 181
6560 8452 181
6560 8452 181
6494 6330 181
6494 6330 181
6494 6330 181
6494 6330 181
6494 6330 181
6494 6330 181
6494 6330 181
6494 6330 181
6494 6330 181
6494 6330 181
6494 6330 181
6494 6330 181
6494 6330 181
6500 6457 182
6500 6457 182
6500 6457 182
6500 6457 182
6500 6457 182
6500 6457 182
6500 6457 182
6500 6457 182
6500 6457 182
6500 6457 182
6500 6457 182
6500 6457 182
6500 6457 182
7949 6063 183
7949 6063 183
7949 6063 183
7949 6063 183
7949 6063 183
7949 6063 183
7949 6063 183
7949 6063 183
7949 6063 183
7949 6063 183
7949 6063 183
7949 6063 183
7949 6063 183
7925 7872 189
7925 7872 189
7925 7872 189
7925 7872 189
7925 7872 189
7925 7872 189
7925 7872 189
7925 7872 189
7925 7872 189
7925 7872 189
7925 7872 189
7925 7872 189
7925 7872 189
6544 8437 192
6544 8437 192
6544 8437 192
6544 8437 192
6544 8437 192
6544 8437 192
6544 8437 192
6544 8437 192
6544 8437 192
6544 8437 192
6544 8437 192
6544 8437 192
6544 8437 192
5251 6009 193
5251 6009 193
5251 6009 193
5251 6009 193
5251 6009 193
5251 6009 193
5251 6009 193
5251 6009 193
5251 6009 193
5251 6009 193
5251 6009 193
5251 6009 193
5251 6009 193
5290 5359 204
5290 5359 204
5290 5359 204
5290 5359 204
5290 5359 204
5290 5359 204
5290 5359 204
5290 5359 204
5290 5359 204
5290 5359 204
5290 5359 204
5290 5359 204
5290 5359 204
7934 7834 208
7934 7834 208
7934 7834 208
7934 7834 208
7934 7834 208
7934 7834 208
7934 7834 208
7934 7834 208
7934 7834 208
7934 7834 208
7934 7834 208
7934 7834 208
8707 5278 210
8707 5278 210
8707 5278 210
8707 5278 210
8707 5278 210
8707 5278 210
8707 5278 210
8707 5278 210
8707 5278 210
8707 5278 210
8707 5278 210
8707 5278 210
8707 5278 210
5245 9529 211
5245 9529 211
5245 9529 211
5245 9529 211
5245 9529 211
5245 9529 211
5245 9529 211
5245 9529 211
5245 9529 211
5245 9529 211
5245 9529 211
5245 9529 211
6533 6604 222
6533 6604 222
6533 6604 222
6533 6604 222
6533 6604 222
6533 6604 222
6533 6604 222
6533 6604 222
6533 6604 222
6533 6604 222
6533 6604 222
6533 6604 222
6533 6604 222
6544 7697 222
6544 7697 222
6544 7697 222
6544 7697 222
6544 7697 222
6544 7697 222
6544 7697 222
6544 7697 222
6544 7697 222
6544 7697 222
6544 7697 222
6544 7697 222
6544 7697 222
7898 7870 223
7898 7870 223
7898 7870 223
7898 7870 223
7898 7870 223
7898 7870 223
7898 7870 223
7898 7870 223
7898 7870 223
7898 7870 223
7898 7870 223
7898 7870 223
6419 9145 224
6419 9145 224
6419 9145 224
6419 9145 224
6419 9145 224
6419 9145 224
6419 9145 224
6419 9145 224
6419 9145 224
6419 9145 224
6419 9145 224
6419 9145 224
5358 5310 224
5358 5310 224
5358 5310 224
5358 5310 224
5358 5310 224
5358 5310 224
5358 5310 224
5358 5310 224
5358 5310 224
5358 5310 224
5358 5310 224
5358 5310 224
7812 7744 226
7812 7744 226
7812 7744 226
7812 7744 226
7812 7744 226
7812 7744 226
7812 7744 226
7812 7744 226
7812 7744 226
7812 7744 226
7812 7744 226
7812 7744 226
6537 6359 227
6537 6359 227
6537 6359 227
6537 6359 227
6537 6359 227
6537 6359 227
6537 6359 227
6537 6359 227
6537 6359 227
6537 6359 227
6537 6359 227
6537 6359 227
6380 8673 227
6380 8673 227
6380 8673 227
6380 8673 227
6380 8673 227
6380 8673 227
6380 8673 227
6380 8673 227
6380 8673 227
6380 8673 227
6380 8673 227
6380 8673 227
5575 5448 228
5575 5448 228
5575 5448 228
5575 5448 228
5575 5448 228
5575 5448 228
5575 5448 228
5575 5448 228
5575 5448 228
5575 5448 228
5575 5448 228
5575 5448 228
8440 7768 229
8440 7768 229
8440 7768 229
8440 7768 229
8440 7768 229
8440 7768 229
8440 7768 229
8440 7768 229
8440 7768 229
8440 7768 229
8440 7768 229
8440 7768 229
7724 6577 229
7724 6577 229
7724 6577 229
7724 6577 229
7724 6577 229
7724 6577 229
7724 6577 229
7724 6577 229
7724 6577 229
7724 6577 229
7724 6577 229
7724 6577 229
7724 6577 229
7711 6585 229
7711 6585 229
7711 6585 229
7711 6585 229
7711 6585 229
7711 6585 229
7711 6585 229
7711 6585 229
7711 6585 229
7711 6585 229
7711 6585 229
7711 6585 229
7711 6585 229
7758 8466 230
7758 8466 230
7758 8466 230
7758 8466 230
7758 8466 230
7758 8466 230
7758 8466 230
7758 8466 230
7758 8466 230
7758 8466 230
7758 8466 230
7758 8466 230
5483 5575 230
5483 5575 230
5483 5575 230
5483 5575 230
5483 5575 230
5483 5575 230
5483 5575 230
5483 5575 230
5483 5575 230
5483 5575 230
5483 5575 230
5483 5575 230
8371 7859 230
8371 7859 230
8371 7859 230
8371 7859 230
8371 7859 230
8371 7859 230
8371 7859 230
8371 7859 230
8371 7859 230
8371 7859 230
8371 7859 230
8371 7859 230
8371 7859 230
7909 6443 230
7909 6443 230
7909 6443 230
7909 6443 230
7909 6443 230
7909 6443 230
7909 6443 230
7909 6443 230
7909 6443 230
7909 6443 230
7909 6443 230
7909 6443 230
7909 6443 230
8455 6555 231
8455 6555 231
8455 6555 231
8455 6555 231
8455 6555 231
8455 6555 231
8455 6555 231
8455 6555 231
8455 6555 231
8455 6555 231
8455 6555 231
8455 6555 231
8455 6555 231
5280 5552 233
5280 5552 233
5280 5552 233
5280 5552 233
5280 5552 233
5280 5552 233
5280 5552 233
5280 5552 233
5280 5552 233
5280 5552 233
5280 5552 233
5280 5552 233
5280 5552 233
6438 7778 234
6438 7778 234
6438 7778 234
6438 7778 234
6438 7778 234
6438 7778 234
6438 7778 234
6438 7778 234
6438 7778 234
6438 7778 234
6438 7778 234
6438 7778 234
6438 7778 234
6581 6522 234
6581 6522 234
6581 6522 234
6581 6522 234
6581 6522 234
6581 6522 234
6581 6522 234
6581 6522 234
6581 6522 234
6581 6522 234
6581 6522 234
6581 6522 234
6581 6522 234
8459 6546 234
8459 6546 234
8459 6546 234
8459 6546 234
8459 6546 234
8459 6546 234
8459 6546 234
8459 6546 234
8459 6546 234
8459 6546 234
8459 6546 234
8459 6546 234
8459 6546 234
6570 7709 234
6570 7709 234
6570 7709 234
6570 7709 234
6570 7709 234
6570 7709 234
6570 7709 234
6570 7709 234
6570 7709 234
6570 7709 234
6570 7709 234
6570 7709 234
6570 7709 234
5375 6602 235
5375 6602 235
5375 6602 235
5375 6602 235
5375 6602 235
5375 6602 235
5375 6602 235
5375 6602 235
5375 6602 235
5375 6602 235
5375 6602 235
5375 6602 235
5375 6602 235
6532 7677 235
6532 7677 235
6532 7677 235
6532 7677 235
6532 7677 235
6532 7677 235
6532 7677 235
6532 7677 235
6532 7677 235
6532 7677 235
6532 7677 235
6532 7677 235
6532 7677 235
6543 8449 236
6543 8449 236
6543 8449 236
6543 8449 236
6543 8449 236
6543 8449 236
6543 8449 236
6543 8449 236
6543 8449 236
6543 8449 236
6543 8449 236
6543 8449 236
6543 8449 236
6305 6602 237
6305 6602 237
6305 6602 237
6305 6602 237
6305 6602 237
6305 6602 237
6305 6602 237
6305 6602 237
6305 6602 237
6305 6602 237
6305 6602 237
6305 6602 237
6305 6602 237
6013 5556 237
6013 5556 237
6013 5556 237
6013 5556 237
6013 5556 237
6013 5556 237
6013 5556 237
6013 5556 237
6013 5556 237
6013 5556 237
6013 5556 237
6013 5556 237
7819 7693 238
7819 7693 238
7819 7693 238
7819 7693 238
7819 7693 238
7819 7693 238
7819 7693 238
7819 7693 238
7819 7693 238
7819 7693 238
7819 7693 238
7819 7693 238
5361 8453 238
5361 8453 238
5361 8453 238
5361 8453 238
5361 8453 238
5361 8453 238
5361 8453 238
5361 8453 238
5361 8453 238
5361 8453 238
5361 8453 238
5361 8453 238
5259 8461 238
5259 8461 238
5259 8461 238
5259 8461 238
5259 8461 238
5259 8461 238
5259 8461 238
5259 8461 238
5259 8461 238
5259 8461 238
5259 8461 238
5259 8461 238
6531 6602 239
6531 6602 239
6531 6602 239
6531 6602 239
6531 6602 239
6531 6602 239
6531 6602 239
6531 6602 239
6531 6602 239
6531 6602 239
6531 6602 239
6531 6602 239
5532 5269 239
5532 5269 239
5532 5269 239
5532 5269 239
5532 5269 239
5532 5269 239
5532 5269 239
5532 5269 239
5532 5269 239
5532 5269 239
5532 5269 239
5532 5269 239
5532 5269 239
7894 7632 239
7894 7632 239
7894 7632 239
7894 7632 239
7894 7632 239
7894 7632 239
7894 7632 239
7894 7632 239
7894 7632 239
7894 7632 239
7894 7632 239
7894 7632 239
7894 7632 239
8436 5279 239
8436 5279 239
8436 5279 239
8436 5279 239
8436 5279 239
8436 5279 239
8436 5279 239
8436 5279 239
8436 5279 239
8436 5279 239
8436 5279 239
8436 5279 239
7843 7687 239
7843 7687 239
7843 7687 239
7843 7687 239
7843 7687 239
7843 7687 239
7843 7687 239
7843 7687 239
7843 7687 239
7843 7687 239
7843 7687 239
7843 7687 239
7843 7687 239
7987 7778 241
7987 7778 241
7987 7778 241
7987 7778 241
7987 7778 241
7987 7778 241
7987 7778 241
7987 7778 241
7987 7778 241
7987 7778 241
7987 7778 241
7987 7778 241
7987 7732 241
7987 7732 241
7987 7732 241
7987 7732 241
7987 7732 241
7987 7732 241
7987 7732 241
7987 7732 241
7987 7732 241
7987 7732 241
7987 7732 241
7987 7732 241
7987 7732 241
7944 7749 241
7944 7749 241
7944 7749 241
7944 7749 241
7944 7749 241
7944 7749 241
7944 7749 241
7944 7749 241
7944 7749 241
7944 7749 241
7944 7749 241
7944 7749 241
7944 7749 241
7967 7755 241
7967 7755 241
7967 7755 241
7967 7755 241
7967 7755 241
7967 7755 241
7967 7755 241
7967 7755 241
7967 7755 241
7967 7755 241
7967 7755 241
7967 7755 241
7967 7755 241
7723 6580 242
7723 6580 242
7723 6580 242
7723 6580 242
7723 6580 242
7723 6580 242
7723 6580 242
7723 6580 242
7723 6580 242
7723 6580 242
7723 6580 242
7723 6580 242
6378 7687 243
6378 7687 243
6378 7687 243
6378 7687 243
6378 7687 243
6378 7687 243
6378 7687 243
6378 7687 243
6378 7687 243
6378 7687 243
6378 7687 243
6378 7687 243
7711 6582 243
7711 6582 243
7711 6582 243
7711 6582 243
7711 6582 243
7711 6582 243
7711 6582 243
7711 6582 243
7711 6582 243
7711 6582 243
7711 6582 243
7711 6582 243
6034 8452 243
6034 8452 243
6034 8452 243
6034 8452 243
6034 8452 243
6034 8452 243
6034 8452 243
6034 8452 243
6034 8452 243
6034 8452 243
6034 8452 243
6034 8452 243
6034 8452 243
7697 7825 243
7697 7825 243
7697 7825 243
7697 7825 243
7697 7825 243
7697 7825 243
7697 7825 243
7697 7825 243
7697 7825 243
7697 7825 243
7697 7825 243
7697 7825 243
7697 7825 243
8752 5405 244
8752 5405 244
8752 5405 244
8752 5405 244
8752 5405 244
8752 5405 244
8752 5405 244
8752 5405 244
8752 5405 244
8752 5405 244
8752 5405 244
8752 5405 244
7846 7826 244
7846 7826 244
7846 7826 244
7846 7826 244
7846 7826 244
7846 7826 244
7846 7826 244
7846 7826 244
7846 7826 244
7846 7826 244
7846 7826 244
7846 7826 244
7846 7826 244
6533 7698 244
6533 7698 244
6533 7698 244
6533 7698 244
6533 7698 244
6533 7698 244
6533 7698 244
6533 7698 244
6533 7698 244
6533 7698 244
6533 7698 244
6533 7698 244
6533 7698 244
6479 7481 244
6479 7481 244
6479 7481 244
6479 7481 244
6479 7481 244
6479 7481 244
6479 7481 244
6479 7481 244
6479 7481 244
6479 7481 244
6479 7481 244
6479 7481 244
6479 7481 244
6510 7698 244
6510 7698 244
6510 7698 244
6510 7698 244
6510 7698 244
6510 7698 244
6510 7698 244
6510 7698 244
6510 7698 244
6510 7698 244
6510 7698 244
6510 7698 244
5356 8445 245
5356 8445 245
5356 8445 245
5356 8445 245
5356 8445 245
5356 8445 245
5356 8445 245
5356 8445 245
5356 8445 245
5356 8445 245
5356 8445 245
5356 8445 245
5356 8445 245
7881 7735 245
7881 7735 245
7881 7735 245
7881 7735 245
7881 7735 245
7881 7735 245
7881 7735 245
7881 7735 245
7881 7735 245
7881 7735 245
7881 7735 245
7881 7735 245
7452 6461 246
7452 6461 246
7452 6461 246
7452 6461 246
7452 6461 246
7452 6461 246
7452 6461 246
7452 6461 246
7452 6461 246
7452 6461 246
7452 6461 246
7452 6461 246
5445 5547 246
5445 5547 246
5445 5547 246
5445 5547 246
5445 5547 246
5445 5547 246
5445 5547 246
5445 5547 246
5445 5547 246
5445 5547 246
5445 5547 246
5445 5547 246
5445 5547 246
5395 6568 247
5395 6568 247
5395 6568 247
5395 6568 247
5395 6568 247
5395 6568 247
5395 6568 247
5395 6568 247
5395 6568 247
5395 6568 247
5395 6568 247
5395 6568 247
5395 6568 247
5260 8707 247
5260 8707 247
5260 8707 247
5260 8707 247
5260 8707 247
5260 8707 247
5260 8707 247
5260 8707 247
5260 8707 247
5260 8707 247
5260 8707 247
5260 8707 247
7934 7881 248
7934 7881 248
7934 7881 248
7934 7881 248
7934 7881 248
7934 7881 248
7934 7881 248
7934 7881 248
7934 7881 248
7934 7881 248
7934 7881 248
7934 7881 248
7934 7881 248
5394 7718 248
5394 7718 248
5394 7718 248
5394 7718 248
5394 7718 248
5394 7718 248
5394 7718 248
5394 7718 248
5394 7718 248
5394 7718 248
5394 7718 248
5394 7718 248
8449 6535 248
8449 6535 248
8449 6535 248
8449 6535 248
8449 6535 248
8449 6535 248
8449 6535 248
8449 6535 248
8449 6535 248
8449 6535 248
8449 6535 248
8449 6535 248
8449 6535 248
7923 7732 249
7923 7732 249
7923 7732 249
7923 7732 249
7923 7732 249
7923 7732 249
7923 7732 249
7923 7732 249
7923 7732 249
7923 7732 249
7923 7732 249
7923 7732 249
5259 5310 249
5259 5310 249
5259 5310 249
5259 5310 249
5259 5310 249
5259 5310 249
5259 5310 249
5259 5310 249
5259 5310 249
5259 5310 249
5259 5310 249
5259 5310 249
6577 7746 249
6577 7746 249
6577 7746 249
6577 7746 249
6577 7746 249
6577 7746 249
6577 7746 249
6577 7746 249
6577 7746 249
6577 7746 249
6577 7746 249
6577 7746 249
6577 7746 249
5433 7766 249
5433 7766 249
5433 7766 249
5433 7766 249
5433 7766 249
5433 7766 249
5433 7766 249
5433 7766 249
5433 7766 249
5433 7766 249
5433 7766 249
5433 7766 249
5433 7766 249
6508 7831 249
6508 7831 249
6508 7831 249
6508 7831 249
6508 7831 249
6508 7831 249
6508 7831 249
6508 7831 249
6508 7831 249
6508 7831 249
6508 7831 249
6508 7831 249
5362 5445 249
5362 5445 249
5362 5445 249
5362 5445 249
5362 5445 249
5362 5445 249
5362 5445 249
5362 5445 249
5362 5445 249
5362 5445 249
5362 5445 249
5362 5445 249
9147 5301 250
9147 5301 250
9147 5301 250
9147 5301 250
9147 5301 250
9147 5301 250
9147 5301 250
9147 5301 250
9147 5301 250
9147 5301 250
9147 5301 250
9147 5301 250
5418 6545 250
5418 6545 250
5418 6545 250
5418 6545 250
5418 6545 250
5418 6545 250
5418 6545 250
5418 6545 250
5418 6545 250
5418 6545 250
5418 6545 250
5418 6545 250
7787 8470 250
7787 8470 250
7787 8470 250
7787 8470 250
7787 8470 250
7787 8470 250
7787 8470 250
7787 8470 250
7787 8470 250
7787 8470 250
7787 8470 250
7787 8470 250
7811 7745 250
7811 7745 250
7811 7745 250
7811 7745 250
7811 7745 250
7811 7745 250
7811 7745 250
7811 7745 250
7811 7745 250
7811 7745 250
7811 7745 250
7811 7745 250
7811 7745 250
7873 7865 250
7873 7865 250
7873 7865 250
7873 7865 250
7873 7865 250
7873 7865 250
7873 7865 250
7873 7865 250
7873 7865 250
7873 7865 250
7873 7865 250
7873 7865 250
5502 5522 250
5502 5522 250
5502 5522 250
5502 5522 250
5502 5522 250
5502 5522 250
5502 5522 250
5502 5522 250
5502 5522 250
5502 5522 250
5502 5522 250
5502 5522 250
5502 5522 250
8459 5387 250
8459 5387 250
8459 5387 250
8459 5387 250
8459 5387 250
8459 5387 250
8459 5387 250
8459 5387 250
8459 5387 250
8459 5387 250
8459 5387 250
8459 5387 250
8459 5387 250
8367 6436 251
8367 6436 251
8367 6436 251
8367 6436 251
8367 6436 251
8367 6436 251
8367 6436 251
8367 6436 251
8367 6436 251
8367 6436 251
8367 6436 251
8367 6436 251
7863 7500 252
7863 7500 252
7863 7500 252
7863 7500 252
7863 7500 252
7863 7500 252
7863 7500 252
7863 7500 252
7863 7500 252
7863 7500 252
7863 7500 252
7863 7500 252
7863 7500 252
6543 8684 252
6543 8684 252
6543 8684 252
6543 8684 252
6543 8684 252
6543 8684 252
6543 8684 252
6543 8684 252
6543 8684 252
6543 8684 252
6543 8684 252
6543 8684 252
6543 8684 252
5358 6592 252
5358 6592 252
5358 6592 252
5358 6592 252
5358 6592 252
5358 6592 252
5358 6592 252
5358 6592 252
5358 6592 252
5358 6592 252
5358 6592 252
5358 6592 252
5484 5284 252
5484 5284 252
5484 5284 252
5484 5284 252
5484 5284 252
5484 5284 252
5484 5284 252
5484 5284 252
5484 5284 252
5484 5284 252
5484 5284 252
5484 5284 252
5484 5284 252
6590 5359 252
6590 5359 252
6590 5359 252
6590 5359 252
6590 5359 252
6590 5359 252
6590 5359 252
6590 5359 252
6590 5359 252
6590 5359 252
6590 5359 252
6590 5359 252
7844 7746 252
7844 7746 252
7844 7746 252
7844 7746 252
7844 7746 252
7844 7746 252
7844 7746 252
7844 7746 252
7844 7746 252
7844 7746 252
7844 7746 252
7844 7746 252
5358 5267 252
5358 5267 252
5358 5267 252
5358 5267 252
5358 5267 252
5358 5267 252
5358 5267 252
5358 5267 252
5358 5267 252
5358 5267 252
5358 5267 252
5358 5267 252
8755 9240 253
8755 9240 253
8755 9240 253
8755 9240 253
8755 9240 253
8755 9240 253
8755 9240 253
8755 9240 253
8755 9240 253
8755 9240 253
8755 9240 253
8755 9240 253
8755 9240 253
6597 7769 253
6597 7769 253
6597 7769 253
6597 7769 253
6597 7769 253
6597 7769 253
6597 7769 253
6597 7769 253
6597 7769 253
6597 7769 253
6597 7769 253
6597 7769 253
6544 6582 253
6544 6582 253
6544 6582 253
6544 6582 253
6544 6582 253
6544 6582 253
6544 6582 253
6544 6582 253
6544 6582 253
6544 6582 253
6544 6582 253
6544 6582 253
6544 6582 253
7743 7787 253
7743 7787 253
7743 7787 253
7743 7787 253
7743 7787 253
7743 7787 253
7743 7787 253
7743 7787 253
7743 7787 253
7743 7787 253
7743 7787 253
7743 7787 253
7745 6569 254
7745 6569 254
7745 6569 254
7745 6569 254
7745 6569 254
7745 6569 254
7745 6569 254
7745 6569 254
7745 6569 254
7745 6569 254
7745 6569 254
7745 6569 254
7745 6569 254
7942 7701 254
7942 7701 254
7942 7701 254
7942 7701 254
7942 7701 254
7942 7701 254
7942 7701 254
7942 7701 254
7942 7701 254
7942 7701 254
7942 7701 254
7942 7701 254
7942 7701 254
5446 5356 254
5446 5356 254
5446 5356 254
5446 5356 254
5446 5356 254
5446 5356 254
5446 5356 254
5446 5356 254
5446 5356 254
5446 5356 254
5446 5356 254
5446 5356 254
5446 5356 254
6561 5258 255
6561 5258 255
6561 5258 255
6561 5258 255
6561 5258 255
6561 5258 255
6561 5258 255
6561 5258 255
6561 5258 255
6561 5258 255
6561 5258 255
6561 5258 255
5532 5394 255
5532 5394 255
5532 5394 255
5532 5394 255
5532 5394 255
5532 5394 255
5532 5394 255
5532 5394 255
5532 5394 255
5532 5394 255
5532 5394 255
5532 5394 255
7819 7805 255
7819 7805 255
7819 7805 255
7819 7805 255
7819 7805 255
7819 7805 255
7819 7805 255
7819 7805 255
7819 7805 255
7819 7805 255
7819 7805 255
7819 7805 255
6493 7460 257
6493 7460 257
6493 7460 257
6493 7460 257
6493 7460 257
6493 7460 257
6493 7460 257
6493 7460 257
6493 7460 257
6493 7460 257
6493 7460 257
6493 7460 257
8450 7707 257
8450 7707 257
8450 7707 257
8450 7707 257
8450 7707 257
8450 7707 257
8450 7707 257
8450 7707 257
8450 7707 257
8450 7707 257
8450 7707 257
8450 7707 257
7681 6583 258
7681 6583 258
7681 6583 258
7681 6583 258
7681 6583 258
7681 6583 258
7681 6583 258
7681 6583 258
7681 6583 258
7681 6583 258
7681 6583 258
7681 6583 258
5355 5291 258
5355 5291 258
5355 5291 258
5355 5291 258
5355 5291 258
5355 5291 258
5355 5291 258
5355 5291 258
5355 5291 258
5355 5291 258
5355 5291 258
5355 5291 258
5355 5291 258
7701 7844 258
7701 7844 258
7701 7844 258
7701 7844 258
7701 7844 258
7701 7844 258
7701 7844 258
7701 7844 258
7701 7844 258
7701 7844 258
7701 7844 258
7701 7844 258
5355 6606 258
5355 6606 258
5355 6606 258
5355 6606 258
5355 6606 258
5355 6606 258
5355 6606 258
5355 6606 258
5355 6606 258
5355 6606 258
5355 6606 258
5355 6606 258
7793 7651 258
7793 7651 258
7793 7651 258
7793 7651 258
7793 7651 258
7793 7651 258
7793 7651 258
7793 7651 258
7793 7651 258
7793 7651 258
7793 7651 258
7793 7651 258
7793 7651 258
7776 7912 259
7776 7912 259
7776 7912 259
7776 7912 259
7776 7912 259
7776 7912 259
7776 7912 259
7776 7912 259
7776 7912 259
7776 7912 259
7776 7912 259
7776 7912 259
7776 7912 259
5549 5400 259
5549 5400 259
5549 5400 259
5549 5400 259
5549 5400 259
5549 5400 259
5549 5400 259
5549 5400 259
5549 5400 259
5549 5400 259
5549 5400 259
5549 5400 259
7825 7757 260
7825 7757 260
7825 7757 260
7825 7757 260
7825 7757 260
7825 7757 260
7825 7757 260
7825 7757 260
7825 7757 260
7825 7757 260
7825 7757 260
7825 7757 260
7825 7757 260
5388 6609 261
5388 6609 261
5388 6609 261
5388 6609 261
5388 6609 261
5388 6609 261
5388 6609 261
5388 6609 261
5388 6609 261
5388 6609 261
5388 6609 261
5388 6609 261
7798 7810 261
7798 7810 261
7798 7810 261
7798 7810 261
7798 7810 261
7798 7810 261
7798 7810 261
7798 7810 261
7798 7810 261
7798 7810 261
7798 7810 261
7798 7810 261
7798 7810 261
6460 7684 261
6460 7684 261
6460 7684 261
6460 7684 261
6460 7684 261
6460 7684 261
6460 7684 261
6460 7684 261
6460 7684 261
6460 7684 261
6460 7684 261
6460 7684 261
6460 7684 261
6371 6508 262
6371 6508 262
6371 6508 262
6371 6508 262
6371 6508 262
6371 6508 262
6371 6508 262
6371 6508 262
6371 6508 262
6371 6508 262
6371 6508 262
6371 6508 262
7839 9671 262
7839 9671 262
7839 9671 262
7839 9671 262
7839 9671 262
7839 9671 262
7839 9671 262
7839 9671 262
7839 9671 262
7839 9671 262
7839 9671 262
7839 9671 262
6537 6366 262
6537 6366 262
6537 6366 262
6537 6366 262
6537 6366 262
6537 6366 262
6537 6366 262
6537 6366 262
6537 6366 262
6537 6366 262
6537 6366 262
6537 6366 262
6537 6366 262
5279 8768 263
5279 8768 263
5279 8768 263
5279 8768 263
5279 8768 263
5279 8768 263
5279 8768 263
5279 8768 263
5279 8768 263
5279 8768 263
5279 8768 263
5279 8768 263
7903 7661 263
7903 7661 263
7903 7661 263
7903 7661 263
7903 7661 263
7903 7661 263
7903 7661 263
7903 7661 263
7903 7661 263
7903 7661 263
7903 7661 263
7903 7661 263
7903 7661 263
8461 6565 264
8461 6565 264
8461 6565 264
8461 6565 264
8461 6565 264
8461 6565 264
8461 6565 264
8461 6565 264
8461 6565 264
8461 6565 264
8461 6565 264
8461 6565 264
5383 8451 264
5383 8451 264
5383 8451 264
5383 8451 264
5383 8451 264
5383 8451 264
5383 8451 264
5383 8451 264
5383 8451 264
5383 8451 264
5383 8451 264
5383 8451 264
5383 8451 264
5264 8450 264
5264 8450 264
5264 8450 264
5264 8450 264
5264 8450 264
5264 8450 264
5264 8450 264
5264 8450 264
5264 8450 264
5264 8450 264
5264 8450 264
5264 8450 264
7686 7756 265
7686 7756 265
7686 7756 265
7686 7756 265
7686 7756 265
7686 7756 265
7686 7756 265
7686 7756 265
7686 7756 265
7686 7756 265
7686 7756 265
7686 7756 265
6548 7693 266
6548 7693 266
6548 7693 266
6548 7693 266
6548 7693 266
6548 7693 266
6548 7693 266
6548 7693 266
6548 7693 266
6548 7693 266
6548 7693 266
6548 7693 266
6548 7693 266
5259 5309 266
5259 5309 266
5259 5309 266
5259 5309 266
5259 5309 266
5259 5309 266
5259 5309 266
5259 5309 266
5259 5309 266
5259 5309 266
5259 5309 266
5259 5309 266
6048 7759 267
6048 7759 267
6048 7759 267
6048 7759 267
6048 7759 267
6048 7759 267
6048 7759 267
6048 7759 267
6048 7759 267
6048 7759 267
6048 7759 267
6048 7759 267
5287 5461 268
5287 5461 268
5287 5461 268
5287 5461 268
5287 5461 268
5287 5461 268
5287 5461 268
5287 5461 268
5287 5461 268
5287 5461 268
5287 5461 268
5287 5461 268
7783 5989 268
7783 5989 268
7783 5989 268
7783 5989 268
7783 5989 268
7783 5989 268
7783 5989 268
7783 5989 268
7783 5989 268
7783 5989 268
7783 5989 268
7783 5989 268
7783 5989 268
5374 8445 268
5374 8445 268
5374 8445 268
5374 8445 268
5374 8445 268
5374 8445 268
5374 8445 268
5374 8445 268
5374 8445 268
5374 8445 268
5374 8445 268
5374 8445 268
5374 8445 268
7748 6042 268
7748 6042 268
7748 6042 268
7748 6042 268
7748 6042 268
7748 6042 268
7748 6042 268
7748 6042 268
7748 6042 268
7748 6042 268
7748 6042 268
7748 6042 268
5358 9524 268
5358 9524 268
5358 9524 268
5358 9524 268
5358 9524 268
5358 9524 268
5358 9524 268
5358 9524 268
5358 9524 268
5358 9524 268
5358 9524 268
5358 9524 268
6538 7701 268
6538 7701 268
6538 7701 268
6538 7701 268
6538 7701 268
6538 7701 268
6538 7701 268
6538 7701 268
6538 7701 268
6538 7701 268
6538 7701 268
6538 7701 268
5368 6419 269
5368 6419 269
5368 6419 269
5368 6419 269
5368 6419 269
5368 6419 269
5368 6419 269
5368 6419 269
5368 6419 269
5368 6419 269
5368 6419 269
5368 6419 269
5485 5294 269
5485 5294 269
5485 5294 269
5485 5294 269
5485 5294 269
5485 5294 269
5485 5294 269
5485 5294 269
5485 5294 269
5485 5294 269
5485 5294 269
5485 5294 269
6590 6522 269
6590 6522 269
6590 6522 269
6590 6522 269
6590 6522 269
6590 6522 269
6590 6522 269
6590 6522 269
6590 6522 269
6590 6522 269
6590 6522 269
6590 6522 269
6590 6522 269
5295 8745 270
5295 8745 270
5295 8745 270
5295 8745 270
5295 8745 270
5295 8745 270
5295 8745 270
5295 8745 270
5295 8745 270
5295 8745 270
5295 8745 270
5295 8745 270
6045 5368 270
6045 5368 270
6045 5368 270
6045 5368 270
6045 5368 270
6045 5368 270
6045 5368 270
6045 5368 270
6045 5368 270
6045 5368 270
6045 5368 270
6045 5368 270
7862 7750 270
7862 7750 270
7862 7750 270
7862 7750 270
7862 7750 270
7862 7750 270
7862 7750 270
7862 7750 270
7862 7750 270
7862 7750 270
7862 7750 270
7862 7750 270
8453 7727 270
8453 7727 270
8453 7727 270
8453 7727 270
8453 7727 270
8453 7727 270
8453 7727 270
8453 7727 270
8453 7727 270
8453 7727 270
8453 7727 270
8453 7727 270
8453 7727 270
5285 5462 270
5285 5462 270
5285 5462 270
5285 5462 270
5285 5462 270
5285 5462 270
5285 5462 270
5285 5462 270
5285 5462 270
5285 5462 270
5285 5462 270
5285 5462 270
5285 5462 270
7725 7632 271
7725 7632 271
7725 7632 271
7725 7632 271
7725 7632 271
7725 7632 271
7725 7632 271
7725 7632 271
7725 7632 271
7725 7632 271
7725 7632 271
7725 7632 271
7725 7632 271
7870 7903 271
7870 7903 271
7870 7903 271
7870 7903 271
7870 7903 271
7870 7903 271
7870 7903 271
7870 7903 271
7870 7903 271
7870 7903 271
7870 7903 271
7870 7903 271
5401 5443 271
5401 5443 271
5401 5443 271
5401 5443 271
5401 5443 271
5401 5443 271
5401 5443 271
5401 5443 271
5401 5443 271
5401 5443 271
5401 5443 271
5401 5443 271
5402 5304 272
5402 5304 272
5402 5304 272
5402 5304 272
5402 5304 272
5402 5304 272
5402 5304 272
5402 5304 272
5402 5304 272
5402 5304 272
5402 5304 272
5402 5304 272
7490 7654 272
7490 7654 272
7490 7654 272
7490 7654 272
7490 7654 272
7490 7654 272
7490 7654 272
7490 7654 272
7490 7654 272
7490 7654 272
7490 7654 272
7490 7654 272
7490 7654 272
6580 8462 272
6580 8462 272
6580 8462 272
6580 8462 272
6580 8462 272
6580 8462 272
6580 8462 272
6580 8462 272
6580 8462 272
6580 8462 272
6580 8462 272
6580 8462 272
7749 8467 272
7749 8467 272
7749 8467 272
7749 8467 272
7749 8467 272
7749 8467 272
7749 8467 272
7749 8467 272
7749 8467 272
7749 8467 272
7749 8467 272
7749 8467 272
6448 7731 273
6448 7731 273
6448 7731 273
6448 7731 273
6448 7731 273
6448 7731 273
6448 7731 273
6448 7731 273
6448 7731 273
6448 7731 273
6448 7731 273
6448 7731 273
6534 7700 273
6534 7700 273
6534 7700 273
6534 7700 273
6534 7700 273
6534 7700 273
6534 7700 273
6534 7700 273
6534 7700 273
6534 7700 273
6534 7700 273
6534 7700 273
7889 7761 273
7889 7761 273
7889 7761 273
7889 7761 273
7889 7761 273
7889 7761 273
7889 7761 273
7889 7761 273
7889 7761 273
7889 7761 273
7889 7761 273
7889 7761 273
7889 7761 273
8762 5275 273
8762 5275 273
8762 5275 273
8762 5275 273
8762 5275 273
8762 5275 273
8762 5275 273
8762 5275 273
8762 5275 273
8762 5275 273
8762 5275 273
8762 5275 273
8762 5275 273
9630 6560 273
9630 6560 273
9630 6560 273
9630 6560 273
9630 6560 273
9630 6560 273
9630 6560 273
9630 6560 273
9630 6560 273
9630 6560 273
9630 6560 273
9630 6560 273
7745 7753 273
7745 7753 273
7745 7753 273
7745 7753 273
7745 7753 273
7745 7753 273
7745 7753 273
7745 7753 273
7745 7753 273
7745 7753 273
7745 7753 273
7745 7753 273
5413 5359 273
5413 5359 273
5413 5359 273
5413 5359 273
5413 5359 273
5413 5359 273
5413 5359 273
5413 5359 273
5413 5359 273
5413 5359 273
5413 5359 273
5413 5359 273
5413 5359 273
5303 9157 274
5303 9157 274
5303 9157 274
5303 9157 274
5303 9157 274
5303 9157 274
5303 9157 274
5303 9157 274
5303 9157 274
5303 9157 274
5303 9157 274
5303 9157 274
5389 5275 274
5389 5275 274
5389 5275 274
5389 5275 274
5389 5275 274
5389 5275 274
5389 5275 274
5389 5275 274
5389 5275 274
5389 5275 274
5389 5275 274
5389 5275 274
7698 7777 274
7698 7777 274
7698 7777 274
7698 7777 274
7698 7777 274
7698 7777 274
7698 7777 274
7698 7777 274
7698 7777 274
7698 7777 274
7698 7777 274
7698 7777 274
7799 7819 274
7799 7819 274
7799 7819 274
7799 7819 274
7799 7819 274
7799 7819 274
7799 7819 274
7799 7819 274
7799 7819 274
7799 7819 274
7799 7819 274
7799 7819 274
7799 7819 274
8479 6591 274
8479 6591 274
8479 6591 274
8479 6591 274
8479 6591 274
8479 6591 274
8479 6591 274
8479 6591 274
8479 6591 274
8479 6591 274
8479 6591 274
8479 6591 274
8458 6535 275
8458 6535 275
8458 6535 275
8458 6535 275
8458 6535 275
8458 6535 275
8458 6535 275
8458 6535 275
8458 6535 275
8458 6535 275
8458 6535 275
8458 6535 275
8458 6535 275
7691 6559 275
7691 6559 275
7691 6559 275
7691 6559 275
7691 6559 275
7691 6559 275
7691 6559 275
7691 6559 275
7691 6559 275
7691 6559 275
7691 6559 275
7691 6559 275
7691 6559 275
5359 5414 275
5359 5414 275
5359 5414 275
5359 5414 275
5359 5414 275
5359 5414 275
5359 5414 275
5359 5414 275
5359 5414 275
5359 5414 275
5359 5414 275
5359 5414 275
5359 5414 275
5314 5263 275
5314 5263 275
5314 5263 275
5314 5263 275
5314 5263 275
5314 5263 275
5314 5263 275
5314 5263 275
5314 5263 275
5314 5263 275
5314 5263 275
5314 5263 275
8454 7948 275
8454 7948 275
8454 7948 275
8454 7948 275
8454 7948 275
8454 7948 275
8454 7948 275
8454 7948 275
8454 7948 275
8454 7948 275
8454 7948 275
8454 7948 275
7753 6521 276
7753 6521 276
7753 6521 276
7753 6521 276
7753 6521 276
7753 6521 276
7753 6521 276
7753 6521 276
7753 6521 276
7753 6521 276
7753 6521 276
7753 6521 276
7753 6521 276
5263 5317 276
5263 5317 276
5263 5317 276
5263 5317 276
5263 5317 276
5263 5317 276
5263 5317 276
5263 5317 276
5263 5317 276
5263 5317 276
5263 5317 276
5263 5317 276
7909 8374 276
7909 8374 276
7909 8374 276
7909 8374 276
7909 8374 276
7909 8374 276
7909 8374 276
7909 8374 276
7909 8374 276
7909 8374 276
7909 8374 276
7909 8374 276
6606 6581 276
6606 6581 276
6606 6581 276
6606 6581 276
6606 6581 276
6606 6581 276
6606 6581 276
6606 6581 276
6606 6581 276
6606 6581 276
6606 6581 276
6606 6581 276
7798 7500 277
7798 7500 277
7798 7500 277
7798 7500 277
7798 7500 277
7798 7500 277
7798 7500 277
7798 7500 277
7798 7500 277
7798 7500 277
7798 7500 277
7798 7500 277
5261 5298 277
5261 5298 277
5261 5298 277
5261 5298 277
5261 5298 277
5261 5298 277
5261 5298 277
5261 5298 277
5261 5298 277
5261 5298 277
5261 5298 277
5261 5298 277
5261 5298 277
6037 7703 277
6037 7703 277
6037 7703 277
6037 7703 277
6037 7703 277
6037 7703 277
6037 7703 277
6037 7703 277
6037 7703 277
6037 7703 277
6037 7703 277
6037 7703 277
7684 6588 277
7684 6588 277
7684 6588 277
7684 6588 277
7684 6588 277
7684 6588 277
7684 6588 277
7684 6588 277
7684 6588 277
7684 6588 277
7684 6588 277
7684 6588 277
6549 6387 277
6549 6387 277
6549 6387 277
6549 6387 277
6549 6387 277
6549 6387 277
6549 6387 277
6549 6387 277
6549 6387 277
6549 6387 277
6549 6387 277
6549 6387 277
6549 6387 277
5382 6059 277
5382 6059 277
5382 6059 277
5382 6059 277
5382 6059 277
5382 6059 277
5382 6059 277
5382 6059 277
5382 6059 277
5382 6059 277
5382 6059 277
5382 6059 277
7796 7659 278
7796 7659 278
7796 7659 278
7796 7659 278
7796 7659 278
7796 7659 278
7796 7659 278
7796 7659 278
7796 7659 278
7796 7659 278
7796 7659 278
7796 7659 278
7796 7659 278
7927 8472 278
7927 8472 278
7927 8472 278
7927 8472 278
7927 8472 278
7927 8472 278
7927 8472 278
7927 8472 278
7927 8472 278
7927 8472 278
7927 8472 278
7927 8472 278
7927 8472 278
8370 7902 278
8370 7902 278
8370 7902 278
8370 7902 278
8370 7902 278
8370 7902 278
8370 7902 278
8370 7902 278
8370 7902 278
8370 7902 278
8370 7902 278
8370 7902 278
8370 7902 278
8436 5414 279
8436 5414 279
8436 5414 279
8436 5414 279
8436 5414 279
8436 5414 279
8436 5414 279
8436 5414 279
8436 5414 279
8436 5414 279
8436 5414 279
8436 5414 279
8436 5414 279
6420 6309 279
6420 6309 279
6420 6309 279
6420 6309 279
6420 6309 279
6420 6309 279
6420 6309 279
6420 6309 279
6420 6309 279
6420 6309 279
6420 6309 279
6420 6309 279
6420 6309 279
7929 7965 280
7929 7965 280
7929 7965 280
7929 7965 280
7929 7965 280
7929 7965 280
7929 7965 280
7929 7965 280
7929 7965 280
7929 7965 280
7929 7965 280
7929 7965 280
7929 7965 280
6593 6607 280
6593 6607 280
6593 6607 280
6593 6607 280
6593 6607 280
6593 6607 280
6593 6607 280
6593 6607 280
6593 6607 280
6593 6607 280
6593 6607 280
6593 6607 280
6451 7692 280
6451 7692 280
6451 7692 280
6451 7692 280
6451 7692 280
6451 7692 280
6451 7692 280
6451 7692 280
6451 7692 280
6451 7692 280
6451 7692 280
6451 7692 280
7734 7830 280
7734 7830 280
7734 7830 280
7734 7830 280
7734 7830 280
7734 7830 280
7734 7830 280
7734 7830 280
7734 7830 280
7734 7830 280
7734 7830 280
7734 7830 280
7729 7935 281
7729 7935 281
7729 7935 281
7729 7935 281
7729 7935 281
7729 7935 281
7729 7935 281
7729 7935 281
7729 7935 281
7729 7935 281
7729 7935 281
7729 7935 281
6012 8476 281
6012 8476 281
6012 8476 281
6012 8476 281
6012 8476 281
6012 8476 281
6012 8476 281
6012 8476 281
6012 8476 281
6012 8476 281
6012 8476 281
6012 8476 281
6012 8476 281
7700 8449 281
7700 8449 281
7700 8449 281
7700 8449 281
7700 8449 281
7700 8449 281
7700 8449 281
7700 8449 281
7700 8449 281
7700 8449 281
7700 8449 281
7700 8449 281
7700 8449 281
6431 6578 281
6431 6578 281
6431 6578 281
6431 6578 281
6431 6578 281
6431 6578 281
6431 6578 281
6431 6578 281
6431 6578 281
6431 6578 281
6431 6578 281
6431 6578 281
6431 6578 281
6566 6538 281
6566 6538 281
6566 6538 281
6566 6538 281
6566 6538 281
6566 6538 281
6566 6538 281
6566 6538 281
6566 6538 281
6566 6538 281
6566 6538 281
6566 6538 281
8455 6543 281
8455 6543 281
8455 6543 281
8455 6543 281
8455 6543 281
8455 6543 281
8455 6543 281
8455 6543 281
8455 6543 281
8455 6543 281
8455 6543 281
8455 6543 281
8455 6543 281
8373 7742 282
8373 7742 282
8373 7742 282
8373 7742 282
8373 7742 282
8373 7742 282
8373 7742 282
8373 7742 282
8373 7742 282
8373 7742 282
8373 7742 282
8373 7742 282
8373 7742 282
5363 6548 282
5363 6548 282
5363 6548 282
5363 6548 282
5363 6548 282
5363 6548 282
5363 6548 282
5363 6548 282
5363 6548 282
5363 6548 282
5363 6548 282
5363 6548 282
5363 6548 282
5320 5270 282
5320 5270 282
5320 5270 282
5320 5270 282
5320 5270 282
5320 5270 282
5320 5270 282
5320 5270 282
5320 5270 282
5320 5270 282
5320 5270 282
5320 5270 282
5320 5270 282
6574 6600 282
6574 6600 282
6574 6600 282
6574 6600 282
6574 6600 282
6574 6600 282
6574 6600 282
6574 6600 282
6574 6600 282
6574 6600 282
6574 6600 282
6574 6600 282
7664 6578 283
7664 6578 283
7664 6578 283
7664 6578 283
7664 6578 283
7664 6578 283
7664 6578 283
7664 6578 283
7664 6578 283
7664 6578 283
7664 6578 283
7664 6578 283
7667 7458 283
7667 7458 283
7667 7458 283
7667 7458 283
7667 7458 283
7667 7458 283
7667 7458 283
7667 7458 283
7667 7458 283
7667 7458 283
7667 7458 283
7667 7458 283
7667 7458 283
6596 8437 284
6596 8437 284
6596 8437 284
6596 8437 284
6596 8437 284
6596 8437 284
6596 8437 284
6596 8437 284
6596 8437 284
6596 8437 284
6596 8437 284
6596 8437 284
6596 8437 284
7792 7656 284
7792 7656 284
7792 7656 284
7792 7656 284
7792 7656 284
7792 7656 284
7792 7656 284
7792 7656 284
7792 7656 284
7792 7656 284
7792 7656 284
7792 7656 284
6544 8463 285
6544 8463 285
6544 8463 285
6544 8463 285
6544 8463 285
6544 8463 285
6544 8463 285
6544 8463 285
6544 8463 285
6544 8463 285
6544 8463 285
6544 8463 285
8435 5280 286
8435 5280 286
8435 5280 286
8435 5280 286
8435 5280 286
8435 5280 286
8435 5280 286
8435 5280 286
8435 5280 286
8435 5280 286
8435 5280 286
8435 5280 286
7693 6542 286
7693 6542 286
7693 6542 286
7693 6542 286
7693 6542 286
7693 6542 286
7693 6542 286
7693 6542 286
7693 6542 286
7693 6542 286
7693 6542 286
7693 6542 286
7693 6542 286
8452 7769 286
8452 7769 286
8452 7769 286
8452 7769 286
8452 7769 286
8452 7769 286
8452 7769 286
8452 7769 286
8452 7769 286
8452 7769 286
8452 7769 286
8452 7769 286
8671 6364 286
8671 6364 286
8671 6364 286
8671 6364 286
8671 6364 286
8671 6364 286
8671 6364 286
8671 6364 286
8671 6364 286
8671 6364 286
8671 6364 286
8671 6364 286
8671 6364 286
7758 5997 286
7758 5997 286
7758 5997 286
7758 5997 286
7758 5997 286
7758 5997 286
7758 5997 286
7758 5997 286
7758 5997 286
7758 5997 286
7758 5997 286
7758 5997 286
7758 5997 286
8472 7779 286
8472 7779 286
8472 7779 286
8472 7779 286
8472 7779 286
8472 7779 286
8472 7779 286
8472 7779 286
8472 7779 286
8472 7779 286
8472 7779 286
8472 7779 286
7937 7693 287
7937 7693 287
7937 7693 287
7937 7693 287
7937 7693 287
7937 7693 287
7937 7693 287
7937 7693 287
7937 7693 287
7937 7693 287
7937 7693 287
7937 7693 287
7937 7693 287
7922 7900 287
7922 7900 287
7922 7900 287
7922 7900 287
7922 7900 287
7922 7900 287
7922 7900 287
7922 7900 287
7922 7900 287
7922 7900 287
7922 7900 287
7922 7900 287
7922 7900 287
8458 6548 287
8458 6548 287
8458 6548 287
8458 6548 287
8458 6548 287
8458 6548 287
8458 6548 287
8458 6548 287
8458 6548 287
8458 6548 287
8458 6548 287
8458 6548 287
8458 6548 287
7731 6608 288
7731 6608 288
7731 6608 288
7731 6608 288
7731 6608 288
7731 6608 288
7731 6608 288
7731 6608 288
7731 6608 288
7731 6608 288
7731 6608 288
7731 6608 288
7731 6608 288
5319 5438 288
5319 5438 288
5319 5438 288
5319 5438 288
5319 5438 288
5319 5438 288
5319 5438 288
5319 5438 288
5319 5438 288
5319 5438 288
5319 5438 288
5319 5438 288
5319 5438 288
6531 5359 288
6531 5359 288
6531 5359 288
6531 5359 288
6531 5359 288
6531 5359 288
6531 5359 288
6531 5359 288
6531 5359 288
6531 5359 288
6531 5359 288
6531 5359 288
6531 5359 288
6515 7700 288
6515 7700 288
6515 7700 288
6515 7700 288
6515 7700 288
6515 7700 288
6515 7700 288
6515 7700 288
6515 7700 288
6515 7700 288
6515 7700 288
6515 7700 288
6515 7700 288
8455 5359 290
8455 5359 290
8455 5359 290
8455 5359 290
8455 5359 290
8455 5359 290
8455 5359 290
8455 5359 290
8455 5359 290
8455 5359 290
8455 5359 290
8455 5359 290
8455 5359 290
5366 6583 290
5366 6583 290
5366 6583 290
5366 6583 290
5366 6583 290
5366 6583 290
5366 6583 290
5366 6583 290
5366 6583 290
5366 6583 290
5366 6583 290
5366 6583 290
5366 6583 290
6597 5358 290
6597 5358 290
6597 5358 290
6597 5358 290
6597 5358 290
6597 5358 290
6597 5358 290
6597 5358 290
6597 5358 290
6597 5358 290
6597 5358 290
6597 5358 290
7719 7634 290
7719 7634 290
7719 7634 290
7719 7634 290
7719 7634 290
7719 7634 290
7719 7634 290
7719 7634 290
7719 7634 290
7719 7634 290
7719 7634 290
7719 7634 290
6612 8436 290
6612 8436 290
6612 8436 290
6612 8436 290
6612 8436 290
6612 8436 290
6612 8436 290
6612 8436 290
6612 8436 290
6612 8436 290
6612 8436 290
6612 8436 290
6612 8436 290
8781 5243 291
8781 5243 291
8781 5243 291
8781 5243 291
8781 5243 291
8781 5243 291
8781 5243 291
8781 5243 291
8781 5243 291
8781 5243 291
8781 5243 291
8781 5243 291
8453 7695 291
8453 7695 291
8453 7695 291
8453 7695 291
8453 7695 291
8453 7695 291
8453 7695 291
8453 7695 291
8453 7695 291
8453 7695 291
8453 7695 291
8453 7695 291
8453 7695 291
7879 7820 291
7879 7820 291
7879 7820 291
7879 7820 291
7879 7820 291
7879 7820 291
7879 7820 291
7879 7820 291
7879 7820 291
7879 7820 291
7879 7820 291
7879 7820 291
7879 7820 291
6461 7666 291
6461 7666 291
6461 7666 291
6461 7666 291
6461 7666 291
6461 7666 291
6461 7666 291
6461 7666 291
6461 7666 291
6461 7666 291
6461 7666 291
6461 7666 291
6461 7666 291
7734 7796 292
7734 7796 292
7734 7796 292
7734 7796 292
7734 7796 292
7734 7796 292
7734 7796 292
7734 7796 292
7734 7796 292
7734 7796 292
7734 7796 292
7734 7796 292
7734 7796 292
6443 7799 292
6443 7799 292
6443 7799 292
6443 7799 292
6443 7799 292
6443 7799 292
6443 7799 292
6443 7799 292
6443 7799 292
6443 7799 292
6443 7799 292
6443 7799 292
5996 8437 294
5996 8437 294
5996 8437 294
5996 8437 294
5996 8437 294
5996 8437 294
5996 8437 294
5996 8437 294
5996 8437 294
5996 8437 294
5996 8437 294
5996 8437 294
5996 8437 294
6378 8437 294
6378 8437 294
6378 8437 294
6378 8437 294
6378 8437 294
6378 8437 294
6378 8437 294
6378 8437 294
6378 8437 294
6378 8437 294
6378 8437 294
6378 8437 294
8443 7692 294
8443 7692 294
8443 7692 294
8443 7692 294
8443 7692 294
8443 7692 294
8443 7692 294
8443 7692 294
8443 7692 294
8443 7692 294
8443 7692 294
8443 7692 294
7796 7519 295
7796 7519 295
7796 7519 295
7796 7519 295
7796 7519 295
7796 7519 295
7796 7519 295
7796 7519 295
7796 7519 295
7796 7519 295
7796 7519 295
7796 7519 295
7796 7519 295
8767 5262 295
8767 5262 295
8767 5262 295
8767 5262 295
8767 5262 295
8767 5262 295
8767 5262 295
8767 5262 295
8767 5262 295
8767 5262 295
8767 5262 295
8767 5262 295
8767 5262 295
5254 5406 295
5254 5406 295
5254 5406 295
5254 5406 295
5254 5406 295
5254 5406 295
5254 5406 295
5254 5406 295
5254 5406 295
5254 5406 295
5254 5406 295
5254 5406 295
5254 5406 295
8434 5251 296
8434 5251 296
8434 5251 296
8434 5251 296
8434 5251 296
8434 5251 296
8434 5251 296
8434 5251 296
8434 5251 296
8434 5251 296
8434 5251 296
8434 5251 296
8434 5251 296
6366 7688 296
6366 7688 296
6366 7688 296
6366 7688 296
6366 7688 296
6366 7688 296
6366 7688 296
6366 7688 296
6366 7688 296
6366 7688 296
6366 7688 296
6366 7688 296
8768 5280 296
8768 5280 296
8768 5280 296
8768 5280 296
8768 5280 296
8768 5280 296
8768 5280 296
8768 5280 296
8768 5280 296
8768 5280 296
8768 5280 296
8768 5280 296
7775 7922 296
7775 7922 296
7775 7922 296
7775 7922 296
7775 7922 296
7775 7922 296
7775 7922 296
7775 7922 296
7775 7922 296
7775 7922 296
7775 7922 296
7775 7922 296
7775 7922 296
8468 7686 297
8468 7686 297
8468 7686 297
8468 7686 297
8468 7686 297
8468 7686 297
8468 7686 297
8468 7686 297
8468 7686 297
8468 7686 297
8468 7686 297
8468 7686 297
7665 7814 297
7665 7814 297
7665 7814 297
7665 7814 297
7665 7814 297
7665 7814 297
7665 7814 297
7665 7814 297
7665 7814 297
7665 7814 297
7665 7814 297
7665 7814 297
7665 7814 297
7805 7678 297
7805 7678 297
7805 7678 297
7805 7678 297
7805 7678 297
7805 7678 297
7805 7678 297
7805 7678 297
7805 7678 297
7805 7678 297
7805 7678 297
7805 7678 297
5358 8456 297
5358 8456 297
5358 8456 297
5358 8456 297
5358 8456 297
5358 8456 297
5358 8456 297
5358 8456 297
5358 8456 297
5358 8456 297
5358 8456 297
5358 8456 297
5358 8456 297
6424 6539 298
6424 6539 298
6424 6539 298
6424 6539 298
6424 6539 298
6424 6539 298
6424 6539 298
6424 6539 298
6424 6539 298
6424 6539 298
6424 6539 298
6424 6539 298
6424 6539 298
6530 7685 298
6530 7685 298
6530 7685 298
6530 7685 298
6530 7685 298
6530 7685 298
6530 7685 298
6530 7685 298
6530 7685 298
6530 7685 298
6530 7685 298
6530 7685 298
5717 5465 298
5717 5465 298
5717 5465 298
5717 5465 298
5717 5465 298
5717 5465 298
5717 5465 298
5717 5465 298
5717 5465 298
5717 5465 298
5717 5465 298
5717 5465 298
5399 5387 298
5399 5387 298
5399 5387 298
5399 5387 298
5399 5387 298
5399 5387 298
5399 5387 298
5399 5387 298
5399 5387 298
5399 5387 298
5399 5387 298
5399 5387 298
5399 5387 298
7691 7770 298
7691 7770 298
7691 7770 298
7691 7770 298
7691 7770 298
7691 7770 298
7691 7770 298
7691 7770 298
7691 7770 298
7691 7770 298
7691 7770 298
7691 7770 298
7691 7770 298
5251 8452 298
5251 8452 298
5251 8452 298
5251 8452 298
5251 8452 298
5251 8452 298
5251 8452 298
5251 8452 298
5251 8452 298
5251 8452 298
5251 8452 298
5251 8452 298
7728 7838 299
7728 7838 299
7728 7838 299
7728 7838 299
7728 7838 299
7728 7838 299
7728 7838 299
7728 7838 299
7728 7838 299
7728 7838 299
7728 7838 299
7728 7838 299
7728 7838 299
7829 7684 299
7829 7684 299
7829 7684 299
7829 7684 299
7829 7684 299
7829 7684 299
7829 7684 299
7829 7684 299
7829 7684 299
7829 7684 299
7829 7684 299
7829 7684 299
7829 7684 299
6601 8450 299
6601 8450 299
6601 8450 299
6601 8450 299
6601 8450 299
6601 8450 299
6601 8450 299
6601 8450 299
6601 8450 299
6601 8450 299
6601 8450 299
6601 8450 299
6602 5397 300
6602 5397 300
6602 5397 300
6602 5397 300
6602 5397 300
6602 5397 300
6602 5397 300
6602 5397 300
6602 5397 300
6602 5397 300
6602 5397 300
6602 5397 300
6602 5397 300
8469 8457 300
8469 8457 300
8469 8457 300
8469 8457 300
8469 8457 300
8469 8457 300
8469 8457 300
8469 8457 300
8469 8457 300
8469 8457 300
8469 8457 300
8469 8457 300
7863 7889 300
7863 7889 300
7863 7889 300
7863 7889 300
7863 7889 300
7863 7889 300
7863 7889 300
7863 7889 300
7863 7889 300
7863 7889 300
7863 7889 300
7863 7889 300
9656 7836 300
9656 7836 300
9656 7836 300
9656 7836 300
9656 7836 300
9656 7836 300
9656 7836 300
9656 7836 300
9656 7836 300
9656 7836 300
9656 7836 300
9656 7836 300
9222 5333 300
9222 5333 300
9222 5333 300
9222 5333 300
9222 5333 300
9222 5333 300
9222 5333 300
9222 5333 300
9222 5333 300
9222 5333 300
9222 5333 300
9222 5333 300
9222 5333 300
5434 5327 300
5434 5327 300
5434 5327 300
5434 5327 300
5434 5327 300
5434 5327 300
5434 5327 300
5434 5327 300
5434 5327 300
5434 5327 300
5434 5327 300
5434 5327 300
8431 6387 300
8431 6387 300
8431 6387 300
8431 6387 300
8431 6387 300
8431 6387 300
8431 6387 300
8431 6387 300
8431 6387 300
8431 6387 300
8431 6387 300
8431 6387 300
9195 5296 301
9195 5296 301
9195 5296 301
9195 5296 301
9195 5296 301
9195 5296 301
9195 5296 301
9195 5296 301
9195 5296 301
9195 5296 301
9195 5296 301
9195 5296 301
7755 7973 301
7755 7973 301
7755 7973 301
7755 7973 301
7755 7973 301
7755 7973 301
7755 7973 301
7755 7973 301
7755 7973 301
7755 7973 301
7755 7973 301
7755 7973 301
7755 7973 301
7845 7868 301
7845 7868 301
7845 7868 301
7845 7868 301
7845 7868 301
7845 7868 301
7845 7868 301
7845 7868 301
7845 7868 301
7845 7868 301
7845 7868 301
7845 7868 301
7845 7868 301
7711 7684 302
7711 7684 302
7711 7684 302
7711 7684 302
7711 7684 302
7711 7684 302
7711 7684 302
7711 7684 302
7711 7684 302
7711 7684 302
7711 7684 302
7711 7684 302
6573 6409 302
6573 6409 302
6573 6409 302
6573 6409 302
6573 6409 302
6573 6409 302
6573 6409 302
6573 6409 302
6573 6409 302
6573 6409 302
6573 6409 302
6573 6409 302
6573 6409 302
7917 7889 302
7917 7889 302
7917 7889 302
7917 7889 302
7917 7889 302
7917 7889 302
7917 7889 302
7917 7889 302
7917 7889 302
7917 7889 302
7917 7889 302
7917 7889 302
8468 9719 303
8468 9719 303
8468 9719 303
8468 9719 303
8468 9719 303
8468 9719 303
8468 9719 303
8468 9719 303
8468 9719 303
8468 9719 303
8468 9719 303
8468 9719 303
7799 7743 303
7799 7743 303
7799 7743 303
7799 7743 303
7799 7743 303
7799 7743 303
7799 7743 303
7799 7743 303
7799 7743 303
7799 7743 303
7799 7743 303
7799 7743 303
6597 8436 304
6597 8436 304
6597 8436 304
6597 8436 304
6597 8436 304
6597 8436 304
6597 8436 304
6597 8436 304
6597 8436 304
6597 8436 304
6597 8436 304
6597 8436 304
8449 5377 305
8449 5377 305
8449 5377 305
8449 5377 305
8449 5377 305
8449 5377 305
8449 5377 305
8449 5377 305
8449 5377 305
8449 5377 305
8449 5377 305
8449 5377 305
8449 5377 305
5925 6552 305
5925 6552 305
5925 6552 305
5925 6552 305
5925 6552 305
5925 6552 305
5925 6552 305
5925 6552 305
5925 6552 305
5925 6552 305
5925 6552 305
5925 6552 305
5925 6552 305
8710 5243 306
8710 5243 306
8710 5243 306
8710 5243 306
8710 5243 306
8710 5243 306
8710 5243 306
8710 5243 306
8710 5243 306
8710 5243 306
8710 5243 306
8710 5243 306
8475 5541 306
8475 5541 306
8475 5541 306
8475 5541 306
8475 5541 306
8475 5541 306
8475 5541 306
8475 5541 306
8475 5541 306
8475 5541 306
8475 5541 306
8475 5541 306
8475 5541 306
6543 8678 306
6543 8678 306
6543 8678 306
6543 8678 306
6543 8678 306
6543 8678 306
6543 8678 306
6543 8678 306
6543 8678 306
6543 8678 306
6543 8678 306
6543 8678 306
6543 8678 306
6006 8468 306
6006 8468 306
6006 8468 306
6006 8468 306
6006 8468 306
6006 8468 306
6006 8468 306
6006 8468 306
6006 8468 306
6006 8468 306
6006 8468 306
6006 8468 306
5252 6012 306
5252 6012 306
5252 6012 306
5252 6012 306
5252 6012 306
5252 6012 306
5252 6012 306
5252 6012 306
5252 6012 306
5252 6012 306
5252 6012 306
5252 6012 306
5252 6012 306
5380 9209 307
5380 9209 307
5380 9209 307
5380 9209 307
5380 9209 307
5380 9209 307
5380 9209 307
5380 9209 307
5380 9209 307
5380 9209 307
5380 9209 307
5380 9209 307
5380 9209 307
6602 7688 308
6602 7688 308
6602 7688 308
6602 7688 308
6602 7688 308
6602 7688 308
6602 7688 308
6602 7688 308
6602 7688 308
6602 7688 308
6602 7688 308
6602 7688 308
6361 8437 308
6361 8437 308
6361 8437 308
6361 8437 308
6361 8437 308
6361 8437 308
6361 8437 308
6361 8437 308
6361 8437 308
6361 8437 308
6361 8437 308
6361 8437 308
6361 8437 308
5299 5279 308
5299 5279 308
5299 5279 308
5299 5279 308
5299 5279 308
5299 5279 308
5299 5279 308
5299 5279 308
5299 5279 308
5299 5279 308
5299 5279 308
5299 5279 308
5299 5279 308
7846 7865 308
7846 7865 308
7846 7865 308
7846 7865 308
7846 7865 308
7846 7865 308
7846 7865 308
7846 7865 308
7846 7865 308
7846 7865 308
7846 7865 308
7846 7865 308
7707 7635 308
7707 7635 308
7707 7635 308
7707 7635 308
7707 7635 308
7707 7635 308
7707 7635 308
7707 7635 308
7707 7635 308
7707 7635 308
7707 7635 308
7707 7635 308
7707 7635 308
6424 8681 308
6424 8681 308
6424 8681 308
6424 8681 308
6424 8681 308
6424 8681 308
6424 8681 308
6424 8681 308
6424 8681 308
6424 8681 308
6424 8681 308
6424 8681 308
6424 8681 308
8682 8436 309
8682 8436 309
8682 8436 309
8682 8436 309
8682 8436 309
8682 8436 309
8682 8436 309
8682 8436 309
8682 8436 309
8682 8436 309
8682 8436 309
8682 8436 309
8682 8436 309
5449 5259 309
5449 5259 309
5449 5259 309
5449 5259 309
5449 5259 309
5449 5259 309
5449 5259 309
5449 5259 309
5449 5259 309
5449 5259 309
5449 5259 309
5449 5259 309
8762 5260 309
8762 5260 309
8762 5260 309
8762 5260 309
8762 5260 309
8762 5260 309
8762 5260 309
8762 5260 309
8762 5260 309
8762 5260 309
8762 5260 309
8762 5260 309
8762 5260 309
7747 6579 310
7747 6579 310
7747 6579 310
7747 6579 310
7747 6579 310
7747 6579 310
7747 6579 310
7747 6579 310
7747 6579 310
7747 6579 310
7747 6579 310
7747 6579 310
7747 6579 310
8462 6547 310
8462 6547 310
8462 6547 310
8462 6547 310
8462 6547 310
8462 6547 310
8462 6547 310
8462 6547 310
8462 6547 310
8462 6547 310
8462 6547 310
8462 6547 310
7765 6521 310
7765 6521 310
7765 6521 310
7765 6521 310
7765 6521 310
7765 6521 310
7765 6521 310
7765 6521 310
7765 6521 310
7765 6521 310
7765 6521 310
7765 6521 310
6521 6564 310
6521 6564 310
6521 6564 310
6521 6564 310
6521 6564 310
6521 6564 310
6521 6564 310
6521 6564 310
6521 6564 310
6521 6564 310
6521 6564 310
6521 6564 310
5354 5261 310
5354 5261 310
5354 5261 310
5354 5261 310
5354 5261 310
5354 5261 310
5354 5261 310
5354 5261 310
5354 5261 310
5354 5261 310
5354 5261 310
5354 5261 310
5354 5261 310
8447 7692 311
8447 7692 311
8447 7692 311
8447 7692 311
8447 7692 311
8447 7692 311
8447 7692 311
8447 7692 311
8447 7692 311
8447 7692 311
8447 7692 311
8447 7692 311
8447 7692 311
5243 5401 311
5243 5401 311
5243 5401 311
5243 5401 311
5243 5401 311
5243 5401 311
5243 5401 311
5243 5401 311
5243 5401 311
5243 5401 311
5243 5401 311
5243 5401 311
5243 5401 311
6578 6552 312
6578 6552 312
6578 6552 312
6578 6552 312
6578 6552 312
6578 6552 312
6578 6552 312
6578 6552 312
6578 6552 312
6578 6552 312
6578 6552 312
6578 6552 312
6351 6428 312
6351 6428 312
6351 6428 312
6351 6428 312
6351 6428 312
6351 6428 312
6351 6428 312
6351 6428 312
6351 6428 312
6351 6428 312
6351 6428 312
6351 6428 312
6351 6428 312
7849 7821 313
7849 7821 313
7849 7821 313
7849 7821 313
7849 7821 313
7849 7821 313
7849 7821 313
7849 7821 313
7849 7821 313
7849 7821 313
7849 7821 313
7849 7821 313
7853 7879 313
7853 7879 313
7853 7879 313
7853 7879 313
7853 7879 313
7853 7879 313
7853 7879 313
7853 7879 313
7853 7879 313
7853 7879 313
7853 7879 313
7853 7879 313
7739 7721 313
7739 7721 313
7739 7721 313
7739 7721 313
7739 7721 313
7739 7721 313
7739 7721 313
7739 7721 313
7739 7721 313
7739 7721 313
7739 7721 313
7739 7721 313
5441 5371 313
5441 5371 313
5441 5371 313
5441 5371 313
5441 5371 313
5441 5371 313
5441 5371 313
5441 5371 313
5441 5371 313
5441 5371 313
5441 5371 313
5441 5371 313
7693 6567 314
7693 6567 314
7693 6567 314
7693 6567 314
7693 6567 314
7693 6567 314
7693 6567 314
7693 6567 314
7693 6567 314
7693 6567 314
7693 6567 314
7693 6567 314
7693 6567 314
7877 7658 314
7877 7658 314
7877 7658 314
7877 7658 314
7877 7658 314
7877 7658 314
7877 7658 314
7877 7658 314
7877 7658 314
7877 7658 314
7877 7658 314
7877 7658 314
5405 5275 314
5405 5275 314
5405 5275 314
5405 5275 314
5405 5275 314
5405 5275 314
5405 5275 314
5405 5275 314
5405 5275 314
5405 5275 314
5405 5275 314
5405 5275 314
5405 5275 314
6575 6544 316
6575 6544 316
6575 6544 316
6575 6544 316
6575 6544 316
6575 6544 316
6575 6544 316
6575 6544 316
6575 6544 316
6575 6544 316
6575 6544 316
6575 6544 316
5410 8457 316
5410 8457 316
5410 8457 316
5410 8457 316
5410 8457 316
5410 8457 316
5410 8457 316
5410 8457 316
5410 8457 316
5410 8457 316
5410 8457 316
5410 8457 316
5924 6496 316
5924 6496 316
5924 6496 316
5924 6496 316
5924 6496 316
5924 6496 316
5924 6496 316
5924 6496 316
5924 6496 316
5924 6496 316
5924 6496 316
5924 6496 316
5924 6496 316
5434 5284 316
5434 5284 316
5434 5284 316
5434 5284 316
5434 5284 316
5434 5284 316
5434 5284 316
5434 5284 316
5434 5284 316
5434 5284 316
5434 5284 316
5434 5284 316
5434 5284 316
7646 7877 316
7646 7877 316
7646 7877 316
7646 7877 316
7646 7877 316
7646 7877 316
7646 7877 316
7646 7877 316
7646 7877 316
7646 7877 316
7646 7877 316
7646 7877 316
5446 9215 317
5446 9215 317
5446 9215 317
5446 9215 317
5446 9215 317
5446 9215 317
5446 9215 317
5446 9215 317
5446 9215 317
5446 9215 317
5446 9215 317
5446 9215 317
5443 5389 317
5443 5389 317
5443 5389 317
5443 5389 317
5443 5389 317
5443 5389 317
5443 5389 317
5443 5389 317
5443 5389 317
5443 5389 317
5443 5389 317
5443 5389 317
6573 7723 317
6573 7723 317
6573 7723 317
6573 7723 317
6573 7723 317
6573 7723 317
6573 7723 317
6573 7723 317
6573 7723 317
6573 7723 317
6573 7723 317
6573 7723 317
6573 7723 317
5463 5273 317
5463 5273 317
5463 5273 317
5463 5273 317
5463 5273 317
5463 5273 317
5463 5273 317
5463 5273 317
5463 5273 317
5463 5273 317
5463 5273 317
5463 5273 317
6595 6512 318
6595 6512 318
6595 6512 318
6595 6512 318
6595 6512 318
6595 6512 318
6595 6512 318
6595 6512 318
6595 6512 318
6595 6512 318
6595 6512 318
6595 6512 318
5277 5354 318
5277 5354 318
5277 5354 318
5277 5354 318
5277 5354 318
5277 5354 318
5277 5354 318
5277 5354 318
5277 5354 318
5277 5354 318
5277 5354 318
5277 5354 318
5277 5354 318
8710 5260 318
8710 5260 318
8710 5260 318
8710 5260 318
8710 5260 318
8710 5260 318
8710 5260 318
8710 5260 318
8710 5260 318
8710 5260 318
8710 5260 318
8710 5260 318
8710 5260 318
5993 8443 318
5993 8443 318
5993 8443 318
5993 8443 318
5993 8443 318
5993 8443 318
5993 8443 318
5993 8443 318
5993 8443 318
5993 8443 318
5993 8443 318
5993 8443 318
5993 8443 318
6459 6383 318
6459 6383 318
6459 6383 318
6459 6383 318
6459 6383 318
6459 6383 318
6459 6383 318
6459 6383 318
6459 6383 318
6459 6383 318
6459 6383 318
6459 6383 318
6553 9600 318
6553 9600 318
6553 9600 318
6553 9600 318
6553 9600 318
6553 9600 318
6553 9600 318
6553 9600 318
6553 9600 318
6553 9600 318
6553 9600 318
6553 9600 318
6553 9600 318
7782 7689 319
7782 7689 319
7782 7689 319
7782 7689 319
7782 7689 319
7782 7689 319
7782 7689 319
7782 7689 319
7782 7689 319
7782 7689 319
7782 7689 319
7782 7689 319
7782 7689 319
6491 7501 319
6491 7501 319
6491 7501 319
6491 7501 319
6491 7501 319
6491 7501 319
6491 7501 319
6491 7501 319
6491 7501 319
6491 7501 319
6491 7501 319
6491 7501 319
6428 6471 319
6428 6471 319
6428 6471 319
6428 6471 319
6428 6471 319
6428 6471 319
6428 6471 319
6428 6471 319
6428 6471 319
6428 6471 319
6428 6471 319
6428 6471 319
6331 6461 319
6331 6461 319
6331 6461 319
6331 6461 319
6331 6461 319
6331 6461 319
6331 6461 319
6331 6461 319
6331 6461 319
6331 6461 319
6331 6461 319
6331 6461 319
7702 6514 320
7702 6514 320
7702 6514 320
7702 6514 320
7702 6514 320
7702 6514 320
7702 6514 320
7702 6514 320
7702 6514 320
7702 6514 320
7702 6514 320
7702 6514 320
7702 6514 320
5578 5556 320
5578 5556 320
5578 5556 320
5578 5556 320
5578 5556 320
5578 5556 320
5578 5556 320
5578 5556 320
5578 5556 320
5578 5556 320
5578 5556 320
5578 5556 320
7913 7862 320
7913 7862 320
7913 7862 320
7913 7862 320
7913 7862 320
7913 7862 320
7913 7862 320
7913 7862 320
7913 7862 320
7913 7862 320
7913 7862 320
7913 7862 320
5450 5509 321
5450 5509 321
5450 5509 321
5450 5509 321
5450 5509 321
5450 5509 321
5450 5509 321
5450 5509 321
5450 5509 321
5450 5509 321
5450 5509 321
5450 5509 321
5450 5509 321
6408 5360 321
6408 5360 321
6408 5360 321
6408 5360 321
6408 5360 321
6408 5360 321
6408 5360 321
6408 5360 321
6408 5360 321
6408 5360 321
6408 5360 321
6408 5360 321
6408 5360 321
5434 5569 321
5434 5569 321
5434 5569 321
5434 5569 321
5434 5569 321
5434 5569 321
5434 5569 321
5434 5569 321
5434 5569 321
5434 5569 321
5434 5569 321
5434 5569 321
5434 5569 321
7676 6566 321
7676 6566 321
7676 6566 321
7676 6566 321
7676 6566 321
7676 6566 321
7676 6566 321
7676 6566 321
7676 6566 321
7676 6566 321
7676 6566 321
7676 6566 321
7830 7882 321
7830 7882 321
7830 7882 321
7830 7882 321
7830 7882 321
7830 7882 321
7830 7882 321
7830 7882 321
7830 7882 321
7830 7882 321
7830 7882 321
7830 7882 321
7830 7882 321
5253 6351 321
5253 6351 321
5253 6351 321
5253 6351 321
5253 6351 321
5253 6351 321
5253 6351 321
5253 6351 321
5253 6351 321
5253 6351 321
5253 6351 321
5253 6351 321
5253 6351 321
7748 6517 321
7748 6517 321
7748 6517 321
7748 6517 321
7748 6517 321
7748 6517 321
7748 6517 321
7748 6517 321
7748 6517 321
7748 6517 321
7748 6517 321
7748 6517 321
7748 6517 321
5390 6595 321
5390 6595 321
5390 6595 321
5390 6595 321
5390 6595 321
5390 6595 321
5390 6595 321
5390 6595 321
5390 6595 321
5390 6595 321
5390 6595 321
5390 6595 321
9159 9271 321
9159 9271 321
9159 9271 321
9159 9271 321
9159 9271 321
9159 9271 321
9159 9271 321
9159 9271 321
9159 9271 321
9159 9271 321
9159 9271 321
9159 9271 321
9159 9271 321
7702 6557 322
7702 6557 322
7702 6557 322
7702 6557 322
7702 6557 322
7702 6557 322
7702 6557 322
7702 6557 322
7702 6557 322
7702 6557 322
7702 6557 322
7702 6557 322
7702 6557 322
7725 7687 322
7725 7687 322
7725 7687 322
7725 7687 322
7725 7687 322
7725 7687 322
7725 7687 322
7725 7687 322
7725 7687 322
7725 7687 322
7725 7687 322
7725 7687 322
6578 6587 322
6578 6587 322
6578 6587 322
6578 6587 322
6578 6587 322
6578 6587 322
6578 6587 322
6578 6587 322
6578 6587 322
6578 6587 322
6578 6587 322
6578 6587 322
6460 6468 322
6460 6468 322
6460 6468 322
6460 6468 322
6460 6468 322
6460 6468 322
6460 6468 322
6460 6468 322
6460 6468 322
6460 6468 322
6460 6468 322
6460 6468 322
6460 6468 322
5259 5426 322
5259 5426 322
5259 5426 322
5259 5426 322
5259 5426 322
5259 5426 322
5259 5426 322
5259 5426 322
5259 5426 322
5259 5426 322
5259 5426 322
5259 5426 322
7755 7828 322
7755 7828 322
7755 7828 322
7755 7828 322
7755 7828 322
7755 7828 322
7755 7828 322
7755 7828 322
7755 7828 322
7755 7828 322
7755 7828 322
7755 7828 322
7755 7828 322
6566 6002 322
6566 6002 322
6566 6002 322
6566 6002 322
6566 6002 322
6566 6002 322
6566 6002 322
6566 6002 322
6566 6002 322
6566 6002 322
6566 6002 322
6566 6002 322
7751 6577 323
7751 6577 323
7751 6577 323
7751 6577 323
7751 6577 323
7751 6577 323
7751 6577 323
7751 6577 323
7751 6577 323
7751 6577 323
7751 6577 323
7751 6577 323
7751 6577 323
5446 5426 323
5446 5426 323
5446 5426 323
5446 5426 323
5446 5426 323
5446 5426 323
5446 5426 323
5446 5426 323
5446 5426 323
5446 5426 323
5446 5426 323
5446 5426 323
5446 5426 323
7923 7736 323
7923 7736 323
7923 7736 323
7923 7736 323
7923 7736 323
7923 7736 323
7923 7736 323
7923 7736 323
7923 7736 323
7923 7736 323
7923 7736 323
7923 7736 323
7923 7736 323
5251 8761 324
5251 8761 324
5251 8761 324
5251 8761 324
5251 8761 324
5251 8761 324
5251 8761 324
5251 8761 324
5251 8761 324
5251 8761 324
5251 8761 324
5251 8761 324
9224 5291 324
9224 5291 324
9224 5291 324
9224 5291 324
9224 5291 324
9224 5291 324
9224 5291 324
9224 5291 324
9224 5291 324
9224 5291 324
9224 5291 324
9224 5291 324
5276 9176 324
5276 9176 324
5276 9176 324
5276 9176 324
5276 9176 324
5276 9176 324
5276 9176 324
5276 9176 324
5276 9176 324
5276 9176 324
5276 9176 324
5276 9176 324
6587 6576 324
6587 6576 324
6587 6576 324
6587 6576 324
6587 6576 324
6587 6576 324
6587 6576 324
6587 6576 324
6587 6576 324
6587 6576 324
6587 6576 324
6587 6576 324
6426 7688 326
6426 7688 326
6426 7688 326
6426 7688 326
6426 7688 326
6426 7688 326
6426 7688 326
6426 7688 326
6426 7688 326
6426 7688 326
6426 7688 326
6426 7688 326
5444 5568 326
5444 5568 326
5444 5568 326
5444 5568 326
5444 5568 326
5444 5568 326
5444 5568 326
5444 5568 326
5444 5568 326
5444 5568 326
5444 5568 326
5444 5568 326
8451 6564 326
8451 6564 326
8451 6564 326
8451 6564 326
8451 6564 326
8451 6564 326
8451 6564 326
8451 6564 326
8451 6564 326
8451 6564 326
8451 6564 326
8451 6564 326
7714 6543 326
7714 6543 326
7714 6543 326
7714 6543 326
7714 6543 326
7714 6543 326
7714 6543 326
7714 6543 326
7714 6543 326
7714 6543 326
7714 6543 326
7714 6543 326
7714 6543 326
6436 7944 326
6436 7944 326
6436 7944 326
6436 7944 326
6436 7944 326
6436 7944 326
6436 7944 326
6436 7944 326
6436 7944 326
6436 7944 326
6436 7944 326
6436 7944 326
6436 7944 326
5924 7707 326
5924 7707 326
5924 7707 326
5924 7707 326
5924 7707 326
5924 7707 326
5924 7707 326
5924 7707 326
5924 7707 326
5924 7707 326
5924 7707 326
5924 7707 326
5924 7707 326
7699 7709 326
7699 7709 326
7699 7709 326
7699 7709 326
7699 7709 326
7699 7709 326
7699 7709 326
7699 7709 326
7699 7709 326
7699 7709 326
7699 7709 326
7699 7709 326
7699 7709 326
5294 5359 327
5294 5359 327
5294 5359 327
5294 5359 327
5294 5359 327
5294 5359 327
5294 5359 327
5294 5359 327
5294 5359 327
5294 5359 327
5294 5359 327
5294 5359 327
5294 5359 327
8444 6542 327
8444 6542 327
8444 6542 327
8444 6542 327
8444 6542 327
8444 6542 327
8444 6542 327
8444 6542 327
8444 6542 327
8444 6542 327
8444 6542 327
8444 6542 327
5406 5490 327
5406 5490 327
5406 5490 327
5406 5490 327
5406 5490 327
5406 5490 327
5406 5490 327
5406 5490 327
5406 5490 327
5406 5490 327
5406 5490 327
5406 5490 327
6613 6549 328
6613 6549 328
6613 6549 328
6613 6549 328
6613 6549 328
6613 6549 328
6613 6549 328
6613 6549 328
6613 6549 328
6613 6549 328
6613 6549 328
6613 6549 328
6613 6549 328
8769 9180 328
8769 9180 328
8769 9180 328
8769 9180 328
8769 9180 328
8769 9180 328
8769 9180 328
8769 9180 328
8769 9180 328
8769 9180 328
8769 9180 328
8769 9180 328
5379 6010 329
5379 6010 329
5379 6010 329
5379 6010 329
5379 6010 329
5379 6010 329
5379 6010 329
5379 6010 329
5379 6010 329
5379 6010 329
5379 6010 329
5379 6010 329
5379 6010 329
7683 6575 329
7683 6575 329
7683 6575 329
7683 6575 329
7683 6575 329
7683 6575 329
7683 6575 329
7683 6575 329
7683 6575 329
7683 6575 329
7683 6575 329
7683 6575 329
6544 6450 330
6544 6450 330
6544 6450 330
6544 6450 330
6544 6450 330
6544 6450 330
6544 6450 330
6544 6450 330
6544 6450 330
6544 6450 330
6544 6450 330
6544 6450 330
6544 6450 330
7684 7749 331
7684 7749 331
7684 7749 331
7684 7749 331
7684 7749 331
7684 7749 331
7684 7749 331
7684 7749 331
7684 7749 331
7684 7749 331
7684 7749 331
7684 7749 331
7684 7749 331
5343 5517 331
5343 5517 331
5343 5517 331
5343 5517 331
5343 5517 331
5343 5517 331
5343 5517 331
5343 5517 331
5343 5517 331
5343 5517 331
5343 5517 331
5343 5517 331
8458 5366 332
8458 5366 332
8458 5366 332
8458 5366 332
8458 5366 332
8458 5366 332
8458 5366 332
8458 5366 332
8458 5366 332
8458 5366 332
8458 5366 332
8458 5366 332
5440 5242 332
5440 5242 332
5440 5242 332
5440 5242 332
5440 5242 332
5440 5242 332
5440 5242 332
5440 5242 332
5440 5242 332
5440 5242 332
5440 5242 332
5440 5242 332
7476 7489 332
7476 7489 332
7476 7489 332
7476 7489 332
7476 7489 332
7476 7489 332
7476 7489 332
7476 7489 332
7476 7489 332
7476 7489 332
7476 7489 332
7476 7489 332
5391 5419 333
5391 5419 333
5391 5419 333
5391 5419 333
5391 5419 333
5391 5419 333
5391 5419 333
5391 5419 333
5391 5419 333
5391 5419 333
5391 5419 333
5391 5419 333
8452 6034 333
8452 6034 333
8452 6034 333
8452 6034 333
8452 6034 333
8452 6034 333
8452 6034 333
8452 6034 333
8452 6034 333
8452 6034 333
8452 6034 333
8452 6034 333
8841 9197 333
8841 9197 333
8841 9197 333
8841 9197 333
8841 9197 333
8841 9197 333
8841 9197 333
8841 9197 333
8841 9197 333
8841 9197 333
8841 9197 333
8841 9197 333
8841 9197 333
7742 7937 334
7742 7937 334
7742 7937 334
7742 7937 334
7742 7937 334
7742 7937 334
7742 7937 334
7742 7937 334
7742 7937 334
7742 7937 334
7742 7937 334
7742 7937 334
5389 6024 335
5389 6024 335
5389 6024 335
5389 6024 335
5389 6024 335
5389 6024 335
5389 6024 335
5389 6024 335
5389 6024 335
5389 6024 335
5389 6024 335
5389 6024 335
5353 6549 335
5353 6549 335
5353 6549 335
5353 6549 335
5353 6549 335
5353 6549 335
5353 6549 335
5353 6549 335
5353 6549 335
5353 6549 335
5353 6549 335
5353 6549 335
5353 6549 335
6560 8434 335
6560 8434 335
6560 8434 335
6560 8434 335
6560 8434 335
6560 8434 335
6560 8434 335
6560 8434 335
6560 8434 335
6560 8434 335
6560 8434 335
6560 8434 335
8354 7859 335
8354 7859 335
8354 7859 335
8354 7859 335
8354 7859 335
8354 7859 335
8354 7859 335
8354 7859 335
8354 7859 335
8354 7859 335
8354 7859 335
8354 7859 335
8354 7859 335
7721 5390 335
7721 5390 335
7721 5390 335
7721 5390 335
7721 5390 335
7721 5390 335
7721 5390 335
7721 5390 335
7721 5390 335
7721 5390 335
7721 5390 335
7721 5390 335
5312 9262 336
5312 9262 336
5312 9262 336
5312 9262 336
5312 9262 336
5312 9262 336
5312 9262 336
5312 9262 336
5312 9262 336
5312 9262 336
5312 9262 336
5312 9262 336
5312 9262 336
7874 8380 336
7874 8380 336
7874 8380 336
7874 8380 336
7874 8380 336
7874 8380 336
7874 8380 336
7874 8380 336
7874 8380 336
7874 8380 336
7874 8380 336
7874 8380 336
5412 5354 337
5412 5354 337
5412 5354 337
5412 5354 337
5412 5354 337
5412 5354 337
5412 5354 337
5412 5354 337
5412 5354 337
5412 5354 337
5412 5354 337
5412 5354 337
7727 6585 337
7727 6585 337
7727 6585 337
7727 6585 337
7727 6585 337
7727 6585 337
7727 6585 337
7727 6585 337
7727 6585 337
7727 6585 337
7727 6585 337
7727 6585 337
7727 6585 337
6603 6564 337
6603 6564 337
6603 6564 337
6603 6564 337
6603 6564 337
6603 6564 337
6603 6564 337
6603 6564 337
6603 6564 337
6603 6564 337
6603 6564 337
6603 6564 337
5442 8402 337
5442 8402 337
5442 8402 337
5442 8402 337
5442 8402 337
5442 8402 337
5442 8402 337
5442 8402 337
5442 8402 337
5442 8402 337
5442 8402 337
5442 8402 337
5442 8402 337
9159 5443 337
9159 5443 337
9159 5443 337
9159 5443 337
9159 5443 337
9159 5443 337
9159 5443 337
9159 5443 337
9159 5443 337
9159 5443 337
9159 5443 337
9159 5443 337
9159 5443 337
6584 6606 337
6584 6606 337
6584 6606 337
6584 6606 337
6584 6606 337
6584 6606 337
6584 6606 337
6584 6606 337
6584 6606 337
6584 6606 337
6584 6606 337
6584 6606 337
5464 6011 337
5464 6011 337
5464 6011 337
5464 6011 337
5464 6011 337
5464 6011 337
5464 6011 337
5464 6011 337
5464 6011 337
5464 6011 337
5464 6011 337
5464 6011 337
5464 6011 337
5431 5261 339
5431 5261 339
5431 5261 339
5431 5261 339
5431 5261 339
5431 5261 339
5431 5261 339
5431 5261 339
5431 5261 339
5431 5261 339
5431 5261 339
5431 5261 339
7879 7656 339
7879 7656 339
7879 7656 339
7879 7656 339
7879 7656 339
7879 7656 339
7879 7656 339
7879 7656 339
7879 7656 339
7879 7656 339
7879 7656 339
7879 7656 339
7879 7656 339
7836 7819 339
7836 7819 339
7836 7819 339
7836 7819 339
7836 7819 339
7836 7819 339
7836 7819 339
7836 7819 339
7836 7819 339
7836 7819 339
7836 7819 339
7836 7819 339
7836 7819 339
6415 8673 340
6415 8673 340
6415 8673 340
6415 8673 340
6415 8673 340
6415 8673 340
6415 8673 340
6415 8673 340
6415 8673 340
6415 8673 340
6415 8673 340
6415 8673 340
6415 8673 340
5292 8762 340
5292 8762 340
5292 8762 340
5292 8762 340
5292 8762 340
5292 8762 340
5292 8762 340
5292 8762 340
5292 8762 340
5292 8762 340
5292 8762 340
5292 8762 340
7754 7944 340
7754 7944 340
7754 7944 340
7754 7944 340
7754 7944 340
7754 7944 340
7754 7944 340
7754 7944 340
7754 7944 340
7754 7944 340
7754 7944 340
7754 7944 340
7754 7944 340
5359 8763 342
5359 8763 342
5359 8763 342
5359 8763 342
5359 8763 342
5359 8763 342
5359 8763 342
5359 8763 342
5359 8763 342
5359 8763 342
5359 8763 342
5359 8763 342
5359 8763 342
6407 6538 342
6407 6538 342
6407 6538 342
6407 6538 342
6407 6538 342
6407 6538 342
6407 6538 342
6407 6538 342
6407 6538 342
6407 6538 342
6407 6538 342
6407 6538 342
8474 8477 343
8474 8477 343
8474 8477 343
8474 8477 343
8474 8477 343
8474 8477 343
8474 8477 343
8474 8477 343
8474 8477 343
8474 8477 343
8474 8477 343
8474 8477 343
8474 8477 343
7886 7935 343
7886 7935 343
7886 7935 343
7886 7935 343
7886 7935 343
7886 7935 343
7886 7935 343
7886 7935 343
7886 7935 343
7886 7935 343
7886 7935 343
7886 7935 343
7886 7935 343
7908 7785 344
7908 7785 344
7908 7785 344
7908 7785 344
7908 7785 344
7908 7785 344
7908 7785 344
7908 7785 344
7908 7785 344
7908 7785 344
7908 7785 344
7908 7785 344
5995 5521 344
5995 5521 344
5995 5521 344
5995 5521 344
5995 5521 344
5995 5521 344
5995 5521 344
5995 5521 344
5995 5521 344
5995 5521 344
5995 5521 344
5995 5521 344
5456 5543 344
5456 5543 344
5456 5543 344
5456 5543 344
5456 5543 344
5456 5543 344
5456 5543 344
5456 5543 344
5456 5543 344
5456 5543 344
5456 5543 344
5456 5543 344
5456 5543 344
7707 6572 345
7707 6572 345
7707 6572 345
7707 6572 345
7707 6572 345
7707 6572 345
7707 6572 345
7707 6572 345
7707 6572 345
7707 6572 345
7707 6572 345
7707 6572 345
7707 6572 345
5289 5487 345
5289 5487 345
5289 5487 345
5289 5487 345
5289 5487 345
5289 5487 345
5289 5487 345
5289 5487 345
5289 5487 345
5289 5487 345
5289 5487 345
5289 5487 345
5289 5487 345
6534 6594 345
6534 6594 345
6534 6594 345
6534 6594 345
6534 6594 345
6534 6594 345
6534 6594 345
6534 6594 345
6534 6594 345
6534 6594 345
6534 6594 345
6534 6594 345
7756 6564 345
7756 6564 345
7756 6564 345
7756 6564 345
7756 6564 345
7756 6564 345
7756 6564 345
7756 6564 345
7756 6564 345
7756 6564 345
7756 6564 345
7756 6564 345
7756 6564 345
6380 8437 346
6380 8437 346
6380 8437 346
6380 8437 346
6380 8437 346
6380 8437 346
6380 8437 346
6380 8437 346
6380 8437 346
6380 8437 346
6380 8437 346
6380 8437 346
6380 8437 346
6595 5391 346
6595 5391 346
6595 5391 346
6595 5391 346
6595 5391 346
6595 5391 346
6595 5391 346
6595 5391 346
6595 5391 346
6595 5391 346
6595 5391 346
6595 5391 346
6595 5391 346
7760 8454 347
7760 8454 347
7760 8454 347
7760 8454 347
7760 8454 347
7760 8454 347
7760 8454 347
7760 8454 347
7760 8454 347
7760 8454 347
7760 8454 347
7760 8454 347
6537 6491 347
6537 6491 347
6537 6491 347
6537 6491 347
6537 6491 347
6537 6491 347
6537 6491 347
6537 6491 347
6537 6491 347
6537 6491 347
6537 6491 347
6537 6491 347
6044 5385 347
6044 5385 347
6044 5385 347
6044 5385 347
6044 5385 347
6044 5385 347
6044 5385 347
6044 5385 347
6044 5385 347
6044 5385 347
6044 5385 347
6044 5385 347
6044 5385 347
7896 7889 349
7896 7889 349
7896 7889 349
7896 7889 349
7896 7889 349
7896 7889 349
7896 7889 349
7896 7889 349
7896 7889 349
7896 7889 349
7896 7889 349
7896 7889 349
7896 7889 349
5409 5433 349
5409 5433 349
5409 5433 349
5409 5433 349
5409 5433 349
5409 5433 349
5409 5433 349
5409 5433 349
5409 5433 349
5409 5433 349
5409 5433 349
5409 5433 349
7653 7544 349
7653 7544 349
7653 7544 349
7653 7544 349
7653 7544 349
7653 7544 349
7653 7544 349
7653 7544 349
7653 7544 349
7653 7544 349
7653 7544 349
7653 7544 349
6448 6381 350
6448 6381 350
6448 6381 350
6448 6381 350
6448 6381 350
6448 6381 350
6448 6381 350
6448 6381 350
6448 6381 350
6448 6381 350
6448 6381 350
6448 6381 350
6573 7731 350
6573 7731 350
6573 7731 350
6573 7731 350
6573 7731 350
6573 7731 350
6573 7731 350
6573 7731 350
6573 7731 350
6573 7731 350
6573 7731 350
6573 7731 350
6573 7731 350
7708 6542 351
7708 6542 351
7708 6542 351
7708 6542 351
7708 6542 351
7708 6542 351
7708 6542 351
7708 6542 351
7708 6542 351
7708 6542 351
7708 6542 351
7708 6542 351
7708 6542 351
6535 6381 351
6535 6381 351
6535 6381 351
6535 6381 351
6535 6381 351
6535 6381 351
6535 6381 351
6535 6381 351
6535 6381 351
6535 6381 351
6535 6381 351
6535 6381 351
6500 7475 352
6500 7475 352
6500 7475 352
6500 7475 352
6500 7475 352
6500 7475 352
6500 7475 352
6500 7475 352
6500 7475 352
6500 7475 352
6500 7475 352
6500 7475 352
6500 7475 352
8461 6554 353
8461 6554 353
8461 6554 353
8461 6554 353
8461 6554 353
8461 6554 353
8461 6554 353
8461 6554 353
8461 6554 353
8461 6554 353
8461 6554 353
8461 6554 353
8461 6554 353
5436 5793 355
5436 5793 355
5436 5793 355
5436 5793 355
5436 5793 355
5436 5793 355
5436 5793 355
5436 5793 355
5436 5793 355
5436 5793 355
5436 5793 355
5436 5793 355
5436 5793 355
5488 9205 356
5488 9205 356
5488 9205 356
5488 9205 356
5488 9205 356
5488 9205 356
5488 9205 356
5488 9205 356
5488 9205 356
5488 9205 356
5488 9205 356
5488 9205 356
5488 9205 356
7633 7838 357
7633 7838 357
7633 7838 357
7633 7838 357
7633 7838 357
7633 7838 357
7633 7838 357
7633 7838 357
7633 7838 357
7633 7838 357
7633 7838 357
7633 7838 357
7633 7838 357
6598 6524 357
6598 6524 357
6598 6524 357
6598 6524 357
6598 6524 357
6598 6524 357
6598 6524 357
6598 6524 357
6598 6524 357
6598 6524 357
6598 6524 357
6598 6524 357
6598 6524 357
8462 7726 359
8462 7726 359
8462 7726 359
8462 7726 359
8462 7726 359
8462 7726 359
8462 7726 359
8462 7726 359
8462 7726 359
8462 7726 359
8462 7726 359
8462 7726 359
6361 6407 360
6361 6407 360
6361 6407 360
6361 6407 360
6361 6407 360
6361 6407 360
6361 6407 360
6361 6407 360
6361 6407 360
6361 6407 360
6361 6407 360
6361 6407 360
5442 9157 362
5442 9157 362
5442 9157 362
5442 9157 362
5442 9157 362
5442 9157 362
5442 9157 362
5442 9157 362
5442 9157 362
5442 9157 362
5442 9157 362
5442 9157 362
7676 7786 364
7676 7786 364
7676 7786 364
7676 7786 364
7676 7786 364
7676 7786 364
7676 7786 364
7676 7786 364
7676 7786 364
7676 7786 364
7676 7786 364
7676 7786 364
7676 7786 364
5991 5252 365
5991 5252 365
5991 5252 365
5991 5252 365
5991 5252 365
5991 5252 365
5991 5252 365
5991 5252 365
5991 5252 365
5991 5252 365
5991 5252 365
5991 5252 365
6585 5356 366
6585 5356 366
6585 5356 366
6585 5356 366
6585 5356 366
6585 5356 366
6585 5356 366
6585 5356 366
6585 5356 366
6585 5356 366
6585 5356 366
6585 5356 366
6585 5356 366
5296 5564 366
5296 5564 366
5296 5564 366
5296 5564 366
5296 5564 366
5296 5564 366
5296 5564 366
5296 5564 366
5296 5564 366
5296 5564 366
5296 5564 366
5296 5564 366
5296 5564 366
6494 6449 368
6494 6449 368
6494 6449 368
6494 6449 368
6494 6449 368
6494 6449 368
6494 6449 368
6494 6449 368
6494 6449 368
6494 6449 368
6494 6449 368
6494 6449 368
6562 6366 369
6562 6366 369
6562 6366 369
6562 6366 369
6562 6366 369
6562 6366 369
6562 6366 369
6562 6366 369
6562 6366 369
6562 6366 369
6562 6366 369
6562 6366 369
6562 6366 369
5381 9274 371
5381 9274 371
5381 9274 371
5381 9274 371
5381 9274 371
5381 9274 371
5381 9274 371
5381 9274 371
5381 9274 371
5381 9274 371
5381 9274 371
5381 9274 371
5361 5280 375
5361 5280 375
5361 5280 375
5361 5280 375
5361 5280 375
5361 5280 375
5361 5280 375
5361 5280 375
5361 5280 375
5361 5280 375
5361 5280 375
5361 5280 375
7689 6381 382
7689 6381 382
7689 6381 382
7689 6381 382
7689 6381 382
7689 6381 382
7689 6381 382
7689 6381 382
7689 6381 382
7689 6381 382
7689 6381 382
7689 6381 382
7689 6381 382
6407 8436 391
6407 8436 391
6407 8436 391
6407 8436 391
6407 8436 391
6407 8436 391
6407 8436 391
6407 8436 391
6407 8436 391
6407 8436 391
6407 8436 391
6407 8436 391
7969 7754 395
7969 7754 395
7969 7754 395
7969 7754 395
7969 7754 395
7969 7754 395
7969 7754 395
7969 7754 395
7969 7754 395
7969 7754 395
7969 7754 395
7969 7754 395
6529 5358 400
6529 5358 400
6529 5358 400
6529 5358 400
6529 5358 400
6529 5358 400
6529 5358 400
6529 5358 400
6529 5358 400
6529 5358 400
6529 5358 400
6529 5358 400
6529 5358 400
8463 6553 404
8463 6553 404
8463 6553 404
8463 6553 404
8463 6553 404
8463 6553 404
8463 6553 404
8463 6553 404
8463 6553 404
8463 6553 404
8463 6553 404
8463 6553 404
7948 7763 406
7948 7763 406
7948 7763 406
7948 7763 406
7948 7763 406
7948 7763 406
7948 7763 406
7948 7763 406
7948 7763 406
7948 7763 406
7948 7763 406
7948 7763 406
7948 7763 406
6544 7694 407
6544 7694 407
6544 7694 407
6544 7694 407
6544 7694 407
6544 7694 407
6544 7694 407
6544 7694 407
6544 7694 407
6544 7694 407
6544 7694 407
6544 7694 407
6519 7729 408
6519 7729 408
6519 7729 408
6519 7729 408
6519 7729 408
6519 7729 408
6519 7729 408
6519 7729 408
6519 7729 408
6519 7729 408
6519 7729 408
6519 7729 408
8476 5389 408
8476 5389 408
8476 5389 408
8476 5389 408
8476 5389 408
8476 5389 408
8476 5389 408
8476 5389 408
8476 5389 408
8476 5389 408
8476 5389 408
8476 5389 408
8476 5389 408
6544 6585 409
6544 6585 409
6544 6585 409
6544 6585 409
6544 6585 409
6544 6585 409
6544 6585 409
6544 6585 409
6544 6585 409
6544 6585 409
6544 6585 409
6544 6585 409
6544 6585 409
5600 5289 410
5600 5289 410
5600 5289 410
5600 5289 410
5600 5289 410
5600 5289 410
5600 5289 410
5600 5289 410
5600 5289 410
5600 5289 410
5600 5289 410
5600 5289 410
6508 6355 410
6508 6355 410
6508 6355 410
6508 6355 410
6508 6355 410
6508 6355 410
6508 6355 410
6508 6355 410
6508 6355 410
6508 6355 410
6508 6355 410
6508 6355 410
6508 6355 410
6045 8446 410
6045 8446 410
6045 8446 410
6045 8446 410
6045 8446 410
6045 8446 410
6045 8446 410
6045 8446 410
6045 8446 410
6045 8446 410
6045 8446 410
6045 8446 410
6045 8446 410
6514 6596 411
6514 6596 411
6514 6596 411
6514 6596 411
6514 6596 411
6514 6596 411
6514 6596 411
6514 6596 411
6514 6596 411
6514 6596 411
6514 6596 411
6514 6596 411
6514 6596 411
7941 6443 411
7941 6443 411
7941 6443 411
7941 6443 411
7941 6443 411
7941 6443 411
7941 6443 411
7941 6443 411
7941 6443 411
7941 6443 411
7941 6443 411
7941 6443 411
6613 5378 411
6613 5378 411
6613 5378 411
6613 5378 411
6613 5378 411
6613 5378 411
6613 5378 411
6613 5378 411
6613 5378 411
6613 5378 411
6613 5378 411
6613 5378 411
6479 6357 411
6479 6357 411
6479 6357 411
6479 6357 411
6479 6357 411
6479 6357 411
6479 6357 411
6479 6357 411
6479 6357 411
6479 6357 411
6479 6357 411
6479 6357 411
6544 6605 411
6544 6605 411
6544 6605 411
6544 6605 411
6544 6605 411
6544 6605 411
6544 6605 411
6544 6605 411
6544 6605 411
6544 6605 411
6544 6605 411
6544 6605 411
5285 5353 412
5285 5353 412
5285 5353 412
5285 5353 412
5285 5353 412
5285 5353 412
5285 5353 412
5285 5353 412
5285 5353 412
5285 5353 412
5285 5353 412
5285 5353 412
5285 5353 412
5532 5334 412
5532 5334 412
5532 5334 412
5532 5334 412
5532 5334 412
5532 5334 412
5532 5334 412
5532 5334 412
5532 5334 412
5532 5334 412
5532 5334 412
5532 5334 412
5532 5334 412
9146 8439 412
9146 8439 412
9146 8439 412
9146 8439 412
9146 8439 412
9146 8439 412
9146 8439 412
9146 8439 412
9146 8439 412
9146 8439 412
9146 8439 412
9146 8439 412
9146 8439 412
7633 7724 413
7633 7724 413
7633 7724 413
7633 7724 413
7633 7724 413
7633 7724 413
7633 7724 413
7633 7724 413
7633 7724 413
7633 7724 413
7633 7724 413
7633 7724 413
7633 7724 413
6496 7702 414
6496 7702 414
6496 7702 414
6496 7702 414
6496 7702 414
6496 7702 414
6496 7702 414
6496 7702 414
6496 7702 414
6496 7702 414
6496 7702 414
6496 7702 414
5353 6541 414
5353 6541 414
5353 6541 414
5353 6541 414
5353 6541 414
5353 6541 414
5353 6541 414
5353 6541 414
5353 6541 414
5353 6541 414
5353 6541 414
5353 6541 414
5353 6541 414
6003 6596 414
6003 6596 414
6003 6596 414
6003 6596 414
6003 6596 414
6003 6596 414
6003 6596 414
6003 6596 414
6003 6596 414
6003 6596 414
6003 6596 414
6003 6596 414
6003 6596 414
7787 6595 414
7787 6595 414
7787 6595 414
7787 6595 414
7787 6595 414
7787 6595 414
7787 6595 414
7787 6595 414
7787 6595 414
7787 6595 414
7787 6595 414
7787 6595 414
5296 5488 415
5296 5488 415
5296 5488 415
5296 5488 415
5296 5488 415
5296 5488 415
5296 5488 415
5296 5488 415
5296 5488 415
5296 5488 415
5296 5488 415
5296 5488 415
5296 5488 415
7721 6595 415
7721 6595 415
7721 6595 415
7721 6595 415
7721 6595 415
7721 6595 415
7721 6595 415
7721 6595 415
7721 6595 415
7721 6595 415
7721 6595 415
7721 6595 415
7691 7759 415
7691 7759 415
7691 7759 415
7691 7759 415
7691 7759 415
7691 7759 415
7691 7759 415
7691 7759 415
7691 7759 415
7691 7759 415
7691 7759 415
7691 7759 415
7691 7759 415
7844 7689 415
7844 7689 415
7844 7689 415
7844 7689 415
7844 7689 415
7844 7689 415
7844 7689 415
7844 7689 415
7844 7689 415
7844 7689 415
7844 7689 415
7844 7689 415
7844 7689 415
6496 7745 416
6496 7745 416
6496 7745 416
6496 7745 416
6496 7745 416
6496 7745 416
6496 7745 416
6496 7745 416
6496 7745 416
6496 7745 416
6496 7745 416
6496 7745 416
6042 8455 416
6042 8455 416
6042 8455 416
6042 8455 416
6042 8455 416
6042 8455 416
6042 8455 416
6042 8455 416
6042 8455 416
6042 8455 416
6042 8455 416
6042 8455 416
6038 7708 416
6038 7708 416
6038 7708 416
6038 7708 416
6038 7708 416
6038 7708 416
6038 7708 416
6038 7708 416
6038 7708 416
6038 7708 416
6038 7708 416
6038 7708 416
8684 6560 417
8684 6560 417
8684 6560 417
8684 6560 417
8684 6560 417
8684 6560 417
8684 6560 417
8684 6560 417
8684 6560 417
8684 6560 417
8684 6560 417
8684 6560 417
8436 6609 418
8436 6609 418
8436 6609 418
8436 6609 418
8436 6609 418
8436 6609 418
8436 6609 418
8436 6609 418
8436 6609 418
8436 6609 418
8436 6609 418
8436 6609 418
7868 7844 418
7868 7844 418
7868 7844 418
7868 7844 418
7868 7844 418
7868 7844 418
7868 7844 418
7868 7844 418
7868 7844 418
7868 7844 418
7868 7844 418
7868 7844 418
7868 7844 418
7920 8475 418
7920 8475 418
7920 8475 418
7920 8475 418
7920 8475 418
7920 8475 418
7920 8475 418
7920 8475 418
7920 8475 418
7920 8475 418
7920 8475 418
7920 8475 418
7920 8475 418
6565 5405 418
6565 5405 418
6565 5405 418
6565 5405 418
6565 5405 418
6565 5405 418
6565 5405 418
6565 5405 418
6565 5405 418
6565 5405 418
6565 5405 418
6565 5405 418
6579 9603 420
6579 9603 420
6579 9603 420
6579 9603 420
6579 9603 420
6579 9603 420
6579 9603 420
6579 9603 420
6579 9603 420
6579 9603 420
6579 9603 420
6579 9603 420
6579 9603 420
8434 8670 420
8434 8670 420
8434 8670 420
8434 8670 420
8434 8670 420
8434 8670 420
8434 8670 420
8434 8670 420
8434 8670 420
8434 8670 420
8434 8670 420
8434 8670 420
6549 6596 420
6549 6596 420
6549 6596 420
6549 6596 420
6549 6596 420
6549 6596 420
6549 6596 420
6549 6596 420
6549 6596 420
6549 6596 420
6549 6596 420
6549 6596 420
6549 6596 420
6577 6553 421
6577 6553 421
6577 6553 421
6577 6553 421
6577 6553 421
6577 6553 421
6577 6553 421
6577 6553 421
6577 6553 421
6577 6553 421
6577 6553 421
6577 6553 421
6013 5990 422
6013 5990 422
6013 5990 422
6013 5990 422
6013 5990 422
6013 5990 422
6013 5990 422
6013 5990 422
6013 5990 422
6013 5990 422
6013 5990 422
6013 5990 422
8806 9210 422
8806 9210 422
8806 9210 422
8806 9210 422
8806 9210 422
8806 9210 422
8806 9210 422
8806 9210 422
8806 9210 422
8806 9210 422
8806 9210 422
8806 9210 422
9612 6327 422
9612 6327 422
9612 6327 422
9612 6327 422
9612 6327 422
9612 6327 422
9612 6327 422
9612 6327 422
9612 6327 422
9612 6327 422
9612 6327 422
9612 6327 422
9612 6327 422
8672 6601 423
8672 6601 423
8672 6601 423
8672 6601 423
8672 6601 423
8672 6601 423
8672 6601 423
8672 6601 423
8672 6601 423
8672 6601 423
8672 6601 423
8672 6601 423
8672 6601 423
5389 8767 423
5389 8767 423
5389 8767 423
5389 8767 423
5389 8767 423
5389 8767 423
5389 8767 423
5389 8767 423
5389 8767 423
5389 8767 423
5389 8767 423
5389 8767 423
5389 8767 423
5297 5330 423
5297 5330 423
5297 5330 423
5297 5330 423
5297 5330 423
5297 5330 423
5297 5330 423
5297 5330 423
5297 5330 423
5297 5330 423
5297 5330 423
5297 5330 423
5297 5330 423
7830 9652 424
7830 9652 424
7830 9652 424
7830 9652 424
7830 9652 424
7830 9652 424
7830 9652 424
7830 9652 424
7830 9652 424
7830 9652 424
7830 9652 424
7830 9652 424
7686 6451 424
7686 6451 424
7686 6451 424
7686 6451 424
7686 6451 424
7686 6451 424
7686 6451 424
7686 6451 424
7686 6451 424
7686 6451 424
7686 6451 424
7686 6451 424
6535 7744 424
6535 7744 424
6535 7744 424
6535 7744 424
6535 7744 424
6535 7744 424
6535 7744 424
6535 7744 424
6535 7744 424
6535 7744 424
6535 7744 424
6535 7744 424
6535 7744 424
7774 7892 424
7774 7892 424
7774 7892 424
7774 7892 424
7774 7892 424
7774 7892 424
7774 7892 424
7774 7892 424
7774 7892 424
7774 7892 424
7774 7892 424
7774 7892 424
6064 7771 424
6064 7771 424
6064 7771 424
6064 7771 424
6064 7771 424
6064 7771 424
6064 7771 424
6064 7771 424
6064 7771 424
6064 7771 424
6064 7771 424
6064 7771 424
6064 7771 424
6589 5361 424
6589 5361 424
6589 5361 424
6589 5361 424
6589 5361 424
6589 5361 424
6589 5361 424
6589 5361 424
6589 5361 424
6589 5361 424
6589 5361 424
6589 5361 424
7879 7777 424
7879 7777 424
7879 7777 424
7879 7777 424
7879 7777 424
7879 7777 424
7879 7777 424
7879 7777 424
7879 7777 424
7879 7777 424
7879 7777 424
7879 7777 424
8774 6405 424
8774 6405 424
8774 6405 424
8774 6405 424
8774 6405 424
8774 6405 424
8774 6405 424
8774 6405 424
8774 6405 424
8774 6405 424
8774 6405 424
8774 6405 424
6328 7545 425
6328 7545 425
6328 7545 425
6328 7545 425
6328 7545 425
6328 7545 425
6328 7545 425
6328 7545 425
6328 7545 425
6328 7545 425
6328 7545 425
6328 7545 425
6328 7545 425
7891 7910 425
7891 7910 425
7891 7910 425
7891 7910 425
7891 7910 425
7891 7910 425
7891 7910 425
7891 7910 425
7891 7910 425
7891 7910 425
7891 7910 425
7891 7910 425
7891 7910 425
5505 5271 425
5505 5271 425
5505 5271 425
5505 5271 425
5505 5271 425
5505 5271 425
5505 5271 425
5505 5271 425
5505 5271 425
5505 5271 425
5505 5271 425
5505 5271 425
5505 5271 425
6542 6350 425
6542 6350 425
6542 6350 425
6542 6350 425
6542 6350 425
6542 6350 425
6542 6350 425
6542 6350 425
6542 6350 425
6542 6350 425
6542 6350 425
6542 6350 425
6542 6350 425
6540 7765 425
6540 7765 425
6540 7765 425
6540 7765 425
6540 7765 425
6540 7765 425
6540 7765 425
6540 7765 425
6540 7765 425
6540 7765 425
6540 7765 425
6540 7765 425
9595 6498 426
9595 6498 426
9595 6498 426
9595 6498 426
9595 6498 426
9595 6498 426
9595 6498 426
9595 6498 426
9595 6498 426
9595 6498 426
9595 6498 426
9595 6498 426
8437 9155 426
8437 9155 426
8437 9155 426
8437 9155 426
8437 9155 426
8437 9155 426
8437 9155 426
8437 9155 426
8437 9155 426
8437 9155 426
8437 9155 426
8437 9155 426
8437 9155 426
7935 7783 426
7935 7783 426
7935 7783 426
7935 7783 426
7935 7783 426
7935 7783 426
7935 7783 426
7935 7783 426
7935 7783 426
7935 7783 426
7935 7783 426
7935 7783 426
6514 6324 426
6514 6324 426
6514 6324 426
6514 6324 426
6514 6324 426
6514 6324 426
6514 6324 426
6514 6324 426
6514 6324 426
6514 6324 426
6514 6324 426
6514 6324 426
6369 6508 427
6369 6508 427
6369 6508 427
6369 6508 427
6369 6508 427
6369 6508 427
6369 6508 427
6369 6508 427
6369 6508 427
6369 6508 427
6369 6508 427
6369 6508 427
6369 6508 427
6382 6454 427
6382 6454 427
6382 6454 427
6382 6454 427
6382 6454 427
6382 6454 427
6382 6454 427
6382 6454 427
6382 6454 427
6382 6454 427
6382 6454 427
6382 6454 427
6382 6454 427
7934 7740 427
7934 7740 427
7934 7740 427
7934 7740 427
7934 7740 427
7934 7740 427
7934 7740 427
7934 7740 427
7934 7740 427
7934 7740 427
7934 7740 427
7934 7740 427
7934 7740 427
5296 5321 427
5296 5321 427
5296 5321 427
5296 5321 427
5296 5321 427
5296 5321 427
5296 5321 427
5296 5321 427
5296 5321 427
5296 5321 427
5296 5321 427
5296 5321 427
7661 7871 427
7661 7871 427
7661 7871 427
7661 7871 427
7661 7871 427
7661 7871 427
7661 7871 427
7661 7871 427
7661 7871 427
7661 7871 427
7661 7871 427
7661 7871 427
7661 7871 427
7774 7961 428
7774 7961 428
7774 7961 428
7774 7961 428
7774 7961 428
7774 7961 428
7774 7961 428
7774 7961 428
7774 7961 428
7774 7961 428
7774 7961 428
7774 7961 428
7774 7961 428
8436 6606 429
8436 6606 429
8436 6606 429
8436 6606 429
8436 6606 429
8436 6606 429
8436 6606 429
8436 6606 429
8436 6606 429
8436 6606 429
8436 6606 429
8436 6606 429
8436 6606 429
6439 8354 429
6439 8354 429
6439 8354 429
6439 8354 429
6439 8354 429
6439 8354 429
6439 8354 429
6439 8354 429
6439 8354 429
6439 8354 429
6439 8354 429
6439 8354 429
6439 8354 429
6606 7683 429
6606 7683 429
6606 7683 429
6606 7683 429
6606 7683 429
6606 7683 429
6606 7683 429
6606 7683 429
6606 7683 429
6606 7683 429
6606 7683 429
6606 7683 429
6606 7683 429
9634 6528 429
9634 6528 429
9634 6528 429
9634 6528 429
9634 6528 429
9634 6528 429
9634 6528 429
9634 6528 429
9634 6528 429
9634 6528 429
9634 6528 429
9634 6528 429
5393 5365 429
5393 5365 429
5393 5365 429
5393 5365 429
5393 5365 429
5393 5365 429
5393 5365 429
5393 5365 429
5393 5365 429
5393 5365 429
5393 5365 429
5393 5365 429
5393 5365 429
6081 6046 429
6081 6046 429
6081 6046 429
6081 6046 429
6081 6046 429
6081 6046 429
6081 6046 429
6081 6046 429
6081 6046 429
6081 6046 429
6081 6046 429
6081 6046 429
6081 6046 429
5358 5286 429
5358 5286 429
5358 5286 429
5358 5286 429
5358 5286 429
5358 5286 429
5358 5286 429
5358 5286 429
5358 5286 429
5358 5286 429
5358 5286 429
5358 5286 429
6537 7700 430
6537 7700 430
6537 7700 430
6537 7700 430
6537 7700 430
6537 7700 430
6537 7700 430
6537 7700 430
6537 7700 430
6537 7700 430
6537 7700 430
6537 7700 430
6524 6560 430
6524 6560 430
6524 6560 430
6524 6560 430
6524 6560 430
6524 6560 430
6524 6560 430
6524 6560 430
6524 6560 430
6524 6560 430
6524 6560 430
6524 6560 430
6306 6549 430
6306 6549 430
6306 6549 430
6306 6549 430
6306 6549 430
6306 6549 430
6306 6549 430
6306 6549 430
6306 6549 430
6306 6549 430
6306 6549 430
6306 6549 430
6306 6549 430
5442 9157 430
5442 9157 430
5442 9157 430
5442 9157 430
5442 9157 430
5442 9157 430
5442 9157 430
5442 9157 430
5442 9157 430
5442 9157 430
5442 9157 430
5442 9157 430
7786 7700 430
7786 7700 430
7786 7700 430
7786 7700 430
7786 7700 430
7786 7700 430
7786 7700 430
7786 7700 430
7786 7700 430
7786 7700 430
7786 7700 430
7786 7700 430
7786 7700 430
6607 8436 430
6607 8436 430
6607 8436 430
6607 8436 430
6607 8436 430
6607 8436 430
6607 8436 430
6607 8436 430
6607 8436 430
6607 8436 430
6607 8436 430
6607 8436 430
6607 8436 430
7749 8467 431
7749 8467 431
7749 8467 431
7749 8467 431
7749 8467 431
7749 8467 431
7749 8467 431
7749 8467 431
7749 8467 431
7749 8467 431
7749 8467 431
7749 8467 431
8781 8796 432
8781 8796 432
8781 8796 432
8781 8796 432
8781 8796 432
8781 8796 432
8781 8796 432
8781 8796 432
8781 8796 432
8781 8796 432
8781 8796 432
8781 8796 432
8781 8796 432
5320 5405 432
5320 5405 432
5320 5405 432
5320 5405 432
5320 5405 432
5320 5405 432
5320 5405 432
5320 5405 432
5320 5405 432
5320 5405 432
5320 5405 432
5320 5405 432
8440 7765 432
8440 7765 432
8440 7765 432
8440 7765 432
8440 7765 432
8440 7765 432
8440 7765 432
8440 7765 432
8440 7765 432
8440 7765 432
8440 7765 432
8440 7765 432
8440 7765 432
7664 7474 432
7664 7474 432
7664 7474 432
7664 7474 432
7664 7474 432
7664 7474 432
7664 7474 432
7664 7474 432
7664 7474 432
7664 7474 432
7664 7474 432
7664 7474 432
7756 7633 432
7756 7633 432
7756 7633 432
7756 7633 432
7756 7633 432
7756 7633 432
7756 7633 432
7756 7633 432
7756 7633 432
7756 7633 432
7756 7633 432
7756 7633 432
5993 7717 432
5993 7717 432
5993 7717 432
5993 7717 432
5993 7717 432
5993 7717 432
5993 7717 432
5993 7717 432
5993 7717 432
5993 7717 432
5993 7717 432
5993 7717 432
7714 7699 433
7714 7699 433
7714 7699 433
7714 7699 433
7714 7699 433
7714 7699 433
7714 7699 433
7714 7699 433
7714 7699 433
7714 7699 433
7714 7699 433
7714 7699 433
7714 7699 433
7881 7907 433
7881 7907 433
7881 7907 433
7881 7907 433
7881 7907 433
7881 7907 433
7881 7907 433
7881 7907 433
7881 7907 433
7881 7907 433
7881 7907 433
7881 7907 433
5289 8774 433
5289 8774 433
5289 8774 433
5289 8774 433
5289 8774 433
5289 8774 433
5289 8774 433
5289 8774 433
5289 8774 433
5289 8774 433
5289 8774 433
5289 8774 433
5289 8774 433
5997 5443 433
5997 5443 433
5997 5443 433
5997 5443 433
5997 5443 433
5997 5443 433
5997 5443 433
5997 5443 433
5997 5443 433
5997 5443 433
5997 5443 433
5997 5443 433
7743 7732 433
7743 7732 433
7743 7732 433
7743 7732 433
7743 7732 433
7743 7732 433
7743 7732 433
7743 7732 433
7743 7732 433
7743 7732 433
7743 7732 433
7743 7732 433
5442 5298 433
5442 5298 433
5442 5298 433
5442 5298 433
5442 5298 433
5442 5298 433
5442 5298 433
5442 5298 433
5442 5298 433
5442 5298 433
5442 5298 433
5442 5298 433
5442 5298 433
7894 7730 433
7894 7730 433
7894 7730 433
7894 7730 433
7894 7730 433
7894 7730 433
7894 7730 433
7894 7730 433
7894 7730 433
7894 7730 433
7894 7730 433
7894 7730 433
7645 7520 434
7645 7520 434
7645 7520 434
7645 7520 434
7645 7520 434
7645 7520 434
7645 7520 434
7645 7520 434
7645 7520 434
7645 7520 434
7645 7520 434
7645 7520 434
5398 8461 434
5398 8461 434
5398 8461 434
5398 8461 434
5398 8461 434
5398 8461 434
5398 8461 434
5398 8461 434
5398 8461 434
5398 8461 434
5398 8461 434
5398 8461 434
5398 8461 434
7723 7732 434
7723 7732 434
7723 7732 434
7723 7732 434
7723 7732 434
7723 7732 434
7723 7732 434
7723 7732 434
7723 7732 434
7723 7732 434
7723 7732 434
7723 7732 434
7723 7732 434
6005 6599 434
6005 6599 434
6005 6599 434
6005 6599 434
6005 6599 434
6005 6599 434
6005 6599 434
6005 6599 434
6005 6599 434
6005 6599 434
6005 6599 434
6005 6599 434
5991 5415 434
5991 5415 434
5991 5415 434
5991 5415 434
5991 5415 434
5991 5415 434
5991 5415 434
5991 5415 434
5991 5415 434
5991 5415 434
5991 5415 434
5991 5415 434
5991 5415 434
8832 8752 435
8832 8752 435
8832 8752 435
8832 8752 435
8832 8752 435
8832 8752 435
8832 8752 435
8832 8752 435
8832 8752 435
8832 8752 435
8832 8752 435
8832 8752 435
6365 8441 435
6365 8441 435
6365 8441 435
6365 8441 435
6365 8441 435
6365 8441 435
6365 8441 435
6365 8441 435
6365 8441 435
6365 8441 435
6365 8441 435
6365 8441 435
6365 8441 435
5355 6031 435
5355 6031 435
5355 6031 435
5355 6031 435
5355 6031 435
5355 6031 435
5355 6031 435
5355 6031 435
5355 6031 435
5355 6031 435
5355 6031 435
5355 6031 435
6549 6363 435
6549 6363 435
6549 6363 435
6549 6363 435
6549 6363 435
6549 6363 435
6549 6363 435
6549 6363 435
6549 6363 435
6549 6363 435
6549 6363 435
6549 6363 435
5320 5468 435
5320 5468 435
5320 5468 435
5320 5468 435
5320 5468 435
5320 5468 435
5320 5468 435
5320 5468 435
5320 5468 435
5320 5468 435
5320 5468 435
5320 5468 435
5320 5468 435
5358 5272 435
5358 5272 435
5358 5272 435
5358 5272 435
5358 5272 435
5358 5272 435
5358 5272 435
5358 5272 435
5358 5272 435
5358 5272 435
5358 5272 435
5358 5272 435
5410 8458 435
5410 8458 435
5410 8458 435
5410 8458 435
5410 8458 435
5410 8458 435
5410 8458 435
5410 8458 435
5410 8458 435
5410 8458 435
5410 8458 435
5410 8458 435
7903 7863 436
7903 7863 436
7903 7863 436
7903 7863 436
7903 7863 436
7903 7863 436
7903 7863 436
7903 7863 436
7903 7863 436
7903 7863 436
7903 7863 436
7903 7863 436
9146 8435 436
9146 8435 436
9146 8435 436
9146 8435 436
9146 8435 436
9146 8435 436
9146 8435 436
9146 8435 436
9146 8435 436
9146 8435 436
9146 8435 436
9146 8435 436
5358 8453 436
5358 8453 436
5358 8453 436
5358 8453 436
5358 8453 436
5358 8453 436
5358 8453 436
5358 8453 436
5358 8453 436
5358 8453 436
5358 8453 436
5358 8453 436
7859 7750 436
7859 7750 436
7859 7750 436
7859 7750 436
7859 7750 436
7859 7750 436
7859 7750 436
7859 7750 436
7859 7750 436
7859 7750 436
7859 7750 436
7859 7750 436
7859 7750 436
5398 5280 436
5398 5280 436
5398 5280 436
5398 5280 436
5398 5280 436
5398 5280 436
5398 5280 436
5398 5280 436
5398 5280 436
5398 5280 436
5398 5280 436
5398 5280 436
5398 5280 436
7463 6494 437
7463 6494 437
7463 6494 437
7463 6494 437
7463 6494 437
7463 6494 437
7463 6494 437
7463 6494 437
7463 6494 437
7463 6494 437
7463 6494 437
7463 6494 437
6521 8452 437
6521 8452 437
6521 8452 437
6521 8452 437
6521 8452 437
6521 8452 437
6521 8452 437
6521 8452 437
6521 8452 437
6521 8452 437
6521 8452 437
6521 8452 437
6569 6498 437
6569 6498 437
6569 6498 437
6569 6498 437
6569 6498 437
6569 6498 437
6569 6498 437
6569 6498 437
6569 6498 437
6569 6498 437
6569 6498 437
6569 6498 437
5532 5377 437
5532 5377 437
5532 5377 437
5532 5377 437
5532 5377 437
5532 5377 437
5532 5377 437
5532 5377 437
5532 5377 437
5532 5377 437
5532 5377 437
5532 5377 437
5532 5377 437
6470 6516 437
6470 6516 437
6470 6516 437
6470 6516 437
6470 6516 437
6470 6516 437
6470 6516 437
6470 6516 437
6470 6516 437
6470 6516 437
6470 6516 437
6470 6516 437
5430 5996 438
5430 5996 438
5430 5996 438
5430 5996 438
5430 5996 438
5430 5996 438
5430 5996 438
5430 5996 438
5430 5996 438
5430 5996 438
5430 5996 438
5430 5996 438
5430 5996 438
7759 6590 438
7759 6590 438
7759 6590 438
7759 6590 438
7759 6590 438
7759 6590 438
7759 6590 438
7759 6590 438
7759 6590 438
7759 6590 438
7759 6590 438
7759 6590 438
7759 6590 438
8766 9195 438
8766 9195 438
8766 9195 438
8766 9195 438
8766 9195 438
8766 9195 438
8766 9195 438
8766 9195 438
8766 9195 438
8766 9195 438
8766 9195 438
8766 9195 438
8766 9195 438
5582 5409 438
5582 5409 438
5582 5409 438
5582 5409 438
5582 5409 438
5582 5409 438
5582 5409 438
5582 5409 438
5582 5409 438
5582 5409 438
5582 5409 438
5582 5409 438
5582 5409 438
7674 7676 439
7674 7676 439
7674 7676 439
7674 7676 439
7674 7676 439
7674 7676 439
7674 7676 439
7674 7676 439
7674 7676 439
7674 7676 439
7674 7676 439
7674 7676 439
7674 7676 439
7658 7500 439
7658 7500 439
7658 7500 439
7658 7500 439
7658 7500 439
7658 7500 439
7658 7500 439
7658 7500 439
7658 7500 439
7658 7500 439
7658 7500 439
7658 7500 439
7658 7500 439
5280 5313 440
5280 5313 440
5280 5313 440
5280 5313 440
5280 5313 440
5280 5313 440
5280 5313 440
5280 5313 440
5280 5313 440
5280 5313 440
5280 5313 440
5280 5313 440
5280 5313 440
8459 5252 440
8459 5252 440
8459 5252 440
8459 5252 440
8459 5252 440
8459 5252 440
8459 5252 440
8459 5252 440
8459 5252 440
8459 5252 440
8459 5252 440
8459 5252 440
8459 5252 440
7702 6604 440
7702 6604 440
7702 6604 440
7702 6604 440
7702 6604 440
7702 6604 440
7702 6604 440
7702 6604 440
7702 6604 440
7702 6604 440
7702 6604 440
7702 6604 440
7702 6604 440
6382 9634 440
6382 9634 440
6382 9634 440
6382 9634 440
6382 9634 440
6382 9634 440
6382 9634 440
6382 9634 440
6382 9634 440
6382 9634 440
6382 9634 440
6382 9634 440
6382 9634 440
5472 5438 440
5472 5438 440
5472 5438 440
5472 5438 440
5472 5438 440
5472 5438 440
5472 5438 440
5472 5438 440
5472 5438 440
5472 5438 440
5472 5438 440
5472 5438 440
5358 5309 440
5358 5309 440
5358 5309 440
5358 5309 440
5358 5309 440
5358 5309 440
5358 5309 440
5358 5309 440
5358 5309 440
5358 5309 440
5358 5309 440
5358 5309 440
5358 5309 440
6572 7763 441
6572 7763 441
6572 7763 441
6572 7763 441
6572 7763 441
6572 7763 441
6572 7763 441
6572 7763 441
6572 7763 441
6572 7763 441
6572 7763 441
6572 7763 441
7892 8349 441
7892 8349 441
7892 8349 441
7892 8349 441
7892 8349 441
7892 8349 441
7892 8349 441
7892 8349 441
7892 8349 441
7892 8349 441
7892 8349 441
7892 8349 441
7892 8349 441
7738 7943 442
7738 7943 442
7738 7943 442
7738 7943 442
7738 7943 442
7738 7943 442
7738 7943 442
7738 7943 442
7738 7943 442
7738 7943 442
7738 7943 442
7738 7943 442
7520 6335 442
7520 6335 442
7520 6335 442
7520 6335 442
7520 6335 442
7520 6335 442
7520 6335 442
7520 6335 442
7520 6335 442
7520 6335 442
7520 6335 442
7520 6335 442
9661 9668 443
9661 9668 443
9661 9668 443
9661 9668 443
9661 9668 443
9661 9668 443
9661 9668 443
9661 9668 443
9661 9668 443
9661 9668 443
9661 9668 443
9661 9668 443
7700 6608 443
7700 6608 443
7700 6608 443
7700 6608 443
7700 6608 443
7700 6608 443
7700 6608 443
7700 6608 443
7700 6608 443
7700 6608 443
7700 6608 443
7700 6608 443
7842 7661 443
7842 7661 443
7842 7661 443
7842 7661 443
7842 7661 443
7842 7661 443
7842 7661 443
7842 7661 443
7842 7661 443
7842 7661 443
7842 7661 443
7842 7661 443
7842 7661 443
7519 7791 443
7519 7791 443
7519 7791 443
7519 7791 443
7519 7791 443
7519 7791 443
7519 7791 443
7519 7791 443
7519 7791 443
7519 7791 443
7519 7791 443
7519 7791 443
7519 7791 443
7684 7502 444
7684 7502 444
7684 7502 444
7684 7502 444
7684 7502 444
7684 7502 444
7684 7502 444
7684 7502 444
7684 7502 444
7684 7502 444
7684 7502 444
7684 7502 444
8840 8797 444
8840 8797 444
8840 8797 444
8840 8797 444
8840 8797 444
8840 8797 444
8840 8797 444
8840 8797 444
8840 8797 444
8840 8797 444
8840 8797 444
8840 8797 444
7947 6024 444
7947 6024 444
7947 6024 444
7947 6024 444
7947 6024 444
7947 6024 444
7947 6024 444
7947 6024 444
7947 6024 444
7947 6024 444
7947 6024 444
7947 6024 444
7947 6024 444
6591 7744 444
6591 7744 444
6591 7744 444
6591 7744 444
6591 7744 444
6591 7744 444
6591 7744 444
6591 7744 444
6591 7744 444
6591 7744 444
6591 7744 444
6591 7744 444
6591 7744 444
7488 6505 444
7488 6505 444
7488 6505 444
7488 6505 444
7488 6505 444
7488 6505 444
7488 6505 444
7488 6505 444
7488 6505 444
7488 6505 444
7488 6505 444
7488 6505 444
7488 6505 444
7695 6542 444
7695 6542 444
7695 6542 444
7695 6542 444
7695 6542 444
7695 6542 444
7695 6542 444
7695 6542 444
7695 6542 444
7695 6542 444
7695 6542 444
7695 6542 444
8472 6020 445
8472 6020 445
8472 6020 445
8472 6020 445
8472 6020 445
8472 6020 445
8472 6020 445
8472 6020 445
8472 6020 445
8472 6020 445
8472 6020 445
8472 6020 445
8472 6020 445
7729 7938 445
7729 7938 445
7729 7938 445
7729 7938 445
7729 7938 445
7729 7938 445
7729 7938 445
7729 7938 445
7729 7938 445
7729 7938 445
7729 7938 445
7729 7938 445
7729 7938 445
7727 6057 446
7727 6057 446
7727 6057 446
7727 6057 446
7727 6057 446
7727 6057 446
7727 6057 446
7727 6057 446
7727 6057 446
7727 6057 446
7727 6057 446
7727 6057 446
7727 6057 446
7834 7744 446
7834 7744 446
7834 7744 446
7834 7744 446
7834 7744 446
7834 7744 446
7834 7744 446
7834 7744 446
7834 7744 446
7834 7744 446
7834 7744 446
7834 7744 446
7834 7744 446
8472 7717 446
8472 7717 446
8472 7717 446
8472 7717 446
8472 7717 446
8472 7717 446
8472 7717 446
8472 7717 446
8472 7717 446
8472 7717 446
8472 7717 446
8472 7717 446
8472 7717 446
8710 8785 446
8710 8785 446
8710 8785 446
8710 8785 446
8710 8785 446
8710 8785 446
8710 8785 446
8710 8785 446
8710 8785 446
8710 8785 446
8710 8785 446
8710 8785 446
8458 7676 446
8458 7676 446
8458 7676 446
8458 7676 446
8458 7676 446
8458 7676 446
8458 7676 446
8458 7676 446
8458 7676 446
8458 7676 446
8458 7676 446
8458 7676 446
8459 7692 447
8459 7692 447
8459 7692 447
8459 7692 447
8459 7692 447
8459 7692 447
8459 7692 447
8459 7692 447
8459 7692 447
8459 7692 447
8459 7692 447
8459 7692 447
5998 5370 447
5998 5370 447
5998 5370 447
5998 5370 447
5998 5370 447
5998 5370 447
5998 5370 447
5998 5370 447
5998 5370 447
5998 5370 447
5998 5370 447
5998 5370 447
7762 5988 447
7762 5988 447
7762 5988 447
7762 5988 447
7762 5988 447
7762 5988 447
7762 5988 447
7762 5988 447
7762 5988 447
7762 5988 447
7762 5988 447
7762 5988 447
7762 5988 447
6317 7664 447
6317 7664 447
6317 7664 447
6317 7664 447
6317 7664 447
6317 7664 447
6317 7664 447
6317 7664 447
6317 7664 447
6317 7664 447
6317 7664 447
6317 7664 447
6317 7664 447
7941 7711 447
7941 7711 447
7941 7711 447
7941 7711 447
7941 7711 447
7941 7711 447
7941 7711 447
7941 7711 447
7941 7711 447
7941 7711 447
7941 7711 447
7941 7711 447
6506 9615 447
6506 9615 447
6506 9615 447
6506 9615 447
6506 9615 447
6506 9615 447
6506 9615 447
6506 9615 447
6506 9615 447
6506 9615 447
6506 9615 447
6506 9615 447
7814 7745 447
7814 7745 447
7814 7745 447
7814 7745 447
7814 7745 447
7814 7745 447
7814 7745 447
7814 7745 447
7814 7745 447
7814 7745 447
7814 7745 447
7814 7745 447
7814 7745 447
7947 6042 448
7947 6042 448
7947 6042 448
7947 6042 448
7947 6042 448
7947 6042 448
7947 6042 448
7947 6042 448
7947 6042 448
7947 6042 448
7947 6042 448
7947 6042 448
7947 6042 448
7668 9596 448
7668 9596 448
7668 9596 448
7668 9596 448
7668 9596 448
7668 9596 448
7668 9596 448
7668 9596 448
7668 9596 448
7668 9596 448
7668 9596 448
7668 9596 448
5391 7715 448
5391 7715 448
5391 7715 448
5391 7715 448
5391 7715 448
5391 7715 448
5391 7715 448
5391 7715 448
5391 7715 448
5391 7715 448
5391 7715 448
5391 7715 448
7852 7825 448
7852 7825 448
7852 7825 448
7852 7825 448
7852 7825 448
7852 7825 448
7852 7825 448
7852 7825 448
7852 7825 448
7852 7825 448
7852 7825 448
7852 7825 448
7780 5997 448
7780 5997 448
7780 5997 448
7780 5997 448
7780 5997 448
7780 5997 448
7780 5997 448
7780 5997 448
7780 5997 448
7780 5997 448
7780 5997 448
7780 5997 448
7780 5997 448
5363 6600 448
5363 6600 448
5363 6600 448
5363 6600 448
5363 6600 448
5363 6600 448
5363 6600 448
5363 6600 448
5363 6600 448
5363 6600 448
5363 6600 448
5363 6600 448
5355 6602 448
5355 6602 448
5355 6602 448
5355 6602 448
5355 6602 448
5355 6602 448
5355 6602 448
5355 6602 448
5355 6602 448
5355 6602 448
5355 6602 448
5355 6602 448
7896 7817 449
7896 7817 449
7896 7817 449
7896 7817 449
7896 7817 449
7896 7817 449
7896 7817 449
7896 7817 449
7896 7817 449
7896 7817 449
7896 7817 449
7896 7817 449
5278 6590 449
5278 6590 449
5278 6590 449
5278 6590 449
5278 6590 449
5278 6590 449
5278 6590 449
5278 6590 449
5278 6590 449
5278 6590 449
5278 6590 449
5278 6590 449
6552 8462 449
6552 8462 449
6552 8462 449
6552 8462 449
6552 8462 449
6552 8462 449
6552 8462 449
6552 8462 449
6552 8462 449
6552 8462 449
6552 8462 449
6552 8462 449
5419 5444 450
5419 5444 450
5419 5444 450
5419 5444 450
5419 5444 450
5419 5444 450
5419 5444 450
5419 5444 450
5419 5444 450
5419 5444 450
5419 5444 450
5419 5444 450
5419 5444 450
8469 8437 450
8469 8437 450
8469 8437 450
8469 8437 450
8469 8437 450
8469 8437 450
8469 8437 450
8469 8437 450
8469 8437 450
8469 8437 450
8469 8437 450
8469 8437 450
6576 7697 450
6576 7697 450
6576 7697 450
6576 7697 450
6576 7697 450
6576 7697 450
6576 7697 450
6576 7697 450
6576 7697 450
6576 7697 450
6576 7697 450
6576 7697 450
8353 7798 450
8353 7798 450
8353 7798 450
8353 7798 450
8353 7798 450
8353 7798 450
8353 7798 450
8353 7798 450
8353 7798 450
8353 7798 450
8353 7798 450
8353 7798 450
7699 6605 450
7699 6605 450
7699 6605 450
7699 6605 450
7699 6605 450
7699 6605 450
7699 6605 450
7699 6605 450
7699 6605 450
7699 6605 450
7699 6605 450
7699 6605 450
7842 7833 450
7842 7833 450
7842 7833 450
7842 7833 450
7842 7833 450
7842 7833 450
7842 7833 450
7842 7833 450
7842 7833 450
7842 7833 450
7842 7833 450
7842 7833 450
7842 7833 450
8434 6530 451
8434 6530 451
8434 6530 451
8434 6530 451
8434 6530 451
8434 6530 451
8434 6530 451
8434 6530 451
8434 6530 451
8434 6530 451
8434 6530 451
8434 6530 451
6538 7684 451
6538 7684 451
6538 7684 451
6538 7684 451
6538 7684 451
6538 7684 451
6538 7684 451
6538 7684 451
6538 7684 451
6538 7684 451
6538 7684 451
6538 7684 451
6538 7684 451
7858 7829 452
7858 7829 452
7858 7829 452
7858 7829 452
7858 7829 452
7858 7829 452
7858 7829 452
7858 7829 452
7858 7829 452
7858 7829 452
7858 7829 452
7858 7829 452
7858 7829 452
7969 7994 452
7969 7994 452
7969 7994 452
7969 7994 452
7969 7994 452
7969 7994 452
7969 7994 452
7969 7994 452
7969 7994 452
7969 7994 452
7969 7994 452
7969 7994 452
5311 9195 452
5311 9195 452
5311 9195 452
5311 9195 452
5311 9195 452
5311 9195 452
5311 9195 452
5311 9195 452
5311 9195 452
5311 9195 452
5311 9195 452
5311 9195 452
6602 6521 452
6602 6521 452
6602 6521 452
6602 6521 452
6602 6521 452
6602 6521 452
6602 6521 452
6602 6521 452
6602 6521 452
6602 6521 452
6602 6521 452
6602 6521 452
7699 6602 452
7699 6602 452
7699 6602 452
7699 6602 452
7699 6602 452
7699 6602 452
7699 6602 452
7699 6602 452
7699 6602 452
7699 6602 452
7699 6602 452
7699 6602 452
7699 6602 452
5309 8747 452
5309 8747 452
5309 8747 452
5309 8747 452
5309 8747 452
5309 8747 452
5309 8747 452
5309 8747 452
5309 8747 452
5309 8747 452
5309 8747 452
5309 8747 452
7914 8466 453
7914 8466 453
7914 8466 453
7914 8466 453
7914 8466 453
7914 8466 453
7914 8466 453
7914 8466 453
7914 8466 453
7914 8466 453
7914 8466 453
7914 8466 453
7914 8466 453
7790 7487 453
7790 7487 453
7790 7487 453
7790 7487 453
7790 7487 453
7790 7487 453
7790 7487 453
7790 7487 453
7790 7487 453
7790 7487 453
7790 7487 453
7790 7487 453
7790 7487 453
8436 5255 453
8436 5255 453
8436 5255 453
8436 5255 453
8436 5255 453
8436 5255 453
8436 5255 453
8436 5255 453
8436 5255 453
8436 5255 453
8436 5255 453
8436 5255 453
7949 6609 453
7949 6609 453
7949 6609 453
7949 6609 453
7949 6609 453
7949 6609 453
7949 6609 453
7949 6609 453
7949 6609 453
7949 6609 453
7949 6609 453
7949 6609 453
8347 7887 454
8347 7887 454
8347 7887 454
8347 7887 454
8347 7887 454
8347 7887 454
8347 7887 454
8347 7887 454
8347 7887 454
8347 7887 454
8347 7887 454
8347 7887 454
5356 5383 454
5356 5383 454
5356 5383 454
5356 5383 454
5356 5383 454
5356 5383 454
5356 5383 454
5356 5383 454
5356 5383 454
5356 5383 454
5356 5383 454
5356 5383 454
6365 6535 454
6365 6535 454
6365 6535 454
6365 6535 454
6365 6535 454
6365 6535 454
6365 6535 454
6365 6535 454
6365 6535 454
6365 6535 454
6365 6535 454
6365 6535 454
8767 5303 455
8767 5303 455
8767 5303 455
8767 5303 455
8767 5303 455
8767 5303 455
8767 5303 455
8767 5303 455
8767 5303 455
8767 5303 455
8767 5303 455
8767 5303 455
8767 5438 456
8767 5438 456
8767 5438 456
8767 5438 456
8767 5438 456
8767 5438 456
8767 5438 456
8767 5438 456
8767 5438 456
8767 5438 456
8767 5438 456
8767 5438 456
8437 6544 456
8437 6544 456
8437 6544 456
8437 6544 456
8437 6544 456
8437 6544 456
8437 6544 456
8437 6544 456
8437 6544 456
8437 6544 456
8437 6544 456
8437 6544 456
8437 6544 456
8438 6593 456
8438 6593 456
8438 6593 456
8438 6593 456
8438 6593 456
8438 6593 456
8438 6593 456
8438 6593 456
8438 6593 456
8438 6593 456
8438 6593 456
8438 6593 456
8438 6593 456
7799 7744 457
7799 7744 457
7799 7744 457
7799 7744 457
7799 7744 457
7799 7744 457
7799 7744 457
7799 7744 457
7799 7744 457
7799 7744 457
7799 7744 457
7799 7744 457
7799 7744 457
5385 6608 457
5385 6608 457
5385 6608 457
5385 6608 457
5385 6608 457
5385 6608 457
5385 6608 457
5385 6608 457
5385 6608 457
5385 6608 457
5385 6608 457
5385 6608 457
5430 5384 458
5430 5384 458
5430 5384 458
5430 5384 458
5430 5384 458
5430 5384 458
5430 5384 458
5430 5384 458
5430 5384 458
5430 5384 458
5430 5384 458
5430 5384 458
7708 5357 458
7708 5357 458
7708 5357 458
7708 5357 458
7708 5357 458
7708 5357 458
7708 5357 458
7708 5357 458
7708 5357 458
7708 5357 458
7708 5357 458
7708 5357 458
6416 8663 458
6416 8663 458
6416 8663 458
6416 8663 458
6416 8663 458
6416 8663 458
6416 8663 458
6416 8663 458
6416 8663 458
6416 8663 458
6416 8663 458
6416 8663 458
6416 8663 458
7774 6442 458
7774 6442 458
7774 6442 458
7774 6442 458
7774 6442 458
7774 6442 458
7774 6442 458
7774 6442 458
7774 6442 458
7774 6442 458
7774 6442 458
7774 6442 458
6010 5387 459
6010 5387 459
6010 5387 459
6010 5387 459
6010 5387 459
6010 5387 459
6010 5387 459
6010 5387 459
6010 5387 459
6010 5387 459
6010 5387 459
6010 5387 459
7688 7719 459
7688 7719 459
7688 7719 459
7688 7719 459
7688 7719 459
7688 7719 459
7688 7719 459
7688 7719 459
7688 7719 459
7688 7719 459
7688 7719 459
7688 7719 459
7688 7719 459
6612 5381 459
6612 5381 459
6612 5381 459
6612 5381 459
6612 5381 459
6612 5381 459
6612 5381 459
6612 5381 459
6612 5381 459
6612 5381 459
6612 5381 459
6612 5381 459
6612 5381 459
7734 6517 460
7734 6517 460
7734 6517 460
7734 6517 460
7734 6517 460
7734 6517 460
7734 6517 460
7734 6517 460
7734 6517 460
7734 6517 460
7734 6517 460
7734 6517 460
8455 8437 460
8455 8437 460
8455 8437 460
8455 8437 460
8455 8437 460
8455 8437 460
8455 8437 460
8455 8437 460
8455 8437 460
8455 8437 460
8455 8437 460
8455 8437 460
8455 8437 460
6014 6114 460
6014 6114 460
6014 6114 460
6014 6114 460
6014 6114 460
6014 6114 460
6014 6114 460
6014 6114 460
6014 6114 460
6014 6114 460
6014 6114 460
6014 6114 460
5576 5434 460
5576 5434 460
5576 5434 460
5576 5434 460
5576 5434 460
5576 5434 460
5576 5434 460
5576 5434 460
5576 5434 460
5576 5434 460
5576 5434 460
5576 5434 460
5576 5434 460
6510 6493 461
6510 6493 461
6510 6493 461
6510 6493 461
6510 6493 461
6510 6493 461
6510 6493 461
6510 6493 461
6510 6493 461
6510 6493 461
6510 6493 461
6510 6493 461
7685 7812 461
7685 7812 461
7685 7812 461
7685 7812 461
7685 7812 461
7685 7812 461
7685 7812 461
7685 7812 461
7685 7812 461
7685 7812 461
7685 7812 461
7685 7812 461
7769 7917 462
7769 7917 462
7769 7917 462
7769 7917 462
7769 7917 462
7769 7917 462
7769 7917 462
7769 7917 462
7769 7917 462
7769 7917 462
7769 7917 462
7769 7917 462
7769 7917 462
5412 8457 462
5412 8457 462
5412 8457 462
5412 8457 462
5412 8457 462
5412 8457 462
5412 8457 462
5412 8457 462
5412 8457 462
5412 8457 462
5412 8457 462
5412 8457 462
6602 8437 462
6602 8437 462
6602 8437 462
6602 8437 462
6602 8437 462
6602 8437 462
6602 8437 462
6602 8437 462
6602 8437 462
6602 8437 462
6602 8437 462
6602 8437 462
6602 8437 462
7897 7750 462
7897 7750 462
7897 7750 462
7897 7750 462
7897 7750 462
7897 7750 462
7897 7750 462
7897 7750 462
7897 7750 462
7897 7750 462
7897 7750 462
7897 7750 462
7897 7750 462
6459 7675 462
6459 7675 462
6459 7675 462
6459 7675 462
6459 7675 462
6459 7675 462
6459 7675 462
6459 7675 462
6459 7675 462
6459 7675 462
6459 7675 462
6459 7675 462
6459 7675 462
5447 5268 463
5447 5268 463
5447 5268 463
5447 5268 463
5447 5268 463
5447 5268 463
5447 5268 463
5447 5268 463
5447 5268 463
5447 5268 463
5447 5268 463
5447 5268 463
5447 5268 463
7916 7845 463
7916 7845 463
7916 7845 463
7916 7845 463
7916 7845 463
7916 7845 463
7916 7845 463
7916 7845 463
7916 7845 463
7916 7845 463
7916 7845 463
7916 7845 463
7916 7845 463
7843 7731 463
7843 7731 463
7843 7731 463
7843 7731 463
7843 7731 463
7843 7731 463
7843 7731 463
7843 7731 463
7843 7731 463
7843 7731 463
7843 7731 463
7843 7731 463
7843 7731 463
6544 5995 463
6544 5995 463
6544 5995 463
6544 5995 463
6544 5995 463
6544 5995 463
6544 5995 463
6544 5995 463
6544 5995 463
6544 5995 463
6544 5995 463
6544 5995 463
6544 5995 463
5256 5443 464
5256 5443 464
5256 5443 464
5256 5443 464
5256 5443 464
5256 5443 464
5256 5443 464
5256 5443 464
5256 5443 464
5256 5443 464
5256 5443 464
5256 5443 464
5546 5538 464
5546 5538 464
5546 5538 464
5546 5538 464
5546 5538 464
5546 5538 464
5546 5538 464
5546 5538 464
5546 5538 464
5546 5538 464
5546 5538 464
5546 5538 464
5267 8810 464
5267 8810 464
5267 8810 464
5267 8810 464
5267 8810 464
5267 8810 464
5267 8810 464
5267 8810 464
5267 8810 464
5267 8810 464
5267 8810 464
5267 8810 464
5267 8810 464
7805 7743 464
7805 7743 464
7805 7743 464
7805 7743 464
7805 7743 464
7805 7743 464
7805 7743 464
7805 7743 464
7805 7743 464
7805 7743 464
7805 7743 464
7805 7743 464
7805 7743 464
7904 7747 465
7904 7747 465
7904 7747 465
7904 7747 465
7904 7747 465
7904 7747 465
7904 7747 465
7904 7747 465
7904 7747 465
7904 7747 465
7904 7747 465
7904 7747 465
7904 7747 465
5359 6549 465
5359 6549 465
5359 6549 465
5359 6549 465
5359 6549 465
5359 6549 465
5359 6549 465
5359 6549 465
5359 6549 465
5359 6549 465
5359 6549 465
5359 6549 465
5359 6549 465
7926 7938 465
7926 7938 465
7926 7938 465
7926 7938 465
7926 7938 465
7926 7938 465
7926 7938 465
7926 7938 465
7926 7938 465
7926 7938 465
7926 7938 465
7926 7938 465
5358 5301 465
5358 5301 465
5358 5301 465
5358 5301 465
5358 5301 465
5358 5301 465
5358 5301 465
5358 5301 465
5358 5301 465
5358 5301 465
5358 5301 465
5358 5301 465
5358 5301 465
5370 8453 465
5370 8453 465
5370 8453 465
5370 8453 465
5370 8453 465
5370 8453 465
5370 8453 465
5370 8453 465
5370 8453 465
5370 8453 465
5370 8453 465
5370 8453 465
5370 8453 465
5257 6600 466
5257 6600 466
5257 6600 466
5257 6600 466
5257 6600 466
5257 6600 466
5257 6600 466
5257 6600 466
5257 6600 466
5257 6600 466
5257 6600 466
5257 6600 466
7964 7763 466
7964 7763 466
7964 7763 466
7964 7763 466
7964 7763 466
7964 7763 466
7964 7763 466
7964 7763 466
7964 7763 466
7964 7763 466
7964 7763 466
7964 7763 466
5281 5987 467
5281 5987 467
5281 5987 467
5281 5987 467
5281 5987 467
5281 5987 467
5281 5987 467
5281 5987 467
5281 5987 467
5281 5987 467
5281 5987 467
5281 5987 467
5281 5987 467
7773 8466 467
7773 8466 467
7773 8466 467
7773 8466 467
7773 8466 467
7773 8466 467
7773 8466 467
7773 8466 467
7773 8466 467
7773 8466 467
7773 8466 467
7773 8466 467
7773 8466 467
8464 7914 467
8464 7914 467
8464 7914 467
8464 7914 467
8464 7914 467
8464 7914 467
8464 7914 467
8464 7914 467
8464 7914 467
8464 7914 467
8464 7914 467
8464 7914 467
5998 7785 468
5998 7785 468
5998 7785 468
5998 7785 468
5998 7785 468
5998 7785 468
5998 7785 468
5998 7785 468
5998 7785 468
5998 7785 468
5998 7785 468
5998 7785 468
7805 7889 468
7805 7889 468
7805 7889 468
7805 7889 468
7805 7889 468
7805 7889 468
7805 7889 468
7805 7889 468
7805 7889 468
7805 7889 468
7805 7889 468
7805 7889 468
7805 7889 468
6019 5558 468
6019 5558 468
6019 5558 468
6019 5558 468
6019 5558 468
6019 5558 468
6019 5558 468
6019 5558 468
6019 5558 468
6019 5558 468
6019 5558 468
6019 5558 468
5301 5354 468
5301 5354 468
5301 5354 468
5301 5354 468
5301 5354 468
5301 5354 468
5301 5354 468
5301 5354 468
5301 5354 468
5301 5354 468
5301 5354 468
5301 5354 468
5301 5354 468
5459 8819 468
5459 8819 468
5459 8819 468
5459 8819 468
5459 8819 468
5459 8819 468
5459 8819 468
5459 8819 468
5459 8819 468
5459 8819 468
5459 8819 468
5459 8819 468
7848 7634 469
7848 7634 469
7848 7634 469
7848 7634 469
7848 7634 469
7848 7634 469
7848 7634 469
7848 7634 469
7848 7634 469
7848 7634 469
7848 7634 469
7848 7634 469
7848 7634 469
5286 5396 469
5286 5396 469
5286 5396 469
5286 5396 469
5286 5396 469
5286 5396 469
5286 5396 469
5286 5396 469
5286 5396 469
5286 5396 469
5286 5396 469
5286 5396 469
5286 5396 469
8473 6588 469
8473 6588 469
8473 6588 469
8473 6588 469
8473 6588 469
8473 6588 469
8473 6588 469
8473 6588 469
8473 6588 469
8473 6588 469
8473 6588 469
8473 6588 469
5572 6083 470
5572 6083 470
5572 6083 470
5572 6083 470
5572 6083 470
5572 6083 470
5572 6083 470
5572 6083 470
5572 6083 470
5572 6083 470
5572 6083 470
5572 6083 470
5572 6083 470
5300 5558 470
5300 5558 470
5300 5558 470
5300 5558 470
5300 5558 470
5300 5558 470
5300 5558 470
5300 5558 470
5300 5558 470
5300 5558 470
5300 5558 470
5300 5558 470
5300 5558 470
5388 7770 470
5388 7770 470
5388 7770 470
5388 7770 470
5388 7770 470
5388 7770 470
5388 7770 470
5388 7770 470
5388 7770 470
5388 7770 470
5388 7770 470
5388 7770 470
5388 7770 470
5392 7715 471
5392 7715 471
5392 7715 471
5392 7715 471
5392 7715 471
5392 7715 471
5392 7715 471
5392 7715 471
5392 7715 471
5392 7715 471
5392 7715 471
5392 7715 471
5392 7715 471
8707 6419 471
8707 6419 471
8707 6419 471
8707 6419 471
8707 6419 471
8707 6419 471
8707 6419 471
8707 6419 471
8707 6419 471
8707 6419 471
8707 6419 471
8707 6419 471
7935 8388 471
7935 8388 471
7935 8388 471
7935 8388 471
7935 8388 471
7935 8388 471
7935 8388 471
7935 8388 471
7935 8388 471
7935 8388 471
7935 8388 471
7935 8388 471
6593 7730 471
6593 7730 471
6593 7730 471
6593 7730 471
6593 7730 471
6593 7730 471
6593 7730 471
6593 7730 471
6593 7730 471
6593 7730 471
6593 7730 471
6593 7730 471
6593 7730 471
7697 6613 472
7697 6613 472
7697 6613 472
7697 6613 472
7697 6613 472
7697 6613 472
7697 6613 472
7697 6613 472
7697 6613 472
7697 6613 472
7697 6613 472
7697 6613 472
6581 6414 472
6581 6414 472
6581 6414 472
6581 6414 472
6581 6414 472
6581 6414 472
6581 6414 472
6581 6414 472
6581 6414 472
6581 6414 472
6581 6414 472
6581 6414 472
7723 6544 472
7723 6544 472
7723 6544 472
7723 6544 472
7723 6544 472
7723 6544 472
7723 6544 472
7723 6544 472
7723 6544 472
7723 6544 472
7723 6544 472
7723 6544 472
7723 6544 472
5444 5307 472
5444 5307 472
5444 5307 472
5444 5307 472
5444 5307 472
5444 5307 472
5444 5307 472
5444 5307 472
5444 5307 472
5444 5307 472
5444 5307 472
5444 5307 472
8476 6597 472
8476 6597 472
8476 6597 472
8476 6597 472
8476 6597 472
8476 6597 472
8476 6597 472
8476 6597 472
8476 6597 472
8476 6597 472
8476 6597 472
8476 6597 472
8476 6597 472
6442 7744 472
6442 7744 472
6442 7744 472
6442 7744 472
6442 7744 472
6442 7744 472
6442 7744 472
6442 7744 472
6442 7744 472
6442 7744 472
6442 7744 472
6442 7744 472
7976 7965 472
7976 7965 472
7976 7965 472
7976 7965 472
7976 7965 472
7976 7965 472
7976 7965 472
7976 7965 472
7976 7965 472
7976 7965 472
7976 7965 472
7976 7965 472
6351 8437 473
6351 8437 473
6351 8437 473
6351 8437 473
6351 8437 473
6351 8437 473
6351 8437 473
6351 8437 473
6351 8437 473
6351 8437 473
6351 8437 473
6351 8437 473
8444 5270 473
8444 5270 473
8444 5270 473
8444 5270 473
8444 5270 473
8444 5270 473
8444 5270 473
8444 5270 473
8444 5270 473
8444 5270 473
8444 5270 473
8444 5270 473
5277 5340 473
5277 5340 473
5277 5340 473
5277 5340 473
5277 5340 473
5277 5340 473
5277 5340 473
5277 5340 473
5277 5340 473
5277 5340 473
5277 5340 473
5277 5340 473
5277 5340 473
9193 9154 473
9193 9154 473
9193 9154 473
9193 9154 473
9193 9154 473
9193 9154 473
9193 9154 473
9193 9154 473
9193 9154 473
9193 9154 473
9193 9154 473
9193 9154 473
5924 7946 474
5924 7946 474
5924 7946 474
5924 7946 474
5924 7946 474
5924 7946 474
5924 7946 474
5924 7946 474
5924 7946 474
5924 7946 474
5924 7946 474
5924 7946 474
8785 5372 474
8785 5372 474
8785 5372 474
8785 5372 474
8785 5372 474
8785 5372 474
8785 5372 474
8785 5372 474
8785 5372 474
8785 5372 474
8785 5372 474
8785 5372 474
6513 6492 474
6513 6492 474
6513 6492 474
6513 6492 474
6513 6492 474
6513 6492 474
6513 6492 474
6513 6492 474
6513 6492 474
6513 6492 474
6513 6492 474
6513 6492 474
6513 6492 474
7773 6054 474
7773 6054 474
7773 6054 474
7773 6054 474
7773 6054 474
7773 6054 474
7773 6054 474
7773 6054 474
7773 6054 474
7773 6054 474
7773 6054 474
7773 6054 474
7687 7967 475
7687 7967 475
7687 7967 475
7687 7967 475
7687 7967 475
7687 7967 475
7687 7967 475
7687 7967 475
7687 7967 475
7687 7967 475
7687 7967 475
7687 7967 475
7687 7967 475
7814 7665 475
7814 7665 475
7814 7665 475
7814 7665 475
7814 7665 475
7814 7665 475
7814 7665 475
7814 7665 475
7814 7665 475
7814 7665 475
7814 7665 475
7814 7665 475
6529 6351 475
6529 6351 475
6529 6351 475
6529 6351 475
6529 6351 475
6529 6351 475
6529 6351 475
6529 6351 475
6529 6351 475
6529 6351 475
6529 6351 475
6529 6351 475
6529 6351 475
5353 6606 475
5353 6606 475
5353 6606 475
5353 6606 475
5353 6606 475
5353 6606 475
5353 6606 475
5353 6606 475
5353 6606 475
5353 6606 475
5353 6606 475
5353 6606 475
5353 6606 475
7728 8471 476
7728 8471 476
7728 8471 476
7728 8471 476
7728 8471 476
7728 8471 476
7728 8471 476
7728 8471 476
7728 8471 476
7728 8471 476
7728 8471 476
7728 8471 476
7737 7675 476
7737 7675 476
7737 7675 476
7737 7675 476
7737 7675 476
7737 7675 476
7737 7675 476
7737 7675 476
7737 7675 476
7737 7675 476
7737 7675 476
7737 7675 476
6506 6564 476
6506 6564 476
6506 6564 476
6506 6564 476
6506 6564 476
6506 6564 476
6506 6564 476
6506 6564 476
6506 6564 476
6506 6564 476
6506 6564 476
6506 6564 476
6506 6564 476
5434 5295 477
5434 5295 477
5434 5295 477
5434 5295 477
5434 5295 477
5434 5295 477
5434 5295 477
5434 5295 477
5434 5295 477
5434 5295 477
5434 5295 477
5434 5295 477
7676 6609 477
7676 6609 477
7676 6609 477
7676 6609 477
7676 6609 477
7676 6609 477
7676 6609 477
7676 6609 477
7676 6609 477
7676 6609 477
7676 6609 477
7676 6609 477
7676 6609 477
7730 7819 478
7730 7819 478
7730 7819 478
7730 7819 478
7730 7819 478
7730 7819 478
7730 7819 478
7730 7819 478
7730 7819 478
7730 7819 478
7730 7819 478
7730 7819 478
8463 5420 478
8463 5420 478
8463 5420 478
8463 5420 478
8463 5420 478
8463 5420 478
8463 5420 478
8463 5420 478
8463 5420 478
8463 5420 478
8463 5420 478
8463 5420 478
7774 7997 478
7774 7997 478
7774 7997 478
7774 7997 478
7774 7997 478
7774 7997 478
7774 7997 478
7774 7997 478
7774 7997 478
7774 7997 478
7774 7997 478
7774 7997 478
7774 7997 478
9232 9158 478
9232 9158 478
9232 9158 478
9232 9158 478
9232 9158 478
9232 9158 478
9232 9158 478
9232 9158 478
9232 9158 478
9232 9158 478
9232 9158 478
9232 9158 478
9232 9158 478
7924 7954 478
7924 7954 478
7924 7954 478
7924 7954 478
7924 7954 478
7924 7954 478
7924 7954 478
7924 7954 478
7924 7954 478
7924 7954 478
7924 7954 478
7924 7954 478
6595 6523 478
6595 6523 478
6595 6523 478
6595 6523 478
6595 6523 478
6595 6523 478
6595 6523 478
6595 6523 478
6595 6523 478
6595 6523 478
6595 6523 478
6595 6523 478
7853 7671 479
7853 7671 479
7853 7671 479
7853 7671 479
7853 7671 479
7853 7671 479
7853 7671 479
7853 7671 479
7853 7671 479
7853 7671 479
7853 7671 479
7853 7671 479
6582 7763 479
6582 7763 479
6582 7763 479
6582 7763 479
6582 7763 479
6582 7763 479
6582 7763 479
6582 7763 479
6582 7763 479
6582 7763 479
6582 7763 479
6582 7763 479
6582 7763 479
7722 6555 479
7722 6555 479
7722 6555 479
7722 6555 479
7722 6555 479
7722 6555 479
7722 6555 479
7722 6555 479
7722 6555 479
7722 6555 479
7722 6555 479
7722 6555 479
7722 6555 479
8481 7704 479
8481 7704 479
8481 7704 479
8481 7704 479
8481 7704 479
8481 7704 479
8481 7704 479
8481 7704 479
8481 7704 479
8481 7704 479
8481 7704 479
8481 7704 479
8481 7704 479
5336 5273 479
5336 5273 479
5336 5273 479
5336 5273 479
5336 5273 479
5336 5273 479
5336 5273 479
5336 5273 479
5336 5273 479
5336 5273 479
5336 5273 479
5336 5273 479
5336 5273 479
6494 6489 480
6494 6489 480
6494 6489 480
6494 6489 480
6494 6489 480
6494 6489 480
6494 6489 480
6494 6489 480
6494 6489 480
6494 6489 480
6494 6489 480
6494 6489 480
8806 5278 481
8806 5278 481
8806 5278 481
8806 5278 481
8806 5278 481
8806 5278 481
8806 5278 481
8806 5278 481
8806 5278 481
8806 5278 481
8806 5278 481
8806 5278 481
8806 5278 481
6427 6319 481
6427 6319 481
6427 6319 481
6427 6319 481
6427 6319 481
6427 6319 481
6427 6319 481
6427 6319 481
6427 6319 481
6427 6319 481
6427 6319 481
6427 6319 481
9164 5261 481
9164 5261 481
9164 5261 481
9164 5261 481
9164 5261 481
9164 5261 481
9164 5261 481
9164 5261 481
9164 5261 481
9164 5261 481
9164 5261 481
9164 5261 481
7729 7908 481
7729 7908 481
7729 7908 481
7729 7908 481
7729 7908 481
7729 7908 481
7729 7908 481
7729 7908 481
7729 7908 481
7729 7908 481
7729 7908 481
7729 7908 481
8403 5366 482
8403 5366 482
8403 5366 482
8403 5366 482
8403 5366 482
8403 5366 482
8403 5366 482
8403 5366 482
8403 5366 482
8403 5366 482
8403 5366 482
8403 5366 482
8403 5366 482
6589 6532 482
6589 6532 482
6589 6532 482
6589 6532 482
6589 6532 482
6589 6532 482
6589 6532 482
6589 6532 482
6589 6532 482
6589 6532 482
6589 6532 482
6589 6532 482
6589 6532 482
6557 7729 482
6557 7729 482
6557 7729 482
6557 7729 482
6557 7729 482
6557 7729 482
6557 7729 482
6557 7729 482
6557 7729 482
6557 7729 482
6557 7729 482
6557 7729 482
8436 6589 482
8436 6589 482
8436 6589 482
8436 6589 482
8436 6589 482
8436 6589 482
8436 6589 482
8436 6589 482
8436 6589 482
8436 6589 482
8436 6589 482
8436 6589 482
5301 5339 482
5301 5339 482
5301 5339 482
5301 5339 482
5301 5339 482
5301 5339 482
5301 5339 482
5301 5339 482
5301 5339 482
5301 5339 482
5301 5339 482
5301 5339 482
6561 8438 483
6561 8438 483
6561 8438 483
6561 8438 483
6561 8438 483
6561 8438 483
6561 8438 483
6561 8438 483
6561 8438 483
6561 8438 483
6561 8438 483
6561 8438 483
6591 5259 483
6591 5259 483
6591 5259 483
6591 5259 483
6591 5259 483
6591 5259 483
6591 5259 483
6591 5259 483
6591 5259 483
6591 5259 483
6591 5259 483
6591 5259 483
6591 5259 483
7729 7783 483
7729 7783 483
7729 7783 483
7729 7783 483
7729 7783 483
7729 7783 483
7729 7783 483
7729 7783 483
7729 7783 483
7729 7783 483
7729 7783 483
7729 7783 483
7729 7783 483
7687 6613 483
7687 6613 483
7687 6613 483
7687 6613 483
7687 6613 483
7687 6613 483
7687 6613 483
7687 6613 483
7687 6613 483
7687 6613 483
7687 6613 483
7687 6613 483
7687 6613 483
6335 7453 483
6335 7453 483
6335 7453 483
6335 7453 483
6335 7453 483
6335 7453 483
6335 7453 483
6335 7453 483
6335 7453 483
6335 7453 483
6335 7453 483
6335 7453 483
7709 6553 484
7709 6553 484
7709 6553 484
7709 6553 484
7709 6553 484
7709 6553 484
7709 6553 484
7709 6553 484
7709 6553 484
7709 6553 484
7709 6553 484
7709 6553 484
7686 6491 484
7686 6491 484
7686 6491 484
7686 6491 484
7686 6491 484
7686 6491 484
7686 6491 484
7686 6491 484
7686 6491 484
7686 6491 484
7686 6491 484
7686 6491 484
7745 7843 484
7745 7843 484
7745 7843 484
7745 7843 484
7745 7843 484
7745 7843 484
7745 7843 484
7745 7843 484
7745 7843 484
7745 7843 484
7745 7843 484
7745 7843 484
6327 7518 485
6327 7518 485
6327 7518 485
6327 7518 485
6327 7518 485
6327 7518 485
6327 7518 485
6327 7518 485
6327 7518 485
6327 7518 485
6327 7518 485
6327 7518 485
6327 7518 485
9160 9254 485
9160 9254 485
9160 9254 485
9160 9254 485
9160 9254 485
9160 9254 485
9160 9254 485
9160 9254 485
9160 9254 485
9160 9254 485
9160 9254 485
9160 9254 485
9160 9254 485
7922 8354 485
7922 8354 485
7922 8354 485
7922 8354 485
7922 8354 485
7922 8354 485
7922 8354 485
7922 8354 485
7922 8354 485
7922 8354 485
7922 8354 485
7922 8354 485
7922 8354 485
5720 5441 486
5720 5441 486
5720 5441 486
5720 5441 486
5720 5441 486
5720 5441 486
5720 5441 486
5720 5441 486
5720 5441 486
5720 5441 486
5720 5441 486
5720 5441 486
6031 6002 486
6031 6002 486
6031 6002 486
6031 6002 486
6031 6002 486
6031 6002 486
6031 6002 486
6031 6002 486
6031 6002 486
6031 6002 486
6031 6002 486
6031 6002 486
6449 7664 486
6449 7664 486
6449 7664 486
6449 7664 486
6449 7664 486
6449 7664 486
6449 7664 486
6449 7664 486
6449 7664 486
6449 7664 486
6449 7664 486
6449 7664 486
6449 7664 486
5924 6538 486
5924 6538 486
5924 6538 486
5924 6538 486
5924 6538 486
5924 6538 486
5924 6538 486
5924 6538 486
5924 6538 486
5924 6538 486
5924 6538 486
5924 6538 486
5924 6538 486
5442 5359 487
5442 5359 487
5442 5359 487
5442 5359 487
5442 5359 487
5442 5359 487
5442 5359 487
5442 5359 487
5442 5359 487
5442 5359 487
5442 5359 487
5442 5359 487
5557 5444 487
5557 5444 487
5557 5444 487
5557 5444 487
5557 5444 487
5557 5444 487
5557 5444 487
5557 5444 487
5557 5444 487
5557 5444 487
5557 5444 487
5557 5444 487
5557 5444 487
7704 7845 488
7704 7845 488
7704 7845 488
7704 7845 488
7704 7845 488
7704 7845 488
7704 7845 488
7704 7845 488
7704 7845 488
7704 7845 488
7704 7845 488
7704 7845 488
7704 7845 488
5354 8452 488
5354 8452 488
5354 8452 488
5354 8452 488
5354 8452 488
5354 8452 488
5354 8452 488
5354 8452 488
5354 8452 488
5354 8452 488
5354 8452 488
5354 8452 488
5488 5543 489
5488 5543 489
5488 5543 489
5488 5543 489
5488 5543 489
5488 5543 489
5488 5543 489
5488 5543 489
5488 5543 489
5488 5543 489
5488 5543 489
5488 5543 489
5301 8771 489
5301 8771 489
5301 8771 489
5301 8771 489
5301 8771 489
5301 8771 489
5301 8771 489
5301 8771 489
5301 8771 489
5301 8771 489
5301 8771 489
5301 8771 489
5425 5395 490
5425 5395 490
5425 5395 490
5425 5395 490
5425 5395 490
5425 5395 490
5425 5395 490
5425 5395 490
5425 5395 490
5425 5395 490
5425 5395 490
5425 5395 490
6537 8682 490
6537 8682 490
6537 8682 490
6537 8682 490
6537 8682 490
6537 8682 490
6537 8682 490
6537 8682 490
6537 8682 490
6537 8682 490
6537 8682 490
6537 8682 490
6537 8682 490
7497 7668 490
7497 7668 490
7497 7668 490
7497 7668 490
7497 7668 490
7497 7668 490
7497 7668 490
7497 7668 490
7497 7668 490
7497 7668 490
7497 7668 490
7497 7668 490
6582 6514 490
6582 6514 490
6582 6514 490
6582 6514 490
6582 6514 490
6582 6514 490
6582 6514 490
6582 6514 490
6582 6514 490
6582 6514 490
6582 6514 490
6582 6514 490
6582 6514 490
5366 8470 491
5366 8470 491
5366 8470 491
5366 8470 491
5366 8470 491
5366 8470 491
5366 8470 491
5366 8470 491
5366 8470 491
5366 8470 491
5366 8470 491
5366 8470 491
5366 8470 491
8790 8782 491
8790 8782 491
8790 8782 491
8790 8782 491
8790 8782 491
8790 8782 491
8790 8782 491
8790 8782 491
8790 8782 491
8790 8782 491
8790 8782 491
8790 8782 491
8790 8782 491
7700 7915 491
7700 7915 491
7700 7915 491
7700 7915 491
7700 7915 491
7700 7915 491
7700 7915 491
7700 7915 491
7700 7915 491
7700 7915 491
7700 7915 491
7700 7915 491
7700 7915 491
6022 5546 491
6022 5546 491
6022 5546 491
6022 5546 491
6022 5546 491
6022 5546 491
6022 5546 491
6022 5546 491
6022 5546 491
6022 5546 491
6022 5546 491
6022 5546 491
6022 5546 491
7755 7687 491
7755 7687 491
7755 7687 491
7755 7687 491
7755 7687 491
7755 7687 491
7755 7687 491
7755 7687 491
7755 7687 491
7755 7687 491
7755 7687 491
7755 7687 491
9277 5334 492
9277 5334 492
9277 5334 492
9277 5334 492
9277 5334 492
9277 5334 492
9277 5334 492
9277 5334 492
9277 5334 492
9277 5334 492
9277 5334 492
9277 5334 492
9277 5334 492
6596 7761 492
6596 7761 492
6596 7761 492
6596 7761 492
6596 7761 492
6596 7761 492
6596 7761 492
6596 7761 492
6596 7761 492
6596 7761 492
6596 7761 492
6596 7761 492
6596 7761 492
5568 5487 493
5568 5487 493
5568 5487 493
5568 5487 493
5568 5487 493
5568 5487 493
5568 5487 493
5568 5487 493
5568 5487 493
5568 5487 493
5568 5487 493
5568 5487 493
5405 8436 493
5405 8436 493
5405 8436 493
5405 8436 493
5405 8436 493
5405 8436 493
5405 8436 493
5405 8436 493
5405 8436 493
5405 8436 493
5405 8436 493
5405 8436 493
5405 8436 493
6096 6052 493
6096 6052 493
6096 6052 493
6096 6052 493
6096 6052 493
6096 6052 493
6096 6052 493
6096 6052 493
6096 6052 493
6096 6052 493
6096 6052 493
6096 6052 493
6517 6463 493
6517 6463 493
6517 6463 493
6517 6463 493
6517 6463 493
6517 6463 493
6517 6463 493
6517 6463 493
6517 6463 493
6517 6463 493
6517 6463 493
6517 6463 493
6517 6463 493
6326 7461 493
6326 7461 493
6326 7461 493
6326 7461 493
6326 7461 493
6326 7461 493
6326 7461 493
6326 7461 493
6326 7461 493
6326 7461 493
6326 7461 493
6326 7461 493
5988 6587 493
5988 6587 493
5988 6587 493
5988 6587 493
5988 6587 493
5988 6587 493
5988 6587 493
5988 6587 493
5988 6587 493
5988 6587 493
5988 6587 493
5988 6587 493
5988 6587 493
5533 5256 494
5533 5256 494
5533 5256 494
5533 5256 494
5533 5256 494
5533 5256 494
5533 5256 494
5533 5256 494
5533 5256 494
5533 5256 494
5533 5256 494
5533 5256 494
5533 5256 494
8355 8381 494
8355 8381 494
8355 8381 494
8355 8381 494
8355 8381 494
8355 8381 494
8355 8381 494
8355 8381 494
8355 8381 494
8355 8381 494
8355 8381 494
8355 8381 494
6599 8468 494
6599 8468 494
6599 8468 494
6599 8468 494
6599 8468 494
6599 8468 494
6599 8468 494
6599 8468 494
6599 8468 494
6599 8468 494
6599 8468 494
6599 8468 494
6584 6385 494
6584 6385 494
6584 6385 494
6584 6385 494
6584 6385 494
6584 6385 494
6584 6385 494
6584 6385 494
6584 6385 494
6584 6385 494
6584 6385 494
6584 6385 494
6584 6385 494
5374 5536 495
5374 5536 495
5374 5536 495
5374 5536 495
5374 5536 495
5374 5536 495
5374 5536 495
5374 5536 495
5374 5536 495
5374 5536 495
5374 5536 495
5374 5536 495
5374 5536 495
6576 6497 496
6576 6497 496
6576 6497 496
6576 6497 496
6576 6497 496
6576 6497 496
6576 6497 496
6576 6497 496
6576 6497 496
6576 6497 496
6576 6497 496
6576 6497 496
6582 8438 496
6582 8438 496
6582 8438 496
6582 8438 496
6582 8438 496
6582 8438 496
6582 8438 496
6582 8438 496
6582 8438 496
6582 8438 496
6582 8438 496
6582 8438 496
5285 8813 496
5285 8813 496
5285 8813 496
5285 8813 496
5285 8813 496
5285 8813 496
5285 8813 496
5285 8813 496
5285 8813 496
5285 8813 496
5285 8813 496
5285 8813 496
5285 8813 496
7690 6575 497
7690 6575 497
7690 6575 497
7690 6575 497
7690 6575 497
7690 6575 497
7690 6575 497
7690 6575 497
7690 6575 497
7690 6575 497
7690 6575 497
7690 6575 497
6017 5537 497
6017 5537 497
6017 5537 497
6017 5537 497
6017 5537 497
6017 5537 497
6017 5537 497
6017 5537 497
6017 5537 497
6017 5537 497
6017 5537 497
6017 5537 497
5483 6121 498
5483 6121 498
5483 6121 498
5483 6121 498
5483 6121 498
5483 6121 498
5483 6121 498
5483 6121 498
5483 6121 498
5483 6121 498
5483 6121 498
5483 6121 498
7692 7842 498
7692 7842 498
7692 7842 498
7692 7842 498
7692 7842 498
7692 7842 498
7692 7842 498
7692 7842 498
7692 7842 498
7692 7842 498
7692 7842 498
7692 7842 498
6005 6597 498
6005 6597 498
6005 6597 498
6005 6597 498
6005 6597 498
6005 6597 498
6005 6597 498
6005 6597 498
6005 6597 498
6005 6597 498
6005 6597 498
6005 6597 498
6005 6597 498
8712 8443 498
8712 8443 498
8712 8443 498
8712 8443 498
8712 8443 498
8712 8443 498
8712 8443 498
8712 8443 498
8712 8443 498
8712 8443 498
8712 8443 498
8712 8443 498
8712 8443 498
8388 7835 498
8388 7835 498
8388 7835 498
8388 7835 498
8388 7835 498
8388 7835 498
8388 7835 498
8388 7835 498
8388 7835 498
8388 7835 498
8388 7835 498
8388 7835 498
7802 7864 498
7802 7864 498
7802 7864 498
7802 7864 498
7802 7864 498
7802 7864 498
7802 7864 498
7802 7864 498
7802 7864 498
7802 7864 498
7802 7864 498
7802 7864 498
6038 6543 498
6038 6543 498
6038 6543 498
6038 6543 498
6038 6543 498
6038 6543 498
6038 6543 498
6038 6543 498
6038 6543 498
6038 6543 498
6038 6543 498
6038 6543 498
5358 5308 498
5358 5308 498
5358 5308 498
5358 5308 498
5358 5308 498
5358 5308 498
5358 5308 498
5358 5308 498
5358 5308 498
5358 5308 498
5358 5308 498
5358 5308 498
5358 5308 498
7786 6024 499
7786 6024 499
7786 6024 499
7786 6024 499
7786 6024 499
7786 6024 499
7786 6024 499
7786 6024 499
7786 6024 499
7786 6024 499
7786 6024 499
7786 6024 499
7736 7843 499
7736 7843 499
7736 7843 499
7736 7843 499
7736 7843 499
7736 7843 499
7736 7843 499
7736 7843 499
7736 7843 499
7736 7843 499
7736 7843 499
7736 7843 499
6513 7711 499
6513 7711 499
6513 7711 499
6513 7711 499
6513 7711 499
6513 7711 499
6513 7711 499
6513 7711 499
6513 7711 499
6513 7711 499
6513 7711 499
6513 7711 499
5355 6602 499
5355 6602 499
5355 6602 499
5355 6602 499
5355 6602 499
5355 6602 499
5355 6602 499
5355 6602 499
5355 6602 499
5355 6602 499
5355 6602 499
5355 6602 499
5355 6602 499
6583 6407 499
6583 6407 499
6583 6407 499
6583 6407 499
6583 6407 499
6583 6407 499
6583 6407 499
6583 6407 499
6583 6407 499
6583 6407 499
6583 6407 499
6583 6407 499
6528 6542 499
6528 6542 499
6528 6542 499
6528 6542 499
6528 6542 499
6528 6542 499
6528 6542 499
6528 6542 499
6528 6542 499
6528 6542 499
6528 6542 499
6528 6542 499
6528 6542 499
7496 7668 500
7496 7668 500
7496 7668 500
7496 7668 500
7496 7668 500
7496 7668 500
7496 7668 500
7496 7668 500
7496 7668 500
7496 7668 500
7496 7668 500
7496 7668 500
7782 6592 500
7782 6592 500
7782 6592 500
7782 6592 500
7782 6592 500
7782 6592 500
7782 6592 500
7782 6592 500
7782 6592 500
7782 6592 500
7782 6592 500
7782 6592 500
6572 8437 500
6572 8437 500
6572 8437 500
6572 8437 500
6572 8437 500
6572 8437 500
6572 8437 500
6572 8437 500
6572 8437 500
6572 8437 500
6572 8437 500
6572 8437 500
7776 7919 500
7776 7919 500
7776 7919 500
7776 7919 500
7776 7919 500
7776 7919 500
7776 7919 500
7776 7919 500
7776 7919 500
7776 7919 500
7776 7919 500
7776 7919 500
7776 7919 500
6551 6011 501
6551 6011 501
6551 6011 501
6551 6011 501
6551 6011 501
6551 6011 501
6551 6011 501
6551 6011 501
6551 6011 501
6551 6011 501
6551 6011 501
6551 6011 501
6543 7684 501
6543 7684 501
6543 7684 501
6543 7684 501
6543 7684 501
6543 7684 501
6543 7684 501
6543 7684 501
6543 7684 501
6543 7684 501
6543 7684 501
6543 7684 501
6543 7684 501
5447 5354 501
5447 5354 501
5447 5354 501
5447 5354 501
5447 5354 501
5447 5354 501
5447 5354 501
5447 5354 501
5447 5354 501
5447 5354 501
5447 5354 501
5447 5354 501
5447 5354 501
7812 6497 501
7812 6497 501
7812 6497 501
7812 6497 501
7812 6497 501
7812 6497 501
7812 6497 501
7812 6497 501
7812 6497 501
7812 6497 501
7812 6497 501
7812 6497 501
5304 8748 501
5304 8748 501
5304 8748 501
5304 8748 501
5304 8748 501
5304 8748 501
5304 8748 501
5304 8748 501
5304 8748 501
5304 8748 501
5304 8748 501
5304 8748 501
9210 5460 501
9210 5460 501
9210 5460 501
9210 5460 501
9210 5460 501
9210 5460 501
9210 5460 501
9210 5460 501
9210 5460 501
9210 5460 501
9210 5460 501
9210 5460 501
9210 5460 501
5397 5550 501
5397 5550 501
5397 5550 501
5397 5550 501
5397 5550 501
5397 5550 501
5397 5550 501
5397 5550 501
5397 5550 501
5397 5550 501
5397 5550 501
5397 5550 501
5397 5550 501
9221 5340 501
9221 5340 501
9221 5340 501
9221 5340 501
9221 5340 501
9221 5340 501
9221 5340 501
9221 5340 501
9221 5340 501
9221 5340 501
9221 5340 501
9221 5340 501
9221 5340 501
7925 7939 501
7925 7939 501
7925 7939 501
7925 7939 501
7925 7939 501
7925 7939 501
7925 7939 501
7925 7939 501
7925 7939 501
7925 7939 501
7925 7939 501
7925 7939 501
6387 8771 501
6387 8771 501
6387 8771 501
6387 8771 501
6387 8771 501
6387 8771 501
6387 8771 501
6387 8771 501
6387 8771 501
6387 8771 501
6387 8771 501
6387 8771 501
6387 8771 501
6562 7691 501
6562 7691 501
6562 7691 501
6562 7691 501
6562 7691 501
6562 7691 501
6562 7691 501
6562 7691 501
6562 7691 501
6562 7691 501
6562 7691 501
6562 7691 501
6562 7691 501
7453 6488 502
7453 6488 502
7453 6488 502
7453 6488 502
7453 6488 502
7453 6488 502
7453 6488 502
7453 6488 502
7453 6488 502
7453 6488 502
7453 6488 502
7453 6488 502
7676 6544 503
7676 6544 503
7676 6544 503
7676 6544 503
7676 6544 503
7676 6544 503
7676 6544 503
7676 6544 503
7676 6544 503
7676 6544 503
7676 6544 503
7676 6544 503
7676 6544 503
6604 6392 503
6604 6392 503
6604 6392 503
6604 6392 503
6604 6392 503
6604 6392 503
6604 6392 503
6604 6392 503
6604 6392 503
6604 6392 503
6604 6392 503
6604 6392 503
7844 7673 503
7844 7673 503
7844 7673 503
7844 7673 503
7844 7673 503
7844 7673 503
7844 7673 503
7844 7673 503
7844 7673 503
7844 7673 503
7844 7673 503
7844 7673 503
5448 5253 503
5448 5253 503
5448 5253 503
5448 5253 503
5448 5253 503
5448 5253 503
5448 5253 503
5448 5253 503
5448 5253 503
5448 5253 503
5448 5253 503
5448 5253 503
7748 8467 503
7748 8467 503
7748 8467 503
7748 8467 503
7748 8467 503
7748 8467 503
7748 8467 503
7748 8467 503
7748 8467 503
7748 8467 503
7748 8467 503
7748 8467 503
6323 6475 504
6323 6475 504
6323 6475 504
6323 6475 504
6323 6475 504
6323 6475 504
6323 6475 504
6323 6475 504
6323 6475 504
6323 6475 504
6323 6475 504
6323 6475 504
6323 6475 504
7686 6506 504
7686 6506 504
7686 6506 504
7686 6506 504
7686 6506 504
7686 6506 504
7686 6506 504
7686 6506 504
7686 6506 504
7686 6506 504
7686 6506 504
7686 6506 504
6038 7772 504
6038 7772 504
6038 7772 504
6038 7772 504
6038 7772 504
6038 7772 504
6038 7772 504
6038 7772 504
6038 7772 504
6038 7772 504
6038 7772 504
6038 7772 504
6038 7772 504
8467 5925 504
8467 5925 504
8467 5925 504
8467 5925 504
8467 5925 504
8467 5925 504
8467 5925 504
8467 5925 504
8467 5925 504
8467 5925 504
8467 5925 504
8467 5925 504
7883 7905 504
7883 7905 504
7883 7905 504
7883 7905 504
7883 7905 504
7883 7905 504
7883 7905 504
7883 7905 504
7883 7905 504
7883 7905 504
7883 7905 504
7883 7905 504
7883 7905 504
5522 5397 505
5522 5397 505
5522 5397 505
5522 5397 505
5522 5397 505
5522 5397 505
5522 5397 505
5522 5397 505
5522 5397 505
5522 5397 505
5522 5397 505
5522 5397 505
7725 7942 505
7725 7942 505
7725 7942 505
7725 7942 505
7725 7942 505
7725 7942 505
7725 7942 505
7725 7942 505
7725 7942 505
7725 7942 505
7725 7942 505
7725 7942 505
7725 7942 505
5294 5430 505
5294 5430 505
5294 5430 505
5294 5430 505
5294 5430 505
5294 5430 505
5294 5430 505
5294 5430 505
5294 5430 505
5294 5430 505
5294 5430 505
5294 5430 505
5294 5430 505
5268 6548 506
5268 6548 506
5268 6548 506
5268 6548 506
5268 6548 506
5268 6548 506
5268 6548 506
5268 6548 506
5268 6548 506
5268 6548 506
5268 6548 506
5268 6548 506
7733 7802 506
7733 7802 506
7733 7802 506
7733 7802 506
7733 7802 506
7733 7802 506
7733 7802 506
7733 7802 506
7733 7802 506
7733 7802 506
7733 7802 506
7733 7802 506
6558 5386 507
6558 5386 507
6558 5386 507
6558 5386 507
6558 5386 507
6558 5386 507
6558 5386 507
6558 5386 507
6558 5386 507
6558 5386 507
6558 5386 507
6558 5386 507
6558 5386 507
5296 8797 507
5296 8797 507
5296 8797 507
5296 8797 507
5296 8797 507
5296 8797 507
5296 8797 507
5296 8797 507
5296 8797 507
5296 8797 507
5296 8797 507
5296 8797 507
5296 8797 507
9675 9615 507
9675 9615 507
9675 9615 507
9675 9615 507
9675 9615 507
9675 9615 507
9675 9615 507
9675 9615 507
9675 9615 507
9675 9615 507
9675 9615 507
9675 9615 507
9675 9615 507
7706 5989 507
7706 5989 507
7706 5989 507
7706 5989 507
7706 5989 507
7706 5989 507
7706 5989 507
7706 5989 507
7706 5989 507
7706 5989 507
7706 5989 507
7706 5989 507
7753 8454 507
7753 8454 507
7753 8454 507
7753 8454 507
7753 8454 507
7753 8454 507
7753 8454 507
7753 8454 507
7753 8454 507
7753 8454 507
7753 8454 507
7753 8454 507
7753 8454 507
6585 7740 507
6585 7740 507
6585 7740 507
6585 7740 507
6585 7740 507
6585 7740 507
6585 7740 507
6585 7740 507
6585 7740 507
6585 7740 507
6585 7740 507
6585 7740 507
6585 7740 507
7782 6024 508
7782 6024 508
7782 6024 508
7782 6024 508
7782 6024 508
7782 6024 508
7782 6024 508
7782 6024 508
7782 6024 508
7782 6024 508
7782 6024 508
7782 6024 508
5384 6407 508
5384 6407 508
5384 6407 508
5384 6407 508
5384 6407 508
5384 6407 508
5384 6407 508
5384 6407 508
5384 6407 508
5384 6407 508
5384 6407 508
5384 6407 508
5384 6407 508
5358 5421 508
5358 5421 508
5358 5421 508
5358 5421 508
5358 5421 508
5358 5421 508
5358 5421 508
5358 5421 508
5358 5421 508
5358 5421 508
5358 5421 508
5358 5421 508
7891 7749 508
7891 7749 508
7891 7749 508
7891 7749 508
7891 7749 508
7891 7749 508
7891 7749 508
7891 7749 508
7891 7749 508
7891 7749 508
7891 7749 508
7891 7749 508
7891 7749 508
5275 5518 508
5275 5518 508
5275 5518 508
5275 5518 508
5275 5518 508
5275 5518 508
5275 5518 508
5275 5518 508
5275 5518 508
5275 5518 508
5275 5518 508
5275 5518 508
5349 8781 508
5349 8781 508
5349 8781 508
5349 8781 508
5349 8781 508
5349 8781 508
5349 8781 508
5349 8781 508
5349 8781 508
5349 8781 508
5349 8781 508
5349 8781 508
6580 6411 508
6580 6411 508
6580 6411 508
6580 6411 508
6580 6411 508
6580 6411 508
6580 6411 508
6580 6411 508
6580 6411 508
6580 6411 508
6580 6411 508
6580 6411 508
5481 8756 509
5481 8756 509
5481 8756 509
5481 8756 509
5481 8756 509
5481 8756 509
5481 8756 509
5481 8756 509
5481 8756 509
5481 8756 509
5481 8756 509
5481 8756 509
6013 5537 509
6013 5537 509
6013 5537 509
6013 5537 509
6013 5537 509
6013 5537 509
6013 5537 509
6013 5537 509
6013 5537 509
6013 5537 509
6013 5537 509
6013 5537 509
7825 7787 509
7825 7787 509
7825 7787 509
7825 7787 509
7825 7787 509
7825 7787 509
7825 7787 509
7825 7787 509
7825 7787 509
7825 7787 509
7825 7787 509
7825 7787 509
8695 6387 509
8695 6387 509
8695 6387 509
8695 6387 509
8695 6387 509
8695 6387 509
8695 6387 509
8695 6387 509
8695 6387 509
8695 6387 509
8695 6387 509
8695 6387 509
6578 6483 509
6578 6483 509
6578 6483 509
6578 6483 509
6578 6483 509
6578 6483 509
6578 6483 509
6578 6483 509
6578 6483 509
6578 6483 509
6578 6483 509
6578 6483 509
5277 6009 509
5277 6009 509
5277 6009 509
5277 6009 509
5277 6009 509
5277 6009 509
5277 6009 509
5277 6009 509
5277 6009 509
5277 6009 509
5277 6009 509
5277 6009 509
5277 6009 509
6572 6541 510
6572 6541 510
6572 6541 510
6572 6541 510
6572 6541 510
6572 6541 510
6572 6541 510
6572 6541 510
6572 6541 510
6572 6541 510
6572 6541 510
6572 6541 510
6572 6541 510
5364 6558 510
5364 6558 510
5364 6558 510
5364 6558 510
5364 6558 510
5364 6558 510
5364 6558 510
5364 6558 510
5364 6558 510
5364 6558 510
5364 6558 510
5364 6558 510
7714 6552 510
7714 6552 510
7714 6552 510
7714 6552 510
7714 6552 510
7714 6552 510
7714 6552 510
7714 6552 510
7714 6552 510
7714 6552 510
7714 6552 510
7714 6552 510
5280 8445 510
5280 8445 510
5280 8445 510
5280 8445 510
5280 8445 510
5280 8445 510
5280 8445 510
5280 8445 510
5280 8445 510
5280 8445 510
5280 8445 510
5280 8445 510
7699 6582 510
7699 6582 510
7699 6582 510
7699 6582 510
7699 6582 510
7699 6582 510
7699 6582 510
7699 6582 510
7699 6582 510
7699 6582 510
7699 6582 510
7699 6582 510
7699 6582 510
6547 5421 510
6547 5421 510
6547 5421 510
6547 5421 510
6547 5421 510
6547 5421 510
6547 5421 510
6547 5421 510
6547 5421 510
6547 5421 510
6547 5421 510
6547 5421 510
7884 7659 510
7884 7659 510
7884 7659 510
7884 7659 510
7884 7659 510
7884 7659 510
7884 7659 510
7884 7659 510
7884 7659 510
7884 7659 510
7884 7659 510
7884 7659 510
7884 7659 510
7862 7901 510
7862 7901 510
7862 7901 510
7862 7901 510
7862 7901 510
7862 7901 510
7862 7901 510
7862 7901 510
7862 7901 510
7862 7901 510
7862 7901 510
7862 7901 510
7862 7901 510
5924 6588 511
5924 6588 511
5924 6588 511
5924 6588 511
5924 6588 511
5924 6588 511
5924 6588 511
5924 6588 511
5924 6588 511
5924 6588 511
5924 6588 511
5924 6588 511
5924 6588 511
5463 5279 511
5463 5279 511
5463 5279 511
5463 5279 511
5463 5279 511
5463 5279 511
5463 5279 511
5463 5279 511
5463 5279 511
5463 5279 511
5463 5279 511
5463 5279 511
5463 5279 511
6608 6578 511
6608 6578 511
6608 6578 511
6608 6578 511
6608 6578 511
6608 6578 511
6608 6578 511
6608 6578 511
6608 6578 511
6608 6578 511
6608 6578 511
6608 6578 511
7948 7768 511
7948 7768 511
7948 7768 511
7948 7768 511
7948 7768 511
7948 7768 511
7948 7768 511
7948 7768 511
7948 7768 511
7948 7768 511
7948 7768 511
7948 7768 511
7948 7768 511
9270 8782 511
9270 8782 511
9270 8782 511
9270 8782 511
9270 8782 511
9270 8782 511
9270 8782 511
9270 8782 511
9270 8782 511
9270 8782 511
9270 8782 511
9270 8782 511
9270 8782 511
5991 5259 511
5991 5259 511
5991 5259 511
5991 5259 511
5991 5259 511
5991 5259 511
5991 5259 511
5991 5259 511
5991 5259 511
5991 5259 511
5991 5259 511
5991 5259 511
7947 7726 511
7947 7726 511
7947 7726 511
7947 7726 511
7947 7726 511
7947 7726 511
7947 7726 511
7947 7726 511
7947 7726 511
7947 7726 511
7947 7726 511
7947 7726 511
9159 8755 512
9159 8755 512
9159 8755 512
9159 8755 512
9159 8755 512
9159 8755 512
9159 8755 512
9159 8755 512
9159 8755 512
9159 8755 512
9159 8755 512
9159 8755 512
9159 8755 512
6549 5391 512
6549 5391 512
6549 5391 512
6549 5391 512
6549 5391 512
6549 5391 512
6549 5391 512
6549 5391 512
6549 5391 512
6549 5391 512
6549 5391 512
6549 5391 512
6549 5391 512
6427 6538 513
6427 6538 513
6427 6538 513
6427 6538 513
6427 6538 513
6427 6538 513
6427 6538 513
6427 6538 513
6427 6538 513
6427 6538 513
6427 6538 513
6427 6538 513
5415 6092 513
5415 6092 513
5415 6092 513
5415 6092 513
5415 6092 513
5415 6092 513
5415 6092 513
5415 6092 513
5415 6092 513
5415 6092 513
5415 6092 513
5415 6092 513
6581 7761 513
6581 7761 513
6581 7761 513
6581 7761 513
6581 7761 513
6581 7761 513
6581 7761 513
6581 7761 513
6581 7761 513
6581 7761 513
6581 7761 513
6581 7761 513
6581 7761 513
5993 5381 514
5993 5381 514
5993 5381 514
5993 5381 514
5993 5381 514
5993 5381 514
5993 5381 514
5993 5381 514
5993 5381 514
5993 5381 514
5993 5381 514
5993 5381 514
5993 5381 514
8464 7942 514
8464 7942 514
8464 7942 514
8464 7942 514
8464 7942 514
8464 7942 514
8464 7942 514
8464 7942 514
8464 7942 514
8464 7942 514
8464 7942 514
8464 7942 514
6611 7785 514
6611 7785 514
6611 7785 514
6611 7785 514
6611 7785 514
6611 7785 514
6611 7785 514
6611 7785 514
6611 7785 514
6611 7785 514
6611 7785 514
6611 7785 514
6611 7785 514
5445 8766 514
5445 8766 514
5445 8766 514
5445 8766 514
5445 8766 514
5445 8766 514
5445 8766 514
5445 8766 514
5445 8766 514
5445 8766 514
5445 8766 514
5445 8766 514
6613 5427 514
6613 5427 514
6613 5427 514
6613 5427 514
6613 5427 514
6613 5427 514
6613 5427 514
6613 5427 514
6613 5427 514
6613 5427 514
6613 5427 514
6613 5427 514
7868 8381 515
7868 8381 515
7868 8381 515
7868 8381 515
7868 8381 515
7868 8381 515
7868 8381 515
7868 8381 515
7868 8381 515
7868 8381 515
7868 8381 515
7868 8381 515
5356 6610 515
5356 6610 515
5356 6610 515
5356 6610 515
5356 6610 515
5356 6610 515
5356 6610 515
5356 6610 515
5356 6610 515
5356 6610 515
5356 6610 515
5356 6610 515
9203 5298 516
9203 5298 516
9203 5298 516
9203 5298 516
9203 5298 516
9203 5298 516
9203 5298 516
9203 5298 516
9203 5298 516
9203 5298 516
9203 5298 516
9203 5298 516
7699 5995 516
7699 5995 516
7699 5995 516
7699 5995 516
7699 5995 516
7699 5995 516
7699 5995 516
7699 5995 516
7699 5995 516
7699 5995 516
7699 5995 516
7699 5995 516
7699 5995 516
8469 7676 517
8469 7676 517
8469 7676 517
8469 7676 517
8469 7676 517
8469 7676 517
8469 7676 517
8469 7676 517
8469 7676 517
8469 7676 517
8469 7676 517
8469 7676 517
5269 5255 517
5269 5255 517
5269 5255 517
5269 5255 517
5269 5255 517
5269 5255 517
5269 5255 517
5269 5255 517
5269 5255 517
5269 5255 517
5269 5255 517
5269 5255 517
5269 5255 517
7919 7762 517
7919 7762 517
7919 7762 517
7919 7762 517
7919 7762 517
7919 7762 517
7919 7762 517
7919 7762 517
7919 7762 517
7919 7762 517
7919 7762 517
7919 7762 517
7684 7940 518
7684 7940 518
7684 7940 518
7684 7940 518
7684 7940 518
7684 7940 518
7684 7940 518
7684 7940 518
7684 7940 518
7684 7940 518
7684 7940 518
7684 7940 518
7684 7940 518
6031 8464 518
6031 8464 518
6031 8464 518
6031 8464 518
6031 8464 518
6031 8464 518
6031 8464 518
6031 8464 518
6031 8464 518
6031 8464 518
6031 8464 518
6031 8464 518
6031 8464 518
7481 6312 518
7481 6312 518
7481 6312 518
7481 6312 518
7481 6312 518
7481 6312 518
7481 6312 518
7481 6312 518
7481 6312 518
7481 6312 518
7481 6312 518
7481 6312 518
7481 6312 518
7891 7926 518
7891 7926 518
7891 7926 518
7891 7926 518
7891 7926 518
7891 7926 518
7891 7926 518
7891 7926 518
7891 7926 518
7891 7926 518
7891 7926 518
7891 7926 518
7891 7926 518
6608 6552 519
6608 6552 519
6608 6552 519
6608 6552 519
6608 6552 519
6608 6552 519
6608 6552 519
6608 6552 519
6608 6552 519
6608 6552 519
6608 6552 519
6608 6552 519
6608 6552 519
5319 5529 520
5319 5529 520
5319 5529 520
5319 5529 520
5319 5529 520
5319 5529 520
5319 5529 520
5319 5529 520
5319 5529 520
5319 5529 520
5319 5529 520
5319 5529 520
7773 8475 520
7773 8475 520
7773 8475 520
7773 8475 520
7773 8475 520
7773 8475 520
7773 8475 520
7773 8475 520
7773 8475 520
7773 8475 520
7773 8475 520
7773 8475 520
7773 8475 520
5467 5269 521
5467 5269 521
5467 5269 521
5467 5269 521
5467 5269 521
5467 5269 521
5467 5269 521
5467 5269 521
5467 5269 521
5467 5269 521
5467 5269 521
5467 5269 521
8678 6607 521
8678 6607 521
8678 6607 521
8678 6607 521
8678 6607 521
8678 6607 521
8678 6607 521
8678 6607 521
8678 6607 521
8678 6607 521
8678 6607 521
8678 6607 521
5311 9263 522
5311 9263 522
5311 9263 522
5311 9263 522
5311 9263 522
5311 9263 522
5311 9263 522
5311 9263 522
5311 9263 522
5311 9263 522
5311 9263 522
5311 9263 522
8445 5370 522
8445 5370 522
8445 5370 522
8445 5370 522
8445 5370 522
8445 5370 522
8445 5370 522
8445 5370 522
8445 5370 522
8445 5370 522
8445 5370 522
8445 5370 522
6597 8436 523
6597 8436 523
6597 8436 523
6597 8436 523
6597 8436 523
6597 8436 523
6597 8436 523
6597 8436 523
6597 8436 523
6597 8436 523
6597 8436 523
6597 8436 523
5314 8749 523
5314 8749 523
5314 8749 523
5314 8749 523
5314 8749 523
5314 8749 523
5314 8749 523
5314 8749 523
5314 8749 523
5314 8749 523
5314 8749 523
5314 8749 523
5365 8450 524
5365 8450 524
5365 8450 524
5365 8450 524
5365 8450 524
5365 8450 524
5365 8450 524
5365 8450 524
5365 8450 524
5365 8450 524
5365 8450 524
5365 8450 524
5413 5986 524
5413 5986 524
5413 5986 524
5413 5986 524
5413 5986 524
5413 5986 524
5413 5986 524
5413 5986 524
5413 5986 524
5413 5986 524
5413 5986 524
5413 5986 524
5413 5986 524
7715 5359 524
7715 5359 524
7715 5359 524
7715 5359 524
7715 5359 524
7715 5359 524
7715 5359 524
7715 5359 524
7715 5359 524
7715 5359 524
7715 5359 524
7715 5359 524
6515 7632 524
6515 7632 524
6515 7632 524
6515 7632 524
6515 7632 524
6515 7632 524
6515 7632 524
6515 7632 524
6515 7632 524
6515 7632 524
6515 7632 524
6515 7632 524
6515 7632 524
8449 8466 524
8449 8466 524
8449 8466 524
8449 8466 524
8449 8466 524
8449 8466 524
8449 8466 524
8449 8466 524
8449 8466 524
8449 8466 524
8449 8466 524
8449 8466 524
6610 6543 524
6610 6543 524
6610 6543 524
6610 6543 524
6610 6543 524
6610 6543 524
6610 6543 524
6610 6543 524
6610 6543 524
6610 6543 524
6610 6543 524
6610 6543 524
6050 7778 524
6050 7778 524
6050 7778 524
6050 7778 524
6050 7778 524
6050 7778 524
6050 7778 524
6050 7778 524
6050 7778 524
6050 7778 524
6050 7778 524
6050 7778 524
9273 5437 525
9273 5437 525
9273 5437 525
9273 5437 525
9273 5437 525
9273 5437 525
9273 5437 525
9273 5437 525
9273 5437 525
9273 5437 525
9273 5437 525
9273 5437 525
7899 7805 525
7899 7805 525
7899 7805 525
7899 7805 525
7899 7805 525
7899 7805 525
7899 7805 525
7899 7805 525
7899 7805 525
7899 7805 525
7899 7805 525
7899 7805 525
8470 5364 525
8470 5364 525
8470 5364 525
8470 5364 525
8470 5364 525
8470 5364 525
8470 5364 525
8470 5364 525
8470 5364 525
8470 5364 525
8470 5364 525
8470 5364 525
8470 5364 525
5568 5555 525
5568 5555 525
5568 5555 525
5568 5555 525
5568 5555 525
5568 5555 525
5568 5555 525
5568 5555 525
5568 5555 525
5568 5555 525
5568 5555 525
5568 5555 525
7659 7518 526
7659 7518 526
7659 7518 526
7659 7518 526
7659 7518 526
7659 7518 526
7659 7518 526
7659 7518 526
7659 7518 526
7659 7518 526
7659 7518 526
7659 7518 526
6095 5515 526
6095 5515 526
6095 5515 526
6095 5515 526
6095 5515 526
6095 5515 526
6095 5515 526
6095 5515 526
6095 5515 526
6095 5515 526
6095 5515 526
6095 5515 526
6095 5515 526
8817 8754 526
8817 8754 526
8817 8754 526
8817 8754 526
8817 8754 526
8817 8754 526
8817 8754 526
8817 8754 526
8817 8754 526
8817 8754 526
8817 8754 526
8817 8754 526
5485 9209 526
5485 9209 526
5485 9209 526
5485 9209 526
5485 9209 526
5485 9209 526
5485 9209 526
5485 9209 526
5485 9209 526
5485 9209 526
5485 9209 526
5485 9209 526
8438 8461 527
8438 8461 527
8438 8461 527
8438 8461 527
8438 8461 527
8438 8461 527
8438 8461 527
8438 8461 527
8438 8461 527
8438 8461 527
8438 8461 527
8438 8461 527
8438 8461 527
8748 5284 527
8748 5284 527
8748 5284 527
8748 5284 527
8748 5284 527
8748 5284 527
8748 5284 527
8748 5284 527
8748 5284 527
8748 5284 527
8748 5284 527
8748 5284 527
6543 6570 527
6543 6570 527
6543 6570 527
6543 6570 527
6543 6570 527
6543 6570 527
6543 6570 527
6543 6570 527
6543 6570 527
6543 6570 527
6543 6570 527
6543 6570 527
5523 5558 528
5523 5558 528
5523 5558 528
5523 5558 528
5523 5558 528
5523 5558 528
5523 5558 528
5523 5558 528
5523 5558 528
5523 5558 528
5523 5558 528
5523 5558 528
5523 5558 528
6592 7772 528
6592 7772 528
6592 7772 528
6592 7772 528
6592 7772 528
6592 7772 528
6592 7772 528
6592 7772 528
6592 7772 528
6592 7772 528
6592 7772 528
6592 7772 528
5254 9262 528
5254 9262 528
5254 9262 528
5254 9262 528
5254 9262 528
5254 9262 528
5254 9262 528
5254 9262 528
5254 9262 528
5254 9262 528
5254 9262 528
5254 9262 528
5257 8784 528
5257 8784 528
5257 8784 528
5257 8784 528
5257 8784 528
5257 8784 528
5257 8784 528
5257 8784 528
5257 8784 528
5257 8784 528
5257 8784 528
5257 8784 528
5257 8784 528
7902 7790 528
7902 7790 528
7902 7790 528
7902 7790 528
7902 7790 528
7902 7790 528
7902 7790 528
7902 7790 528
7902 7790 528
7902 7790 528
7902 7790 528
7902 7790 528
7902 7790 528
6430 6533 529
6430 6533 529
6430 6533 529
6430 6533 529
6430 6533 529
6430 6533 529
6430 6533 529
6430 6533 529
6430 6533 529
6430 6533 529
6430 6533 529
6430 6533 529
6430 6533 529
7723 6018 530
7723 6018 530
7723 6018 530
7723 6018 530
7723 6018 530
7723 6018 530
7723 6018 530
7723 6018 530
7723 6018 530
7723 6018 530
7723 6018 530
7723 6018 530
7723 6018 530
7784 7987 530
7784 7987 530
7784 7987 530
7784 7987 530
7784 7987 530
7784 7987 530
7784 7987 530
7784 7987 530
7784 7987 530
7784 7987 530
7784 7987 530
7784 7987 530
7784 7987 530
5297 5343 530
5297 5343 530
5297 5343 530
5297 5343 530
5297 5343 530
5297 5343 530
5297 5343 530
5297 5343 530
5297 5343 530
5297 5343 530
5297 5343 530
5297 5343 530
5441 5355 530
5441 5355 530
5441 5355 530
5441 5355 530
5441 5355 530
5441 5355 530
5441 5355 530
5441 5355 530
5441 5355 530
5441 5355 530
5441 5355 530
5441 5355 530
5441 5355 530
6601 5403 530
6601 5403 530
6601 5403 530
6601 5403 530
6601 5403 530
6601 5403 530
6601 5403 530
6601 5403 530
6601 5403 530
6601 5403 530
6601 5403 530
6601 5403 530
6601 5403 530
6509 6409 530
6509 6409 530
6509 6409 530
6509 6409 530
6509 6409 530
6509 6409 530
6509 6409 530
6509 6409 530
6509 6409 530
6509 6409 530
6509 6409 530
6509 6409 530
6509 6409 530
5298 5549 530
5298 5549 530
5298 5549 530
5298 5549 530
5298 5549 530
5298 5549 530
5298 5549 530
5298 5549 530
5298 5549 530
5298 5549 530
5298 5549 530
5298 5549 530
5298 5549 530
6382 5244 531
6382 5244 531
6382 5244 531
6382 5244 531
6382 5244 531
6382 5244 531
6382 5244 531
6382 5244 531
6382 5244 531
6382 5244 531
6382 5244 531
6382 5244 531
6580 8683 532
6580 8683 532
6580 8683 532
6580 8683 532
6580 8683 532
6580 8683 532
6580 8683 532
6580 8683 532
6580 8683 532
6580 8683 532
6580 8683 532
6580 8683 532
6580 8683 532
6542 7759 532
6542 7759 532
6542 7759 532
6542 7759 532
6542 7759 532
6542 7759 532
6542 7759 532
6542 7759 532
6542 7759 532
6542 7759 532
6542 7759 532
6542 7759 532
5280 8751 532
5280 8751 532
5280 8751 532
5280 8751 532
5280 8751 532
5280 8751 532
5280 8751 532
5280 8751 532
5280 8751 532
5280 8751 532
5280 8751 532
5280 8751 532
7968 8355 534
7968 8355 534
7968 8355 534
7968 8355 534
7968 8355 534
7968 8355 534
7968 8355 534
7968 8355 534
7968 8355 534
7968 8355 534
7968 8355 534
7968 8355 534
6570 6380 534
6570 6380 534
6570 6380 534
6570 6380 534
6570 6380 534
6570 6380 534
6570 6380 534
6570 6380 534
6570 6380 534
6570 6380 534
6570 6380 534
6570 6380 534
6570 6380 534
5567 5300 535
5567 5300 535
5567 5300 535
5567 5300 535
5567 5300 535
5567 5300 535
5567 5300 535
5567 5300 535
5567 5300 535
5567 5300 535
5567 5300 535
5567 5300 535
5567 5300 535
5295 9262 537
5295 9262 537
5295 9262 537
5295 9262 537
5295 9262 537
5295 9262 537
5295 9262 537
5295 9262 537
5295 9262 537
5295 9262 537
5295 9262 537
5295 9262 537
6019 6051 537
6019 6051 537
6019 6051 537
6019 6051 537
6019 6051 537
6019 6051 537
6019 6051 537
6019 6051 537
6019 6051 537
6019 6051 537
6019 6051 537
6019 6051 537
6531 5392 537
6531 5392 537
6531 5392 537
6531 5392 537
6531 5392 537
6531 5392 537
6531 5392 537
6531 5392 537
6531 5392 537
6531 5392 537
6531 5392 537
6531 5392 537
7941 7936 538
7941 7936 538
7941 7936 538
7941 7936 538
7941 7936 538
7941 7936 538
7941 7936 538
7941 7936 538
7941 7936 538
7941 7936 538
7941 7936 538
7941 7936 538
7744 6523 538
7744 6523 538
7744 6523 538
7744 6523 538
7744 6523 538
7744 6523 538
7744 6523 538
7744 6523 538
7744 6523 538
7744 6523 538
7744 6523 538
7744 6523 538
6584 6588 539
6584 6588 539
6584 6588 539
6584 6588 539
6584 6588 539
6584 6588 539
6584 6588 539
6584 6588 539
6584 6588 539
6584 6588 539
6584 6588 539
6584 6588 539
6584 6588 539
6043 6013 539
6043 6013 539
6043 6013 539
6043 6013 539
6043 6013 539
6043 6013 539
6043 6013 539
6043 6013 539
6043 6013 539
6043 6013 539
6043 6013 539
6043 6013 539
7788 7835 540
7788 7835 540
7788 7835 540
7788 7835 540
7788 7835 540
7788 7835 540
7788 7835 540
7788 7835 540
7788 7835 540
7788 7835 540
7788 7835 540
7788 7835 540
7670 7833 540
7670 7833 540
7670 7833 540
7670 7833 540
7670 7833 540
7670 7833 540
7670 7833 540
7670 7833 540
7670 7833 540
7670 7833 540
7670 7833 540
7670 7833 540
7670 7833 540
5990 6552 540
5990 6552 540
5990 6552 540
5990 6552 540
5990 6552 540
5990 6552 540
5990 6552 540
5990 6552 540
5990 6552 540
5990 6552 540
5990 6552 540
5990 6552 540
5990 6552 540
6560 8453 540
6560 8453 540
6560 8453 540
6560 8453 540
6560 8453 540
6560 8453 540
6560 8453 540
6560 8453 540
6560 8453 540
6560 8453 540
6560 8453 540
6560 8453 540
5558 5298 541
5558 5298 541
5558 5298 541
5558 5298 541
5558 5298 541
5558 5298 541
5558 5298 541
5558 5298 541
5558 5298 541
5558 5298 541
5558 5298 541
5558 5298 541
5558 5298 541
9275 5251 541
9275 5251 541
9275 5251 541
9275 5251 541
9275 5251 541
9275 5251 541
9275 5251 541
9275 5251 541
9275 5251 541
9275 5251 541
9275 5251 541
9275 5251 541
5320 5501 542
5320 5501 542
5320 5501 542
5320 5501 542
5320 5501 542
5320 5501 542
5320 5501 542
5320 5501 542
5320 5501 542
5320 5501 542
5320 5501 542
5320 5501 542
8748 5374 543
8748 5374 543
8748 5374 543
8748 5374 543
8748 5374 543
8748 5374 543
8748 5374 543
8748 5374 543
8748 5374 543
8748 5374 543
8748 5374 543
8748 5374 543
8748 5374 543
5342 5502 544
5342 5502 544
5342 5502 544
5342 5502 544
5342 5502 544
5342 5502 544
5342 5502 544
5342 5502 544
5342 5502 544
5342 5502 544
5342 5502 544
5342 5502 544
5342 5502 544
7709 6549 544
7709 6549 544
7709 6549 544
7709 6549 544
7709 6549 544
7709 6549 544
7709 6549 544
7709 6549 544
7709 6549 544
7709 6549 544
7709 6549 544
7709 6549 544
7702 6533 548
7702 6533 548
7702 6533 548
7702 6533 548
7702 6533 548
7702 6533 548
7702 6533 548
7702 6533 548
7702 6533 548
7702 6533 548
7702 6533 548
7702 6533 548
7702 6533 548
7786 6606 550
7786 6606 550
7786 6606 550
7786 6606 550
7786 6606 550
7786 6606 550
7786 6606 550
7786 6606 550
7786 6606 550
7786 6606 550
7786 6606 550
7786 6606 550
7786 6606 550
6556 7713 550
6556 7713 550
6556 7713 550
6556 7713 550
6556 7713 550
6556 7713 550
6556 7713 550
6556 7713 550
6556 7713 550
6556 7713 550
6556 7713 550
6556 7713 550
6556 7713 550
6015 6064 560
6015 6064 560
6015 6064 560
6015 6064 560
6015 6064 560
6015 6064 560
6015 6064 560
6015 6064 560
6015 6064 560
6015 6064 560
6015 6064 560
6015 6064 560
6015 6064 560
5392 5443 560
5392 5443 560
5392 5443 560
5392 5443 560
5392 5443 560
5392 5443 560
5392 5443 560
5392 5443 560
5392 5443 560
5392 5443 560
5392 5443 560
5392 5443 560
5392 5443 560
8431 6380 561
8431 6380 561
8431 6380 561
8431 6380 561
8431 6380 561
8431 6380 561
8431 6380 561
8431 6380 561
8431 6380 561
8431 6380 561
8431 6380 561
8431 6380 561
5298 5486 561
5298 5486 561
5298 5486 561
5298 5486 561
5298 5486 561
5298 5486 561
5298 5486 561
5298 5486 561
5298 5486 561
5298 5486 561
5298 5486 561
5298 5486 561
7690 5993 571
7690 5993 571
7690 5993 571
7690 5993 571
7690 5993 571
7690 5993 571
7690 5993 571
7690 5993 571
7690 5993 571
7690 5993 571
7690 5993 571
7690 5993 571
7690 5993 571
8760 5440 574
8760 5440 574
8760 5440 574
8760 5440 574
8760 5440 574
8760 5440 574
8760 5440 574
8760 5440 574
8760 5440 574
8760 5440 574
8760 5440 574
8760 5440 574
8760 5440 574
6566 5252 576
6566 5252 576
6566 5252 576
6566 5252 576
6566 5252 576
6566 5252 576
6566 5252 576
6566 5252 576
6566 5252 576
6566 5252 576
6566 5252 576
6566 5252 576
6566 5252 576
7685 7751 583
7685 7751 583
7685 7751 583
7685 7751 583
7685 7751 583
7685 7751 583
7685 7751 583
7685 7751 583
7685 7751 583
7685 7751 583
7685 7751 583
7685 7751 583
7685 7751 583
6407 6584 583
6407 6584 583
6407 6584 583
6407 6584 583
6407 6584 583
6407 6584 583
6407 6584 583
6407 6584 583
6407 6584 583
6407 6584 583
6407 6584 583
6407 6584 583
6549 7723 585
6549 7723 585
6549 7723 585
6549 7723 585
6549 7723 585
6549 7723 585
6549 7723 585
6549 7723 585
6549 7723 585
6549 7723 585
6549 7723 585
6549 7723 585
6093 5444 586
6093 5444 586
6093 5444 586
6093 5444 586
6093 5444 586
6093 5444 586
6093 5444 586
6093 5444 586
6093 5444 586
6093 5444 586
6093 5444 586
6093 5444 586
6544 7707 586
6544 7707 586
6544 7707 586
6544 7707 586
6544 7707 586
6544 7707 586
6544 7707 586
6544 7707 586
6544 7707 586
6544 7707 586
6544 7707 586
6544 7707 586
6549 6573 588
6549 6573 588
6549 6573 588
6549 6573 588
6549 6573 588
6549 6573 588
6549 6573 588
6549 6573 588
6549 6573 588
6549 6573 588
6549 6573 588
6549 6573 588
6549 6573 588
6544 6608 589
6544 6608 589
6544 6608 589
6544 6608 589
6544 6608 589
6544 6608 589
6544 6608 589
6544 6608 589
6544 6608 589
6544 6608 589
6544 6608 589
6544 6608 589
6544 6608 589
8764 9226 589
8764 9226 589
8764 9226 589
8764 9226 589
8764 9226 589
8764 9226 589
8764 9226 589
8764 9226 589
8764 9226 589
8764 9226 589
8764 9226 589
8764 9226 589
8764 9226 589
5994 6585 589
5994 6585 589
5994 6585 589
5994 6585 589
5994 6585 589
5994 6585 589
5994 6585 589
5994 6585 589
5994 6585 589
5994 6585 589
5994 6585 589
5994 6585 589
5994 6585 589
7845 7694 590
7845 7694 590
7845 7694 590
7845 7694 590
7845 7694 590
7845 7694 590
7845 7694 590
7845 7694 590
7845 7694 590
7845 7694 590
7845 7694 590
7845 7694 590
7845 7694 590
5376 6611 590
5376 6611 590
5376 6611 590
5376 6611 590
5376 6611 590
5376 6611 590
5376 6611 590
5376 6611 590
5376 6611 590
5376 6611 590
5376 6611 590
5376 6611 590
7481 6495 590
7481 6495 590
7481 6495 590
7481 6495 590
7481 6495 590
7481 6495 590
7481 6495 590
7481 6495 590
7481 6495 590
7481 6495 590
7481 6495 590
7481 6495 590
7481 6495 590
7710 7689 591
7710 7689 591
7710 7689 591
7710 7689 591
7710 7689 591
7710 7689 591
7710 7689 591
7710 7689 591
7710 7689 591
7710 7689 591
7710 7689 591
7710 7689 591
8431 6351 591
8431 6351 591
8431 6351 591
8431 6351 591
8431 6351 591
8431 6351 591
8431 6351 591
8431 6351 591
8431 6351 591
8431 6351 591
8431 6351 591
8431 6351 591
6576 6582 592
6576 6582 592
6576 6582 592
6576 6582 592
6576 6582 592
6576 6582 592
6576 6582 592
6576 6582 592
6576 6582 592
6576 6582 592
6576 6582 592
6576 6582 592
7723 7700 593
7723 7700 593
7723 7700 593
7723 7700 593
7723 7700 593
7723 7700 593
7723 7700 593
7723 7700 593
7723 7700 593
7723 7700 593
7723 7700 593
7723 7700 593
7723 7700 593
5259 5405 593
5259 5405 593
5259 5405 593
5259 5405 593
5259 5405 593
5259 5405 593
5259 5405 593
5259 5405 593
5259 5405 593
5259 5405 593
5259 5405 593
5259 5405 593
5259 5405 593
6604 6583 593
6604 6583 593
6604 6583 593
6604 6583 593
6604 6583 593
6604 6583 593
6604 6583 593
6604 6583 593
6604 6583 593
6604 6583 593
6604 6583 593
6604 6583 593
6604 6583 593
6451 6471 594
6451 6471 594
6451 6471 594
6451 6471 594
6451 6471 594
6451 6471 594
6451 6471 594
6451 6471 594
6451 6471 594
6451 6471 594
6451 6471 594
6451 6471 594
6451 6471 594
7901 7998 594
7901 7998 594
7901 7998 594
7901 7998 594
7901 7998 594
7901 7998 594
7901 7998 594
7901 7998 594
7901 7998 594
7901 7998 594
7901 7998 594
7901 7998 594
7901 7998 594
6491 9606 597
6491 9606 597
6491 9606 597
6491 9606 597
6491 9606 597
6491 9606 597
6491 9606 597
6491 9606 597
6491 9606 597
6491 9606 597
6491 9606 597
6491 9606 597
6491 9606 597
9673 7705 597
9673 7705 597
9673 7705 597
9673 7705 597
9673 7705 597
9673 7705 597
9673 7705 597
9673 7705 597
9673 7705 597
9673 7705 597
9673 7705 597
9673 7705 597
9673 7705 597
8468 7688 597
8468 7688 597
8468 7688 597
8468 7688 597
8468 7688 597
8468 7688 597
8468 7688 597
8468 7688 597
8468 7688 597
8468 7688 597
8468 7688 597
8468 7688 597
6549 7696 598
6549 7696 598
6549 7696 598
6549 7696 598
6549 7696 598
6549 7696 598
6549 7696 598
6549 7696 598
6549 7696 598
6549 7696 598
6549 7696 598
6549 7696 598
6549 7696 598
7928 7797 598
7928 7797 598
7928 7797 598
7928 7797 598
7928 7797 598
7928 7797 598
7928 7797 598
7928 7797 598
7928 7797 598
7928 7797 598
7928 7797 598
7928 7797 598
7684 7772 598
7684 7772 598
7684 7772 598
7684 7772 598
7684 7772 598
7684 7772 598
7684 7772 598
7684 7772 598
7684 7772 598
7684 7772 598
7684 7772 598
7684 7772 598
7943 7716 598
7943 7716 598
7943 7716 598
7943 7716 598
7943 7716 598
7943 7716 598
7943 7716 598
7943 7716 598
7943 7716 598
7943 7716 598
7943 7716 598
7943 7716 598
7844 8354 599
7844 8354 599
7844 8354 599
7844 8354 599
7844 8354 599
7844 8354 599
7844 8354 599
7844 8354 599
7844 8354 599
7844 8354 599
7844 8354 599
7844 8354 599
7873 8355 599
7873 8355 599
7873 8355 599
7873 8355 599
7873 8355 599
7873 8355 599
7873 8355 599
7873 8355 599
7873 8355 599
7873 8355 599
7873 8355 599
7873 8355 599
7873 8355 599
6018 5987 600
6018 5987 600
6018 5987 600
6018 5987 600
6018 5987 600
6018 5987 600
6018 5987 600
6018 5987 600
6018 5987 600
6018 5987 600
6018 5987 600
6018 5987 600
6018 5987 600
5993 8471 600
5993 8471 600
5993 8471 600
5993 8471 600
5993 8471 600
5993 8471 600
5993 8471 600
5993 8471 600
5993 8471 600
5993 8471 600
5993 8471 600
5993 8471 600
5993 8471 600
5411 6026 600
5411 6026 600
5411 6026 600
5411 6026 600
5411 6026 600
5411 6026 600
5411 6026 600
5411 6026 600
5411 6026 600
5411 6026 600
5411 6026 600
5411 6026 600
5411 6026 600
7942 8454 601
7942 8454 601
7942 8454 601
7942 8454 601
7942 8454 601
7942 8454 601
7942 8454 601
7942 8454 601
7942 8454 601
7942 8454 601
7942 8454 601
7942 8454 601
5358 6562 601
5358 6562 601
5358 6562 601
5358 6562 601
5358 6562 601
5358 6562 601
5358 6562 601
5358 6562 601
5358 6562 601
5358 6562 601
5358 6562 601
5358 6562 601
8431 6541 601
8431 6541 601
8431 6541 601
8431 6541 601
8431 6541 601
8431 6541 601
8431 6541 601
8431 6541 601
8431 6541 601
8431 6541 601
8431 6541 601
8431 6541 601
6556 5359 601
6556 5359 601
6556 5359 601
6556 5359 601
6556 5359 601
6556 5359 601
6556 5359 601
6556 5359 601
6556 5359 601
6556 5359 601
6556 5359 601
6556 5359 601
6556 5359 601
5392 8453 601
5392 8453 601
5392 8453 601
5392 8453 601
5392 8453 601
5392 8453 601
5392 8453 601
5392 8453 601
5392 8453 601
5392 8453 601
5392 8453 601
5392 8453 601
5392 8453 601
7908 7683 602
7908 7683 602
7908 7683 602
7908 7683 602
7908 7683 602
7908 7683 602
7908 7683 602
7908 7683 602
7908 7683 602
7908 7683 602
7908 7683 602
7908 7683 602
7908 7683 602
6009 7727 602
6009 7727 602
6009 7727 602
6009 7727 602
6009 7727 602
6009 7727 602
6009 7727 602
6009 7727 602
6009 7727 602
6009 7727 602
6009 7727 602
6009 7727 602
5410 5550 602
5410 5550 602
5410 5550 602
5410 5550 602
5410 5550 602
5410 5550 602
5410 5550 602
5410 5550 602
5410 5550 602
5410 5550 602
5410 5550 602
5410 5550 602
8452 7719 602
8452 7719 602
8452 7719 602
8452 7719 602
8452 7719 602
8452 7719 602
8452 7719 602
8452 7719 602
8452 7719 602
8452 7719 602
8452 7719 602
8452 7719 602
8452 7719 602
7728 7845 603
7728 7845 603
7728 7845 603
7728 7845 603
7728 7845 603
7728 7845 603
7728 7845 603
7728 7845 603
7728 7845 603
7728 7845 603
7728 7845 603
7728 7845 603
7728 7845 603
6044 8453 603
6044 8453 603
6044 8453 603
6044 8453 603
6044 8453 603
6044 8453 603
6044 8453 603
6044 8453 603
6044 8453 603
6044 8453 603
6044 8453 603
6044 8453 603
6044 8453 603
5409 6592 603
5409 6592 603
5409 6592 603
5409 6592 603
5409 6592 603
5409 6592 603
5409 6592 603
5409 6592 603
5409 6592 603
5409 6592 603
5409 6592 603
5409 6592 603
5541 5310 604
5541 5310 604
5541 5310 604
5541 5310 604
5541 5310 604
5541 5310 604
5541 5310 604
5541 5310 604
5541 5310 604
5541 5310 604
5541 5310 604
5541 5310 604
5541 5310 604
5397 8461 604
5397 8461 604
5397 8461 604
5397 8461 604
5397 8461 604
5397 8461 604
5397 8461 604
5397 8461 604
5397 8461 604
5397 8461 604
5397 8461 604
5397 8461 604
7670 5924 604
7670 5924 604
7670 5924 604
7670 5924 604
7670 5924 604
7670 5924 604
7670 5924 604
7670 5924 604
7670 5924 604
7670 5924 604
7670 5924 604
7670 5924 604
7670 5924 604
7912 7899 604
7912 7899 604
7912 7899 604
7912 7899 604
7912 7899 604
7912 7899 604
7912 7899 604
7912 7899 604
7912 7899 604
7912 7899 604
7912 7899 604
7912 7899 604
7912 7899 604
5462 8759 604
5462 8759 604
5462 8759 604
5462 8759 604
5462 8759 604
5462 8759 604
5462 8759 604
5462 8759 604
5462 8759 604
5462 8759 604
5462 8759 604
5462 8759 604
5462 8759 604
7774 7685 604
7774 7685 604
7774 7685 604
7774 7685 604
7774 7685 604
7774 7685 604
7774 7685 604
7774 7685 604
7774 7685 604
7774 7685 604
7774 7685 604
7774 7685 604
7774 7685 604
7915 7757 604
7915 7757 604
7915 7757 604
7915 7757 604
7915 7757 604
7915 7757 604
7915 7757 604
7915 7757 604
7915 7757 604
7915 7757 604
7915 7757 604
7915 7757 604
7915 7757 604
8447 6543 605
8447 6543 605
8447 6543 605
8447 6543 605
8447 6543 605
8447 6543 605
8447 6543 605
8447 6543 605
8447 6543 605
8447 6543 605
8447 6543 605
8447 6543 605
8447 6543 605
6387 5370 605
6387 5370 605
6387 5370 605
6387 5370 605
6387 5370 605
6387 5370 605
6387 5370 605
6387 5370 605
6387 5370 605
6387 5370 605
6387 5370 605
6387 5370 605
6560 5256 606
6560 5256 606
6560 5256 606
6560 5256 606
6560 5256 606
6560 5256 606
6560 5256 606
6560 5256 606
6560 5256 606
6560 5256 606
6560 5256 606
6560 5256 606
9146 5374 606
9146 5374 606
9146 5374 606
9146 5374 606
9146 5374 606
9146 5374 606
9146 5374 606
9146 5374 606
9146 5374 606
9146 5374 606
9146 5374 606
9146 5374 606
9146 5374 606
7845 7928 607
7845 7928 607
7845 7928 607
7845 7928 607
7845 7928 607
7845 7928 607
7845 7928 607
7845 7928 607
7845 7928 607
7845 7928 607
7845 7928 607
7845 7928 607
7845 7928 607
7962 6053 607
7962 6053 607
7962 6053 607
7962 6053 607
7962 6053 607
7962 6053 607
7962 6053 607
7962 6053 607
7962 6053 607
7962 6053 607
7962 6053 607
7962 6053 607
8455 5393 607
8455 5393 607
8455 5393 607
8455 5393 607
8455 5393 607
8455 5393 607
8455 5393 607
8455 5393 607
8455 5393 607
8455 5393 607
8455 5393 607
8455 5393 607
6543 6600 607
6543 6600 607
6543 6600 607
6543 6600 607
6543 6600 607
6543 6600 607
6543 6600 607
6543 6600 607
6543 6600 607
6543 6600 607
6543 6600 607
6543 6600 607
7894 7748 607
7894 7748 607
7894 7748 607
7894 7748 607
7894 7748 607
7894 7748 607
7894 7748 607
7894 7748 607
7894 7748 607
7894 7748 607
7894 7748 607
7894 7748 607
7894 7748 607
7854 8367 607
7854 8367 607
7854 8367 607
7854 8367 607
7854 8367 607
7854 8367 607
7854 8367 607
7854 8367 607
7854 8367 607
7854 8367 607
7854 8367 607
7854 8367 607
7854 8367 607
8459 7706 608
8459 7706 608
8459 7706 608
8459 7706 608
8459 7706 608
8459 7706 608
8459 7706 608
8459 7706 608
8459 7706 608
8459 7706 608
8459 7706 608
8459 7706 608
8436 5987 608
8436 5987 608
8436 5987 608
8436 5987 608
8436 5987 608
8436 5987 608
8436 5987 608
8436 5987 608
8436 5987 608
8436 5987 608
8436 5987 608
8436 5987 608
8436 5987 608
5509 5442 608
5509 5442 608
5509 5442 608
5509 5442 608
5509 5442 608
5509 5442 608
5509 5442 608
5509 5442 608
5509 5442 608
5509 5442 608
5509 5442 608
5509 5442 608
7476 5883 608
7476 5883 608
7476 5883 608
7476 5883 608
7476 5883 608
7476 5883 608
7476 5883 608
7476 5883 608
7476 5883 608
7476 5883 608
7476 5883 608
7476 5883 608
7476 5883 608
7851 7742 608
7851 7742 608
7851 7742 608
7851 7742 608
7851 7742 608
7851 7742 608
7851 7742 608
7851 7742 608
7851 7742 608
7851 7742 608
7851 7742 608
7851 7742 608
7851 7742 608
6043 7731 608
6043 7731 608
6043 7731 608
6043 7731 608
6043 7731 608
6043 7731 608
6043 7731 608
6043 7731 608
6043 7731 608
6043 7731 608
6043 7731 608
6043 7731 608
5254 5365 610
5254 5365 610
5254 5365 610
5254 5365 610
5254 5365 610
5254 5365 610
5254 5365 610
5254 5365 610
5254 5365 610
5254 5365 610
5254 5365 610
5254 5365 610
5254 5365 610
7904 7856 611
7904 7856 611
7904 7856 611
7904 7856 611
7904 7856 611
7904 7856 611
7904 7856 611
7904 7856 611
7904 7856 611
7904 7856 611
7904 7856 611
7904 7856 611
8832 5272 611
8832 5272 611
8832 5272 611
8832 5272 611
8832 5272 611
8832 5272 611
8832 5272 611
8832 5272 611
8832 5272 611
8832 5272 611
8832 5272 611
8832 5272 611
6538 6612 611
6538 6612 611
6538 6612 611
6538 6612 611
6538 6612 611
6538 6612 611
6538 6612 611
6538 6612 611
6538 6612 611
6538 6612 611
6538 6612 611
6538 6612 611
7798 7811 611
7798 7811 611
7798 7811 611
7798 7811 611
7798 7811 611
7798 7811 611
7798 7811 611
7798 7811 611
7798 7811 611
7798 7811 611
7798 7811 611
7798 7811 611
7798 7811 611
7973 7893 611
7973 7893 611
7973 7893 611
7973 7893 611
7973 7893 611
7973 7893 611
7973 7893 611
7973 7893 611
7973 7893 611
7973 7893 611
7973 7893 611
7973 7893 611
8459 7688 611
8459 7688 611
8459 7688 611
8459 7688 611
8459 7688 611
8459 7688 611
8459 7688 611
8459 7688 611
8459 7688 611
8459 7688 611
8459 7688 611
8459 7688 611
8459 7688 611
6049 8462 611
6049 8462 611
6049 8462 611
6049 8462 611
6049 8462 611
6049 8462 611
6049 8462 611
6049 8462 611
6049 8462 611
6049 8462 611
6049 8462 611
6049 8462 611
6049 8462 611
5389 5368 611
5389 5368 611
5389 5368 611
5389 5368 611
5389 5368 611
5389 5368 611
5389 5368 611
5389 5368 611
5389 5368 611
5389 5368 611
5389 5368 611
5389 5368 611
5389 5368 611
7786 7697 612
7786 7697 612
7786 7697 612
7786 7697 612
7786 7697 612
7786 7697 612
7786 7697 612
7786 7697 612
7786 7697 612
7786 7697 612
7786 7697 612
7786 7697 612
5279 8446 612
5279 8446 612
5279 8446 612
5279 8446 612
5279 8446 612
5279 8446 612
5279 8446 612
5279 8446 612
5279 8446 612
5279 8446 612
5279 8446 612
5279 8446 612
5986 7755 612
5986 7755 612
5986 7755 612
5986 7755 612
5986 7755 612
5986 7755 612
5986 7755 612
5986 7755 612
5986 7755 612
5986 7755 612
5986 7755 612
5986 7755 612
5986 7755 612
8432 8680 612
8432 8680 612
8432 8680 612
8432 8680 612
8432 8680 612
8432 8680 612
8432 8680 612
8432 8680 612
8432 8680 612
8432 8680 612
8432 8680 612
8432 8680 612
8432 8680 612
6045 5377 612
6045 5377 612
6045 5377 612
6045 5377 612
6045 5377 612
6045 5377 612
6045 5377 612
6045 5377 612
6045 5377 612
6045 5377 612
6045 5377 612
6045 5377 612
6045 5377 612
5359 5284 612
5359 5284 612
5359 5284 612
5359 5284 612
5359 5284 612
5359 5284 612
5359 5284 612
5359 5284 612
5359 5284 612
5359 5284 612
5359 5284 612
5359 5284 612
6075 7946 612
6075 7946 612
6075 7946 612
6075 7946 612
6075 7946 612
6075 7946 612
6075 7946 612
6075 7946 612
6075 7946 612
6075 7946 612
6075 7946 612
6075 7946 612
5390 5522 613
5390 5522 613
5390 5522 613
5390 5522 613
5390 5522 613
5390 5522 613
5390 5522 613
5390 5522 613
5390 5522 613
5390 5522 613
5390 5522 613
5390 5522 613
5390 5522 613
7859 7976 613
7859 7976 613
7859 7976 613
7859 7976 613
7859 7976 613
7859 7976 613
7859 7976 613
7859 7976 613
7859 7976 613
7859 7976 613
7859 7976 613
7859 7976 613
8353 7658 613
8353 7658 613
8353 7658 613
8353 7658 613
8353 7658 613
8353 7658 613
8353 7658 613
8353 7658 613
8353 7658 613
8353 7658 613
8353 7658 613
8353 7658 613
8432 6549 613
8432 6549 613
8432 6549 613
8432 6549 613
8432 6549 613
8432 6549 613
8432 6549 613
8432 6549 613
8432 6549 613
8432 6549 613
8432 6549 613
8432 6549 613
8432 6549 613
5515 5413 614
5515 5413 614
5515 5413 614
5515 5413 614
5515 5413 614
5515 5413 614
5515 5413 614
5515 5413 614
5515 5413 614
5515 5413 614
5515 5413 614
5515 5413 614
5515 5413 614
6542 5359 614
6542 5359 614
6542 5359 614
6542 5359 614
6542 5359 614
6542 5359 614
6542 5359 614
6542 5359 614
6542 5359 614
6542 5359 614
6542 5359 614
6542 5359 614
6542 5359 614
6102 6017 614
6102 6017 614
6102 6017 614
6102 6017 614
6102 6017 614
6102 6017 614
6102 6017 614
6102 6017 614
6102 6017 614
6102 6017 614
6102 6017 614
6102 6017 614
6102 6017 614
8444 6595 614
8444 6595 614
8444 6595 614
8444 6595 614
8444 6595 614
8444 6595 614
8444 6595 614
8444 6595 614
8444 6595 614
8444 6595 614
8444 6595 614
8444 6595 614
8444 6595 614
5291 9223 614
5291 9223 614
5291 9223 614
5291 9223 614
5291 9223 614
5291 9223 614
5291 9223 614
5291 9223 614
5291 9223 614
5291 9223 614
5291 9223 614
5291 9223 614
5291 9223 614
8807 5253 615
8807 5253 615
8807 5253 615
8807 5253 615
8807 5253 615
8807 5253 615
8807 5253 615
8807 5253 615
8807 5253 615
8807 5253 615
8807 5253 615
8807 5253 615
8807 5253 615
7837 7752 615
7837 7752 615
7837 7752 615
7837 7752 615
7837 7752 615
7837 7752 615
7837 7752 615
7837 7752 615
7837 7752 615
7837 7752 615
7837 7752 615
7837 7752 615
7713 5403 616
7713 5403 616
7713 5403 616
7713 5403 616
7713 5403 616
7713 5403 616
7713 5403 616
7713 5403 616
7713 5403 616
7713 5403 616
7713 5403 616
7713 5403 616
6562 8449 616
6562 8449 616
6562 8449 616
6562 8449 616
6562 8449 616
6562 8449 616
6562 8449 616
6562 8449 616
6562 8449 616
6562 8449 616
6562 8449 616
6562 8449 616
7941 7717 616
7941 7717 616
7941 7717 616
7941 7717 616
7941 7717 616
7941 7717 616
7941 7717 616
7941 7717 616
7941 7717 616
7941 7717 616
7941 7717 616
7941 7717 616
9157 8431 616
9157 8431 616
9157 8431 616
9157 8431 616
9157 8431 616
9157 8431 616
9157 8431 616
9157 8431 616
9157 8431 616
9157 8431 616
9157 8431 616
9157 8431 616
5399 7715 617
5399 7715 617
5399 7715 617
5399 7715 617
5399 7715 617
5399 7715 617
5399 7715 617
5399 7715 617
5399 7715 617
5399 7715 617
5399 7715 617
5399 7715 617
7765 7951 617
7765 7951 617
7765 7951 617
7765 7951 617
7765 7951 617
7765 7951 617
7765 7951 617
7765 7951 617
7765 7951 617
7765 7951 617
7765 7951 617
7765 7951 617
5358 5394 618
5358 5394 618
5358 5394 618
5358 5394 618
5358 5394 618
5358 5394 618
5358 5394 618
5358 5394 618
5358 5394 618
5358 5394 618
5358 5394 618
5358 5394 618
8452 8432 618
8452 8432 618
8452 8432 618
8452 8432 618
8452 8432 618
8452 8432 618
8452 8432 618
8452 8432 618
8452 8432 618
8452 8432 618
8452 8432 618
8452 8432 618
8452 8432 618
5537 5463 618
5537 5463 618
5537 5463 618
5537 5463 618
5537 5463 618
5537 5463 618
5537 5463 618
5537 5463 618
5537 5463 618
5537 5463 618
5537 5463 618
5537 5463 618
5537 5463 618
7825 7787 619
7825 7787 619
7825 7787 619
7825 7787 619
7825 7787 619
7825 7787 619
7825 7787 619
7825 7787 619
7825 7787 619
7825 7787 619
7825 7787 619
7825 7787 619
6606 7753 619
6606 7753 619
6606 7753 619
6606 7753 619
6606 7753 619
6606 7753 619
6606 7753 619
6606 7753 619
6606 7753 619
6606 7753 619
6606 7753 619
6606 7753 619
9217 5344 619
9217 5344 619
9217 5344 619
9217 5344 619
9217 5344 619
9217 5344 619
9217 5344 619
9217 5344 619
9217 5344 619
9217 5344 619
9217 5344 619
9217 5344 619
9217 5344 619
7923 7707 619
7923 7707 619
7923 7707 619
7923 7707 619
7923 7707 619
7923 7707 619
7923 7707 619
7923 7707 619
7923 7707 619
7923 7707 619
7923 7707 619
7923 7707 619
7923 7707 619
7870 6436 619
7870 6436 619
7870 6436 619
7870 6436 619
7870 6436 619
7870 6436 619
7870 6436 619
7870 6436 619
7870 6436 619
7870 6436 619
7870 6436 619
7870 6436 619
7870 6436 619
7773 7690 620
7773 7690 620
7773 7690 620
7773 7690 620
7773 7690 620
7773 7690 620
7773 7690 620
7773 7690 620
7773 7690 620
7773 7690 620
7773 7690 620
7773 7690 620
7773 7690 620
7711 7689 620
7711 7689 620
7711 7689 620
7711 7689 620
7711 7689 620
7711 7689 620
7711 7689 620
7711 7689 620
7711 7689 620
7711 7689 620
7711 7689 620
7711 7689 620
7711 7689 620
7683 7698 621
7683 7698 621
7683 7698 621
7683 7698 621
7683 7698 621
7683 7698 621
7683 7698 621
7683 7698 621
7683 7698 621
7683 7698 621
7683 7698 621
7683 7698 621
7683 7698 621
7751 8453 621
7751 8453 621
7751 8453 621
7751 8453 621
7751 8453 621
7751 8453 621
7751 8453 621
7751 8453 621
7751 8453 621
7751 8453 621
7751 8453 621
7751 8453 621
7751 8453 621
8455 7739 621
8455 7739 621
8455 7739 621
8455 7739 621
8455 7739 621
8455 7739 621
8455 7739 621
8455 7739 621
8455 7739 621
8455 7739 621
8455 7739 621
8455 7739 621
7718 6559 621
7718 6559 621
7718 6559 621
7718 6559 621
7718 6559 621
7718 6559 621
7718 6559 621
7718 6559 621
7718 6559 621
7718 6559 621
7718 6559 621
7718 6559 621
7678 7739 621
7678 7739 621
7678 7739 621
7678 7739 621
7678 7739 621
7678 7739 621
7678 7739 621
7678 7739 621
7678 7739 621
7678 7739 621
7678 7739 621
7678 7739 621
6549 6521 622
6549 6521 622
6549 6521 622
6549 6521 622
6549 6521 622
6549 6521 622
6549 6521 622
6549 6521 622
6549 6521 622
6549 6521 622
6549 6521 622
6549 6521 622
8459 7696 622
8459 7696 622
8459 7696 622
8459 7696 622
8459 7696 622
8459 7696 622
8459 7696 622
8459 7696 622
8459 7696 622
8459 7696 622
8459 7696 622
8459 7696 622
8459 7696 622
7920 6442 622
7920 6442 622
7920 6442 622
7920 6442 622
7920 6442 622
7920 6442 622
7920 6442 622
7920 6442 622
7920 6442 622
7920 6442 622
7920 6442 622
7920 6442 622
7920 6442 622
7738 7674 622
7738 7674 622
7738 7674 622
7738 7674 622
7738 7674 622
7738 7674 622
7738 7674 622
7738 7674 622
7738 7674 622
7738 7674 622
7738 7674 622
7738 7674 622
7813 7655 622
7813 7655 622
7813 7655 622
7813 7655 622
7813 7655 622
7813 7655 622
7813 7655 622
7813 7655 622
7813 7655 622
7813 7655 622
7813 7655 622
7813 7655 622
7813 7655 622
5541 5560 623
5541 5560 623
5541 5560 623
5541 5560 623
5541 5560 623
5541 5560 623
5541 5560 623
5541 5560 623
5541 5560 623
5541 5560 623
5541 5560 623
5541 5560 623
6450 6407 623
6450 6407 623
6450 6407 623
6450 6407 623
6450 6407 623
6450 6407 623
6450 6407 623
6450 6407 623
6450 6407 623
6450 6407 623
6450 6407 623
6450 6407 623
6326 7478 623
6326 7478 623
6326 7478 623
6326 7478 623
6326 7478 623
6326 7478 623
6326 7478 623
6326 7478 623
6326 7478 623
6326 7478 623
6326 7478 623
6326 7478 623
7947 8461 623
7947 8461 623
7947 8461 623
7947 8461 623
7947 8461 623
7947 8461 623
7947 8461 623
7947 8461 623
7947 8461 623
7947 8461 623
7947 8461 623
7947 8461 623
8459 6594 624
8459 6594 624
8459 6594 624
8459 6594 624
8459 6594 624
8459 6594 624
8459 6594 624
8459 6594 624
8459 6594 624
8459 6594 624
8459 6594 624
8459 6594 624
8459 6594 624
8445 6601 624
8445 6601 624
8445 6601 624
8445 6601 624
8445 6601 624
8445 6601 624
8445 6601 624
8445 6601 624
8445 6601 624
8445 6601 624
8445 6601 624
8445 6601 624
5714 5450 624
5714 5450 624
5714 5450 624
5714 5450 624
5714 5450 624
5714 5450 624
5714 5450 624
5714 5450 624
5714 5450 624
5714 5450 624
5714 5450 624
5714 5450 624
7763 8443 624
7763 8443 624
7763 8443 624
7763 8443 624
7763 8443 624
7763 8443 624
7763 8443 624
7763 8443 624
7763 8443 624
7763 8443 624
7763 8443 624
7763 8443 624
7763 8443 624
5463 5404 624
5463 5404 624
5463 5404 624
5463 5404 624
5463 5404 624
5463 5404 624
5463 5404 624
5463 5404 624
5463 5404 624
5463 5404 624
5463 5404 624
5463 5404 624
7796 7644 626
7796 7644 626
7796 7644 626
7796 7644 626
7796 7644 626
7796 7644 626
7796 7644 626
7796 7644 626
7796 7644 626
7796 7644 626
7796 7644 626
7796 7644 626
7796 7644 626
8431 9524 626
8431 9524 626
8431 9524 626
8431 9524 626
8431 9524 626
8431 9524 626
8431 9524 626
8431 9524 626
8431 9524 626
8431 9524 626
8431 9524 626
8431 9524 626
8431 9524 626
6562 8677 626
6562 8677 626
6562 8677 626
6562 8677 626
6562 8677 626
6562 8677 626
6562 8677 626
6562 8677 626
6562 8677 626
6562 8677 626
6562 8677 626
6562 8677 626
7824 7905 626
7824 7905 626
7824 7905 626
7824 7905 626
7824 7905 626
7824 7905 626
7824 7905 626
7824 7905 626
7824 7905 626
7824 7905 626
7824 7905 626
7824 7905 626
7757 6050 626
7757 6050 626
7757 6050 626
7757 6050 626
7757 6050 626
7757 6050 626
7757 6050 626
7757 6050 626
7757 6050 626
7757 6050 626
7757 6050 626
7757 6050 626
7862 7745 627
7862 7745 627
7862 7745 627
7862 7745 627
7862 7745 627
7862 7745 627
7862 7745 627
7862 7745 627
7862 7745 627
7862 7745 627
7862 7745 627
7862 7745 627
8474 5353 627
8474 5353 627
8474 5353 627
8474 5353 627
8474 5353 627
8474 5353 627
8474 5353 627
8474 5353 627
8474 5353 627
8474 5353 627
8474 5353 627
8474 5353 627
8474 5353 627
5282 5408 627
5282 5408 627
5282 5408 627
5282 5408 627
5282 5408 627
5282 5408 627
5282 5408 627
5282 5408 627
5282 5408 627
5282 5408 627
5282 5408 627
5282 5408 627
5282 5408 627
9615 6323 627
9615 6323 627
9615 6323 627
9615 6323 627
9615 6323 627
9615 6323 627
9615 6323 627
9615 6323 627
9615 6323 627
9615 6323 627
9615 6323 627
9615 6323 627
9615 6323 627
7853 7812 627
7853 7812 627
7853 7812 627
7853 7812 627
7853 7812 627
7853 7812 627
7853 7812 627
7853 7812 627
7853 7812 627
7853 7812 627
7853 7812 627
7853 7812 627
5317 5484 628
5317 5484 628
5317 5484 628
5317 5484 628
5317 5484 628
5317 5484 628
5317 5484 628
5317 5484 628
5317 5484 628
5317 5484 628
5317 5484 628
5317 5484 628
5317 5484 628
8432 8684 628
8432 8684 628
8432 8684 628
8432 8684 628
8432 8684 628
8432 8684 628
8432 8684 628
8432 8684 628
8432 8684 628
8432 8684 628
8432 8684 628
8432 8684 628
5271 5447 629
5271 5447 629
5271 5447 629
5271 5447 629
5271 5447 629
5271 5447 629
5271 5447 629
5271 5447 629
5271 5447 629
5271 5447 629
5271 5447 629
5271 5447 629
5271 5447 629
7843 7739 629
7843 7739 629
7843 7739 629
7843 7739 629
7843 7739 629
7843 7739 629
7843 7739 629
7843 7739 629
7843 7739 629
7843 7739 629
7843 7739 629
7843 7739 629
7843 7739 629
8463 8436 629
8463 8436 629
8463 8436 629
8463 8436 629
8463 8436 629
8463 8436 629
8463 8436 629
8463 8436 629
8463 8436 629
8463 8436 629
8463 8436 629
8463 8436 629
5272 5313 629
5272 5313 629
5272 5313 629
5272 5313 629
5272 5313 629
5272 5313 629
5272 5313 629
5272 5313 629
5272 5313 629
5272 5313 629
5272 5313 629
5272 5313 629
6605 8468 629
6605 8468 629
6605 8468 629
6605 8468 629
6605 8468 629
6605 8468 629
6605 8468 629
6605 8468 629
6605 8468 629
6605 8468 629
6605 8468 629
6605 8468 629
6502 9674 630
6502 9674 630
6502 9674 630
6502 9674 630
6502 9674 630
6502 9674 630
6502 9674 630
6502 9674 630
6502 9674 630
6502 9674 630
6502 9674 630
6502 9674 630
6420 7687 630
6420 7687 630
6420 7687 630
6420 7687 630
6420 7687 630
6420 7687 630
6420 7687 630
6420 7687 630
6420 7687 630
6420 7687 630
6420 7687 630
6420 7687 630
6420 7687 630
5996 5444 630
5996 5444 630
5996 5444 630
5996 5444 630
5996 5444 630
5996 5444 630
5996 5444 630
5996 5444 630
5996 5444 630
5996 5444 630
5996 5444 630
5996 5444 630
5996 5444 630
5263 8777 631
5263 8777 631
5263 8777 631
5263 8777 631
5263 8777 631
5263 8777 631
5263 8777 631
5263 8777 631
5263 8777 631
5263 8777 631
5263 8777 631
5263 8777 631
5392 5295 631
5392 5295 631
5392 5295 631
5392 5295 631
5392 5295 631
5392 5295 631
5392 5295 631
5392 5295 631
5392 5295 631
5392 5295 631
5392 5295 631
5392 5295 631
5342 9177 631
5342 9177 631
5342 9177 631
5342 9177 631
5342 9177 631
5342 9177 631
5342 9177 631
5342 9177 631
5342 9177 631
5342 9177 631
5342 9177 631
5342 9177 631
8472 6013 631
8472 6013 631
8472 6013 631
8472 6013 631
8472 6013 631
8472 6013 631
8472 6013 631
8472 6013 631
8472 6013 631
8472 6013 631
8472 6013 631
8472 6013 631
8472 6013 631
7876 7839 631
7876 7839 631
7876 7839 631
7876 7839 631
7876 7839 631
7876 7839 631
7876 7839 631
7876 7839 631
7876 7839 631
7876 7839 631
7876 7839 631
7876 7839 631
7698 6607 632
7698 6607 632
7698 6607 632
7698 6607 632
7698 6607 632
7698 6607 632
7698 6607 632
7698 6607 632
7698 6607 632
7698 6607 632
7698 6607 632
7698 6607 632
7698 6607 632
6595 7916 632
6595 7916 632
6595 7916 632
6595 7916 632
6595 7916 632
6595 7916 632
6595 7916 632
6595 7916 632
6595 7916 632
6595 7916 632
6595 7916 632
6595 7916 632
6595 7916 632
7747 7949 633
7747 7949 633
7747 7949 633
7747 7949 633
7747 7949 633
7747 7949 633
7747 7949 633
7747 7949 633
7747 7949 633
7747 7949 633
7747 7949 633
7747 7949 633
7689 6557 633
7689 6557 633
7689 6557 633
7689 6557 633
7689 6557 633
7689 6557 633
7689 6557 633
7689 6557 633
7689 6557 633
7689 6557 633
7689 6557 633
7689 6557 633
7689 6557 633
6096 6010 633
6096 6010 633
6096 6010 633
6096 6010 633
6096 6010 633
6096 6010 633
6096 6010 633
6096 6010 633
6096 6010 633
6096 6010 633
6096 6010 633
6096 6010 633
6486 9615 634
6486 9615 634
6486 9615 634
6486 9615 634
6486 9615 634
6486 9615 634
6486 9615 634
6486 9615 634
6486 9615 634
6486 9615 634
6486 9615 634
6486 9615 634
6486 9615 634
5553 5337 634
5553 5337 634
5553 5337 634
5553 5337 634
5553 5337 634
5553 5337 634
5553 5337 634
5553 5337 634
5553 5337 634
5553 5337 634
5553 5337 634
5553 5337 634
7926 7939 634
7926 7939 634
7926 7939 634
7926 7939 634
7926 7939 634
7926 7939 634
7926 7939 634
7926 7939 634
7926 7939 634
7926 7939 634
7926 7939 634
7926 7939 634
7926 7939 634
6017 5562 634
6017 5562 634
6017 5562 634
6017 5562 634
6017 5562 634
6017 5562 634
6017 5562 634
6017 5562 634
6017 5562 634
6017 5562 634
6017 5562 634
6017 5562 634
6017 5562 634
7729 6604 635
7729 6604 635
7729 6604 635
7729 6604 635
7729 6604 635
7729 6604 635
7729 6604 635
7729 6604 635
7729 6604 635
7729 6604 635
7729 6604 635
7729 6604 635
6585 6578 635
6585 6578 635
6585 6578 635
6585 6578 635
6585 6578 635
6585 6578 635
6585 6578 635
6585 6578 635
6585 6578 635
6585 6578 635
6585 6578 635
6585 6578 635
7693 6588 635
7693 6588 635
7693 6588 635
7693 6588 635
7693 6588 635
7693 6588 635
7693 6588 635
7693 6588 635
7693 6588 635
7693 6588 635
7693 6588 635
7693 6588 635
6382 8441 636
6382 8441 636
6382 8441 636
6382 8441 636
6382 8441 636
6382 8441 636
6382 8441 636
6382 8441 636
6382 8441 636
6382 8441 636
6382 8441 636
6382 8441 636
6563 6599 636
6563 6599 636
6563 6599 636
6563 6599 636
6563 6599 636
6563 6599 636
6563 6599 636
6563 6599 636
6563 6599 636
6563 6599 636
6563 6599 636
6563 6599 636
6563 6599 636
6457 7701 636
6457 7701 636
6457 7701 636
6457 7701 636
6457 7701 636
6457 7701 636
6457 7701 636
6457 7701 636
6457 7701 636
6457 7701 636
6457 7701 636
6457 7701 636
6457 7701 636
6534 7733 636
6534 7733 636
6534 7733 636
6534 7733 636
6534 7733 636
6534 7733 636
6534 7733 636
6534 7733 636
6534 7733 636
6534 7733 636
6534 7733 636
6534 7733 636
6534 7733 636
6546 6537 637
6546 6537 637
6546 6537 637
6546 6537 637
6546 6537 637
6546 6537 637
6546 6537 637
6546 6537 637
6546 6537 637
6546 6537 637
6546 6537 637
6546 6537 637
5391 5285 637
5391 5285 637
5391 5285 637
5391 5285 637
5391 5285 637
5391 5285 637
5391 5285 637
5391 5285 637
5391 5285 637
5391 5285 637
5391 5285 637
5391 5285 637
5412 5583 637
5412 5583 637
5412 5583 637
5412 5583 637
5412 5583 637
5412 5583 637
5412 5583 637
5412 5583 637
5412 5583 637
5412 5583 637
5412 5583 637
5412 5583 637
5417 7710 637
5417 7710 637
5417 7710 637
5417 7710 637
5417 7710 637
5417 7710 637
5417 7710 637
5417 7710 637
5417 7710 637
5417 7710 637
5417 7710 637
5417 7710 637
5417 7710 637
8443 5530 637
8443 5530 637
8443 5530 637
8443 5530 637
8443 5530 637
8443 5530 637
8443 5530 637
8443 5530 637
8443 5530 637
8443 5530 637
8443 5530 637
8443 5530 637
6537 5359 637
6537 5359 637
6537 5359 637
6537 5359 637
6537 5359 637
6537 5359 637
6537 5359 637
6537 5359 637
6537 5359 637
6537 5359 637
6537 5359 637
6537 5359 637
8682 6556 638
8682 6556 638
8682 6556 638
8682 6556 638
8682 6556 638
8682 6556 638
8682 6556 638
8682 6556 638
8682 6556 638
8682 6556 638
8682 6556 638
8682 6556 638
8682 6556 638
7870 7887 638
7870 7887 638
7870 7887 638
7870 7887 638
7870 7887 638
7870 7887 638
7870 7887 638
7870 7887 638
7870 7887 638
7870 7887 638
7870 7887 638
7870 7887 638
7870 7887 638
5375 8461 638
5375 8461 638
5375 8461 638
5375 8461 638
5375 8461 638
5375 8461 638
5375 8461 638
5375 8461 638
5375 8461 638
5375 8461 638
5375 8461 638
5375 8461 638
5375 8461 638
7746 7879 638
7746 7879 638
7746 7879 638
7746 7879 638
7746 7879 638
7746 7879 638
7746 7879 638
7746 7879 638
7746 7879 638
7746 7879 638
7746 7879 638
7746 7879 638
8775 8760 638
8775 8760 638
8775 8760 638
8775 8760 638
8775 8760 638
8775 8760 638
8775 8760 638
8775 8760 638
8775 8760 638
8775 8760 638
8775 8760 638
8775 8760 638
8775 8760 638
5924 7845 639
5924 7845 639
5924 7845 639
5924 7845 639
5924 7845 639
5924 7845 639
5924 7845 639
5924 7845 639
5924 7845 639
5924 7845 639
5924 7845 639
5924 7845 639
6530 7689 639
6530 7689 639
6530 7689 639
6530 7689 639
6530 7689 639
6530 7689 639
6530 7689 639
6530 7689 639
6530 7689 639
6530 7689 639
6530 7689 639
6530 7689 639
6530 7689 639
7710 7785 639
7710 7785 639
7710 7785 639
7710 7785 639
7710 7785 639
7710 7785 639
7710 7785 639
7710 7785 639
7710 7785 639
7710 7785 639
7710 7785 639
7710 7785 639
7710 7785 639
5263 8431 639
5263 8431 639
5263 8431 639
5263 8431 639
5263 8431 639
5263 8431 639
5263 8431 639
5263 8431 639
5263 8431 639
5263 8431 639
5263 8431 639
5263 8431 639
5263 8431 639
7770 7917 639
7770 7917 639
7770 7917 639
7770 7917 639
7770 7917 639
7770 7917 639
7770 7917 639
7770 7917 639
7770 7917 639
7770 7917 639
7770 7917 639
7770 7917 639
8682 8436 639
8682 8436 639
8682 8436 639
8682 8436 639
8682 8436 639
8682 8436 639
8682 8436 639
8682 8436 639
8682 8436 639
8682 8436 639
8682 8436 639
8682 8436 639
8682 8436 639
6483 6466 640
6483 6466 640
6483 6466 640
6483 6466 640
6483 6466 640
6483 6466 640
6483 6466 640
6483 6466 640
6483 6466 640
6483 6466 640
6483 6466 640
6483 6466 640
6457 5925 640
6457 5925 640
6457 5925 640
6457 5925 640
6457 5925 640
6457 5925 640
6457 5925 640
6457 5925 640
6457 5925 640
6457 5925 640
6457 5925 640
6457 5925 640
8474 7746 640
8474 7746 640
8474 7746 640
8474 7746 640
8474 7746 640
8474 7746 640
8474 7746 640
8474 7746 640
8474 7746 640
8474 7746 640
8474 7746 640
8474 7746 640
7776 7934 640
7776 7934 640
7776 7934 640
7776 7934 640
7776 7934 640
7776 7934 640
7776 7934 640
7776 7934 640
7776 7934 640
7776 7934 640
7776 7934 640
7776 7934 640
7776 7934 640
8764 5309 640
8764 5309 640
8764 5309 640
8764 5309 640
8764 5309 640
8764 5309 640
8764 5309 640
8764 5309 640
8764 5309 640
8764 5309 640
8764 5309 640
8764 5309 640
8764 5309 640
5358 5991 641
5358 5991 641
5358 5991 641
5358 5991 641
5358 5991 641
5358 5991 641
5358 5991 641
5358 5991 641
5358 5991 641
5358 5991 641
5358 5991 641
5358 5991 641
5924 6602 641
5924 6602 641
5924 6602 641
5924 6602 641
5924 6602 641
5924 6602 641
5924 6602 641
5924 6602 641
5924 6602 641
5924 6602 641
5924 6602 641
5924 6602 641
5924 6602 641
5986 5425 641
5986 5425 641
5986 5425 641
5986 5425 641
5986 5425 641
5986 5425 641
5986 5425 641
5986 5425 641
5986 5425 641
5986 5425 641
5986 5425 641
5986 5425 641
5986 5425 641
5391 6532 641
5391 6532 641
5391 6532 641
5391 6532 641
5391 6532 641
5391 6532 641
5391 6532 641
5391 6532 641
5391 6532 641
5391 6532 641
5391 6532 641
5391 6532 641
5391 6532 641
5283 9145 641
5283 9145 641
5283 9145 641
5283 9145 641
5283 9145 641
5283 9145 641
5283 9145 641
5283 9145 641
5283 9145 641
5283 9145 641
5283 9145 641
5283 9145 641
6545 6556 641
6545 6556 641
6545 6556 641
6545 6556 641
6545 6556 641
6545 6556 641
6545 6556 641
6545 6556 641
6545 6556 641
6545 6556 641
6545 6556 641
6545 6556 641
8462 7948 641
8462 7948 641
8462 7948 641
8462 7948 641
8462 7948 641
8462 7948 641
8462 7948 641
8462 7948 641
8462 7948 641
8462 7948 641
8462 7948 641
8462 7948 641
8462 7948 641
7976 7940 642
7976 7940 642
7976 7940 642
7976 7940 642
7976 7940 642
7976 7940 642
7976 7940 642
7976 7940 642
7976 7940 642
7976 7940 642
7976 7940 642
7976 7940 642
6365 6575 642
6365 6575 642
6365 6575 642
6365 6575 642
6365 6575 642
6365 6575 642
6365 6575 642
6365 6575 642
6365 6575 642
6365 6575 642
6365 6575 642
6365 6575 642
7824 7745 642
7824 7745 642
7824 7745 642
7824 7745 642
7824 7745 642
7824 7745 642
7824 7745 642
7824 7745 642
7824 7745 642
7824 7745 642
7824 7745 642
7824 7745 642
7824 7745 642
7928 7792 643
7928 7792 643
7928 7792 643
7928 7792 643
7928 7792 643
7928 7792 643
7928 7792 643
7928 7792 643
7928 7792 643
7928 7792 643
7928 7792 643
7928 7792 643
7682 7695 643
7682 7695 643
7682 7695 643
7682 7695 643
7682 7695 643
7682 7695 643
7682 7695 643
7682 7695 643
7682 7695 643
7682 7695 643
7682 7695 643
7682 7695 643
7682 7695 643
5411 6591 643
5411 6591 643
5411 6591 643
5411 6591 643
5411 6591 643
5411 6591 643
5411 6591 643
5411 6591 643
5411 6591 643
5411 6591 643
5411 6591 643
5411 6591 643
7902 7929 644
7902 7929 644
7902 7929 644
7902 7929 644
7902 7929 644
7902 7929 644
7902 7929 644
7902 7929 644
7902 7929 644
7902 7929 644
7902 7929 644
7902 7929 644
5417 7765 644
5417 7765 644
5417 7765 644
5417 7765 644
5417 7765 644
5417 7765 644
5417 7765 644
5417 7765 644
5417 7765 644
5417 7765 644
5417 7765 644
5417 7765 644
5417 7765 644
6597 5387 644
6597 5387 644
6597 5387 644
6597 5387 644
6597 5387 644
6597 5387 644
6597 5387 644
6597 5387 644
6597 5387 644
6597 5387 644
6597 5387 644
6597 5387 644
6597 5387 644
7753 7818 644
7753 7818 644
7753 7818 644
7753 7818 644
7753 7818 644
7753 7818 644
7753 7818 644
7753 7818 644
7753 7818 644
7753 7818 644
7753 7818 644
7753 7818 644
7753 7818 644
7732 8465 644
7732 8465 644
7732 8465 644
7732 8465 644
7732 8465 644
7732 8465 644
7732 8465 644
7732 8465 644
7732 8465 644
7732 8465 644
7732 8465 644
7732 8465 644
7732 8465 644
7739 6515 644
7739 6515 644
7739 6515 644
7739 6515 644
7739 6515 644
7739 6515 644
7739 6515 644
7739 6515 644
7739 6515 644
7739 6515 644
7739 6515 644
7739 6515 644
5412 5441 645
5412 5441 645
5412 5441 645
5412 5441 645
5412 5441 645
5412 5441 645
5412 5441 645
5412 5441 645
5412 5441 645
5412 5441 645
5412 5441 645
5412 5441 645
5291 9224 645
5291 9224 645
5291 9224 645
5291 9224 645
5291 9224 645
5291 9224 645
5291 9224 645
5291 9224 645
5291 9224 645
5291 9224 645
5291 9224 645
5291 9224 645
7717 6449 645
7717 6449 645
7717 6449 645
7717 6449 645
7717 6449 645
7717 6449 645
7717 6449 645
7717 6449 645
7717 6449 645
7717 6449 645
7717 6449 645
7717 6449 645
6355 8681 645
6355 8681 645
6355 8681 645
6355 8681 645
6355 8681 645
6355 8681 645
6355 8681 645
6355 8681 645
6355 8681 645
6355 8681 645
6355 8681 645
6355 8681 645
6355 8681 645
7858 7830 645
7858 7830 645
7858 7830 645
7858 7830 645
7858 7830 645
7858 7830 645
7858 7830 645
7858 7830 645
7858 7830 645
7858 7830 645
7858 7830 645
7858 7830 645
7720 5359 646
7720 5359 646
7720 5359 646
7720 5359 646
7720 5359 646
7720 5359 646
7720 5359 646
7720 5359 646
7720 5359 646
7720 5359 646
7720 5359 646
7720 5359 646
5356 7715 646
5356 7715 646
5356 7715 646
5356 7715 646
5356 7715 646
5356 7715 646
5356 7715 646
5356 7715 646
5356 7715 646
5356 7715 646
5356 7715 646
5356 7715 646
5356 7715 646
9161 5282 646
9161 5282 646
9161 5282 646
9161 5282 646
9161 5282 646
9161 5282 646
9161 5282 646
9161 5282 646
9161 5282 646
9161 5282 646
9161 5282 646
9161 5282 646
9161 5282 646
7774 6583 646
7774 6583 646
7774 6583 646
7774 6583 646
7774 6583 646
7774 6583 646
7774 6583 646
7774 6583 646
7774 6583 646
7774 6583 646
7774 6583 646
7774 6583 646
7774 6583 646
5254 9145 646
5254 9145 646
5254 9145 646
5254 9145 646
5254 9145 646
5254 9145 646
5254 9145 646
5254 9145 646
5254 9145 646
5254 9145 646
5254 9145 646
5254 9145 646
6327 7496 647
6327 7496 647
6327 7496 647
6327 7496 647
6327 7496 647
6327 7496 647
6327 7496 647
6327 7496 647
6327 7496 647
6327 7496 647
6327 7496 647
6327 7496 647
7780 7923 648
7780 7923 648
7780 7923 648
7780 7923 648
7780 7923 648
7780 7923 648
7780 7923 648
7780 7923 648
7780 7923 648
7780 7923 648
7780 7923 648
7780 7923 648
8447 6407 649
8447 6407 649
8447 6407 649
8447 6407 649
8447 6407 649
8447 6407 649
8447 6407 649
8447 6407 649
8447 6407 649
8447 6407 649
8447 6407 649
8447 6407 649
5368 5304 649
5368 5304 649
5368 5304 649
5368 5304 649
5368 5304 649
5368 5304 649
5368 5304 649
5368 5304 649
5368 5304 649
5368 5304 649
5368 5304 649
5368 5304 649
5368 5304 649
6424 6492 650
6424 6492 650
6424 6492 650
6424 6492 650
6424 6492 650
6424 6492 650
6424 6492 650
6424 6492 650
6424 6492 650
6424 6492 650
6424 6492 650
6424 6492 650
6424 6492 650
6498 7699 651
6498 7699 651
6498 7699 651
6498 7699 651
6498 7699 651
6498 7699 651
6498 7699 651
6498 7699 651
6498 7699 651
6498 7699 651
6498 7699 651
6498 7699 651
6590 6351 651
6590 6351 651
6590 6351 651
6590 6351 651
6590 6351 651
6590 6351 651
6590 6351 651
6590 6351 651
6590 6351 651
6590 6351 651
6590 6351 651
6590 6351 651
6549 8680 652
6549 8680 652
6549 8680 652
6549 8680 652
6549 8680 652
6549 8680 652
6549 8680 652
6549 8680 652
6549 8680 652
6549 8680 652
6549 8680 652
6549 8680 652
6549 8680 652
5393 7759 652
5393 7759 652
5393 7759 652
5393 7759 652
5393 7759 652
5393 7759 652
5393 7759 652
5393 7759 652
5393 7759 652
5393 7759 652
5393 7759 652
5393 7759 652
7483 7848 652
7483 7848 652
7483 7848 652
7483 7848 652
7483 7848 652
7483 7848 652
7483 7848 652
7483 7848 652
7483 7848 652
7483 7848 652
7483 7848 652
7483 7848 652
7797 7891 652
7797 7891 652
7797 7891 652
7797 7891 652
7797 7891 652
7797 7891 652
7797 7891 652
7797 7891 652
7797 7891 652
7797 7891 652
7797 7891 652
7797 7891 652
7797 7891 652
8748 5277 652
8748 5277 652
8748 5277 652
8748 5277 652
8748 5277 652
8748 5277 652
8748 5277 652
8748 5277 652
8748 5277 652
8748 5277 652
8748 5277 652
8748 5277 652
7739 7782 653
7739 7782 653
7739 7782 653
7739 7782 653
7739 7782 653
7739 7782 653
7739 7782 653
7739 7782 653
7739 7782 653
7739 7782 653
7739 7782 653
7739 7782 653
7739 7782 653
7686 7792 653
7686 7792 653
7686 7792 653
7686 7792 653
7686 7792 653
7686 7792 653
7686 7792 653
7686 7792 653
7686 7792 653
7686 7792 653
7686 7792 653
7686 7792 653
5319 5476 653
5319 5476 653
5319 5476 653
5319 5476 653
5319 5476 653
5319 5476 653
5319 5476 653
5319 5476 653
5319 5476 653
5319 5476 653
5319 5476 653
5319 5476 653
8436 6378 653
8436 6378 653
8436 6378 653
8436 6378 653
8436 6378 653
8436 6378 653
8436 6378 653
8436 6378 653
8436 6378 653
8436 6378 653
8436 6378 653
8436 6378 653
8436 6378 653
7714 7729 653
7714 7729 653
7714 7729 653
7714 7729 653
7714 7729 653
7714 7729 653
7714 7729 653
7714 7729 653
7714 7729 653
7714 7729 653
7714 7729 653
7714 7729 653
5390 7763 654
5390 7763 654
5390 7763 654
5390 7763 654
5390 7763 654
5390 7763 654
5390 7763 654
5390 7763 654
5390 7763 654
5390 7763 654
5390 7763 654
5390 7763 654
5398 5296 655
5398 5296 655
5398 5296 655
5398 5296 655
5398 5296 655
5398 5296 655
5398 5296 655
5398 5296 655
5398 5296 655
5398 5296 655
5398 5296 655
5398 5296 655
5398 5296 655
7702 6509 655
7702 6509 655
7702 6509 655
7702 6509 655
7702 6509 655
7702 6509 655
7702 6509 655
7702 6509 655
7702 6509 655
7702 6509 655
7702 6509 655
7702 6509 655
7706 7888 655
7706 7888 655
7706 7888 655
7706 7888 655
7706 7888 655
7706 7888 655
7706 7888 655
7706 7888 655
7706 7888 655
7706 7888 655
7706 7888 655
7706 7888 655
7733 7858 655
7733 7858 655
7733 7858 655
7733 7858 655
7733 7858 655
7733 7858 655
7733 7858 655
7733 7858 655
7733 7858 655
7733 7858 655
7733 7858 655
7733 7858 655
7733 7858 655
6033 8447 655
6033 8447 655
6033 8447 655
6033 8447 655
6033 8447 655
6033 8447 655
6033 8447 655
6033 8447 655
6033 8447 655
6033 8447 655
6033 8447 655
6033 8447 655
6033 8447 655
6555 6355 655
6555 6355 655
6555 6355 655
6555 6355 655
6555 6355 655
6555 6355 655
6555 6355 655
6555 6355 655
6555 6355 655
6555 6355 655
6555 6355 655
6555 6355 655
6521 6488 655
6521 6488 655
6521 6488 655
6521 6488 655
6521 6488 655
6521 6488 655
6521 6488 655
6521 6488 655
6521 6488 655
6521 6488 655
6521 6488 655
6521 6488 655
6521 6488 655
7860 7901 656
7860 7901 656
7860 7901 656
7860 7901 656
7860 7901 656
7860 7901 656
7860 7901 656
7860 7901 656
7860 7901 656
7860 7901 656
7860 7901 656
7860 7901 656
7860 7901 656
6584 7683 658
6584 7683 658
6584 7683 658
6584 7683 658
6584 7683 658
6584 7683 658
6584 7683 658
6584 7683 658
6584 7683 658
6584 7683 658
6584 7683 658
6584 7683 658
6584 7683 658
5375 5995 658
5375 5995 658
5375 5995 658
5375 5995 658
5375 5995 658
5375 5995 658
5375 5995 658
5375 5995 658
5375 5995 658
5375 5995 658
5375 5995 658
5375 5995 658
5545 5356 659
5545 5356 659
5545 5356 659
5545 5356 659
5545 5356 659
5545 5356 659
5545 5356 659
5545 5356 659
5545 5356 659
5545 5356 659
5545 5356 659
5545 5356 659
8481 7961 660
8481 7961 660
8481 7961 660
8481 7961 660
8481 7961 660
8481 7961 660
8481 7961 660
8481 7961 660
8481 7961 660
8481 7961 660
8481 7961 660
8481 7961 660
7694 6560 660
7694 6560 660
7694 6560 660
7694 6560 660
7694 6560 660
7694 6560 660
7694 6560 660
7694 6560 660
7694 6560 660
7694 6560 660
7694 6560 660
7694 6560 660
7694 6560 660
7968 7910 661
7968 7910 661
7968 7910 661
7968 7910 661
7968 7910 661
7968 7910 661
7968 7910 661
7968 7910 661
7968 7910 661
7968 7910 661
7968 7910 661
7968 7910 661
7738 6591 661
7738 6591 661
7738 6591 661
7738 6591 661
7738 6591 661
7738 6591 661
7738 6591 661
7738 6591 661
7738 6591 661
7738 6591 661
7738 6591 661
7738 6591 661
7738 6591 661
7699 6505 661
7699 6505 661
7699 6505 661
7699 6505 661
7699 6505 661
7699 6505 661
7699 6505 661
7699 6505 661
7699 6505 661
7699 6505 661
7699 6505 661
7699 6505 661
5259 8673 661
5259 8673 661
5259 8673 661
5259 8673 661
5259 8673 661
5259 8673 661
5259 8673 661
5259 8673 661
5259 8673 661
5259 8673 661
5259 8673 661
5259 8673 661
8445 7780 662
8445 7780 662
8445 7780 662
8445 7780 662
8445 7780 662
8445 7780 662
8445 7780 662
8445 7780 662
8445 7780 662
8445 7780 662
8445 7780 662
8445 7780 662
7768 7960 662
7768 7960 662
7768 7960 662
7768 7960 662
7768 7960 662
7768 7960 662
7768 7960 662
7768 7960 662
7768 7960 662
7768 7960 662
7768 7960 662
7768 7960 662
7768 7960 662
7971 7948 662
7971 7948 662
7971 7948 662
7971 7948 662
7971 7948 662
7971 7948 662
7971 7948 662
7971 7948 662
7971 7948 662
7971 7948 662
7971 7948 662
7971 7948 662
7971 7948 662
6483 6526 662
6483 6526 662
6483 6526 662
6483 6526 662
6483 6526 662
6483 6526 662
6483 6526 662
6483 6526 662
6483 6526 662
6483 6526 662
6483 6526 662
6483 6526 662
7757 6602 663
7757 6602 663
7757 6602 663
7757 6602 663
7757 6602 663
7757 6602 663
7757 6602 663
7757 6602 663
7757 6602 663
7757 6602 663
7757 6602 663
7757 6602 663
8459 5402 664
8459 5402 664
8459 5402 664
8459 5402 664
8459 5402 664
8459 5402 664
8459 5402 664
8459 5402 664
8459 5402 664
8459 5402 664
8459 5402 664
8459 5402 664
7894 8355 664
7894 8355 664
7894 8355 664
7894 8355 664
7894 8355 664
7894 8355 664
7894 8355 664
7894 8355 664
7894 8355 664
7894 8355 664
7894 8355 664
7894 8355 664
7894 8355 664
7907 7797 664
7907 7797 664
7907 7797 664
7907 7797 664
7907 7797 664
7907 7797 664
7907 7797 664
7907 7797 664
7907 7797 664
7907 7797 664
7907 7797 664
7907 7797 664
7907 7797 664
5446 5410 665
5446 5410 665
5446 5410 665
5446 5410 665
5446 5410 665
5446 5410 665
5446 5410 665
5446 5410 665
5446 5410 665
5446 5410 665
5446 5410 665
5446 5410 665
6355 6416 665
6355 6416 665
6355 6416 665
6355 6416 665
6355 6416 665
6355 6416 665
6355 6416 665
6355 6416 665
6355 6416 665
6355 6416 665
6355 6416 665
6355 6416 665
6009 7771 665
6009 7771 665
6009 7771 665
6009 7771 665
6009 7771 665
6009 7771 665
6009 7771 665
6009 7771 665
6009 7771 665
6009 7771 665
6009 7771 665
6009 7771 665
6444 7883 666
6444 7883 666
6444 7883 666
6444 7883 666
6444 7883 666
6444 7883 666
6444 7883 666
6444 7883 666
6444 7883 666
6444 7883 666
6444 7883 666
6444 7883 666
6444 7883 666
6508 6463 667
6508 6463 667
6508 6463 667
6508 6463 667
6508 6463 667
6508 6463 667
6508 6463 667
6508 6463 667
6508 6463 667
6508 6463 667
6508 6463 667
6508 6463 667
7787 6602 667
7787 6602 667
7787 6602 667
7787 6602 667
7787 6602 667
7787 6602 667
7787 6602 667
7787 6602 667
7787 6602 667
7787 6602 667
7787 6602 667
7787 6602 667
7787 6602 667
7746 7928 668
7746 7928 668
7746 7928 668
7746 7928 668
7746 7928 668
7746 7928 668
7746 7928 668
7746 7928 668
7746 7928 668
7746 7928 668
7746 7928 668
7746 7928 668
7746 7928 668
6009 6552 669
6009 6552 669
6009 6552 669
6009 6552 669
6009 6552 669
6009 6552 669
6009 6552 669
6009 6552 669
6009 6552 669
6009 6552 669
6009 6552 669
6009 6552 669
6009 6552 669
5376 5268 669
5376 5268 669
5376 5268 669
5376 5268 669
5376 5268 669
5376 5268 669
5376 5268 669
5376 5268 669
5376 5268 669
5376 5268 669
5376 5268 669
5376 5268 669
5376 5268 669
5309 5509 669
5309 5509 669
5309 5509 669
5309 5509 669
5309 5509 669
5309 5509 669
5309 5509 669
5309 5509 669
5309 5509 669
5309 5509 669
5309 5509 669
5309 5509 669
5309 5509 669
7923 7904 670
7923 7904 670
7923 7904 670
7923 7904 670
7923 7904 670
7923 7904 670
7923 7904 670
7923 7904 670
7923 7904 670
7923 7904 670
7923 7904 670
7923 7904 670
7923 7904 670
6542 7688 671
6542 7688 671
6542 7688 671
6542 7688 671
6542 7688 671
6542 7688 671
6542 7688 671
6542 7688 671
6542 7688 671
6542 7688 671
6542 7688 671
6542 7688 671
6542 7688 671
8365 7868 671
8365 7868 671
8365 7868 671
8365 7868 671
8365 7868 671
8365 7868 671
8365 7868 671
8365 7868 671
8365 7868 671
8365 7868 671
8365 7868 671
8365 7868 671
8365 7868 671
5404 8448 671
5404 8448 671
5404 8448 671
5404 8448 671
5404 8448 671
5404 8448 671
5404 8448 671
5404 8448 671
5404 8448 671
5404 8448 671
5404 8448 671
5404 8448 671
5720 5463 671
5720 5463 671
5720 5463 671
5720 5463 671
5720 5463 671
5720 5463 671
5720 5463 671
5720 5463 671
5720 5463 671
5720 5463 671
5720 5463 671
5720 5463 671
5720 5463 671
5416 5256 671
5416 5256 671
5416 5256 671
5416 5256 671
5416 5256 671
5416 5256 671
5416 5256 671
5416 5256 671
5416 5256 671
5416 5256 671
5416 5256 671
5416 5256 671
5416 5256 671
9249 5351 672
9249 5351 672
9249 5351 672
9249 5351 672
9249 5351 672
9249 5351 672
9249 5351 672
9249 5351 672
9249 5351 672
9249 5351 672
9249 5351 672
9249 5351 672
5443 5292 672
5443 5292 672
5443 5292 672
5443 5292 672
5443 5292 672
5443 5292 672
5443 5292 672
5443 5292 672
5443 5292 672
5443 5292 672
5443 5292 672
5443 5292 672
5443 5292 672
8687 6537 672
8687 6537 672
8687 6537 672
8687 6537 672
8687 6537 672
8687 6537 672
8687 6537 672
8687 6537 672
8687 6537 672
8687 6537 672
8687 6537 672
8687 6537 672
6548 6348 672
6548 6348 672
6548 6348 672
6548 6348 672
6548 6348 672
6548 6348 672
6548 6348 672
6548 6348 672
6548 6348 672
6548 6348 672
6548 6348 672
6548 6348 672
6548 6348 672
5363 6026 673
5363 6026 673
5363 6026 673
5363 6026 673
5363 6026 673
5363 6026 673
5363 6026 673
5363 6026 673
5363 6026 673
5363 6026 673
5363 6026 673
5363 6026 673
5363 6026 673
6031 5550 673
6031 5550 673
6031 5550 673
6031 5550 673
6031 5550 673
6031 5550 673
6031 5550 673
6031 5550 673
6031 5550 673
6031 5550 673
6031 5550 673
6031 5550 673
7497 7450 673
7497 7450 673
7497 7450 673
7497 7450 673
7497 7450 673
7497 7450 673
7497 7450 673
7497 7450 673
7497 7450 673
7497 7450 673
7497 7450 673
7497 7450 673
5257 5430 673
5257 5430 673
5257 5430 673
5257 5430 673
5257 5430 673
5257 5430 673
5257 5430 673
5257 5430 673
5257 5430 673
5257 5430 673
5257 5430 673
5257 5430 673
7847 7867 673
7847 7867 673
7847 7867 673
7847 7867 673
7847 7867 673
7847 7867 673
7847 7867 673
7847 7867 673
7847 7867 673
7847 7867 673
7847 7867 673
7847 7867 673
5466 5554 673
5466 5554 673
5466 5554 673
5466 5554 673
5466 5554 673
5466 5554 673
5466 5554 673
5466 5554 673
5466 5554 673
5466 5554 673
5466 5554 673
5466 5554 673
5466 5554 673
5410 8457 673
5410 8457 673
5410 8457 673
5410 8457 673
5410 8457 673
5410 8457 673
5410 8457 673
5410 8457 673
5410 8457 673
5410 8457 673
5410 8457 673
5410 8457 673
5410 8457 673
7725 7942 674
7725 7942 674
7725 7942 674
7725 7942 674
7725 7942 674
7725 7942 674
7725 7942 674
7725 7942 674
7725 7942 674
7725 7942 674
7725 7942 674
7725 7942 674
7725 7942 674
5272 5388 674
5272 5388 674
5272 5388 674
5272 5388 674
5272 5388 674
5272 5388 674
5272 5388 674
5272 5388 674
5272 5388 674
5272 5388 674
5272 5388 674
5272 5388 674
6450 8680 674
6450 8680 674
6450 8680 674
6450 8680 674
6450 8680 674
6450 8680 674
6450 8680 674
6450 8680 674
6450 8680 674
6450 8680 674
6450 8680 674
6450 8680 674
6450 8680 674
7813 7656 675
7813 7656 675
7813 7656 675
7813 7656 675
7813 7656 675
7813 7656 675
7813 7656 675
7813 7656 675
7813 7656 675
7813 7656 675
7813 7656 675
7813 7656 675
7813 7656 675
7744 6517 675
7744 6517 675
7744 6517 675
7744 6517 675
7744 6517 675
7744 6517 675
7744 6517 675
7744 6517 675
7744 6517 675
7744 6517 675
7744 6517 675
7744 6517 675
6595 6383 675
6595 6383 675
6595 6383 675
6595 6383 675
6595 6383 675
6595 6383 675
6595 6383 675
6595 6383 675
6595 6383 675
6595 6383 675
6595 6383 675
6595 6383 675
7786 8476 675
7786 8476 675
7786 8476 675
7786 8476 675
7786 8476 675
7786 8476 675
7786 8476 675
7786 8476 675
7786 8476 675
7786 8476 675
7786 8476 675
7786 8476 675
7786 6042 675
7786 6042 675
7786 6042 675
7786 6042 675
7786 6042 675
7786 6042 675
7786 6042 675
7786 6042 675
7786 6042 675
7786 6042 675
7786 6042 675
7786 6042 675
7786 6042 675
5403 5406 675
5403 5406 675
5403 5406 675
5403 5406 675
5403 5406 675
5403 5406 675
5403 5406 675
5403 5406 675
5403 5406 675
5403 5406 675
5403 5406 675
5403 5406 675
5403 5406 675
8759 5242 676
8759 5242 676
8759 5242 676
8759 5242 676
8759 5242 676
8759 5242 676
8759 5242 676
8759 5242 676
8759 5242 676
8759 5242 676
8759 5242 676
8759 5242 676
8759 5242 676
6497 6333 677
6497 6333 677
6497 6333 677
6497 6333 677
6497 6333 677
6497 6333 677
6497 6333 677
6497 6333 677
6497 6333 677
6497 6333 677
6497 6333 677
6497 6333 677
6497 6333 677
6594 5396 677
6594 5396 677
6594 5396 677
6594 5396 677
6594 5396 677
6594 5396 677
6594 5396 677
6594 5396 677
6594 5396 677
6594 5396 677
6594 5396 677
6594 5396 677
7936 7763 678
7936 7763 678
7936 7763 678
7936 7763 678
7936 7763 678
7936 7763 678
7936 7763 678
7936 7763 678
7936 7763 678
7936 7763 678
7936 7763 678
7936 7763 678
5374 8819 678
5374 8819 678
5374 8819 678
5374 8819 678
5374 8819 678
5374 8819 678
5374 8819 678
5374 8819 678
5374 8819 678
5374 8819 678
5374 8819 678
5374 8819 678
7688 7940 679
7688 7940 679
7688 7940 679
7688 7940 679
7688 7940 679
7688 7940 679
7688 7940 679
7688 7940 679
7688 7940 679
7688 7940 679
7688 7940 679
7688 7940 679
7731 7891 679
7731 7891 679
7731 7891 679
7731 7891 679
7731 7891 679
7731 7891 679
7731 7891 679
7731 7891 679
7731 7891 679
7731 7891 679
7731 7891 679
7731 7891 679
5556 6012 679
5556 6012 679
5556 6012 679
5556 6012 679
5556 6012 679
5556 6012 679
5556 6012 679
5556 6012 679
5556 6012 679
5556 6012 679
5556 6012 679
5556 6012 679
5556 6012 679
8446 6046 679
8446 6046 679
8446 6046 679
8446 6046 679
8446 6046 679
8446 6046 679
8446 6046 679
8446 6046 679
8446 6046 679
8446 6046 679
8446 6046 679
8446 6046 679
8446 6046 679
6510 6483 680
6510 6483 680
6510 6483 680
6510 6483 680
6510 6483 680
6510 6483 680
6510 6483 680
6510 6483 680
6510 6483 680
6510 6483 680
6510 6483 680
6510 6483 680
6510 6483 680
7792 7488 680
7792 7488 680
7792 7488 680
7792 7488 680
7792 7488 680
7792 7488 680
7792 7488 680
7792 7488 680
7792 7488 680
7792 7488 680
7792 7488 680
7792 7488 680
7946 7697 680
7946 7697 680
7946 7697 680
7946 7697 680
7946 7697 680
7946 7697 680
7946 7697 680
7946 7697 680
7946 7697 680
7946 7697 680
7946 7697 680
7946 7697 680
7763 7944 680
7763 7944 680
7763 7944 680
7763 7944 680
7763 7944 680
7763 7944 680
7763 7944 680
7763 7944 680
7763 7944 680
7763 7944 680
7763 7944 680
7763 7944 680
5272 9156 680
5272 9156 680
5272 9156 680
5272 9156 680
5272 9156 680
5272 9156 680
5272 9156 680
5272 9156 680
5272 9156 680
5272 9156 680
5272 9156 680
5272 9156 680
5272 9156 680
5374 5985 681
5374 5985 681
5374 5985 681
5374 5985 681
5374 5985 681
5374 5985 681
5374 5985 681
5374 5985 681
5374 5985 681
5374 5985 681
5374 5985 681
5374 5985 681
5460 5288 681
5460 5288 681
5460 5288 681
5460 5288 681
5460 5288 681
5460 5288 681
5460 5288 681
5460 5288 681
5460 5288 681
5460 5288 681
5460 5288 681
5460 5288 681
5309 5258 681
5309 5258 681
5309 5258 681
5309 5258 681
5309 5258 681
5309 5258 681
5309 5258 681
5309 5258 681
5309 5258 681
5309 5258 681
5309 5258 681
5309 5258 681
9158 5282 681
9158 5282 681
9158 5282 681
9158 5282 681
9158 5282 681
9158 5282 681
9158 5282 681
9158 5282 681
9158 5282 681
9158 5282 681
9158 5282 681
9158 5282 681
6594 7787 681
6594 7787 681
6594 7787 681
6594 7787 681
6594 7787 681
6594 7787 681
6594 7787 681
6594 7787 681
6594 7787 681
6594 7787 681
6594 7787 681
6594 7787 681
6594 7787 681
5474 9193 681
5474 9193 681
5474 9193 681
5474 9193 681
5474 9193 681
5474 9193 681
5474 9193 681
5474 9193 681
5474 9193 681
5474 9193 681
5474 9193 681
5474 9193 681
5474 9193 681
6010 8450 681
6010 8450 681
6010 8450 681
6010 8450 681
6010 8450 681
6010 8450 681
6010 8450 681
6010 8450 681
6010 8450 681
6010 8450 681
6010 8450 681
6010 8450 681
6010 8450 681
9146 5275 681
9146 5275 681
9146 5275 681
9146 5275 681
9146 5275 681
9146 5275 681
9146 5275 681
9146 5275 681
9146 5275 681
9146 5275 681
9146 5275 681
9146 5275 681
9146 5275 681
5400 6591 682
5400 6591 682
5400 6591 682
5400 6591 682
5400 6591 682
5400 6591 682
5400 6591 682
5400 6591 682
5400 6591 682
5400 6591 682
5400 6591 682
5400 6591 682
5400 6591 682
5443 5568 682
5443 5568 682
5443 5568 682
5443 5568 682
5443 5568 682
5443 5568 682
5443 5568 682
5443 5568 682
5443 5568 682
5443 5568 682
5443 5568 682
5443 5568 682
5443 5568 682
5374 9144 682
5374 9144 682
5374 9144 682
5374 9144 682
5374 9144 682
5374 9144 682
5374 9144 682
5374 9144 682
5374 9144 682
5374 9144 682
5374 9144 682
5374 9144 682
7968 7862 682
7968 7862 682
7968 7862 682
7968 7862 682
7968 7862 682
7968 7862 682
7968 7862 682
7968 7862 682
7968 7862 682
7968 7862 682
7968 7862 682
7968 7862 682
7968 7862 682
9154 5258 682
9154 5258 682
9154 5258 682
9154 5258 682
9154 5258 682
9154 5258 682
9154 5258 682
9154 5258 682
9154 5258 682
9154 5258 682
9154 5258 682
9154 5258 682
6586 7759 682
6586 7759 682
6586 7759 682
6586 7759 682
6586 7759 682
6586 7759 682
6586 7759 682
6586 7759 682
6586 7759 682
6586 7759 682
6586 7759 682
6586 7759 682
6586 7759 682
5252 5334 682
5252 5334 682
5252 5334 682
5252 5334 682
5252 5334 682
5252 5334 682
5252 5334 682
5252 5334 682
5252 5334 682
5252 5334 682
5252 5334 682
5252 5334 682
5548 5517 683
5548 5517 683
5548 5517 683
5548 5517 683
5548 5517 683
5548 5517 683
5548 5517 683
5548 5517 683
5548 5517 683
5548 5517 683
5548 5517 683
5548 5517 683
7784 5989 683
7784 5989 683
7784 5989 683
7784 5989 683
7784 5989 683
7784 5989 683
7784 5989 683
7784 5989 683
7784 5989 683
7784 5989 683
7784 5989 683
7784 5989 683
7784 5989 683
5442 5509 684
5442 5509 684
5442 5509 684
5442 5509 684
5442 5509 684
5442 5509 684
5442 5509 684
5442 5509 684
5442 5509 684
5442 5509 684
5442 5509 684
5442 5509 684
5442 5509 684
5551 5283 684
5551 5283 684
5551 5283 684
5551 5283 684
5551 5283 684
5551 5283 684
5551 5283 684
5551 5283 684
5551 5283 684
5551 5283 684
5551 5283 684
5551 5283 684
5551 5283 684
7450 7488 684
7450 7488 684
7450 7488 684
7450 7488 684
7450 7488 684
7450 7488 684
7450 7488 684
7450 7488 684
7450 7488 684
7450 7488 684
7450 7488 684
7450 7488 684
7450 7488 684
5359 5994 684
5359 5994 684
5359 5994 684
5359 5994 684
5359 5994 684
5359 5994 684
5359 5994 684
5359 5994 684
5359 5994 684
5359 5994 684
5359 5994 684
5359 5994 684
5359 5994 684
6011 6095 684
6011 6095 684
6011 6095 684
6011 6095 684
6011 6095 684
6011 6095 684
6011 6095 684
6011 6095 684
6011 6095 684
6011 6095 684
6011 6095 684
6011 6095 684
5466 9274 684
5466 9274 684
5466 9274 684
5466 9274 684
5466 9274 684
5466 9274 684
5466 9274 684
5466 9274 684
5466 9274 684
5466 9274 684
5466 9274 684
5466 9274 684
5466 9274 684
8671 8434 684
8671 8434 684
8671 8434 684
8671 8434 684
8671 8434 684
8671 8434 684
8671 8434 684
8671 8434 684
8671 8434 684
8671 8434 684
8671 8434 684
8671 8434 684
8671 8434 684
5460 5569 684
5460 5569 684
5460 5569 684
5460 5569 684
5460 5569 684
5460 5569 684
5460 5569 684
5460 5569 684
5460 5569 684
5460 5569 684
5460 5569 684
5460 5569 684
5356 6582 684
5356 6582 684
5356 6582 684
5356 6582 684
5356 6582 684
5356 6582 684
5356 6582 684
5356 6582 684
5356 6582 684
5356 6582 684
5356 6582 684
5356 6582 684
6590 7685 685
6590 7685 685
6590 7685 685
6590 7685 685
6590 7685 685
6590 7685 685
6590 7685 685
6590 7685 685
6590 7685 685
6590 7685 685
6590 7685 685
6590 7685 685
7922 7862 685
7922 7862 685
7922 7862 685
7922 7862 685
7922 7862 685
7922 7862 685
7922 7862 685
7922 7862 685
7922 7862 685
7922 7862 685
7922 7862 685
7922 7862 685
7922 7862 685
7927 7782 685
7927 7782 685
7927 7782 685
7927 7782 685
7927 7782 685
7927 7782 685
7927 7782 685
7927 7782 685
7927 7782 685
7927 7782 685
7927 7782 685
7927 7782 685
8458 8436 685
8458 8436 685
8458 8436 685
8458 8436 685
8458 8436 685
8458 8436 685
8458 8436 685
8458 8436 685
8458 8436 685
8458 8436 685
8458 8436 685
8458 8436 685
5483 5275 685
5483 5275 685
5483 5275 685
5483 5275 685
5483 5275 685
5483 5275 685
5483 5275 685
5483 5275 685
5483 5275 685
5483 5275 685
5483 5275 685
5483 5275 685
5483 5275 685
6390 6453 685
6390 6453 685
6390 6453 685
6390 6453 685
6390 6453 685
6390 6453 685
6390 6453 685
6390 6453 685
6390 6453 685
6390 6453 685
6390 6453 685
6390 6453 685
6390 6453 685
5412 5259 686
5412 5259 686
5412 5259 686
5412 5259 686
5412 5259 686
5412 5259 686
5412 5259 686
5412 5259 686
5412 5259 686
5412 5259 686
5412 5259 686
5412 5259 686
5412 5259 686
8471 6019 686
8471 6019 686
8471 6019 686
8471 6019 686
8471 6019 686
8471 6019 686
8471 6019 686
8471 6019 686
8471 6019 686
8471 6019 686
8471 6019 686
8471 6019 686
8471 6019 686
6594 6506 686
6594 6506 686
6594 6506 686
6594 6506 686
6594 6506 686
6594 6506 686
6594 6506 686
6594 6506 686
6594 6506 686
6594 6506 686
6594 6506 686
6594 6506 686
6594 6506 686
6045 5364 686
6045 5364 686
6045 5364 686
6045 5364 686
6045 5364 686
6045 5364 686
6045 5364 686
6045 5364 686
6045 5364 686
6045 5364 686
6045 5364 686
6045 5364 686
6045 5364 686
5353 6409 686
5353 6409 686
5353 6409 686
5353 6409 686
5353 6409 686
5353 6409 686
5353 6409 686
5353 6409 686
5353 6409 686
5353 6409 686
5353 6409 686
5353 6409 686
5353 6409 686
8757 8831 687
8757 8831 687
8757 8831 687
8757 8831 687
8757 8831 687
8757 8831 687
8757 8831 687
8757 8831 687
8757 8831 687
8757 8831 687
8757 8831 687
8757 8831 687
7786 7709 687
7786 7709 687
7786 7709 687
7786 7709 687
7786 7709 687
7786 7709 687
7786 7709 687
7786 7709 687
7786 7709 687
7786 7709 687
7786 7709 687
7786 7709 687
7786 7709 687
8768 9202 687
8768 9202 687
8768 9202 687
8768 9202 687
8768 9202 687
8768 9202 687
8768 9202 687
8768 9202 687
8768 9202 687
8768 9202 687
8768 9202 687
8768 9202 687
7899 7934 687
7899 7934 687
7899 7934 687
7899 7934 687
7899 7934 687
7899 7934 687
7899 7934 687
7899 7934 687
7899 7934 687
7899 7934 687
7899 7934 687
7899 7934 687
6010 5376 688
6010 5376 688
6010 5376 688
6010 5376 688
6010 5376 688
6010 5376 688
6010 5376 688
6010 5376 688
6010 5376 688
6010 5376 688
6010 5376 688
6010 5376 688
6010 5376 688
8432 6538 688
8432 6538 688
8432 6538 688
8432 6538 688
8432 6538 688
8432 6538 688
8432 6538 688
8432 6538 688
8432 6538 688
8432 6538 688
8432 6538 688
8432 6538 688
7879 7798 688
7879 7798 688
7879 7798 688
7879 7798 688
7879 7798 688
7879 7798 688
7879 7798 688
7879 7798 688
7879 7798 688
7879 7798 688
7879 7798 688
7879 7798 688
7879 7798 688
6448 6381 688
6448 6381 688
6448 6381 688
6448 6381 688
6448 6381 688
6448 6381 688
6448 6381 688
6448 6381 688
6448 6381 688
6448 6381 688
6448 6381 688
6448 6381 688
6448 6381 688
5334 5517 689
5334 5517 689
5334 5517 689
5334 5517 689
5334 5517 689
5334 5517 689
5334 5517 689
5334 5517 689
5334 5517 689
5334 5517 689
5334 5517 689
5334 5517 689
5334 5517 689
8448 7768 689
8448 7768 689
8448 7768 689
8448 7768 689
8448 7768 689
8448 7768 689
8448 7768 689
8448 7768 689
8448 7768 689
8448 7768 689
8448 7768 689
8448 7768 689
8448 7768 689
8683 8696 689
8683 8696 689
8683 8696 689
8683 8696 689
8683 8696 689
8683 8696 689
8683 8696 689
8683 8696 689
8683 8696 689
8683 8696 689
8683 8696 689
8683 8696 689
8459 6042 689
8459 6042 689
8459 6042 689
8459 6042 689
8459 6042 689
8459 6042 689
8459 6042 689
8459 6042 689
8459 6042 689
8459 6042 689
8459 6042 689
8459 6042 689
8459 6042 689
8442 6004 690
8442 6004 690
8442 6004 690
8442 6004 690
8442 6004 690
8442 6004 690
8442 6004 690
8442 6004 690
8442 6004 690
8442 6004 690
8442 6004 690
8442 6004 690
8442 6004 690
5409 5518 690
5409 5518 690
5409 5518 690
5409 5518 690
5409 5518 690
5409 5518 690
5409 5518 690
5409 5518 690
5409 5518 690
5409 5518 690
5409 5518 690
5409 5518 690
6502 7519 690
6502 7519 690
6502 7519 690
6502 7519 690
6502 7519 690
6502 7519 690
6502 7519 690
6502 7519 690
6502 7519 690
6502 7519 690
6502 7519 690
6502 7519 690
6108 5500 690
6108 5500 690
6108 5500 690
6108 5500 690
6108 5500 690
6108 5500 690
6108 5500 690
6108 5500 690
6108 5500 690
6108 5500 690
6108 5500 690
6108 5500 690
7685 6491 690
7685 6491 690
7685 6491 690
7685 6491 690
7685 6491 690
7685 6491 690
7685 6491 690
7685 6491 690
7685 6491 690
7685 6491 690
7685 6491 690
7685 6491 690
5278 8756 690
5278 8756 690
5278 8756 690
5278 8756 690
5278 8756 690
5278 8756 690
5278 8756 690
5278 8756 690
5278 8756 690
5278 8756 690
5278 8756 690
5278 8756 690
5278 8756 690
5488 6121 690
5488 6121 690
5488 6121 690
5488 6121 690
5488 6121 690
5488 6121 690
5488 6121 690
5488 6121 690
5488 6121 690
5488 6121 690
5488 6121 690
5488 6121 690
5488 6121 690
6544 6384 690
6544 6384 690
6544 6384 690
6544 6384 690
6544 6384 690
6544 6384 690
6544 6384 690
6544 6384 690
6544 6384 690
6544 6384 690
6544 6384 690
6544 6384 690
6581 7708 690
6581 7708 690
6581 7708 690
6581 7708 690
6581 7708 690
6581 7708 690
6581 7708 690
6581 7708 690
6581 7708 690
6581 7708 690
6581 7708 690
6581 7708 690
5275 5429 691
5275 5429 691
5275 5429 691
5275 5429 691
5275 5429 691
5275 5429 691
5275 5429 691
5275 5429 691
5275 5429 691
5275 5429 691
5275 5429 691
5275 5429 691
5444 6107 691
5444 6107 691
5444 6107 691
5444 6107 691
5444 6107 691
5444 6107 691
5444 6107 691
5444 6107 691
5444 6107 691
5444 6107 691
5444 6107 691
5444 6107 691
5444 6107 691
8436 5281 691
8436 5281 691
8436 5281 691
8436 5281 691
8436 5281 691
8436 5281 691
8436 5281 691
8436 5281 691
8436 5281 691
8436 5281 691
8436 5281 691
8436 5281 691
8436 5281 691
7914 7787 691
7914 7787 691
7914 7787 691
7914 7787 691
7914 7787 691
7914 7787 691
7914 7787 691
7914 7787 691
7914 7787 691
7914 7787 691
7914 7787 691
7914 7787 691
6576 8459 692
6576 8459 692
6576 8459 692
6576 8459 692
6576 8459 692
6576 8459 692
6576 8459 692
6576 8459 692
6576 8459 692
6576 8459 692
6576 8459 692
6576 8459 692
8431 9532 692
8431 9532 692
8431 9532 692
8431 9532 692
8431 9532 692
8431 9532 692
8431 9532 692
8431 9532 692
8431 9532 692
8431 9532 692
8431 9532 692
8431 9532 692
8431 9532 692
5282 8673 692
5282 8673 692
5282 8673 692
5282 8673 692
5282 8673 692
5282 8673 692
5282 8673 692
5282 8673 692
5282 8673 692
5282 8673 692
5282 8673 692
5282 8673 692
5505 5430 693
5505 5430 693
5505 5430 693
5505 5430 693
5505 5430 693
5505 5430 693
5505 5430 693
5505 5430 693
5505 5430 693
5505 5430 693
5505 5430 693
5505 5430 693
5415 5554 693
5415 5554 693
5415 5554 693
5415 5554 693
5415 5554 693
5415 5554 693
5415 5554 693
5415 5554 693
5415 5554 693
5415 5554 693
5415 5554 693
5415 5554 693
5261 5533 693
5261 5533 693
5261 5533 693
5261 5533 693
5261 5533 693
5261 5533 693
5261 5533 693
5261 5533 693
5261 5533 693
5261 5533 693
5261 5533 693
5261 5533 693
5261 5533 693
7887 7907 693
7887 7907 693
7887 7907 693
7887 7907 693
7887 7907 693
7887 7907 693
7887 7907 693
7887 7907 693
7887 7907 693
7887 7907 693
7887 7907 693
7887 7907 693
7887 7907 693
6024 8436 693
6024 8436 693
6024 8436 693
6024 8436 693
6024 8436 693
6024 8436 693
6024 8436 693
6024 8436 693
6024 8436 693
6024 8436 693
6024 8436 693
6024 8436 693
9209 5278 693
9209 5278 693
9209 5278 693
9209 5278 693
9209 5278 693
9209 5278 693
9209 5278 693
9209 5278 693
9209 5278 693
9209 5278 693
9209 5278 693
9209 5278 693
9209 5278 693
6512 6533 694
6512 6533 694
6512 6533 694
6512 6533 694
6512 6533 694
6512 6533 694
6512 6533 694
6512 6533 694
6512 6533 694
6512 6533 694
6512 6533 694
6512 6533 694
7500 7796 694
7500 7796 694
7500 7796 694
7500 7796 694
7500 7796 694
7500 7796 694
7500 7796 694
7500 7796 694
7500 7796 694
7500 7796 694
7500 7796 694
7500 7796 694
7500 7796 694
6380 5258 694
6380 5258 694
6380 5258 694
6380 5258 694
6380 5258 694
6380 5258 694
6380 5258 694
6380 5258 694
6380 5258 694
6380 5258 694
6380 5258 694
6380 5258 694
6380 5258 694
6003 6031 694
6003 6031 694
6003 6031 694
6003 6031 694
6003 6031 694
6003 6031 694
6003 6031 694
6003 6031 694
6003 6031 694
6003 6031 694
6003 6031 694
6003 6031 694
5307 5532 694
5307 5532 694
5307 5532 694
5307 5532 694
5307 5532 694
5307 5532 694
5307 5532 694
5307 5532 694
5307 5532 694
5307 5532 694
5307 5532 694
5307 5532 694
5551 5991 694
5551 5991 694
5551 5991 694
5551 5991 694
5551 5991 694
5551 5991 694
5551 5991 694
5551 5991 694
5551 5991 694
5551 5991 694
5551 5991 694
5551 5991 694
5438 9161 695
5438 9161 695
5438 9161 695
5438 9161 695
5438 9161 695
5438 9161 695
5438 9161 695
5438 9161 695
5438 9161 695
5438 9161 695
5438 9161 695
5438 9161 695
5438 9161 695
9520 8434 695
9520 8434 695
9520 8434 695
9520 8434 695
9520 8434 695
9520 8434 695
9520 8434 695
9520 8434 695
9520 8434 695
9520 8434 695
9520 8434 695
9520 8434 695
8458 5363 695
8458 5363 695
8458 5363 695
8458 5363 695
8458 5363 695
8458 5363 695
8458 5363 695
8458 5363 695
8458 5363 695
8458 5363 695
8458 5363 695
8458 5363 695
8458 5363 695
5378 5311 696
5378 5311 696
5378 5311 696
5378 5311 696
5378 5311 696
5378 5311 696
5378 5311 696
5378 5311 696
5378 5311 696
5378 5311 696
5378 5311 696
5378 5311 696
5378 5311 696
5283 5415 696
5283 5415 696
5283 5415 696
5283 5415 696
5283 5415 696
5283 5415 696
5283 5415 696
5283 5415 696
5283 5415 696
5283 5415 696
5283 5415 696
5283 5415 696
5283 5415 696
5261 5259 696
5261 5259 696
5261 5259 696
5261 5259 696
5261 5259 696
5261 5259 696
5261 5259 696
5261 5259 696
5261 5259 696
5261 5259 696
5261 5259 696
5261 5259 696
5261 5259 696
7875 7891 697
7875 7891 697
7875 7891 697
7875 7891 697
7875 7891 697
7875 7891 697
7875 7891 697
7875 7891 697
7875 7891 697
7875 7891 697
7875 7891 697
7875 7891 697
7875 7891 697
5358 6590 697
5358 6590 697
5358 6590 697
5358 6590 697
5358 6590 697
5358 6590 697
5358 6590 697
5358 6590 697
5358 6590 697
5358 6590 697
5358 6590 697
5358 6590 697
5358 6590 697
7665 6334 697
7665 6334 697
7665 6334 697
7665 6334 697
7665 6334 697
7665 6334 697
7665 6334 697
7665 6334 697
7665 6334 697
7665 6334 697
7665 6334 697
7665 6334 697
7739 7879 697
7739 7879 697
7739 7879 697
7739 7879 697
7739 7879 697
7739 7879 697
7739 7879 697
7739 7879 697
7739 7879 697
7739 7879 697
7739 7879 697
7739 7879 697
7739 7879 697
7941 7927 697
7941 7927 697
7941 7927 697
7941 7927 697
7941 7927 697
7941 7927 697
7941 7927 697
7941 7927 697
7941 7927 697
7941 7927 697
7941 7927 697
7941 7927 697
5528 5494 698
5528 5494 698
5528 5494 698
5528 5494 698
5528 5494 698
5528 5494 698
5528 5494 698
5528 5494 698
5528 5494 698
5528 5494 698
5528 5494 698
5528 5494 698
5573 5463 698
5573 5463 698
5573 5463 698
5573 5463 698
5573 5463 698
5573 5463 698
5573 5463 698
5573 5463 698
5573 5463 698
5573 5463 698
5573 5463 698
5573 5463 698
6612 5419 698
6612 5419 698
6612 5419 698
6612 5419 698
6612 5419 698
6612 5419 698
6612 5419 698
6612 5419 698
6612 5419 698
6612 5419 698
6612 5419 698
6612 5419 698
6419 6359 698
6419 6359 698
6419 6359 698
6419 6359 698
6419 6359 698
6419 6359 698
6419 6359 698
6419 6359 698
6419 6359 698
6419 6359 698
6419 6359 698
6419 6359 698
6093 5714 698
6093 5714 698
6093 5714 698
6093 5714 698
6093 5714 698
6093 5714 698
6093 5714 698
6093 5714 698
6093 5714 698
6093 5714 698
6093 5714 698
6093 5714 698
7709 6564 699
7709 6564 699
7709 6564 699
7709 6564 699
7709 6564 699
7709 6564 699
7709 6564 699
7709 6564 699
7709 6564 699
7709 6564 699
7709 6564 699
7709 6564 699
6535 6540 699
6535 6540 699
6535 6540 699
6535 6540 699
6535 6540 699
6535 6540 699
6535 6540 699
6535 6540 699
6535 6540 699
6535 6540 699
6535 6540 699
6535 6540 699
6535 6540 699
6591 5358 699
6591 5358 699
6591 5358 699
6591 5358 699
6591 5358 699
6591 5358 699
6591 5358 699
6591 5358 699
6591 5358 699
6591 5358 699
6591 5358 699
6591 5358 699
6591 5358 699
6557 5391 699
6557 5391 699
6557 5391 699
6557 5391 699
6557 5391 699
6557 5391 699
6557 5391 699
6557 5391 699
6557 5391 699
6557 5391 699
6557 5391 699
6557 5391 699
6027 6602 700
6027 6602 700
6027 6602 700
6027 6602 700
6027 6602 700
6027 6602 700
6027 6602 700
6027 6602 700
6027 6602 700
6027 6602 700
6027 6602 700
6027 6602 700
6027 6602 700
5378 8761 700
5378 8761 700
5378 8761 700
5378 8761 700
5378 8761 700
5378 8761 700
5378 8761 700
5378 8761 700
5378 8761 700
5378 8761 700
5378 8761 700
5378 8761 700
5378 8761 700
7938 7891 700
7938 7891 700
7938 7891 700
7938 7891 700
7938 7891 700
7938 7891 700
7938 7891 700
7938 7891 700
7938 7891 700
7938 7891 700
7938 7891 700
7938 7891 700
7697 6589 700
7697 6589 700
7697 6589 700
7697 6589 700
7697 6589 700
7697 6589 700
7697 6589 700
7697 6589 700
7697 6589 700
7697 6589 700
7697 6589 700
7697 6589 700
6038 5522 700
6038 5522 700
6038 5522 700
6038 5522 700
6038 5522 700
6038 5522 700
6038 5522 700
6038 5522 700
6038 5522 700
6038 5522 700
6038 5522 700
6038 5522 700
6038 5522 700
5346 9201 700
5346 9201 700
5346 9201 700
5346 9201 700
5346 9201 700
5346 9201 700
5346 9201 700
5346 9201 700
5346 9201 700
5346 9201 700
5346 9201 700
5346 9201 700
5346 9201 700
6545 6531 700
6545 6531 700
6545 6531 700
6545 6531 700
6545 6531 700
6545 6531 700
6545 6531 700
6545 6531 700
6545 6531 700
6545 6531 700
6545 6531 700
6545 6531 700
6545 6531 700
8680 5244 701
8680 5244 701
8680 5244 701
8680 5244 701
8680 5244 701
8680 5244 701
8680 5244 701
8680 5244 701
8680 5244 701
8680 5244 701
8680 5244 701
8680 5244 701
9258 5516 701
9258 5516 701
9258 5516 701
9258 5516 701
9258 5516 701
9258 5516 701
9258 5516 701
9258 5516 701
9258 5516 701
9258 5516 701
9258 5516 701
9258 5516 701
9258 5516 701
5414 8457 701
5414 8457 701
5414 8457 701
5414 8457 701
5414 8457 701
5414 8457 701
5414 8457 701
5414 8457 701
5414 8457 701
5414 8457 701
5414 8457 701
5414 8457 701
5414 8457 701
7827 7675 701
7827 7675 701
7827 7675 701
7827 7675 701
7827 7675 701
7827 7675 701
7827 7675 701
7827 7675 701
7827 7675 701
7827 7675 701
7827 7675 701
7827 7675 701
8437 6530 702
8437 6530 702
8437 6530 702
8437 6530 702
8437 6530 702
8437 6530 702
8437 6530 702
8437 6530 702
8437 6530 702
8437 6530 702
8437 6530 702
8437 6530 702
7697 7769 702
7697 7769 702
7697 7769 702
7697 7769 702
7697 7769 702
7697 7769 702
7697 7769 702
7697 7769 702
7697 7769 702
7697 7769 702
7697 7769 702
7697 7769 702
8354 7794 703
8354 7794 703
8354 7794 703
8354 7794 703
8354 7794 703
8354 7794 703
8354 7794 703
8354 7794 703
8354 7794 703
8354 7794 703
8354 7794 703
8354 7794 703
9223 5520 703
9223 5520 703
9223 5520 703
9223 5520 703
9223 5520 703
9223 5520 703
9223 5520 703
9223 5520 703
9223 5520 703
9223 5520 703
9223 5520 703
9223 5520 703
8432 6561 703
8432 6561 703
8432 6561 703
8432 6561 703
8432 6561 703
8432 6561 703
8432 6561 703
8432 6561 703
8432 6561 703
8432 6561 703
8432 6561 703
8432 6561 703
8432 6561 703
5311 9229 703
5311 9229 703
5311 9229 703
5311 9229 703
5311 9229 703
5311 9229 703
5311 9229 703
5311 9229 703
5311 9229 703
5311 9229 703
5311 9229 703
5311 9229 703
5311 9229 703
5421 8449 704
5421 8449 704
5421 8449 704
5421 8449 704
5421 8449 704
5421 8449 704
5421 8449 704
5421 8449 704
5421 8449 704
5421 8449 704
5421 8449 704
5421 8449 704
5421 8449 704
8469 7944 704
8469 7944 704
8469 7944 704
8469 7944 704
8469 7944 704
8469 7944 704
8469 7944 704
8469 7944 704
8469 7944 704
8469 7944 704
8469 7944 704
8469 7944 704
8469 7944 704
5362 5305 704
5362 5305 704
5362 5305 704
5362 5305 704
5362 5305 704
5362 5305 704
5362 5305 704
5362 5305 704
5362 5305 704
5362 5305 704
5362 5305 704
5362 5305 704
6575 6411 704
6575 6411 704
6575 6411 704
6575 6411 704
6575 6411 704
6575 6411 704
6575 6411 704
6575 6411 704
6575 6411 704
6575 6411 704
6575 6411 704
6575 6411 704
5433 5558 704
5433 5558 704
5433 5558 704
5433 5558 704
5433 5558 704
5433 5558 704
5433 5558 704
5433 5558 704
5433 5558 704
5433 5558 704
5433 5558 704
5433 5558 704
5433 5558 704
5494 5527 704
5494 5527 704
5494 5527 704
5494 5527 704
5494 5527 704
5494 5527 704
5494 5527 704
5494 5527 704
5494 5527 704
5494 5527 704
5494 5527 704
5494 5527 704
5360 5359 704
5360 5359 704
5360 5359 704
5360 5359 704
5360 5359 704
5360 5359 704
5360 5359 704
5360 5359 704
5360 5359 704
5360 5359 704
5360 5359 704
5360 5359 704
7724 7778 705
7724 7778 705
7724 7778 705
7724 7778 705
7724 7778 705
7724 7778 705
7724 7778 705
7724 7778 705
7724 7778 705
7724 7778 705
7724 7778 705
7724 7778 705
7724 7778 705
6541 6507 705
6541 6507 705
6541 6507 705
6541 6507 705
6541 6507 705
6541 6507 705
6541 6507 705
6541 6507 705
6541 6507 705
6541 6507 705
6541 6507 705
6541 6507 705
5514 5529 705
5514 5529 705
5514 5529 705
5514 5529 705
5514 5529 705
5514 5529 705
5514 5529 705
5514 5529 705
5514 5529 705
5514 5529 705
5514 5529 705
5514 5529 705
9233 5472 705
9233 5472 705
9233 5472 705
9233 5472 705
9233 5472 705
9233 5472 705
9233 5472 705
9233 5472 705
9233 5472 705
9233 5472 705
9233 5472 705
9233 5472 705
9233 5472 705
5996 5414 705
5996 5414 705
5996 5414 705
5996 5414 705
5996 5414 705
5996 5414 705
5996 5414 705
5996 5414 705
5996 5414 705
5996 5414 705
5996 5414 705
5996 5414 705
5996 5414 705
5296 8747 705
5296 8747 705
5296 8747 705
5296 8747 705
5296 8747 705
5296 8747 705
5296 8747 705
5296 8747 705
5296 8747 705
5296 8747 705
5296 8747 705
5296 8747 705
5296 8747 705
7874 7657 705
7874 7657 705
7874 7657 705
7874 7657 705
7874 7657 705
7874 7657 705
7874 7657 705
7874 7657 705
7874 7657 705
7874 7657 705
7874 7657 705
7874 7657 705
7519 7652 706
7519 7652 706
7519 7652 706
7519 7652 706
7519 7652 706
7519 7652 706
7519 7652 706
7519 7652 706
7519 7652 706
7519 7652 706
7519 7652 706
7519 7652 706
5403 7715 706
5403 7715 706
5403 7715 706
5403 7715 706
5403 7715 706
5403 7715 706
5403 7715 706
5403 7715 706
5403 7715 706
5403 7715 706
5403 7715 706
5403 7715 706
7691 7761 706
7691 7761 706
7691 7761 706
7691 7761 706
7691 7761 706
7691 7761 706
7691 7761 706
7691 7761 706
7691 7761 706
7691 7761 706
7691 7761 706
7691 7761 706
7691 7761 706
8797 9255 706
8797 9255 706
8797 9255 706
8797 9255 706
8797 9255 706
8797 9255 706
8797 9255 706
8797 9255 706
8797 9255 706
8797 9255 706
8797 9255 706
8797 9255 706
7758 8464 706
7758 8464 706
7758 8464 706
7758 8464 706
7758 8464 706
7758 8464 706
7758 8464 706
7758 8464 706
7758 8464 706
7758 8464 706
7758 8464 706
7758 8464 706
7758 8464 706
5358 6563 707
5358 6563 707
5358 6563 707
5358 6563 707
5358 6563 707
5358 6563 707
5358 6563 707
5358 6563 707
5358 6563 707
5358 6563 707
5358 6563 707
5358 6563 707
5358 6563 707
5272 5305 708
5272 5305 708
5272 5305 708
5272 5305 708
5272 5305 708
5272 5305 708
5272 5305 708
5272 5305 708
5272 5305 708
5272 5305 708
5272 5305 708
5272 5305 708
5272 5305 708
7876 7928 708
7876 7928 708
7876 7928 708
7876 7928 708
7876 7928 708
7876 7928 708
7876 7928 708
7876 7928 708
7876 7928 708
7876 7928 708
7876 7928 708
7876 7928 708
5359 6595 708
5359 6595 708
5359 6595 708
5359 6595 708
5359 6595 708
5359 6595 708
5359 6595 708
5359 6595 708
5359 6595 708
5359 6595 708
5359 6595 708
5359 6595 708
6531 6449 708
6531 6449 708
6531 6449 708
6531 6449 708
6531 6449 708
6531 6449 708
6531 6449 708
6531 6449 708
6531 6449 708
6531 6449 708
6531 6449 708
6531 6449 708
7759 6009 709
7759 6009 709
7759 6009 709
7759 6009 709
7759 6009 709
7759 6009 709
7759 6009 709
7759 6009 709
7759 6009 709
7759 6009 709
7759 6009 709
7759 6009 709
7759 6009 709
5427 5486 709
5427 5486 709
5427 5486 709
5427 5486 709
5427 5486 709
5427 5486 709
5427 5486 709
5427 5486 709
5427 5486 709
5427 5486 709
5427 5486 709
5427 5486 709
5427 5486 709
5442 5259 709
5442 5259 709
5442 5259 709
5442 5259 709
5442 5259 709
5442 5259 709
5442 5259 709
5442 5259 709
5442 5259 709
5442 5259 709
5442 5259 709
5442 5259 709
5442 5259 709
5397 5376 709
5397 5376 709
5397 5376 709
5397 5376 709
5397 5376 709
5397 5376 709
5397 5376 709
5397 5376 709
5397 5376 709
5397 5376 709
5397 5376 709
5397 5376 709
7875 7809 709
7875 7809 709
7875 7809 709
7875 7809 709
7875 7809 709
7875 7809 709
7875 7809 709
7875 7809 709
7875 7809 709
7875 7809 709
7875 7809 709
7875 7809 709
6383 6414 710
6383 6414 710
6383 6414 710
6383 6414 710
6383 6414 710
6383 6414 710
6383 6414 710
6383 6414 710
6383 6414 710
6383 6414 710
6383 6414 710
6383 6414 710
6383 6414 710
6530 7709 710
6530 7709 710
6530 7709 710
6530 7709 710
6530 7709 710
6530 7709 710
6530 7709 710
6530 7709 710
6530 7709 710
6530 7709 710
6530 7709 710
6530 7709 710
6530 7709 710
5428 5484 710
5428 5484 710
5428 5484 710
5428 5484 710
5428 5484 710
5428 5484 710
5428 5484 710
5428 5484 710
5428 5484 710
5428 5484 710
5428 5484 710
5428 5484 710
5428 5484 710
6009 5391 710
6009 5391 710
6009 5391 710
6009 5391 710
6009 5391 710
6009 5391 710
6009 5391 710
6009 5391 710
6009 5391 710
6009 5391 710
6009 5391 710
6009 5391 710
6009 5391 710
5427 5354 710
5427 5354 710
5427 5354 710
5427 5354 710
5427 5354 710
5427 5354 710
5427 5354 710
5427 5354 710
5427 5354 710
5427 5354 710
5427 5354 710
5427 5354 710
5358 8455 711
5358 8455 711
5358 8455 711
5358 8455 711
5358 8455 711
5358 8455 711
5358 8455 711
5358 8455 711
5358 8455 711
5358 8455 711
5358 8455 711
5358 8455 711
7635 7800 711
7635 7800 711
7635 7800 711
7635 7800 711
7635 7800 711
7635 7800 711
7635 7800 711
7635 7800 711
7635 7800 711
7635 7800 711
7635 7800 711
7635 7800 711
7760 6610 711
7760 6610 711
7760 6610 711
7760 6610 711
7760 6610 711
7760 6610 711
7760 6610 711
7760 6610 711
7760 6610 711
7760 6610 711
7760 6610 711
7760 6610 711
6569 7775 711
6569 7775 711
6569 7775 711
6569 7775 711
6569 7775 711
6569 7775 711
6569 7775 711
6569 7775 711
6569 7775 711
6569 7775 711
6569 7775 711
6569 7775 711
5256 9159 711
5256 9159 711
5256 9159 711
5256 9159 711
5256 9159 711
5256 9159 711
5256 9159 711
5256 9159 711
5256 9159 711
5256 9159 711
5256 9159 711
5256 9159 711
5256 9159 711
8769 5291 712
8769 5291 712
8769 5291 712
8769 5291 712
8769 5291 712
8769 5291 712
8769 5291 712
8769 5291 712
8769 5291 712
8769 5291 712
8769 5291 712
8769 5291 712
8769 5291 712
7976 7883 712
7976 7883 712
7976 7883 712
7976 7883 712
7976 7883 712
7976 7883 712
7976 7883 712
7976 7883 712
7976 7883 712
7976 7883 712
7976 7883 712
7976 7883 712
7976 7883 712
6009 6042 712
6009 6042 712
6009 6042 712
6009 6042 712
6009 6042 712
6009 6042 712
6009 6042 712
6009 6042 712
6009 6042 712
6009 6042 712
6009 6042 712
6009 6042 712
6009 6042 712
5359 9630 712
5359 9630 712
5359 9630 712
5359 9630 712
5359 9630 712
5359 9630 712
5359 9630 712
5359 9630 712
5359 9630 712
5359 9630 712
5359 9630 712
5359 9630 712
5359 9630 712
8432 6538 712
8432 6538 712
8432 6538 712
8432 6538 712
8432 6538 712
8432 6538 712
8432 6538 712
8432 6538 712
8432 6538 712
8432 6538 712
8432 6538 712
8432 6538 712
6579 7761 712
6579 7761 712
6579 7761 712
6579 7761 712
6579 7761 712
6579 7761 712
6579 7761 712
6579 7761 712
6579 7761 712
6579 7761 712
6579 7761 712
6579 7761 712
6579 7761 712
6081 5506 713
6081 5506 713
6081 5506 713
6081 5506 713
6081 5506 713
6081 5506 713
6081 5506 713
6081 5506 713
6081 5506 713
6081 5506 713
6081 5506 713
6081 5506 713
8767 8677 713
8767 8677 713
8767 8677 713
8767 8677 713
8767 8677 713
8767 8677 713
8767 8677 713
8767 8677 713
8767 8677 713
8767 8677 713
8767 8677 713
8767 8677 713
8767 8677 713
8456 5358 713
8456 5358 713
8456 5358 713
8456 5358 713
8456 5358 713
8456 5358 713
8456 5358 713
8456 5358 713
8456 5358 713
8456 5358 713
8456 5358 713
8456 5358 713
9163 9213 714
9163 9213 714
9163 9213 714
9163 9213 714
9163 9213 714
9163 9213 714
9163 9213 714
9163 9213 714
9163 9213 714
9163 9213 714
9163 9213 714
9163 9213 714
5367 5996 714
5367 5996 714
5367 5996 714
5367 5996 714
5367 5996 714
5367 5996 714
5367 5996 714
5367 5996 714
5367 5996 714
5367 5996 714
5367 5996 714
5367 5996 714
5367 5996 714
5453 5264 714
5453 5264 714
5453 5264 714
5453 5264 714
5453 5264 714
5453 5264 714
5453 5264 714
5453 5264 714
5453 5264 714
5453 5264 714
5453 5264 714
5453 5264 714
8434 5276 714
8434 5276 714
8434 5276 714
8434 5276 714
8434 5276 714
8434 5276 714
8434 5276 714
8434 5276 714
8434 5276 714
8434 5276 714
8434 5276 714
8434 5276 714
5304 9270 715
5304 9270 715
5304 9270 715
5304 9270 715
5304 9270 715
5304 9270 715
5304 9270 715
5304 9270 715
5304 9270 715
5304 9270 715
5304 9270 715
5304 9270 715
5304 9270 715
6019 5415 715
6019 5415 715
6019 5415 715
6019 5415 715
6019 5415 715
6019 5415 715
6019 5415 715
6019 5415 715
6019 5415 715
6019 5415 715
6019 5415 715
6019 5415 715
6019 5415 715
6419 5356 716
6419 5356 716
6419 5356 716
6419 5356 716
6419 5356 716
6419 5356 716
6419 5356 716
6419 5356 716
6419 5356 716
6419 5356 716
6419 5356 716
6419 5356 716
6419 5356 716
5533 6106 716
5533 6106 716
5533 6106 716
5533 6106 716
5533 6106 716
5533 6106 716
5533 6106 716
5533 6106 716
5533 6106 716
5533 6106 716
5533 6106 716
5533 6106 716
5533 6106 716
7491 6449 716
7491 6449 716
7491 6449 716
7491 6449 716
7491 6449 716
7491 6449 716
7491 6449 716
7491 6449 716
7491 6449 716
7491 6449 716
7491 6449 716
7491 6449 716
7491 6449 716
5434 9278 717
5434 9278 717
5434 9278 717
5434 9278 717
5434 9278 717
5434 9278 717
5434 9278 717
5434 9278 717
5434 9278 717
5434 9278 717
5434 9278 717
5434 9278 717
5434 9278 717
9214 5443 717
9214 5443 717
9214 5443 717
9214 5443 717
9214 5443 717
9214 5443 717
9214 5443 717
9214 5443 717
9214 5443 717
9214 5443 717
9214 5443 717
9214 5443 717
9214 5443 717
8750 5444 717
8750 5444 717
8750 5444 717
8750 5444 717
8750 5444 717
8750 5444 717
8750 5444 717
8750 5444 717
8750 5444 717
8750 5444 717
8750 5444 717
8750 5444 717
8750 5444 717
5503 5331 718
5503 5331 718
5503 5331 718
5503 5331 718
5503 5331 718
5503 5331 718
5503 5331 718
5503 5331 718
5503 5331 718
5503 5331 718
5503 5331 718
5503 5331 718
5503 5331 718
7782 8476 718
7782 8476 718
7782 8476 718
7782 8476 718
7782 8476 718
7782 8476 718
7782 8476 718
7782 8476 718
7782 8476 718
7782 8476 718
7782 8476 718
7782 8476 718
9199 5302 719
9199 5302 719
9199 5302 719
9199 5302 719
9199 5302 719
9199 5302 719
9199 5302 719
9199 5302 719
9199 5302 719
9199 5302 719
9199 5302 719
9199 5302 719
6527 8436 719
6527 8436 719
6527 8436 719
6527 8436 719
6527 8436 719
6527 8436 719
6527 8436 719
6527 8436 719
6527 8436 719
6527 8436 719
6527 8436 719
6527 8436 719
6527 8436 719
6589 7729 719
6589 7729 719
6589 7729 719
6589 7729 719
6589 7729 719
6589 7729 719
6589 7729 719
6589 7729 719
6589 7729 719
6589 7729 719
6589 7729 719
6589 7729 719
6589 7729 719
5271 8745 719
5271 8745 719
5271 8745 719
5271 8745 719
5271 8745 719
5271 8745 719
5271 8745 719
5271 8745 719
5271 8745 719
5271 8745 719
5271 8745 719
5271 8745 719
7785 7717 719
7785 7717 719
7785 7717 719
7785 7717 719
7785 7717 719
7785 7717 719
7785 7717 719
7785 7717 719
7785 7717 719
7785 7717 719
7785 7717 719
7785 7717 719
5924 7761 719
5924 7761 719
5924 7761 719
5924 7761 719
5924 7761 719
5924 7761 719
5924 7761 719
5924 7761 719
5924 7761 719
5924 7761 719
5924 7761 719
5924 7761 719
9263 8761 719
9263 8761 719
9263 8761 719
9263 8761 719
9263 8761 719
9263 8761 719
9263 8761 719
9263 8761 719
9263 8761 719
9263 8761 719
9263 8761 719
9263 8761 719
9263 8761 719
6606 8467 720
6606 8467 720
6606 8467 720
6606 8467 720
6606 8467 720
6606 8467 720
6606 8467 720
6606 8467 720
6606 8467 720
6606 8467 720
6606 8467 720
6606 8467 720
6606 8467 720
5448 5341 720
5448 5341 720
5448 5341 720
5448 5341 720
5448 5341 720
5448 5341 720
5448 5341 720
5448 5341 720
5448 5341 720
5448 5341 720
5448 5341 720
5448 5341 720
5448 5341 720
8769 6548 720
8769 6548 720
8769 6548 720
8769 6548 720
8769 6548 720
8769 6548 720
8769 6548 720
8769 6548 720
8769 6548 720
8769 6548 720
8769 6548 720
8769 6548 720
9265 9182 720
9265 9182 720
9265 9182 720
9265 9182 720
9265 9182 720
9265 9182 720
9265 9182 720
9265 9182 720
9265 9182 720
9265 9182 720
9265 9182 720
9265 9182 720
9265 9182 720
7633 7726 720
7633 7726 720
7633 7726 720
7633 7726 720
7633 7726 720
7633 7726 720
7633 7726 720
7633 7726 720
7633 7726 720
7633 7726 720
7633 7726 720
7633 7726 720
6558 5259 721
6558 5259 721
6558 5259 721
6558 5259 721
6558 5259 721
6558 5259 721
6558 5259 721
6558 5259 721
6558 5259 721
6558 5259 721
6558 5259 721
6558 5259 721
6558 5259 721
6002 5444 721
6002 5444 721
6002 5444 721
6002 5444 721
6002 5444 721
6002 5444 721
6002 5444 721
6002 5444 721
6002 5444 721
6002 5444 721
6002 5444 721
6002 5444 721
5466 6081 722
5466 6081 722
5466 6081 722
5466 6081 722
5466 6081 722
5466 6081 722
5466 6081 722
5466 6081 722
5466 6081 722
5466 6081 722
5466 6081 722
5466 6081 722
8762 8825 722
8762 8825 722
8762 8825 722
8762 8825 722
8762 8825 722
8762 8825 722
8762 8825 722
8762 8825 722
8762 8825 722
8762 8825 722
8762 8825 722
8762 8825 722
8762 8825 722
7659 7840 722
7659 7840 722
7659 7840 722
7659 7840 722
7659 7840 722
7659 7840 722
7659 7840 722
7659 7840 722
7659 7840 722
7659 7840 722
7659 7840 722
7659 7840 722
7659 7840 722
5270 9262 722
5270 9262 722
5270 9262 722
5270 9262 722
5270 9262 722
5270 9262 722
5270 9262 722
5270 9262 722
5270 9262 722
5270 9262 722
5270 9262 722
5270 9262 722
6605 8436 723
6605 8436 723
6605 8436 723
6605 8436 723
6605 8436 723
6605 8436 723
6605 8436 723
6605 8436 723
6605 8436 723
6605 8436 723
6605 8436 723
6605 8436 723
6560 5359 724
6560 5359 724
6560 5359 724
6560 5359 724
6560 5359 724
6560 5359 724
6560 5359 724
6560 5359 724
6560 5359 724
6560 5359 724
6560 5359 724
6560 5359 724
6044 5427 724
6044 5427 724
6044 5427 724
6044 5427 724
6044 5427 724
6044 5427 724
6044 5427 724
6044 5427 724
6044 5427 724
6044 5427 724
6044 5427 724
6044 5427 724
8443 7723 725
8443 7723 725
8443 7723 725
8443 7723 725
8443 7723 725
8443 7723 725
8443 7723 725
8443 7723 725
8443 7723 725
8443 7723 725
8443 7723 725
8443 7723 725
7474 6324 726
7474 6324 726
7474 6324 726
7474 6324 726
7474 6324 726
7474 6324 726
7474 6324 726
7474 6324 726
7474 6324 726
7474 6324 726
7474 6324 726
7474 6324 726
7474 6324 726
5398 5381 726
5398 5381 726
5398 5381 726
5398 5381 726
5398 5381 726
5398 5381 726
5398 5381 726
5398 5381 726
5398 5381 726
5398 5381 726
5398 5381 726
5398 5381 726
9154 8756 727
9154 8756 727
9154 8756 727
9154 8756 727
9154 8756 727
9154 8756 727
9154 8756 727
9154 8756 727
9154 8756 727
9154 8756 727
9154 8756 727
9154 8756 727
9154 8756 727
7758 6038 727
7758 6038 727
7758 6038 727
7758 6038 727
7758 6038 727
7758 6038 727
7758 6038 727
7758 6038 727
7758 6038 727
7758 6038 727
7758 6038 727
7758 6038 727
7758 6038 727
5283 9178 727
5283 9178 727
5283 9178 727
5283 9178 727
5283 9178 727
5283 9178 727
5283 9178 727
5283 9178 727
5283 9178 727
5283 9178 727
5283 9178 727
5283 9178 727
5424 5395 729
5424 5395 729
5424 5395 729
5424 5395 729
5424 5395 729
5424 5395 729
5424 5395 729
5424 5395 729
5424 5395 729
5424 5395 729
5424 5395 729
5424 5395 729
6543 8437 729
6543 8437 729
6543 8437 729
6543 8437 729
6543 8437 729
6543 8437 729
6543 8437 729
6543 8437 729
6543 8437 729
6543 8437 729
6543 8437 729
6543 8437 729
6543 8437 729
5575 6032 730
5575 6032 730
5575 6032 730
5575 6032 730
5575 6032 730
5575 6032 730
5575 6032 730
5575 6032 730
5575 6032 730
5575 6032 730
5575 6032 730
5575 6032 730
6583 8436 732
6583 8436 732
6583 8436 732
6583 8436 732
6583 8436 732
6583 8436 732
6583 8436 732
6583 8436 732
6583 8436 732
6583 8436 732
6583 8436 732
6583 8436 732
7956 7934 732
7956 7934 732
7956 7934 732
7956 7934 732
7956 7934 732
7956 7934 732
7956 7934 732
7956 7934 732
7956 7934 732
7956 7934 732
7956 7934 732
7956 7934 732
8436 6002 732
8436 6002 732
8436 6002 732
8436 6002 732
8436 6002 732
8436 6002 732
8436 6002 732
8436 6002 732
8436 6002 732
8436 6002 732
8436 6002 732
8436 6002 732
5397 6610 732
5397 6610 732
5397 6610 732
5397 6610 732
5397 6610 732
5397 6610 732
5397 6610 732
5397 6610 732
5397 6610 732
5397 6610 732
5397 6610 732
5397 6610 732
5397 6610 732
8446 6418 733
8446 6418 733
8446 6418 733
8446 6418 733
8446 6418 733
8446 6418 733
8446 6418 733
8446 6418 733
8446 6418 733
8446 6418 733
8446 6418 733
8446 6418 733
7458 6309 733
7458 6309 733
7458 6309 733
7458 6309 733
7458 6309 733
7458 6309 733
7458 6309 733
7458 6309 733
7458 6309 733
7458 6309 733
7458 6309 733
7458 6309 733
5533 6012 734
5533 6012 734
5533 6012 734
5533 6012 734
5533 6012 734
5533 6012 734
5533 6012 734
5533 6012 734
5533 6012 734
5533 6012 734
5533 6012 734
5533 6012 734
5533 6012 734
6460 6407 735
6460 6407 735
6460 6407 735
6460 6407 735
6460 6407 735
6460 6407 735
6460 6407 735
6460 6407 735
6460 6407 735
6460 6407 735
6460 6407 735
6460 6407 735
5259 5533 736
5259 5533 736
5259 5533 736
5259 5533 736
5259 5533 736
5259 5533 736
5259 5533 736
5259 5533 736
5259 5533 736
5259 5533 736
5259 5533 736
5259 5533 736
5259 5533 736
9157 5287 736
9157 5287 736
9157 5287 736
9157 5287 736
9157 5287 736
9157 5287 736
9157 5287 736
9157 5287 736
9157 5287 736
9157 5287 736
9157 5287 736
9157 5287 736
5409 5296 736
5409 5296 736
5409 5296 736
5409 5296 736
5409 5296 736
5409 5296 736
5409 5296 736
5409 5296 736
5409 5296 736
5409 5296 736
5409 5296 736
5409 5296 736
5409 5296 736
5546 5280 737
5546 5280 737
5546 5280 737
5546 5280 737
5546 5280 737
5546 5280 737
5546 5280 737
5546 5280 737
5546 5280 737
5546 5280 737
5546 5280 737
5546 5280 737
5466 5270 738
5466 5270 738
5466 5270 738
5466 5270 738
5466 5270 738
5466 5270 738
5466 5270 738
5466 5270 738
5466 5270 738
5466 5270 738
5466 5270 738
5466 5270 738
5466 5270 738
6381 8432 738
6381 8432 738
6381 8432 738
6381 8432 738
6381 8432 738
6381 8432 738
6381 8432 738
6381 8432 738
6381 8432 738
6381 8432 738
6381 8432 738
6381 8432 738
6381 8432 738
8463 6602 739
8463 6602 739
8463 6602 739
8463 6602 739
8463 6602 739
8463 6602 739
8463 6602 739
8463 6602 739
8463 6602 739
8463 6602 739
8463 6602 739
8463 6602 739
8463 6602 739
5504 5555 739
5504 5555 739
5504 5555 739
5504 5555 739
5504 5555 739
5504 5555 739
5504 5555 739
5504 5555 739
5504 5555 739
5504 5555 739
5504 5555 739
5504 5555 739
5504 5555 739
6449 6525 742
6449 6525 742
6449 6525 742
6449 6525 742
6449 6525 742
6449 6525 742
6449 6525 742
6449 6525 742
6449 6525 742
6449 6525 742
6449 6525 742
6449 6525 742
6449 6525 742
9203 5466 742
9203 5466 742
9203 5466 742
9203 5466 742
9203 5466 742
9203 5466 742
9203 5466 742
9203 5466 742
9203 5466 742
9203 5466 742
9203 5466 742
9203 5466 742
9203 5466 742
7828 7899 746
7828 7899 746
7828 7899 746
7828 7899 746
7828 7899 746
7828 7899 746
7828 7899 746
7828 7899 746
7828 7899 746
7828 7899 746
7828 7899 746
7828 7899 746
5535 6018 747
5535 6018 747
5535 6018 747
5535 6018 747
5535 6018 747
5535 6018 747
5535 6018 747
5535 6018 747
5535 6018 747
5535 6018 747
5535 6018 747
5535 6018 747
5535 6018 747
9160 5315 748
9160 5315 748
9160 5315 748
9160 5315 748
9160 5315 748
9160 5315 748
9160 5315 748
9160 5315 748
9160 5315 748
9160 5315 748
9160 5315 748
9160 5315 748
9160 5315 748
5433 7769 749
5433 7769 749
5433 7769 749
5433 7769 749
5433 7769 749
5433 7769 749
5433 7769 749
5433 7769 749
5433 7769 749
5433 7769 749
5433 7769 749
5433 7769 749
5433 7769 749
6530 6348 750
6530 6348 750
6530 6348 750
6530 6348 750
6530 6348 750
6530 6348 750
6530 6348 750
6530 6348 750
6530 6348 750
6530 6348 750
6530 6348 750
6530 6348 750
9158 5304 750
9158 5304 750
9158 5304 750
9158 5304 750
9158 5304 750
9158 5304 750
9158 5304 750
9158 5304 750
9158 5304 750
9158 5304 750
9158 5304 750
9158 5304 750
7689 8462 751
7689 8462 751
7689 8462 751
7689 8462 751
7689 8462 751
7689 8462 751
7689 8462 751
7689 8462 751
7689 8462 751
7689 8462 751
7689 8462 751
7689 8462 751
7686 7740 759
7686 7740 759
7686 7740 759
7686 7740 759
7686 7740 759
7686 7740 759
7686 7740 759
7686 7740 759
7686 7740 759
7686 7740 759
7686 7740 759
7686 7740 759
5261 9260 759
5261 9260 759
5261 9260 759
5261 9260 759
5261 9260 759
5261 9260 759
5261 9260 759
5261 9260 759
5261 9260 759
5261 9260 759
5261 9260 759
5261 9260 759
8749 5298 760
8749 5298 760
8749 5298 760
8749 5298 760
8749 5298 760
8749 5298 760
8749 5298 760
8749 5298 760
8749 5298 760
8749 5298 760
8749 5298 760
8749 5298 760
8749 5298 760
7676 6460 765
7676 6460 765
7676 6460 765
7676 6460 765
7676 6460 765
7676 6460 765
7676 6460 765
7676 6460 765
7676 6460 765
7676 6460 765
7676 6460 765
7676 6460 765
7757 7967 771
7757 7967 771
7757 7967 771
7757 7967 771
7757 7967 771
7757 7967 771
7757 7967 771
7757 7967 771
7757 7967 771
7757 7967 771
7757 7967 771
7757 7967 771
7757 7967 771
6369 8445 771
6369 8445 771
6369 8445 771
6369 8445 771
6369 8445 771
6369 8445 771
6369 8445 771
6369 8445 771
6369 8445 771
6369 8445 771
6369 8445 771
6369 8445 771
5388 8436 772
5388 8436 772
5388 8436 772
5388 8436 772
5388 8436 772
5388 8436 772
5388 8436 772
5388 8436 772
5388 8436 772
5388 8436 772
5388 8436 772
5388 8436 772
6544 6460 774
6544 6460 774
6544 6460 774
6544 6460 774
6544 6460 774
6544 6460 774
6544 6460 774
6544 6460 774
6544 6460 774
6544 6460 774
6544 6460 774
6544 6460 774
7701 9606 778
7701 9606 778
7701 9606 778
7701 9606 778
7701 9606 778
7701 9606 778
7701 9606 778
7701 9606 778
7701 9606 778
7701 9606 778
7701 9606 778
7701 9606 778
7502 7851 780
7502 7851 780
7502 7851 780
7502 7851 780
7502 7851 780
7502 7851 780
7502 7851 780
7502 7851 780
7502 7851 780
7502 7851 780
7502 7851 780
7502 7851 780
6490 6455 780
6490 6455 780
6490 6455 780
6490 6455 780
6490 6455 780
6490 6455 780
6490 6455 780
6490 6455 780
6490 6455 780
6490 6455 780
6490 6455 780
6490 6455 780
6490 6455 780
6446 9520 783
6446 9520 783
6446 9520 783
6446 9520 783
6446 9520 783
6446 9520 783
6446 9520 783
6446 9520 783
6446 9520 783
6446 9520 783
6446 9520 783
6446 9520 783
6446 9520 783
7815 7970 784
7815 7970 784
7815 7970 784
7815 7970 784
7815 7970 784
7815 7970 784
7815 7970 784
7815 7970 784
7815 7970 784
7815 7970 784
7815 7970 784
7815 7970 784
7940 7676 785
7940 7676 785
7940 7676 785
7940 7676 785
7940 7676 785
7940 7676 785
7940 7676 785
7940 7676 785
7940 7676 785
7940 7676 785
7940 7676 785
7940 7676 785
7940 7676 785
6040 7778 786
6040 7778 786
6040 7778 786
6040 7778 786
6040 7778 786
6040 7778 786
6040 7778 786
6040 7778 786
6040 7778 786
6040 7778 786
6040 7778 786
6040 7778 786
7879 7740 786
7879 7740 786
7879 7740 786
7879 7740 786
7879 7740 786
7879 7740 786
7879 7740 786
7879 7740 786
7879 7740 786
7879 7740 786
7879 7740 786
7879 7740 786
8467 7787 786
8467 7787 786
8467 7787 786
8467 7787 786
8467 7787 786
8467 7787 786
8467 7787 786
8467 7787 786
8467 7787 786
8467 7787 786
8467 7787 786
8467 7787 786
7688 6378 786
7688 6378 786
7688 6378 786
7688 6378 786
7688 6378 786
7688 6378 786
7688 6378 786
7688 6378 786
7688 6378 786
7688 6378 786
7688 6378 786
7688 6378 786
7688 6378 786
7460 7487 787
7460 7487 787
7460 7487 787
7460 7487 787
7460 7487 787
7460 7487 787
7460 7487 787
7460 7487 787
7460 7487 787
7460 7487 787
7460 7487 787
7460 7487 787
7460 7487 787
6006 7776 787
6006 7776 787
6006 7776 787
6006 7776 787
6006 7776 787
6006 7776 787
6006 7776 787
6006 7776 787
6006 7776 787
6006 7776 787
6006 7776 787
6006 7776 787
5991 5447 788
5991 5447 788
5991 5447 788
5991 5447 788
5991 5447 788
5991 5447 788
5991 5447 788
5991 5447 788
5991 5447 788
5991 5447 788
5991 5447 788
5991 5447 788
5991 5447 788
5990 7765 788
5990 7765 788
5990 7765 788
5990 7765 788
5990 7765 788
5990 7765 788
5990 7765 788
5990 7765 788
5990 7765 788
5990 7765 788
5990 7765 788
5990 7765 788
5347 5454 790
5347 5454 790
5347 5454 790
5347 5454 790
5347 5454 790
5347 5454 790
5347 5454 790
5347 5454 790
5347 5454 790
5347 5454 790
5347 5454 790
5347 5454 790
5347 5454 790
6374 8699 790
6374 8699 790
6374 8699 790
6374 8699 790
6374 8699 790
6374 8699 790
6374 8699 790
6374 8699 790
6374 8699 790
6374 8699 790
6374 8699 790
6374 8699 790
6535 7744 790
6535 7744 790
6535 7744 790
6535 7744 790
6535 7744 790
6535 7744 790
6535 7744 790
6535 7744 790
6535 7744 790
6535 7744 790
6535 7744 790
6535 7744 790
6535 7744 790
6347 6454 791
6347 6454 791
6347 6454 791
6347 6454 791
6347 6454 791
6347 6454 791
6347 6454 791
6347 6454 791
6347 6454 791
6347 6454 791
6347 6454 791
6347 6454 791
6347 6454 791
7686 6449 791
7686 6449 791
7686 6449 791
7686 6449 791
7686 6449 791
7686 6449 791
7686 6449 791
7686 6449 791
7686 6449 791
7686 6449 791
7686 6449 791
7686 6449 791
7686 6449 791
7860 6440 791
7860 6440 791
7860 6440 791
7860 6440 791
7860 6440 791
7860 6440 791
7860 6440 791
7860 6440 791
7860 6440 791
7860 6440 791
7860 6440 791
7860 6440 791
6561 8705 792
6561 8705 792
6561 8705 792
6561 8705 792
6561 8705 792
6561 8705 792
6561 8705 792
6561 8705 792
6561 8705 792
6561 8705 792
6561 8705 792
6561 8705 792
5298 9148 793
5298 9148 793
5298 9148 793
5298 9148 793
5298 9148 793
5298 9148 793
5298 9148 793
5298 9148 793
5298 9148 793
5298 9148 793
5298 9148 793
5298 9148 793
5298 9148 793
7898 7736 794
7898 7736 794
7898 7736 794
7898 7736 794
7898 7736 794
7898 7736 794
7898 7736 794
7898 7736 794
7898 7736 794
7898 7736 794
7898 7736 794
7898 7736 794
6365 6460 795
6365 6460 795
6365 6460 795
6365 6460 795
6365 6460 795
6365 6460 795
6365 6460 795
6365 6460 795
6365 6460 795
6365 6460 795
6365 6460 795
6365 6460 795
7870 7634 795
7870 7634 795
7870 7634 795
7870 7634 795
7870 7634 795
7870 7634 795
7870 7634 795
7870 7634 795
7870 7634 795
7870 7634 795
7870 7634 795
7870 7634 795
8768 9260 795
8768 9260 795
8768 9260 795
8768 9260 795
8768 9260 795
8768 9260 795
8768 9260 795
8768 9260 795
8768 9260 795
8768 9260 795
8768 9260 795
8768 9260 795
7780 6588 795
7780 6588 795
7780 6588 795
7780 6588 795
7780 6588 795
7780 6588 795
7780 6588 795
7780 6588 795
7780 6588 795
7780 6588 795
7780 6588 795
7780 6588 795
7951 7942 796
7951 7942 796
7951 7942 796
7951 7942 796
7951 7942 796
7951 7942 796
7951 7942 796
7951 7942 796
7951 7942 796
7951 7942 796
7951 7942 796
7951 7942 796
5555 6067 797
5555 6067 797
5555 6067 797
5555 6067 797
5555 6067 797
5555 6067 797
5555 6067 797
5555 6067 797
5555 6067 797
5555 6067 797
5555 6067 797
5555 6067 797
7780 5999 797
7780 5999 797
7780 5999 797
7780 5999 797
7780 5999 797
7780 5999 797
7780 5999 797
7780 5999 797
7780 5999 797
7780 5999 797
7780 5999 797
7780 5999 797
6585 8680 797
6585 8680 797
6585 8680 797
6585 8680 797
6585 8680 797
6585 8680 797
6585 8680 797
6585 8680 797
6585 8680 797
6585 8680 797
6585 8680 797
6585 8680 797
6585 8680 797
7500 7860 798
7500 7860 798
7500 7860 798
7500 7860 798
7500 7860 798
7500 7860 798
7500 7860 798
7500 7860 798
7500 7860 798
7500 7860 798
7500 7860 798
7500 7860 798
7500 7860 798
6463 6318 798
6463 6318 798
6463 6318 798
6463 6318 798
6463 6318 798
6463 6318 798
6463 6318 798
6463 6318 798
6463 6318 798
6463 6318 798
6463 6318 798
6463 6318 798
6369 6450 799
6369 6450 799
6369 6450 799
6369 6450 799
6369 6450 799
6369 6450 799
6369 6450 799
6369 6450 799
6369 6450 799
6369 6450 799
6369 6450 799
6369 6450 799
6369 6450 799
7690 6606 800
7690 6606 800
7690 6606 800
7690 6606 800
7690 6606 800
7690 6606 800
7690 6606 800
7690 6606 800
7690 6606 800
7690 6606 800
7690 6606 800
7690 6606 800
6058 7947 800
6058 7947 800
6058 7947 800
6058 7947 800
6058 7947 800
6058 7947 800
6058 7947 800
6058 7947 800
6058 7947 800
6058 7947 800
6058 7947 800
6058 7947 800
6058 7947 800
7823 5924 801
7823 5924 801
7823 5924 801
7823 5924 801
7823 5924 801
7823 5924 801
7823 5924 801
7823 5924 801
7823 5924 801
7823 5924 801
7823 5924 801
7823 5924 801
6013 5558 801
6013 5558 801
6013 5558 801
6013 5558 801
6013 5558 801
6013 5558 801
6013 5558 801
6013 5558 801
6013 5558 801
6013 5558 801
6013 5558 801
6013 5558 801
5446 5357 802
5446 5357 802
5446 5357 802
5446 5357 802
5446 5357 802
5446 5357 802
5446 5357 802
5446 5357 802
5446 5357 802
5446 5357 802
5446 5357 802
5446 5357 802
5446 5357 802
6519 6464 802
6519 6464 802
6519 6464 802
6519 6464 802
6519 6464 802
6519 6464 802
6519 6464 802
6519 6464 802
6519 6464 802
6519 6464 802
6519 6464 802
6519 6464 802
6519 6464 802
8436 6564 803
8436 6564 803
8436 6564 803
8436 6564 803
8436 6564 803
8436 6564 803
8436 6564 803
8436 6564 803
8436 6564 803
8436 6564 803
8436 6564 803
8436 6564 803
8436 6564 803
7651 7821 803
7651 7821 803
7651 7821 803
7651 7821 803
7651 7821 803
7651 7821 803
7651 7821 803
7651 7821 803
7651 7821 803
7651 7821 803
7651 7821 803
7651 7821 803
7651 7821 803
5502 5532 803
5502 5532 803
5502 5532 803
5502 5532 803
5502 5532 803
5502 5532 803
5502 5532 803
5502 5532 803
5502 5532 803
5502 5532 803
5502 5532 803
5502 5532 803
6515 6605 803
6515 6605 803
6515 6605 803
6515 6605 803
6515 6605 803
6515 6605 803
6515 6605 803
6515 6605 803
6515 6605 803
6515 6605 803
6515 6605 803
6515 6605 803
7737 7668 805
7737 7668 805
7737 7668 805
7737 7668 805
7737 7668 805
7737 7668 805
7737 7668 805
7737 7668 805
7737 7668 805
7737 7668 805
7737 7668 805
7737 7668 805
7737 7668 805
5412 8437 805
5412 8437 805
5412 8437 805
5412 8437 805
5412 8437 805
5412 8437 805
5412 8437 805
5412 8437 805
5412 8437 805
5412 8437 805
5412 8437 805
5412 8437 805
5412 8437 805
8766 5274 805
8766 5274 805
8766 5274 805
8766 5274 805
8766 5274 805
8766 5274 805
8766 5274 805
8766 5274 805
8766 5274 805
8766 5274 805
8766 5274 805
8766 5274 805
7668 9672 806
7668 9672 806
7668 9672 806
7668 9672 806
7668 9672 806
7668 9672 806
7668 9672 806
7668 9672 806
7668 9672 806
7668 9672 806
7668 9672 806
7668 9672 806
8749 5312 806
8749 5312 806
8749 5312 806
8749 5312 806
8749 5312 806
8749 5312 806
8749 5312 806
8749 5312 806
8749 5312 806
8749 5312 806
8749 5312 806
8749 5312 806
6518 7713 807
6518 7713 807
6518 7713 807
6518 7713 807
6518 7713 807
6518 7713 807
6518 7713 807
6518 7713 807
6518 7713 807
6518 7713 807
6518 7713 807
6518 7713 807
6518 7713 807
7687 6562 807
7687 6562 807
7687 6562 807
7687 6562 807
7687 6562 807
7687 6562 807
7687 6562 807
7687 6562 807
7687 6562 807
7687 6562 807
7687 6562 807
7687 6562 807
7687 6562 807
6523 6557 807
6523 6557 807
6523 6557 807
6523 6557 807
6523 6557 807
6523 6557 807
6523 6557 807
6523 6557 807
6523 6557 807
6523 6557 807
6523 6557 807
6523 6557 807
7903 7871 807
7903 7871 807
7903 7871 807
7903 7871 807
7903 7871 807
7903 7871 807
7903 7871 807
7903 7871 807
7903 7871 807
7903 7871 807
7903 7871 807
7903 7871 807
7903 7871 807
7687 7803 807
7687 7803 807
7687 7803 807
7687 7803 807
7687 7803 807
7687 7803 807
7687 7803 807
7687 7803 807
7687 7803 807
7687 7803 807
7687 7803 807
7687 7803 807
5545 5400 807
5545 5400 807
5545 5400 807
5545 5400 807
5545 5400 807
5545 5400 807
5545 5400 807
5545 5400 807
5545 5400 807
5545 5400 807
5545 5400 807
5545 5400 807
5993 6591 807
5993 6591 807
5993 6591 807
5993 6591 807
5993 6591 807
5993 6591 807
5993 6591 807
5993 6591 807
5993 6591 807
5993 6591 807
5993 6591 807
5993 6591 807
7773 7691 808
7773 7691 808
7773 7691 808
7773 7691 808
7773 7691 808
7773 7691 808
7773 7691 808
7773 7691 808
7773 7691 808
7773 7691 808
7773 7691 808
7773 7691 808
7646 7881 809
7646 7881 809
7646 7881 809
7646 7881 809
7646 7881 809
7646 7881 809
7646 7881 809
7646 7881 809
7646 7881 809
7646 7881 809
7646 7881 809
7646 7881 809
7646 7881 809
8434 8673 809
8434 8673 809
8434 8673 809
8434 8673 809
8434 8673 809
8434 8673 809
8434 8673 809
8434 8673 809
8434 8673 809
8434 8673 809
8434 8673 809
8434 8673 809
8434 8673 809
8468 6017 809
8468 6017 809
8468 6017 809
8468 6017 809
8468 6017 809
8468 6017 809
8468 6017 809
8468 6017 809
8468 6017 809
8468 6017 809
8468 6017 809
8468 6017 809
7518 7652 810
7518 7652 810
7518 7652 810
7518 7652 810
7518 7652 810
7518 7652 810
7518 7652 810
7518 7652 810
7518 7652 810
7518 7652 810
7518 7652 810
7518 7652 810
7518 7652 810
5389 9635 810
5389 9635 810
5389 9635 810
5389 9635 810
5389 9635 810
5389 9635 810
5389 9635 810
5389 9635 810
5389 9635 810
5389 9635 810
5389 9635 810
5389 9635 810
5272 9257 810
5272 9257 810
5272 9257 810
5272 9257 810
5272 9257 810
5272 9257 810
5272 9257 810
5272 9257 810
5272 9257 810
5272 9257 810
5272 9257 810
5272 9257 810
5272 9257 810
8432 6565 810
8432 6565 810
8432 6565 810
8432 6565 810
8432 6565 810
8432 6565 810
8432 6565 810
8432 6565 810
8432 6565 810
8432 6565 810
8432 6565 810
8432 6565 810
8432 6565 810
5552 5279 810
5552 5279 810
5552 5279 810
5552 5279 810
5552 5279 810
5552 5279 810
5552 5279 810
5552 5279 810
5552 5279 810
5552 5279 810
5552 5279 810
5552 5279 810
7481 7449 810
7481 7449 810
7481 7449 810
7481 7449 810
7481 7449 810
7481 7449 810
7481 7449 810
7481 7449 810
7481 7449 810
7481 7449 810
7481 7449 810
7481 7449 810
6514 7820 810
6514 7820 810
6514 7820 810
6514 7820 810
6514 7820 810
6514 7820 810
6514 7820 810
6514 7820 810
6514 7820 810
6514 7820 810
6514 7820 810
6514 7820 810
6514 7820 810
8476 5426 811
8476 5426 811
8476 5426 811
8476 5426 811
8476 5426 811
8476 5426 811
8476 5426 811
8476 5426 811
8476 5426 811
8476 5426 811
8476 5426 811
8476 5426 811
8476 5426 811
6612 5283 811
6612 5283 811
6612 5283 811
6612 5283 811
6612 5283 811
6612 5283 811
6612 5283 811
6612 5283 811
6612 5283 811
6612 5283 811
6612 5283 811
6612 5283 811
6544 8434 811
6544 8434 811
6544 8434 811
6544 8434 811
6544 8434 811
6544 8434 811
6544 8434 811
6544 8434 811
6544 8434 811
6544 8434 811
6544 8434 811
6544 8434 811
6544 8434 811
6543 6579 812
6543 6579 812
6543 6579 812
6543 6579 812
6543 6579 812
6543 6579 812
6543 6579 812
6543 6579 812
6543 6579 812
6543 6579 812
6543 6579 812
6543 6579 812
6543 6579 812
6019 5537 812
6019 5537 812
6019 5537 812
6019 5537 812
6019 5537 812
6019 5537 812
6019 5537 812
6019 5537 812
6019 5537 812
6019 5537 812
6019 5537 812
6019 5537 812
6365 6562 813
6365 6562 813
6365 6562 813
6365 6562 813
6365 6562 813
6365 6562 813
6365 6562 813
6365 6562 813
6365 6562 813
6365 6562 813
6365 6562 813
6365 6562 813
8431 5366 814
8431 5366 814
8431 5366 814
8431 5366 814
8431 5366 814
8431 5366 814
8431 5366 814
8431 5366 814
8431 5366 814
8431 5366 814
8431 5366 814
8431 5366 814
8431 5366 814
8432 6543 814
8432 6543 814
8432 6543 814
8432 6543 814
8432 6543 814
8432 6543 814
8432 6543 814
8432 6543 814
8432 6543 814
8432 6543 814
8432 6543 814
8432 6543 814
8432 6543 814
8432 8675 814
8432 8675 814
8432 8675 814
8432 8675 814
8432 8675 814
8432 8675 814
8432 8675 814
8432 8675 814
8432 8675 814
8432 8675 814
8432 8675 814
8432 8675 814
8432 8675 814
7911 7846 814
7911 7846 814
7911 7846 814
7911 7846 814
7911 7846 814
7911 7846 814
7911 7846 814
7911 7846 814
7911 7846 814
7911 7846 814
7911 7846 814
7911 7846 814
7911 7846 814
8471 5419 815
8471 5419 815
8471 5419 815
8471 5419 815
8471 5419 815
8471 5419 815
8471 5419 815
8471 5419 815
8471 5419 815
8471 5419 815
8471 5419 815
8471 5419 815
8471 5419 815
7968 7730 815
7968 7730 815
7968 7730 815
7968 7730 815
7968 7730 815
7968 7730 815
7968 7730 815
7968 7730 815
7968 7730 815
7968 7730 815
7968 7730 815
7968 7730 815
7968 7730 815
6010 5259 815
6010 5259 815
6010 5259 815
6010 5259 815
6010 5259 815
6010 5259 815
6010 5259 815
6010 5259 815
6010 5259 815
6010 5259 815
6010 5259 815
6010 5259 815
7704 7634 815
7704 7634 815
7704 7634 815
7704 7634 815
7704 7634 815
7704 7634 815
7704 7634 815
7704 7634 815
7704 7634 815
7704 7634 815
7704 7634 815
7704 7634 815
7784 7705 816
7784 7705 816
7784 7705 816
7784 7705 816
7784 7705 816
7784 7705 816
7784 7705 816
7784 7705 816
7784 7705 816
7784 7705 816
7784 7705 816
7784 7705 816
7784 7705 816
8705 8436 816
8705 8436 816
8705 8436 816
8705 8436 816
8705 8436 816
8705 8436 816
8705 8436 816
8705 8436 816
8705 8436 816
8705 8436 816
8705 8436 816
8705 8436 816
8705 8436 816
6554 6580 817
6554 6580 817
6554 6580 817
6554 6580 817
6554 6580 817
6554 6580 817
6554 6580 817
6554 6580 817
6554 6580 817
6554 6580 817
6554 6580 817
6554 6580 817
6554 6580 817
6486 7690 817
6486 7690 817
6486 7690 817
6486 7690 817
6486 7690 817
6486 7690 817
6486 7690 817
6486 7690 817
6486 7690 817
6486 7690 817
6486 7690 817
6486 7690 817
5444 5280 818
5444 5280 818
5444 5280 818
5444 5280 818
5444 5280 818
5444 5280 818
5444 5280 818
5444 5280 818
5444 5280 818
5444 5280 818
5444 5280 818
5444 5280 818
5358 8445 819
5358 8445 819
5358 8445 819
5358 8445 819
5358 8445 819
5358 8445 819
5358 8445 819
5358 8445 819
5358 8445 819
5358 8445 819
5358 8445 819
5358 8445 819
5358 8445 819
8768 8757 819
8768 8757 819
8768 8757 819
8768 8757 819
8768 8757 819
8768 8757 819
8768 8757 819
8768 8757 819
8768 8757 819
8768 8757 819
8768 8757 819
8768 8757 819
8768 8757 819
7845 7850 819
7845 7850 819
7845 7850 819
7845 7850 819
7845 7850 819
7845 7850 819
7845 7850 819
7845 7850 819
7845 7850 819
7845 7850 819
7845 7850 819
7845 7850 819
6351 6583 819
6351 6583 819
6351 6583 819
6351 6583 819
6351 6583 819
6351 6583 819
6351 6583 819
6351 6583 819
6351 6583 819
6351 6583 819
6351 6583 819
6351 6583 819
6009 5364 819
6009 5364 819
6009 5364 819
6009 5364 819
6009 5364 819
6009 5364 819
6009 5364 819
6009 5364 819
6009 5364 819
6009 5364 819
6009 5364 819
6009 5364 819
6549 6519 820
6549 6519 820
6549 6519 820
6549 6519 820
6549 6519 820
6549 6519 820
6549 6519 820
6549 6519 820
6549 6519 820
6549 6519 820
6549 6519 820
6549 6519 820
6549 6519 820
8461 6050 820
8461 6050 820
8461 6050 820
8461 6050 820
8461 6050 820
8461 6050 820
8461 6050 820
8461 6050 820
8461 6050 820
8461 6050 820
8461 6050 820
8461 6050 820
5254 6545 821
5254 6545 821
5254 6545 821
5254 6545 821
5254 6545 821
5254 6545 821
5254 6545 821
5254 6545 821
5254 6545 821
5254 6545 821
5254 6545 821
5254 6545 821
5254 6545 821
5985 7730 821
5985 7730 821
5985 7730 821
5985 7730 821
5985 7730 821
5985 7730 821
5985 7730 821
5985 7730 821
5985 7730 821
5985 7730 821
5985 7730 821
5985 7730 821
6550 8768 823
6550 8768 823
6550 8768 823
6550 8768 823
6550 8768 823
6550 8768 823
6550 8768 823
6550 8768 823
6550 8768 823
6550 8768 823
6550 8768 823
6550 8768 823
6048 6590 823
6048 6590 823
6048 6590 823
6048 6590 823
6048 6590 823
6048 6590 823
6048 6590 823
6048 6590 823
6048 6590 823
6048 6590 823
6048 6590 823
6048 6590 823
5354 8668 823
5354 8668 823
5354 8668 823
5354 8668 823
5354 8668 823
5354 8668 823
5354 8668 823
5354 8668 823
5354 8668 823
5354 8668 823
5354 8668 823
5354 8668 823
7677 6544 823
7677 6544 823
7677 6544 823
7677 6544 823
7677 6544 823
7677 6544 823
7677 6544 823
7677 6544 823
7677 6544 823
7677 6544 823
7677 6544 823
7677 6544 823
7677 6544 823
6578 6534 824
6578 6534 824
6578 6534 824
6578 6534 824
6578 6534 824
6578 6534 824
6578 6534 824
6578 6534 824
6578 6534 824
6578 6534 824
6578 6534 824
6578 6534 824
6489 6524 824
6489 6524 824
6489 6524 824
6489 6524 824
6489 6524 824
6489 6524 824
6489 6524 824
6489 6524 824
6489 6524 824
6489 6524 824
6489 6524 824
6489 6524 824
6489 6524 824
9520 6533 824
9520 6533 824
9520 6533 824
9520 6533 824
9520 6533 824
9520 6533 824
9520 6533 824
9520 6533 824
9520 6533 824
9520 6533 824
9520 6533 824
9520 6533 824
5309 9213 825
5309 9213 825
5309 9213 825
5309 9213 825
5309 9213 825
5309 9213 825
5309 9213 825
5309 9213 825
5309 9213 825
5309 9213 825
5309 9213 825
5309 9213 825
5309 9213 825
7690 7724 825
7690 7724 825
7690 7724 825
7690 7724 825
7690 7724 825
7690 7724 825
7690 7724 825
7690 7724 825
7690 7724 825
7690 7724 825
7690 7724 825
7690 7724 825
7690 7724 825
6409 6460 825
6409 6460 825
6409 6460 825
6409 6460 825
6409 6460 825
6409 6460 825
6409 6460 825
6409 6460 825
6409 6460 825
6409 6460 825
6409 6460 825
6409 6460 825
6409 6460 825
6002 7948 826
6002 7948 826
6002 7948 826
6002 7948 826
6002 7948 826
6002 7948 826
6002 7948 826
6002 7948 826
6002 7948 826
6002 7948 826
6002 7948 826
6002 7948 826
9146 5275 828
9146 5275 828
9146 5275 828
9146 5275 828
9146 5275 828
9146 5275 828
9146 5275 828
9146 5275 828
9146 5275 828
9146 5275 828
9146 5275 828
9146 5275 828
7709 7686 828
7709 7686 828
7709 7686 828
7709 7686 828
7709 7686 828
7709 7686 828
7709 7686 828
7709 7686 828
7709 7686 828
7709 7686 828
7709 7686 828
7709 7686 828
7709 7686 828
6307 8680 828
6307 8680 828
6307 8680 828
6307 8680 828
6307 8680 828
6307 8680 828
6307 8680 828
6307 8680 828
6307 8680 828
6307 8680 828
6307 8680 828
6307 8680 828
6307 8680 828
5569 5319 828
5569 5319 828
5569 5319 828
5569 5319 828
5569 5319 828
5569 5319 828
5569 5319 828
5569 5319 828
5569 5319 828
5569 5319 828
5569 5319 828
5569 5319 828
8455 6542 828
8455 6542 828
8455 6542 828
8455 6542 828
8455 6542 828
8455 6542 828
8455 6542 828
8455 6542 828
8455 6542 828
8455 6542 828
8455 6542 828
8455 6542 828
8455 6542 828
6457 6539 829
6457 6539 829
6457 6539 829
6457 6539 829
6457 6539 829
6457 6539 829
6457 6539 829
6457 6539 829
6457 6539 829
6457 6539 829
6457 6539 829
6457 6539 829
6514 7686 829
6514 7686 829
6514 7686 829
6514 7686 829
6514 7686 829
6514 7686 829
6514 7686 829
6514 7686 829
6514 7686 829
6514 7686 829
6514 7686 829
6514 7686 829
6514 7686 829
5998 5364 829
5998 5364 829
5998 5364 829
5998 5364 829
5998 5364 829
5998 5364 829
5998 5364 829
5998 5364 829
5998 5364 829
5998 5364 829
5998 5364 829
5998 5364 829
9239 9161 830
9239 9161 830
9239 9161 830
9239 9161 830
9239 9161 830
9239 9161 830
9239 9161 830
9239 9161 830
9239 9161 830
9239 9161 830
9239 9161 830
9239 9161 830
5380 9146 830
5380 9146 830
5380 9146 830
5380 9146 830
5380 9146 830
5380 9146 830
5380 9146 830
5380 9146 830
5380 9146 830
5380 9146 830
5380 9146 830
5380 9146 830
5265 5410 831
5265 5410 831
5265 5410 831
5265 5410 831
5265 5410 831
5265 5410 831
5265 5410 831
5265 5410 831
5265 5410 831
5265 5410 831
5265 5410 831
5265 5410 831
6495 7498 831
6495 7498 831
6495 7498 831
6495 7498 831
6495 7498 831
6495 7498 831
6495 7498 831
6495 7498 831
6495 7498 831
6495 7498 831
6495 7498 831
6495 7498 831
8431 5280 831
8431 5280 831
8431 5280 831
8431 5280 831
8431 5280 831
8431 5280 831
8431 5280 831
8431 5280 831
8431 5280 831
8431 5280 831
8431 5280 831
8431 5280 831
8431 5280 831
9520 5258 832
9520 5258 832
9520 5258 832
9520 5258 832
9520 5258 832
9520 5258 832
9520 5258 832
9520 5258 832
9520 5258 832
9520 5258 832
9520 5258 832
9520 5258 832
9520 5258 832
7659 7519 832
7659 7519 832
7659 7519 832
7659 7519 832
7659 7519 832
7659 7519 832
7659 7519 832
7659 7519 832
7659 7519 832
7659 7519 832
7659 7519 832
7659 7519 832
7659 7519 832
5265 5258 832
5265 5258 832
5265 5258 832
5265 5258 832
5265 5258 832
5265 5258 832
5265 5258 832
5265 5258 832
5265 5258 832
5265 5258 832
5265 5258 832
5265 5258 832
6003 6545 833
6003 6545 833
6003 6545 833
6003 6545 833
6003 6545 833
6003 6545 833
6003 6545 833
6003 6545 833
6003 6545 833
6003 6545 833
6003 6545 833
6003 6545 833
7687 6459 833
7687 6459 833
7687 6459 833
7687 6459 833
7687 6459 833
7687 6459 833
7687 6459 833
7687 6459 833
7687 6459 833
7687 6459 833
7687 6459 833
7687 6459 833
7687 6459 833
8710 9182 834
8710 9182 834
8710 9182 834
8710 9182 834
8710 9182 834
8710 9182 834
8710 9182 834
8710 9182 834
8710 9182 834
8710 9182 834
8710 9182 834
8710 9182 834
8710 9182 834
7502 7838 834
7502 7838 834
7502 7838 834
7502 7838 834
7502 7838 834
7502 7838 834
7502 7838 834
7502 7838 834
7502 7838 834
7502 7838 834
7502 7838 834
7502 7838 834
6328 7675 834
6328 7675 834
6328 7675 834
6328 7675 834
6328 7675 834
6328 7675 834
6328 7675 834
6328 7675 834
6328 7675 834
6328 7675 834
6328 7675 834
6328 7675 834
6012 5994 834
6012 5994 834
6012 5994 834
6012 5994 834
6012 5994 834
6012 5994 834
6012 5994 834
6012 5994 834
6012 5994 834
6012 5994 834
6012 5994 834
6012 5994 834
9520 8789 834
9520 8789 834
9520 8789 834
9520 8789 834
9520 8789 834
9520 8789 834
9520 8789 834
9520 8789 834
9520 8789 834
9520 8789 834
9520 8789 834
9520 8789 834
7913 7798 834
7913 7798 834
7913 7798 834
7913 7798 834
7913 7798 834
7913 7798 834
7913 7798 834
7913 7798 834
7913 7798 834
7913 7798 834
7913 7798 834
7913 7798 834
7913 7798 834
5363 5990 834
5363 5990 834
5363 5990 834
5363 5990 834
5363 5990 834
5363 5990 834
5363 5990 834
5363 5990 834
5363 5990 834
5363 5990 834
5363 5990 834
5363 5990 834
7806 7834 835
7806 7834 835
7806 7834 835
7806 7834 835
7806 7834 835
7806 7834 835
7806 7834 835
7806 7834 835
7806 7834 835
7806 7834 835
7806 7834 835
7806 7834 835
7806 7834 835
7697 8449 835
7697 8449 835
7697 8449 835
7697 8449 835
7697 8449 835
7697 8449 835
7697 8449 835
7697 8449 835
7697 8449 835
7697 8449 835
7697 8449 835
7697 8449 835
7697 8449 835
5376 5552 835
5376 5552 835
5376 5552 835
5376 5552 835
5376 5552 835
5376 5552 835
5376 5552 835
5376 5552 835
5376 5552 835
5376 5552 835
5376 5552 835
5376 5552 835
6003 6038 835
6003 6038 835
6003 6038 835
6003 6038 835
6003 6038 835
6003 6038 835
6003 6038 835
6003 6038 835
6003 6038 835
6003 6038 835
6003 6038 835
6003 6038 835
7831 7675 835
7831 7675 835
7831 7675 835
7831 7675 835
7831 7675 835
7831 7675 835
7831 7675 835
7831 7675 835
7831 7675 835
7831 7675 835
7831 7675 835
7831 7675 835
7737 6577 835
7737 6577 835
7737 6577 835
7737 6577 835
7737 6577 835
7737 6577 835
7737 6577 835
7737 6577 835
7737 6577 835
7737 6577 835
7737 6577 835
7737 6577 835
7737 6577 835
7880 7748 835
7880 7748 835
7880 7748 835
7880 7748 835
7880 7748 835
7880 7748 835
7880 7748 835
7880 7748 835
7880 7748 835
7880 7748 835
7880 7748 835
7880 7748 835
8682 6455 835
8682 6455 835
8682 6455 835
8682 6455 835
8682 6455 835
8682 6455 835
8682 6455 835
8682 6455 835
8682 6455 835
8682 6455 835
8682 6455 835
8682 6455 835
9255 5298 835
9255 5298 835
9255 5298 835
9255 5298 835
9255 5298 835
9255 5298 835
9255 5298 835
9255 5298 835
9255 5298 835
9255 5298 835
9255 5298 835
9255 5298 835
9255 5298 835
5365 6533 836
5365 6533 836
5365 6533 836
5365 6533 836
5365 6533 836
5365 6533 836
5365 6533 836
5365 6533 836
5365 6533 836
5365 6533 836
5365 6533 836
5365 6533 836
5365 6533 836
7787 6042 836
7787 6042 836
7787 6042 836
7787 6042 836
7787 6042 836
7787 6042 836
7787 6042 836
7787 6042 836
7787 6042 836
7787 6042 836
7787 6042 836
7787 6042 836
8768 5265 837
8768 5265 837
8768 5265 837
8768 5265 837
8768 5265 837
8768 5265 837
8768 5265 837
8768 5265 837
8768 5265 837
8768 5265 837
8768 5265 837
8768 5265 837
5392 6387 837
5392 6387 837
5392 6387 837
5392 6387 837
5392 6387 837
5392 6387 837
5392 6387 837
5392 6387 837
5392 6387 837
5392 6387 837
5392 6387 837
5392 6387 837
7518 7458 837
7518 7458 837
7518 7458 837
7518 7458 837
7518 7458 837
7518 7458 837
7518 7458 837
7518 7458 837
7518 7458 837
7518 7458 837
7518 7458 837
7518 7458 837
7518 7458 837
5478 9226 837
5478 9226 837
5478 9226 837
5478 9226 837
5478 9226 837
5478 9226 837
5478 9226 837
5478 9226 837
5478 9226 837
5478 9226 837
5478 9226 837
5478 9226 837
5478 9226 837
6602 5391 837
6602 5391 837
6602 5391 837
6602 5391 837
6602 5391 837
6602 5391 837
6602 5391 837
6602 5391 837
6602 5391 837
6602 5391 837
6602 5391 837
6602 5391 837
6602 5391 837
9535 7785 838
9535 7785 838
9535 7785 838
9535 7785 838
9535 7785 838
9535 7785 838
9535 7785 838
9535 7785 838
9535 7785 838
9535 7785 838
9535 7785 838
9535 7785 838
9535 7785 838
7635 7693 838
7635 7693 838
7635 7693 838
7635 7693 838
7635 7693 838
7635 7693 838
7635 7693 838
7635 7693 838
7635 7693 838
7635 7693 838
7635 7693 838
7635 7693 838
7635 7693 838
5424 5987 838
5424 5987 838
5424 5987 838
5424 5987 838
5424 5987 838
5424 5987 838
5424 5987 838
5424 5987 838
5424 5987 838
5424 5987 838
5424 5987 838
5424 5987 838
5424 5987 838
7788 7820 839
7788 7820 839
7788 7820 839
7788 7820 839
7788 7820 839
7788 7820 839
7788 7820 839
7788 7820 839
7788 7820 839
7788 7820 839
7788 7820 839
7788 7820 839
7633 7758 839
7633 7758 839
7633 7758 839
7633 7758 839
7633 7758 839
7633 7758 839
7633 7758 839
7633 7758 839
7633 7758 839
7633 7758 839
7633 7758 839
7633 7758 839
6443 8354 839
6443 8354 839
6443 8354 839
6443 8354 839
6443 8354 839
6443 8354 839
6443 8354 839
6443 8354 839
6443 8354 839
6443 8354 839
6443 8354 839
6443 8354 839
6443 8354 839
9181 5307 840
9181 5307 840
9181 5307 840
9181 5307 840
9181 5307 840
9181 5307 840
9181 5307 840
9181 5307 840
9181 5307 840
9181 5307 840
9181 5307 840
9181 5307 840
9181 5307 840
7806 7800 840
7806 7800 840
7806 7800 840
7806 7800 840
7806 7800 840
7806 7800 840
7806 7800 840
7806 7800 840
7806 7800 840
7806 7800 840
7806 7800 840
7806 7800 840
7806 7800 840
7864 7789 840
7864 7789 840
7864 7789 840
7864 7789 840
7864 7789 840
7864 7789 840
7864 7789 840
7864 7789 840
7864 7789 840
7864 7789 840
7864 7789 840
7864 7789 840
5524 5567 841
5524 5567 841
5524 5567 841
5524 5567 841
5524 5567 841
5524 5567 841
5524 5567 841
5524 5567 841
5524 5567 841
5524 5567 841
5524 5567 841
5524 5567 841
6556 6612 841
6556 6612 841
6556 6612 841
6556 6612 841
6556 6612 841
6556 6612 841
6556 6612 841
6556 6612 841
6556 6612 841
6556 6612 841
6556 6612 841
6556 6612 841
6556 6612 841
7737 6594 841
7737 6594 841
7737 6594 841
7737 6594 841
7737 6594 841
7737 6594 841
7737 6594 841
7737 6594 841
7737 6594 841
7737 6594 841
7737 6594 841
7737 6594 841
7737 6594 841
5432 5381 841
5432 5381 841
5432 5381 841
5432 5381 841
5432 5381 841
5432 5381 841
5432 5381 841
5432 5381 841
5432 5381 841
5432 5381 841
5432 5381 841
5432 5381 841
5432 5381 841
6580 6406 841
6580 6406 841
6580 6406 841
6580 6406 841
6580 6406 841
6580 6406 841
6580 6406 841
6580 6406 841
6580 6406 841
6580 6406 841
6580 6406 841
6580 6406 841
6580 6406 841
6364 6564 842
6364 6564 842
6364 6564 842
6364 6564 842
6364 6564 842
6364 6564 842
6364 6564 842
6364 6564 842
6364 6564 842
6364 6564 842
6364 6564 842
6364 6564 842
5280 5411 842
5280 5411 842
5280 5411 842
5280 5411 842
5280 5411 842
5280 5411 842
5280 5411 842
5280 5411 842
5280 5411 842
5280 5411 842
5280 5411 842
5280 5411 842
7719 6509 842
7719 6509 842
7719 6509 842
7719 6509 842
7719 6509 842
7719 6509 842
7719 6509 842
7719 6509 842
7719 6509 842
7719 6509 842
7719 6509 842
7719 6509 842
6531 7696 843
6531 7696 843
6531 7696 843
6531 7696 843
6531 7696 843
6531 7696 843
6531 7696 843
6531 7696 843
6531 7696 843
6531 7696 843
6531 7696 843
6531 7696 843
6531 7696 843
7830 5925 843
7830 5925 843
7830 5925 843
7830 5925 843
7830 5925 843
7830 5925 843
7830 5925 843
7830 5925 843
7830 5925 843
7830 5925 843
7830 5925 843
7830 5925 843
7836 8372 843
7836 8372 843
7836 8372 843
7836 8372 843
7836 8372 843
7836 8372 843
7836 8372 843
7836 8372 843
7836 8372 843
7836 8372 843
7836 8372 843
7836 8372 843
7836 8372 843
5542 5466 843
5542 5466 843
5542 5466 843
5542 5466 843
5542 5466 843
5542 5466 843
5542 5466 843
5542 5466 843
5542 5466 843
5542 5466 843
5542 5466 843
5542 5466 843
5447 5413 843
5447 5413 843
5447 5413 843
5447 5413 843
5447 5413 843
5447 5413 843
5447 5413 843
5447 5413 843
5447 5413 843
5447 5413 843
5447 5413 843
5447 5413 843
8431 9524 843
8431 9524 843
8431 9524 843
8431 9524 843
8431 9524 843
8431 9524 843
8431 9524 843
8431 9524 843
8431 9524 843
8431 9524 843
8431 9524 843
8431 9524 843
6062 6074 844
6062 6074 844
6062 6074 844
6062 6074 844
6062 6074 844
6062 6074 844
6062 6074 844
6062 6074 844
6062 6074 844
6062 6074 844
6062 6074 844
6062 6074 844
6591 7730 844
6591 7730 844
6591 7730 844
6591 7730 844
6591 7730 844
6591 7730 844
6591 7730 844
6591 7730 844
6591 7730 844
6591 7730 844
6591 7730 844
6591 7730 844
6009 5256 844
6009 5256 844
6009 5256 844
6009 5256 844
6009 5256 844
6009 5256 844
6009 5256 844
6009 5256 844
6009 5256 844
6009 5256 844
6009 5256 844
6009 5256 844
7520 7504 847
7520 7504 847
7520 7504 847
7520 7504 847
7520 7504 847
7520 7504 847
7520 7504 847
7520 7504 847
7520 7504 847
7520 7504 847
7520 7504 847
7520 7504 847
7520 7504 847
8684 6543 847
8684 6543 847
8684 6543 847
8684 6543 847
8684 6543 847
8684 6543 847
8684 6543 847
8684 6543 847
8684 6543 847
8684 6543 847
8684 6543 847
8684 6543 847
8684 6543 847
5990 6543 848
5990 6543 848
5990 6543 848
5990 6543 848
5990 6543 848
5990 6543 848
5990 6543 848
5990 6543 848
5990 6543 848
5990 6543 848
5990 6543 848
5990 6543 848
5283 8434 848
5283 8434 848
5283 8434 848
5283 8434 848
5283 8434 848
5283 8434 848
5283 8434 848
5283 8434 848
5283 8434 848
5283 8434 848
5283 8434 848
5283 8434 848
5283 8434 848
7828 7687 848
7828 7687 848
7828 7687 848
7828 7687 848
7828 7687 848
7828 7687 848
7828 7687 848
7828 7687 848
7828 7687 848
7828 7687 848
7828 7687 848
7828 7687 848
7828 7687 848
5402 8474 848
5402 8474 848
5402 8474 848
5402 8474 848
5402 8474 848
5402 8474 848
5402 8474 848
5402 8474 848
5402 8474 848
5402 8474 848
5402 8474 848
5402 8474 848
7881 7651 849
7881 7651 849
7881 7651 849
7881 7651 849
7881 7651 849
7881 7651 849
7881 7651 849
7881 7651 849
7881 7651 849
7881 7651 849
7881 7651 849
7881 7651 849
5525 5518 849
5525 5518 849
5525 5518 849
5525 5518 849
5525 5518 849
5525 5518 849
5525 5518 849
5525 5518 849
5525 5518 849
5525 5518 849
5525 5518 849
5525 5518 849
5485 5433 849
5485 5433 849
5485 5433 849
5485 5433 849
5485 5433 849
5485 5433 849
5485 5433 849
5485 5433 849
5485 5433 849
5485 5433 849
5485 5433 849
5485 5433 849
5485 5433 849
5422 6548 850
5422 6548 850
5422 6548 850
5422 6548 850
5422 6548 850
5422 6548 850
5422 6548 850
5422 6548 850
5422 6548 850
5422 6548 850
5422 6548 850
5422 6548 850
5422 6548 850
7814 7857 850
7814 7857 850
7814 7857 850
7814 7857 850
7814 7857 850
7814 7857 850
7814 7857 850
7814 7857 850
7814 7857 850
7814 7857 850
7814 7857 850
7814 7857 850
9518 8439 851
9518 8439 851
9518 8439 851
9518 8439 851
9518 8439 851
9518 8439 851
9518 8439 851
9518 8439 851
9518 8439 851
9518 8439 851
9518 8439 851
9518 8439 851
6327 7455 851
6327 7455 851
6327 7455 851
6327 7455 851
6327 7455 851
6327 7455 851
6327 7455 851
6327 7455 851
6327 7455 851
6327 7455 851
6327 7455 851
6327 7455 851
8349 7891 851
8349 7891 851
8349 7891 851
8349 7891 851
8349 7891 851
8349 7891 851
8349 7891 851
8349 7891 851
8349 7891 851
8349 7891 851
8349 7891 851
8349 7891 851
8704 8434 852
8704 8434 852
8704 8434 852
8704 8434 852
8704 8434 852
8704 8434 852
8704 8434 852
8704 8434 852
8704 8434 852
8704 8434 852
8704 8434 852
8704 8434 852
8704 8434 852
6514 6586 852
6514 6586 852
6514 6586 852
6514 6586 852
6514 6586 852
6514 6586 852
6514 6586 852
6514 6586 852
6514 6586 852
6514 6586 852
6514 6586 852
6514 6586 852
6514 6586 852
5445 6034 852
5445 6034 852
5445 6034 852
5445 6034 852
5445 6034 852
5445 6034 852
5445 6034 852
5445 6034 852
5445 6034 852
5445 6034 852
5445 6034 852
5445 6034 852
5434 5363 852
5434 5363 852
5434 5363 852
5434 5363 852
5434 5363 852
5434 5363 852
5434 5363 852
5434 5363 852
5434 5363 852
5434 5363 852
5434 5363 852
5434 5363 852
5434 5363 852
5400 5365 852
5400 5365 852
5400 5365 852
5400 5365 852
5400 5365 852
5400 5365 852
5400 5365 852
5400 5365 852
5400 5365 852
5400 5365 852
5400 5365 852
5400 5365 852
5400 5365 852
6380 6591 853
6380 6591 853
6380 6591 853
6380 6591 853
6380 6591 853
6380 6591 853
6380 6591 853
6380 6591 853
6380 6591 853
6380 6591 853
6380 6591 853
6380 6591 853
6380 6591 853
8748 5295 853
8748 5295 853
8748 5295 853
8748 5295 853
8748 5295 853
8748 5295 853
8748 5295 853
8748 5295 853
8748 5295 853
8748 5295 853
8748 5295 853
8748 5295 853
8748 5295 853
6323 9615 853
6323 9615 853
6323 9615 853
6323 9615 853
6323 9615 853
6323 9615 853
6323 9615 853
6323 9615 853
6323 9615 853
6323 9615 853
6323 9615 853
6323 9615 853
6318 6494 854
6318 6494 854
6318 6494 854
6318 6494 854
6318 6494 854
6318 6494 854
6318 6494 854
6318 6494 854
6318 6494 854
6318 6494 854
6318 6494 854
6318 6494 854
6318 6494 854
6081 5500 854
6081 5500 854
6081 5500 854
6081 5500 854
6081 5500 854
6081 5500 854
6081 5500 854
6081 5500 854
6081 5500 854
6081 5500 854
6081 5500 854
6081 5500 854
5998 6601 854
5998 6601 854
5998 6601 854
5998 6601 854
5998 6601 854
5998 6601 854
5998 6601 854
5998 6601 854
5998 6601 854
5998 6601 854
5998 6601 854
5998 6601 854
5998 6601 854
7462 7516 854
7462 7516 854
7462 7516 854
7462 7516 854
7462 7516 854
7462 7516 854
7462 7516 854
7462 7516 854
7462 7516 854
7462 7516 854
7462 7516 854
7462 7516 854
7749 7634 854
7749 7634 854
7749 7634 854
7749 7634 854
7749 7634 854
7749 7634 854
7749 7634 854
7749 7634 854
7749 7634 854
7749 7634 854
7749 7634 854
7749 7634 854
5280 8761 854
5280 8761 854
5280 8761 854
5280 8761 854
5280 8761 854
5280 8761 854
5280 8761 854
5280 8761 854
5280 8761 854
5280 8761 854
5280 8761 854
5280 8761 854
5280 8761 854
5290 8813 855
5290 8813 855
5290 8813 855
5290 8813 855
5290 8813 855
5290 8813 855
5290 8813 855
5290 8813 855
5290 8813 855
5290 8813 855
5290 8813 855
5290 8813 855
7706 8457 856
7706 8457 856
7706 8457 856
7706 8457 856
7706 8457 856
7706 8457 856
7706 8457 856
7706 8457 856
7706 8457 856
7706 8457 856
7706 8457 856
7706 8457 856
7706 8457 856
6107 5483 856
6107 5483 856
6107 5483 856
6107 5483 856
6107 5483 856
6107 5483 856
6107 5483 856
6107 5483 856
6107 5483 856
6107 5483 856
6107 5483 856
6107 5483 856
6509 7672 856
6509 7672 856
6509 7672 856
6509 7672 856
6509 7672 856
6509 7672 856
6509 7672 856
6509 7672 856
6509 7672 856
6509 7672 856
6509 7672 856
6509 7672 856
6331 6493 856
6331 6493 856
6331 6493 856
6331 6493 856
6331 6493 856
6331 6493 856
6331 6493 856
6331 6493 856
6331 6493 856
6331 6493 856
6331 6493 856
6331 6493 856
6331 6493 856
7732 8454 856
7732 8454 856
7732 8454 856
7732 8454 856
7732 8454 856
7732 8454 856
7732 8454 856
7732 8454 856
7732 8454 856
7732 8454 856
7732 8454 856
7732 8454 856
7732 8454 856
6561 6362 856
6561 6362 856
6561 6362 856
6561 6362 856
6561 6362 856
6561 6362 856
6561 6362 856
6561 6362 856
6561 6362 856
6561 6362 856
6561 6362 856
6561 6362 856
6561 6362 856
6387 6523 857
6387 6523 857
6387 6523 857
6387 6523 857
6387 6523 857
6387 6523 857
6387 6523 857
6387 6523 857
6387 6523 857
6387 6523 857
6387 6523 857
6387 6523 857
6387 6523 857
6596 6002 857
6596 6002 857
6596 6002 857
6596 6002 857
6596 6002 857
6596 6002 857
6596 6002 857
6596 6002 857
6596 6002 857
6596 6002 857
6596 6002 857
6596 6002 857
6596 6002 857
8435 6532 858
8435 6532 858
8435 6532 858
8435 6532 858
8435 6532 858
8435 6532 858
8435 6532 858
8435 6532 858
8435 6532 858
8435 6532 858
8435 6532 858
8435 6532 858
8435 6532 858
5374 5392 858
5374 5392 858
5374 5392 858
5374 5392 858
5374 5392 858
5374 5392 858
5374 5392 858
5374 5392 858
5374 5392 858
5374 5392 858
5374 5392 858
5374 5392 858
7715 7971 858
7715 7971 858
7715 7971 858
7715 7971 858
7715 7971 858
7715 7971 858
7715 7971 858
7715 7971 858
7715 7971 858
7715 7971 858
7715 7971 858
7715 7971 858
7715 7971 858
8476 7980 858
8476 7980 858
8476 7980 858
8476 7980 858
8476 7980 858
8476 7980 858
8476 7980 858
8476 7980 858
8476 7980 858
8476 7980 858
8476 7980 858
8476 7980 858
6490 6571 858
6490 6571 858
6490 6571 858
6490 6571 858
6490 6571 858
6490 6571 858
6490 6571 858
6490 6571 858
6490 6571 858
6490 6571 858
6490 6571 858
6490 6571 858
6490 6571 858
8768 8432 859
8768 8432 859
8768 8432 859
8768 8432 859
8768 8432 859
8768 8432 859
8768 8432 859
8768 8432 859
8768 8432 859
8768 8432 859
8768 8432 859
8768 8432 859
8765 5258 859
8765 5258 859
8765 5258 859
8765 5258 859
8765 5258 859
8765 5258 859
8765 5258 859
8765 5258 859
8765 5258 859
8765 5258 859
8765 5258 859
8765 5258 859
8765 5258 859
9158 5264 859
9158 5264 859
9158 5264 859
9158 5264 859
9158 5264 859
9158 5264 859
9158 5264 859
9158 5264 859
9158 5264 859
9158 5264 859
9158 5264 859
9158 5264 859
9158 5264 859
5432 5572 860
5432 5572 860
5432 5572 860
5432 5572 860
5432 5572 860
5432 5572 860
5432 5572 860
5432 5572 860
5432 5572 860
5432 5572 860
5432 5572 860
5432 5572 860
5432 5572 860
6003 6608 860
6003 6608 860
6003 6608 860
6003 6608 860
6003 6608 860
6003 6608 860
6003 6608 860
6003 6608 860
6003 6608 860
6003 6608 860
6003 6608 860
6003 6608 860
6003 6608 860
6606 6575 860
6606 6575 860
6606 6575 860
6606 6575 860
6606 6575 860
6606 6575 860
6606 6575 860
6606 6575 860
6606 6575 860
6606 6575 860
6606 6575 860
6606 6575 860
6606 6575 860
6547 6383 860
6547 6383 860
6547 6383 860
6547 6383 860
6547 6383 860
6547 6383 860
6547 6383 860
6547 6383 860
6547 6383 860
6547 6383 860
6547 6383 860
6547 6383 860
8765 5320 860
8765 5320 860
8765 5320 860
8765 5320 860
8765 5320 860
8765 5320 860
8765 5320 860
8765 5320 860
8765 5320 860
8765 5320 860
8765 5320 860
8765 5320 860
5529 5331 860
5529 5331 860
5529 5331 860
5529 5331 860
5529 5331 860
5529 5331 860
5529 5331 860
5529 5331 860
5529 5331 860
5529 5331 860
5529 5331 860
5529 5331 860
6607 5359 862
6607 5359 862
6607 5359 862
6607 5359 862
6607 5359 862
6607 5359 862
6607 5359 862
6607 5359 862
6607 5359 862
6607 5359 862
6607 5359 862
6607 5359 862
5370 5544 862
5370 5544 862
5370 5544 862
5370 5544 862
5370 5544 862
5370 5544 862
5370 5544 862
5370 5544 862
5370 5544 862
5370 5544 862
5370 5544 862
5370 5544 862
7702 7781 862
7702 7781 862
7702 7781 862
7702 7781 862
7702 7781 862
7702 7781 862
7702 7781 862
7702 7781 862
7702 7781 862
7702 7781 862
7702 7781 862
7702 7781 862
7702 7781 862
6560 5390 862
6560 5390 862
6560 5390 862
6560 5390 862
6560 5390 862
6560 5390 862
6560 5390 862
6560 5390 862
6560 5390 862
6560 5390 862
6560 5390 862
6560 5390 862
5363 9526 863
5363 9526 863
5363 9526 863
5363 9526 863
5363 9526 863
5363 9526 863
5363 9526 863
5363 9526 863
5363 9526 863
5363 9526 863
5363 9526 863
5363 9526 863
5392 6041 863
5392 6041 863
5392 6041 863
5392 6041 863
5392 6041 863
5392 6041 863
5392 6041 863
5392 6041 863
5392 6041 863
5392 6041 863
5392 6041 863
5392 6041 863
5392 6041 863
6538 6410 864
6538 6410 864
6538 6410 864
6538 6410 864
6538 6410 864
6538 6410 864
6538 6410 864
6538 6410 864
6538 6410 864
6538 6410 864
6538 6410 864
6538 6410 864
5278 5297 864
5278 5297 864
5278 5297 864
5278 5297 864
5278 5297 864
5278 5297 864
5278 5297 864
5278 5297 864
5278 5297 864
5278 5297 864
5278 5297 864
5278 5297 864
5278 5297 864
5291 5311 864
5291 5311 864
5291 5311 864
5291 5311 864
5291 5311 864
5291 5311 864
5291 5311 864
5291 5311 864
5291 5311 864
5291 5311 864
5291 5311 864
5291 5311 864
5291 5311 864
5534 5389 864
5534 5389 864
5534 5389 864
5534 5389 864
5534 5389 864
5534 5389 864
5534 5389 864
5534 5389 864
5534 5389 864
5534 5389 864
5534 5389 864
5534 5389 864
5443 5573 865
5443 5573 865
5443 5573 865
5443 5573 865
5443 5573 865
5443 5573 865
5443 5573 865
5443 5573 865
5443 5573 865
5443 5573 865
5443 5573 865
5443 5573 865
6564 7688 865
6564 7688 865
6564 7688 865
6564 7688 865
6564 7688 865
6564 7688 865
6564 7688 865
6564 7688 865
6564 7688 865
6564 7688 865
6564 7688 865
6564 7688 865
6564 7688 865
7490 7679 865
7490 7679 865
7490 7679 865
7490 7679 865
7490 7679 865
7490 7679 865
7490 7679 865
7490 7679 865
7490 7679 865
7490 7679 865
7490 7679 865
7490 7679 865
9273 9255 865
9273 9255 865
9273 9255 865
9273 9255 865
9273 9255 865
9273 9255 865
9273 9255 865
9273 9255 865
9273 9255 865
9273 9255 865
9273 9255 865
9273 9255 865
9273 9255 865
6506 7676 865
6506 7676 865
6506 7676 865
6506 7676 865
6506 7676 865
6506 7676 865
6506 7676 865
6506 7676 865
6506 7676 865
6506 7676 865
6506 7676 865
6506 7676 865
6506 7676 865
8347 7886 865
8347 7886 865
8347 7886 865
8347 7886 865
8347 7886 865
8347 7886 865
8347 7886 865
8347 7886 865
8347 7886 865
8347 7886 865
8347 7886 865
8347 7886 865
7664 7519 866
7664 7519 866
7664 7519 866
7664 7519 866
7664 7519 866
7664 7519 866
7664 7519 866
7664 7519 866
7664 7519 866
7664 7519 866
7664 7519 866
7664 7519 866
7664 7519 866
7682 6605 866
7682 6605 866
7682 6605 866
7682 6605 866
7682 6605 866
7682 6605 866
7682 6605 866
7682 6605 866
7682 6605 866
7682 6605 866
7682 6605 866
7682 6605 866
5338 5517 867
5338 5517 867
5338 5517 867
5338 5517 867
5338 5517 867
5338 5517 867
5338 5517 867
5338 5517 867
5338 5517 867
5338 5517 867
5338 5517 867
5338 5517 867
5338 5517 867
6452 6563 867
6452 6563 867
6452 6563 867
6452 6563 867
6452 6563 867
6452 6563 867
6452 6563 867
6452 6563 867
6452 6563 867
6452 6563 867
6452 6563 867
6452 6563 867
6452 6563 867
5271 5363 867
5271 5363 867
5271 5363 867
5271 5363 867
5271 5363 867
5271 5363 867
5271 5363 867
5271 5363 867
5271 5363 867
5271 5363 867
5271 5363 867
5271 5363 867
7727 6561 867
7727 6561 867
7727 6561 867
7727 6561 867
7727 6561 867
7727 6561 867
7727 6561 867
7727 6561 867
7727 6561 867
7727 6561 867
7727 6561 867
7727 6561 867
7727 6561 867
8439 6601 868
8439 6601 868
8439 6601 868
8439 6601 868
8439 6601 868
8439 6601 868
8439 6601 868
8439 6601 868
8439 6601 868
8439 6601 868
8439 6601 868
8439 6601 868
6547 5418 868
6547 5418 868
6547 5418 868
6547 5418 868
6547 5418 868
6547 5418 868
6547 5418 868
6547 5418 868
6547 5418 868
6547 5418 868
6547 5418 868
6547 5418 868
6547 5418 868
7518 6502 868
7518 6502 868
7518 6502 868
7518 6502 868
7518 6502 868
7518 6502 868
7518 6502 868
7518 6502 868
7518 6502 868
7518 6502 868
7518 6502 868
7518 6502 868
8347 7884 868
8347 7884 868
8347 7884 868
8347 7884 868
8347 7884 868
8347 7884 868
8347 7884 868
8347 7884 868
8347 7884 868
8347 7884 868
8347 7884 868
8347 7884 868
8347 7884 868
7695 8459 868
7695 8459 868
7695 8459 868
7695 8459 868
7695 8459 868
7695 8459 868
7695 8459 868
7695 8459 868
7695 8459 868
7695 8459 868
7695 8459 868
7695 8459 868
7688 6582 869
7688 6582 869
7688 6582 869
7688 6582 869
7688 6582 869
7688 6582 869
7688 6582 869
7688 6582 869
7688 6582 869
7688 6582 869
7688 6582 869
7688 6582 869
7688 6582 869
5257 8761 869
5257 8761 869
5257 8761 869
5257 8761 869
5257 8761 869
5257 8761 869
5257 8761 869
5257 8761 869
5257 8761 869
5257 8761 869
5257 8761 869
5257 8761 869
5392 5537 869
5392 5537 869
5392 5537 869
5392 5537 869
5392 5537 869
5392 5537 869
5392 5537 869
5392 5537 869
5392 5537 869
5392 5537 869
5392 5537 869
5392 5537 869
7782 9534 869
7782 9534 869
7782 9534 869
7782 9534 869
7782 9534 869
7782 9534 869
7782 9534 869
7782 9534 869
7782 9534 869
7782 9534 869
7782 9534 869
7782 9534 869
7782 9534 869
5359 5525 869
5359 5525 869
5359 5525 869
5359 5525 869
5359 5525 869
5359 5525 869
5359 5525 869
5359 5525 869
5359 5525 869
5359 5525 869
5359 5525 869
5359 5525 869
5359 5525 869
6460 6334 869
6460 6334 869
6460 6334 869
6460 6334 869
6460 6334 869
6460 6334 869
6460 6334 869
6460 6334 869
6460 6334 869
6460 6334 869
6460 6334 869
6460 6334 869
6460 6334 869
5280 5359 870
5280 5359 870
5280 5359 870
5280 5359 870
5280 5359 870
5280 5359 870
5280 5359 870
5280 5359 870
5280 5359 870
5280 5359 870
5280 5359 870
5280 5359 870
6591 6451 870
6591 6451 870
6591 6451 870
6591 6451 870
6591 6451 870
6591 6451 870
6591 6451 870
6591 6451 870
6591 6451 870
6591 6451 870
6591 6451 870
6591 6451 870
9193 5436 870
9193 5436 870
9193 5436 870
9193 5436 870
9193 5436 870
9193 5436 870
9193 5436 870
9193 5436 870
9193 5436 870
9193 5436 870
9193 5436 870
9193 5436 870
9193 5436 870
5509 8746 870
5509 8746 870
5509 8746 870
5509 8746 870
5509 8746 870
5509 8746 870
5509 8746 870
5509 8746 870
5509 8746 870
5509 8746 870
5509 8746 870
5509 8746 870
5509 8746 870
6331 6483 870
6331 6483 870
6331 6483 870
6331 6483 870
6331 6483 870
6331 6483 870
6331 6483 870
6331 6483 870
6331 6483 870
6331 6483 870
6331 6483 870
6331 6483 870
5365 5276 871
5365 5276 871
5365 5276 871
5365 5276 871
5365 5276 871
5365 5276 871
5365 5276 871
5365 5276 871
5365 5276 871
5365 5276 871
5365 5276 871
5365 5276 871
5365 5276 871
7781 6055 871
7781 6055 871
7781 6055 871
7781 6055 871
7781 6055 871
7781 6055 871
7781 6055 871
7781 6055 871
7781 6055 871
7781 6055 871
7781 6055 871
7781 6055 871
7781 6055 871
6011 6566 871
6011 6566 871
6011 6566 871
6011 6566 871
6011 6566 871
6011 6566 871
6011 6566 871
6011 6566 871
6011 6566 871
6011 6566 871
6011 6566 871
6011 6566 871
5553 5279 871
5553 5279 871
5553 5279 871
5553 5279 871
5553 5279 871
5553 5279 871
5553 5279 871
5553 5279 871
5553 5279 871
5553 5279 871
5553 5279 871
5553 5279 871
5553 5279 871
8471 8450 872
8471 8450 872
8471 8450 872
8471 8450 872
8471 8450 872
8471 8450 872
8471 8450 872
8471 8450 872
8471 8450 872
8471 8450 872
8471 8450 872
8471 8450 872
8471 8450 872
6461 7490 872
6461 7490 872
6461 7490 872
6461 7490 872
6461 7490 872
6461 7490 872
6461 7490 872
6461 7490 872
6461 7490 872
6461 7490 872
6461 7490 872
6461 7490 872
6461 7490 872
6461 7498 872
6461 7498 872
6461 7498 872
6461 7498 872
6461 7498 872
6461 7498 872
6461 7498 872
6461 7498 872
6461 7498 872
6461 7498 872
6461 7498 872
6461 7498 872
6461 7498 872
7792 7495 872
7792 7495 872
7792 7495 872
7792 7495 872
7792 7495 872
7792 7495 872
7792 7495 872
7792 7495 872
7792 7495 872
7792 7495 872
7792 7495 872
7792 7495 872
7912 7781 873
7912 7781 873
7912 7781 873
7912 7781 873
7912 7781 873
7912 7781 873
7912 7781 873
7912 7781 873
7912 7781 873
7912 7781 873
7912 7781 873
7912 7781 873
7912 7781 873
5294 5330 873
5294 5330 873
5294 5330 873
5294 5330 873
5294 5330 873
5294 5330 873
5294 5330 873
5294 5330 873
5294 5330 873
5294 5330 873
5294 5330 873
5294 5330 873
5377 5359 874
5377 5359 874
5377 5359 874
5377 5359 874
5377 5359 874
5377 5359 874
5377 5359 874
5377 5359 874
5377 5359 874
5377 5359 874
5377 5359 874
5377 5359 874
5377 5359 874
6603 8453 874
6603 8453 874
6603 8453 874
6603 8453 874
6603 8453 874
6603 8453 874
6603 8453 874
6603 8453 874
6603 8453 874
6603 8453 874
6603 8453 874
6603 8453 874
6603 8453 874
5517 5488 874
5517 5488 874
5517 5488 874
5517 5488 874
5517 5488 874
5517 5488 874
5517 5488 874
5517 5488 874
5517 5488 874
5517 5488 874
5517 5488 874
5517 5488 874
5517 5488 874
8354 7850 874
8354 7850 874
8354 7850 874
8354 7850 874
8354 7850 874
8354 7850 874
8354 7850 874
8354 7850 874
8354 7850 874
8354 7850 874
8354 7850 874
8354 7850 874
6512 6596 874
6512 6596 874
6512 6596 874
6512 6596 874
6512 6596 874
6512 6596 874
6512 6596 874
6512 6596 874
6512 6596 874
6512 6596 874
6512 6596 874
6512 6596 874
6512 6596 874
7784 6047 874
7784 6047 874
7784 6047 874
7784 6047 874
7784 6047 874
7784 6047 874
7784 6047 874
7784 6047 874
7784 6047 874
7784 6047 874
7784 6047 874
7784 6047 874
7784 6047 874
8774 5243 875
8774 5243 875
8774 5243 875
8774 5243 875
8774 5243 875
8774 5243 875
8774 5243 875
8774 5243 875
8774 5243 875
8774 5243 875
8774 5243 875
8774 5243 875
8774 5243 875
6380 8680 875
6380 8680 875
6380 8680 875
6380 8680 875
6380 8680 875
6380 8680 875
6380 8680 875
6380 8680 875
6380 8680 875
6380 8680 875
6380 8680 875
6380 8680 875
5315 5567 876
5315 5567 876
5315 5567 876
5315 5567 876
5315 5567 876
5315 5567 876
5315 5567 876
5315 5567 876
5315 5567 876
5315 5567 876
5315 5567 876
5315 5567 876
5446 5487 876
5446 5487 876
5446 5487 876
5446 5487 876
5446 5487 876
5446 5487 876
5446 5487 876
5446 5487 876
5446 5487 876
5446 5487 876
5446 5487 876
5446 5487 876
5446 5487 876
6446 8680 876
6446 8680 876
6446 8680 876
6446 8680 876
6446 8680 876
6446 8680 876
6446 8680 876
6446 8680 876
6446 8680 876
6446 8680 876
6446 8680 876
6446 8680 876
6446 8680 876
5358 5440 876
5358 5440 876
5358 5440 876
5358 5440 876
5358 5440 876
5358 5440 876
5358 5440 876
5358 5440 876
5358 5440 876
5358 5440 876
5358 5440 876
5358 5440 876
5358 5440 876
5504 8757 876
5504 8757 876
5504 8757 876
5504 8757 876
5504 8757 876
5504 8757 876
5504 8757 876
5504 8757 876
5504 8757 876
5504 8757 876
5504 8757 876
5504 8757 876
5504 8757 876
5460 5517 877
5460 5517 877
5460 5517 877
5460 5517 877
5460 5517 877
5460 5517 877
5460 5517 877
5460 5517 877
5460 5517 877
5460 5517 877
5460 5517 877
5460 5517 877
5460 5517 877
5556 5544 878
5556 5544 878
5556 5544 878
5556 5544 878
5556 5544 878
5556 5544 878
5556 5544 878
5556 5544 878
5556 5544 878
5556 5544 878
5556 5544 878
5556 5544 878
5556 5544 878
6010 7781 878
6010 7781 878
6010 7781 878
6010 7781 878
6010 7781 878
6010 7781 878
6010 7781 878
6010 7781 878
6010 7781 878
6010 7781 878
6010 7781 878
6010 7781 878
6010 7781 878
5254 8757 878
5254 8757 878
5254 8757 878
5254 8757 878
5254 8757 878
5254 8757 878
5254 8757 878
5254 8757 878
5254 8757 878
5254 8757 878
5254 8757 878
5254 8757 878
5371 6565 880
5371 6565 880
5371 6565 880
5371 6565 880
5371 6565 880
5371 6565 880
5371 6565 880
5371 6565 880
5371 6565 880
5371 6565 880
5371 6565 880
5371 6565 880
5358 6543 880
5358 6543 880
5358 6543 880
5358 6543 880
5358 6543 880
5358 6543 880
5358 6543 880
5358 6543 880
5358 6543 880
5358 6543 880
5358 6543 880
5358 6543 880
5358 6543 880
6042 6609 880
6042 6609 880
6042 6609 880
6042 6609 880
6042 6609 880
6042 6609 880
6042 6609 880
6042 6609 880
6042 6609 880
6042 6609 880
6042 6609 880
6042 6609 880
7771 5392 881
7771 5392 881
7771 5392 881
7771 5392 881
7771 5392 881
7771 5392 881
7771 5392 881
7771 5392 881
7771 5392 881
7771 5392 881
7771 5392 881
7771 5392 881
6544 6525 881
6544 6525 881
6544 6525 881
6544 6525 881
6544 6525 881
6544 6525 881
6544 6525 881
6544 6525 881
6544 6525 881
6544 6525 881
6544 6525 881
6544 6525 881
6544 6525 881
5432 5502 882
5432 5502 882
5432 5502 882
5432 5502 882
5432 5502 882
5432 5502 882
5432 5502 882
5432 5502 882
5432 5502 882
5432 5502 882
5432 5502 882
5432 5502 882
5432 5502 882
7770 7715 882
7770 7715 882
7770 7715 882
7770 7715 882
7770 7715 882
7770 7715 882
7770 7715 882
7770 7715 882
7770 7715 882
7770 7715 882
7770 7715 882
7770 7715 882
5262 8750 882
5262 8750 882
5262 8750 882
5262 8750 882
5262 8750 882
5262 8750 882
5262 8750 882
5262 8750 882
5262 8750 882
5262 8750 882
5262 8750 882
5262 8750 882
5262 8750 882
7685 6470 883
7685 6470 883
7685 6470 883
7685 6470 883
7685 6470 883
7685 6470 883
7685 6470 883
7685 6470 883
7685 6470 883
7685 6470 883
7685 6470 883
7685 6470 883
7685 6470 883
7784 6022 883
7784 6022 883
7784 6022 883
7784 6022 883
7784 6022 883
7784 6022 883
7784 6022 883
7784 6022 883
7784 6022 883
7784 6022 883
7784 6022 883
7784 6022 883
7784 6022 883
5260 6351 883
5260 6351 883
5260 6351 883
5260 6351 883
5260 6351 883
5260 6351 883
5260 6351 883
5260 6351 883
5260 6351 883
5260 6351 883
5260 6351 883
5260 6351 883
5260 6351 883
5261 9205 883
5261 9205 883
5261 9205 883
5261 9205 883
5261 9205 883
5261 9205 883
5261 9205 883
5261 9205 883
5261 9205 883
5261 9205 883
5261 9205 883
5261 9205 883
5261 9205 883
5447 5556 884
5447 5556 884
5447 5556 884
5447 5556 884
5447 5556 884
5447 5556 884
5447 5556 884
5447 5556 884
5447 5556 884
5447 5556 884
5447 5556 884
5447 5556 884
5379 5376 884
5379 5376 884
5379 5376 884
5379 5376 884
5379 5376 884
5379 5376 884
5379 5376 884
5379 5376 884
5379 5376 884
5379 5376 884
5379 5376 884
5379 5376 884
5379 5376 884
7771 6529 885
7771 6529 885
7771 6529 885
7771 6529 885
7771 6529 885
7771 6529 885
7771 6529 885
7771 6529 885
7771 6529 885
7771 6529 885
7771 6529 885
7771 6529 885
6057 5424 885
6057 5424 885
6057 5424 885
6057 5424 885
6057 5424 885
6057 5424 885
6057 5424 885
6057 5424 885
6057 5424 885
6057 5424 885
6057 5424 885
6057 5424 885
5284 5412 885
5284 5412 885
5284 5412 885
5284 5412 885
5284 5412 885
5284 5412 885
5284 5412 885
5284 5412 885
5284 5412 885
5284 5412 885
5284 5412 885
5284 5412 885
5284 5412 885
6310 6472 885
6310 6472 885
6310 6472 885
6310 6472 885
6310 6472 885
6310 6472 885
6310 6472 885
6310 6472 885
6310 6472 885
6310 6472 885
6310 6472 885
6310 6472 885
7700 6564 885
7700 6564 885
7700 6564 885
7700 6564 885
7700 6564 885
7700 6564 885
7700 6564 885
7700 6564 885
7700 6564 885
7700 6564 885
7700 6564 885
7700 6564 885
9240 5289 885
9240 5289 885
9240 5289 885
9240 5289 885
9240 5289 885
9240 5289 885
9240 5289 885
9240 5289 885
9240 5289 885
9240 5289 885
9240 5289 885
9240 5289 885
9240 5289 885
5533 6125 886
5533 6125 886
5533 6125 886
5533 6125 886
5533 6125 886
5533 6125 886
5533 6125 886
5533 6125 886
5533 6125 886
5533 6125 886
5533 6125 886
5533 6125 886
8443 7783 886
8443 7783 886
8443 7783 886
8443 7783 886
8443 7783 886
8443 7783 886
8443 7783 886
8443 7783 886
8443 7783 886
8443 7783 886
8443 7783 886
8443 7783 886
5281 6541 886
5281 6541 886
5281 6541 886
5281 6541 886
5281 6541 886
5281 6541 886
5281 6541 886
5281 6541 886
5281 6541 886
5281 6541 886
5281 6541 886
5281 6541 886
5281 6541 886
7803 7739 886
7803 7739 886
7803 7739 886
7803 7739 886
7803 7739 886
7803 7739 886
7803 7739 886
7803 7739 886
7803 7739 886
7803 7739 886
7803 7739 886
7803 7739 886
7803 7739 886
5438 9261 886
5438 9261 886
5438 9261 886
5438 9261 886
5438 9261 886
5438 9261 886
5438 9261 886
5438 9261 886
5438 9261 886
5438 9261 886
5438 9261 886
5438 9261 886
6602 5389 886
6602 5389 886
6602 5389 886
6602 5389 886
6602 5389 886
6602 5389 886
6602 5389 886
6602 5389 886
6602 5389 886
6602 5389 886
6602 5389 886
6602 5389 886
6602 5389 886
7677 6525 887
7677 6525 887
7677 6525 887
7677 6525 887
7677 6525 887
7677 6525 887
7677 6525 887
7677 6525 887
7677 6525 887
7677 6525 887
7677 6525 887
7677 6525 887
5298 5327 887
5298 5327 887
5298 5327 887
5298 5327 887
5298 5327 887
5298 5327 887
5298 5327 887
5298 5327 887
5298 5327 887
5298 5327 887
5298 5327 887
5298 5327 887
5298 5327 887
5516 8747 888
5516 8747 888
5516 8747 888
5516 8747 888
5516 8747 888
5516 8747 888
5516 8747 888
5516 8747 888
5516 8747 888
5516 8747 888
5516 8747 888
5516 8747 888
6613 8477 888
6613 8477 888
6613 8477 888
6613 8477 888
6613 8477 888
6613 8477 888
6613 8477 888
6613 8477 888
6613 8477 888
6613 8477 888
6613 8477 888
6613 8477 888
5284 5502 888
5284 5502 888
5284 5502 888
5284 5502 888
5284 5502 888
5284 5502 888
5284 5502 888
5284 5502 888
5284 5502 888
5284 5502 888
5284 5502 888
5284 5502 888
5544 5558 888
5544 5558 888
5544 5558 888
5544 5558 888
5544 5558 888
5544 5558 888
5544 5558 888
5544 5558 888
5544 5558 888
5544 5558 888
5544 5558 888
5544 5558 888
5544 5558 888
5464 5328 888
5464 5328 888
5464 5328 888
5464 5328 888
5464 5328 888
5464 5328 888
5464 5328 888
5464 5328 888
5464 5328 888
5464 5328 888
5464 5328 888
5464 5328 888
5464 5328 888
8437 6025 888
8437 6025 888
8437 6025 888
8437 6025 888
8437 6025 888
8437 6025 888
8437 6025 888
8437 6025 888
8437 6025 888
8437 6025 888
8437 6025 888
8437 6025 888
5255 5308 888
5255 5308 888
5255 5308 888
5255 5308 888
5255 5308 888
5255 5308 888
5255 5308 888
5255 5308 888
5255 5308 888
5255 5308 888
5255 5308 888
5255 5308 888
5255 5308 888
7971 7759 888
7971 7759 888
7971 7759 888
7971 7759 888
7971 7759 888
7971 7759 888
7971 7759 888
7971 7759 888
7971 7759 888
7971 7759 888
7971 7759 888
7971 7759 888
5399 5986 888
5399 5986 888
5399 5986 888
5399 5986 888
5399 5986 888
5399 5986 888
5399 5986 888
5399 5986 888
5399 5986 888
5399 5986 888
5399 5986 888
5399 5986 888
9279 5714 889
9279 5714 889
9279 5714 889
9279 5714 889
9279 5714 889
9279 5714 889
9279 5714 889
9279 5714 889
9279 5714 889
9279 5714 889
9279 5714 889
9279 5714 889
9279 5714 889
6495 7452 889
6495 7452 889
6495 7452 889
6495 7452 889
6495 7452 889
6495 7452 889
6495 7452 889
6495 7452 889
6495 7452 889
6495 7452 889
6495 7452 889
6495 7452 889
7668 6583 889
7668 6583 889
7668 6583 889
7668 6583 889
7668 6583 889
7668 6583 889
7668 6583 889
7668 6583 889
7668 6583 889
7668 6583 889
7668 6583 889
7668 6583 889
7668 6583 889
7659 7878 889
7659 7878 889
7659 7878 889
7659 7878 889
7659 7878 889
7659 7878 889
7659 7878 889
7659 7878 889
7659 7878 889
7659 7878 889
7659 7878 889
7659 7878 889
7659 7878 889
5398 5301 890
5398 5301 890
5398 5301 890
5398 5301 890
5398 5301 890
5398 5301 890
5398 5301 890
5398 5301 890
5398 5301 890
5398 5301 890
5398 5301 890
5398 5301 890
5262 6010 890
5262 6010 890
5262 6010 890
5262 6010 890
5262 6010 890
5262 6010 890
5262 6010 890
5262 6010 890
5262 6010 890
5262 6010 890
5262 6010 890
5262 6010 890
5262 6010 890
5491 5544 890
5491 5544 890
5491 5544 890
5491 5544 890
5491 5544 890
5491 5544 890
5491 5544 890
5491 5544 890
5491 5544 890
5491 5544 890
5491 5544 890
5491 5544 890
5491 5544 890
9178 5278 890
9178 5278 890
9178 5278 890
9178 5278 890
9178 5278 890
9178 5278 890
9178 5278 890
9178 5278 890
9178 5278 890
9178 5278 890
9178 5278 890
9178 5278 890
9178 5278 890
8814 5434 890
8814 5434 890
8814 5434 890
8814 5434 890
8814 5434 890
8814 5434 890
8814 5434 890
8814 5434 890
8814 5434 890
8814 5434 890
8814 5434 890
8814 5434 890
8814 5434 890
5458 6012 890
5458 6012 890
5458 6012 890
5458 6012 890
5458 6012 890
5458 6012 890
5458 6012 890
5458 6012 890
5458 6012 890
5458 6012 890
5458 6012 890
5458 6012 890
5458 6012 890
6561 7724 891
6561 7724 891
6561 7724 891
6561 7724 891
6561 7724 891
6561 7724 891
6561 7724 891
6561 7724 891
6561 7724 891
6561 7724 891
6561 7724 891
6561 7724 891
6561 7724 891
5288 5527 892
5288 5527 892
5288 5527 892
5288 5527 892
5288 5527 892
5288 5527 892
5288 5527 892
5288 5527 892
5288 5527 892
5288 5527 892
5288 5527 892
5288 5527 892
5288 5527 892
6508 6464 892
6508 6464 892
6508 6464 892
6508 6464 892
6508 6464 892
6508 6464 892
6508 6464 892
6508 6464 892
6508 6464 892
6508 6464 892
6508 6464 892
6508 6464 892
7769 7914 892
7769 7914 892
7769 7914 892
7769 7914 892
7769 7914 892
7769 7914 892
7769 7914 892
7769 7914 892
7769 7914 892
7769 7914 892
7769 7914 892
7769 7914 892
7769 7914 892
5332 5475 893
5332 5475 893
5332 5475 893
5332 5475 893
5332 5475 893
5332 5475 893
5332 5475 893
5332 5475 893
5332 5475 893
5332 5475 893
5332 5475 893
5332 5475 893
7659 7849 893
7659 7849 893
7659 7849 893
7659 7849 893
7659 7849 893
7659 7849 893
7659 7849 893
7659 7849 893
7659 7849 893
7659 7849 893
7659 7849 893
7659 7849 893
7659 7849 893
6590 5375 894
6590 5375 894
6590 5375 894
6590 5375 894
6590 5375 894
6590 5375 894
6590 5375 894
6590 5375 894
6590 5375 894
6590 5375 894
6590 5375 894
6590 5375 894
6590 5375 894
6527 6470 894
6527 6470 894
6527 6470 894
6527 6470 894
6527 6470 894
6527 6470 894
6527 6470 894
6527 6470 894
6527 6470 894
6527 6470 894
6527 6470 894
6527 6470 894
6527 6470 894
5407 5387 895
5407 5387 895
5407 5387 895
5407 5387 895
5407 5387 895
5407 5387 895
5407 5387 895
5407 5387 895
5407 5387 895
5407 5387 895
5407 5387 895
5407 5387 895
5407 5387 895
5358 5995 895
5358 5995 895
5358 5995 895
5358 5995 895
5358 5995 895
5358 5995 895
5358 5995 895
5358 5995 895
5358 5995 895
5358 5995 895
5358 5995 895
5358 5995 895
7782 5395 897
7782 5395 897
7782 5395 897
7782 5395 897
7782 5395 897
7782 5395 897
7782 5395 897
7782 5395 897
7782 5395 897
7782 5395 897
7782 5395 897
7782 5395 897
7684 6588 897
7684 6588 897
7684 6588 897
7684 6588 897
7684 6588 897
7684 6588 897
7684 6588 897
7684 6588 897
7684 6588 897
7684 6588 897
7684 6588 897
7684 6588 897
7684 6588 897
5277 8752 898
5277 8752 898
5277 8752 898
5277 8752 898
5277 8752 898
5277 8752 898
5277 8752 898
5277 8752 898
5277 8752 898
5277 8752 898
5277 8752 898
5277 8752 898
5277 8752 898
6546 6364 898
6546 6364 898
6546 6364 898
6546 6364 898
6546 6364 898
6546 6364 898
6546 6364 898
6546 6364 898
6546 6364 898
6546 6364 898
6546 6364 898
6546 6364 898
9202 8806 898
9202 8806 898
9202 8806 898
9202 8806 898
9202 8806 898
9202 8806 898
9202 8806 898
9202 8806 898
9202 8806 898
9202 8806 898
9202 8806 898
9202 8806 898
9202 8806 898
5558 6012 899
5558 6012 899
5558 6012 899
5558 6012 899
5558 6012 899
5558 6012 899
5558 6012 899
5558 6012 899
5558 6012 899
5558 6012 899
5558 6012 899
5558 6012 899
5486 5510 899
5486 5510 899
5486 5510 899
5486 5510 899
5486 5510 899
5486 5510 899
5486 5510 899
5486 5510 899
5486 5510 899
5486 5510 899
5486 5510 899
5486 5510 899
5486 5510 899
9195 5379 899
9195 5379 899
9195 5379 899
9195 5379 899
9195 5379 899
9195 5379 899
9195 5379 899
9195 5379 899
9195 5379 899
9195 5379 899
9195 5379 899
9195 5379 899
9269 5302 899
9269 5302 899
9269 5302 899
9269 5302 899
9269 5302 899
9269 5302 899
9269 5302 899
9269 5302 899
9269 5302 899
9269 5302 899
9269 5302 899
9269 5302 899
9269 5302 899
6593 6446 903
6593 6446 903
6593 6446 903
6593 6446 903
6593 6446 903
6593 6446 903
6593 6446 903
6593 6446 903
6593 6446 903
6593 6446 903
6593 6446 903
6593 6446 903
8823 8763 903
8823 8763 903
8823 8763 903
8823 8763 903
8823 8763 903
8823 8763 903
8823 8763 903
8823 8763 903
8823 8763 903
8823 8763 903
8823 8763 903
8823 8763 903
5269 9146 904
5269 9146 904
5269 9146 904
5269 9146 904
5269 9146 904
5269 9146 904
5269 9146 904
5269 9146 904
5269 9146 904
5269 9146 904
5269 9146 904
5269 9146 904
5410 8461 2179
5410 8461 2179
5410 8461 2179
5410 8461 2179
5410 8461 2179
5410 8461 2179
5410 8461 2179
5410 8461 2179
5410 8461 2179
5410 8461 2179
5410 8461 2179
5410 8461 2179
5331 5462 2180
5331 5462 2180
5331 5462 2180
5331 5462 2180
5331 5462 2180
5331 5462 2180
5331 5462 2180
5331 5462 2180
5331 5462 2180
5331 5462 2180
5331 5462 2180
5331 5462 2180
5356 5420 2182
5356 5420 2182
5356 5420 2182
5356 5420 2182
5356 5420 2182
5356 5420 2182
5356 5420 2182
5356 5420 2182
5356 5420 2182
5356 5420 2182
5356 5420 2182
5356 5420 2182
5356 5420 2182
7859 8373 2189
7859 8373 2189
7859 8373 2189
7859 8373 2189
7859 8373 2189
7859 8373 2189
7859 8373 2189
7859 8373 2189
7859 8373 2189
7859 8373 2189
7859 8373 2189
7859 8373 2189
7767 5433 2191
7767 5433 2191
7767 5433 2191
7767 5433 2191
7767 5433 2191
7767 5433 2191
7767 5433 2191
7767 5433 2191
7767 5433 2191
7767 5433 2191
7767 5433 2191
7767 5433 2191
7767 5433 2191
6532 6397 2212
6532 6397 2212
6532 6397 2212
6532 6397 2212
6532 6397 2212
6532 6397 2212
6532 6397 2212
6532 6397 2212
6532 6397 2212
6532 6397 2212
6532 6397 2212
6532 6397 2212
8432 8673 2215
8432 8673 2215
8432 8673 2215
8432 8673 2215
8432 8673 2215
8432 8673 2215
8432 8673 2215
8432 8673 2215
8432 8673 2215
8432 8673 2215
8432 8673 2215
8432 8673 2215
8432 8673 2215
5563 5341 2216
5563 5341 2216
5563 5341 2216
5563 5341 2216
5563 5341 2216
5563 5341 2216
5563 5341 2216
5563 5341 2216
5563 5341 2216
5563 5341 2216
5563 5341 2216
5563 5341 2216
5563 5341 2216
5392 6588 2219
5392 6588 2219
5392 6588 2219
5392 6588 2219
5392 6588 2219
5392 6588 2219
5392 6588 2219
5392 6588 2219
5392 6588 2219
5392 6588 2219
5392 6588 2219
5392 6588 2219
6602 8675 2219
6602 8675 2219
6602 8675 2219
6602 8675 2219
6602 8675 2219
6602 8675 2219
6602 8675 2219
6602 8675 2219
6602 8675 2219
6602 8675 2219
6602 8675 2219
6602 8675 2219
6602 8675 2219
6556 6398 2225
6556 6398 2225
6556 6398 2225
6556 6398 2225
6556 6398 2225
6556 6398 2225
6556 6398 2225
6556 6398 2225
6556 6398 2225
6556 6398 2225
6556 6398 2225
6556 6398 2225
7545 7485 2226
7545 7485 2226
7545 7485 2226
7545 7485 2226
7545 7485 2226
7545 7485 2226
7545 7485 2226
7545 7485 2226
7545 7485 2226
7545 7485 2226
7545 7485 2226
7545 7485 2226
7545 7485 2226
8480 7731 2233
8480 7731 2233
8480 7731 2233
8480 7731 2233
8480 7731 2233
8480 7731 2233
8480 7731 2233
8480 7731 2233
8480 7731 2233
8480 7731 2233
8480 7731 2233
8480 7731 2233
8480 7731 2233
7781 6018 2234
7781 6018 2234
7781 6018 2234
7781 6018 2234
7781 6018 2234
7781 6018 2234
7781 6018 2234
7781 6018 2234
7781 6018 2234
7781 6018 2234
7781 6018 2234
7781 6018 2234
7781 6018 2234
6450 6550 2234
6450 6550 2234
6450 6550 2234
6450 6550 2234
6450 6550 2234
6450 6550 2234
6450 6550 2234
6450 6550 2234
6450 6550 2234
6450 6550 2234
6450 6550 2234
6450 6550 2234
7690 6517 2234
7690 6517 2234
7690 6517 2234
7690 6517 2234
7690 6517 2234
7690 6517 2234
7690 6517 2234
7690 6517 2234
7690 6517 2234
7690 6517 2234
7690 6517 2234
7690 6517 2234
7690 6517 2234
6607 7716 2234
6607 7716 2234
6607 7716 2234
6607 7716 2234
6607 7716 2234
6607 7716 2234
6607 7716 2234
6607 7716 2234
6607 7716 2234
6607 7716 2234
6607 7716 2234
6607 7716 2234
6607 7716 2234
5572 5377 2236
5572 5377 2236
5572 5377 2236
5572 5377 2236
5572 5377 2236
5572 5377 2236
5572 5377 2236
5572 5377 2236
5572 5377 2236
5572 5377 2236
5572 5377 2236
5572 5377 2236
8459 6555 2236
8459 6555 2236
8459 6555 2236
8459 6555 2236
8459 6555 2236
8459 6555 2236
8459 6555 2236
8459 6555 2236
8459 6555 2236
8459 6555 2236
8459 6555 2236
8459 6555 2236
8459 6555 2236
6479 7481 2237
6479 7481 2237
6479 7481 2237
6479 7481 2237
6479 7481 2237
6479 7481 2237
6479 7481 2237
6479 7481 2237
6479 7481 2237
6479 7481 2237
6479 7481 2237
6479 7481 2237
6479 7481 2237
5292 5252 2239
5292 5252 2239
5292 5252 2239
5292 5252 2239
5292 5252 2239
5292 5252 2239
5292 5252 2239
5292 5252 2239
5292 5252 2239
5292 5252 2239
5292 5252 2239
5292 5252 2239
5292 5252 2239
7833 7752 2239
7833 7752 2239
7833 7752 2239
7833 7752 2239
7833 7752 2239
7833 7752 2239
7833 7752 2239
7833 7752 2239
7833 7752 2239
7833 7752 2239
7833 7752 2239
7833 7752 2239
7833 7752 2239
7665 7819 2240
7665 7819 2240
7665 7819 2240
7665 7819 2240
7665 7819 2240
7665 7819 2240
7665 7819 2240
7665 7819 2240
7665 7819 2240
7665 7819 2240
7665 7819 2240
7665 7819 2240
5363 6557 2241
5363 6557 2241
5363 6557 2241
5363 6557 2241
5363 6557 2241
5363 6557 2241
5363 6557 2241
5363 6557 2241
5363 6557 2241
5363 6557 2241
5363 6557 2241
5363 6557 2241
5363 6557 2241
7943 6055 2241
7943 6055 2241
7943 6055 2241
7943 6055 2241
7943 6055 2241
7943 6055 2241
7943 6055 2241
7943 6055 2241
7943 6055 2241
7943 6055 2241
7943 6055 2241
7943 6055 2241
7943 6055 2241
6461 7455 2242
6461 7455 2242
6461 7455 2242
6461 7455 2242
6461 7455 2242
6461 7455 2242
6461 7455 2242
6461 7455 2242
6461 7455 2242
6461 7455 2242
6461 7455 2242
6461 7455 2242
9215 5307 2243
9215 5307 2243
9215 5307 2243
9215 5307 2243
9215 5307 2243
9215 5307 2243
9215 5307 2243
9215 5307 2243
9215 5307 2243
9215 5307 2243
9215 5307 2243
9215 5307 2243
5267 9157 2243
5267 9157 2243
5267 9157 2243
5267 9157 2243
5267 9157 2243
5267 9157 2243
5267 9157 2243
5267 9157 2243
5267 9157 2243
5267 9157 2243
5267 9157 2243
5267 9157 2243
5267 9157 2243
7515 7500 2243
7515 7500 2243
7515 7500 2243
7515 7500 2243
7515 7500 2243
7515 7500 2243
7515 7500 2243
7515 7500 2243
7515 7500 2243
7515 7500 2243
7515 7500 2243
7515 7500 2243
7515 7500 2243
6359 6424 2243
6359 6424 2243
6359 6424 2243
6359 6424 2243
6359 6424 2243
6359 6424 2243
6359 6424 2243
6359 6424 2243
6359 6424 2243
6359 6424 2243
6359 6424 2243
6359 6424 2243
6359 6424 2243
5261 8434 2243
5261 8434 2243
5261 8434 2243
5261 8434 2243
5261 8434 2243
5261 8434 2243
5261 8434 2243
5261 8434 2243
5261 8434 2243
5261 8434 2243
5261 8434 2243
5261 8434 2243
6038 6562 2244
6038 6562 2244
6038 6562 2244
6038 6562 2244
6038 6562 2244
6038 6562 2244
6038 6562 2244
6038 6562 2244
6038 6562 2244
6038 6562 2244
6038 6562 2244
6038 6562 2244
5261 5301 2245
5261 5301 2245
5261 5301 2245
5261 5301 2245
5261 5301 2245
5261 5301 2245
5261 5301 2245
5261 5301 2245
5261 5301 2245
5261 5301 2245
5261 5301 2245
5261 5301 2245
5582 5519 2245
5582 5519 2245
5582 5519 2245
5582 5519 2245
5582 5519 2245
5582 5519 2245
5582 5519 2245
5582 5519 2245
5582 5519 2245
5582 5519 2245
5582 5519 2245
5582 5519 2245
5582 5519 2245
5544 5357 2245
5544 5357 2245
5544 5357 2245
5544 5357 2245
5544 5357 2245
5544 5357 2245
5544 5357 2245
5544 5357 2245
5544 5357 2245
5544 5357 2245
5544 5357 2245
5544 5357 2245
9223 5303 2245
9223 5303 2245
9223 5303 2245
9223 5303 2245
9223 5303 2245
9223 5303 2245
9223 5303 2245
9223 5303 2245
9223 5303 2245
9223 5303 2245
9223 5303 2245
9223 5303 2245
9223 5303 2245
6586 5924 2245
6586 5924 2245
6586 5924 2245
6586 5924 2245
6586 5924 2245
6586 5924 2245
6586 5924 2245
6586 5924 2245
6586 5924 2245
6586 5924 2245
6586 5924 2245
6586 5924 2245
6586 5924 2245
7724 6521 2245
7724 6521 2245
7724 6521 2245
7724 6521 2245
7724 6521 2245
7724 6521 2245
7724 6521 2245
7724 6521 2245
7724 6521 2245
7724 6521 2245
7724 6521 2245
7724 6521 2245
7724 6521 2245
8459 7750 2245
8459 7750 2245
8459 7750 2245
8459 7750 2245
8459 7750 2245
8459 7750 2245
8459 7750 2245
8459 7750 2245
8459 7750 2245
8459 7750 2245
8459 7750 2245
8459 7750 2245
6523 7713 2247
6523 7713 2247
6523 7713 2247
6523 7713 2247
6523 7713 2247
6523 7713 2247
6523 7713 2247
6523 7713 2247
6523 7713 2247
6523 7713 2247
6523 7713 2247
6523 7713 2247
6523 7713 2247
6467 6448 2247
6467 6448 2247
6467 6448 2247
6467 6448 2247
6467 6448 2247
6467 6448 2247
6467 6448 2247
6467 6448 2247
6467 6448 2247
6467 6448 2247
6467 6448 2247
6467 6448 2247
6467 6448 2247
5433 6004 2247
5433 6004 2247
5433 6004 2247
5433 6004 2247
5433 6004 2247
5433 6004 2247
5433 6004 2247
5433 6004 2247
5433 6004 2247
5433 6004 2247
5433 6004 2247
5433 6004 2247
5433 6004 2247
7772 8462 2248
7772 8462 2248
7772 8462 2248
7772 8462 2248
7772 8462 2248
7772 8462 2248
7772 8462 2248
7772 8462 2248
7772 8462 2248
7772 8462 2248
7772 8462 2248
7772 8462 2248
8461 5544 2248
8461 5544 2248
8461 5544 2248
8461 5544 2248
8461 5544 2248
8461 5544 2248
8461 5544 2248
8461 5544 2248
8461 5544 2248
8461 5544 2248
8461 5544 2248
8461 5544 2248
8461 5544 2248
5441 5985 2248
5441 5985 2248
5441 5985 2248
5441 5985 2248
5441 5985 2248
5441 5985 2248
5441 5985 2248
5441 5985 2248
5441 5985 2248
5441 5985 2248
5441 5985 2248
5441 5985 2248
7794 7802 2248
7794 7802 2248
7794 7802 2248
7794 7802 2248
7794 7802 2248
7794 7802 2248
7794 7802 2248
7794 7802 2248
7794 7802 2248
7794 7802 2248
7794 7802 2248
7794 7802 2248
7794 7802 2248
5394 7719 2249
5394 7719 2249
5394 7719 2249
5394 7719 2249
5394 7719 2249
5394 7719 2249
5394 7719 2249
5394 7719 2249
5394 7719 2249
5394 7719 2249
5394 7719 2249
5394 7719 2249
6557 6598 2249
6557 6598 2249
6557 6598 2249
6557 6598 2249
6557 6598 2249
6557 6598 2249
6557 6598 2249
6557 6598 2249
6557 6598 2249
6557 6598 2249
6557 6598 2249
6557 6598 2249
6557 6598 2249
6009 5391 2249
6009 5391 2249
6009 5391 2249
6009 5391 2249
6009 5391 2249
6009 5391 2249
6009 5391 2249
6009 5391 2249
6009 5391 2249
6009 5391 2249
6009 5391 2249
6009 5391 2249
6009 5391 2249
5296 5558 2249
5296 5558 2249
5296 5558 2249
5296 5558 2249
5296 5558 2249
5296 5558 2249
5296 5558 2249
5296 5558 2249
5296 5558 2249
5296 5558 2249
5296 5558 2249
5296 5558 2249
5296 5558 2249
5259 8668 2250
5259 8668 2250
5259 8668 2250
5259 8668 2250
5259 8668 2250
5259 8668 2250
5259 8668 2250
5259 8668 2250
5259 8668 2250
5259 8668 2250
5259 8668 2250
5259 8668 2250
5259 8668 2250
6517 6486 2250
6517 6486 2250
6517 6486 2250
6517 6486 2250
6517 6486 2250
6517 6486 2250
6517 6486 2250
6517 6486 2250
6517 6486 2250
6517 6486 2250
6517 6486 2250
6517 6486 2250
6517 6486 2250
5477 9279 2250
5477 9279 2250
5477 9279 2250
5477 9279 2250
5477 9279 2250
5477 9279 2250
5477 9279 2250
5477 9279 2250
5477 9279 2250
5477 9279 2250
5477 9279 2250
5477 9279 2250
6497 7482 2251
6497 7482 2251
6497 7482 2251
6497 7482 2251
6497 7482 2251
6497 7482 2251
6497 7482 2251
6497 7482 2251
6497 7482 2251
6497 7482 2251
6497 7482 2251
6497 7482 2251
6508 7819 2251
6508 7819 2251
6508 7819 2251
6508 7819 2251
6508 7819 2251
6508 7819 2251
6508 7819 2251
6508 7819 2251
6508 7819 2251
6508 7819 2251
6508 7819 2251
6508 7819 2251
7690 6543 2251
7690 6543 2251
7690 6543 2251
7690 6543 2251
7690 6543 2251
7690 6543 2251
7690 6543 2251
7690 6543 2251
7690 6543 2251
7690 6543 2251
7690 6543 2251
7690 6543 2251
8434 5422 2251
8434 5422 2251
8434 5422 2251
8434 5422 2251
8434 5422 2251
8434 5422 2251
8434 5422 2251
8434 5422 2251
8434 5422 2251
8434 5422 2251
8434 5422 2251
8434 5422 2251
6611 9634 2252
6611 9634 2252
6611 9634 2252
6611 9634 2252
6611 9634 2252
6611 9634 2252
6611 9634 2252
6611 9634 2252
6611 9634 2252
6611 9634 2252
6611 9634 2252
6611 9634 2252
6611 9634 2252
6601 7717 2252
6601 7717 2252
6601 7717 2252
6601 7717 2252
6601 7717 2252
6601 7717 2252
6601 7717 2252
6601 7717 2252
6601 7717 2252
6601 7717 2252
6601 7717 2252
6601 7717 2252
6544 7691 2252
6544 7691 2252
6544 7691 2252
6544 7691 2252
6544 7691 2252
6544 7691 2252
6544 7691 2252
6544 7691 2252
6544 7691 2252
6544 7691 2252
6544 7691 2252
6544 7691 2252
5415 8462 2252
5415 8462 2252
5415 8462 2252
5415 8462 2252
5415 8462 2252
5415 8462 2252
5415 8462 2252
5415 8462 2252
5415 8462 2252
5415 8462 2252
5415 8462 2252
5415 8462 2252
5544 5357 2252
5544 5357 2252
5544 5357 2252
5544 5357 2252
5544 5357 2252
5544 5357 2252
5544 5357 2252
5544 5357 2252
5544 5357 2252
5544 5357 2252
5544 5357 2252
5544 5357 2252
5264 6544 2253
5264 6544 2253
5264 6544 2253
5264 6544 2253
5264 6544 2253
5264 6544 2253
5264 6544 2253
5264 6544 2253
5264 6544 2253
5264 6544 2253
5264 6544 2253
5264 6544 2253
5264 6544 2253
6010 8464 2254
6010 8464 2254
6010 8464 2254
6010 8464 2254
6010 8464 2254
6010 8464 2254
6010 8464 2254
6010 8464 2254
6010 8464 2254
6010 8464 2254
6010 8464 2254
6010 8464 2254
5358 6591 2254
5358 6591 2254
5358 6591 2254
5358 6591 2254
5358 6591 2254
5358 6591 2254
5358 6591 2254
5358 6591 2254
5358 6591 2254
5358 6591 2254
5358 6591 2254
5358 6591 2254
5280 5402 2255
5280 5402 2255
5280 5402 2255
5280 5402 2255
5280 5402 2255
5280 5402 2255
5280 5402 2255
5280 5402 2255
5280 5402 2255
5280 5402 2255
5280 5402 2255
5280 5402 2255
5280 5402 2255
6075 8464 2255
6075 8464 2255
6075 8464 2255
6075 8464 2255
6075 8464 2255
6075 8464 2255
6075 8464 2255
6075 8464 2255
6075 8464 2255
6075 8464 2255
6075 8464 2255
6075 8464 2255
6075 8464 2255
7961 7879 2255
7961 7879 2255
7961 7879 2255
7961 7879 2255
7961 7879 2255
7961 7879 2255
7961 7879 2255
7961 7879 2255
7961 7879 2255
7961 7879 2255
7961 7879 2255
7961 7879 2255
6327 7666 2256
6327 7666 2256
6327 7666 2256
6327 7666 2256
6327 7666 2256
6327 7666 2256
6327 7666 2256
6327 7666 2256
6327 7666 2256
6327 7666 2256
6327 7666 2256
6327 7666 2256
7914 7880 2256
7914 7880 2256
7914 7880 2256
7914 7880 2256
7914 7880 2256
7914 7880 2256
7914 7880 2256
7914 7880 2256
7914 7880 2256
7914 7880 2256
7914 7880 2256
7914 7880 2256
7914 7880 2256
8462 8436 2256
8462 8436 2256
8462 8436 2256
8462 8436 2256
8462 8436 2256
8462 8436 2256
8462 8436 2256
8462 8436 2256
8462 8436 2256
8462 8436 2256
8462 8436 2256
8462 8436 2256
7515 7791 2256
7515 7791 2256
7515 7791 2256
7515 7791 2256
7515 7791 2256
7515 7791 2256
7515 7791 2256
7515 7791 2256
7515 7791 2256
7515 7791 2256
7515 7791 2256
7515 7791 2256
8455 6550 2256
8455 6550 2256
8455 6550 2256
8455 6550 2256
8455 6550 2256
8455 6550 2256
8455 6550 2256
8455 6550 2256
8455 6550 2256
8455 6550 2256
8455 6550 2256
8455 6550 2256
5385 7716 2256
5385 7716 2256
5385 7716 2256
5385 7716 2256
5385 7716 2256
5385 7716 2256
5385 7716 2256
5385 7716 2256
5385 7716 2256
5385 7716 2256
5385 7716 2256
5385 7716 2256
5385 7716 2256
6477 6461 2256
6477 6461 2256
6477 6461 2256
6477 6461 2256
6477 6461 2256
6477 6461 2256
6477 6461 2256
6477 6461 2256
6477 6461 2256
6477 6461 2256
6477 6461 2256
6477 6461 2256
9524 6529 2257
9524 6529 2257
9524 6529 2257
9524 6529 2257
9524 6529 2257
9524 6529 2257
9524 6529 2257
9524 6529 2257
9524 6529 2257
9524 6529 2257
9524 6529 2257
9524 6529 2257
6488 6300 2257
6488 6300 2257
6488 6300 2257
6488 6300 2257
6488 6300 2257
6488 6300 2257
6488 6300 2257
6488 6300 2257
6488 6300 2257
6488 6300 2257
6488 6300 2257
6488 6300 2257
6344 5291 2258
6344 5291 2258
6344 5291 2258
6344 5291 2258
6344 5291 2258
6344 5291 2258
6344 5291 2258
6344 5291 2258
6344 5291 2258
6344 5291 2258
6344 5291 2258
6344 5291 2258
6344 5291 2258
7453 9615 2259
7453 9615 2259
7453 9615 2259
7453 9615 2259
7453 9615 2259
7453 9615 2259
7453 9615 2259
7453 9615 2259
7453 9615 2259
7453 9615 2259
7453 9615 2259
7453 9615 2259
5445 6612 2259
5445 6612 2259
5445 6612 2259
5445 6612 2259
5445 6612 2259
5445 6612 2259
5445 6612 2259
5445 6612 2259
5445 6612 2259
5445 6612 2259
5445 6612 2259
5445 6612 2259
5445 6612 2259
6387 6531 2259
6387 6531 2259
6387 6531 2259
6387 6531 2259
6387 6531 2259
6387 6531 2259
6387 6531 2259
6387 6531 2259
6387 6531 2259
6387 6531 2259
6387 6531 2259
6387 6531 2259
7502 7831 2260
7502 7831 2260
7502 7831 2260
7502 7831 2260
7502 7831 2260
7502 7831 2260
7502 7831 2260
7502 7831 2260
7502 7831 2260
7502 7831 2260
7502 7831 2260
7502 7831 2260
7502 7831 2260
7811 7732 2260
7811 7732 2260
7811 7732 2260
7811 7732 2260
7811 7732 2260
7811 7732 2260
7811 7732 2260
7811 7732 2260
7811 7732 2260
7811 7732 2260
7811 7732 2260
7811 7732 2260
8762 5340 2260
8762 5340 2260
8762 5340 2260
8762 5340 2260
8762 5340 2260
8762 5340 2260
8762 5340 2260
8762 5340 2260
8762 5340 2260
8762 5340 2260
8762 5340 2260
8762 5340 2260
8762 5340 2260
5395 6543 2260
5395 6543 2260
5395 6543 2260
5395 6543 2260
5395 6543 2260
5395 6543 2260
5395 6543 2260
5395 6543 2260
5395 6543 2260
5395 6543 2260
5395 6543 2260
5395 6543 2260
5395 6543 2260
5363 7768 2260
5363 7768 2260
5363 7768 2260
5363 7768 2260
5363 7768 2260
5363 7768 2260
5363 7768 2260
5363 7768 2260
5363 7768 2260
5363 7768 2260
5363 7768 2260
5363 7768 2260
5363 7768 2260
9613 6328 2260
9613 6328 2260
9613 6328 2260
9613 6328 2260
9613 6328 2260
9613 6328 2260
9613 6328 2260
9613 6328 2260
9613 6328 2260
9613 6328 2260
9613 6328 2260
9613 6328 2260
9613 6328 2260
5378 8461 2260
5378 8461 2260
5378 8461 2260
5378 8461 2260
5378 8461 2260
5378 8461 2260
5378 8461 2260
5378 8461 2260
5378 8461 2260
5378 8461 2260
5378 8461 2260
5378 8461 2260
5378 8461 2260
5379 9155 2260
5379 9155 2260
5379 9155 2260
5379 9155 2260
5379 9155 2260
5379 9155 2260
5379 9155 2260
5379 9155 2260
5379 9155 2260
5379 9155 2260
5379 9155 2260
5379 9155 2260
7902 7907 2260
7902 7907 2260
7902 7907 2260
7902 7907 2260
7902 7907 2260
7902 7907 2260
7902 7907 2260
7902 7907 2260
7902 7907 2260
7902 7907 2260
7902 7907 2260
7902 7907 2260
6011 5409 2260
6011 5409 2260
6011 5409 2260
6011 5409 2260
6011 5409 2260
6011 5409 2260
6011 5409 2260
6011 5409 2260
6011 5409 2260
6011 5409 2260
6011 5409 2260
6011 5409 2260
6011 5409 2260
6327 6488 2261
6327 6488 2261
6327 6488 2261
6327 6488 2261
6327 6488 2261
6327 6488 2261
6327 6488 2261
6327 6488 2261
6327 6488 2261
6327 6488 2261
6327 6488 2261
6327 6488 2261
7926 5924 2261
7926 5924 2261
7926 5924 2261
7926 5924 2261
7926 5924 2261
7926 5924 2261
7926 5924 2261
7926 5924 2261
7926 5924 2261
7926 5924 2261
7926 5924 2261
7926 5924 2261
7926 5924 2261
5296 5519 2261
5296 5519 2261
5296 5519 2261
5296 5519 2261
5296 5519 2261
5296 5519 2261
5296 5519 2261
5296 5519 2261
5296 5519 2261
5296 5519 2261
5296 5519 2261
5296 5519 2261
6585 8705 2261
6585 8705 2261
6585 8705 2261
6585 8705 2261
6585 8705 2261
6585 8705 2261
6585 8705 2261
6585 8705 2261
6585 8705 2261
6585 8705 2261
6585 8705 2261
6585 8705 2261
6585 8705 2261
8436 8698 2261
8436 8698 2261
8436 8698 2261
8436 8698 2261
8436 8698 2261
8436 8698 2261
8436 8698 2261
8436 8698 2261
8436 8698 2261
8436 8698 2261
8436 8698 2261
8436 8698 2261
8436 8698 2261
5463 9209 2261
5463 9209 2261
5463 9209 2261
5463 9209 2261
5463 9209 2261
5463 9209 2261
5463 9209 2261
5463 9209 2261
5463 9209 2261
5463 9209 2261
5463 9209 2261
5463 9209 2261
5335 5506 2263
5335 5506 2263
5335 5506 2263
5335 5506 2263
5335 5506 2263
5335 5506 2263
5335 5506 2263
5335 5506 2263
5335 5506 2263
5335 5506 2263
5335 5506 2263
5335 5506 2263
5335 5506 2263
7800 7704 2264
7800 7704 2264
7800 7704 2264
7800 7704 2264
7800 7704 2264
7800 7704 2264
7800 7704 2264
7800 7704 2264
7800 7704 2264
7800 7704 2264
7800 7704 2264
7800 7704 2264
7800 7704 2264
5496 5404 2264
5496 5404 2264
5496 5404 2264
5496 5404 2264
5496 5404 2264
5496 5404 2264
5496 5404 2264
5496 5404 2264
5496 5404 2264
5496 5404 2264
5496 5404 2264
5496 5404 2264
7806 7792 2264
7806 7792 2264
7806 7792 2264
7806 7792 2264
7806 7792 2264
7806 7792 2264
7806 7792 2264
7806 7792 2264
7806 7792 2264
7806 7792 2264
7806 7792 2264
7806 7792 2264
7806 7792 2264
7768 8437 2265
7768 8437 2265
7768 8437 2265
7768 8437 2265
7768 8437 2265
7768 8437 2265
7768 8437 2265
7768 8437 2265
7768 8437 2265
7768 8437 2265
7768 8437 2265
7768 8437 2265
7768 8437 2265
7915 7819 2266
7915 7819 2266
7915 7819 2266
7915 7819 2266
7915 7819 2266
7915 7819 2266
7915 7819 2266
7915 7819 2266
7915 7819 2266
7915 7819 2266
7915 7819 2266
7915 7819 2266
7915 7819 2266
5394 6591 2266
5394 6591 2266
5394 6591 2266
5394 6591 2266
5394 6591 2266
5394 6591 2266
5394 6591 2266
5394 6591 2266
5394 6591 2266
5394 6591 2266
5394 6591 2266
5394 6591 2266
5394 6591 2266
5280 8770 2267
5280 8770 2267
5280 8770 2267
5280 8770 2267
5280 8770 2267
5280 8770 2267
5280 8770 2267
5280 8770 2267
5280 8770 2267
5280 8770 2267
5280 8770 2267
5280 8770 2267
5280 8770 2267
7658 7802 2267
7658 7802 2267
7658 7802 2267
7658 7802 2267
7658 7802 2267
7658 7802 2267
7658 7802 2267
7658 7802 2267
7658 7802 2267
7658 7802 2267
7658 7802 2267
7658 7802 2267
9524 8443 2267
9524 8443 2267
9524 8443 2267
9524 8443 2267
9524 8443 2267
9524 8443 2267
9524 8443 2267
9524 8443 2267
9524 8443 2267
9524 8443 2267
9524 8443 2267
9524 8443 2267
5298 8770 2268
5298 8770 2268
5298 8770 2268
5298 8770 2268
5298 8770 2268
5298 8770 2268
5298 8770 2268
5298 8770 2268
5298 8770 2268
5298 8770 2268
5298 8770 2268
5298 8770 2268
8434 6563 2269
8434 6563 2269
8434 6563 2269
8434 6563 2269
8434 6563 2269
8434 6563 2269
8434 6563 2269
8434 6563 2269
8434 6563 2269
8434 6563 2269
8434 6563 2269
8434 6563 2269
6329 7515 2269
6329 7515 2269
6329 7515 2269
6329 7515 2269
6329 7515 2269
6329 7515 2269
6329 7515 2269
6329 7515 2269
6329 7515 2269
6329 7515 2269
6329 7515 2269
6329 7515 2269
7734 7895 2269
7734 7895 2269
7734 7895 2269
7734 7895 2269
7734 7895 2269
7734 7895 2269
7734 7895 2269
7734 7895 2269
7734 7895 2269
7734 7895 2269
7734 7895 2269
7734 7895 2269
5429 8462 2269
5429 8462 2269
5429 8462 2269
5429 8462 2269
5429 8462 2269
5429 8462 2269
5429 8462 2269
5429 8462 2269
5429 8462 2269
5429 8462 2269
5429 8462 2269
5429 8462 2269
5276 5317 2271
5276 5317 2271
5276 5317 2271
5276 5317 2271
5276 5317 2271
5276 5317 2271
5276 5317 2271
5276 5317 2271
5276 5317 2271
5276 5317 2271
5276 5317 2271
5276 5317 2271
6424 6383 2271
6424 6383 2271
6424 6383 2271
6424 6383 2271
6424 6383 2271
6424 6383 2271
6424 6383 2271
6424 6383 2271
6424 6383 2271
6424 6383 2271
6424 6383 2271
6424 6383 2271
5359 6610 2271
5359 6610 2271
5359 6610 2271
5359 6610 2271
5359 6610 2271
5359 6610 2271
5359 6610 2271
5359 6610 2271
5359 6610 2271
5359 6610 2271
5359 6610 2271
5359 6610 2271
6531 6364 2271
6531 6364 2271
6531 6364 2271
6531 6364 2271
6531 6364 2271
6531 6364 2271
6531 6364 2271
6531 6364 2271
6531 6364 2271
6531 6364 2271
6531 6364 2271
6531 6364 2271
6531 6364 2271
9252 5277 2271
9252 5277 2271
9252 5277 2271
9252 5277 2271
9252 5277 2271
9252 5277 2271
9252 5277 2271
9252 5277 2271
9252 5277 2271
9252 5277 2271
9252 5277 2271
9252 5277 2271
9252 5277 2271
7874 7855 2272
7874 7855 2272
7874 7855 2272
7874 7855 2272
7874 7855 2272
7874 7855 2272
7874 7855 2272
7874 7855 2272
7874 7855 2272
7874 7855 2272
7874 7855 2272
7874 7855 2272
7742 9672 2272
7742 9672 2272
7742 9672 2272
7742 9672 2272
7742 9672 2272
7742 9672 2272
7742 9672 2272
7742 9672 2272
7742 9672 2272
7742 9672 2272
7742 9672 2272
7742 9672 2272
7688 7733 2272
7688 7733 2272
7688 7733 2272
7688 7733 2272
7688 7733 2272
7688 7733 2272
7688 7733 2272
7688 7733 2272
7688 7733 2272
7688 7733 2272
7688 7733 2272
7688 7733 2272
8450 6414 2272
8450 6414 2272
8450 6414 2272
8450 6414 2272
8450 6414 2272
8450 6414 2272
8450 6414 2272
8450 6414 2272
8450 6414 2272
8450 6414 2272
8450 6414 2272
8450 6414 2272
7881 7750 2272
7881 7750 2272
7881 7750 2272
7881 7750 2272
7881 7750 2272
7881 7750 2272
7881 7750 2272
7881 7750 2272
7881 7750 2272
7881 7750 2272
7881 7750 2272
7881 7750 2272
7902 7921 2272
7902 7921 2272
7902 7921 2272
7902 7921 2272
7902 7921 2272
7902 7921 2272
7902 7921 2272
7902 7921 2272
7902 7921 2272
7902 7921 2272
7902 7921 2272
7902 7921 2272
7902 7921 2272
5379 5302 2273
5379 5302 2273
5379 5302 2273
5379 5302 2273
5379 5302 2273
5379 5302 2273
5379 5302 2273
5379 5302 2273
5379 5302 2273
5379 5302 2273
5379 5302 2273
5379 5302 2273
5353 5290 2273
5353 5290 2273
5353 5290 2273
5353 5290 2273
5353 5290 2273
5353 5290 2273
5353 5290 2273
5353 5290 2273
5353 5290 2273
5353 5290 2273
5353 5290 2273
5353 5290 2273
5353 5290 2273
7702 7812 2273
7702 7812 2273
7702 7812 2273
7702 7812 2273
7702 7812 2273
7702 7812 2273
7702 7812 2273
7702 7812 2273
7702 7812 2273
7702 7812 2273
7702 7812 2273
7702 7812 2273
5359 5443 2274
5359 5443 2274
5359 5443 2274
5359 5443 2274
5359 5443 2274
5359 5443 2274
5359 5443 2274
5359 5443 2274
5359 5443 2274
5359 5443 2274
5359 5443 2274
5359 5443 2274
5359 5443 2274
7497 6309 2274
7497 6309 2274
7497 6309 2274
7497 6309 2274
7497 6309 2274
7497 6309 2274
7497 6309 2274
7497 6309 2274
7497 6309 2274
7497 6309 2274
7497 6309 2274
7497 6309 2274
7697 7916 2274
7697 7916 2274
7697 7916 2274
7697 7916 2274
7697 7916 2274
7697 7916 2274
7697 7916 2274
7697 7916 2274
7697 7916 2274
7697 7916 2274
7697 7916 2274
7697 7916 2274
7697 7916 2274
6531 5258 2275
6531 5258 2275
6531 5258 2275
6531 5258 2275
6531 5258 2275
6531 5258 2275
6531 5258 2275
6531 5258 2275
6531 5258 2275
6531 5258 2275
6531 5258 2275
6531 5258 2275
6444 7916 2275
6444 7916 2275
6444 7916 2275
6444 7916 2275
6444 7916 2275
6444 7916 2275
6444 7916 2275
6444 7916 2275
6444 7916 2275
6444 7916 2275
6444 7916 2275
6444 7916 2275
7755 6542 2276
7755 6542 2276
7755 6542 2276
7755 6542 2276
7755 6542 2276
7755 6542 2276
7755 6542 2276
7755 6542 2276
7755 6542 2276
7755 6542 2276
7755 6542 2276
7755 6542 2276
7712 7745 2277
7712 7745 2277
7712 7745 2277
7712 7745 2277
7712 7745 2277
7712 7745 2277
7712 7745 2277
7712 7745 2277
7712 7745 2277
7712 7745 2277
7712 7745 2277
7712 7745 2277
7700 6585 2277
7700 6585 2277
7700 6585 2277
7700 6585 2277
7700 6585 2277
7700 6585 2277
7700 6585 2277
7700 6585 2277
7700 6585 2277
7700 6585 2277
7700 6585 2277
7700 6585 2277
7700 6585 2277
6586 8438 2278
6586 8438 2278
6586 8438 2278
6586 8438 2278
6586 8438 2278
6586 8438 2278
6586 8438 2278
6586 8438 2278
6586 8438 2278
6586 8438 2278
6586 8438 2278
6586 8438 2278
6586 8438 2278
5255 5279 2278
5255 5279 2278
5255 5279 2278
5255 5279 2278
5255 5279 2278
5255 5279 2278
5255 5279 2278
5255 5279 2278
5255 5279 2278
5255 5279 2278
5255 5279 2278
5255 5279 2278
5484 5533 2278
5484 5533 2278
5484 5533 2278
5484 5533 2278
5484 5533 2278
5484 5533 2278
5484 5533 2278
5484 5533 2278
5484 5533 2278
5484 5533 2278
5484 5533 2278
5484 5533 2278
8471 5366 2279
8471 5366 2279
8471 5366 2279
8471 5366 2279
8471 5366 2279
8471 5366 2279
8471 5366 2279
8471 5366 2279
8471 5366 2279
8471 5366 2279
8471 5366 2279
8471 5366 2279
8471 5366 2279
6010 8452 2279
6010 8452 2279
6010 8452 2279
6010 8452 2279
6010 8452 2279
6010 8452 2279
6010 8452 2279
6010 8452 2279
6010 8452 2279
6010 8452 2279
6010 8452 2279
6010 8452 2279
6010 8452 2279
8760 5264 2279
8760 5264 2279
8760 5264 2279
8760 5264 2279
8760 5264 2279
8760 5264 2279
8760 5264 2279
8760 5264 2279
8760 5264 2279
8760 5264 2279
8760 5264 2279
8760 5264 2279
8760 5264 2279
9226 5265 2280
9226 5265 2280
9226 5265 2280
9226 5265 2280
9226 5265 2280
9226 5265 2280
9226 5265 2280
9226 5265 2280
9226 5265 2280
9226 5265 2280
9226 5265 2280
9226 5265 2280
6380 5257 2280
6380 5257 2280
6380 5257 2280
6380 5257 2280
6380 5257 2280
6380 5257 2280
6380 5257 2280
6380 5257 2280
6380 5257 2280
6380 5257 2280
6380 5257 2280
6380 5257 2280
6380 5257 2280
7839 7912 2280
7839 7912 2280
7839 7912 2280
7839 7912 2280
7839 7912 2280
7839 7912 2280
7839 7912 2280
7839 7912 2280
7839 7912 2280
7839 7912 2280
7839 7912 2280
7839 7912 2280
7839 7912 2280
5577 6084 2280
5577 6084 2280
5577 6084 2280
5577 6084 2280
5577 6084 2280
5577 6084 2280
5577 6084 2280
5577 6084 2280
5577 6084 2280
5577 6084 2280
5577 6084 2280
5577 6084 2280
5290 9277 2281
5290 9277 2281
5290 9277 2281
5290 9277 2281
5290 9277 2281
5290 9277 2281
5290 9277 2281
5290 9277 2281
5290 9277 2281
5290 9277 2281
5290 9277 2281
5290 9277 2281
5290 9277 2281
8446 6597 2281
8446 6597 2281
8446 6597 2281
8446 6597 2281
8446 6597 2281
8446 6597 2281
8446 6597 2281
8446 6597 2281
8446 6597 2281
8446 6597 2281
8446 6597 2281
8446 6597 2281
8446 6597 2281
7781 5385 2282
7781 5385 2282
7781 5385 2282
7781 5385 2282
7781 5385 2282
7781 5385 2282
7781 5385 2282
7781 5385 2282
7781 5385 2282
7781 5385 2282
7781 5385 2282
7781 5385 2282
6108 6083 2282
6108 6083 2282
6108 6083 2282
6108 6083 2282
6108 6083 2282
6108 6083 2282
6108 6083 2282
6108 6083 2282
6108 6083 2282
6108 6083 2282
6108 6083 2282
6108 6083 2282
6108 6083 2282
9256 5271 2282
9256 5271 2282
9256 5271 2282
9256 5271 2282
9256 5271 2282
9256 5271 2282
9256 5271 2282
9256 5271 2282
9256 5271 2282
9256 5271 2282
9256 5271 2282
9256 5271 2282
9256 5271 2282
7844 7867 2283
7844 7867 2283
7844 7867 2283
7844 7867 2283
7844 7867 2283
7844 7867 2283
7844 7867 2283
7844 7867 2283
7844 7867 2283
7844 7867 2283
7844 7867 2283
7844 7867 2283
7844 7867 2283
9657 7475 2284
9657 7475 2284
9657 7475 2284
9657 7475 2284
9657 7475 2284
9657 7475 2284
9657 7475 2284
9657 7475 2284
9657 7475 2284
9657 7475 2284
9657 7475 2284
9657 7475 2284
6525 6378 2284
6525 6378 2284
6525 6378 2284
6525 6378 2284
6525 6378 2284
6525 6378 2284
6525 6378 2284
6525 6378 2284
6525 6378 2284
6525 6378 2284
6525 6378 2284
6525 6378 2284
6525 6378 2284
7899 7835 2284
7899 7835 2284
7899 7835 2284
7899 7835 2284
7899 7835 2284
7899 7835 2284
7899 7835 2284
7899 7835 2284
7899 7835 2284
7899 7835 2284
7899 7835 2284
7899 7835 2284
5391 6596 2285
5391 6596 2285
5391 6596 2285
5391 6596 2285
5391 6596 2285
5391 6596 2285
5391 6596 2285
5391 6596 2285
5391 6596 2285
5391 6596 2285
5391 6596 2285
5391 6596 2285
9656 7659 2285
9656 7659 2285
9656 7659 2285
9656 7659 2285
9656 7659 2285
9656 7659 2285
9656 7659 2285
9656 7659 2285
9656 7659 2285
9656 7659 2285
9656 7659 2285
9656 7659 2285
6081 5558 2285
6081 5558 2285
6081 5558 2285
6081 5558 2285
6081 5558 2285
6081 5558 2285
6081 5558 2285
6081 5558 2285
6081 5558 2285
6081 5558 2285
6081 5558 2285
6081 5558 2285
6081 5558 2285
5271 5384 2285
5271 5384 2285
5271 5384 2285
5271 5384 2285
5271 5384 2285
5271 5384 2285
5271 5384 2285
5271 5384 2285
5271 5384 2285
5271 5384 2285
5271 5384 2285
5271 5384 2285
5271 5384 2285
6497 7701 2285
6497 7701 2285
6497 7701 2285
6497 7701 2285
6497 7701 2285
6497 7701 2285
6497 7701 2285
6497 7701 2285
6497 7701 2285
6497 7701 2285
6497 7701 2285
6497 7701 2285
7646 7487 2286
7646 7487 2286
7646 7487 2286
7646 7487 2286
7646 7487 2286
7646 7487 2286
7646 7487 2286
7646 7487 2286
7646 7487 2286
7646 7487 2286
7646 7487 2286
7646 7487 2286
5517 9236 2286
5517 9236 2286
5517 9236 2286
5517 9236 2286
5517 9236 2286
5517 9236 2286
5517 9236 2286
5517 9236 2286
5517 9236 2286
5517 9236 2286
5517 9236 2286
5517 9236 2286
8471 6608 2287
8471 6608 2287
8471 6608 2287
8471 6608 2287
8471 6608 2287
8471 6608 2287
8471 6608 2287
8471 6608 2287
8471 6608 2287
8471 6608 2287
8471 6608 2287
8471 6608 2287
7654 7812 2287
7654 7812 2287
7654 7812 2287
7654 7812 2287
7654 7812 2287
7654 7812 2287
7654 7812 2287
7654 7812 2287
7654 7812 2287
7654 7812 2287
7654 7812 2287
7654 7812 2287
6525 6387 2287
6525 6387 2287
6525 6387 2287
6525 6387 2287
6525 6387 2287
6525 6387 2287
6525 6387 2287
6525 6387 2287
6525 6387 2287
6525 6387 2287
6525 6387 2287
6525 6387 2287
7872 8365 2287
7872 8365 2287
7872 8365 2287
7872 8365 2287
7872 8365 2287
7872 8365 2287
7872 8365 2287
7872 8365 2287
7872 8365 2287
7872 8365 2287
7872 8365 2287
7872 8365 2287
7872 8365 2287
6531 8436 2288
6531 8436 2288
6531 8436 2288
6531 8436 2288
6531 8436 2288
6531 8436 2288
6531 8436 2288
6531 8436 2288
6531 8436 2288
6531 8436 2288
6531 8436 2288
6531 8436 2288
5457 5418 2288
5457 5418 2288
5457 5418 2288
5457 5418 2288
5457 5418 2288
5457 5418 2288
5457 5418 2288
5457 5418 2288
5457 5418 2288
5457 5418 2288
5457 5418 2288
5457 5418 2288
5457 5418 2288
6081 5358 2288
6081 5358 2288
6081 5358 2288
6081 5358 2288
6081 5358 2288
6081 5358 2288
6081 5358 2288
6081 5358 2288
6081 5358 2288
6081 5358 2288
6081 5358 2288
6081 5358 2288
5989 5375 2289
5989 5375 2289
5989 5375 2289
5989 5375 2289
5989 5375 2289
5989 5375 2289
5989 5375 2289
5989 5375 2289
5989 5375 2289
5989 5375 2289
5989 5375 2289
5989 5375 2289
5989 5375 2289
6532 7683 2289
6532 7683 2289
6532 7683 2289
6532 7683 2289
6532 7683 2289
6532 7683 2289
6532 7683 2289
6532 7683 2289
6532 7683 2289
6532 7683 2289
6532 7683 2289
6532 7683 2289
6532 7683 2289
7815 6536 2289
7815 6536 2289
7815 6536 2289
7815 6536 2289
7815 6536 2289
7815 6536 2289
7815 6536 2289
7815 6536 2289
7815 6536 2289
7815 6536 2289
7815 6536 2289
7815 6536 2289
6529 8704 2289
6529 8704 2289
6529 8704 2289
6529 8704 2289
6529 8704 2289
6529 8704 2289
6529 8704 2289
6529 8704 2289
6529 8704 2289
6529 8704 2289
6529 8704 2289
6529 8704 2289
6318 5878 2290
6318 5878 2290
6318 5878 2290
6318 5878 2290
6318 5878 2290
6318 5878 2290
6318 5878 2290
6318 5878 2290
6318 5878 2290
6318 5878 2290
6318 5878 2290
6318 5878 2290
5411 5464 2290
5411 5464 2290
5411 5464 2290
5411 5464 2290
5411 5464 2290
5411 5464 2290
5411 5464 2290
5411 5464 2290
5411 5464 2290
5411 5464 2290
5411 5464 2290
5411 5464 2290
7778 8464 2293
7778 8464 2293
7778 8464 2293
7778 8464 2293
7778 8464 2293
7778 8464 2293
7778 8464 2293
7778 8464 2293
7778 8464 2293
7778 8464 2293
7778 8464 2293
7778 8464 2293
7778 8464 2293
5993 7692 2293
5993 7692 2293
5993 7692 2293
5993 7692 2293
5993 7692 2293
5993 7692 2293
5993 7692 2293
5993 7692 2293
5993 7692 2293
5993 7692 2293
5993 7692 2293
5993 7692 2293
5993 7692 2293
9179 5473 2294
9179 5473 2294
9179 5473 2294
9179 5473 2294
9179 5473 2294
9179 5473 2294
9179 5473 2294
9179 5473 2294
9179 5473 2294
9179 5473 2294
9179 5473 2294
9179 5473 2294
9179 5473 2294
8456 5252 2294
8456 5252 2294
8456 5252 2294
8456 5252 2294
8456 5252 2294
8456 5252 2294
8456 5252 2294
8456 5252 2294
8456 5252 2294
8456 5252 2294
8456 5252 2294
8456 5252 2294
8456 5252 2294
8467 7916 2294
8467 7916 2294
8467 7916 2294
8467 7916 2294
8467 7916 2294
8467 7916 2294
8467 7916 2294
8467 7916 2294
8467 7916 2294
8467 7916 2294
8467 7916 2294
8467 7916 2294
5514 5485 2295
5514 5485 2295
5514 5485 2295
5514 5485 2295
5514 5485 2295
5514 5485 2295
5514 5485 2295
5514 5485 2295
5514 5485 2295
5514 5485 2295
5514 5485 2295
5514 5485 2295
8434 8680 2295
8434 8680 2295
8434 8680 2295
8434 8680 2295
8434 8680 2295
8434 8680 2295
8434 8680 2295
8434 8680 2295
8434 8680 2295
8434 8680 2295
8434 8680 2295
8434 8680 2295
6383 7687 2295
6383 7687 2295
6383 7687 2295
6383 7687 2295
6383 7687 2295
6383 7687 2295
6383 7687 2295
6383 7687 2295
6383 7687 2295
6383 7687 2295
6383 7687 2295
6383 7687 2295
6383 7687 2295
9258 8808 2295
9258 8808 2295
9258 8808 2295
9258 8808 2295
9258 8808 2295
9258 8808 2295
9258 8808 2295
9258 8808 2295
9258 8808 2295
9258 8808 2295
9258 8808 2295
9258 8808 2295
5385 5398 2295
5385 5398 2295
5385 5398 2295
5385 5398 2295
5385 5398 2295
5385 5398 2295
5385 5398 2295
5385 5398 2295
5385 5398 2295
5385 5398 2295
5385 5398 2295
5385 5398 2295
5385 5398 2295
6387 8436 2297
6387 8436 2297
6387 8436 2297
6387 8436 2297
6387 8436 2297
6387 8436 2297
6387 8436 2297
6387 8436 2297
6387 8436 2297
6387 8436 2297
6387 8436 2297
6387 8436 2297
8349 7885 2297
8349 7885 2297
8349 7885 2297
8349 7885 2297
8349 7885 2297
8349 7885 2297
8349 7885 2297
8349 7885 2297
8349 7885 2297
8349 7885 2297
8349 7885 2297
8349 7885 2297
7706 6505 2298
7706 6505 2298
7706 6505 2298
7706 6505 2298
7706 6505 2298
7706 6505 2298
7706 6505 2298
7706 6505 2298
7706 6505 2298
7706 6505 2298
7706 6505 2298
7706 6505 2298
5557 6010 2298
5557 6010 2298
5557 6010 2298
5557 6010 2298
5557 6010 2298
5557 6010 2298
5557 6010 2298
5557 6010 2298
5557 6010 2298
5557 6010 2298
5557 6010 2298
5557 6010 2298
6543 7726 2298
6543 7726 2298
6543 7726 2298
6543 7726 2298
6543 7726 2298
6543 7726 2298
6543 7726 2298
6543 7726 2298
6543 7726 2298
6543 7726 2298
6543 7726 2298
6543 7726 2298
7821 8353 2299
7821 8353 2299
7821 8353 2299
7821 8353 2299
7821 8353 2299
7821 8353 2299
7821 8353 2299
7821 8353 2299
7821 8353 2299
7821 8353 2299
7821 8353 2299
7821 8353 2299
5455 6107 2299
5455 6107 2299
5455 6107 2299
5455 6107 2299
5455 6107 2299
5455 6107 2299
5455 6107 2299
5455 6107 2299
5455 6107 2299
5455 6107 2299
5455 6107 2299
5455 6107 2299
5478 5274 2299
5478 5274 2299
5478 5274 2299
5478 5274 2299
5478 5274 2299
5478 5274 2299
5478 5274 2299
5478 5274 2299
5478 5274 2299
5478 5274 2299
5478 5274 2299
5478 5274 2299
5478 5274 2299
5488 5382 2299
5488 5382 2299
5488 5382 2299
5488 5382 2299
5488 5382 2299
5488 5382 2299
5488 5382 2299
5488 5382 2299
5488 5382 2299
5488 5382 2299
5488 5382 2299
5488 5382 2299
5488 5382 2299
7689 7737 2299
7689 7737 2299
7689 7737 2299
7689 7737 2299
7689 7737 2299
7689 7737 2299
7689 7737 2299
7689 7737 2299
7689 7737 2299
7689 7737 2299
7689 7737 2299
7689 7737 2299
5385 6608 2299
5385 6608 2299
5385 6608 2299
5385 6608 2299
5385 6608 2299
5385 6608 2299
5385 6608 2299
5385 6608 2299
5385 6608 2299
5385 6608 2299
5385 6608 2299
5385 6608 2299
7905 7939 2299
7905 7939 2299
7905 7939 2299
7905 7939 2299
7905 7939 2299
7905 7939 2299
7905 7939 2299
7905 7939 2299
7905 7939 2299
7905 7939 2299
7905 7939 2299
7905 7939 2299
7905 7939 2299
6548 5374 2299
6548 5374 2299
6548 5374 2299
6548 5374 2299
6548 5374 2299
6548 5374 2299
6548 5374 2299
6548 5374 2299
6548 5374 2299
6548 5374 2299
6548 5374 2299
6548 5374 2299
6548 5374 2299
6013 5256 2300
6013 5256 2300
6013 5256 2300
6013 5256 2300
6013 5256 2300
6013 5256 2300
6013 5256 2300
6013 5256 2300
6013 5256 2300
6013 5256 2300
6013 5256 2300
6013 5256 2300
6013 5256 2300
6590 6543 2301
6590 6543 2301
6590 6543 2301
6590 6543 2301
6590 6543 2301
6590 6543 2301
6590 6543 2301
6590 6543 2301
6590 6543 2301
6590 6543 2301
6590 6543 2301
6590 6543 2301
6590 6543 2301
7760 6563 2301
7760 6563 2301
7760 6563 2301
7760 6563 2301
7760 6563 2301
7760 6563 2301
7760 6563 2301
7760 6563 2301
7760 6563 2301
7760 6563 2301
7760 6563 2301
7760 6563 2301
5484 5272 2302
5484 5272 2302
5484 5272 2302
5484 5272 2302
5484 5272 2302
5484 5272 2302
5484 5272 2302
5484 5272 2302
5484 5272 2302
5484 5272 2302
5484 5272 2302
5484 5272 2302
5484 5272 2302
8756 5324 2303
8756 5324 2303
8756 5324 2303
8756 5324 2303
8756 5324 2303
8756 5324 2303
8756 5324 2303
8756 5324 2303
8756 5324 2303
8756 5324 2303
8756 5324 2303
8756 5324 2303
5275 5557 2303
5275 5557 2303
5275 5557 2303
5275 5557 2303
5275 5557 2303
5275 5557 2303
5275 5557 2303
5275 5557 2303
5275 5557 2303
5275 5557 2303
5275 5557 2303
5275 5557 2303
5275 5557 2303
7916 7904 2303
7916 7904 2303
7916 7904 2303
7916 7904 2303
7916 7904 2303
7916 7904 2303
7916 7904 2303
7916 7904 2303
7916 7904 2303
7916 7904 2303
7916 7904 2303
7916 7904 2303
7916 7904 2303
7747 8476 2303
7747 8476 2303
7747 8476 2303
7747 8476 2303
7747 8476 2303
7747 8476 2303
7747 8476 2303
7747 8476 2303
7747 8476 2303
7747 8476 2303
7747 8476 2303
7747 8476 2303
9198 5253 2304
9198 5253 2304
9198 5253 2304
9198 5253 2304
9198 5253 2304
9198 5253 2304
9198 5253 2304
9198 5253 2304
9198 5253 2304
9198 5253 2304
9198 5253 2304
9198 5253 2304
7717 5996 2304
7717 5996 2304
7717 5996 2304
7717 5996 2304
7717 5996 2304
7717 5996 2304
7717 5996 2304
7717 5996 2304
7717 5996 2304
7717 5996 2304
7717 5996 2304
7717 5996 2304
6424 6513 2304
6424 6513 2304
6424 6513 2304
6424 6513 2304
6424 6513 2304
6424 6513 2304
6424 6513 2304
6424 6513 2304
6424 6513 2304
6424 6513 2304
6424 6513 2304
6424 6513 2304
6424 6513 2304
6566 8456 2305
6566 8456 2305
6566 8456 2305
6566 8456 2305
6566 8456 2305
6566 8456 2305
6566 8456 2305
6566 8456 2305
6566 8456 2305
6566 8456 2305
6566 8456 2305
6566 8456 2305
5387 7696 2306
5387 7696 2306
5387 7696 2306
5387 7696 2306
5387 7696 2306
5387 7696 2306
5387 7696 2306
5387 7696 2306
5387 7696 2306
5387 7696 2306
5387 7696 2306
5387 7696 2306
5290 5504 2306
5290 5504 2306
5290 5504 2306
5290 5504 2306
5290 5504 2306
5290 5504 2306
5290 5504 2306
5290 5504 2306
5290 5504 2306
5290 5504 2306
5290 5504 2306
5290 5504 2306
7454 7498 2307
7454 7498 2307
7454 7498 2307
7454 7498 2307
7454 7498 2307
7454 7498 2307
7454 7498 2307
7454 7498 2307
7454 7498 2307
7454 7498 2307
7454 7498 2307
7454 7498 2307
7454 7498 2307
6383 6606 2307
6383 6606 2307
6383 6606 2307
6383 6606 2307
6383 6606 2307
6383 6606 2307
6383 6606 2307
6383 6606 2307
6383 6606 2307
6383 6606 2307
6383 6606 2307
6383 6606 2307
7970 8355 2308
7970 8355 2308
7970 8355 2308
7970 8355 2308
7970 8355 2308
7970 8355 2308
7970 8355 2308
7970 8355 2308
7970 8355 2308
7970 8355 2308
7970 8355 2308
7970 8355 2308
7970 8355 2308
7760 6584 2308
7760 6584 2308
7760 6584 2308
7760 6584 2308
7760 6584 2308
7760 6584 2308
7760 6584 2308
7760 6584 2308
7760 6584 2308
7760 6584 2308
7760 6584 2308
7760 6584 2308
5390 6601 2309
5390 6601 2309
5390 6601 2309
5390 6601 2309
5390 6601 2309
5390 6601 2309
5390 6601 2309
5390 6601 2309
5390 6601 2309
5390 6601 2309
5390 6601 2309
5390 6601 2309
5390 6601 2309
5547 5506 2310
5547 5506 2310
5547 5506 2310
5547 5506 2310
5547 5506 2310
5547 5506 2310
5547 5506 2310
5547 5506 2310
5547 5506 2310
5547 5506 2310
5547 5506 2310
5547 5506 2310
5547 5506 2310
8431 6529 2311
8431 6529 2311
8431 6529 2311
8431 6529 2311
8431 6529 2311
8431 6529 2311
8431 6529 2311
8431 6529 2311
8431 6529 2311
8431 6529 2311
8431 6529 2311
8431 6529 2311
7750 7680 2311
7750 7680 2311
7750 7680 2311
7750 7680 2311
7750 7680 2311
7750 7680 2311
7750 7680 2311
7750 7680 2311
7750 7680 2311
7750 7680 2311
7750 7680 2311
7750 7680 2311
7691 6384 2311
7691 6384 2311
7691 6384 2311
7691 6384 2311
7691 6384 2311
7691 6384 2311
7691 6384 2311
7691 6384 2311
7691 6384 2311
7691 6384 2311
7691 6384 2311
7691 6384 2311
7898 7853 2311
7898 7853 2311
7898 7853 2311
7898 7853 2311
7898 7853 2311
7898 7853 2311
7898 7853 2311
7898 7853 2311
7898 7853 2311
7898 7853 2311
7898 7853 2311
7898 7853 2311
7898 7853 2311
8762 5243 2312
8762 5243 2312
8762 5243 2312
8762 5243 2312
8762 5243 2312
8762 5243 2312
8762 5243 2312
8762 5243 2312
8762 5243 2312
8762 5243 2312
8762 5243 2312
8762 5243 2312
8762 5243 2312
7712 8436 2312
7712 8436 2312
7712 8436 2312
7712 8436 2312
7712 8436 2312
7712 8436 2312
7712 8436 2312
7712 8436 2312
7712 8436 2312
7712 8436 2312
7712 8436 2312
7712 8436 2312
7712 8436 2312
6563 8444 2313
6563 8444 2313
6563 8444 2313
6563 8444 2313
6563 8444 2313
6563 8444 2313
6563 8444 2313
6563 8444 2313
6563 8444 2313
6563 8444 2313
6563 8444 2313
6563 8444 2313
8474 7770 2313
8474 7770 2313
8474 7770 2313
8474 7770 2313
8474 7770 2313
8474 7770 2313
8474 7770 2313
8474 7770 2313
8474 7770 2313
8474 7770 2313
8474 7770 2313
8474 7770 2313
7743 7884 2313
7743 7884 2313
7743 7884 2313
7743 7884 2313
7743 7884 2313
7743 7884 2313
7743 7884 2313
7743 7884 2313
7743 7884 2313
7743 7884 2313
7743 7884 2313
7743 7884 2313
7743 7884 2313
5432 5445 2314
5432 5445 2314
5432 5445 2314
5432 5445 2314
5432 5445 2314
5432 5445 2314
5432 5445 2314
5432 5445 2314
5432 5445 2314
5432 5445 2314
5432 5445 2314
5432 5445 2314
8750 5568 2314
8750 5568 2314
8750 5568 2314
8750 5568 2314
8750 5568 2314
8750 5568 2314
8750 5568 2314
8750 5568 2314
8750 5568 2314
8750 5568 2314
8750 5568 2314
8750 5568 2314
8750 5568 2314
5412 5396 2315
5412 5396 2315
5412 5396 2315
5412 5396 2315
5412 5396 2315
5412 5396 2315
5412 5396 2315
5412 5396 2315
5412 5396 2315
5412 5396 2315
5412 5396 2315
5412 5396 2315
5412 5396 2315
5368 5503 2315
5368 5503 2315
5368 5503 2315
5368 5503 2315
5368 5503 2315
5368 5503 2315
5368 5503 2315
5368 5503 2315
5368 5503 2315
5368 5503 2315
5368 5503 2315
5368 5503 2315
5368 5503 2315
7871 7646 2316
7871 7646 2316
7871 7646 2316
7871 7646 2316
7871 7646 2316
7871 7646 2316
7871 7646 2316
7871 7646 2316
7871 7646 2316
7871 7646 2316
7871 7646 2316
7871 7646 2316
5538 5714 2317
5538 5714 2317
5538 5714 2317
5538 5714 2317
5538 5714 2317
5538 5714 2317
5538 5714 2317
5538 5714 2317
5538 5714 2317
5538 5714 2317
5538 5714 2317
5538 5714 2317
5538 5714 2317
5462 5341 2317
5462 5341 2317
5462 5341 2317
5462 5341 2317
5462 5341 2317
5462 5341 2317
5462 5341 2317
5462 5341 2317
5462 5341 2317
5462 5341 2317
5462 5341 2317
5462 5341 2317
5462 5341 2317
6589 8471 2317
6589 8471 2317
6589 8471 2317
6589 8471 2317
6589 8471 2317
6589 8471 2317
6589 8471 2317
6589 8471 2317
6589 8471 2317
6589 8471 2317
6589 8471 2317
6589 8471 2317
6589 8471 2317
6064 5548 2318
6064 5548 2318
6064 5548 2318
6064 5548 2318
6064 5548 2318
6064 5548 2318
6064 5548 2318
6064 5548 2318
6064 5548 2318
6064 5548 2318
6064 5548 2318
6064 5548 2318
6064 5548 2318
6529 6518 2319
6529 6518 2319
6529 6518 2319
6529 6518 2319
6529 6518 2319
6529 6518 2319
6529 6518 2319
6529 6518 2319
6529 6518 2319
6529 6518 2319
6529 6518 2319
6529 6518 2319
6529 6518 2319
6355 6593 2319
6355 6593 2319
6355 6593 2319
6355 6593 2319
6355 6593 2319
6355 6593 2319
6355 6593 2319
6355 6593 2319
6355 6593 2319
6355 6593 2319
6355 6593 2319
6355 6593 2319
8757 5362 2319
8757 5362 2319
8757 5362 2319
8757 5362 2319
8757 5362 2319
8757 5362 2319
8757 5362 2319
8757 5362 2319
8757 5362 2319
8757 5362 2319
8757 5362 2319
8757 5362 2319
5392 6014 2320
5392 6014 2320
5392 6014 2320
5392 6014 2320
5392 6014 2320
5392 6014 2320
5392 6014 2320
5392 6014 2320
5392 6014 2320
5392 6014 2320
5392 6014 2320
5392 6014 2320
6563 7765 2320
6563 7765 2320
6563 7765 2320
6563 7765 2320
6563 7765 2320
6563 7765 2320
6563 7765 2320
6563 7765 2320
6563 7765 2320
6563 7765 2320
6563 7765 2320
6563 7765 2320
6563 7765 2320
5429 6089 2321
5429 6089 2321
5429 6089 2321
5429 6089 2321
5429 6089 2321
5429 6089 2321
5429 6089 2321
5429 6089 2321
5429 6089 2321
5429 6089 2321
5429 6089 2321
5429 6089 2321
8472 7690 2322
8472 7690 2322
8472 7690 2322
8472 7690 2322
8472 7690 2322
8472 7690 2322
8472 7690 2322
8472 7690 2322
8472 7690 2322
8472 7690 2322
8472 7690 2322
8472 7690 2322
8472 7690 2322
5531 5302 2323
5531 5302 2323
5531 5302 2323
5531 5302 2323
5531 5302 2323
5531 5302 2323
5531 5302 2323
5531 5302 2323
5531 5302 2323
5531 5302 2323
5531 5302 2323
5531 5302 2323
5531 5302 2323
8440 5990 2323
8440 5990 2323
8440 5990 2323
8440 5990 2323
8440 5990 2323
8440 5990 2323
8440 5990 2323
8440 5990 2323
8440 5990 2323
8440 5990 2323
8440 5990 2323
8440 5990 2323
8434 5419 2323
8434 5419 2323
8434 5419 2323
8434 5419 2323
8434 5419 2323
8434 5419 2323
8434 5419 2323
8434 5419 2323
8434 5419 2323
8434 5419 2323
8434 5419 2323
8434 5419 2323
8434 5419 2323
6309 7479 2324
6309 7479 2324
6309 7479 2324
6309 7479 2324
6309 7479 2324
6309 7479 2324
6309 7479 2324
6309 7479 2324
6309 7479 2324
6309 7479 2324
6309 7479 2324
6309 7479 2324
6309 7479 2324
7943 6596 2324
7943 6596 2324
7943 6596 2324
7943 6596 2324
7943 6596 2324
7943 6596 2324
7943 6596 2324
7943 6596 2324
7943 6596 2324
7943 6596 2324
7943 6596 2324
7943 6596 2324
5427 5254 2326
5427 5254 2326
5427 5254 2326
5427 5254 2326
5427 5254 2326
5427 5254 2326
5427 5254 2326
5427 5254 2326
5427 5254 2326
5427 5254 2326
5427 5254 2326
5427 5254 2326
5392 5435 2326
5392 5435 2326
5392 5435 2326
5392 5435 2326
5392 5435 2326
5392 5435 2326
5392 5435 2326
5392 5435 2326
5392 5435 2326
5392 5435 2326
5392 5435 2326
5392 5435 2326
8467 5355 2327
8467 5355 2327
8467 5355 2327
8467 5355 2327
8467 5355 2327
8467 5355 2327
8467 5355 2327
8467 5355 2327
8467 5355 2327
8467 5355 2327
8467 5355 2327
8467 5355 2327
8467 5355 2327
7677 6461 2327
7677 6461 2327
7677 6461 2327
7677 6461 2327
7677 6461 2327
7677 6461 2327
7677 6461 2327
7677 6461 2327
7677 6461 2327
7677 6461 2327
7677 6461 2327
7677 6461 2327
6507 6552 2327
6507 6552 2327
6507 6552 2327
6507 6552 2327
6507 6552 2327
6507 6552 2327
6507 6552 2327
6507 6552 2327
6507 6552 2327
6507 6552 2327
6507 6552 2327
6507 6552 2327
6507 6552 2327
5266 8695 2328
5266 8695 2328
5266 8695 2328
5266 8695 2328
5266 8695 2328
5266 8695 2328
5266 8695 2328
5266 8695 2328
5266 8695 2328
5266 8695 2328
5266 8695 2328
5266 8695 2328
5266 8695 2328
7676 7678 2329
7676 7678 2329
7676 7678 2329
7676 7678 2329
7676 7678 2329
7676 7678 2329
7676 7678 2329
7676 7678 2329
7676 7678 2329
7676 7678 2329
7676 7678 2329
7676 7678 2329
7676 7678 2329
6500 7633 2329
6500 7633 2329
6500 7633 2329
6500 7633 2329
6500 7633 2329
6500 7633 2329
6500 7633 2329
6500 7633 2329
6500 7633 2329
6500 7633 2329
6500 7633 2329
6500 7633 2329
6500 7633 2329
8759 5280 2332
8759 5280 2332
8759 5280 2332
8759 5280 2332
8759 5280 2332
8759 5280 2332
8759 5280 2332
8759 5280 2332
8759 5280 2332
8759 5280 2332
8759 5280 2332
8759 5280 2332
8759 5280 2332
8443 7724 2333
8443 7724 2333
8443 7724 2333
8443 7724 2333
8443 7724 2333
8443 7724 2333
8443 7724 2333
8443 7724 2333
8443 7724 2333
8443 7724 2333
8443 7724 2333
8443 7724 2333
6515 7700 2335
6515 7700 2335
6515 7700 2335
6515 7700 2335
6515 7700 2335
6515 7700 2335
6515 7700 2335
6515 7700 2335
6515 7700 2335
6515 7700 2335
6515 7700 2335
6515 7700 2335
6515 7700 2335
5565 5414 2336
5565 5414 2336
5565 5414 2336
5565 5414 2336
5565 5414 2336
5565 5414 2336
5565 5414 2336
5565 5414 2336
5565 5414 2336
5565 5414 2336
5565 5414 2336
5565 5414 2336
5565 5414 2336
6455 6607 2337
6455 6607 2337
6455 6607 2337
6455 6607 2337
6455 6607 2337
6455 6607 2337
6455 6607 2337
6455 6607 2337
6455 6607 2337
6455 6607 2337
6455 6607 2337
6455 6607 2337
6455 6607 2337
6562 6548 2338
6562 6548 2338
6562 6548 2338
6562 6548 2338
6562 6548 2338
6562 6548 2338
6562 6548 2338
6562 6548 2338
6562 6548 2338
6562 6548 2338
6562 6548 2338
6562 6548 2338
5570 5545 2338
5570 5545 2338
5570 5545 2338
5570 5545 2338
5570 5545 2338
5570 5545 2338
5570 5545 2338
5570 5545 2338
5570 5545 2338
5570 5545 2338
5570 5545 2338
5570 5545 2338
7935 7704 2340
7935 7704 2340
7935 7704 2340
7935 7704 2340
7935 7704 2340
7935 7704 2340
7935 7704 2340
7935 7704 2340
7935 7704 2340
7935 7704 2340
7935 7704 2340
7935 7704 2340
7935 7704 2340
9180 9229 2340
9180 9229 2340
9180 9229 2340
9180 9229 2340
9180 9229 2340
9180 9229 2340
9180 9229 2340
9180 9229 2340
9180 9229 2340
9180 9229 2340
9180 9229 2340
9180 9229 2340
5276 9233 2340
5276 9233 2340
5276 9233 2340
5276 9233 2340
5276 9233 2340
5276 9233 2340
5276 9233 2340
5276 9233 2340
5276 9233 2340
5276 9233 2340
5276 9233 2340
5276 9233 2340
5276 9233 2340
5443 5410 2341
5443 5410 2341
5443 5410 2341
5443 5410 2341
5443 5410 2341
5443 5410 2341
5443 5410 2341
5443 5410 2341
5443 5410 2341
5443 5410 2341
5443 5410 2341
5443 5410 2341
6536 6491 2341
6536 6491 2341
6536 6491 2341
6536 6491 2341
6536 6491 2341
6536 6491 2341
6536 6491 2341
6536 6491 2341
6536 6491 2341
6536 6491 2341
6536 6491 2341
6536 6491 2341
6536 6491 2341
5426 6107 2341
5426 6107 2341
5426 6107 2341
5426 6107 2341
5426 6107 2341
5426 6107 2341
5426 6107 2341
5426 6107 2341
5426 6107 2341
5426 6107 2341
5426 6107 2341
5426 6107 2341
5426 6107 2341
8434 8700 2341
8434 8700 2341
8434 8700 2341
8434 8700 2341
8434 8700 2341
8434 8700 2341
8434 8700 2341
8434 8700 2341
8434 8700 2341
8434 8700 2341
8434 8700 2341
8434 8700 2341
8434 8700 2341
6566 5389 2342
6566 5389 2342
6566 5389 2342
6566 5389 2342
6566 5389 2342
6566 5389 2342
6566 5389 2342
6566 5389 2342
6566 5389 2342
6566 5389 2342
6566 5389 2342
6566 5389 2342
6409 5356 2342
6409 5356 2342
6409 5356 2342
6409 5356 2342
6409 5356 2342
6409 5356 2342
6409 5356 2342
6409 5356 2342
6409 5356 2342
6409 5356 2342
6409 5356 2342
6409 5356 2342
6409 5356 2342
6587 5358 2343
6587 5358 2343
6587 5358 2343
6587 5358 2343
6587 5358 2343
6587 5358 2343
6587 5358 2343
6587 5358 2343
6587 5358 2343
6587 5358 2343
6587 5358 2343
6587 5358 2343
6587 5358 2343
6419 6557 2344
6419 6557 2344
6419 6557 2344
6419 6557 2344
6419 6557 2344
6419 6557 2344
6419 6557 2344
6419 6557 2344
6419 6557 2344
6419 6557 2344
6419 6557 2344
6419 6557 2344
7702 6559 2347
7702 6559 2347
7702 6559 2347
7702 6559 2347
7702 6559 2347
7702 6559 2347
7702 6559 2347
7702 6559 2347
7702 6559 2347
7702 6559 2347
7702 6559 2347
7702 6559 2347
7515 7481 2350
7515 7481 2350
7515 7481 2350
7515 7481 2350
7515 7481 2350
7515 7481 2350
7515 7481 2350
7515 7481 2350
7515 7481 2350
7515 7481 2350
7515 7481 2350
7515 7481 2350
5376 5547 2352
5376 5547 2352
5376 5547 2352
5376 5547 2352
5376 5547 2352
5376 5547 2352
5376 5547 2352
5376 5547 2352
5376 5547 2352
5376 5547 2352
5376 5547 2352
5376 5547 2352
7654 7519 2353
7654 7519 2353
7654 7519 2353
7654 7519 2353
7654 7519 2353
7654 7519 2353
7654 7519 2353
7654 7519 2353
7654 7519 2353
7654 7519 2353
7654 7519 2353
7654 7519 2353
7654 7519 2353
6569 6501 2353
6569 6501 2353
6569 6501 2353
6569 6501 2353
6569 6501 2353
6569 6501 2353
6569 6501 2353
6569 6501 2353
6569 6501 2353
6569 6501 2353
6569 6501 2353
6569 6501 2353
6569 6501 2353
5263 5272 2364
5263 5272 2364
5263 5272 2364
5263 5272 2364
5263 5272 2364
5263 5272 2364
5263 5272 2364
5263 5272 2364
5263 5272 2364
5263 5272 2364
5263 5272 2364
5263 5272 2364
5263 5272 2364
5305 9158 2365
5305 9158 2365
5305 9158 2365
5305 9158 2365
5305 9158 2365
5305 9158 2365
5305 9158 2365
5305 9158 2365
5305 9158 2365
5305 9158 2365
5305 9158 2365
5305 9158 2365
9198 5296 2368
9198 5296 2368
9198 5296 2368
9198 5296 2368
9198 5296 2368
9198 5296 2368
9198 5296 2368
9198 5296 2368
9198 5296 2368
9198 5296 2368
9198 5296 2368
9198 5296 2368
9198 5296 2368
8461 8446 2386
8461 8446 2386
8461 8446 2386
8461 8446 2386
8461 8446 2386
8461 8446 2386
8461 8446 2386
8461 8446 2386
8461 8446 2386
8461 8446 2386
8461 8446 2386
8461 8446 2386
8461 8446 2386
8455 6555 2387
8455 6555 2387
8455 6555 2387
8455 6555 2387
8455 6555 2387
8455 6555 2387
8455 6555 2387
8455 6555 2387
8455 6555 2387
8455 6555 2387
8455 6555 2387
8455 6555 2387
6583 6398 2388
6583 6398 2388
6583 6398 2388
6583 6398 2388
6583 6398 2388
6583 6398 2388
6583 6398 2388
6583 6398 2388
6583 6398 2388
6583 6398 2388
6583 6398 2388
6583 6398 2388
5306 5284 2388
5306 5284 2388
5306 5284 2388
5306 5284 2388
5306 5284 2388
5306 5284 2388
5306 5284 2388
5306 5284 2388
5306 5284 2388
5306 5284 2388
5306 5284 2388
5306 5284 2388
8431 8453 2389
8431 8453 2389
8431 8453 2389
8431 8453 2389
8431 8453 2389
8431 8453 2389
8431 8453 2389
8431 8453 2389
8431 8453 2389
8431 8453 2389
8431 8453 2389
8431 8453 2389
8431 8453 2389
8432 5522 2390
8432 5522 2390
8432 5522 2390
8432 5522 2390
8432 5522 2390
8432 5522 2390
8432 5522 2390
8432 5522 2390
8432 5522 2390
8432 5522 2390
8432 5522 2390
8432 5522 2390
5260 8452 2390
5260 8452 2390
5260 8452 2390
5260 8452 2390
5260 8452 2390
5260 8452 2390
5260 8452 2390
5260 8452 2390
5260 8452 2390
5260 8452 2390
5260 8452 2390
5260 8452 2390
5260 8452 2390
7743 6607 2390
7743 6607 2390
7743 6607 2390
7743 6607 2390
7743 6607 2390
7743 6607 2390
7743 6607 2390
7743 6607 2390
7743 6607 2390
7743 6607 2390
7743 6607 2390
7743 6607 2390
7743 6607 2390
8458 5358 2392
8458 5358 2392
8458 5358 2392
8458 5358 2392
8458 5358 2392
8458 5358 2392
8458 5358 2392
8458 5358 2392
8458 5358 2392
8458 5358 2392
8458 5358 2392
8458 5358 2392
8431 6562 2394
8431 6562 2394
8431 6562 2394
8431 6562 2394
8431 6562 2394
8431 6562 2394
8431 6562 2394
8431 6562 2394
8431 6562 2394
8431 6562 2394
8431 6562 2394
8431 6562 2394
5535 5992 2394
5535 5992 2394
5535 5992 2394
5535 5992 2394
5535 5992 2394
5535 5992 2394
5535 5992 2394
5535 5992 2394
5535 5992 2394
5535 5992 2394
5535 5992 2394
5535 5992 2394
5535 5992 2394
7809 6594 2396
7809 6594 2396
7809 6594 2396
7809 6594 2396
7809 6594 2396
7809 6594 2396
7809 6594 2396
7809 6594 2396
7809 6594 2396
7809 6594 2396
7809 6594 2396
7809 6594 2396
7809 6594 2396
6549 5397 2396
6549 5397 2396
6549 5397 2396
6549 5397 2396
6549 5397 2396
6549 5397 2396
6549 5397 2396
6549 5397 2396
6549 5397 2396
6549 5397 2396
6549 5397 2396
6549 5397 2396
6549 5397 2396
6544 7707 2396
6544 7707 2396
6544 7707 2396
6544 7707 2396
6544 7707 2396
6544 7707 2396
6544 7707 2396
6544 7707 2396
6544 7707 2396
6544 7707 2396
6544 7707 2396
6544 7707 2396
6549 8705 2396
6549 8705 2396
6549 8705 2396
6549 8705 2396
6549 8705 2396
6549 8705 2396
6549 8705 2396
6549 8705 2396
6549 8705 2396
6549 8705 2396
6549 8705 2396
6549 8705 2396
5375 5242 2396
5375 5242 2396
5375 5242 2396
5375 5242 2396
5375 5242 2396
5375 5242 2396
5375 5242 2396
5375 5242 2396
5375 5242 2396
5375 5242 2396
5375 5242 2396
5375 5242 2396
5375 5242 2396
6009 6590 2397
6009 6590 2397
6009 6590 2397
6009 6590 2397
6009 6590 2397
6009 6590 2397
6009 6590 2397
6009 6590 2397
6009 6590 2397
6009 6590 2397
6009 6590 2397
6009 6590 2397
6009 6590 2397
5367 5536 2397
5367 5536 2397
5367 5536 2397
5367 5536 2397
5367 5536 2397
5367 5536 2397
5367 5536 2397
5367 5536 2397
5367 5536 2397
5367 5536 2397
5367 5536 2397
5367 5536 2397
7672 7697 2397
7672 7697 2397
7672 7697 2397
7672 7697 2397
7672 7697 2397
7672 7697 2397
7672 7697 2397
7672 7697 2397
7672 7697 2397
7672 7697 2397
7672 7697 2397
7672 7697 2397
7672 7697 2397
6556 6601 2397
6556 6601 2397
6556 6601 2397
6556 6601 2397
6556 6601 2397
6556 6601 2397
6556 6601 2397
6556 6601 2397
6556 6601 2397
6556 6601 2397
6556 6601 2397
6556 6601 2397
7710 7689 2398
7710 7689 2398
7710 7689 2398
7710 7689 2398
7710 7689 2398
7710 7689 2398
7710 7689 2398
7710 7689 2398
7710 7689 2398
7710 7689 2398
7710 7689 2398
7710 7689 2398
7710 7689 2398
7949 7934 2399
7949 7934 2399
7949 7934 2399
7949 7934 2399
7949 7934 2399
7949 7934 2399
7949 7934 2399
7949 7934 2399
7949 7934 2399
7949 7934 2399
7949 7934 2399
7949 7934 2399
7949 7934 2399
9146 5283 2399
9146 5283 2399
9146 5283 2399
9146 5283 2399
9146 5283 2399
9146 5283 2399
9146 5283 2399
9146 5283 2399
9146 5283 2399
9146 5283 2399
9146 5283 2399
9146 5283 2399
5283 6610 2400
5283 6610 2400
5283 6610 2400
5283 6610 2400
5283 6610 2400
5283 6610 2400
5283 6610 2400
5283 6610 2400
5283 6610 2400
5283 6610 2400
5283 6610 2400
5283 6610 2400
6048 7763 2400
6048 7763 2400
6048 7763 2400
6048 7763 2400
6048 7763 2400
6048 7763 2400
6048 7763 2400
6048 7763 2400
6048 7763 2400
6048 7763 2400
6048 7763 2400
6048 7763 2400
5358 8459 2400
5358 8459 2400
5358 8459 2400
5358 8459 2400
5358 8459 2400
5358 8459 2400
5358 8459 2400
5358 8459 2400
5358 8459 2400
5358 8459 2400
5358 8459 2400
5358 8459 2400
5358 8459 2400
6549 6605 2400
6549 6605 2400
6549 6605 2400
6549 6605 2400
6549 6605 2400
6549 6605 2400
6549 6605 2400
6549 6605 2400
6549 6605 2400
6549 6605 2400
6549 6605 2400
6549 6605 2400
9179 5243 2400
9179 5243 2400
9179 5243 2400
9179 5243 2400
9179 5243 2400
9179 5243 2400
9179 5243 2400
9179 5243 2400
9179 5243 2400
9179 5243 2400
9179 5243 2400
9179 5243 2400
9179 5243 2400
8462 8477 2401
8462 8477 2401
8462 8477 2401
8462 8477 2401
8462 8477 2401
8462 8477 2401
8462 8477 2401
8462 8477 2401
8462 8477 2401
8462 8477 2401
8462 8477 2401
8462 8477 2401
6418 8449 2401
6418 8449 2401
6418 8449 2401
6418 8449 2401
6418 8449 2401
6418 8449 2401
6418 8449 2401
6418 8449 2401
6418 8449 2401
6418 8449 2401
6418 8449 2401
6418 8449 2401
5990 6592 2401
5990 6592 2401
5990 6592 2401
5990 6592 2401
5990 6592 2401
5990 6592 2401
5990 6592 2401
5990 6592 2401
5990 6592 2401
5990 6592 2401
5990 6592 2401
5990 6592 2401
7973 7819 2402
7973 7819 2402
7973 7819 2402
7973 7819 2402
7973 7819 2402
7973 7819 2402
7973 7819 2402
7973 7819 2402
7973 7819 2402
7973 7819 2402
7973 7819 2402
7973 7819 2402
6384 8679 2402
6384 8679 2402
6384 8679 2402
6384 8679 2402
6384 8679 2402
6384 8679 2402
6384 8679 2402
6384 8679 2402
6384 8679 2402
6384 8679 2402
6384 8679 2402
6384 8679 2402
6384 8679 2402
5251 5366 2402
5251 5366 2402
5251 5366 2402
5251 5366 2402
5251 5366 2402
5251 5366 2402
5251 5366 2402
5251 5366 2402
5251 5366 2402
5251 5366 2402
5251 5366 2402
5251 5366 2402
5251 5366 2402
6409 5358 2402
6409 5358 2402
6409 5358 2402
6409 5358 2402
6409 5358 2402
6409 5358 2402
6409 5358 2402
6409 5358 2402
6409 5358 2402
6409 5358 2402
6409 5358 2402
6409 5358 2402
6409 5358 2402
8807 5275 2403
8807 5275 2403
8807 5275 2403
8807 5275 2403
8807 5275 2403
8807 5275 2403
8807 5275 2403
8807 5275 2403
8807 5275 2403
8807 5275 2403
8807 5275 2403
8807 5275 2403
7784 8461 2403
7784 8461 2403
7784 8461 2403
7784 8461 2403
7784 8461 2403
7784 8461 2403
7784 8461 2403
7784 8461 2403
7784 8461 2403
7784 8461 2403
7784 8461 2403
7784 8461 2403
6602 7690 2403
6602 7690 2403
6602 7690 2403
6602 7690 2403
6602 7690 2403
6602 7690 2403
6602 7690 2403
6602 7690 2403
6602 7690 2403
6602 7690 2403
6602 7690 2403
6602 7690 2403
6602 7690 2403
7497 6491 2403
7497 6491 2403
7497 6491 2403
7497 6491 2403
7497 6491 2403
7497 6491 2403
7497 6491 2403
7497 6491 2403
7497 6491 2403
7497 6491 2403
7497 6491 2403
7497 6491 2403
7922 7654 2403
7922 7654 2403
7922 7654 2403
7922 7654 2403
7922 7654 2403
7922 7654 2403
7922 7654 2403
7922 7654 2403
7922 7654 2403
7922 7654 2403
7922 7654 2403
7922 7654 2403
7922 7654 2403
6575 6398 2403
6575 6398 2403
6575 6398 2403
6575 6398 2403
6575 6398 2403
6575 6398 2403
6575 6398 2403
6575 6398 2403
6575 6398 2403
6575 6398 2403
6575 6398 2403
6575 6398 2403
5295 9252 2403
5295 9252 2403
5295 9252 2403
5295 9252 2403
5295 9252 2403
5295 9252 2403
5295 9252 2403
5295 9252 2403
5295 9252 2403
5295 9252 2403
5295 9252 2403
5295 9252 2403
7947 6042 2403
7947 6042 2403
7947 6042 2403
7947 6042 2403
7947 6042 2403
7947 6042 2403
7947 6042 2403
7947 6042 2403
7947 6042 2403
7947 6042 2403
7947 6042 2403
7947 6042 2403
6564 8677 2404
6564 8677 2404
6564 8677 2404
6564 8677 2404
6564 8677 2404
6564 8677 2404
6564 8677 2404
6564 8677 2404
6564 8677 2404
6564 8677 2404
6564 8677 2404
6564 8677 2404
6564 8677 2404
6527 6478 2404
6527 6478 2404
6527 6478 2404
6527 6478 2404
6527 6478 2404
6527 6478 2404
6527 6478 2404
6527 6478 2404
6527 6478 2404
6527 6478 2404
6527 6478 2404
6527 6478 2404
6508 7723 2405
6508 7723 2405
6508 7723 2405
6508 7723 2405
6508 7723 2405
6508 7723 2405
6508 7723 2405
6508 7723 2405
6508 7723 2405
6508 7723 2405
6508 7723 2405
6508 7723 2405
8768 8832 2405
8768 8832 2405
8768 8832 2405
8768 8832 2405
8768 8832 2405
8768 8832 2405
8768 8832 2405
8768 8832 2405
8768 8832 2405
8768 8832 2405
8768 8832 2405
8768 8832 2405
5301 5264 2406
5301 5264 2406
5301 5264 2406
5301 5264 2406
5301 5264 2406
5301 5264 2406
5301 5264 2406
5301 5264 2406
5301 5264 2406
5301 5264 2406
5301 5264 2406
5301 5264 2406
5301 5264 2406
7845 7732 2406
7845 7732 2406
7845 7732 2406
7845 7732 2406
7845 7732 2406
7845 7732 2406
7845 7732 2406
7845 7732 2406
7845 7732 2406
7845 7732 2406
7845 7732 2406
7845 7732 2406
7699 7923 2406
7699 7923 2406
7699 7923 2406
7699 7923 2406
7699 7923 2406
7699 7923 2406
7699 7923 2406
7699 7923 2406
7699 7923 2406
7699 7923 2406
7699 7923 2406
7699 7923 2406
8455 7694 2407
8455 7694 2407
8455 7694 2407
8455 7694 2407
8455 7694 2407
8455 7694 2407
8455 7694 2407
8455 7694 2407
8455 7694 2407
8455 7694 2407
8455 7694 2407
8455 7694 2407
7684 7675 2407
7684 7675 2407
7684 7675 2407
7684 7675 2407
7684 7675 2407
7684 7675 2407
7684 7675 2407
7684 7675 2407
7684 7675 2407
7684 7675 2407
7684 7675 2407
7684 7675 2407
7684 7675 2407
6589 6416 2408
6589 6416 2408
6589 6416 2408
6589 6416 2408
6589 6416 2408
6589 6416 2408
6589 6416 2408
6589 6416 2408
6589 6416 2408
6589 6416 2408
6589 6416 2408
6589 6416 2408
6589 6416 2408
7846 7656 2408
7846 7656 2408
7846 7656 2408
7846 7656 2408
7846 7656 2408
7846 7656 2408
7846 7656 2408
7846 7656 2408
7846 7656 2408
7846 7656 2408
7846 7656 2408
7846 7656 2408
5491 5294 2408
5491 5294 2408
5491 5294 2408
5491 5294 2408
5491 5294 2408
5491 5294 2408
5491 5294 2408
5491 5294 2408
5491 5294 2408
5491 5294 2408
5491 5294 2408
5491 5294 2408
5491 5294 2408
6003 8436 2408
6003 8436 2408
6003 8436 2408
6003 8436 2408
6003 8436 2408
6003 8436 2408
6003 8436 2408
6003 8436 2408
6003 8436 2408
6003 8436 2408
6003 8436 2408
6003 8436 2408
6569 9834 2408
6569 9834 2408
6569 9834 2408
6569 9834 2408
6569 9834 2408
6569 9834 2408
6569 9834 2408
6569 9834 2408
6569 9834 2408
6569 9834 2408
6569 9834 2408
6569 9834 2408
6569 9834 2408
7838 7746 2408
7838 7746 2408
7838 7746 2408
7838 7746 2408
7838 7746 2408
7838 7746 2408
7838 7746 2408
7838 7746 2408
7838 7746 2408
7838 7746 2408
7838 7746 2408
7838 7746 2408
7838 7746 2408
8432 6553 2409
8432 6553 2409
8432 6553 2409
8432 6553 2409
8432 6553 2409
8432 6553 2409
8432 6553 2409
8432 6553 2409
8432 6553 2409
8432 6553 2409
8432 6553 2409
8432 6553 2409
8432 6553 2409
6577 6590 2409
6577 6590 2409
6577 6590 2409
6577 6590 2409
6577 6590 2409
6577 6590 2409
6577 6590 2409
6577 6590 2409
6577 6590 2409
6577 6590 2409
6577 6590 2409
6577 6590 2409
6577 6590 2409
7658 8371 2409
7658 8371 2409
7658 8371 2409
7658 8371 2409
7658 8371 2409
7658 8371 2409
7658 8371 2409
7658 8371 2409
7658 8371 2409
7658 8371 2409
7658 8371 2409
7658 8371 2409
6544 6537 2409
6544 6537 2409
6544 6537 2409
6544 6537 2409
6544 6537 2409
6544 6537 2409
6544 6537 2409
6544 6537 2409
6544 6537 2409
6544 6537 2409
6544 6537 2409
6544 6537 2409
6544 6537 2409
9180 9145 2409
9180 9145 2409
9180 9145 2409
9180 9145 2409
9180 9145 2409
9180 9145 2409
9180 9145 2409
9180 9145 2409
9180 9145 2409
9180 9145 2409
9180 9145 2409
9180 9145 2409
9180 9145 2409
5267 8673 2409
5267 8673 2409
5267 8673 2409
5267 8673 2409
5267 8673 2409
5267 8673 2409
5267 8673 2409
5267 8673 2409
5267 8673 2409
5267 8673 2409
5267 8673 2409
5267 8673 2409
5267 8673 2409
7779 7745 2409
7779 7745 2409
7779 7745 2409
7779 7745 2409
7779 7745 2409
7779 7745 2409
7779 7745 2409
7779 7745 2409
7779 7745 2409
7779 7745 2409
7779 7745 2409
7779 7745 2409
7779 7745 2409
5358 5398 2410
5358 5398 2410
5358 5398 2410
5358 5398 2410
5358 5398 2410
5358 5398 2410
5358 5398 2410
5358 5398 2410
5358 5398 2410
5358 5398 2410
5358 5398 2410
5358 5398 2410
7677 7768 2410
7677 7768 2410
7677 7768 2410
7677 7768 2410
7677 7768 2410
7677 7768 2410
7677 7768 2410
7677 7768 2410
7677 7768 2410
7677 7768 2410
7677 7768 2410
7677 7768 2410
8465 7780 2411
8465 7780 2411
8465 7780 2411
8465 7780 2411
8465 7780 2411
8465 7780 2411
8465 7780 2411
8465 7780 2411
8465 7780 2411
8465 7780 2411
8465 7780 2411
8465 7780 2411
5418 5443 2411
5418 5443 2411
5418 5443 2411
5418 5443 2411
5418 5443 2411
5418 5443 2411
5418 5443 2411
5418 5443 2411
5418 5443 2411
5418 5443 2411
5418 5443 2411
5418 5443 2411
5418 5443 2411
6550 6578 2412
6550 6578 2412
6550 6578 2412
6550 6578 2412
6550 6578 2412
6550 6578 2412
6550 6578 2412
6550 6578 2412
6550 6578 2412
6550 6578 2412
6550 6578 2412
6550 6578 2412
6613 7703 2413
6613 7703 2413
6613 7703 2413
6613 7703 2413
6613 7703 2413
6613 7703 2413
6613 7703 2413
6613 7703 2413
6613 7703 2413
6613 7703 2413
6613 7703 2413
6613 7703 2413
6613 7703 2413
5383 9261 2413
5383 9261 2413
5383 9261 2413
5383 9261 2413
5383 9261 2413
5383 9261 2413
5383 9261 2413
5383 9261 2413
5383 9261 2413
5383 9261 2413
5383 9261 2413
5383 9261 2413
6549 6346 2413
6549 6346 2413
6549 6346 2413
6549 6346 2413
6549 6346 2413
6549 6346 2413
6549 6346 2413
6549 6346 2413
6549 6346 2413
6549 6346 2413
6549 6346 2413
6549 6346 2413
6549 6346 2413
8452 7717 2413
8452 7717 2413
8452 7717 2413
8452 7717 2413
8452 7717 2413
8452 7717 2413
8452 7717 2413
8452 7717 2413
8452 7717 2413
8452 7717 2413
8452 7717 2413
8452 7717 2413
8452 7717 2413
5433 7713 2413
5433 7713 2413
5433 7713 2413
5433 7713 2413
5433 7713 2413
5433 7713 2413
5433 7713 2413
5433 7713 2413
5433 7713 2413
5433 7713 2413
5433 7713 2413
5433 7713 2413
5433 7713 2413
7843 7730 2413
7843 7730 2413
7843 7730 2413
7843 7730 2413
7843 7730 2413
7843 7730 2413
7843 7730 2413
7843 7730 2413
7843 7730 2413
7843 7730 2413
7843 7730 2413
7843 7730 2413
7843 7730 2413
7899 7862 2413
7899 7862 2413
7899 7862 2413
7899 7862 2413
7899 7862 2413
7899 7862 2413
7899 7862 2413
7899 7862 2413
7899 7862 2413
7899 7862 2413
7899 7862 2413
7899 7862 2413
6567 6605 2413
6567 6605 2413
6567 6605 2413
6567 6605 2413
6567 6605 2413
6567 6605 2413
6567 6605 2413
6567 6605 2413
6567 6605 2413
6567 6605 2413
6567 6605 2413
6567 6605 2413
6567 6605 2413
5412 5986 2414
5412 5986 2414
5412 5986 2414
5412 5986 2414
5412 5986 2414
5412 5986 2414
5412 5986 2414
5412 5986 2414
5412 5986 2414
5412 5986 2414
5412 5986 2414
5412 5986 2414
5412 5986 2414
6041 6568 2414
6041 6568 2414
6041 6568 2414
6041 6568 2414
6041 6568 2414
6041 6568 2414
6041 6568 2414
6041 6568 2414
6041 6568 2414
6041 6568 2414
6041 6568 2414
6041 6568 2414
6041 6568 2414
5411 6545 2414
5411 6545 2414
5411 6545 2414
5411 6545 2414
5411 6545 2414
5411 6545 2414
5411 6545 2414
5411 6545 2414
5411 6545 2414
5411 6545 2414
5411 6545 2414
5411 6545 2414
5527 5406 2414
5527 5406 2414
5527 5406 2414
5527 5406 2414
5527 5406 2414
5527 5406 2414
5527 5406 2414
5527 5406 2414
5527 5406 2414
5527 5406 2414
5527 5406 2414
5527 5406 2414
7877 7839 2414
7877 7839 2414
7877 7839 2414
7877 7839 2414
7877 7839 2414
7877 7839 2414
7877 7839 2414
7877 7839 2414
7877 7839 2414
7877 7839 2414
7877 7839 2414
7877 7839 2414
7753 8450 2414
7753 8450 2414
7753 8450 2414
7753 8450 2414
7753 8450 2414
7753 8450 2414
7753 8450 2414
7753 8450 2414
7753 8450 2414
7753 8450 2414
7753 8450 2414
7753 8450 2414
6532 6397 2414
6532 6397 2414
6532 6397 2414
6532 6397 2414
6532 6397 2414
6532 6397 2414
6532 6397 2414
6532 6397 2414
6532 6397 2414
6532 6397 2414
6532 6397 2414
6532 6397 2414
7656 7834 2415
7656 7834 2415
7656 7834 2415
7656 7834 2415
7656 7834 2415
7656 7834 2415
7656 7834 2415
7656 7834 2415
7656 7834 2415
7656 7834 2415
7656 7834 2415
7656 7834 2415
7656 7834 2415
6537 8450 2415
6537 8450 2415
6537 8450 2415
6537 8450 2415
6537 8450 2415
6537 8450 2415
6537 8450 2415
6537 8450 2415
6537 8450 2415
6537 8450 2415
6537 8450 2415
6537 8450 2415
6537 8450 2415
5563 5297 2415
5563 5297 2415
5563 5297 2415
5563 5297 2415
5563 5297 2415
5563 5297 2415
5563 5297 2415
5563 5297 2415
5563 5297 2415
5563 5297 2415
5563 5297 2415
5563 5297 2415
7500 7659 2415
7500 7659 2415
7500 7659 2415
7500 7659 2415
7500 7659 2415
7500 7659 2415
7500 7659 2415
7500 7659 2415
7500 7659 2415
7500 7659 2415
7500 7659 2415
7500 7659 2415
7689 7916 2416
7689 7916 2416
7689 7916 2416
7689 7916 2416
7689 7916 2416
7689 7916 2416
7689 7916 2416
7689 7916 2416
7689 7916 2416
7689 7916 2416
7689 7916 2416
7689 7916 2416
5794 5549 2416
5794 5549 2416
5794 5549 2416
5794 5549 2416
5794 5549 2416
5794 5549 2416
5794 5549 2416
5794 5549 2416
5794 5549 2416
5794 5549 2416
5794 5549 2416
5794 5549 2416
5794 5549 2416
9147 5284 2416
9147 5284 2416
9147 5284 2416
9147 5284 2416
9147 5284 2416
9147 5284 2416
9147 5284 2416
9147 5284 2416
9147 5284 2416
9147 5284 2416
9147 5284 2416
9147 5284 2416
9147 5284 2416
6529 7691 2416
6529 7691 2416
6529 7691 2416
6529 7691 2416
6529 7691 2416
6529 7691 2416
6529 7691 2416
6529 7691 2416
6529 7691 2416
6529 7691 2416
6529 7691 2416
6529 7691 2416
6529 7691 2416
5283 9632 2416
5283 9632 2416
5283 9632 2416
5283 9632 2416
5283 9632 2416
5283 9632 2416
5283 9632 2416
5283 9632 2416
5283 9632 2416
5283 9632 2416
5283 9632 2416
5283 9632 2416
6591 5391 2417
6591 5391 2417
6591 5391 2417
6591 5391 2417
6591 5391 2417
6591 5391 2417
6591 5391 2417
6591 5391 2417
6591 5391 2417
6591 5391 2417
6591 5391 2417
6591 5391 2417
6591 5391 2417
7940 7718 2417
7940 7718 2417
7940 7718 2417
7940 7718 2417
7940 7718 2417
7940 7718 2417
7940 7718 2417
7940 7718 2417
7940 7718 2417
7940 7718 2417
7940 7718 2417
7940 7718 2417
7940 7718 2417
6355 6454 2417
6355 6454 2417
6355 6454 2417
6355 6454 2417
6355 6454 2417
6355 6454 2417
6355 6454 2417
6355 6454 2417
6355 6454 2417
6355 6454 2417
6355 6454 2417
6355 6454 2417
5413 5254 2417
5413 5254 2417
5413 5254 2417
5413 5254 2417
5413 5254 2417
5413 5254 2417
5413 5254 2417
5413 5254 2417
5413 5254 2417
5413 5254 2417
5413 5254 2417
5413 5254 2417
9271 5292 2417
9271 5292 2417
9271 5292 2417
9271 5292 2417
9271 5292 2417
9271 5292 2417
9271 5292 2417
9271 5292 2417
9271 5292 2417
9271 5292 2417
9271 5292 2417
9271 5292 2417
9271 5292 2417
6481 6495 2418
6481 6495 2418
6481 6495 2418
6481 6495 2418
6481 6495 2418
6481 6495 2418
6481 6495 2418
6481 6495 2418
6481 6495 2418
6481 6495 2418
6481 6495 2418
6481 6495 2418
6531 6398 2418
6531 6398 2418
6531 6398 2418
6531 6398 2418
6531 6398 2418
6531 6398 2418
6531 6398 2418
6531 6398 2418
6531 6398 2418
6531 6398 2418
6531 6398 2418
6531 6398 2418
6517 7690 2418
6517 7690 2418
6517 7690 2418
6517 7690 2418
6517 7690 2418
6517 7690 2418
6517 7690 2418
6517 7690 2418
6517 7690 2418
6517 7690 2418
6517 7690 2418
6517 7690 2418
6607 5390 2418
6607 5390 2418
6607 5390 2418
6607 5390 2418
6607 5390 2418
6607 5390 2418
6607 5390 2418
6607 5390 2418
6607 5390 2418
6607 5390 2418
6607 5390 2418
6607 5390 2418
6607 5390 2418
8446 6601 2418
8446 6601 2418
8446 6601 2418
8446 6601 2418
8446 6601 2418
8446 6601 2418
8446 6601 2418
8446 6601 2418
8446 6601 2418
8446 6601 2418
8446 6601 2418
8446 6601 2418
6022 5287 2418
6022 5287 2418
6022 5287 2418
6022 5287 2418
6022 5287 2418
6022 5287 2418
6022 5287 2418
6022 5287 2418
6022 5287 2418
6022 5287 2418
6022 5287 2418
6022 5287 2418
6022 5287 2418
6409 6508 2419
6409 6508 2419
6409 6508 2419
6409 6508 2419
6409 6508 2419
6409 6508 2419
6409 6508 2419
6409 6508 2419
6409 6508 2419
6409 6508 2419
6409 6508 2419
6409 6508 2419
6409 6508 2419
5297 5277 2420
5297 5277 2420
5297 5277 2420
5297 5277 2420
5297 5277 2420
5297 5277 2420
5297 5277 2420
5297 5277 2420
5297 5277 2420
5297 5277 2420
5297 5277 2420
5297 5277 2420
5568 5466 2420
5568 5466 2420
5568 5466 2420
5568 5466 2420
5568 5466 2420
5568 5466 2420
5568 5466 2420
5568 5466 2420
5568 5466 2420
5568 5466 2420
5568 5466 2420
5568 5466 2420
7878 7967 2420
7878 7967 2420
7878 7967 2420
7878 7967 2420
7878 7967 2420
7878 7967 2420
7878 7967 2420
7878 7967 2420
7878 7967 2420
7878 7967 2420
7878 7967 2420
7878 7967 2420
6544 7724 2420
6544 7724 2420
6544 7724 2420
6544 7724 2420
6544 7724 2420
6544 7724 2420
6544 7724 2420
6544 7724 2420
6544 7724 2420
6544 7724 2420
6544 7724 2420
6544 7724 2420
6544 7724 2420
6562 6398 2420
6562 6398 2420
6562 6398 2420
6562 6398 2420
6562 6398 2420
6562 6398 2420
6562 6398 2420
6562 6398 2420
6562 6398 2420
6562 6398 2420
6562 6398 2420
6562 6398 2420
5523 5987 2421
5523 5987 2421
5523 5987 2421
5523 5987 2421
5523 5987 2421
5523 5987 2421
5523 5987 2421
5523 5987 2421
5523 5987 2421
5523 5987 2421
5523 5987 2421
5523 5987 2421
5523 5987 2421
6549 8680 2421
6549 8680 2421
6549 8680 2421
6549 8680 2421
6549 8680 2421
6549 8680 2421
6549 8680 2421
6549 8680 2421
6549 8680 2421
6549 8680 2421
6549 8680 2421
6549 8680 2421
6499 6523 2421
6499 6523 2421
6499 6523 2421
6499 6523 2421
6499 6523 2421
6499 6523 2421
6499 6523 2421
6499 6523 2421
6499 6523 2421
6499 6523 2421
6499 6523 2421
6499 6523 2421
6499 6523 2421
6526 7685 2421
6526 7685 2421
6526 7685 2421
6526 7685 2421
6526 7685 2421
6526 7685 2421
6526 7685 2421
6526 7685 2421
6526 7685 2421
6526 7685 2421
6526 7685 2421
6526 7685 2421
6526 7685 2421
5384 5369 2421
5384 5369 2421
5384 5369 2421
5384 5369 2421
5384 5369 2421
5384 5369 2421
5384 5369 2421
5384 5369 2421
5384 5369 2421
5384 5369 2421
5384 5369 2421
5384 5369 2421
8434 8457 2421
8434 8457 2421
8434 8457 2421
8434 8457 2421
8434 8457 2421
8434 8457 2421
8434 8457 2421
8434 8457 2421
8434 8457 2421
8434 8457 2421
8434 8457 2421
8434 8457 2421
7767 7703 2421
7767 7703 2421
7767 7703 2421
7767 7703 2421
7767 7703 2421
7767 7703 2421
7767 7703 2421
7767 7703 2421
7767 7703 2421
7767 7703 2421
7767 7703 2421
7767 7703 2421
5267 8432 2422
5267 8432 2422
5267 8432 2422
5267 8432 2422
5267 8432 2422
5267 8432 2422
5267 8432 2422
5267 8432 2422
5267 8432 2422
5267 8432 2422
5267 8432 2422
5267 8432 2422
5267 8432 2422
6325 7455 2422
6325 7455 2422
6325 7455 2422
6325 7455 2422
6325 7455 2422
6325 7455 2422
6325 7455 2422
6325 7455 2422
6325 7455 2422
6325 7455 2422
6325 7455 2422
6325 7455 2422
6325 7455 2422
5358 6001 2422
5358 6001 2422
5358 6001 2422
5358 6001 2422
5358 6001 2422
5358 6001 2422
5358 6001 2422
5358 6001 2422
5358 6001 2422
5358 6001 2422
5358 6001 2422
5358 6001 2422
5358 6001 2422
6538 7702 2423
6538 7702 2423
6538 7702 2423
6538 7702 2423
6538 7702 2423
6538 7702 2423
6538 7702 2423
6538 7702 2423
6538 7702 2423
6538 7702 2423
6538 7702 2423
6538 7702 2423
7880 7889 2423
7880 7889 2423
7880 7889 2423
7880 7889 2423
7880 7889 2423
7880 7889 2423
7880 7889 2423
7880 7889 2423
7880 7889 2423
7880 7889 2423
7880 7889 2423
7880 7889 2423
7880 7889 2423
7881 7729 2423
7881 7729 2423
7881 7729 2423
7881 7729 2423
7881 7729 2423
7881 7729 2423
7881 7729 2423
7881 7729 2423
7881 7729 2423
7881 7729 2423
7881 7729 2423
7881 7729 2423
6607 7785 2423
6607 7785 2423
6607 7785 2423
6607 7785 2423
6607 7785 2423
6607 7785 2423
6607 7785 2423
6607 7785 2423
6607 7785 2423
6607 7785 2423
6607 7785 2423
6607 7785 2423
9143 5280 2424
9143 5280 2424
9143 5280 2424
9143 5280 2424
9143 5280 2424
9143 5280 2424
9143 5280 2424
9143 5280 2424
9143 5280 2424
9143 5280 2424
9143 5280 2424
9143 5280 2424
9143 5280 2424
7946 7773 2424
7946 7773 2424
7946 7773 2424
7946 7773 2424
7946 7773 2424
7946 7773 2424
7946 7773 2424
7946 7773 2424
7946 7773 2424
7946 7773 2424
7946 7773 2424
7946 7773 2424
8431 8675 2424
8431 8675 2424
8431 8675 2424
8431 8675 2424
8431 8675 2424
8431 8675 2424
8431 8675 2424
8431 8675 2424
8431 8675 2424
8431 8675 2424
8431 8675 2424
8431 8675 2424
8431 8675 2424
8457 6598 2424
8457 6598 2424
8457 6598 2424
8457 6598 2424
8457 6598 2424
8457 6598 2424
8457 6598 2424
8457 6598 2424
8457 6598 2424
8457 6598 2424
8457 6598 2424
8457 6598 2424
5317 5275 2424
5317 5275 2424
5317 5275 2424
5317 5275 2424
5317 5275 2424
5317 5275 2424
5317 5275 2424
5317 5275 2424
5317 5275 2424
5317 5275 2424
5317 5275 2424
5317 5275 2424
6575 8704 2425
6575 8704 2425
6575 8704 2425
6575 8704 2425
6575 8704 2425
6575 8704 2425
6575 8704 2425
6575 8704 2425
6575 8704 2425
6575 8704 2425
6575 8704 2425
6575 8704 2425
6575 8704 2425
8770 5386 2426
8770 5386 2426
8770 5386 2426
8770 5386 2426
8770 5386 2426
8770 5386 2426
8770 5386 2426
8770 5386 2426
8770 5386 2426
8770 5386 2426
8770 5386 2426
8770 5386 2426
5398 5267 2427
5398 5267 2427
5398 5267 2427
5398 5267 2427
5398 5267 2427
5398 5267 2427
5398 5267 2427
5398 5267 2427
5398 5267 2427
5398 5267 2427
5398 5267 2427
5398 5267 2427
6549 6398 2427
6549 6398 2427
6549 6398 2427
6549 6398 2427
6549 6398 2427
6549 6398 2427
6549 6398 2427
6549 6398 2427
6549 6398 2427
6549 6398 2427
6549 6398 2427
6549 6398 2427
7891 8002 2428
7891 8002 2428
7891 8002 2428
7891 8002 2428
7891 8002 2428
7891 8002 2428
7891 8002 2428
7891 8002 2428
7891 8002 2428
7891 8002 2428
7891 8002 2428
7891 8002 2428
7891 8002 2428
5298 5447 2428
5298 5447 2428
5298 5447 2428
5298 5447 2428
5298 5447 2428
5298 5447 2428
5298 5447 2428
5298 5447 2428
5298 5447 2428
5298 5447 2428
5298 5447 2428
5298 5447 2428
6538 6397 2428
6538 6397 2428
6538 6397 2428
6538 6397 2428
6538 6397 2428
6538 6397 2428
6538 6397 2428
6538 6397 2428
6538 6397 2428
6538 6397 2428
6538 6397 2428
6538 6397 2428
6538 6397 2428
7678 6449 2428
7678 6449 2428
7678 6449 2428
7678 6449 2428
7678 6449 2428
7678 6449 2428
7678 6449 2428
7678 6449 2428
7678 6449 2428
7678 6449 2428
7678 6449 2428
7678 6449 2428
8749 5278 2428
8749 5278 2428
8749 5278 2428
8749 5278 2428
8749 5278 2428
8749 5278 2428
8749 5278 2428
8749 5278 2428
8749 5278 2428
8749 5278 2428
8749 5278 2428
8749 5278 2428
8434 5279 2429
8434 5279 2429
8434 5279 2429
8434 5279 2429
8434 5279 2429
8434 5279 2429
8434 5279 2429
8434 5279 2429
8434 5279 2429
8434 5279 2429
8434 5279 2429
8434 5279 2429
6546 5392 2429
6546 5392 2429
6546 5392 2429
6546 5392 2429
6546 5392 2429
6546 5392 2429
6546 5392 2429
6546 5392 2429
6546 5392 2429
6546 5392 2429
6546 5392 2429
6546 5392 2429
6546 5392 2429
7666 7791 2430
7666 7791 2430
7666 7791 2430
7666 7791 2430
7666 7791 2430
7666 7791 2430
7666 7791 2430
7666 7791 2430
7666 7791 2430
7666 7791 2430
7666 7791 2430
7666 7791 2430
7666 7791 2430
5245 9157 2431
5245 9157 2431
5245 9157 2431
5245 9157 2431
5245 9157 2431
5245 9157 2431
5245 9157 2431
5245 9157 2431
5245 9157 2431
5245 9157 2431
5245 9157 2431
5245 9157 2431
5245 9157 2431
9520 6586 2432
9520 6586 2432
9520 6586 2432
9520 6586 2432
9520 6586 2432
9520 6586 2432
9520 6586 2432
9520 6586 2432
9520 6586 2432
9520 6586 2432
9520 6586 2432
9520 6586 2432
6334 7476 2432
6334 7476 2432
6334 7476 2432
6334 7476 2432
6334 7476 2432
6334 7476 2432
6334 7476 2432
6334 7476 2432
6334 7476 2432
6334 7476 2432
6334 7476 2432
6334 7476 2432
6334 7476 2432
7947 7931 2432
7947 7931 2432
7947 7931 2432
7947 7931 2432
7947 7931 2432
7947 7931 2432
7947 7931 2432
7947 7931 2432
7947 7931 2432
7947 7931 2432
7947 7931 2432
7947 7931 2432
7934 7829 2432
7934 7829 2432
7934 7829 2432
7934 7829 2432
7934 7829 2432
7934 7829 2432
7934 7829 2432
7934 7829 2432
7934 7829 2432
7934 7829 2432
7934 7829 2432
7934 7829 2432
7934 7829 2432
7772 7700 2433
7772 7700 2433
7772 7700 2433
7772 7700 2433
7772 7700 2433
7772 7700 2433
7772 7700 2433
7772 7700 2433
7772 7700 2433
7772 7700 2433
7772 7700 2433
7772 7700 2433
7772 7700 2433
6455 6546 2433
6455 6546 2433
6455 6546 2433
6455 6546 2433
6455 6546 2433
6455 6546 2433
6455 6546 2433
6455 6546 2433
6455 6546 2433
6455 6546 2433
6455 6546 2433
6455 6546 2433
7972 7750 2433
7972 7750 2433
7972 7750 2433
7972 7750 2433
7972 7750 2433
7972 7750 2433
7972 7750 2433
7972 7750 2433
7972 7750 2433
7972 7750 2433
7972 7750 2433
7972 7750 2433
7972 7750 2433
6513 7700 2433
6513 7700 2433
6513 7700 2433
6513 7700 2433
6513 7700 2433
6513 7700 2433
6513 7700 2433
6513 7700 2433
6513 7700 2433
6513 7700 2433
6513 7700 2433
6513 7700 2433
6513 7700 2433
7703 8463 2434
7703 8463 2434
7703 8463 2434
7703 8463 2434
7703 8463 2434
7703 8463 2434
7703 8463 2434
7703 8463 2434
7703 8463 2434
7703 8463 2434
7703 8463 2434
7703 8463 2434
5527 5377 2434
5527 5377 2434
5527 5377 2434
5527 5377 2434
5527 5377 2434
5527 5377 2434
5527 5377 2434
5527 5377 2434
5527 5377 2434
5527 5377 2434
5527 5377 2434
5527 5377 2434
5527 5377 2434
8467 6551 2434
8467 6551 2434
8467 6551 2434
8467 6551 2434
8467 6551 2434
8467 6551 2434
8467 6551 2434
8467 6551 2434
8467 6551 2434
8467 6551 2434
8467 6551 2434
8467 6551 2434
8467 6551 2434
8759 5435 2435
8759 5435 2435
8759 5435 2435
8759 5435 2435
8759 5435 2435
8759 5435 2435
8759 5435 2435
8759 5435 2435
8759 5435 2435
8759 5435 2435
8759 5435 2435
8759 5435 2435
8759 5435 2435
8705 6543 2436
8705 6543 2436
8705 6543 2436
8705 6543 2436
8705 6543 2436
8705 6543 2436
8705 6543 2436
8705 6543 2436
8705 6543 2436
8705 6543 2436
8705 6543 2436
8705 6543 2436
8705 6543 2436
7732 7725 2437
7732 7725 2437
7732 7725 2437
7732 7725 2437
7732 7725 2437
7732 7725 2437
7732 7725 2437
7732 7725 2437
7732 7725 2437
7732 7725 2437
7732 7725 2437
7732 7725 2437
7732 7725 2437
5289 9158 2437
5289 9158 2437
5289 9158 2437
5289 9158 2437
5289 9158 2437
5289 9158 2437
5289 9158 2437
5289 9158 2437
5289 9158 2437
5289 9158 2437
5289 9158 2437
5289 9158 2437
8769 9222 2437
8769 9222 2437
8769 9222 2437
8769 9222 2437
8769 9222 2437
8769 9222 2437
8769 9222 2437
8769 9222 2437
8769 9222 2437
8769 9222 2437
8769 9222 2437
8769 9222 2437
6575 8435 2438
6575 8435 2438
6575 8435 2438
6575 8435 2438
6575 8435 2438
6575 8435 2438
6575 8435 2438
6575 8435 2438
6575 8435 2438
6575 8435 2438
6575 8435 2438
6575 8435 2438
8751 5268 2438
8751 5268 2438
8751 5268 2438
8751 5268 2438
8751 5268 2438
8751 5268 2438
8751 5268 2438
8751 5268 2438
8751 5268 2438
8751 5268 2438
8751 5268 2438
8751 5268 2438
7781 8457 2438
7781 8457 2438
7781 8457 2438
7781 8457 2438
7781 8457 2438
7781 8457 2438
7781 8457 2438
7781 8457 2438
7781 8457 2438
7781 8457 2438
7781 8457 2438
7781 8457 2438
7781 8457 2438
5386 6534 2438
5386 6534 2438
5386 6534 2438
5386 6534 2438
5386 6534 2438
5386 6534 2438
5386 6534 2438
5386 6534 2438
5386 6534 2438
5386 6534 2438
5386 6534 2438
5386 6534 2438
8705 6553 2438
8705 6553 2438
8705 6553 2438
8705 6553 2438
8705 6553 2438
8705 6553 2438
8705 6553 2438
8705 6553 2438
8705 6553 2438
8705 6553 2438
8705 6553 2438
8705 6553 2438
9534 5555 2439
9534 5555 2439
9534 5555 2439
9534 5555 2439
9534 5555 2439
9534 5555 2439
9534 5555 2439
9534 5555 2439
9534 5555 2439
9534 5555 2439
9534 5555 2439
9534 5555 2439
9534 5555 2439
6497 6520 2439
6497 6520 2439
6497 6520 2439
6497 6520 2439
6497 6520 2439
6497 6520 2439
6497 6520 2439
6497 6520 2439
6497 6520 2439
6497 6520 2439
6497 6520 2439
6497 6520 2439
7758 6575 2439
7758 6575 2439
7758 6575 2439
7758 6575 2439
7758 6575 2439
7758 6575 2439
7758 6575 2439
7758 6575 2439
7758 6575 2439
7758 6575 2439
7758 6575 2439
7758 6575 2439
7758 6575 2439
5361 6602 2440
5361 6602 2440
5361 6602 2440
5361 6602 2440
5361 6602 2440
5361 6602 2440
5361 6602 2440
5361 6602 2440
5361 6602 2440
5361 6602 2440
5361 6602 2440
5361 6602 2440
6544 5259 2440
6544 5259 2440
6544 5259 2440
6544 5259 2440
6544 5259 2440
6544 5259 2440
6544 5259 2440
6544 5259 2440
6544 5259 2440
6544 5259 2440
6544 5259 2440
6544 5259 2440
7904 7872 2440
7904 7872 2440
7904 7872 2440
7904 7872 2440
7904 7872 2440
7904 7872 2440
7904 7872 2440
7904 7872 2440
7904 7872 2440
7904 7872 2440
7904 7872 2440
7904 7872 2440
7904 7872 2440
7925 7859 2440
7925 7859 2440
7925 7859 2440
7925 7859 2440
7925 7859 2440
7925 7859 2440
7925 7859 2440
7925 7859 2440
7925 7859 2440
7925 7859 2440
7925 7859 2440
7925 7859 2440
7925 7859 2440
7504 7825 2440
7504 7825 2440
7504 7825 2440
7504 7825 2440
7504 7825 2440
7504 7825 2440
7504 7825 2440
7504 7825 2440
7504 7825 2440
7504 7825 2440
7504 7825 2440
7504 7825 2440
7740 7715 2440
7740 7715 2440
7740 7715 2440
7740 7715 2440
7740 7715 2440
7740 7715 2440
7740 7715 2440
7740 7715 2440
7740 7715 2440
7740 7715 2440
7740 7715 2440
7740 7715 2440
7740 7715 2440
5436 5386 2440
5436 5386 2440
5436 5386 2440
5436 5386 2440
5436 5386 2440
5436 5386 2440
5436 5386 2440
5436 5386 2440
5436 5386 2440
5436 5386 2440
5436 5386 2440
5436 5386 2440
8448 7717 2440
8448 7717 2440
8448 7717 2440
8448 7717 2440
8448 7717 2440
8448 7717 2440
8448 7717 2440
8448 7717 2440
8448 7717 2440
8448 7717 2440
8448 7717 2440
8448 7717 2440
8448 7717 2440
7947 7841 2441
7947 7841 2441
7947 7841 2441
7947 7841 2441
7947 7841 2441
7947 7841 2441
7947 7841 2441
7947 7841 2441
7947 7841 2441
7947 7841 2441
7947 7841 2441
7947 7841 2441
7947 7841 2441
7824 7656 2441
7824 7656 2441
7824 7656 2441
7824 7656 2441
7824 7656 2441
7824 7656 2441
7824 7656 2441
7824 7656 2441
7824 7656 2441
7824 7656 2441
7824 7656 2441
7824 7656 2441
7824 7656 2441
7687 7830 2441
7687 7830 2441
7687 7830 2441
7687 7830 2441
7687 7830 2441
7687 7830 2441
7687 7830 2441
7687 7830 2441
7687 7830 2441
7687 7830 2441
7687 7830 2441
7687 7830 2441
6580 9631 2441
6580 9631 2441
6580 9631 2441
6580 9631 2441
6580 9631 2441
6580 9631 2441
6580 9631 2441
6580 9631 2441
6580 9631 2441
6580 9631 2441
6580 9631 2441
6580 9631 2441
8760 5262 2441
8760 5262 2441
8760 5262 2441
8760 5262 2441
8760 5262 2441
8760 5262 2441
8760 5262 2441
8760 5262 2441
8760 5262 2441
8760 5262 2441
8760 5262 2441
8760 5262 2441
7710 6566 2441
7710 6566 2441
7710 6566 2441
7710 6566 2441
7710 6566 2441
7710 6566 2441
7710 6566 2441
7710 6566 2441
7710 6566 2441
7710 6566 2441
7710 6566 2441
7710 6566 2441
7710 6566 2441
5548 6114 2441
5548 6114 2441
5548 6114 2441
5548 6114 2441
5548 6114 2441
5548 6114 2441
5548 6114 2441
5548 6114 2441
5548 6114 2441
5548 6114 2441
5548 6114 2441
5548 6114 2441
5548 6114 2441
8431 8445 2441
8431 8445 2441
8431 8445 2441
8431 8445 2441
8431 8445 2441
8431 8445 2441
8431 8445 2441
8431 8445 2441
8431 8445 2441
8431 8445 2441
8431 8445 2441
8431 8445 2441
8807 5278 2441
8807 5278 2441
8807 5278 2441
8807 5278 2441
8807 5278 2441
8807 5278 2441
8807 5278 2441
8807 5278 2441
8807 5278 2441
8807 5278 2441
8807 5278 2441
8807 5278 2441
8807 5278 2441
6566 7690 2442
6566 7690 2442
6566 7690 2442
6566 7690 2442
6566 7690 2442
6566 7690 2442
6566 7690 2442
6566 7690 2442
6566 7690 2442
6566 7690 2442
6566 7690 2442
6566 7690 2442
8705 6553 2442
8705 6553 2442
8705 6553 2442
8705 6553 2442
8705 6553 2442
8705 6553 2442
8705 6553 2442
8705 6553 2442
8705 6553 2442
8705 6553 2442
8705 6553 2442
8705 6553 2442
7687 7715 2442
7687 7715 2442
7687 7715 2442
7687 7715 2442
7687 7715 2442
7687 7715 2442
7687 7715 2442
7687 7715 2442
7687 7715 2442
7687 7715 2442
7687 7715 2442
7687 7715 2442
7687 7715 2442
7688 6543 2443
7688 6543 2443
7688 6543 2443
7688 6543 2443
7688 6543 2443
7688 6543 2443
7688 6543 2443
7688 6543 2443
7688 6543 2443
7688 6543 2443
7688 6543 2443
7688 6543 2443
7688 6543 2443
6446 6536 2443
6446 6536 2443
6446 6536 2443
6446 6536 2443
6446 6536 2443
6446 6536 2443
6446 6536 2443
6446 6536 2443
6446 6536 2443
6446 6536 2443
6446 6536 2443
6446 6536 2443
6613 6597 2443
6613 6597 2443
6613 6597 2443
6613 6597 2443
6613 6597 2443
6613 6597 2443
6613 6597 2443
6613 6597 2443
6613 6597 2443
6613 6597 2443
6613 6597 2443
6613 6597 2443
6560 8677 2443
6560 8677 2443
6560 8677 2443
6560 8677 2443
6560 8677 2443
6560 8677 2443
6560 8677 2443
6560 8677 2443
6560 8677 2443
6560 8677 2443
6560 8677 2443
6560 8677 2443
6560 8677 2443
7723 6517 2444
7723 6517 2444
7723 6517 2444
7723 6517 2444
7723 6517 2444
7723 6517 2444
7723 6517 2444
7723 6517 2444
7723 6517 2444
7723 6517 2444
7723 6517 2444
7723 6517 2444
6591 7728 2445
6591 7728 2445
6591 7728 2445
6591 7728 2445
6591 7728 2445
6591 7728 2445
6591 7728 2445
6591 7728 2445
6591 7728 2445
6591 7728 2445
6591 7728 2445
6591 7728 2445
6591 7728 2445
6541 6398 2445
6541 6398 2445
6541 6398 2445
6541 6398 2445
6541 6398 2445
6541 6398 2445
6541 6398 2445
6541 6398 2445
6541 6398 2445
6541 6398 2445
6541 6398 2445
6541 6398 2445
6541 6398 2445
7755 8466 2445
7755 8466 2445
7755 8466 2445
7755 8466 2445
7755 8466 2445
7755 8466 2445
7755 8466 2445
7755 8466 2445
7755 8466 2445
7755 8466 2445
7755 8466 2445
7755 8466 2445
7755 8466 2445
5396 8474 2445
5396 8474 2445
5396 8474 2445
5396 8474 2445
5396 8474 2445
5396 8474 2445
5396 8474 2445
5396 8474 2445
5396 8474 2445
5396 8474 2445
5396 8474 2445
5396 8474 2445
5396 8474 2445
7964 7744 2446
7964 7744 2446
7964 7744 2446
7964 7744 2446
7964 7744 2446
7964 7744 2446
7964 7744 2446
7964 7744 2446
7964 7744 2446
7964 7744 2446
7964 7744 2446
7964 7744 2446
6566 5390 2446
6566 5390 2446
6566 5390 2446
6566 5390 2446
6566 5390 2446
6566 5390 2446
6566 5390 2446
6566 5390 2446
6566 5390 2446
6566 5390 2446
6566 5390 2446
6566 5390 2446
6566 5390 2446
7926 7943 2446
7926 7943 2446
7926 7943 2446
7926 7943 2446
7926 7943 2446
7926 7943 2446
7926 7943 2446
7926 7943 2446
7926 7943 2446
7926 7943 2446
7926 7943 2446
7926 7943 2446
6588 7768 2446
6588 7768 2446
6588 7768 2446
6588 7768 2446
6588 7768 2446
6588 7768 2446
6588 7768 2446
6588 7768 2446
6588 7768 2446
6588 7768 2446
6588 7768 2446
6588 7768 2446
7749 6505 2446
7749 6505 2446
7749 6505 2446
7749 6505 2446
7749 6505 2446
7749 6505 2446
7749 6505 2446
7749 6505 2446
7749 6505 2446
7749 6505 2446
7749 6505 2446
7749 6505 2446
7749 6505 2446
7450 6467 2446
7450 6467 2446
7450 6467 2446
7450 6467 2446
7450 6467 2446
7450 6467 2446
7450 6467 2446
7450 6467 2446
7450 6467 2446
7450 6467 2446
7450 6467 2446
7450 6467 2446
7944 7829 2447
7944 7829 2447
7944 7829 2447
7944 7829 2447
7944 7829 2447
7944 7829 2447
7944 7829 2447
7944 7829 2447
7944 7829 2447
7944 7829 2447
7944 7829 2447
7944 7829 2447
7944 7829 2447
5413 6022 2447
5413 6022 2447
5413 6022 2447
5413 6022 2447
5413 6022 2447
5413 6022 2447
5413 6022 2447
5413 6022 2447
5413 6022 2447
5413 6022 2447
5413 6022 2447
5413 6022 2447
7750 7938 2447
7750 7938 2447
7750 7938 2447
7750 7938 2447
7750 7938 2447
7750 7938 2447
7750 7938 2447
7750 7938 2447
7750 7938 2447
7750 7938 2447
7750 7938 2447
7750 7938 2447
7750 7938 2447
5256 5307 2447
5256 5307 2447
5256 5307 2447
5256 5307 2447
5256 5307 2447
5256 5307 2447
5256 5307 2447
5256 5307 2447
5256 5307 2447
5256 5307 2447
5256 5307 2447
5256 5307 2447
5256 5307 2447
7742 7845 2448
7742 7845 2448
7742 7845 2448
7742 7845 2448
7742 7845 2448
7742 7845 2448
7742 7845 2448
7742 7845 2448
7742 7845 2448
7742 7845 2448
7742 7845 2448
7742 7845 2448
7869 6436 2448
7869 6436 2448
7869 6436 2448
7869 6436 2448
7869 6436 2448
7869 6436 2448
7869 6436 2448
7869 6436 2448
7869 6436 2448
7869 6436 2448
7869 6436 2448
7869 6436 2448
7869 6436 2448
7635 7977 2448
7635 7977 2448
7635 7977 2448
7635 7977 2448
7635 7977 2448
7635 7977 2448
7635 7977 2448
7635 7977 2448
7635 7977 2448
7635 7977 2448
7635 7977 2448
7635 7977 2448
7635 7977 2448
8467 5259 2448
8467 5259 2448
8467 5259 2448
8467 5259 2448
8467 5259 2448
8467 5259 2448
8467 5259 2448
8467 5259 2448
8467 5259 2448
8467 5259 2448
8467 5259 2448
8467 5259 2448
5582 5420 2448
5582 5420 2448
5582 5420 2448
5582 5420 2448
5582 5420 2448
5582 5420 2448
5582 5420 2448
5582 5420 2448
5582 5420 2448
5582 5420 2448
5582 5420 2448
5582 5420 2448
5582 5420 2448
8461 7724 2448
8461 7724 2448
8461 7724 2448
8461 7724 2448
8461 7724 2448
8461 7724 2448
8461 7724 2448
8461 7724 2448
8461 7724 2448
8461 7724 2448
8461 7724 2448
8461 7724 2448
7693 7713 2450
7693 7713 2450
7693 7713 2450
7693 7713 2450
7693 7713 2450
7693 7713 2450
7693 7713 2450
7693 7713 2450
7693 7713 2450
7693 7713 2450
7693 7713 2450
7693 7713 2450
7693 7713 2450
6562 8436 2450
6562 8436 2450
6562 8436 2450
6562 8436 2450
6562 8436 2450
6562 8436 2450
6562 8436 2450
6562 8436 2450
6562 8436 2450
6562 8436 2450
6562 8436 2450
6562 8436 2450
7907 7698 2450
7907 7698 2450
7907 7698 2450
7907 7698 2450
7907 7698 2450
7907 7698 2450
7907 7698 2450
7907 7698 2450
7907 7698 2450
7907 7698 2450
7907 7698 2450
7907 7698 2450
7659 8352 2450
7659 8352 2450
7659 8352 2450
7659 8352 2450
7659 8352 2450
7659 8352 2450
7659 8352 2450
7659 8352 2450
7659 8352 2450
7659 8352 2450
7659 8352 2450
7659 8352 2450
8759 5437 2450
8759 5437 2450
8759 5437 2450
8759 5437 2450
8759 5437 2450
8759 5437 2450
8759 5437 2450
8759 5437 2450
8759 5437 2450
8759 5437 2450
8759 5437 2450
8759 5437 2450
5262 6547 2451
5262 6547 2451
5262 6547 2451
5262 6547 2451
5262 6547 2451
5262 6547 2451
5262 6547 2451
5262 6547 2451
5262 6547 2451
5262 6547 2451
5262 6547 2451
5262 6547 2451
5444 5398 2451
5444 5398 2451
5444 5398 2451
5444 5398 2451
5444 5398 2451
5444 5398 2451
5444 5398 2451
5444 5398 2451
5444 5398 2451
5444 5398 2451
5444 5398 2451
5444 5398 2451
5444 5398 2451
6582 8436 2451
6582 8436 2451
6582 8436 2451
6582 8436 2451
6582 8436 2451
6582 8436 2451
6582 8436 2451
6582 8436 2451
6582 8436 2451
6582 8436 2451
6582 8436 2451
6582 8436 2451
6582 8436 2451
7689 6348 2452
7689 6348 2452
7689 6348 2452
7689 6348 2452
7689 6348 2452
7689 6348 2452
7689 6348 2452
7689 6348 2452
7689 6348 2452
7689 6348 2452
7689 6348 2452
7689 6348 2452
7689 6348 2452
7664 7460 2452
7664 7460 2452
7664 7460 2452
7664 7460 2452
7664 7460 2452
7664 7460 2452
7664 7460 2452
7664 7460 2452
7664 7460 2452
7664 7460 2452
7664 7460 2452
7664 7460 2452
7664 7460 2452
9524 6558 2452
9524 6558 2452
9524 6558 2452
9524 6558 2452
9524 6558 2452
9524 6558 2452
9524 6558 2452
9524 6558 2452
9524 6558 2452
9524 6558 2452
9524 6558 2452
9524 6558 2452
6546 6507 2453
6546 6507 2453
6546 6507 2453
6546 6507 2453
6546 6507 2453
6546 6507 2453
6546 6507 2453
6546 6507 2453
6546 6507 2453
6546 6507 2453
6546 6507 2453
6546 6507 2453
6546 6507 2453
6560 7761 2453
6560 7761 2453
6560 7761 2453
6560 7761 2453
6560 7761 2453
6560 7761 2453
6560 7761 2453
6560 7761 2453
6560 7761 2453
6560 7761 2453
6560 7761 2453
6560 7761 2453
6560 7761 2453
5419 5254 2453
5419 5254 2453
5419 5254 2453
5419 5254 2453
5419 5254 2453
5419 5254 2453
5419 5254 2453
5419 5254 2453
5419 5254 2453
5419 5254 2453
5419 5254 2453
5419 5254 2453
7846 7865 2453
7846 7865 2453
7846 7865 2453
7846 7865 2453
7846 7865 2453
7846 7865 2453
7846 7865 2453
7846 7865 2453
7846 7865 2453
7846 7865 2453
7846 7865 2453
7846 7865 2453
7846 7865 2453
6525 6543 2453
6525 6543 2453
6525 6543 2453
6525 6543 2453
6525 6543 2453
6525 6543 2453
6525 6543 2453
6525 6543 2453
6525 6543 2453
6525 6543 2453
6525 6543 2453
6525 6543 2453
6525 6543 2453
7702 7960 2454
7702 7960 2454
7702 7960 2454
7702 7960 2454
7702 7960 2454
7702 7960 2454
7702 7960 2454
7702 7960 2454
7702 7960 2454
7702 7960 2454
7702 7960 2454
7702 7960 2454
7702 7960 2454
7758 7691 2454
7758 7691 2454
7758 7691 2454
7758 7691 2454
7758 7691 2454
7758 7691 2454
7758 7691 2454
7758 7691 2454
7758 7691 2454
7758 7691 2454
7758 7691 2454
7758 7691 2454
8705 5258 2454
8705 5258 2454
8705 5258 2454
8705 5258 2454
8705 5258 2454
8705 5258 2454
8705 5258 2454
8705 5258 2454
8705 5258 2454
8705 5258 2454
8705 5258 2454
8705 5258 2454
7904 7778 2454
7904 7778 2454
7904 7778 2454
7904 7778 2454
7904 7778 2454
7904 7778 2454
7904 7778 2454
7904 7778 2454
7904 7778 2454
7904 7778 2454
7904 7778 2454
7904 7778 2454
8372 7978 2455
8372 7978 2455
8372 7978 2455
8372 7978 2455
8372 7978 2455
8372 7978 2455
8372 7978 2455
8372 7978 2455
8372 7978 2455
8372 7978 2455
8372 7978 2455
8372 7978 2455
8372 7978 2455
8759 5310 2455
8759 5310 2455
8759 5310 2455
8759 5310 2455
8759 5310 2455
8759 5310 2455
8759 5310 2455
8759 5310 2455
8759 5310 2455
8759 5310 2455
8759 5310 2455
8759 5310 2455
8759 5310 2455
6009 6545 2455
6009 6545 2455
6009 6545 2455
6009 6545 2455
6009 6545 2455
6009 6545 2455
6009 6545 2455
6009 6545 2455
6009 6545 2455
6009 6545 2455
6009 6545 2455
6009 6545 2455
6009 6545 2455
7655 7881 2455
7655 7881 2455
7655 7881 2455
7655 7881 2455
7655 7881 2455
7655 7881 2455
7655 7881 2455
7655 7881 2455
7655 7881 2455
7655 7881 2455
7655 7881 2455
7655 7881 2455
6608 5410 2456
6608 5410 2456
6608 5410 2456
6608 5410 2456
6608 5410 2456
6608 5410 2456
6608 5410 2456
6608 5410 2456
6608 5410 2456
6608 5410 2456
6608 5410 2456
6608 5410 2456
6608 5410 2456
7976 7843 2456
7976 7843 2456
7976 7843 2456
7976 7843 2456
7976 7843 2456
7976 7843 2456
7976 7843 2456
7976 7843 2456
7976 7843 2456
7976 7843 2456
7976 7843 2456
7976 7843 2456
7976 7843 2456
6553 6532 2456
6553 6532 2456
6553 6532 2456
6553 6532 2456
6553 6532 2456
6553 6532 2456
6553 6532 2456
6553 6532 2456
6553 6532 2456
6553 6532 2456
6553 6532 2456
6553 6532 2456
7700 6507 2457
7700 6507 2457
7700 6507 2457
7700 6507 2457
7700 6507 2457
7700 6507 2457
7700 6507 2457
7700 6507 2457
7700 6507 2457
7700 6507 2457
7700 6507 2457
7700 6507 2457
7700 6507 2457
5386 5438 2457
5386 5438 2457
5386 5438 2457
5386 5438 2457
5386 5438 2457
5386 5438 2457
5386 5438 2457
5386 5438 2457
5386 5438 2457
5386 5438 2457
5386 5438 2457
5386 5438 2457
5386 5438 2457
7883 7747 2457
7883 7747 2457
7883 7747 2457
7883 7747 2457
7883 7747 2457
7883 7747 2457
7883 7747 2457
7883 7747 2457
7883 7747 2457
7883 7747 2457
7883 7747 2457
7883 7747 2457
6530 6359 2458
6530 6359 2458
6530 6359 2458
6530 6359 2458
6530 6359 2458
6530 6359 2458
6530 6359 2458
6530 6359 2458
6530 6359 2458
6530 6359 2458
6530 6359 2458
6530 6359 2458
6530 6359 2458
5338 5448 2458
5338 5448 2458
5338 5448 2458
5338 5448 2458
5338 5448 2458
5338 5448 2458
5338 5448 2458
5338 5448 2458
5338 5448 2458
5338 5448 2458
5338 5448 2458
5338 5448 2458
5338 5448 2458
7723 7691 2459
7723 7691 2459
7723 7691 2459
7723 7691 2459
7723 7691 2459
7723 7691 2459
7723 7691 2459
7723 7691 2459
7723 7691 2459
7723 7691 2459
7723 7691 2459
7723 7691 2459
6347 7699 2459
6347 7699 2459
6347 7699 2459
6347 7699 2459
6347 7699 2459
6347 7699 2459
6347 7699 2459
6347 7699 2459
6347 7699 2459
6347 7699 2459
6347 7699 2459
6347 7699 2459
6347 7699 2459
6031 8464 2459
6031 8464 2459
6031 8464 2459
6031 8464 2459
6031 8464 2459
6031 8464 2459
6031 8464 2459
6031 8464 2459
6031 8464 2459
6031 8464 2459
6031 8464 2459
6031 8464 2459
6031 8464 2459
5399 7711 2460
5399 7711 2460
5399 7711 2460
5399 7711 2460
5399 7711 2460
5399 7711 2460
5399 7711 2460
5399 7711 2460
5399 7711 2460
5399 7711 2460
5399 7711 2460
5399 7711 2460
5399 7711 2460
5460 5279 2460
5460 5279 2460
5460 5279 2460
5460 5279 2460
5460 5279 2460
5460 5279 2460
5460 5279 2460
5460 5279 2460
5460 5279 2460
5460 5279 2460
5460 5279 2460
5460 5279 2460
6583 6554 2460
6583 6554 2460
6583 6554 2460
6583 6554 2460
6583 6554 2460
6583 6554 2460
6583 6554 2460
6583 6554 2460
6583 6554 2460
6583 6554 2460
6583 6554 2460
6583 6554 2460
6583 6554 2460
6592 6407 2460
6592 6407 2460
6592 6407 2460
6592 6407 2460
6592 6407 2460
6592 6407 2460
6592 6407 2460
6592 6407 2460
6592 6407 2460
6592 6407 2460
6592 6407 2460
6592 6407 2460
7772 6613 2460
7772 6613 2460
7772 6613 2460
7772 6613 2460
7772 6613 2460
7772 6613 2460
7772 6613 2460
7772 6613 2460
7772 6613 2460
7772 6613 2460
7772 6613 2460
7772 6613 2460
7772 6613 2460
7739 7708 2460
7739 7708 2460
7739 7708 2460
7739 7708 2460
7739 7708 2460
7739 7708 2460
7739 7708 2460
7739 7708 2460
7739 7708 2460
7739 7708 2460
7739 7708 2460
7739 7708 2460
6031 5364 2461
6031 5364 2461
6031 5364 2461
6031 5364 2461
6031 5364 2461
6031 5364 2461
6031 5364 2461
6031 5364 2461
6031 5364 2461
6031 5364 2461
6031 5364 2461
6031 5364 2461
7922 7654 2461
7922 7654 2461
7922 7654 2461
7922 7654 2461
7922 7654 2461
7922 7654 2461
7922 7654 2461
7922 7654 2461
7922 7654 2461
7922 7654 2461
7922 7654 2461
7922 7654 2461
7769 6595 2461
7769 6595 2461
7769 6595 2461
7769 6595 2461
7769 6595 2461
7769 6595 2461
7769 6595 2461
7769 6595 2461
7769 6595 2461
7769 6595 2461
7769 6595 2461
7769 6595 2461
7723 8454 2461
7723 8454 2461
7723 8454 2461
7723 8454 2461
7723 8454 2461
7723 8454 2461
7723 8454 2461
7723 8454 2461
7723 8454 2461
7723 8454 2461
7723 8454 2461
7723 8454 2461
7723 8454 2461
5922 6605 2461
5922 6605 2461
5922 6605 2461
5922 6605 2461
5922 6605 2461
5922 6605 2461
5922 6605 2461
5922 6605 2461
5922 6605 2461
5922 6605 2461
5922 6605 2461
5922 6605 2461
7748 7892 2461
7748 7892 2461
7748 7892 2461
7748 7892 2461
7748 7892 2461
7748 7892 2461
7748 7892 2461
7748 7892 2461
7748 7892 2461
7748 7892 2461
7748 7892 2461
7748 7892 2461
8447 7759 2462
8447 7759 2462
8447 7759 2462
8447 7759 2462
8447 7759 2462
8447 7759 2462
8447 7759 2462
8447 7759 2462
8447 7759 2462
8447 7759 2462
8447 7759 2462
8447 7759 2462
8447 7759 2462
5296 5491 2462
5296 5491 2462
5296 5491 2462
5296 5491 2462
5296 5491 2462
5296 5491 2462
5296 5491 2462
5296 5491 2462
5296 5491 2462
5296 5491 2462
5296 5491 2462
5296 5491 2462
5526 6011 2462
5526 6011 2462
5526 6011 2462
5526 6011 2462
5526 6011 2462
5526 6011 2462
5526 6011 2462
5526 6011 2462
5526 6011 2462
5526 6011 2462
5526 6011 2462
5526 6011 2462
7936 8373 2462
7936 8373 2462
7936 8373 2462
7936 8373 2462
7936 8373 2462
7936 8373 2462
7936 8373 2462
7936 8373 2462
7936 8373 2462
7936 8373 2462
7936 8373 2462
7936 8373 2462
7655 7805 2463
7655 7805 2463
7655 7805 2463
7655 7805 2463
7655 7805 2463
7655 7805 2463
7655 7805 2463
7655 7805 2463
7655 7805 2463
7655 7805 2463
7655 7805 2463
7655 7805 2463
7655 7805 2463
8435 5252 2463
8435 5252 2463
8435 5252 2463
8435 5252 2463
8435 5252 2463
8435 5252 2463
8435 5252 2463
8435 5252 2463
8435 5252 2463
8435 5252 2463
8435 5252 2463
8435 5252 2463
8435 5252 2463
7918 7767 2463
7918 7767 2463
7918 7767 2463
7918 7767 2463
7918 7767 2463
7918 7767 2463
7918 7767 2463
7918 7767 2463
7918 7767 2463
7918 7767 2463
7918 7767 2463
7918 7767 2463
7918 7767 2463
7979 7774 2463
7979 7774 2463
7979 7774 2463
7979 7774 2463
7979 7774 2463
7979 7774 2463
7979 7774 2463
7979 7774 2463
7979 7774 2463
7979 7774 2463
7979 7774 2463
7979 7774 2463
7709 6557 2464
7709 6557 2464
7709 6557 2464
7709 6557 2464
7709 6557 2464
7709 6557 2464
7709 6557 2464
7709 6557 2464
7709 6557 2464
7709 6557 2464
7709 6557 2464
7709 6557 2464
7709 6557 2464
7452 6499 2464
7452 6499 2464
7452 6499 2464
7452 6499 2464
7452 6499 2464
7452 6499 2464
7452 6499 2464
7452 6499 2464
7452 6499 2464
7452 6499 2464
7452 6499 2464
7452 6499 2464
6351 6431 2465
6351 6431 2465
6351 6431 2465
6351 6431 2465
6351 6431 2465
6351 6431 2465
6351 6431 2465
6351 6431 2465
6351 6431 2465
6351 6431 2465
6351 6431 2465
6351 6431 2465
6455 6415 2465
6455 6415 2465
6455 6415 2465
6455 6415 2465
6455 6415 2465
6455 6415 2465
6455 6415 2465
6455 6415 2465
6455 6415 2465
6455 6415 2465
6455 6415 2465
6455 6415 2465
8761 8672 2465
8761 8672 2465
8761 8672 2465
8761 8672 2465
8761 8672 2465
8761 8672 2465
8761 8672 2465
8761 8672 2465
8761 8672 2465
8761 8672 2465
8761 8672 2465
8761 8672 2465
8761 8672 2465
6546 6375 2465
6546 6375 2465
6546 6375 2465
6546 6375 2465
6546 6375 2465
6546 6375 2465
6546 6375 2465
6546 6375 2465
6546 6375 2465
6546 6375 2465
6546 6375 2465
6546 6375 2465
6010 8463 2466
6010 8463 2466
6010 8463 2466
6010 8463 2466
6010 8463 2466
6010 8463 2466
6010 8463 2466
6010 8463 2466
6010 8463 2466
6010 8463 2466
6010 8463 2466
6010 8463 2466
6010 8463 2466
7702 8450 2466
7702 8450 2466
7702 8450 2466
7702 8450 2466
7702 8450 2466
7702 8450 2466
7702 8450 2466
7702 8450 2466
7702 8450 2466
7702 8450 2466
7702 8450 2466
7702 8450 2466
7702 8450 2466
6543 6359 2466
6543 6359 2466
6543 6359 2466
6543 6359 2466
6543 6359 2466
6543 6359 2466
6543 6359 2466
6543 6359 2466
6543 6359 2466
6543 6359 2466
6543 6359 2466
6543 6359 2466
9528 6534 2467
9528 6534 2467
9528 6534 2467
9528 6534 2467
9528 6534 2467
9528 6534 2467
9528 6534 2467
9528 6534 2467
9528 6534 2467
9528 6534 2467
9528 6534 2467
9528 6534 2467
9528 6534 2467
7515 6501 2467
7515 6501 2467
7515 6501 2467
7515 6501 2467
7515 6501 2467
7515 6501 2467
7515 6501 2467
7515 6501 2467
7515 6501 2467
7515 6501 2467
7515 6501 2467
7515 6501 2467
7515 6501 2467
8459 8438 2467
8459 8438 2467
8459 8438 2467
8459 8438 2467
8459 8438 2467
8459 8438 2467
8459 8438 2467
8459 8438 2467
8459 8438 2467
8459 8438 2467
8459 8438 2467
8459 8438 2467
7786 8467 2468
7786 8467 2468
7786 8467 2468
7786 8467 2468
7786 8467 2468
7786 8467 2468
7786 8467 2468
7786 8467 2468
7786 8467 2468
7786 8467 2468
7786 8467 2468
7786 8467 2468
6578 6551 2468
6578 6551 2468
6578 6551 2468
6578 6551 2468
6578 6551 2468
6578 6551 2468
6578 6551 2468
6578 6551 2468
6578 6551 2468
6578 6551 2468
6578 6551 2468
6578 6551 2468
6578 6551 2468
6388 6365 2470
6388 6365 2470
6388 6365 2470
6388 6365 2470
6388 6365 2470
6388 6365 2470
6388 6365 2470
6388 6365 2470
6388 6365 2470
6388 6365 2470
6388 6365 2470
6388 6365 2470
6388 6365 2470
7887 7957 2470
7887 7957 2470
7887 7957 2470
7887 7957 2470
7887 7957 2470
7887 7957 2470
7887 7957 2470
7887 7957 2470
7887 7957 2470
7887 7957 2470
7887 7957 2470
7887 7957 2470
7887 7957 2470
8755 8747 2470
8755 8747 2470
8755 8747 2470
8755 8747 2470
8755 8747 2470
8755 8747 2470
8755 8747 2470
8755 8747 2470
8755 8747 2470
8755 8747 2470
8755 8747 2470
8755 8747 2470
5356 6344 2470
5356 6344 2470
5356 6344 2470
5356 6344 2470
5356 6344 2470
5356 6344 2470
5356 6344 2470
5356 6344 2470
5356 6344 2470
5356 6344 2470
5356 6344 2470
5356 6344 2470
7892 7811 2471
7892 7811 2471
7892 7811 2471
7892 7811 2471
7892 7811 2471
7892 7811 2471
7892 7811 2471
7892 7811 2471
7892 7811 2471
7892 7811 2471
7892 7811 2471
7892 7811 2471
5994 7761 2471
5994 7761 2471
5994 7761 2471
5994 7761 2471
5994 7761 2471
5994 7761 2471
5994 7761 2471
5994 7761 2471
5994 7761 2471
5994 7761 2471
5994 7761 2471
5994 7761 2471
5994 7761 2471
7478 6334 2472
7478 6334 2472
7478 6334 2472
7478 6334 2472
7478 6334 2472
7478 6334 2472
7478 6334 2472
7478 6334 2472
7478 6334 2472
7478 6334 2472
7478 6334 2472
7478 6334 2472
7478 6334 2472
9152 8696 2472
9152 8696 2472
9152 8696 2472
9152 8696 2472
9152 8696 2472
9152 8696 2472
9152 8696 2472
9152 8696 2472
9152 8696 2472
9152 8696 2472
9152 8696 2472
9152 8696 2472
9152 8696 2472
5278 9146 2472
5278 9146 2472
5278 9146 2472
5278 9146 2472
5278 9146 2472
5278 9146 2472
5278 9146 2472
5278 9146 2472
5278 9146 2472
5278 9146 2472
5278 9146 2472
5278 9146 2472
7754 7813 2472
7754 7813 2472
7754 7813 2472
7754 7813 2472
7754 7813 2472
7754 7813 2472
7754 7813 2472
7754 7813 2472
7754 7813 2472
7754 7813 2472
7754 7813 2472
7754 7813 2472
7975 7789 2472
7975 7789 2472
7975 7789 2472
7975 7789 2472
7975 7789 2472
7975 7789 2472
7975 7789 2472
7975 7789 2472
7975 7789 2472
7975 7789 2472
7975 7789 2472
7975 7789 2472
5262 5402 2473
5262 5402 2473
5262 5402 2473
5262 5402 2473
5262 5402 2473
5262 5402 2473
5262 5402 2473
5262 5402 2473
5262 5402 2473
5262 5402 2473
5262 5402 2473
5262 5402 2473
8782 5243 2473
8782 5243 2473
8782 5243 2473
8782 5243 2473
8782 5243 2473
8782 5243 2473
8782 5243 2473
8782 5243 2473
8782 5243 2473
8782 5243 2473
8782 5243 2473
8782 5243 2473
8782 5243 2473
7904 7746 2473
7904 7746 2473
7904 7746 2473
7904 7746 2473
7904 7746 2473
7904 7746 2473
7904 7746 2473
7904 7746 2473
7904 7746 2473
7904 7746 2473
7904 7746 2473
7904 7746 2473
6450 6608 2473
6450 6608 2473
6450 6608 2473
6450 6608 2473
6450 6608 2473
6450 6608 2473
6450 6608 2473
6450 6608 2473
6450 6608 2473
6450 6608 2473
6450 6608 2473
6450 6608 2473
6450 6608 2473
6593 7729 2473
6593 7729 2473
6593 7729 2473
6593 7729 2473
6593 7729 2473
6593 7729 2473
6593 7729 2473
6593 7729 2473
6593 7729 2473
6593 7729 2473
6593 7729 2473
6593 7729 2473
6593 7729 2473
5444 8457 2473
5444 8457 2473
5444 8457 2473
5444 8457 2473
5444 8457 2473
5444 8457 2473
5444 8457 2473
5444 8457 2473
5444 8457 2473
5444 8457 2473
5444 8457 2473
5444 8457 2473
6592 5413 2474
6592 5413 2474
6592 5413 2474
6592 5413 2474
6592 5413 2474
6592 5413 2474
6592 5413 2474
6592 5413 2474
6592 5413 2474
6592 5413 2474
6592 5413 2474
6592 5413 2474
7762 7973 2474
7762 7973 2474
7762 7973 2474
7762 7973 2474
7762 7973 2474
7762 7973 2474
7762 7973 2474
7762 7973 2474
7762 7973 2474
7762 7973 2474
7762 7973 2474
7762 7973 2474
7762 7973 2474
7802 7678 2474
7802 7678 2474
7802 7678 2474
7802 7678 2474
7802 7678 2474
7802 7678 2474
7802 7678 2474
7802 7678 2474
7802 7678 2474
7802 7678 2474
7802 7678 2474
7802 7678 2474
6494 6511 2474
6494 6511 2474
6494 6511 2474
6494 6511 2474
6494 6511 2474
6494 6511 2474
6494 6511 2474
6494 6511 2474
6494 6511 2474
6494 6511 2474
6494 6511 2474
6494 6511 2474
6577 8452 2475
6577 8452 2475
6577 8452 2475
6577 8452 2475
6577 8452 2475
6577 8452 2475
6577 8452 2475
6577 8452 2475
6577 8452 2475
6577 8452 2475
6577 8452 2475
6577 8452 2475
6577 8452 2475
8462 8479 2475
8462 8479 2475
8462 8479 2475
8462 8479 2475
8462 8479 2475
8462 8479 2475
8462 8479 2475
8462 8479 2475
8462 8479 2475
8462 8479 2475
8462 8479 2475
8462 8479 2475
5410 6552 2475
5410 6552 2475
5410 6552 2475
5410 6552 2475
5410 6552 2475
5410 6552 2475
5410 6552 2475
5410 6552 2475
5410 6552 2475
5410 6552 2475
5410 6552 2475
5410 6552 2475
7726 7942 2476
7726 7942 2476
7726 7942 2476
7726 7942 2476
7726 7942 2476
7726 7942 2476
7726 7942 2476
7726 7942 2476
7726 7942 2476
7726 7942 2476
7726 7942 2476
7726 7942 2476
7726 7942 2476
6543 7701 2476
6543 7701 2476
6543 7701 2476
6543 7701 2476
6543 7701 2476
6543 7701 2476
6543 7701 2476
6543 7701 2476
6543 7701 2476
6543 7701 2476
6543 7701 2476
6543 7701 2476
6543 7701 2476
7923 7847 2476
7923 7847 2476
7923 7847 2476
7923 7847 2476
7923 7847 2476
7923 7847 2476
7923 7847 2476
7923 7847 2476
7923 7847 2476
7923 7847 2476
7923 7847 2476
7923 7847 2476
7923 7847 2476
7792 9652 2477
7792 9652 2477
7792 9652 2477
7792 9652 2477
7792 9652 2477
7792 9652 2477
7792 9652 2477
7792 9652 2477
7792 9652 2477
7792 9652 2477
7792 9652 2477
7792 9652 2477
6578 6600 2477
6578 6600 2477
6578 6600 2477
6578 6600 2477
6578 6600 2477
6578 6600 2477
6578 6600 2477
6578 6600 2477
6578 6600 2477
6578 6600 2477
6578 6600 2477
6578 6600 2477
6578 6600 2477
7765 5433 2477
7765 5433 2477
7765 5433 2477
7765 5433 2477
7765 5433 2477
7765 5433 2477
7765 5433 2477
7765 5433 2477
7765 5433 2477
7765 5433 2477
7765 5433 2477
7765 5433 2477
7765 5433 2477
5380 6095 2478
5380 6095 2478
5380 6095 2478
5380 6095 2478
5380 6095 2478
5380 6095 2478
5380 6095 2478
5380 6095 2478
5380 6095 2478
5380 6095 2478
5380 6095 2478
5380 6095 2478
7782 7712 2478
7782 7712 2478
7782 7712 2478
7782 7712 2478
7782 7712 2478
7782 7712 2478
7782 7712 2478
7782 7712 2478
7782 7712 2478
7782 7712 2478
7782 7712 2478
7782 7712 2478
7782 7712 2478
5307 9158 2478
5307 9158 2478
5307 9158 2478
5307 9158 2478
5307 9158 2478
5307 9158 2478
5307 9158 2478
5307 9158 2478
5307 9158 2478
5307 9158 2478
5307 9158 2478
5307 9158 2478
7757 5989 2479
7757 5989 2479
7757 5989 2479
7757 5989 2479
7757 5989 2479
7757 5989 2479
7757 5989 2479
7757 5989 2479
7757 5989 2479
7757 5989 2479
7757 5989 2479
7757 5989 2479
6589 8473 2479
6589 8473 2479
6589 8473 2479
6589 8473 2479
6589 8473 2479
6589 8473 2479
6589 8473 2479
6589 8473 2479
6589 8473 2479
6589 8473 2479
6589 8473 2479
6589 8473 2479
6589 8473 2479
7480 6473 2479
7480 6473 2479
7480 6473 2479
7480 6473 2479
7480 6473 2479
7480 6473 2479
7480 6473 2479
7480 6473 2479
7480 6473 2479
7480 6473 2479
7480 6473 2479
7480 6473 2479
7480 6473 2479
6382 5282 2479
6382 5282 2479
6382 5282 2479
6382 5282 2479
6382 5282 2479
6382 5282 2479
6382 5282 2479
6382 5282 2479
6382 5282 2479
6382 5282 2479
6382 5282 2479
6382 5282 2479
6382 5282 2479
7925 7774 2479
7925 7774 2479
7925 7774 2479
7925 7774 2479
7925 7774 2479
7925 7774 2479
7925 7774 2479
7925 7774 2479
7925 7774 2479
7925 7774 2479
7925 7774 2479
7925 7774 2479
5255 8755 2479
5255 8755 2479
5255 8755 2479
5255 8755 2479
5255 8755 2479
5255 8755 2479
5255 8755 2479
5255 8755 2479
5255 8755 2479
5255 8755 2479
5255 8755 2479
5255 8755 2479
6496 7633 2480
6496 7633 2480
6496 7633 2480
6496 7633 2480
6496 7633 2480
6496 7633 2480
6496 7633 2480
6496 7633 2480
6496 7633 2480
6496 7633 2480
6496 7633 2480
6496 7633 2480
5422 5455 2480
5422 5455 2480
5422 5455 2480
5422 5455 2480
5422 5455 2480
5422 5455 2480
5422 5455 2480
5422 5455 2480
5422 5455 2480
5422 5455 2480
5422 5455 2480
5422 5455 2480
5422 5455 2480
9215 5289 2480
9215 5289 2480
9215 5289 2480
9215 5289 2480
9215 5289 2480
9215 5289 2480
9215 5289 2480
9215 5289 2480
9215 5289 2480
9215 5289 2480
9215 5289 2480
9215 5289 2480
9215 5289 2480
7700 7845 2481
7700 7845 2481
7700 7845 2481
7700 7845 2481
7700 7845 2481
7700 7845 2481
7700 7845 2481
7700 7845 2481
7700 7845 2481
7700 7845 2481
7700 7845 2481
7700 7845 2481
7700 7845 2481
6545 5423 2481
6545 5423 2481
6545 5423 2481
6545 5423 2481
6545 5423 2481
6545 5423 2481
6545 5423 2481
6545 5423 2481
6545 5423 2481
6545 5423 2481
6545 5423 2481
6545 5423 2481
6545 5423 2481
6473 7682 2481
6473 7682 2481
6473 7682 2481
6473 7682 2481
6473 7682 2481
6473 7682 2481
6473 7682 2481
6473 7682 2481
6473 7682 2481
6473 7682 2481
6473 7682 2481
6473 7682 2481
7740 7970 2481
7740 7970 2481
7740 7970 2481
7740 7970 2481
7740 7970 2481
7740 7970 2481
7740 7970 2481
7740 7970 2481
7740 7970 2481
7740 7970 2481
7740 7970 2481
7740 7970 2481
6106 5459 2481
6106 5459 2481
6106 5459 2481
6106 5459 2481
6106 5459 2481
6106 5459 2481
6106 5459 2481
6106 5459 2481
6106 5459 2481
6106 5459 2481
6106 5459 2481
6106 5459 2481
6106 5459 2481
5374 5335 2481
5374 5335 2481
5374 5335 2481
5374 5335 2481
5374 5335 2481
5374 5335 2481
5374 5335 2481
5374 5335 2481
5374 5335 2481
5374 5335 2481
5374 5335 2481
5374 5335 2481
5374 5335 2481
9153 9222 2482
9153 9222 2482
9153 9222 2482
9153 9222 2482
9153 9222 2482
9153 9222 2482
9153 9222 2482
9153 9222 2482
9153 9222 2482
9153 9222 2482
9153 9222 2482
9153 9222 2482
5380 9146 2482
5380 9146 2482
5380 9146 2482
5380 9146 2482
5380 9146 2482
5380 9146 2482
5380 9146 2482
5380 9146 2482
5380 9146 2482
5380 9146 2482
5380 9146 2482
5380 9146 2482
7803 8356 2482
7803 8356 2482
7803 8356 2482
7803 8356 2482
7803 8356 2482
7803 8356 2482
7803 8356 2482
7803 8356 2482
7803 8356 2482
7803 8356 2482
7803 8356 2482
7803 8356 2482
9629 5359 2482
9629 5359 2482
9629 5359 2482
9629 5359 2482
9629 5359 2482
9629 5359 2482
9629 5359 2482
9629 5359 2482
9629 5359 2482
9629 5359 2482
9629 5359 2482
9629 5359 2482
9629 5359 2482
7829 7965 2482
7829 7965 2482
7829 7965 2482
7829 7965 2482
7829 7965 2482
7829 7965 2482
7829 7965 2482
7829 7965 2482
7829 7965 2482
7829 7965 2482
7829 7965 2482
7829 7965 2482
7688 6498 2482
7688 6498 2482
7688 6498 2482
7688 6498 2482
7688 6498 2482
7688 6498 2482
7688 6498 2482
7688 6498 2482
7688 6498 2482
7688 6498 2482
7688 6498 2482
7688 6498 2482
5283 6005 2483
5283 6005 2483
5283 6005 2483
5283 6005 2483
5283 6005 2483
5283 6005 2483
5283 6005 2483
5283 6005 2483
5283 6005 2483
5283 6005 2483
5283 6005 2483
5283 6005 2483
6549 8436 2483
6549 8436 2483
6549 8436 2483
6549 8436 2483
6549 8436 2483
6549 8436 2483
6549 8436 2483
6549 8436 2483
6549 8436 2483
6549 8436 2483
6549 8436 2483
6549 8436 2483
6549 8436 2483
7946 7744 2484
7946 7744 2484
7946 7744 2484
7946 7744 2484
7946 7744 2484
7946 7744 2484
7946 7744 2484
7946 7744 2484
7946 7744 2484
7946 7744 2484
7946 7744 2484
7946 7744 2484
9199 9271 2484
9199 9271 2484
9199 9271 2484
9199 9271 2484
9199 9271 2484
9199 9271 2484
9199 9271 2484
9199 9271 2484
9199 9271 2484
9199 9271 2484
9199 9271 2484
9199 9271 2484
7654 7545 2485
7654 7545 2485
7654 7545 2485
7654 7545 2485
7654 7545 2485
7654 7545 2485
7654 7545 2485
7654 7545 2485
7654 7545 2485
7654 7545 2485
7654 7545 2485
7654 7545 2485
6512 6457 2485
6512 6457 2485
6512 6457 2485
6512 6457 2485
6512 6457 2485
6512 6457 2485
6512 6457 2485
6512 6457 2485
6512 6457 2485
6512 6457 2485
6512 6457 2485
6512 6457 2485
6512 6457 2485
5924 7723 2485
5924 7723 2485
5924 7723 2485
5924 7723 2485
5924 7723 2485
5924 7723 2485
5924 7723 2485
5924 7723 2485
5924 7723 2485
5924 7723 2485
5924 7723 2485
5924 7723 2485
6562 7770 2485
6562 7770 2485
6562 7770 2485
6562 7770 2485
6562 7770 2485
6562 7770 2485
6562 7770 2485
6562 7770 2485
6562 7770 2485
6562 7770 2485
6562 7770 2485
6562 7770 2485
6562 7770 2485
5285 5257 2485
5285 5257 2485
5285 5257 2485
5285 5257 2485
5285 5257 2485
5285 5257 2485
5285 5257 2485
5285 5257 2485
5285 5257 2485
5285 5257 2485
5285 5257 2485
5285 5257 2485
6611 7731 2485
6611 7731 2485
6611 7731 2485
6611 7731 2485
6611 7731 2485
6611 7731 2485
6611 7731 2485
6611 7731 2485
6611 7731 2485
6611 7731 2485
6611 7731 2485
6611 7731 2485
6611 7731 2485
6498 7807 2485
6498 7807 2485
6498 7807 2485
6498 7807 2485
6498 7807 2485
6498 7807 2485
6498 7807 2485
6498 7807 2485
6498 7807 2485
6498 7807 2485
6498 7807 2485
6498 7807 2485
6498 7807 2485
6543 7689 2485
6543 7689 2485
6543 7689 2485
6543 7689 2485
6543 7689 2485
6543 7689 2485
6543 7689 2485
6543 7689 2485
6543 7689 2485
6543 7689 2485
6543 7689 2485
6543 7689 2485
7695 6489 2485
7695 6489 2485
7695 6489 2485
7695 6489 2485
7695 6489 2485
7695 6489 2485
7695 6489 2485
7695 6489 2485
7695 6489 2485
7695 6489 2485
7695 6489 2485
7695 6489 2485
7695 6489 2485
9163 9150 2486
9163 9150 2486
9163 9150 2486
9163 9150 2486
9163 9150 2486
9163 9150 2486
9163 9150 2486
9163 9150 2486
9163 9150 2486
9163 9150 2486
9163 9150 2486
9163 9150 2486
8444 5525 2486
8444 5525 2486
8444 5525 2486
8444 5525 2486
8444 5525 2486
8444 5525 2486
8444 5525 2486
8444 5525 2486
8444 5525 2486
8444 5525 2486
8444 5525 2486
8444 5525 2486
8444 5525 2486
9277 8813 2486
9277 8813 2486
9277 8813 2486
9277 8813 2486
9277 8813 2486
9277 8813 2486
9277 8813 2486
9277 8813 2486
9277 8813 2486
9277 8813 2486
9277 8813 2486
9277 8813 2486
9277 8813 2486
6327 7496 2486
6327 7496 2486
6327 7496 2486
6327 7496 2486
6327 7496 2486
6327 7496 2486
6327 7496 2486
6327 7496 2486
6327 7496 2486
6327 7496 2486
6327 7496 2486
6327 7496 2486
7689 8476 2486
7689 8476 2486
7689 8476 2486
7689 8476 2486
7689 8476 2486
7689 8476 2486
7689 8476 2486
7689 8476 2486
7689 8476 2486
7689 8476 2486
7689 8476 2486
7689 8476 2486
7708 6555 2486
7708 6555 2486
7708 6555 2486
7708 6555 2486
7708 6555 2486
7708 6555 2486
7708 6555 2486
7708 6555 2486
7708 6555 2486
7708 6555 2486
7708 6555 2486
7708 6555 2486
7708 6555 2486
5374 5533 2486
5374 5533 2486
5374 5533 2486
5374 5533 2486
5374 5533 2486
5374 5533 2486
5374 5533 2486
5374 5533 2486
5374 5533 2486
5374 5533 2486
5374 5533 2486
5374 5533 2486
5374 5533 2486
6543 7685 2487
6543 7685 2487
6543 7685 2487
6543 7685 2487
6543 7685 2487
6543 7685 2487
6543 7685 2487
6543 7685 2487
6543 7685 2487
6543 7685 2487
6543 7685 2487
6543 7685 2487
6543 7685 2487
7879 7738 2487
7879 7738 2487
7879 7738 2487
7879 7738 2487
7879 7738 2487
7879 7738 2487
7879 7738 2487
7879 7738 2487
7879 7738 2487
7879 7738 2487
7879 7738 2487
7879 7738 2487
7879 7738 2487
6557 7689 2487
6557 7689 2487
6557 7689 2487
6557 7689 2487
6557 7689 2487
6557 7689 2487
6557 7689 2487
6557 7689 2487
6557 7689 2487
6557 7689 2487
6557 7689 2487
6557 7689 2487
7705 6612 2488
7705 6612 2488
7705 6612 2488
7705 6612 2488
7705 6612 2488
7705 6612 2488
7705 6612 2488
7705 6612 2488
7705 6612 2488
7705 6612 2488
7705 6612 2488
7705 6612 2488
7705 6612 2488
5565 5494 2488
5565 5494 2488
5565 5494 2488
5565 5494 2488
5565 5494 2488
5565 5494 2488
5565 5494 2488
5565 5494 2488
5565 5494 2488
5565 5494 2488
5565 5494 2488
5565 5494 2488
5565 5494 2488
5376 5547 2488
5376 5547 2488
5376 5547 2488
5376 5547 2488
5376 5547 2488
5376 5547 2488
5376 5547 2488
5376 5547 2488
5376 5547 2488
5376 5547 2488
5376 5547 2488
5376 5547 2488
5376 5547 2488
7890 7940 2489
7890 7940 2489
7890 7940 2489
7890 7940 2489
7890 7940 2489
7890 7940 2489
7890 7940 2489
7890 7940 2489
7890 7940 2489
7890 7940 2489
7890 7940 2489
7890 7940 2489
7690 7713 2489
7690 7713 2489
7690 7713 2489
7690 7713 2489
7690 7713 2489
7690 7713 2489
7690 7713 2489
7690 7713 2489
7690 7713 2489
7690 7713 2489
7690 7713 2489
7690 7713 2489
7938 7844 2489
7938 7844 2489
7938 7844 2489
7938 7844 2489
7938 7844 2489
7938 7844 2489
7938 7844 2489
7938 7844 2489
7938 7844 2489
7938 7844 2489
7938 7844 2489
7938 7844 2489
7938 7844 2489
5533 5717 2489
5533 5717 2489
5533 5717 2489
5533 5717 2489
5533 5717 2489
5533 5717 2489
5533 5717 2489
5533 5717 2489
5533 5717 2489
5533 5717 2489
5533 5717 2489
5533 5717 2489
5533 5717 2489
6573 6506 2489
6573 6506 2489
6573 6506 2489
6573 6506 2489
6573 6506 2489
6573 6506 2489
6573 6506 2489
6573 6506 2489
6573 6506 2489
6573 6506 2489
6573 6506 2489
6573 6506 2489
6573 6506 2489
6428 6542 2489
6428 6542 2489
6428 6542 2489
6428 6542 2489
6428 6542 2489
6428 6542 2489
6428 6542 2489
6428 6542 2489
6428 6542 2489
6428 6542 2489
6428 6542 2489
6428 6542 2489
6428 6542 2489
7918 7732 2490
7918 7732 2490
7918 7732 2490
7918 7732 2490
7918 7732 2490
7918 7732 2490
7918 7732 2490
7918 7732 2490
7918 7732 2490
7918 7732 2490
7918 7732 2490
7918 7732 2490
7762 6538 2490
7762 6538 2490
7762 6538 2490
7762 6538 2490
7762 6538 2490
7762 6538 2490
7762 6538 2490
7762 6538 2490
7762 6538 2490
7762 6538 2490
7762 6538 2490
7762 6538 2490
7762 6538 2490
7720 6407 2490
7720 6407 2490
7720 6407 2490
7720 6407 2490
7720 6407 2490
7720 6407 2490
7720 6407 2490
7720 6407 2490
7720 6407 2490
7720 6407 2490
7720 6407 2490
7720 6407 2490
7720 6407 2490
8462 6590 2490
8462 6590 2490
8462 6590 2490
8462 6590 2490
8462 6590 2490
8462 6590 2490
8462 6590 2490
8462 6590 2490
8462 6590 2490
8462 6590 2490
8462 6590 2490
8462 6590 2490
8462 6590 2490
9158 9231 2490
9158 9231 2490
9158 9231 2490
9158 9231 2490
9158 9231 2490
9158 9231 2490
9158 9231 2490
9158 9231 2490
9158 9231 2490
9158 9231 2490
9158 9231 2490
9158 9231 2490
9158 9231 2490
6606 8469 2491
6606 8469 2491
6606 8469 2491
6606 8469 2491
6606 8469 2491
6606 8469 2491
6606 8469 2491
6606 8469 2491
6606 8469 2491
6606 8469 2491
6606 8469 2491
6606 8469 2491
7742 7790 2491
7742 7790 2491
7742 7790 2491
7742 7790 2491
7742 7790 2491
7742 7790 2491
7742 7790 2491
7742 7790 2491
7742 7790 2491
7742 7790 2491
7742 7790 2491
7742 7790 2491
7715 6566 2491
7715 6566 2491
7715 6566 2491
7715 6566 2491
7715 6566 2491
7715 6566 2491
7715 6566 2491
7715 6566 2491
7715 6566 2491
7715 6566 2491
7715 6566 2491
7715 6566 2491
7692 7713 2491
7692 7713 2491
7692 7713 2491
7692 7713 2491
7692 7713 2491
7692 7713 2491
7692 7713 2491
7692 7713 2491
7692 7713 2491
7692 7713 2491
7692 7713 2491
7692 7713 2491
8680 6555 2491
8680 6555 2491
8680 6555 2491
8680 6555 2491
8680 6555 2491
8680 6555 2491
8680 6555 2491
8680 6555 2491
8680 6555 2491
8680 6555 2491
8680 6555 2491
8680 6555 2491
7725 7943 2492
7725 7943 2492
7725 7943 2492
7725 7943 2492
7725 7943 2492
7725 7943 2492
7725 7943 2492
7725 7943 2492
7725 7943 2492
7725 7943 2492
7725 7943 2492
7725 7943 2492
6554 5396 2492
6554 5396 2492
6554 5396 2492
6554 5396 2492
6554 5396 2492
6554 5396 2492
6554 5396 2492
6554 5396 2492
6554 5396 2492
6554 5396 2492
6554 5396 2492
6554 5396 2492
8463 6060 2492
8463 6060 2492
8463 6060 2492
8463 6060 2492
8463 6060 2492
8463 6060 2492
8463 6060 2492
8463 6060 2492
8463 6060 2492
8463 6060 2492
8463 6060 2492
8463 6060 2492
8755 8762 2492
8755 8762 2492
8755 8762 2492
8755 8762 2492
8755 8762 2492
8755 8762 2492
8755 8762 2492
8755 8762 2492
8755 8762 2492
8755 8762 2492
8755 8762 2492
8755 8762 2492
8755 8762 2492
6607 5259 2492
6607 5259 2492
6607 5259 2492
6607 5259 2492
6607 5259 2492
6607 5259 2492
6607 5259 2492
6607 5259 2492
6607 5259 2492
6607 5259 2492
6607 5259 2492
6607 5259 2492
5375 5269 2492
5375 5269 2492
5375 5269 2492
5375 5269 2492
5375 5269 2492
5375 5269 2492
5375 5269 2492
5375 5269 2492
5375 5269 2492
5375 5269 2492
5375 5269 2492
5375 5269 2492
5461 5318 2492
5461 5318 2492
5461 5318 2492
5461 5318 2492
5461 5318 2492
5461 5318 2492
5461 5318 2492
5461 5318 2492
5461 5318 2492
5461 5318 2492
5461 5318 2492
5461 5318 2492
5461 5318 2492
5278 5411 2492
5278 5411 2492
5278 5411 2492
5278 5411 2492
5278 5411 2492
5278 5411 2492
5278 5411 2492
5278 5411 2492
5278 5411 2492
5278 5411 2492
5278 5411 2492
5278 5411 2492
5278 5411 2492
9148 6548 2493
9148 6548 2493
9148 6548 2493
9148 6548 2493
9148 6548 2493
9148 6548 2493
9148 6548 2493
9148 6548 2493
9148 6548 2493
9148 6548 2493
9148 6548 2493
9148 6548 2493
9148 6548 2493
6603 7783 2493
6603 7783 2493
6603 7783 2493
6603 7783 2493
6603 7783 2493
6603 7783 2493
6603 7783 2493
6603 7783 2493
6603 7783 2493
6603 7783 2493
6603 7783 2493
6603 7783 2493
6603 7783 2493
5364 6548 2493
5364 6548 2493
5364 6548 2493
5364 6548 2493
5364 6548 2493
5364 6548 2493
5364 6548 2493
5364 6548 2493
5364 6548 2493
5364 6548 2493
5364 6548 2493
5364 6548 2493
5364 6548 2493
6537 6512 2495
6537 6512 2495
6537 6512 2495
6537 6512 2495
6537 6512 2495
6537 6512 2495
6537 6512 2495
6537 6512 2495
6537 6512 2495
6537 6512 2495
6537 6512 2495
6537 6512 2495
5309 5575 2495
5309 5575 2495
5309 5575 2495
5309 5575 2495
5309 5575 2495
5309 5575 2495
5309 5575 2495
5309 5575 2495
5309 5575 2495
5309 5575 2495
5309 5575 2495
5309 5575 2495
5309 5575 2495
7904 7749 2495
7904 7749 2495
7904 7749 2495
7904 7749 2495
7904 7749 2495
7904 7749 2495
7904 7749 2495
7904 7749 2495
7904 7749 2495
7904 7749 2495
7904 7749 2495
7904 7749 2495
5429 5271 2495
5429 5271 2495
5429 5271 2495
5429 5271 2495
5429 5271 2495
5429 5271 2495
5429 5271 2495
5429 5271 2495
5429 5271 2495
5429 5271 2495
5429 5271 2495
5429 5271 2495
5429 5271 2495
6543 6578 2495
6543 6578 2495
6543 6578 2495
6543 6578 2495
6543 6578 2495
6543 6578 2495
6543 6578 2495
6543 6578 2495
6543 6578 2495
6543 6578 2495
6543 6578 2495
6543 6578 2495
8464 7689 2496
8464 7689 2496
8464 7689 2496
8464 7689 2496
8464 7689 2496
8464 7689 2496
8464 7689 2496
8464 7689 2496
8464 7689 2496
8464 7689 2496
8464 7689 2496
8464 7689 2496
8464 7689 2496
5364 6541 2497
5364 6541 2497
5364 6541 2497
5364 6541 2497
5364 6541 2497
5364 6541 2497
5364 6541 2497
5364 6541 2497
5364 6541 2497
5364 6541 2497
5364 6541 2497
5364 6541 2497
8436 6531 2498
8436 6531 2498
8436 6531 2498
8436 6531 2498
8436 6531 2498
8436 6531 2498
8436 6531 2498
8436 6531 2498
8436 6531 2498
8436 6531 2498
8436 6531 2498
8436 6531 2498
5327 5509 2498
5327 5509 2498
5327 5509 2498
5327 5509 2498
5327 5509 2498
5327 5509 2498
5327 5509 2498
5327 5509 2498
5327 5509 2498
5327 5509 2498
5327 5509 2498
5327 5509 2498
5327 5509 2498
5275 5410 2498
5275 5410 2498
5275 5410 2498
5275 5410 2498
5275 5410 2498
5275 5410 2498
5275 5410 2498
5275 5410 2498
5275 5410 2498
5275 5410 2498
5275 5410 2498
5275 5410 2498
5275 5410 2498
6387 6524 2498
6387 6524 2498
6387 6524 2498
6387 6524 2498
6387 6524 2498
6387 6524 2498
6387 6524 2498
6387 6524 2498
6387 6524 2498
6387 6524 2498
6387 6524 2498
6387 6524 2498
6387 6524 2498
5300 5259 2500
5300 5259 2500
5300 5259 2500
5300 5259 2500
5300 5259 2500
5300 5259 2500
5300 5259 2500
5300 5259 2500
5300 5259 2500
5300 5259 2500
5300 5259 2500
5300 5259 2500
7696 8442 2500
7696 8442 2500
7696 8442 2500
7696 8442 2500
7696 8442 2500
7696 8442 2500
7696 8442 2500
7696 8442 2500
7696 8442 2500
7696 8442 2500
7696 8442 2500
7696 8442 2500
6607 6567 2501
6607 6567 2501
6607 6567 2501
6607 6567 2501
6607 6567 2501
6607 6567 2501
6607 6567 2501
6607 6567 2501
6607 6567 2501
6607 6567 2501
6607 6567 2501
6607 6567 2501
6607 6567 2501
7674 7490 2501
7674 7490 2501
7674 7490 2501
7674 7490 2501
7674 7490 2501
7674 7490 2501
7674 7490 2501
7674 7490 2501
7674 7490 2501
7674 7490 2501
7674 7490 2501
7674 7490 2501
7679 7484 2501
7679 7484 2501
7679 7484 2501
7679 7484 2501
7679 7484 2501
7679 7484 2501
7679 7484 2501
7679 7484 2501
7679 7484 2501
7679 7484 2501
7679 7484 2501
7679 7484 2501
7881 7672 2501
7881 7672 2501
7881 7672 2501
7881 7672 2501
7881 7672 2501
7881 7672 2501
7881 7672 2501
7881 7672 2501
7881 7672 2501
7881 7672 2501
7881 7672 2501
7881 7672 2501
7881 7672 2501
6384 6496 2501
6384 6496 2501
6384 6496 2501
6384 6496 2501
6384 6496 2501
6384 6496 2501
6384 6496 2501
6384 6496 2501
6384 6496 2501
6384 6496 2501
6384 6496 2501
6384 6496 2501
6384 6496 2501
7709 5990 2502
7709 5990 2502
7709 5990 2502
7709 5990 2502
7709 5990 2502
7709 5990 2502
7709 5990 2502
7709 5990 2502
7709 5990 2502
7709 5990 2502
7709 5990 2502
7709 5990 2502
7751 7674 2502
7751 7674 2502
7751 7674 2502
7751 7674 2502
7751 7674 2502
7751 7674 2502
7751 7674 2502
7751 7674 2502
7751 7674 2502
7751 7674 2502
7751 7674 2502
7751 7674 2502
6578 6541 2502
6578 6541 2502
6578 6541 2502
6578 6541 2502
6578 6541 2502
6578 6541 2502
6578 6541 2502
6578 6541 2502
6578 6541 2502
6578 6541 2502
6578 6541 2502
6578 6541 2502
8705 6563 2502
8705 6563 2502
8705 6563 2502
8705 6563 2502
8705 6563 2502
8705 6563 2502
8705 6563 2502
8705 6563 2502
8705 6563 2502
8705 6563 2502
8705 6563 2502
8705 6563 2502
5452 5344 2502
5452 5344 2502
5452 5344 2502
5452 5344 2502
5452 5344 2502
5452 5344 2502
5452 5344 2502
5452 5344 2502
5452 5344 2502
5452 5344 2502
5452 5344 2502
5452 5344 2502
5452 5344 2502
5270 6548 2502
5270 6548 2502
5270 6548 2502
5270 6548 2502
5270 6548 2502
5270 6548 2502
5270 6548 2502
5270 6548 2502
5270 6548 2502
5270 6548 2502
5270 6548 2502
5270 6548 2502
6436 7784 2502
6436 7784 2502
6436 7784 2502
6436 7784 2502
6436 7784 2502
6436 7784 2502
6436 7784 2502
6436 7784 2502
6436 7784 2502
6436 7784 2502
6436 7784 2502
6436 7784 2502
7634 7925 2503
7634 7925 2503
7634 7925 2503
7634 7925 2503
7634 7925 2503
7634 7925 2503
7634 7925 2503
7634 7925 2503
7634 7925 2503
7634 7925 2503
7634 7925 2503
7634 7925 2503
5532 5998 2503
5532 5998 2503
5532 5998 2503
5532 5998 2503
5532 5998 2503
5532 5998 2503
5532 5998 2503
5532 5998 2503
5532 5998 2503
5532 5998 2503
5532 5998 2503
5532 5998 2503
5532 5998 2503
6606 5398 2503
6606 5398 2503
6606 5398 2503
6606 5398 2503
6606 5398 2503
6606 5398 2503
6606 5398 2503
6606 5398 2503
6606 5398 2503
6606 5398 2503
6606 5398 2503
6606 5398 2503
6606 5398 2503
5263 5382 2504
5263 5382 2504
5263 5382 2504
5263 5382 2504
5263 5382 2504
5263 5382 2504
5263 5382 2504
5263 5382 2504
5263 5382 2504
5263 5382 2504
5263 5382 2504
5263 5382 2504
6335 7453 2504
6335 7453 2504
6335 7453 2504
6335 7453 2504
6335 7453 2504
6335 7453 2504
6335 7453 2504
6335 7453 2504
6335 7453 2504
6335 7453 2504
6335 7453 2504
6335 7453 2504
6335 7453 2504
8464 6581 2505
8464 6581 2505
8464 6581 2505
8464 6581 2505
8464 6581 2505
8464 6581 2505
8464 6581 2505
8464 6581 2505
8464 6581 2505
8464 6581 2505
8464 6581 2505
8464 6581 2505
8464 6581 2505
6589 5254 2505
6589 5254 2505
6589 5254 2505
6589 5254 2505
6589 5254 2505
6589 5254 2505
6589 5254 2505
6589 5254 2505
6589 5254 2505
6589 5254 2505
6589 5254 2505
6589 5254 2505
6575 6607 2505
6575 6607 2505
6575 6607 2505
6575 6607 2505
6575 6607 2505
6575 6607 2505
6575 6607 2505
6575 6607 2505
6575 6607 2505
6575 6607 2505
6575 6607 2505
6575 6607 2505
6575 6607 2505
7700 7943 2505
7700 7943 2505
7700 7943 2505
7700 7943 2505
7700 7943 2505
7700 7943 2505
7700 7943 2505
7700 7943 2505
7700 7943 2505
7700 7943 2505
7700 7943 2505
7700 7943 2505
7700 7943 2505
6595 7679 2506
6595 7679 2506
6595 7679 2506
6595 7679 2506
6595 7679 2506
6595 7679 2506
6595 7679 2506
6595 7679 2506
6595 7679 2506
6595 7679 2506
6595 7679 2506
6595 7679 2506
5370 5265 2506
5370 5265 2506
5370 5265 2506
5370 5265 2506
5370 5265 2506
5370 5265 2506
5370 5265 2506
5370 5265 2506
5370 5265 2506
5370 5265 2506
5370 5265 2506
5370 5265 2506
7779 5988 2506
7779 5988 2506
7779 5988 2506
7779 5988 2506
7779 5988 2506
7779 5988 2506
7779 5988 2506
7779 5988 2506
7779 5988 2506
7779 5988 2506
7779 5988 2506
7779 5988 2506
7779 5988 2506
7693 6431 2507
7693 6431 2507
7693 6431 2507
7693 6431 2507
7693 6431 2507
7693 6431 2507
7693 6431 2507
7693 6431 2507
7693 6431 2507
7693 6431 2507
7693 6431 2507
7693 6431 2507
5995 7776 2507
5995 7776 2507
5995 7776 2507
5995 7776 2507
5995 7776 2507
5995 7776 2507
5995 7776 2507
5995 7776 2507
5995 7776 2507
5995 7776 2507
5995 7776 2507
5995 7776 2507
7906 7900 2508
7906 7900 2508
7906 7900 2508
7906 7900 2508
7906 7900 2508
7906 7900 2508
7906 7900 2508
7906 7900 2508
7906 7900 2508
7906 7900 2508
7906 7900 2508
7906 7900 2508
8454 5397 2508
8454 5397 2508
8454 5397 2508
8454 5397 2508
8454 5397 2508
8454 5397 2508
8454 5397 2508
8454 5397 2508
8454 5397 2508
8454 5397 2508
8454 5397 2508
8454 5397 2508
8454 5397 2508
7770 7694 2508
7770 7694 2508
7770 7694 2508
7770 7694 2508
7770 7694 2508
7770 7694 2508
7770 7694 2508
7770 7694 2508
7770 7694 2508
7770 7694 2508
7770 7694 2508
7770 7694 2508
6570 6420 2508
6570 6420 2508
6570 6420 2508
6570 6420 2508
6570 6420 2508
6570 6420 2508
6570 6420 2508
6570 6420 2508
6570 6420 2508
6570 6420 2508
6570 6420 2508
6570 6420 2508
6471 7486 2508
6471 7486 2508
6471 7486 2508
6471 7486 2508
6471 7486 2508
6471 7486 2508
6471 7486 2508
6471 7486 2508
6471 7486 2508
6471 7486 2508
6471 7486 2508
6471 7486 2508
7676 6606 2508
7676 6606 2508
7676 6606 2508
7676 6606 2508
7676 6606 2508
7676 6606 2508
7676 6606 2508
7676 6606 2508
7676 6606 2508
7676 6606 2508
7676 6606 2508
7676 6606 2508
9257 5379 2509
9257 5379 2509
9257 5379 2509
9257 5379 2509
9257 5379 2509
9257 5379 2509
9257 5379 2509
9257 5379 2509
9257 5379 2509
9257 5379 2509
9257 5379 2509
9257 5379 2509
5284 5402 2509
5284 5402 2509
5284 5402 2509
5284 5402 2509
5284 5402 2509
5284 5402 2509
5284 5402 2509
5284 5402 2509
5284 5402 2509
5284 5402 2509
5284 5402 2509
5284 5402 2509
5284 5402 2509
7689 9606 2509
7689 9606 2509
7689 9606 2509
7689 9606 2509
7689 9606 2509
7689 9606 2509
7689 9606 2509
7689 9606 2509
7689 9606 2509
7689 9606 2509
7689 9606 2509
7689 9606 2509
6512 6383 2510
6512 6383 2510
6512 6383 2510
6512 6383 2510
6512 6383 2510
6512 6383 2510
6512 6383 2510
6512 6383 2510
6512 6383 2510
6512 6383 2510
6512 6383 2510
6512 6383 2510
7761 7944 2510
7761 7944 2510
7761 7944 2510
7761 7944 2510
7761 7944 2510
7761 7944 2510
7761 7944 2510
7761 7944 2510
7761 7944 2510
7761 7944 2510
7761 7944 2510
7761 7944 2510
6561 7717 2510
6561 7717 2510
6561 7717 2510
6561 7717 2510
6561 7717 2510
6561 7717 2510
6561 7717 2510
6561 7717 2510
6561 7717 2510
6561 7717 2510
6561 7717 2510
6561 7717 2510
6561 7717 2510
7862 8353 2511
7862 8353 2511
7862 8353 2511
7862 8353 2511
7862 8353 2511
7862 8353 2511
7862 8353 2511
7862 8353 2511
7862 8353 2511
7862 8353 2511
7862 8353 2511
7862 8353 2511
7862 8353 2511
7759 8462 2511
7759 8462 2511
7759 8462 2511
7759 8462 2511
7759 8462 2511
7759 8462 2511
7759 8462 2511
7759 8462 2511
7759 8462 2511
7759 8462 2511
7759 8462 2511
7759 8462 2511
7759 8462 2511
8371 7935 2511
8371 7935 2511
8371 7935 2511
8371 7935 2511
8371 7935 2511
8371 7935 2511
8371 7935 2511
8371 7935 2511
8371 7935 2511
8371 7935 2511
8371 7935 2511
8371 7935 2511
6587 7686 2512
6587 7686 2512
6587 7686 2512
6587 7686 2512
6587 7686 2512
6587 7686 2512
6587 7686 2512
6587 7686 2512
6587 7686 2512
6587 7686 2512
6587 7686 2512
6587 7686 2512
6581 5393 2512
6581 5393 2512
6581 5393 2512
6581 5393 2512
6581 5393 2512
6581 5393 2512
6581 5393 2512
6581 5393 2512
6581 5393 2512
6581 5393 2512
6581 5393 2512
6581 5393 2512
6581 5393 2512
7911 7792 2512
7911 7792 2512
7911 7792 2512
7911 7792 2512
7911 7792 2512
7911 7792 2512
7911 7792 2512
7911 7792 2512
7911 7792 2512
7911 7792 2512
7911 7792 2512
7911 7792 2512
9274 5242 2513
9274 5242 2513
9274 5242 2513
9274 5242 2513
9274 5242 2513
9274 5242 2513
9274 5242 2513
9274 5242 2513
9274 5242 2513
9274 5242 2513
9274 5242 2513
9274 5242 2513
9274 5242 2513
7732 6608 2513
7732 6608 2513
7732 6608 2513
7732 6608 2513
7732 6608 2513
7732 6608 2513
7732 6608 2513
7732 6608 2513
7732 6608 2513
7732 6608 2513
7732 6608 2513
7732 6608 2513
6596 6548 2513
6596 6548 2513
6596 6548 2513
6596 6548 2513
6596 6548 2513
6596 6548 2513
6596 6548 2513
6596 6548 2513
6596 6548 2513
6596 6548 2513
6596 6548 2513
6596 6548 2513
7492 7515 2513
7492 7515 2513
7492 7515 2513
7492 7515 2513
7492 7515 2513
7492 7515 2513
7492 7515 2513
7492 7515 2513
7492 7515 2513
7492 7515 2513
7492 7515 2513
7492 7515 2513
6561 6613 2514
6561 6613 2514
6561 6613 2514
6561 6613 2514
6561 6613 2514
6561 6613 2514
6561 6613 2514
6561 6613 2514
6561 6613 2514
6561 6613 2514
6561 6613 2514
6561 6613 2514
6561 6613 2514
7857 7805 2514
7857 7805 2514
7857 7805 2514
7857 7805 2514
7857 7805 2514
7857 7805 2514
7857 7805 2514
7857 7805 2514
7857 7805 2514
7857 7805 2514
7857 7805 2514
7857 7805 2514
7857 7805 2514
8712 5353 2514
8712 5353 2514
8712 5353 2514
8712 5353 2514
8712 5353 2514
8712 5353 2514
8712 5353 2514
8712 5353 2514
8712 5353 2514
8712 5353 2514
8712 5353 2514
8712 5353 2514
5398 8435 2515
5398 8435 2515
5398 8435 2515
5398 8435 2515
5398 8435 2515
5398 8435 2515
5398 8435 2515
5398 8435 2515
5398 8435 2515
5398 8435 2515
5398 8435 2515
5398 8435 2515
5359 7723 2515
5359 7723 2515
5359 7723 2515
5359 7723 2515
5359 7723 2515
5359 7723 2515
5359 7723 2515
5359 7723 2515
5359 7723 2515
5359 7723 2515
5359 7723 2515
5359 7723 2515
6590 7687 2515
6590 7687 2515
6590 7687 2515
6590 7687 2515
6590 7687 2515
6590 7687 2515
6590 7687 2515
6590 7687 2515
6590 7687 2515
6590 7687 2515
6590 7687 2515
6590 7687 2515
6590 7687 2515
8443 6387 2519
8443 6387 2519
8443 6387 2519
8443 6387 2519
8443 6387 2519
8443 6387 2519
8443 6387 2519
8443 6387 2519
8443 6387 2519
8443 6387 2519
8443 6387 2519
8443 6387 2519
5289 5496 2521
5289 5496 2521
5289 5496 2521
5289 5496 2521
5289 5496 2521
5289 5496 2521
5289 5496 2521
5289 5496 2521
5289 5496 2521
5289 5496 2521
5289 5496 2521
5289 5496 2521
7785 6597 2523
7785 6597 2523
7785 6597 2523
7785 6597 2523
7785 6597 2523
7785 6597 2523
7785 6597 2523
7785 6597 2523
7785 6597 2523
7785 6597 2523
7785 6597 2523
7785 6597 2523
7770 7687 2524
7770 7687 2524
7770 7687 2524
7770 7687 2524
7770 7687 2524
7770 7687 2524
7770 7687 2524
7770 7687 2524
7770 7687 2524
7770 7687 2524
7770 7687 2524
7770 7687 2524
7770 7687 2524
9248 5488 2526
9248 5488 2526
9248 5488 2526
9248 5488 2526
9248 5488 2526
9248 5488 2526
9248 5488 2526
9248 5488 2526
9248 5488 2526
9248 5488 2526
9248 5488 2526
9248 5488 2526
5369 5294 2527
5369 5294 2527
5369 5294 2527
5369 5294 2527
5369 5294 2527
5369 5294 2527
5369 5294 2527
5369 5294 2527
5369 5294 2527
5369 5294 2527
5369 5294 2527
5369 5294 2527
5369 5294 2527
8784 9258 2529
8784 9258 2529
8784 9258 2529
8784 9258 2529
8784 9258 2529
8784 9258 2529
8784 9258 2529
8784 9258 2529
8784 9258 2529
8784 9258 2529
8784 9258 2529
8784 9258 2529
7961 7890 2529
7961 7890 2529
7961 7890 2529
7961 7890 2529
7961 7890 2529
7961 7890 2529
7961 7890 2529
7961 7890 2529
7961 7890 2529
7961 7890 2529
7961 7890 2529
7961 7890 2529
7961 7890 2529
6602 8435 2530
6602 8435 2530
6602 8435 2530
6602 8435 2530
6602 8435 2530
6602 8435 2530
6602 8435 2530
6602 8435 2530
6602 8435 2530
6602 8435 2530
6602 8435 2530
6602 8435 2530
6602 8435 2530
8775 5265 2531
8775 5265 2531
8775 5265 2531
8775 5265 2531
8775 5265 2531
8775 5265 2531
8775 5265 2531
8775 5265 2531
8775 5265 2531
8775 5265 2531
8775 5265 2531
8775 5265 2531
9224 5266 2531
9224 5266 2531
9224 5266 2531
9224 5266 2531
9224 5266 2531
9224 5266 2531
9224 5266 2531
9224 5266 2531
9224 5266 2531
9224 5266 2531
9224 5266 2531
9224 5266 2531
9224 5266 2531
6601 7730 2533
6601 7730 2533
6601 7730 2533
6601 7730 2533
6601 7730 2533
6601 7730 2533
6601 7730 2533
6601 7730 2533
6601 7730 2533
6601 7730 2533
6601 7730 2533
6601 7730 2533
6601 7730 2533
7659 7798 2534
7659 7798 2534
7659 7798 2534
7659 7798 2534
7659 7798 2534
7659 7798 2534
7659 7798 2534
7659 7798 2534
7659 7798 2534
7659 7798 2534
7659 7798 2534
7659 7798 2534
7659 7798 2534
8444 7692 2537
8444 7692 2537
8444 7692 2537
8444 7692 2537
8444 7692 2537
8444 7692 2537
8444 7692 2537
8444 7692 2537
8444 7692 2537
8444 7692 2537
8444 7692 2537
8444 7692 2537
5533 5485 2540
5533 5485 2540
5533 5485 2540
5533 5485 2540
5533 5485 2540
5533 5485 2540
5533 5485 2540
5533 5485 2540
5533 5485 2540
5533 5485 2540
5533 5485 2540
5533 5485 2540
6580 5358 2542
6580 5358 2542
6580 5358 2542
6580 5358 2542
6580 5358 2542
6580 5358 2542
6580 5358 2542
6580 5358 2542
6580 5358 2542
6580 5358 2542
6580 5358 2542
6580 5358 2542
6580 5358 2542
8707 9158 2544
8707 9158 2544
8707 9158 2544
8707 9158 2544
8707 9158 2544
8707 9158 2544
8707 9158 2544
8707 9158 2544
8707 9158 2544
8707 9158 2544
8707 9158 2544
8707 9158 2544
5356 5285 2549
5356 5285 2549
5356 5285 2549
5356 5285 2549
5356 5285 2549
5356 5285 2549
5356 5285 2549
5356 5285 2549
5356 5285 2549
5356 5285 2549
5356 5285 2549
5356 5285 2549
5356 5285 2549
7686 6448 2558
7686 6448 2558
7686 6448 2558
7686 6448 2558
7686 6448 2558
7686 6448 2558
7686 6448 2558
7686 6448 2558
7686 6448 2558
7686 6448 2558
7686 6448 2558
7686 6448 2558
7718 8436 2559
7718 8436 2559
7718 8436 2559
7718 8436 2559
7718 8436 2559
7718 8436 2559
7718 8436 2559
7718 8436 2559
7718 8436 2559
7718 8436 2559
7718 8436 2559
7718 8436 2559
7718 8436 2559
6544 6612 2560
6544 6612 2560
6544 6612 2560
6544 6612 2560
6544 6612 2560
6544 6612 2560
6544 6612 2560
6544 6612 2560
6544 6612 2560
6544 6612 2560
6544 6612 2560
6544 6612 2560
5270 5399 2563
5270 5399 2563
5270 5399 2563
5270 5399 2563
5270 5399 2563
5270 5399 2563
5270 5399 2563
5270 5399 2563
5270 5399 2563
5270 5399 2563
5270 5399 2563
5270 5399 2563
5270 5399 2563
7928 7693 2566
7928 7693 2566
7928 7693 2566
7928 7693 2566
7928 7693 2566
7928 7693 2566
7928 7693 2566
7928 7693 2566
7928 7693 2566
7928 7693 2566
7928 7693 2566
7928 7693 2566
6452 6581 2566
6452 6581 2566
6452 6581 2566
6452 6581 2566
6452 6581 2566
6452 6581 2566
6452 6581 2566
6452 6581 2566
6452 6581 2566
6452 6581 2566
6452 6581 2566
6452 6581 2566
6546 5990 2569
6546 5990 2569
6546 5990 2569
6546 5990 2569
6546 5990 2569
6546 5990 2569
6546 5990 2569
6546 5990 2569
6546 5990 2569
6546 5990 2569
6546 5990 2569
6546 5990 2569
6546 5990 2569
7668 7690 2570
7668 7690 2570
7668 7690 2570
7668 7690 2570
7668 7690 2570
7668 7690 2570
7668 7690 2570
7668 7690 2570
7668 7690 2570
7668 7690 2570
7668 7690 2570
7668 7690 2570
7515 7491 2571
7515 7491 2571
7515 7491 2571
7515 7491 2571
7515 7491 2571
7515 7491 2571
7515 7491 2571
7515 7491 2571
7515 7491 2571
7515 7491 2571
7515 7491 2571
7515 7491 2571
7515 7491 2571
6549 5281 2571
6549 5281 2571
6549 5281 2571
6549 5281 2571
6549 5281 2571
6549 5281 2571
6549 5281 2571
6549 5281 2571
6549 5281 2571
6549 5281 2571
6549 5281 2571
6549 5281 2571
6549 5281 2571
5288 5281 2572
5288 5281 2572
5288 5281 2572
5288 5281 2572
5288 5281 2572
5288 5281 2572
5288 5281 2572
5288 5281 2572
5288 5281 2572
5288 5281 2572
5288 5281 2572
5288 5281 2572
5288 5281 2572
5307 5259 2572
5307 5259 2572
5307 5259 2572
5307 5259 2572
5307 5259 2572
5307 5259 2572
5307 5259 2572
5307 5259 2572
5307 5259 2572
5307 5259 2572
5307 5259 2572
5307 5259 2572
6042 8456 2572
6042 8456 2572
6042 8456 2572
6042 8456 2572
6042 8456 2572
6042 8456 2572
6042 8456 2572
6042 8456 2572
6042 8456 2572
6042 8456 2572
6042 8456 2572
6042 8456 2572
6042 8456 2572
6409 6538 2572
6409 6538 2572
6409 6538 2572
6409 6538 2572
6409 6538 2572
6409 6538 2572
6409 6538 2572
6409 6538 2572
6409 6538 2572
6409 6538 2572
6409 6538 2572
6409 6538 2572
6409 6538 2572
6558 8677 2573
6558 8677 2573
6558 8677 2573
6558 8677 2573
6558 8677 2573
6558 8677 2573
6558 8677 2573
6558 8677 2573
6558 8677 2573
6558 8677 2573
6558 8677 2573
6558 8677 2573
6543 6519 2573
6543 6519 2573
6543 6519 2573
6543 6519 2573
6543 6519 2573
6543 6519 2573
6543 6519 2573
6543 6519 2573
6543 6519 2573
6543 6519 2573
6543 6519 2573
6543 6519 2573
7688 8474 2573
7688 8474 2573
7688 8474 2573
7688 8474 2573
7688 8474 2573
7688 8474 2573
7688 8474 2573
7688 8474 2573
7688 8474 2573
7688 8474 2573
7688 8474 2573
7688 8474 2573
7495 7513 2574
7495 7513 2574
7495 7513 2574
7495 7513 2574
7495 7513 2574
7495 7513 2574
7495 7513 2574
7495 7513 2574
7495 7513 2574
7495 7513 2574
7495 7513 2574
7495 7513 2574
5358 6606 2574
5358 6606 2574
5358 6606 2574
5358 6606 2574
5358 6606 2574
5358 6606 2574
5358 6606 2574
5358 6606 2574
5358 6606 2574
5358 6606 2574
5358 6606 2574
5358 6606 2574
5358 6606 2574
7915 7688 2574
7915 7688 2574
7915 7688 2574
7915 7688 2574
7915 7688 2574
7915 7688 2574
7915 7688 2574
7915 7688 2574
7915 7688 2574
7915 7688 2574
7915 7688 2574
7915 7688 2574
6544 7700 2574
6544 7700 2574
6544 7700 2574
6544 7700 2574
6544 7700 2574
6544 7700 2574
6544 7700 2574
6544 7700 2574
6544 7700 2574
6544 7700 2574
6544 7700 2574
6544 7700 2574
6544 7700 2574
5424 5280 2574
5424 5280 2574
5424 5280 2574
5424 5280 2574
5424 5280 2574
5424 5280 2574
5424 5280 2574
5424 5280 2574
5424 5280 2574
5424 5280 2574
5424 5280 2574
5424 5280 2574
5424 5280 2574
6544 7708 2575
6544 7708 2575
6544 7708 2575
6544 7708 2575
6544 7708 2575
6544 7708 2575
6544 7708 2575
6544 7708 2575
6544 7708 2575
6544 7708 2575
6544 7708 2575
6544 7708 2575
8459 6593 2575
8459 6593 2575
8459 6593 2575
8459 6593 2575
8459 6593 2575
8459 6593 2575
8459 6593 2575
8459 6593 2575
8459 6593 2575
8459 6593 2575
8459 6593 2575
8459 6593 2575
8459 6593 2575
6549 6572 2576
6549 6572 2576
6549 6572 2576
6549 6572 2576
6549 6572 2576
6549 6572 2576
6549 6572 2576
6549 6572 2576
6549 6572 2576
6549 6572 2576
6549 6572 2576
6549 6572 2576
6549 6572 2576
6562 6400 2577
6562 6400 2577
6562 6400 2577
6562 6400 2577
6562 6400 2577
6562 6400 2577
6562 6400 2577
6562 6400 2577
6562 6400 2577
6562 6400 2577
6562 6400 2577
6562 6400 2577
6562 6400 2577
7721 7696 2577
7721 7696 2577
7721 7696 2577
7721 7696 2577
7721 7696 2577
7721 7696 2577
7721 7696 2577
7721 7696 2577
7721 7696 2577
7721 7696 2577
7721 7696 2577
7721 7696 2577
7946 7723 2577
7946 7723 2577
7946 7723 2577
7946 7723 2577
7946 7723 2577
7946 7723 2577
7946 7723 2577
7946 7723 2577
7946 7723 2577
7946 7723 2577
7946 7723 2577
7946 7723 2577
7946 7723 2577
7910 7755 2577
7910 7755 2577
7910 7755 2577
7910 7755 2577
7910 7755 2577
7910 7755 2577
7910 7755 2577
7910 7755 2577
7910 7755 2577
7910 7755 2577
7910 7755 2577
7910 7755 2577
7910 7755 2577
7942 7824 2578
7942 7824 2578
7942 7824 2578
7942 7824 2578
7942 7824 2578
7942 7824 2578
7942 7824 2578
7942 7824 2578
7942 7824 2578
7942 7824 2578
7942 7824 2578
7942 7824 2578
7942 7824 2578
7676 6586 2578
7676 6586 2578
7676 6586 2578
7676 6586 2578
7676 6586 2578
7676 6586 2578
7676 6586 2578
7676 6586 2578
7676 6586 2578
7676 6586 2578
7676 6586 2578
7676 6586 2578
5435 5418 2579
5435 5418 2579
5435 5418 2579
5435 5418 2579
5435 5418 2579
5435 5418 2579
5435 5418 2579
5435 5418 2579
5435 5418 2579
5435 5418 2579
5435 5418 2579
5435 5418 2579
5435 5418 2579
7939 7781 2580
7939 7781 2580
7939 7781 2580
7939 7781 2580
7939 7781 2580
7939 7781 2580
7939 7781 2580
7939 7781 2580
7939 7781 2580
7939 7781 2580
7939 7781 2580
7939 7781 2580
6359 8434 2580
6359 8434 2580
6359 8434 2580
6359 8434 2580
6359 8434 2580
6359 8434 2580
6359 8434 2580
6359 8434 2580
6359 8434 2580
6359 8434 2580
6359 8434 2580
6359 8434 2580
7781 6002 2580
7781 6002 2580
7781 6002 2580
7781 6002 2580
7781 6002 2580
7781 6002 2580
7781 6002 2580
7781 6002 2580
7781 6002 2580
7781 6002 2580
7781 6002 2580
7781 6002 2580
7781 6002 2580
7786 7911 2581
7786 7911 2581
7786 7911 2581
7786 7911 2581
7786 7911 2581
7786 7911 2581
7786 7911 2581
7786 7911 2581
7786 7911 2581
7786 7911 2581
7786 7911 2581
7786 7911 2581
7786 7911 2581
7718 7912 2581
7718 7912 2581
7718 7912 2581
7718 7912 2581
7718 7912 2581
7718 7912 2581
7718 7912 2581
7718 7912 2581
7718 7912 2581
7718 7912 2581
7718 7912 2581
7718 7912 2581
9179 8796 2581
9179 8796 2581
9179 8796 2581
9179 8796 2581
9179 8796 2581
9179 8796 2581
9179 8796 2581
9179 8796 2581
9179 8796 2581
9179 8796 2581
9179 8796 2581
9179 8796 2581
9179 8796 2581
5429 8464 2582
5429 8464 2582
5429 8464 2582
5429 8464 2582
5429 8464 2582
5429 8464 2582
5429 8464 2582
5429 8464 2582
5429 8464 2582
5429 8464 2582
5429 8464 2582
5429 8464 2582
5429 8464 2582
8458 6598 2582
8458 6598 2582
8458 6598 2582
8458 6598 2582
8458 6598 2582
8458 6598 2582
8458 6598 2582
8458 6598 2582
8458 6598 2582
8458 6598 2582
8458 6598 2582
8458 6598 2582
8458 6598 2582
5574 5472 2582
5574 5472 2582
5574 5472 2582
5574 5472 2582
5574 5472 2582
5574 5472 2582
5574 5472 2582
5574 5472 2582
5574 5472 2582
5574 5472 2582
5574 5472 2582
5574 5472 2582
6010 8462 2582
6010 8462 2582
6010 8462 2582
6010 8462 2582
6010 8462 2582
6010 8462 2582
6010 8462 2582
6010 8462 2582
6010 8462 2582
6010 8462 2582
6010 8462 2582
6010 8462 2582
6010 8462 2582
7800 8373 2582
7800 8373 2582
7800 8373 2582
7800 8373 2582
7800 8373 2582
7800 8373 2582
7800 8373 2582
7800 8373 2582
7800 8373 2582
7800 8373 2582
7800 8373 2582
7800 8373 2582
7800 8373 2582
8771 9158 2583
8771 9158 2583
8771 9158 2583
8771 9158 2583
8771 9158 2583
8771 9158 2583
8771 9158 2583
8771 9158 2583
8771 9158 2583
8771 9158 2583
8771 9158 2583
8771 9158 2583
8771 9158 2583
7913 7873 2583
7913 7873 2583
7913 7873 2583
7913 7873 2583
7913 7873 2583
7913 7873 2583
7913 7873 2583
7913 7873 2583
7913 7873 2583
7913 7873 2583
7913 7873 2583
7913 7873 2583
7908 7968 2583
7908 7968 2583
7908 7968 2583
7908 7968 2583
7908 7968 2583
7908 7968 2583
7908 7968 2583
7908 7968 2583
7908 7968 2583
7908 7968 2583
7908 7968 2583
7908 7968 2583
7908 7968 2583
5251 8446 2583
5251 8446 2583
5251 8446 2583
5251 8446 2583
5251 8446 2583
5251 8446 2583
5251 8446 2583
5251 8446 2583
5251 8446 2583
5251 8446 2583
5251 8446 2583
5251 8446 2583
5257 5276 2584
5257 5276 2584
5257 5276 2584
5257 5276 2584
5257 5276 2584
5257 5276 2584
5257 5276 2584
5257 5276 2584
5257 5276 2584
5257 5276 2584
5257 5276 2584
5257 5276 2584
6564 8677 2584
6564 8677 2584
6564 8677 2584
6564 8677 2584
6564 8677 2584
6564 8677 2584
6564 8677 2584
6564 8677 2584
6564 8677 2584
6564 8677 2584
6564 8677 2584
6564 8677 2584
7726 5996 2584
7726 5996 2584
7726 5996 2584
7726 5996 2584
7726 5996 2584
7726 5996 2584
7726 5996 2584
7726 5996 2584
7726 5996 2584
7726 5996 2584
7726 5996 2584
7726 5996 2584
7726 5996 2584
6570 7772 2584
6570 7772 2584
6570 7772 2584
6570 7772 2584
6570 7772 2584
6570 7772 2584
6570 7772 2584
6570 7772 2584
6570 7772 2584
6570 7772 2584
6570 7772 2584
6570 7772 2584
6042 6610 2584
6042 6610 2584
6042 6610 2584
6042 6610 2584
6042 6610 2584
6042 6610 2584
6042 6610 2584
6042 6610 2584
6042 6610 2584
6042 6610 2584
6042 6610 2584
6042 6610 2584
5566 5485 2585
5566 5485 2585
5566 5485 2585
5566 5485 2585
5566 5485 2585
5566 5485 2585
5566 5485 2585
5566 5485 2585
5566 5485 2585
5566 5485 2585
5566 5485 2585
5566 5485 2585
5430 5285 2585
5430 5285 2585
5430 5285 2585
5430 5285 2585
5430 5285 2585
5430 5285 2585
5430 5285 2585
5430 5285 2585
5430 5285 2585
5430 5285 2585
5430 5285 2585
5430 5285 2585
5430 5285 2585
6548 9518 2585
6548 9518 2585
6548 9518 2585
6548 9518 2585
6548 9518 2585
6548 9518 2585
6548 9518 2585
6548 9518 2585
6548 9518 2585
6548 9518 2585
6548 9518 2585
6548 9518 2585
7813 7699 2585
7813 7699 2585
7813 7699 2585
7813 7699 2585
7813 7699 2585
7813 7699 2585
7813 7699 2585
7813 7699 2585
7813 7699 2585
7813 7699 2585
7813 7699 2585
7813 7699 2585
7813 7699 2585
7686 7909 2585
7686 7909 2585
7686 7909 2585
7686 7909 2585
7686 7909 2585
7686 7909 2585
7686 7909 2585
7686 7909 2585
7686 7909 2585
7686 7909 2585
7686 7909 2585
7686 7909 2585
7739 7769 2585
7739 7769 2585
7739 7769 2585
7739 7769 2585
7739 7769 2585
7739 7769 2585
7739 7769 2585
7739 7769 2585
7739 7769 2585
7739 7769 2585
7739 7769 2585
7739 7769 2585
6002 6546 2586
6002 6546 2586
6002 6546 2586
6002 6546 2586
6002 6546 2586
6002 6546 2586
6002 6546 2586
6002 6546 2586
6002 6546 2586
6002 6546 2586
6002 6546 2586
6002 6546 2586
6002 6546 2586
6544 8466 2586
6544 8466 2586
6544 8466 2586
6544 8466 2586
6544 8466 2586
6544 8466 2586
6544 8466 2586
6544 8466 2586
6544 8466 2586
6544 8466 2586
6544 8466 2586
6544 8466 2586
7787 8466 2587
7787 8466 2587
7787 8466 2587
7787 8466 2587
7787 8466 2587
7787 8466 2587
7787 8466 2587
7787 8466 2587
7787 8466 2587
7787 8466 2587
7787 8466 2587
7787 8466 2587
6610 6038 2587
6610 6038 2587
6610 6038 2587
6610 6038 2587
6610 6038 2587
6610 6038 2587
6610 6038 2587
6610 6038 2587
6610 6038 2587
6610 6038 2587
6610 6038 2587
6610 6038 2587
6610 6038 2587
7971 7719 2587
7971 7719 2587
7971 7719 2587
7971 7719 2587
7971 7719 2587
7971 7719 2587
7971 7719 2587
7971 7719 2587
7971 7719 2587
7971 7719 2587
7971 7719 2587
7971 7719 2587
5441 5540 2587
5441 5540 2587
5441 5540 2587
5441 5540 2587
5441 5540 2587
5441 5540 2587
5441 5540 2587
5441 5540 2587
5441 5540 2587
5441 5540 2587
5441 5540 2587
5441 5540 2587
5441 5540 2587
6587 6396 2587
6587 6396 2587
6587 6396 2587
6587 6396 2587
6587 6396 2587
6587 6396 2587
6587 6396 2587
6587 6396 2587
6587 6396 2587
6587 6396 2587
6587 6396 2587
6587 6396 2587
6587 6396 2587
6409 6560 2587
6409 6560 2587
6409 6560 2587
6409 6560 2587
6409 6560 2587
6409 6560 2587
6409 6560 2587
6409 6560 2587
6409 6560 2587
6409 6560 2587
6409 6560 2587
6409 6560 2587
7927 7770 2587
7927 7770 2587
7927 7770 2587
7927 7770 2587
7927 7770 2587
7927 7770 2587
7927 7770 2587
7927 7770 2587
7927 7770 2587
7927 7770 2587
7927 7770 2587
7927 7770 2587
6513 5925 2587
6513 5925 2587
6513 5925 2587
6513 5925 2587
6513 5925 2587
6513 5925 2587
6513 5925 2587
6513 5925 2587
6513 5925 2587
6513 5925 2587
6513 5925 2587
6513 5925 2587
6513 5925 2587
6040 6588 2588
6040 6588 2588
6040 6588 2588
6040 6588 2588
6040 6588 2588
6040 6588 2588
6040 6588 2588
6040 6588 2588
6040 6588 2588
6040 6588 2588
6040 6588 2588
6040 6588 2588
5991 8443 2588
5991 8443 2588
5991 8443 2588
5991 8443 2588
5991 8443 2588
5991 8443 2588
5991 8443 2588
5991 8443 2588
5991 8443 2588
5991 8443 2588
5991 8443 2588
5991 8443 2588
5991 8443 2588
6557 8677 2588
6557 8677 2588
6557 8677 2588
6557 8677 2588
6557 8677 2588
6557 8677 2588
6557 8677 2588
6557 8677 2588
6557 8677 2588
6557 8677 2588
6557 8677 2588
6557 8677 2588
6557 8677 2588
6081 5990 2588
6081 5990 2588
6081 5990 2588
6081 5990 2588
6081 5990 2588
6081 5990 2588
6081 5990 2588
6081 5990 2588
6081 5990 2588
6081 5990 2588
6081 5990 2588
6081 5990 2588
9154 8706 2589
9154 8706 2589
9154 8706 2589
9154 8706 2589
9154 8706 2589
9154 8706 2589
9154 8706 2589
9154 8706 2589
9154 8706 2589
9154 8706 2589
9154 8706 2589
9154 8706 2589
9154 8706 2589
8443 8675 2589
8443 8675 2589
8443 8675 2589
8443 8675 2589
8443 8675 2589
8443 8675 2589
8443 8675 2589
8443 8675 2589
8443 8675 2589
8443 8675 2589
8443 8675 2589
8443 8675 2589
8443 8675 2589
9181 5301 2589
9181 5301 2589
9181 5301 2589
9181 5301 2589
9181 5301 2589
9181 5301 2589
9181 5301 2589
9181 5301 2589
9181 5301 2589
9181 5301 2589
9181 5301 2589
9181 5301 2589
5242 9634 2589
5242 9634 2589
5242 9634 2589
5242 9634 2589
5242 9634 2589
5242 9634 2589
5242 9634 2589
5242 9634 2589
5242 9634 2589
5242 9634 2589
5242 9634 2589
5242 9634 2589
5242 9634 2589
6557 9523 2589
6557 9523 2589
6557 9523 2589
6557 9523 2589
6557 9523 2589
6557 9523 2589
6557 9523 2589
6557 9523 2589
6557 9523 2589
6557 9523 2589
6557 9523 2589
6557 9523 2589
5390 5541 2589
5390 5541 2589
5390 5541 2589
5390 5541 2589
5390 5541 2589
5390 5541 2589
5390 5541 2589
5390 5541 2589
5390 5541 2589
5390 5541 2589
5390 5541 2589
5390 5541 2589
5390 5541 2589
7659 7859 2589
7659 7859 2589
7659 7859 2589
7659 7859 2589
7659 7859 2589
7659 7859 2589
7659 7859 2589
7659 7859 2589
7659 7859 2589
7659 7859 2589
7659 7859 2589
7659 7859 2589
7659 7859 2589
8436 6009 2589
8436 6009 2589
8436 6009 2589
8436 6009 2589
8436 6009 2589
8436 6009 2589
8436 6009 2589
8436 6009 2589
8436 6009 2589
8436 6009 2589
8436 6009 2589
8436 6009 2589
8436 6009 2589
5358 6601 2590
5358 6601 2590
5358 6601 2590
5358 6601 2590
5358 6601 2590
5358 6601 2590
5358 6601 2590
5358 6601 2590
5358 6601 2590
5358 6601 2590
5358 6601 2590
5358 6601 2590
5358 6601 2590
5255 8446 2590
5255 8446 2590
5255 8446 2590
5255 8446 2590
5255 8446 2590
5255 8446 2590
5255 8446 2590
5255 8446 2590
5255 8446 2590
5255 8446 2590
5255 8446 2590
5255 8446 2590
7867 7883 2590
7867 7883 2590
7867 7883 2590
7867 7883 2590
7867 7883 2590
7867 7883 2590
7867 7883 2590
7867 7883 2590
7867 7883 2590
7867 7883 2590
7867 7883 2590
7867 7883 2590
7867 7883 2590
6059 8464 2590
6059 8464 2590
6059 8464 2590
6059 8464 2590
6059 8464 2590
6059 8464 2590
6059 8464 2590
6059 8464 2590
6059 8464 2590
6059 8464 2590
6059 8464 2590
6059 8464 2590
6059 8464 2590
7730 7807 2590
7730 7807 2590
7730 7807 2590
7730 7807 2590
7730 7807 2590
7730 7807 2590
7730 7807 2590
7730 7807 2590
7730 7807 2590
7730 7807 2590
7730 7807 2590
7730 7807 2590
7730 7807 2590
6578 6607 2590
6578 6607 2590
6578 6607 2590
6578 6607 2590
6578 6607 2590
6578 6607 2590
6578 6607 2590
6578 6607 2590
6578 6607 2590
6578 6607 2590
6578 6607 2590
6578 6607 2590
6578 6607 2590
6583 6555 2592
6583 6555 2592
6583 6555 2592
6583 6555 2592
6583 6555 2592
6583 6555 2592
6583 6555 2592
6583 6555 2592
6583 6555 2592
6583 6555 2592
6583 6555 2592
6583 6555 2592
7923 7687 2592
7923 7687 2592
7923 7687 2592
7923 7687 2592
7923 7687 2592
7923 7687 2592
7923 7687 2592
7923 7687 2592
7923 7687 2592
7923 7687 2592
7923 7687 2592
7923 7687 2592
7923 7687 2592
5259 5405 2592
5259 5405 2592
5259 5405 2592
5259 5405 2592
5259 5405 2592
5259 5405 2592
5259 5405 2592
5259 5405 2592
5259 5405 2592
5259 5405 2592
5259 5405 2592
5259 5405 2592
6450 6577 2592
6450 6577 2592
6450 6577 2592
6450 6577 2592
6450 6577 2592
6450 6577 2592
6450 6577 2592
6450 6577 2592
6450 6577 2592
6450 6577 2592
6450 6577 2592
6450 6577 2592
6450 6577 2592
6608 6572 2593
6608 6572 2593
6608 6572 2593
6608 6572 2593
6608 6572 2593
6608 6572 2593
6608 6572 2593
6608 6572 2593
6608 6572 2593
6608 6572 2593
6608 6572 2593
6608 6572 2593
6608 6572 2593
8432 8451 2593
8432 8451 2593
8432 8451 2593
8432 8451 2593
8432 8451 2593
8432 8451 2593
8432 8451 2593
8432 8451 2593
8432 8451 2593
8432 8451 2593
8432 8451 2593
8432 8451 2593
8432 8451 2593
8432 5393 2593
8432 5393 2593
8432 5393 2593
8432 5393 2593
8432 5393 2593
8432 5393 2593
8432 5393 2593
8432 5393 2593
8432 5393 2593
8432 5393 2593
8432 5393 2593
8432 5393 2593
8432 5393 2593
5359 5403 2593
5359 5403 2593
5359 5403 2593
5359 5403 2593
5359 5403 2593
5359 5403 2593
5359 5403 2593
5359 5403 2593
5359 5403 2593
5359 5403 2593
5359 5403 2593
5359 5403 2593
5359 5403 2593
7688 6603 2593
7688 6603 2593
7688 6603 2593
7688 6603 2593
7688 6603 2593
7688 6603 2593
7688 6603 2593
7688 6603 2593
7688 6603 2593
7688 6603 2593
7688 6603 2593
7688 6603 2593
7688 6603 2593
6557 8705 2593
6557 8705 2593
6557 8705 2593
6557 8705 2593
6557 8705 2593
6557 8705 2593
6557 8705 2593
6557 8705 2593
6557 8705 2593
6557 8705 2593
6557 8705 2593
6557 8705 2593
5991 7714 2593
5991 7714 2593
5991 7714 2593
5991 7714 2593
5991 7714 2593
5991 7714 2593
5991 7714 2593
5991 7714 2593
5991 7714 2593
5991 7714 2593
5991 7714 2593
5991 7714 2593
7676 7718 2593
7676 7718 2593
7676 7718 2593
7676 7718 2593
7676 7718 2593
7676 7718 2593
7676 7718 2593
7676 7718 2593
7676 7718 2593
7676 7718 2593
7676 7718 2593
7676 7718 2593
6549 7695 2593
6549 7695 2593
6549 7695 2593
6549 7695 2593
6549 7695 2593
6549 7695 2593
6549 7695 2593
6549 7695 2593
6549 7695 2593
6549 7695 2593
6549 7695 2593
6549 7695 2593
6549 7695 2593
6533 7706 2593
6533 7706 2593
6533 7706 2593
6533 7706 2593
6533 7706 2593
6533 7706 2593
6533 7706 2593
6533 7706 2593
6533 7706 2593
6533 7706 2593
6533 7706 2593
6533 7706 2593
6011 5550 2594
6011 5550 2594
6011 5550 2594
6011 5550 2594
6011 5550 2594
6011 5550 2594
6011 5550 2594
6011 5550 2594
6011 5550 2594
6011 5550 2594
6011 5550 2594
6011 5550 2594
6011 5550 2594
5357 8672 2594
5357 8672 2594
5357 8672 2594
5357 8672 2594
5357 8672 2594
5357 8672 2594
5357 8672 2594
5357 8672 2594
5357 8672 2594
5357 8672 2594
5357 8672 2594
5357 8672 2594
5993 7774 2595
5993 7774 2595
5993 7774 2595
5993 7774 2595
5993 7774 2595
5993 7774 2595
5993 7774 2595
5993 7774 2595
5993 7774 2595
5993 7774 2595
5993 7774 2595
5993 7774 2595
5993 7774 2595
6529 6397 2595
6529 6397 2595
6529 6397 2595
6529 6397 2595
6529 6397 2595
6529 6397 2595
6529 6397 2595
6529 6397 2595
6529 6397 2595
6529 6397 2595
6529 6397 2595
6529 6397 2595
7669 7742 2595
7669 7742 2595
7669 7742 2595
7669 7742 2595
7669 7742 2595
7669 7742 2595
7669 7742 2595
7669 7742 2595
7669 7742 2595
7669 7742 2595
7669 7742 2595
7669 7742 2595
7669 7742 2595
8687 5258 2595
8687 5258 2595
8687 5258 2595
8687 5258 2595
8687 5258 2595
8687 5258 2595
8687 5258 2595
8687 5258 2595
8687 5258 2595
8687 5258 2595
8687 5258 2595
8687 5258 2595
7711 7691 2595
7711 7691 2595
7711 7691 2595
7711 7691 2595
7711 7691 2595
7711 7691 2595
7711 7691 2595
7711 7691 2595
7711 7691 2595
7711 7691 2595
7711 7691 2595
7711 7691 2595
7851 9653 2595
7851 9653 2595
7851 9653 2595
7851 9653 2595
7851 9653 2595
7851 9653 2595
7851 9653 2595
7851 9653 2595
7851 9653 2595
7851 9653 2595
7851 9653 2595
7851 9653 2595
8705 6415 2595
8705 6415 2595
8705 6415 2595
8705 6415 2595
8705 6415 2595
8705 6415 2595
8705 6415 2595
8705 6415 2595
8705 6415 2595
8705 6415 2595
8705 6415 2595
8705 6415 2595
5267 5275 2596
5267 5275 2596
5267 5275 2596
5267 5275 2596
5267 5275 2596
5267 5275 2596
5267 5275 2596
5267 5275 2596
5267 5275 2596
5267 5275 2596
5267 5275 2596
5267 5275 2596
6566 6358 2596
6566 6358 2596
6566 6358 2596
6566 6358 2596
6566 6358 2596
6566 6358 2596
6566 6358 2596
6566 6358 2596
6566 6358 2596
6566 6358 2596
6566 6358 2596
6566 6358 2596
6566 6358 2596
6602 5256 2596
6602 5256 2596
6602 5256 2596
6602 5256 2596
6602 5256 2596
6602 5256 2596
6602 5256 2596
6602 5256 2596
6602 5256 2596
6602 5256 2596
6602 5256 2596
6602 5256 2596
5283 5291 2596
5283 5291 2596
5283 5291 2596
5283 5291 2596
5283 5291 2596
5283 5291 2596
5283 5291 2596
5283 5291 2596
5283 5291 2596
5283 5291 2596
5283 5291 2596
5283 5291 2596
6516 7704 2596
6516 7704 2596
6516 7704 2596
6516 7704 2596
6516 7704 2596
6516 7704 2596
6516 7704 2596
6516 7704 2596
6516 7704 2596
6516 7704 2596
6516 7704 2596
6516 7704 2596
6516 7704 2596
5362 5413 2596
5362 5413 2596
5362 5413 2596
5362 5413 2596
5362 5413 2596
5362 5413 2596
5362 5413 2596
5362 5413 2596
5362 5413 2596
5362 5413 2596
5362 5413 2596
5362 5413 2596
5284 9145 2596
5284 9145 2596
5284 9145 2596
5284 9145 2596
5284 9145 2596
5284 9145 2596
5284 9145 2596
5284 9145 2596
5284 9145 2596
5284 9145 2596
5284 9145 2596
5284 9145 2596
5284 9145 2596
6597 5389 2597
6597 5389 2597
6597 5389 2597
6597 5389 2597
6597 5389 2597
6597 5389 2597
6597 5389 2597
6597 5389 2597
6597 5389 2597
6597 5389 2597
6597 5389 2597
6597 5389 2597
7787 7719 2597
7787 7719 2597
7787 7719 2597
7787 7719 2597
7787 7719 2597
7787 7719 2597
7787 7719 2597
7787 7719 2597
7787 7719 2597
7787 7719 2597
7787 7719 2597
7787 7719 2597
7935 7917 2597
7935 7917 2597
7935 7917 2597
7935 7917 2597
7935 7917 2597
7935 7917 2597
7935 7917 2597
7935 7917 2597
7935 7917 2597
7935 7917 2597
7935 7917 2597
7935 7917 2597
7490 6475 2597
7490 6475 2597
7490 6475 2597
7490 6475 2597
7490 6475 2597
7490 6475 2597
7490 6475 2597
7490 6475 2597
7490 6475 2597
7490 6475 2597
7490 6475 2597
7490 6475 2597
7490 6475 2597
7633 7946 2598
7633 7946 2598
7633 7946 2598
7633 7946 2598
7633 7946 2598
7633 7946 2598
7633 7946 2598
7633 7946 2598
7633 7946 2598
7633 7946 2598
7633 7946 2598
7633 7946 2598
7686 7716 2598
7686 7716 2598
7686 7716 2598
7686 7716 2598
7686 7716 2598
7686 7716 2598
7686 7716 2598
7686 7716 2598
7686 7716 2598
7686 7716 2598
7686 7716 2598
7686 7716 2598
7686 7716 2598
7759 6602 2599
7759 6602 2599
7759 6602 2599
7759 6602 2599
7759 6602 2599
7759 6602 2599
7759 6602 2599
7759 6602 2599
7759 6602 2599
7759 6602 2599
7759 6602 2599
7759 6602 2599
7759 6602 2599
6009 6052 2599
6009 6052 2599
6009 6052 2599
6009 6052 2599
6009 6052 2599
6009 6052 2599
6009 6052 2599
6009 6052 2599
6009 6052 2599
6009 6052 2599
6009 6052 2599
6009 6052 2599
5529 5400 2599
5529 5400 2599
5529 5400 2599
5529 5400 2599
5529 5400 2599
5529 5400 2599
5529 5400 2599
5529 5400 2599
5529 5400 2599
5529 5400 2599
5529 5400 2599
5529 5400 2599
7696 6602 2600
7696 6602 2600
7696 6602 2600
7696 6602 2600
7696 6602 2600
7696 6602 2600
7696 6602 2600
7696 6602 2600
7696 6602 2600
7696 6602 2600
7696 6602 2600
7696 6602 2600
7947 7887 2600
7947 7887 2600
7947 7887 2600
7947 7887 2600
7947 7887 2600
7947 7887 2600
7947 7887 2600
7947 7887 2600
7947 7887 2600
7947 7887 2600
7947 7887 2600
7947 7887 2600
7947 7887 2600
7847 7644 2600
7847 7644 2600
7847 7644 2600
7847 7644 2600
7847 7644 2600
7847 7644 2600
7847 7644 2600
7847 7644 2600
7847 7644 2600
7847 7644 2600
7847 7644 2600
7847 7644 2600
7847 7644 2600
8463 5404 2600
8463 5404 2600
8463 5404 2600
8463 5404 2600
8463 5404 2600
8463 5404 2600
8463 5404 2600
8463 5404 2600
8463 5404 2600
8463 5404 2600
8463 5404 2600
8463 5404 2600
5288 5480 2600
5288 5480 2600
5288 5480 2600
5288 5480 2600
5288 5480 2600
5288 5480 2600
5288 5480 2600
5288 5480 2600
5288 5480 2600
5288 5480 2600
5288 5480 2600
5288 5480 2600
5288 5480 2600
5404 6559 2600
5404 6559 2600
5404 6559 2600
5404 6559 2600
5404 6559 2600
5404 6559 2600
5404 6559 2600
5404 6559 2600
5404 6559 2600
5404 6559 2600
5404 6559 2600
5404 6559 2600
7726 7635 2600
7726 7635 2600
7726 7635 2600
7726 7635 2600
7726 7635 2600
7726 7635 2600
7726 7635 2600
7726 7635 2600
7726 7635 2600
7726 7635 2600
7726 7635 2600
7726 7635 2600
6591 7704 2600
6591 7704 2600
6591 7704 2600
6591 7704 2600
6591 7704 2600
6591 7704 2600
6591 7704 2600
6591 7704 2600
6591 7704 2600
6591 7704 2600
6591 7704 2600
6591 7704 2600
7655 7491 2601
7655 7491 2601
7655 7491 2601
7655 7491 2601
7655 7491 2601
7655 7491 2601
7655 7491 2601
7655 7491 2601
7655 7491 2601
7655 7491 2601
7655 7491 2601
7655 7491 2601
6517 7811 2601
6517 7811 2601
6517 7811 2601
6517 7811 2601
6517 7811 2601
6517 7811 2601
6517 7811 2601
6517 7811 2601
6517 7811 2601
6517 7811 2601
6517 7811 2601
6517 7811 2601
6549 7692 2601
6549 7692 2601
6549 7692 2601
6549 7692 2601
6549 7692 2601
6549 7692 2601
6549 7692 2601
6549 7692 2601
6549 7692 2601
6549 7692 2601
6549 7692 2601
6549 7692 2601
6549 7692 2601
8431 5285 2602
8431 5285 2602
8431 5285 2602
8431 5285 2602
8431 5285 2602
8431 5285 2602
8431 5285 2602
8431 5285 2602
8431 5285 2602
8431 5285 2602
8431 5285 2602
8431 5285 2602
5285 5355 2602
5285 5355 2602
5285 5355 2602
5285 5355 2602
5285 5355 2602
5285 5355 2602
5285 5355 2602
5285 5355 2602
5285 5355 2602
5285 5355 2602
5285 5355 2602
5285 5355 2602
5285 5355 2602
6521 6359 2602
6521 6359 2602
6521 6359 2602
6521 6359 2602
6521 6359 2602
6521 6359 2602
6521 6359 2602
6521 6359 2602
6521 6359 2602
6521 6359 2602
6521 6359 2602
6521 6359 2602
6521 6359 2602
8455 7705 2602
8455 7705 2602
8455 7705 2602
8455 7705 2602
8455 7705 2602
8455 7705 2602
8455 7705 2602
8455 7705 2602
8455 7705 2602
8455 7705 2602
8455 7705 2602
8455 7705 2602
7963 7728 2602
7963 7728 2602
7963 7728 2602
7963 7728 2602
7963 7728 2602
7963 7728 2602
7963 7728 2602
7963 7728 2602
7963 7728 2602
7963 7728 2602
7963 7728 2602
7963 7728 2602
7963 7728 2602
6579 8438 2603
6579 8438 2603
6579 8438 2603
6579 8438 2603
6579 8438 2603
6579 8438 2603
6579 8438 2603
6579 8438 2603
6579 8438 2603
6579 8438 2603
6579 8438 2603
6579 8438 2603
7807 7976 2603
7807 7976 2603
7807 7976 2603
7807 7976 2603
7807 7976 2603
7807 7976 2603
7807 7976 2603
7807 7976 2603
7807 7976 2603
7807 7976 2603
7807 7976 2603
7807 7976 2603
5388 8440 2604
5388 8440 2604
5388 8440 2604
5388 8440 2604
5388 8440 2604
5388 8440 2604
5388 8440 2604
5388 8440 2604
5388 8440 2604
5388 8440 2604
5388 8440 2604
5388 8440 2604
5388 8440 2604
5360 6382 2604
5360 6382 2604
5360 6382 2604
5360 6382 2604
5360 6382 2604
5360 6382 2604
5360 6382 2604
5360 6382 2604
5360 6382 2604
5360 6382 2604
5360 6382 2604
5360 6382 2604
5385 7769 2604
5385 7769 2604
5385 7769 2604
5385 7769 2604
5385 7769 2604
5385 7769 2604
5385 7769 2604
5385 7769 2604
5385 7769 2604
5385 7769 2604
5385 7769 2604
5385 7769 2604
5385 7769 2604
7965 7705 2604
7965 7705 2604
7965 7705 2604
7965 7705 2604
7965 7705 2604
7965 7705 2604
7965 7705 2604
7965 7705 2604
7965 7705 2604
7965 7705 2604
7965 7705 2604
7965 7705 2604
7965 7705 2604
5461 5271 2604
5461 5271 2604
5461 5271 2604
5461 5271 2604
5461 5271 2604
5461 5271 2604
5461 5271 2604
5461 5271 2604
5461 5271 2604
5461 5271 2604
5461 5271 2604
5461 5271 2604
5461 5271 2604
6606 5378 2604
6606 5378 2604
6606 5378 2604
6606 5378 2604
6606 5378 2604
6606 5378 2604
6606 5378 2604
6606 5378 2604
6606 5378 2604
6606 5378 2604
6606 5378 2604
6606 5378 2604
7519 7866 2605
7519 7866 2605
7519 7866 2605
7519 7866 2605
7519 7866 2605
7519 7866 2605
7519 7866 2605
7519 7866 2605
7519 7866 2605
7519 7866 2605
7519 7866 2605
7519 7866 2605
7675 6572 2605
7675 6572 2605
7675 6572 2605
7675 6572 2605
7675 6572 2605
7675 6572 2605
7675 6572 2605
7675 6572 2605
7675 6572 2605
7675 6572 2605
7675 6572 2605
7675 6572 2605
8682 6560 2605
8682 6560 2605
8682 6560 2605
8682 6560 2605
8682 6560 2605
8682 6560 2605
8682 6560 2605
8682 6560 2605
8682 6560 2605
8682 6560 2605
8682 6560 2605
8682 6560 2605
8682 6560 2605
5360 8449 2605
5360 8449 2605
5360 8449 2605
5360 8449 2605
5360 8449 2605
5360 8449 2605
5360 8449 2605
5360 8449 2605
5360 8449 2605
5360 8449 2605
5360 8449 2605
5360 8449 2605
6509 6596 2605
6509 6596 2605
6509 6596 2605
6509 6596 2605
6509 6596 2605
6509 6596 2605
6509 6596 2605
6509 6596 2605
6509 6596 2605
6509 6596 2605
6509 6596 2605
6509 6596 2605
6509 6596 2605
6592 8455 2605
6592 8455 2605
6592 8455 2605
6592 8455 2605
6592 8455 2605
6592 8455 2605
6592 8455 2605
6592 8455 2605
6592 8455 2605
6592 8455 2605
6592 8455 2605
6592 8455 2605
6593 8465 2605
6593 8465 2605
6593 8465 2605
6593 8465 2605
6593 8465 2605
6593 8465 2605
6593 8465 2605
6593 8465 2605
6593 8465 2605
6593 8465 2605
6593 8465 2605
6593 8465 2605
5425 5996 2606
5425 5996 2606
5425 5996 2606
5425 5996 2606
5425 5996 2606
5425 5996 2606
5425 5996 2606
5425 5996 2606
5425 5996 2606
5425 5996 2606
5425 5996 2606
5425 5996 2606
5425 5996 2606
8432 6565 2606
8432 6565 2606
8432 6565 2606
8432 6565 2606
8432 6565 2606
8432 6565 2606
8432 6565 2606
8432 6565 2606
8432 6565 2606
8432 6565 2606
8432 6565 2606
8432 6565 2606
5447 5344 2606
5447 5344 2606
5447 5344 2606
5447 5344 2606
5447 5344 2606
5447 5344 2606
5447 5344 2606
5447 5344 2606
5447 5344 2606
5447 5344 2606
5447 5344 2606
5447 5344 2606
7633 7731 2606
7633 7731 2606
7633 7731 2606
7633 7731 2606
7633 7731 2606
7633 7731 2606
7633 7731 2606
7633 7731 2606
7633 7731 2606
7633 7731 2606
7633 7731 2606
7633 7731 2606
7742 7967 2607
7742 7967 2607
7742 7967 2607
7742 7967 2607
7742 7967 2607
7742 7967 2607
7742 7967 2607
7742 7967 2607
7742 7967 2607
7742 7967 2607
7742 7967 2607
7742 7967 2607
7718 7746 2607
7718 7746 2607
7718 7746 2607
7718 7746 2607
7718 7746 2607
7718 7746 2607
7718 7746 2607
7718 7746 2607
7718 7746 2607
7718 7746 2607
7718 7746 2607
7718 7746 2607
7788 7819 2607
7788 7819 2607
7788 7819 2607
7788 7819 2607
7788 7819 2607
7788 7819 2607
7788 7819 2607
7788 7819 2607
7788 7819 2607
7788 7819 2607
7788 7819 2607
7788 7819 2607
6604 6509 2607
6604 6509 2607
6604 6509 2607
6604 6509 2607
6604 6509 2607
6604 6509 2607
6604 6509 2607
6604 6509 2607
6604 6509 2607
6604 6509 2607
6604 6509 2607
6604 6509 2607
6450 7634 2608
6450 7634 2608
6450 7634 2608
6450 7634 2608
6450 7634 2608
6450 7634 2608
6450 7634 2608
6450 7634 2608
6450 7634 2608
6450 7634 2608
6450 7634 2608
6450 7634 2608
6450 7634 2608
7904 8371 2608
7904 8371 2608
7904 8371 2608
7904 8371 2608
7904 8371 2608
7904 8371 2608
7904 8371 2608
7904 8371 2608
7904 8371 2608
7904 8371 2608
7904 8371 2608
7904 8371 2608
8444 7707 2608
8444 7707 2608
8444 7707 2608
8444 7707 2608
8444 7707 2608
8444 7707 2608
8444 7707 2608
8444 7707 2608
8444 7707 2608
8444 7707 2608
8444 7707 2608
8444 7707 2608
6011 5310 2608
6011 5310 2608
6011 5310 2608
6011 5310 2608
6011 5310 2608
6011 5310 2608
6011 5310 2608
6011 5310 2608
6011 5310 2608
6011 5310 2608
6011 5310 2608
6011 5310 2608
6011 5310 2608
8455 7704 2608
8455 7704 2608
8455 7704 2608
8455 7704 2608
8455 7704 2608
8455 7704 2608
8455 7704 2608
8455 7704 2608
8455 7704 2608
8455 7704 2608
8455 7704 2608
8455 7704 2608
6568 6357 2608
6568 6357 2608
6568 6357 2608
6568 6357 2608
6568 6357 2608
6568 6357 2608
6568 6357 2608
6568 6357 2608
6568 6357 2608
6568 6357 2608
6568 6357 2608
6568 6357 2608
6380 5258 2608
6380 5258 2608
6380 5258 2608
6380 5258 2608
6380 5258 2608
6380 5258 2608
6380 5258 2608
6380 5258 2608
6380 5258 2608
6380 5258 2608
6380 5258 2608
6380 5258 2608
6380 5258 2608
7783 7917 2608
7783 7917 2608
7783 7917 2608
7783 7917 2608
7783 7917 2608
7783 7917 2608
7783 7917 2608
7783 7917 2608
7783 7917 2608
7783 7917 2608
7783 7917 2608
7783 7917 2608
8466 5259 2609
8466 5259 2609
8466 5259 2609
8466 5259 2609
8466 5259 2609
8466 5259 2609
8466 5259 2609
8466 5259 2609
8466 5259 2609
8466 5259 2609
8466 5259 2609
8466 5259 2609
8466 5259 2609
8476 7698 2609
8476 7698 2609
8476 7698 2609
8476 7698 2609
8476 7698 2609
8476 7698 2609
8476 7698 2609
8476 7698 2609
8476 7698 2609
8476 7698 2609
8476 7698 2609
8476 7698 2609
7916 7845 2609
7916 7845 2609
7916 7845 2609
7916 7845 2609
7916 7845 2609
7916 7845 2609
7916 7845 2609
7916 7845 2609
7916 7845 2609
7916 7845 2609
7916 7845 2609
7916 7845 2609
7916 7845 2609
8669 5256 2609
8669 5256 2609
8669 5256 2609
8669 5256 2609
8669 5256 2609
8669 5256 2609
8669 5256 2609
8669 5256 2609
8669 5256 2609
8669 5256 2609
8669 5256 2609
8669 5256 2609
7739 7803 2610
7739 7803 2610
7739 7803 2610
7739 7803 2610
7739 7803 2610
7739 7803 2610
7739 7803 2610
7739 7803 2610
7739 7803 2610
7739 7803 2610
7739 7803 2610
7739 7803 2610
7739 7803 2610
6530 6397 2610
6530 6397 2610
6530 6397 2610
6530 6397 2610
6530 6397 2610
6530 6397 2610
6530 6397 2610
6530 6397 2610
6530 6397 2610
6530 6397 2610
6530 6397 2610
6530 6397 2610
5401 8453 2611
5401 8453 2611
5401 8453 2611
5401 8453 2611
5401 8453 2611
5401 8453 2611
5401 8453 2611
5401 8453 2611
5401 8453 2611
5401 8453 2611
5401 8453 2611
5401 8453 2611
5401 8453 2611
6564 6343 2611
6564 6343 2611
6564 6343 2611
6564 6343 2611
6564 6343 2611
6564 6343 2611
6564 6343 2611
6564 6343 2611
6564 6343 2611
6564 6343 2611
6564 6343 2611
6564 6343 2611
7746 7976 2611
7746 7976 2611
7746 7976 2611
7746 7976 2611
7746 7976 2611
7746 7976 2611
7746 7976 2611
7746 7976 2611
7746 7976 2611
7746 7976 2611
7746 7976 2611
7746 7976 2611
6556 8437 2611
6556 8437 2611
6556 8437 2611
6556 8437 2611
6556 8437 2611
6556 8437 2611
6556 8437 2611
6556 8437 2611
6556 8437 2611
6556 8437 2611
6556 8437 2611
6556 8437 2611
6556 8437 2611
7807 7684 2612
7807 7684 2612
7807 7684 2612
7807 7684 2612
7807 7684 2612
7807 7684 2612
7807 7684 2612
7807 7684 2612
7807 7684 2612
7807 7684 2612
7807 7684 2612
7807 7684 2612
6544 6406 2613
6544 6406 2613
6544 6406 2613
6544 6406 2613
6544 6406 2613
6544 6406 2613
6544 6406 2613
6544 6406 2613
6544 6406 2613
6544 6406 2613
6544 6406 2613
6544 6406 2613
5358 6016 2613
5358 6016 2613
5358 6016 2613
5358 6016 2613
5358 6016 2613
5358 6016 2613
5358 6016 2613
5358 6016 2613
5358 6016 2613
5358 6016 2613
5358 6016 2613
5358 6016 2613
5261 5454 2613
5261 5454 2613
5261 5454 2613
5261 5454 2613
5261 5454 2613
5261 5454 2613
5261 5454 2613
5261 5454 2613
5261 5454 2613
5261 5454 2613
5261 5454 2613
5261 5454 2613
5261 5454 2613
7678 7731 2614
7678 7731 2614
7678 7731 2614
7678 7731 2614
7678 7731 2614
7678 7731 2614
7678 7731 2614
7678 7731 2614
7678 7731 2614
7678 7731 2614
7678 7731 2614
7678 7731 2614
7678 7731 2614
7730 7842 2615
7730 7842 2615
7730 7842 2615
7730 7842 2615
7730 7842 2615
7730 7842 2615
7730 7842 2615
7730 7842 2615
7730 7842 2615
7730 7842 2615
7730 7842 2615
7730 7842 2615
7730 7842 2615
6473 7454 2615
6473 7454 2615
6473 7454 2615
6473 7454 2615
6473 7454 2615
6473 7454 2615
6473 7454 2615
6473 7454 2615
6473 7454 2615
6473 7454 2615
6473 7454 2615
6473 7454 2615
8705 6307 2615
8705 6307 2615
8705 6307 2615
8705 6307 2615
8705 6307 2615
8705 6307 2615
8705 6307 2615
8705 6307 2615
8705 6307 2615
8705 6307 2615
8705 6307 2615
8705 6307 2615
8705 6307 2615
7737 7800 2616
7737 7800 2616
7737 7800 2616
7737 7800 2616
7737 7800 2616
7737 7800 2616
7737 7800 2616
7737 7800 2616
7737 7800 2616
7737 7800 2616
7737 7800 2616
7737 7800 2616
7737 7800 2616
5358 5415 2616
5358 5415 2616
5358 5415 2616
5358 5415 2616
5358 5415 2616
5358 5415 2616
5358 5415 2616
5358 5415 2616
5358 5415 2616
5358 5415 2616
5358 5415 2616
5358 5415 2616
6567 7685 2616
6567 7685 2616
6567 7685 2616
6567 7685 2616
6567 7685 2616
6567 7685 2616
6567 7685 2616
6567 7685 2616
6567 7685 2616
6567 7685 2616
6567 7685 2616
6567 7685 2616
6567 7685 2616
6491 7686 2616
6491 7686 2616
6491 7686 2616
6491 7686 2616
6491 7686 2616
6491 7686 2616
6491 7686 2616
6491 7686 2616
6491 7686 2616
6491 7686 2616
6491 7686 2616
6491 7686 2616
5388 7722 2617
5388 7722 2617
5388 7722 2617
5388 7722 2617
5388 7722 2617
5388 7722 2617
5388 7722 2617
5388 7722 2617
5388 7722 2617
5388 7722 2617
5388 7722 2617
5388 7722 2617
5388 7722 2617
7674 7633 2617
7674 7633 2617
7674 7633 2617
7674 7633 2617
7674 7633 2617
7674 7633 2617
7674 7633 2617
7674 7633 2617
7674 7633 2617
7674 7633 2617
7674 7633 2617
7674 7633 2617
5398 5309 2618
5398 5309 2618
5398 5309 2618
5398 5309 2618
5398 5309 2618
5398 5309 2618
5398 5309 2618
5398 5309 2618
5398 5309 2618
5398 5309 2618
5398 5309 2618
5398 5309 2618
5398 5309 2618
6088 5468 2618
6088 5468 2618
6088 5468 2618
6088 5468 2618
6088 5468 2618
6088 5468 2618
6088 5468 2618
6088 5468 2618
6088 5468 2618
6088 5468 2618
6088 5468 2618
6088 5468 2618
5459 5278 2618
5459 5278 2618
5459 5278 2618
5459 5278 2618
5459 5278 2618
5459 5278 2618
5459 5278 2618
5459 5278 2618
5459 5278 2618
5459 5278 2618
5459 5278 2618
5459 5278 2618
5243 6554 2618
5243 6554 2618
5243 6554 2618
5243 6554 2618
5243 6554 2618
5243 6554 2618
5243 6554 2618
5243 6554 2618
5243 6554 2618
5243 6554 2618
5243 6554 2618
5243 6554 2618
5278 8444 2618
5278 8444 2618
5278 8444 2618
5278 8444 2618
5278 8444 2618
5278 8444 2618
5278 8444 2618
5278 8444 2618
5278 8444 2618
5278 8444 2618
5278 8444 2618
5278 8444 2618
5278 8444 2618
7835 7939 2619
7835 7939 2619
7835 7939 2619
7835 7939 2619
7835 7939 2619
7835 7939 2619
7835 7939 2619
7835 7939 2619
7835 7939 2619
7835 7939 2619
7835 7939 2619
7835 7939 2619
7835 7939 2619
7807 8354 2619
7807 8354 2619
7807 8354 2619
7807 8354 2619
7807 8354 2619
7807 8354 2619
7807 8354 2619
7807 8354 2619
7807 8354 2619
7807 8354 2619
7807 8354 2619
7807 8354 2619
7807 8354 2619
6378 6460 2620
6378 6460 2620
6378 6460 2620
6378 6460 2620
6378 6460 2620
6378 6460 2620
6378 6460 2620
6378 6460 2620
6378 6460 2620
6378 6460 2620
6378 6460 2620
6378 6460 2620
6552 6537 2620
6552 6537 2620
6552 6537 2620
6552 6537 2620
6552 6537 2620
6552 6537 2620
6552 6537 2620
6552 6537 2620
6552 6537 2620
6552 6537 2620
6552 6537 2620
6552 6537 2620
8704 8438 2620
8704 8438 2620
8704 8438 2620
8704 8438 2620
8704 8438 2620
8704 8438 2620
8704 8438 2620
8704 8438 2620
8704 8438 2620
8704 8438 2620
8704 8438 2620
8704 8438 2620
5472 5425 2620
5472 5425 2620
5472 5425 2620
5472 5425 2620
5472 5425 2620
5472 5425 2620
5472 5425 2620
5472 5425 2620
5472 5425 2620
5472 5425 2620
5472 5425 2620
5472 5425 2620
5472 5425 2620
5385 7712 2620
5385 7712 2620
5385 7712 2620
5385 7712 2620
5385 7712 2620
5385 7712 2620
5385 7712 2620
5385 7712 2620
5385 7712 2620
5385 7712 2620
5385 7712 2620
5385 7712 2620
5414 6551 2621
5414 6551 2621
5414 6551 2621
5414 6551 2621
5414 6551 2621
5414 6551 2621
5414 6551 2621
5414 6551 2621
5414 6551 2621
5414 6551 2621
5414 6551 2621
5414 6551 2621
5414 6551 2621
5256 9158 2621
5256 9158 2621
5256 9158 2621
5256 9158 2621
5256 9158 2621
5256 9158 2621
5256 9158 2621
5256 9158 2621
5256 9158 2621
5256 9158 2621
5256 9158 2621
5256 9158 2621
5256 9158 2621
7859 7656 2621
7859 7656 2621
7859 7656 2621
7859 7656 2621
7859 7656 2621
7859 7656 2621
7859 7656 2621
7859 7656 2621
7859 7656 2621
7859 7656 2621
7859 7656 2621
7859 7656 2621
7859 7656 2621
6013 5575 2622
6013 5575 2622
6013 5575 2622
6013 5575 2622
6013 5575 2622
6013 5575 2622
6013 5575 2622
6013 5575 2622
6013 5575 2622
6013 5575 2622
6013 5575 2622
6013 5575 2622
7749 6608 2622
7749 6608 2622
7749 6608 2622
7749 6608 2622
7749 6608 2622
7749 6608 2622
7749 6608 2622
7749 6608 2622
7749 6608 2622
7749 6608 2622
7749 6608 2622
7749 6608 2622
7749 6608 2622
5410 6543 2622
5410 6543 2622
5410 6543 2622
5410 6543 2622
5410 6543 2622
5410 6543 2622
5410 6543 2622
5410 6543 2622
5410 6543 2622
5410 6543 2622
5410 6543 2622
5410 6543 2622
5355 6590 2622
5355 6590 2622
5355 6590 2622
5355 6590 2622
5355 6590 2622
5355 6590 2622
5355 6590 2622
5355 6590 2622
5355 6590 2622
5355 6590 2622
5355 6590 2622
5355 6590 2622
5358 5275 2623
5358 5275 2623
5358 5275 2623
5358 5275 2623
5358 5275 2623
5358 5275 2623
5358 5275 2623
5358 5275 2623
5358 5275 2623
5358 5275 2623
5358 5275 2623
5358 5275 2623
5358 5275 2623
6604 5417 2624
6604 5417 2624
6604 5417 2624
6604 5417 2624
6604 5417 2624
6604 5417 2624
6604 5417 2624
6604 5417 2624
6604 5417 2624
6604 5417 2624
6604 5417 2624
6604 5417 2624
6604 5417 2624
5273 9205 2625
5273 9205 2625
5273 9205 2625
5273 9205 2625
5273 9205 2625
5273 9205 2625
5273 9205 2625
5273 9205 2625
5273 9205 2625
5273 9205 2625
5273 9205 2625
5273 9205 2625
5259 6607 2625
5259 6607 2625
5259 6607 2625
5259 6607 2625
5259 6607 2625
5259 6607 2625
5259 6607 2625
5259 6607 2625
5259 6607 2625
5259 6607 2625
5259 6607 2625
5259 6607 2625
6505 6494 2625
6505 6494 2625
6505 6494 2625
6505 6494 2625
6505 6494 2625
6505 6494 2625
6505 6494 2625
6505 6494 2625
6505 6494 2625
6505 6494 2625
6505 6494 2625
6505 6494 2625
7887 7907 2626
7887 7907 2626
7887 7907 2626
7887 7907 2626
7887 7907 2626
7887 7907 2626
7887 7907 2626
7887 7907 2626
7887 7907 2626
7887 7907 2626
7887 7907 2626
7887 7907 2626
7744 7768 2626
7744 7768 2626
7744 7768 2626
7744 7768 2626
7744 7768 2626
7744 7768 2626
7744 7768 2626
7744 7768 2626
7744 7768 2626
7744 7768 2626
7744 7768 2626
7744 7768 2626
7744 7768 2626
7976 7779 2627
7976 7779 2627
7976 7779 2627
7976 7779 2627
7976 7779 2627
7976 7779 2627
7976 7779 2627
7976 7779 2627
7976 7779 2627
7976 7779 2627
7976 7779 2627
7976 7779 2627
7976 7779 2627
6449 6382 2627
6449 6382 2627
6449 6382 2627
6449 6382 2627
6449 6382 2627
6449 6382 2627
6449 6382 2627
6449 6382 2627
6449 6382 2627
6449 6382 2627
6449 6382 2627
6449 6382 2627
8757 5309 2627
8757 5309 2627
8757 5309 2627
8757 5309 2627
8757 5309 2627
8757 5309 2627
8757 5309 2627
8757 5309 2627
8757 5309 2627
8757 5309 2627
8757 5309 2627
8757 5309 2627
8455 8437 2627
8455 8437 2627
8455 8437 2627
8455 8437 2627
8455 8437 2627
8455 8437 2627
8455 8437 2627
8455 8437 2627
8455 8437 2627
8455 8437 2627
8455 8437 2627
8455 8437 2627
8455 8437 2627
5494 9224 2627
5494 9224 2627
5494 9224 2627
5494 9224 2627
5494 9224 2627
5494 9224 2627
5494 9224 2627
5494 9224 2627
5494 9224 2627
5494 9224 2627
5494 9224 2627
5494 9224 2627
5494 9224 2627
8432 6585 2627
8432 6585 2627
8432 6585 2627
8432 6585 2627
8432 6585 2627
8432 6585 2627
8432 6585 2627
8432 6585 2627
8432 6585 2627
8432 6585 2627
8432 6585 2627
8432 6585 2627
8432 6585 2627
7744 7675 2627
7744 7675 2627
7744 7675 2627
7744 7675 2627
7744 7675 2627
7744 7675 2627
7744 7675 2627
7744 7675 2627
7744 7675 2627
7744 7675 2627
7744 7675 2627
7744 7675 2627
7744 7675 2627
7704 7938 2627
7704 7938 2627
7704 7938 2627
7704 7938 2627
7704 7938 2627
7704 7938 2627
7704 7938 2627
7704 7938 2627
7704 7938 2627
7704 7938 2627
7704 7938 2627
7704 7938 2627
7704 7938 2627
8757 9257 2628
8757 9257 2628
8757 9257 2628
8757 9257 2628
8757 9257 2628
8757 9257 2628
8757 9257 2628
8757 9257 2628
8757 9257 2628
8757 9257 2628
8757 9257 2628
8757 9257 2628
6537 8677 2628
6537 8677 2628
6537 8677 2628
6537 8677 2628
6537 8677 2628
6537 8677 2628
6537 8677 2628
6537 8677 2628
6537 8677 2628
6537 8677 2628
6537 8677 2628
6537 8677 2628
6537 8677 2628
8706 8669 2628
8706 8669 2628
8706 8669 2628
8706 8669 2628
8706 8669 2628
8706 8669 2628
8706 8669 2628
8706 8669 2628
8706 8669 2628
8706 8669 2628
8706 8669 2628
8706 8669 2628
6547 6572 2628
6547 6572 2628
6547 6572 2628
6547 6572 2628
6547 6572 2628
6547 6572 2628
6547 6572 2628
6547 6572 2628
6547 6572 2628
6547 6572 2628
6547 6572 2628
6547 6572 2628
6547 6572 2628
8454 5359 2628
8454 5359 2628
8454 5359 2628
8454 5359 2628
8454 5359 2628
8454 5359 2628
8454 5359 2628
8454 5359 2628
8454 5359 2628
8454 5359 2628
8454 5359 2628
8454 5359 2628
6595 7740 2629
6595 7740 2629
6595 7740 2629
6595 7740 2629
6595 7740 2629
6595 7740 2629
6595 7740 2629
6595 7740 2629
6595 7740 2629
6595 7740 2629
6595 7740 2629
6595 7740 2629
6595 7740 2629
8447 5266 2629
8447 5266 2629
8447 5266 2629
8447 5266 2629
8447 5266 2629
8447 5266 2629
8447 5266 2629
8447 5266 2629
8447 5266 2629
8447 5266 2629
8447 5266 2629
8447 5266 2629
5264 5390 2630
5264 5390 2630
5264 5390 2630
5264 5390 2630
5264 5390 2630
5264 5390 2630
5264 5390 2630
5264 5390 2630
5264 5390 2630
5264 5390 2630
5264 5390 2630
5264 5390 2630
5264 5390 2630
5404 5434 2630
5404 5434 2630
5404 5434 2630
5404 5434 2630
5404 5434 2630
5404 5434 2630
5404 5434 2630
5404 5434 2630
5404 5434 2630
5404 5434 2630
5404 5434 2630
5404 5434 2630
6521 7700 2631
6521 7700 2631
6521 7700 2631
6521 7700 2631
6521 7700 2631
6521 7700 2631
6521 7700 2631
6521 7700 2631
6521 7700 2631
6521 7700 2631
6521 7700 2631
6521 7700 2631
6521 7700 2631
7709 7690 2631
7709 7690 2631
7709 7690 2631
7709 7690 2631
7709 7690 2631
7709 7690 2631
7709 7690 2631
7709 7690 2631
7709 7690 2631
7709 7690 2631
7709 7690 2631
7709 7690 2631
6006 8462 2631
6006 8462 2631
6006 8462 2631
6006 8462 2631
6006 8462 2631
6006 8462 2631
6006 8462 2631
6006 8462 2631
6006 8462 2631
6006 8462 2631
6006 8462 2631
6006 8462 2631
6006 8462 2631
5263 8431 2631
5263 8431 2631
5263 8431 2631
5263 8431 2631
5263 8431 2631
5263 8431 2631
5263 8431 2631
5263 8431 2631
5263 8431 2631
5263 8431 2631
5263 8431 2631
5263 8431 2631
7479 7499 2632
7479 7499 2632
7479 7499 2632
7479 7499 2632
7479 7499 2632
7479 7499 2632
7479 7499 2632
7479 7499 2632
7479 7499 2632
7479 7499 2632
7479 7499 2632
7479 7499 2632
8449 6536 2633
8449 6536 2633
8449 6536 2633
8449 6536 2633
8449 6536 2633
8449 6536 2633
8449 6536 2633
8449 6536 2633
8449 6536 2633
8449 6536 2633
8449 6536 2633
8449 6536 2633
5994 5391 2633
5994 5391 2633
5994 5391 2633
5994 5391 2633
5994 5391 2633
5994 5391 2633
5994 5391 2633
5994 5391 2633
5994 5391 2633
5994 5391 2633
5994 5391 2633
5994 5391 2633
5994 5391 2633
6505 7676 2633
6505 7676 2633
6505 7676 2633
6505 7676 2633
6505 7676 2633
6505 7676 2633
6505 7676 2633
6505 7676 2633
6505 7676 2633
6505 7676 2633
6505 7676 2633
6505 7676 2633
7754 6587 2633
7754 6587 2633
7754 6587 2633
7754 6587 2633
7754 6587 2633
7754 6587 2633
7754 6587 2633
7754 6587 2633
7754 6587 2633
7754 6587 2633
7754 6587 2633
7754 6587 2633
8445 7715 2634
8445 7715 2634
8445 7715 2634
8445 7715 2634
8445 7715 2634
8445 7715 2634
8445 7715 2634
8445 7715 2634
8445 7715 2634
8445 7715 2634
8445 7715 2634
8445 7715 2634
5992 5381 2634
5992 5381 2634
5992 5381 2634
5992 5381 2634
5992 5381 2634
5992 5381 2634
5992 5381 2634
5992 5381 2634
5992 5381 2634
5992 5381 2634
5992 5381 2634
5992 5381 2634
5992 5381 2634
5550 5425 2634
5550 5425 2634
5550 5425 2634
5550 5425 2634
5550 5425 2634
5550 5425 2634
5550 5425 2634
5550 5425 2634
5550 5425 2634
5550 5425 2634
5550 5425 2634
5550 5425 2634
5257 6606 2635
5257 6606 2635
5257 6606 2635
5257 6606 2635
5257 6606 2635
5257 6606 2635
5257 6606 2635
5257 6606 2635
5257 6606 2635
5257 6606 2635
5257 6606 2635
5257 6606 2635
7740 7712 2635
7740 7712 2635
7740 7712 2635
7740 7712 2635
7740 7712 2635
7740 7712 2635
7740 7712 2635
7740 7712 2635
7740 7712 2635
7740 7712 2635
7740 7712 2635
7740 7712 2635
7843 7700 2635
7843 7700 2635
7843 7700 2635
7843 7700 2635
7843 7700 2635
7843 7700 2635
7843 7700 2635
7843 7700 2635
7843 7700 2635
7843 7700 2635
7843 7700 2635
7843 7700 2635
7463 7665 2635
7463 7665 2635
7463 7665 2635
7463 7665 2635
7463 7665 2635
7463 7665 2635
7463 7665 2635
7463 7665 2635
7463 7665 2635
7463 7665 2635
7463 7665 2635
7463 7665 2635
8436 6558 2636
8436 6558 2636
8436 6558 2636
8436 6558 2636
8436 6558 2636
8436 6558 2636
8436 6558 2636
8436 6558 2636
8436 6558 2636
8436 6558 2636
8436 6558 2636
8436 6558 2636
6460 6576 2636
6460 6576 2636
6460 6576 2636
6460 6576 2636
6460 6576 2636
6460 6576 2636
6460 6576 2636
6460 6576 2636
6460 6576 2636
6460 6576 2636
6460 6576 2636
6460 6576 2636
7691 7916 2636
7691 7916 2636
7691 7916 2636
7691 7916 2636
7691 7916 2636
7691 7916 2636
7691 7916 2636
7691 7916 2636
7691 7916 2636
7691 7916 2636
7691 7916 2636
7691 7916 2636
5279 8784 2637
5279 8784 2637
5279 8784 2637
5279 8784 2637
5279 8784 2637
5279 8784 2637
5279 8784 2637
5279 8784 2637
5279 8784 2637
5279 8784 2637
5279 8784 2637
5279 8784 2637
5279 8784 2637
5369 8437 2637
5369 8437 2637
5369 8437 2637
5369 8437 2637
5369 8437 2637
5369 8437 2637
5369 8437 2637
5369 8437 2637
5369 8437 2637
5369 8437 2637
5369 8437 2637
5369 8437 2637
5369 8437 2637
5466 8782 2638
5466 8782 2638
5466 8782 2638
5466 8782 2638
5466 8782 2638
5466 8782 2638
5466 8782 2638
5466 8782 2638
5466 8782 2638
5466 8782 2638
5466 8782 2638
5466 8782 2638
7771 5365 2638
7771 5365 2638
7771 5365 2638
7771 5365 2638
7771 5365 2638
7771 5365 2638
7771 5365 2638
7771 5365 2638
7771 5365 2638
7771 5365 2638
7771 5365 2638
7771 5365 2638
7733 7681 2638
7733 7681 2638
7733 7681 2638
7733 7681 2638
7733 7681 2638
7733 7681 2638
7733 7681 2638
7733 7681 2638
7733 7681 2638
7733 7681 2638
7733 7681 2638
7733 7681 2638
7733 7681 2638
6608 5988 2638
6608 5988 2638
6608 5988 2638
6608 5988 2638
6608 5988 2638
6608 5988 2638
6608 5988 2638
6608 5988 2638
6608 5988 2638
6608 5988 2638
6608 5988 2638
6608 5988 2638
6585 6576 2638
6585 6576 2638
6585 6576 2638
6585 6576 2638
6585 6576 2638
6585 6576 2638
6585 6576 2638
6585 6576 2638
6585 6576 2638
6585 6576 2638
6585 6576 2638
6585 6576 2638
6585 6576 2638
6583 6379 2639
6583 6379 2639
6583 6379 2639
6583 6379 2639
6583 6379 2639
6583 6379 2639
6583 6379 2639
6583 6379 2639
6583 6379 2639
6583 6379 2639
6583 6379 2639
6583 6379 2639
6583 6379 2639
5358 5377 2639
5358 5377 2639
5358 5377 2639
5358 5377 2639
5358 5377 2639
5358 5377 2639
5358 5377 2639
5358 5377 2639
5358 5377 2639
5358 5377 2639
5358 5377 2639
5358 5377 2639
7859 7866 2639
7859 7866 2639
7859 7866 2639
7859 7866 2639
7859 7866 2639
7859 7866 2639
7859 7866 2639
7859 7866 2639
7859 7866 2639
7859 7866 2639
7859 7866 2639
7859 7866 2639
7859 7866 2639
7895 7978 2639
7895 7978 2639
7895 7978 2639
7895 7978 2639
7895 7978 2639
7895 7978 2639
7895 7978 2639
7895 7978 2639
7895 7978 2639
7895 7978 2639
7895 7978 2639
7895 7978 2639
7923 7885 2639
7923 7885 2639
7923 7885 2639
7923 7885 2639
7923 7885 2639
7923 7885 2639
7923 7885 2639
7923 7885 2639
7923 7885 2639
7923 7885 2639
7923 7885 2639
7923 7885 2639
5281 6560 2639
5281 6560 2639
5281 6560 2639
5281 6560 2639
5281 6560 2639
5281 6560 2639
5281 6560 2639
5281 6560 2639
5281 6560 2639
5281 6560 2639
5281 6560 2639
5281 6560 2639
5281 6560 2639
8450 6022 2640
8450 6022 2640
8450 6022 2640
8450 6022 2640
8450 6022 2640
8450 6022 2640
8450 6022 2640
8450 6022 2640
8450 6022 2640
8450 6022 2640
8450 6022 2640
8450 6022 2640
8450 6022 2640
6542 6606 2640
6542 6606 2640
6542 6606 2640
6542 6606 2640
6542 6606 2640
6542 6606 2640
6542 6606 2640
6542 6606 2640
6542 6606 2640
6542 6606 2640
6542 6606 2640
6542 6606 2640
5391 8769 2640
5391 8769 2640
5391 8769 2640
5391 8769 2640
5391 8769 2640
5391 8769 2640
5391 8769 2640
5391 8769 2640
5391 8769 2640
5391 8769 2640
5391 8769 2640
5391 8769 2640
5391 8769 2640
5425 5388 2640
5425 5388 2640
5425 5388 2640
5425 5388 2640
5425 5388 2640
5425 5388 2640
5425 5388 2640
5425 5388 2640
5425 5388 2640
5425 5388 2640
5425 5388 2640
5425 5388 2640
5425 5388 2640
7796 7928 2640
7796 7928 2640
7796 7928 2640
7796 7928 2640
7796 7928 2640
7796 7928 2640
7796 7928 2640
7796 7928 2640
7796 7928 2640
7796 7928 2640
7796 7928 2640
7796 7928 2640
7796 7928 2640
7929 7697 2641
7929 7697 2641
7929 7697 2641
7929 7697 2641
7929 7697 2641
7929 7697 2641
7929 7697 2641
7929 7697 2641
7929 7697 2641
7929 7697 2641
7929 7697 2641
7929 7697 2641
7929 7697 2641
5367 8451 2641
5367 8451 2641
5367 8451 2641
5367 8451 2641
5367 8451 2641
5367 8451 2641
5367 8451 2641
5367 8451 2641
5367 8451 2641
5367 8451 2641
5367 8451 2641
5367 8451 2641
7452 7664 2641
7452 7664 2641
7452 7664 2641
7452 7664 2641
7452 7664 2641
7452 7664 2641
7452 7664 2641
7452 7664 2641
7452 7664 2641
7452 7664 2641
7452 7664 2641
7452 7664 2641
7703 7923 2642
7703 7923 2642
7703 7923 2642
7703 7923 2642
7703 7923 2642
7703 7923 2642
7703 7923 2642
7703 7923 2642
7703 7923 2642
7703 7923 2642
7703 7923 2642
7703 7923 2642
7700 7668 2642
7700 7668 2642
7700 7668 2642
7700 7668 2642
7700 7668 2642
7700 7668 2642
7700 7668 2642
7700 7668 2642
7700 7668 2642
7700 7668 2642
7700 7668 2642
7700 7668 2642
7700 7668 2642
7816 7658 2642
7816 7658 2642
7816 7658 2642
7816 7658 2642
7816 7658 2642
7816 7658 2642
7816 7658 2642
7816 7658 2642
7816 7658 2642
7816 7658 2642
7816 7658 2642
7816 7658 2642
7816 7658 2642
5301 5254 2642
5301 5254 2642
5301 5254 2642
5301 5254 2642
5301 5254 2642
5301 5254 2642
5301 5254 2642
5301 5254 2642
5301 5254 2642
5301 5254 2642
5301 5254 2642
5301 5254 2642
5478 5318 2642
5478 5318 2642
5478 5318 2642
5478 5318 2642
5478 5318 2642
5478 5318 2642
5478 5318 2642
5478 5318 2642
5478 5318 2642
5478 5318 2642
5478 5318 2642
5478 5318 2642
5478 5318 2642
8443 6532 2642
8443 6532 2642
8443 6532 2642
8443 6532 2642
8443 6532 2642
8443 6532 2642
8443 6532 2642
8443 6532 2642
8443 6532 2642
8443 6532 2642
8443 6532 2642
8443 6532 2642
8443 6532 2642
7919 7737 2643
7919 7737 2643
7919 7737 2643
7919 7737 2643
7919 7737 2643
7919 7737 2643
7919 7737 2643
7919 7737 2643
7919 7737 2643
7919 7737 2643
7919 7737 2643
7919 7737 2643
7919 7737 2643
7708 6544 2643
7708 6544 2643
7708 6544 2643
7708 6544 2643
7708 6544 2643
7708 6544 2643
7708 6544 2643
7708 6544 2643
7708 6544 2643
7708 6544 2643
7708 6544 2643
7708 6544 2643
7708 6544 2643
8797 8668 2643
8797 8668 2643
8797 8668 2643
8797 8668 2643
8797 8668 2643
8797 8668 2643
8797 8668 2643
8797 8668 2643
8797 8668 2643
8797 8668 2643
8797 8668 2643
8797 8668 2643
6432 6300 2643
6432 6300 2643
6432 6300 2643
6432 6300 2643
6432 6300 2643
6432 6300 2643
6432 6300 2643
6432 6300 2643
6432 6300 2643
6432 6300 2643
6432 6300 2643
6432 6300 2643
6432 6300 2643
7814 7860 2643
7814 7860 2643
7814 7860 2643
7814 7860 2643
7814 7860 2643
7814 7860 2643
7814 7860 2643
7814 7860 2643
7814 7860 2643
7814 7860 2643
7814 7860 2643
7814 7860 2643
7814 7860 2643
5260 5386 2644
5260 5386 2644
5260 5386 2644
5260 5386 2644
5260 5386 2644
5260 5386 2644
5260 5386 2644
5260 5386 2644
5260 5386 2644
5260 5386 2644
5260 5386 2644
5260 5386 2644
7971 7807 2644
7971 7807 2644
7971 7807 2644
7971 7807 2644
7971 7807 2644
7971 7807 2644
7971 7807 2644
7971 7807 2644
7971 7807 2644
7971 7807 2644
7971 7807 2644
7971 7807 2644
7922 7727 2644
7922 7727 2644
7922 7727 2644
7922 7727 2644
7922 7727 2644
7922 7727 2644
7922 7727 2644
7922 7727 2644
7922 7727 2644
7922 7727 2644
7922 7727 2644
7922 7727 2644
7922 7727 2644
5262 5547 2645
5262 5547 2645
5262 5547 2645
5262 5547 2645
5262 5547 2645
5262 5547 2645
5262 5547 2645
5262 5547 2645
5262 5547 2645
5262 5547 2645
5262 5547 2645
5262 5547 2645
5262 5547 2645
5415 5990 2645
5415 5990 2645
5415 5990 2645
5415 5990 2645
5415 5990 2645
5415 5990 2645
5415 5990 2645
5415 5990 2645
5415 5990 2645
5415 5990 2645
5415 5990 2645
5415 5990 2645
6554 6595 2645
6554 6595 2645
6554 6595 2645
6554 6595 2645
6554 6595 2645
6554 6595 2645
6554 6595 2645
6554 6595 2645
6554 6595 2645
6554 6595 2645
6554 6595 2645
6554 6595 2645
8436 7725 2645
8436 7725 2645
8436 7725 2645
8436 7725 2645
8436 7725 2645
8436 7725 2645
8436 7725 2645
8436 7725 2645
8436 7725 2645
8436 7725 2645
8436 7725 2645
8436 7725 2645
7814 7661 2646
7814 7661 2646
7814 7661 2646
7814 7661 2646
7814 7661 2646
7814 7661 2646
7814 7661 2646
7814 7661 2646
7814 7661 2646
7814 7661 2646
7814 7661 2646
7814 7661 2646
7814 7661 2646
7820 5925 2646
7820 5925 2646
7820 5925 2646
7820 5925 2646
7820 5925 2646
7820 5925 2646
7820 5925 2646
7820 5925 2646
7820 5925 2646
7820 5925 2646
7820 5925 2646
7820 5925 2646
7820 5925 2646
5293 9152 2646
5293 9152 2646
5293 9152 2646
5293 9152 2646
5293 9152 2646
5293 9152 2646
5293 9152 2646
5293 9152 2646
5293 9152 2646
5293 9152 2646
5293 9152 2646
5293 9152 2646
7690 6515 2646
7690 6515 2646
7690 6515 2646
7690 6515 2646
7690 6515 2646
7690 6515 2646
7690 6515 2646
7690 6515 2646
7690 6515 2646
7690 6515 2646
7690 6515 2646
7690 6515 2646
5528 6011 2647
5528 6011 2647
5528 6011 2647
5528 6011 2647
5528 6011 2647
5528 6011 2647
5528 6011 2647
5528 6011 2647
5528 6011 2647
5528 6011 2647
5528 6011 2647
5528 6011 2647
8768 5269 2647
8768 5269 2647
8768 5269 2647
8768 5269 2647
8768 5269 2647
8768 5269 2647
8768 5269 2647
8768 5269 2647
8768 5269 2647
8768 5269 2647
8768 5269 2647
8768 5269 2647
8768 5269 2647
5393 8452 2648
5393 8452 2648
5393 8452 2648
5393 8452 2648
5393 8452 2648
5393 8452 2648
5393 8452 2648
5393 8452 2648
5393 8452 2648
5393 8452 2648
5393 8452 2648
5393 8452 2648
5393 8452 2648
7877 7908 2648
7877 7908 2648
7877 7908 2648
7877 7908 2648
7877 7908 2648
7877 7908 2648
7877 7908 2648
7877 7908 2648
7877 7908 2648
7877 7908 2648
7877 7908 2648
7877 7908 2648
6323 6475 2649
6323 6475 2649
6323 6475 2649
6323 6475 2649
6323 6475 2649
6323 6475 2649
6323 6475 2649
6323 6475 2649
6323 6475 2649
6323 6475 2649
6323 6475 2649
6323 6475 2649
6323 6475 2649
8370 7886 2650
8370 7886 2650
8370 7886 2650
8370 7886 2650
8370 7886 2650
8370 7886 2650
8370 7886 2650
8370 7886 2650
8370 7886 2650
8370 7886 2650
8370 7886 2650
8370 7886 2650
9199 8761 2650
9199 8761 2650
9199 8761 2650
9199 8761 2650
9199 8761 2650
9199 8761 2650
9199 8761 2650
9199 8761 2650
9199 8761 2650
9199 8761 2650
9199 8761 2650
9199 8761 2650
9199 8761 2650
7780 7691 2650
7780 7691 2650
7780 7691 2650
7780 7691 2650
7780 7691 2650
7780 7691 2650
7780 7691 2650
7780 7691 2650
7780 7691 2650
7780 7691 2650
7780 7691 2650
7780 7691 2650
7780 7691 2650
5398 6009 2650
5398 6009 2650
5398 6009 2650
5398 6009 2650
5398 6009 2650
5398 6009 2650
5398 6009 2650
5398 6009 2650
5398 6009 2650
5398 6009 2650
5398 6009 2650
5398 6009 2650
5398 6009 2650
5305 5463 2651
5305 5463 2651
5305 5463 2651
5305 5463 2651
5305 5463 2651
5305 5463 2651
5305 5463 2651
5305 5463 2651
5305 5463 2651
5305 5463 2651
5305 5463 2651
5305 5463 2651
7714 6380 2651
7714 6380 2651
7714 6380 2651
7714 6380 2651
7714 6380 2651
7714 6380 2651
7714 6380 2651
7714 6380 2651
7714 6380 2651
7714 6380 2651
7714 6380 2651
7714 6380 2651
5487 5300 2651
5487 5300 2651
5487 5300 2651
5487 5300 2651
5487 5300 2651
5487 5300 2651
5487 5300 2651
5487 5300 2651
5487 5300 2651
5487 5300 2651
5487 5300 2651
5487 5300 2651
7837 7728 2652
7837 7728 2652
7837 7728 2652
7837 7728 2652
7837 7728 2652
7837 7728 2652
7837 7728 2652
7837 7728 2652
7837 7728 2652
7837 7728 2652
7837 7728 2652
7837 7728 2652
7837 7728 2652
8760 5368 2653
8760 5368 2653
8760 5368 2653
8760 5368 2653
8760 5368 2653
8760 5368 2653
8760 5368 2653
8760 5368 2653
8760 5368 2653
8760 5368 2653
8760 5368 2653
8760 5368 2653
6031 5414 2653
6031 5414 2653
6031 5414 2653
6031 5414 2653
6031 5414 2653
6031 5414 2653
6031 5414 2653
6031 5414 2653
6031 5414 2653
6031 5414 2653
6031 5414 2653
6031 5414 2653
6031 5414 2653
7941 7915 2653
7941 7915 2653
7941 7915 2653
7941 7915 2653
7941 7915 2653
7941 7915 2653
7941 7915 2653
7941 7915 2653
7941 7915 2653
7941 7915 2653
7941 7915 2653
7941 7915 2653
6043 5542 2654
6043 5542 2654
6043 5542 2654
6043 5542 2654
6043 5542 2654
6043 5542 2654
6043 5542 2654
6043 5542 2654
6043 5542 2654
6043 5542 2654
6043 5542 2654
6043 5542 2654
6043 5542 2654
7659 7519 2654
7659 7519 2654
7659 7519 2654
7659 7519 2654
7659 7519 2654
7659 7519 2654
7659 7519 2654
7659 7519 2654
7659 7519 2654
7659 7519 2654
7659 7519 2654
7659 7519 2654
6351 6460 2654
6351 6460 2654
6351 6460 2654
6351 6460 2654
6351 6460 2654
6351 6460 2654
6351 6460 2654
6351 6460 2654
6351 6460 2654
6351 6460 2654
6351 6460 2654
6351 6460 2654
6460 6320 2655
6460 6320 2655
6460 6320 2655
6460 6320 2655
6460 6320 2655
6460 6320 2655
6460 6320 2655
6460 6320 2655
6460 6320 2655
6460 6320 2655
6460 6320 2655
6460 6320 2655
6460 6320 2655
7665 7632 2656
7665 7632 2656
7665 7632 2656
7665 7632 2656
7665 7632 2656
7665 7632 2656
7665 7632 2656
7665 7632 2656
7665 7632 2656
7665 7632 2656
7665 7632 2656
7665 7632 2656
7852 7838 2657
7852 7838 2657
7852 7838 2657
7852 7838 2657
7852 7838 2657
7852 7838 2657
7852 7838 2657
7852 7838 2657
7852 7838 2657
7852 7838 2657
7852 7838 2657
7852 7838 2657
9608 9148 2657
9608 9148 2657
9608 9148 2657
9608 9148 2657
9608 9148 2657
9608 9148 2657
9608 9148 2657
9608 9148 2657
9608 9148 2657
9608 9148 2657
9608 9148 2657
9608 9148 2657
9608 9148 2657
5319 5346 2657
5319 5346 2657
5319 5346 2657
5319 5346 2657
5319 5346 2657
5319 5346 2657
5319 5346 2657
5319 5346 2657
5319 5346 2657
5319 5346 2657
5319 5346 2657
5319 5346 2657
5319 5346 2657
5315 5543 2658
5315 5543 2658
5315 5543 2658
5315 5543 2658
5315 5543 2658
5315 5543 2658
5315 5543 2658
5315 5543 2658
5315 5543 2658
5315 5543 2658
5315 5543 2658
5315 5543 2658
5315 5543 2658
7877 7843 2658
7877 7843 2658
7877 7843 2658
7877 7843 2658
7877 7843 2658
7877 7843 2658
7877 7843 2658
7877 7843 2658
7877 7843 2658
7877 7843 2658
7877 7843 2658
7877 7843 2658
7877 7843 2658
6542 7687 2658
6542 7687 2658
6542 7687 2658
6542 7687 2658
6542 7687 2658
6542 7687 2658
6542 7687 2658
6542 7687 2658
6542 7687 2658
6542 7687 2658
6542 7687 2658
6542 7687 2658
6542 7687 2658
7691 6544 2658
7691 6544 2658
7691 6544 2658
7691 6544 2658
7691 6544 2658
7691 6544 2658
7691 6544 2658
7691 6544 2658
7691 6544 2658
7691 6544 2658
7691 6544 2658
7691 6544 2658
7691 6544 2658
6383 8445 2659
6383 8445 2659
6383 8445 2659
6383 8445 2659
6383 8445 2659
6383 8445 2659
6383 8445 2659
6383 8445 2659
6383 8445 2659
6383 8445 2659
6383 8445 2659
6383 8445 2659
7773 8448 2659
7773 8448 2659
7773 8448 2659
7773 8448 2659
7773 8448 2659
7773 8448 2659
7773 8448 2659
7773 8448 2659
7773 8448 2659
7773 8448 2659
7773 8448 2659
7773 8448 2659
7835 7687 2660
7835 7687 2660
7835 7687 2660
7835 7687 2660
7835 7687 2660
7835 7687 2660
7835 7687 2660
7835 7687 2660
7835 7687 2660
7835 7687 2660
7835 7687 2660
7835 7687 2660
7697 6597 2660
7697 6597 2660
7697 6597 2660
7697 6597 2660
7697 6597 2660
7697 6597 2660
7697 6597 2660
7697 6597 2660
7697 6597 2660
7697 6597 2660
7697 6597 2660
7697 6597 2660
7697 6597 2660
7911 7763 2660
7911 7763 2660
7911 7763 2660
7911 7763 2660
7911 7763 2660
7911 7763 2660
7911 7763 2660
7911 7763 2660
7911 7763 2660
7911 7763 2660
7911 7763 2660
7911 7763 2660
7911 7763 2660
7796 7819 2660
7796 7819 2660
7796 7819 2660
7796 7819 2660
7796 7819 2660
7796 7819 2660
7796 7819 2660
7796 7819 2660
7796 7819 2660
7796 7819 2660
7796 7819 2660
7796 7819 2660
6578 6582 2660
6578 6582 2660
6578 6582 2660
6578 6582 2660
6578 6582 2660
6578 6582 2660
6578 6582 2660
6578 6582 2660
6578 6582 2660
6578 6582 2660
6578 6582 2660
6578 6582 2660
6578 6582 2660
7951 8449 2660
7951 8449 2660
7951 8449 2660
7951 8449 2660
7951 8449 2660
7951 8449 2660
7951 8449 2660
7951 8449 2660
7951 8449 2660
7951 8449 2660
7951 8449 2660
7951 8449 2660
7951 8449 2660
5298 5527 2661
5298 5527 2661
5298 5527 2661
5298 5527 2661
5298 5527 2661
5298 5527 2661
5298 5527 2661
5298 5527 2661
5298 5527 2661
5298 5527 2661
5298 5527 2661
5298 5527 2661
5298 5527 2661
8788 8755 2661
8788 8755 2661
8788 8755 2661
8788 8755 2661
8788 8755 2661
8788 8755 2661
8788 8755 2661
8788 8755 2661
8788 8755 2661
8788 8755 2661
8788 8755 2661
8788 8755 2661
6576 6564 2662
6576 6564 2662
6576 6564 2662
6576 6564 2662
6576 6564 2662
6576 6564 2662
6576 6564 2662
6576 6564 2662
6576 6564 2662
6576 6564 2662
6576 6564 2662
6576 6564 2662
6612 5411 2662
6612 5411 2662
6612 5411 2662
6612 5411 2662
6612 5411 2662
6612 5411 2662
6612 5411 2662
6612 5411 2662
6612 5411 2662
6612 5411 2662
6612 5411 2662
6612 5411 2662
6612 5411 2662
5359 5414 2662
5359 5414 2662
5359 5414 2662
5359 5414 2662
5359 5414 2662
5359 5414 2662
5359 5414 2662
5359 5414 2662
5359 5414 2662
5359 5414 2662
5359 5414 2662
5359 5414 2662
6546 5278 2662
6546 5278 2662
6546 5278 2662
6546 5278 2662
6546 5278 2662
6546 5278 2662
6546 5278 2662
6546 5278 2662
6546 5278 2662
6546 5278 2662
6546 5278 2662
6546 5278 2662
6546 5278 2662
5464 5547 2663
5464 5547 2663
5464 5547 2663
5464 5547 2663
5464 5547 2663
5464 5547 2663
5464 5547 2663
5464 5547 2663
5464 5547 2663
5464 5547 2663
5464 5547 2663
5464 5547 2663
7544 7455 2663
7544 7455 2663
7544 7455 2663
7544 7455 2663
7544 7455 2663
7544 7455 2663
7544 7455 2663
7544 7455 2663
7544 7455 2663
7544 7455 2663
7544 7455 2663
7544 7455 2663
7518 6328 2663
7518 6328 2663
7518 6328 2663
7518 6328 2663
7518 6328 2663
7518 6328 2663
7518 6328 2663
7518 6328 2663
7518 6328 2663
7518 6328 2663
7518 6328 2663
7518 6328 2663
7518 6328 2663
7702 6577 2664
7702 6577 2664
7702 6577 2664
7702 6577 2664
7702 6577 2664
7702 6577 2664
7702 6577 2664
7702 6577 2664
7702 6577 2664
7702 6577 2664
7702 6577 2664
7702 6577 2664
7919 7943 2664
7919 7943 2664
7919 7943 2664
7919 7943 2664
7919 7943 2664
7919 7943 2664
7919 7943 2664
7919 7943 2664
7919 7943 2664
7919 7943 2664
7919 7943 2664
7919 7943 2664
6452 6408 2664
6452 6408 2664
6452 6408 2664
6452 6408 2664
6452 6408 2664
6452 6408 2664
6452 6408 2664
6452 6408 2664
6452 6408 2664
6452 6408 2664
6452 6408 2664
6452 6408 2664
7743 7799 2664
7743 7799 2664
7743 7799 2664
7743 7799 2664
7743 7799 2664
7743 7799 2664
7743 7799 2664
7743 7799 2664
7743 7799 2664
7743 7799 2664
7743 7799 2664
7743 7799 2664
7743 7799 2664
6477 6465 2664
6477 6465 2664
6477 6465 2664
6477 6465 2664
6477 6465 2664
6477 6465 2664
6477 6465 2664
6477 6465 2664
6477 6465 2664
6477 6465 2664
6477 6465 2664
6477 6465 2664
7802 8355 2664
7802 8355 2664
7802 8355 2664
7802 8355 2664
7802 8355 2664
7802 8355 2664
7802 8355 2664
7802 8355 2664
7802 8355 2664
7802 8355 2664
7802 8355 2664
7802 8355 2664
6044 7722 2665
6044 7722 2665
6044 7722 2665
6044 7722 2665
6044 7722 2665
6044 7722 2665
6044 7722 2665
6044 7722 2665
6044 7722 2665
6044 7722 2665
6044 7722 2665
6044 7722 2665
8762 8774 2665
8762 8774 2665
8762 8774 2665
8762 8774 2665
8762 8774 2665
8762 8774 2665
8762 8774 2665
8762 8774 2665
8762 8774 2665
8762 8774 2665
8762 8774 2665
8762 8774 2665
8762 8774 2665
5392 5484 2665
5392 5484 2665
5392 5484 2665
5392 5484 2665
5392 5484 2665
5392 5484 2665
5392 5484 2665
5392 5484 2665
5392 5484 2665
5392 5484 2665
5392 5484 2665
5392 5484 2665
5392 5484 2665
5525 5715 2665
5525 5715 2665
5525 5715 2665
5525 5715 2665
5525 5715 2665
5525 5715 2665
5525 5715 2665
5525 5715 2665
5525 5715 2665
5525 5715 2665
5525 5715 2665
5525 5715 2665
7738 6515 2665
7738 6515 2665
7738 6515 2665
7738 6515 2665
7738 6515 2665
7738 6515 2665
7738 6515 2665
7738 6515 2665
7738 6515 2665
7738 6515 2665
7738 6515 2665
7738 6515 2665
8467 8435 2666
8467 8435 2666
8467 8435 2666
8467 8435 2666
8467 8435 2666
8467 8435 2666
8467 8435 2666
8467 8435 2666
8467 8435 2666
8467 8435 2666
8467 8435 2666
8467 8435 2666
9215 5502 2666
9215 5502 2666
9215 5502 2666
9215 5502 2666
9215 5502 2666
9215 5502 2666
9215 5502 2666
9215 5502 2666
9215 5502 2666
9215 5502 2666
9215 5502 2666
9215 5502 2666
7802 7923 2666
7802 7923 2666
7802 7923 2666
7802 7923 2666
7802 7923 2666
7802 7923 2666
7802 7923 2666
7802 7923 2666
7802 7923 2666
7802 7923 2666
7802 7923 2666
7802 7923 2666
7915 7881 2666
7915 7881 2666
7915 7881 2666
7915 7881 2666
7915 7881 2666
7915 7881 2666
7915 7881 2666
7915 7881 2666
7915 7881 2666
7915 7881 2666
7915 7881 2666
7915 7881 2666
5492 5526 2667
5492 5526 2667
5492 5526 2667
5492 5526 2667
5492 5526 2667
5492 5526 2667
5492 5526 2667
5492 5526 2667
5492 5526 2667
5492 5526 2667
5492 5526 2667
5492 5526 2667
5492 5526 2667
5355 6610 2667
5355 6610 2667
5355 6610 2667
5355 6610 2667
5355 6610 2667
5355 6610 2667
5355 6610 2667
5355 6610 2667
5355 6610 2667
5355 6610 2667
5355 6610 2667
5355 6610 2667
5424 8447 2667
5424 8447 2667
5424 8447 2667
5424 8447 2667
5424 8447 2667
5424 8447 2667
5424 8447 2667
5424 8447 2667
5424 8447 2667
5424 8447 2667
5424 8447 2667
5424 8447 2667
5285 5519 2667
5285 5519 2667
5285 5519 2667
5285 5519 2667
5285 5519 2667
5285 5519 2667
5285 5519 2667
5285 5519 2667
5285 5519 2667
5285 5519 2667
5285 5519 2667
5285 5519 2667
5285 5519 2667
8785 5280 2667
8785 5280 2667
8785 5280 2667
8785 5280 2667
8785 5280 2667
8785 5280 2667
8785 5280 2667
8785 5280 2667
8785 5280 2667
8785 5280 2667
8785 5280 2667
8785 5280 2667
8785 5280 2667
5417 6548 2668
5417 6548 2668
5417 6548 2668
5417 6548 2668
5417 6548 2668
5417 6548 2668
5417 6548 2668
5417 6548 2668
5417 6548 2668
5417 6548 2668
5417 6548 2668
5417 6548 2668
7760 7676 2668
7760 7676 2668
7760 7676 2668
7760 7676 2668
7760 7676 2668
7760 7676 2668
7760 7676 2668
7760 7676 2668
7760 7676 2668
7760 7676 2668
7760 7676 2668
7760 7676 2668
5432 5569 2668
5432 5569 2668
5432 5569 2668
5432 5569 2668
5432 5569 2668
5432 5569 2668
5432 5569 2668
5432 5569 2668
5432 5569 2668
5432 5569 2668
5432 5569 2668
5432 5569 2668
5432 5569 2668
6559 5353 2668
6559 5353 2668
6559 5353 2668
6559 5353 2668
6559 5353 2668
6559 5353 2668
6559 5353 2668
6559 5353 2668
6559 5353 2668
6559 5353 2668
6559 5353 2668
6559 5353 2668
5278 5422 2668
5278 5422 2668
5278 5422 2668
5278 5422 2668
5278 5422 2668
5278 5422 2668
5278 5422 2668
5278 5422 2668
5278 5422 2668
5278 5422 2668
5278 5422 2668
5278 5422 2668
7691 6506 2669
7691 6506 2669
7691 6506 2669
7691 6506 2669
7691 6506 2669
7691 6506 2669
7691 6506 2669
7691 6506 2669
7691 6506 2669
7691 6506 2669
7691 6506 2669
7691 6506 2669
7742 7976 2669
7742 7976 2669
7742 7976 2669
7742 7976 2669
7742 7976 2669
7742 7976 2669
7742 7976 2669
7742 7976 2669
7742 7976 2669
7742 7976 2669
7742 7976 2669
7742 7976 2669
7677 6582 2669
7677 6582 2669
7677 6582 2669
7677 6582 2669
7677 6582 2669
7677 6582 2669
7677 6582 2669
7677 6582 2669
7677 6582 2669
7677 6582 2669
7677 6582 2669
7677 6582 2669
7936 7686 2669
7936 7686 2669
7936 7686 2669
7936 7686 2669
7936 7686 2669
7936 7686 2669
7936 7686 2669
7936 7686 2669
7936 7686 2669
7936 7686 2669
7936 7686 2669
7936 7686 2669
7936 7686 2669
6507 6538 2669
6507 6538 2669
6507 6538 2669
6507 6538 2669
6507 6538 2669
6507 6538 2669
6507 6538 2669
6507 6538 2669
6507 6538 2669
6507 6538 2669
6507 6538 2669
6507 6538 2669
6507 6538 2669
7768 7753 2669
7768 7753 2669
7768 7753 2669
7768 7753 2669
7768 7753 2669
7768 7753 2669
7768 7753 2669
7768 7753 2669
7768 7753 2669
7768 7753 2669
7768 7753 2669
7768 7753 2669
7768 7753 2669
5282 5402 2669
5282 5402 2669
5282 5402 2669
5282 5402 2669
5282 5402 2669
5282 5402 2669
5282 5402 2669
5282 5402 2669
5282 5402 2669
5282 5402 2669
5282 5402 2669
5282 5402 2669
5282 5402 2669
7751 8466 2669
7751 8466 2669
7751 8466 2669
7751 8466 2669
7751 8466 2669
7751 8466 2669
7751 8466 2669
7751 8466 2669
7751 8466 2669
7751 8466 2669
7751 8466 2669
7751 8466 2669
7751 8466 2669
6044 5432 2670
6044 5432 2670
6044 5432 2670
6044 5432 2670
6044 5432 2670
6044 5432 2670
6044 5432 2670
6044 5432 2670
6044 5432 2670
6044 5432 2670
6044 5432 2670
6044 5432 2670
6044 5432 2670
5384 9532 2670
5384 9532 2670
5384 9532 2670
5384 9532 2670
5384 9532 2670
5384 9532 2670
5384 9532 2670
5384 9532 2670
5384 9532 2670
5384 9532 2670
5384 9532 2670
5384 9532 2670
5384 9532 2670
5477 5414 2670
5477 5414 2670
5477 5414 2670
5477 5414 2670
5477 5414 2670
5477 5414 2670
5477 5414 2670
5477 5414 2670
5477 5414 2670
5477 5414 2670
5477 5414 2670
5477 5414 2670
5477 5414 2670
7742 7727 2670
7742 7727 2670
7742 7727 2670
7742 7727 2670
7742 7727 2670
7742 7727 2670
7742 7727 2670
7742 7727 2670
7742 7727 2670
7742 7727 2670
7742 7727 2670
7742 7727 2670
7742 7727 2670
6487 7635 2670
6487 7635 2670
6487 7635 2670
6487 7635 2670
6487 7635 2670
6487 7635 2670
6487 7635 2670
6487 7635 2670
6487 7635 2670
6487 7635 2670
6487 7635 2670
6487 7635 2670
6487 7635 2670
8759 5254 2670
8759 5254 2670
8759 5254 2670
8759 5254 2670
8759 5254 2670
8759 5254 2670
8759 5254 2670
8759 5254 2670
8759 5254 2670
8759 5254 2670
8759 5254 2670
8759 5254 2670
7754 7881 2670
7754 7881 2670
7754 7881 2670
7754 7881 2670
7754 7881 2670
7754 7881 2670
7754 7881 2670
7754 7881 2670
7754 7881 2670
7754 7881 2670
7754 7881 2670
7754 7881 2670
5376 8768 2671
5376 8768 2671
5376 8768 2671
5376 8768 2671
5376 8768 2671
5376 8768 2671
5376 8768 2671
5376 8768 2671
5376 8768 2671
5376 8768 2671
5376 8768 2671
5376 8768 2671
7880 7737 2671
7880 7737 2671
7880 7737 2671
7880 7737 2671
7880 7737 2671
7880 7737 2671
7880 7737 2671
7880 7737 2671
7880 7737 2671
7880 7737 2671
7880 7737 2671
7880 7737 2671
7880 7737 2671
8710 9639 2671
8710 9639 2671
8710 9639 2671
8710 9639 2671
8710 9639 2671
8710 9639 2671
8710 9639 2671
8710 9639 2671
8710 9639 2671
8710 9639 2671
8710 9639 2671
8710 9639 2671
7911 7773 2672
7911 7773 2672
7911 7773 2672
7911 7773 2672
7911 7773 2672
7911 7773 2672
7911 7773 2672
7911 7773 2672
7911 7773 2672
7911 7773 2672
7911 7773 2672
7911 7773 2672
7911 7773 2672
7479 6461 2672
7479 6461 2672
7479 6461 2672
7479 6461 2672
7479 6461 2672
7479 6461 2672
7479 6461 2672
7479 6461 2672
7479 6461 2672
7479 6461 2672
7479 6461 2672
7479 6461 2672
7645 7804 2672
7645 7804 2672
7645 7804 2672
7645 7804 2672
7645 7804 2672
7645 7804 2672
7645 7804 2672
7645 7804 2672
7645 7804 2672
7645 7804 2672
7645 7804 2672
7645 7804 2672
8462 8436 2672
8462 8436 2672
8462 8436 2672
8462 8436 2672
8462 8436 2672
8462 8436 2672
8462 8436 2672
8462 8436 2672
8462 8436 2672
8462 8436 2672
8462 8436 2672
8462 8436 2672
5292 9148 2673
5292 9148 2673
5292 9148 2673
5292 9148 2673
5292 9148 2673
5292 9148 2673
5292 9148 2673
5292 9148 2673
5292 9148 2673
5292 9148 2673
5292 9148 2673
5292 9148 2673
5292 9148 2673
6513 9615 2673
6513 9615 2673
6513 9615 2673
6513 9615 2673
6513 9615 2673
6513 9615 2673
6513 9615 2673
6513 9615 2673
6513 9615 2673
6513 9615 2673
6513 9615 2673
6513 9615 2673
8458 7757 2673
8458 7757 2673
8458 7757 2673
8458 7757 2673
8458 7757 2673
8458 7757 2673
8458 7757 2673
8458 7757 2673
8458 7757 2673
8458 7757 2673
8458 7757 2673
8458 7757 2673
8458 7757 2673
7691 7769 2673
7691 7769 2673
7691 7769 2673
7691 7769 2673
7691 7769 2673
7691 7769 2673
7691 7769 2673
7691 7769 2673
7691 7769 2673
7691 7769 2673
7691 7769 2673
7691 7769 2673
6363 6576 2673
6363 6576 2673
6363 6576 2673
6363 6576 2673
6363 6576 2673
6363 6576 2673
6363 6576 2673
6363 6576 2673
6363 6576 2673
6363 6576 2673
6363 6576 2673
6363 6576 2673
6359 6542 2673
6359 6542 2673
6359 6542 2673
6359 6542 2673
6359 6542 2673
6359 6542 2673
6359 6542 2673
6359 6542 2673
6359 6542 2673
6359 6542 2673
6359 6542 2673
6359 6542 2673
6359 6542 2673
7775 7912 2673
7775 7912 2673
7775 7912 2673
7775 7912 2673
7775 7912 2673
7775 7912 2673
7775 7912 2673
7775 7912 2673
7775 7912 2673
7775 7912 2673
7775 7912 2673
7775 7912 2673
7775 7912 2673
5422 5307 2674
5422 5307 2674
5422 5307 2674
5422 5307 2674
5422 5307 2674
5422 5307 2674
5422 5307 2674
5422 5307 2674
5422 5307 2674
5422 5307 2674
5422 5307 2674
5422 5307 2674
5422 5307 2674
5291 5514 2674
5291 5514 2674
5291 5514 2674
5291 5514 2674
5291 5514 2674
5291 5514 2674
5291 5514 2674
5291 5514 2674
5291 5514 2674
5291 5514 2674
5291 5514 2674
5291 5514 2674
7742 7684 2674
7742 7684 2674
7742 7684 2674
7742 7684 2674
7742 7684 2674
7742 7684 2674
7742 7684 2674
7742 7684 2674
7742 7684 2674
7742 7684 2674
7742 7684 2674
7742 7684 2674
9719 5404 2674
9719 5404 2674
9719 5404 2674
9719 5404 2674
9719 5404 2674
9719 5404 2674
9719 5404 2674
9719 5404 2674
9719 5404 2674
9719 5404 2674
9719 5404 2674
9719 5404 2674
9719 5404 2674
5374 5507 2674
5374 5507 2674
5374 5507 2674
5374 5507 2674
5374 5507 2674
5374 5507 2674
5374 5507 2674
5374 5507 2674
5374 5507 2674
5374 5507 2674
5374 5507 2674
5374 5507 2674
7691 8470 2674
7691 8470 2674
7691 8470 2674
7691 8470 2674
7691 8470 2674
7691 8470 2674
7691 8470 2674
7691 8470 2674
7691 8470 2674
7691 8470 2674
7691 8470 2674
7691 8470 2674
7691 8470 2674
8749 5515 2674
8749 5515 2674
8749 5515 2674
8749 5515 2674
8749 5515 2674
8749 5515 2674
8749 5515 2674
8749 5515 2674
8749 5515 2674
8749 5515 2674
8749 5515 2674
8749 5515 2674
7688 7768 2674
7688 7768 2674
7688 7768 2674
7688 7768 2674
7688 7768 2674
7688 7768 2674
7688 7768 2674
7688 7768 2674
7688 7768 2674
7688 7768 2674
7688 7768 2674
7688 7768 2674
6611 6595 2674
6611 6595 2674
6611 6595 2674
6611 6595 2674
6611 6595 2674
6611 6595 2674
6611 6595 2674
6611 6595 2674
6611 6595 2674
6611 6595 2674
6611 6595 2674
6611 6595 2674
8797 8672 2674
8797 8672 2674
8797 8672 2674
8797 8672 2674
8797 8672 2674
8797 8672 2674
8797 8672 2674
8797 8672 2674
8797 8672 2674
8797 8672 2674
8797 8672 2674
8797 8672 2674
8797 8672 2674
5421 5486 2674
5421 5486 2674
5421 5486 2674
5421 5486 2674
5421 5486 2674
5421 5486 2674
5421 5486 2674
5421 5486 2674
5421 5486 2674
5421 5486 2674
5421 5486 2674
5421 5486 2674
5421 5486 2674
5437 6104 2675
5437 6104 2675
5437 6104 2675
5437 6104 2675
5437 6104 2675
5437 6104 2675
5437 6104 2675
5437 6104 2675
5437 6104 2675
5437 6104 2675
5437 6104 2675
5437 6104 2675
5989 5428 2675
5989 5428 2675
5989 5428 2675
5989 5428 2675
5989 5428 2675
5989 5428 2675
5989 5428 2675
5989 5428 2675
5989 5428 2675
5989 5428 2675
5989 5428 2675
5989 5428 2675
5989 5428 2675
7744 7780 2675
7744 7780 2675
7744 7780 2675
7744 7780 2675
7744 7780 2675
7744 7780 2675
7744 7780 2675
7744 7780 2675
7744 7780 2675
7744 7780 2675
7744 7780 2675
7744 7780 2675
7744 7780 2675
9146 5243 2675
9146 5243 2675
9146 5243 2675
9146 5243 2675
9146 5243 2675
9146 5243 2675
9146 5243 2675
9146 5243 2675
9146 5243 2675
9146 5243 2675
9146 5243 2675
9146 5243 2675
5412 6565 2675
5412 6565 2675
5412 6565 2675
5412 6565 2675
5412 6565 2675
5412 6565 2675
5412 6565 2675
5412 6565 2675
5412 6565 2675
5412 6565 2675
5412 6565 2675
5412 6565 2675
5412 6565 2675
5388 7720 2676
5388 7720 2676
5388 7720 2676
5388 7720 2676
5388 7720 2676
5388 7720 2676
5388 7720 2676
5388 7720 2676
5388 7720 2676
5388 7720 2676
5388 7720 2676
5388 7720 2676
5388 7720 2676
6602 5358 2676
6602 5358 2676
6602 5358 2676
6602 5358 2676
6602 5358 2676
6602 5358 2676
6602 5358 2676
6602 5358 2676
6602 5358 2676
6602 5358 2676
6602 5358 2676
6602 5358 2676
6542 6533 2677
6542 6533 2677
6542 6533 2677
6542 6533 2677
6542 6533 2677
6542 6533 2677
6542 6533 2677
6542 6533 2677
6542 6533 2677
6542 6533 2677
6542 6533 2677
6542 6533 2677
6542 6533 2677
5292 8768 2677
5292 8768 2677
5292 8768 2677
5292 8768 2677
5292 8768 2677
5292 8768 2677
5292 8768 2677
5292 8768 2677
5292 8768 2677
5292 8768 2677
5292 8768 2677
5292 8768 2677
5292 8768 2677
5254 5488 2677
5254 5488 2677
5254 5488 2677
5254 5488 2677
5254 5488 2677
5254 5488 2677
5254 5488 2677
5254 5488 2677
5254 5488 2677
5254 5488 2677
5254 5488 2677
5254 5488 2677
5254 5488 2677
8462 5430 2677
8462 5430 2677
8462 5430 2677
8462 5430 2677
8462 5430 2677
8462 5430 2677
8462 5430 2677
8462 5430 2677
8462 5430 2677
8462 5430 2677
8462 5430 2677
8462 5430 2677
8462 5430 2677
5430 5998 2677
5430 5998 2677
5430 5998 2677
5430 5998 2677
5430 5998 2677
5430 5998 2677
5430 5998 2677
5430 5998 2677
5430 5998 2677
5430 5998 2677
5430 5998 2677
5430 5998 2677
7902 7871 2677
7902 7871 2677
7902 7871 2677
7902 7871 2677
7902 7871 2677
7902 7871 2677
7902 7871 2677
7902 7871 2677
7902 7871 2677
7902 7871 2677
7902 7871 2677
7902 7871 2677
7713 5368 2678
7713 5368 2678
7713 5368 2678
7713 5368 2678
7713 5368 2678
7713 5368 2678
7713 5368 2678
7713 5368 2678
7713 5368 2678
7713 5368 2678
7713 5368 2678
7713 5368 2678
7713 5368 2678
8458 6578 2678
8458 6578 2678
8458 6578 2678
8458 6578 2678
8458 6578 2678
8458 6578 2678
8458 6578 2678
8458 6578 2678
8458 6578 2678
8458 6578 2678
8458 6578 2678
8458 6578 2678
8458 6578 2678
7774 7912 2678
7774 7912 2678
7774 7912 2678
7774 7912 2678
7774 7912 2678
7774 7912 2678
7774 7912 2678
7774 7912 2678
7774 7912 2678
7774 7912 2678
7774 7912 2678
7774 7912 2678
7485 7498 2679
7485 7498 2679
7485 7498 2679
7485 7498 2679
7485 7498 2679
7485 7498 2679
7485 7498 2679
7485 7498 2679
7485 7498 2679
7485 7498 2679
7485 7498 2679
7485 7498 2679
7863 7895 2679
7863 7895 2679
7863 7895 2679
7863 7895 2679
7863 7895 2679
7863 7895 2679
7863 7895 2679
7863 7895 2679
7863 7895 2679
7863 7895 2679
7863 7895 2679
7863 7895 2679
8431 8766 2679
8431 8766 2679
8431 8766 2679
8431 8766 2679
8431 8766 2679
8431 8766 2679
8431 8766 2679
8431 8766 2679
8431 8766 2679
8431 8766 2679
8431 8766 2679
8431 8766 2679
6005 7756 2679
6005 7756 2679
6005 7756 2679
6005 7756 2679
6005 7756 2679
6005 7756 2679
6005 7756 2679
6005 7756 2679
6005 7756 2679
6005 7756 2679
6005 7756 2679
6005 7756 2679
6012 6037 2679
6012 6037 2679
6012 6037 2679
6012 6037 2679
6012 6037 2679
6012 6037 2679
6012 6037 2679
6012 6037 2679
6012 6037 2679
6012 6037 2679
6012 6037 2679
6012 6037 2679
6012 6037 2679
7750 7843 2680
7750 7843 2680
7750 7843 2680
7750 7843 2680
7750 7843 2680
7750 7843 2680
7750 7843 2680
7750 7843 2680
7750 7843 2680
7750 7843 2680
7750 7843 2680
7750 7843 2680
7750 7843 2680
8463 6567 2680
8463 6567 2680
8463 6567 2680
8463 6567 2680
8463 6567 2680
8463 6567 2680
8463 6567 2680
8463 6567 2680
8463 6567 2680
8463 6567 2680
8463 6567 2680
8463 6567 2680
8463 6567 2680
6541 8680 2681
6541 8680 2681
6541 8680 2681
6541 8680 2681
6541 8680 2681
6541 8680 2681
6541 8680 2681
6541 8680 2681
6541 8680 2681
6541 8680 2681
6541 8680 2681
6541 8680 2681
6541 8680 2681
7886 7939 2681
7886 7939 2681
7886 7939 2681
7886 7939 2681
7886 7939 2681
7886 7939 2681
7886 7939 2681
7886 7939 2681
7886 7939 2681
7886 7939 2681
7886 7939 2681
7886 7939 2681
7886 7939 2681
9667 7889 2682
9667 7889 2682
9667 7889 2682
9667 7889 2682
9667 7889 2682
9667 7889 2682
9667 7889 2682
9667 7889 2682
9667 7889 2682
9667 7889 2682
9667 7889 2682
9667 7889 2682
6383 5359 2682
6383 5359 2682
6383 5359 2682
6383 5359 2682
6383 5359 2682
6383 5359 2682
6383 5359 2682
6383 5359 2682
6383 5359 2682
6383 5359 2682
6383 5359 2682
6383 5359 2682
7753 6451 2682
7753 6451 2682
7753 6451 2682
7753 6451 2682
7753 6451 2682
7753 6451 2682
7753 6451 2682
7753 6451 2682
7753 6451 2682
7753 6451 2682
7753 6451 2682
7753 6451 2682
7753 6451 2682
6042 7914 2682
6042 7914 2682
6042 7914 2682
6042 7914 2682
6042 7914 2682
6042 7914 2682
6042 7914 2682
6042 7914 2682
6042 7914 2682
6042 7914 2682
6042 7914 2682
6042 7914 2682
6042 7914 2682
5442 5414 2682
5442 5414 2682
5442 5414 2682
5442 5414 2682
5442 5414 2682
5442 5414 2682
5442 5414 2682
5442 5414 2682
5442 5414 2682
5442 5414 2682
5442 5414 2682
5442 5414 2682
5442 5414 2682
7768 6567 2683
7768 6567 2683
7768 6567 2683
7768 6567 2683
7768 6567 2683
7768 6567 2683
7768 6567 2683
7768 6567 2683
7768 6567 2683
7768 6567 2683
7768 6567 2683
7768 6567 2683
5570 5442 2683
5570 5442 2683
5570 5442 2683
5570 5442 2683
5570 5442 2683
5570 5442 2683
5570 5442 2683
5570 5442 2683
5570 5442 2683
5570 5442 2683
5570 5442 2683
5570 5442 2683
5570 5442 2683
6383 6583 2683
6383 6583 2683
6383 6583 2683
6383 6583 2683
6383 6583 2683
6383 6583 2683
6383 6583 2683
6383 6583 2683
6383 6583 2683
6383 6583 2683
6383 6583 2683
6383 6583 2683
7687 6541 2683
7687 6541 2683
7687 6541 2683
7687 6541 2683
7687 6541 2683
7687 6541 2683
7687 6541 2683
7687 6541 2683
7687 6541 2683
7687 6541 2683
7687 6541 2683
7687 6541 2683
7687 6541 2683
7677 7785 2683
7677 7785 2683
7677 7785 2683
7677 7785 2683
7677 7785 2683
7677 7785 2683
7677 7785 2683
7677 7785 2683
7677 7785 2683
7677 7785 2683
7677 7785 2683
7677 7785 2683
7677 7785 2683
7684 6607 2684
7684 6607 2684
7684 6607 2684
7684 6607 2684
7684 6607 2684
7684 6607 2684
7684 6607 2684
7684 6607 2684
7684 6607 2684
7684 6607 2684
7684 6607 2684
7684 6607 2684
5994 7693 2685
5994 7693 2685
5994 7693 2685
5994 7693 2685
5994 7693 2685
5994 7693 2685
5994 7693 2685
5994 7693 2685
5994 7693 2685
5994 7693 2685
5994 7693 2685
5994 7693 2685
7779 8457 2685
7779 8457 2685
7779 8457 2685
7779 8457 2685
7779 8457 2685
7779 8457 2685
7779 8457 2685
7779 8457 2685
7779 8457 2685
7779 8457 2685
7779 8457 2685
7779 8457 2685
7774 7842 2685
7774 7842 2685
7774 7842 2685
7774 7842 2685
7774 7842 2685
7774 7842 2685
7774 7842 2685
7774 7842 2685
7774 7842 2685
7774 7842 2685
7774 7842 2685
7774 7842 2685
7774 7842 2685
5417 5547 2686
5417 5547 2686
5417 5547 2686
5417 5547 2686
5417 5547 2686
5417 5547 2686
5417 5547 2686
5417 5547 2686
5417 5547 2686
5417 5547 2686
5417 5547 2686
5417 5547 2686
5417 5547 2686
8840 8814 2687
8840 8814 2687
8840 8814 2687
8840 8814 2687
8840 8814 2687
8840 8814 2687
8840 8814 2687
8840 8814 2687
8840 8814 2687
8840 8814 2687
8840 8814 2687
8840 8814 2687
8840 8814 2687
5253 6529 2687
5253 6529 2687
5253 6529 2687
5253 6529 2687
5253 6529 2687
5253 6529 2687
5253 6529 2687
5253 6529 2687
5253 6529 2687
5253 6529 2687
5253 6529 2687
5253 6529 2687
7772 5994 2688
7772 5994 2688
7772 5994 2688
7772 5994 2688
7772 5994 2688
7772 5994 2688
7772 5994 2688
7772 5994 2688
7772 5994 2688
7772 5994 2688
7772 5994 2688
7772 5994 2688
5359 6562 2688
5359 6562 2688
5359 6562 2688
5359 6562 2688
5359 6562 2688
5359 6562 2688
5359 6562 2688
5359 6562 2688
5359 6562 2688
5359 6562 2688
5359 6562 2688
5359 6562 2688
5359 6562 2688
5441 5370 2688
5441 5370 2688
5441 5370 2688
5441 5370 2688
5441 5370 2688
5441 5370 2688
5441 5370 2688
5441 5370 2688
5441 5370 2688
5441 5370 2688
5441 5370 2688
5441 5370 2688
5441 5370 2688
5377 5309 2689
5377 5309 2689
5377 5309 2689
5377 5309 2689
5377 5309 2689
5377 5309 2689
5377 5309 2689
5377 5309 2689
5377 5309 2689
5377 5309 2689
5377 5309 2689
5377 5309 2689
5377 5309 2689
5450 5404 2689
5450 5404 2689
5450 5404 2689
5450 5404 2689
5450 5404 2689
5450 5404 2689
5450 5404 2689
5450 5404 2689
5450 5404 2689
5450 5404 2689
5450 5404 2689
5450 5404 2689
7760 5391 2689
7760 5391 2689
7760 5391 2689
7760 5391 2689
7760 5391 2689
7760 5391 2689
7760 5391 2689
7760 5391 2689
7760 5391 2689
7760 5391 2689
7760 5391 2689
7760 5391 2689
7760 5391 2689
5440 8757 2689
5440 8757 2689
5440 8757 2689
5440 8757 2689
5440 8757 2689
5440 8757 2689
5440 8757 2689
5440 8757 2689
5440 8757 2689
5440 8757 2689
5440 8757 2689
5440 8757 2689
9233 9163 2690
9233 9163 2690
9233 9163 2690
9233 9163 2690
9233 9163 2690
9233 9163 2690
9233 9163 2690
9233 9163 2690
9233 9163 2690
9233 9163 2690
9233 9163 2690
9233 9163 2690
6012 5556 2690
6012 5556 2690
6012 5556 2690
6012 5556 2690
6012 5556 2690
6012 5556 2690
6012 5556 2690
6012 5556 2690
6012 5556 2690
6012 5556 2690
6012 5556 2690
6012 5556 2690
6012 5556 2690
5266 8435 2690
5266 8435 2690
5266 8435 2690
5266 8435 2690
5266 8435 2690
5266 8435 2690
5266 8435 2690
5266 8435 2690
5266 8435 2690
5266 8435 2690
5266 8435 2690
5266 8435 2690
5266 8435 2690
7502 6448 2690
7502 6448 2690
7502 6448 2690
7502 6448 2690
7502 6448 2690
7502 6448 2690
7502 6448 2690
7502 6448 2690
7502 6448 2690
7502 6448 2690
7502 6448 2690
7502 6448 2690
7502 6448 2690
6323 6475 2690
6323 6475 2690
6323 6475 2690
6323 6475 2690
6323 6475 2690
6323 6475 2690
6323 6475 2690
6323 6475 2690
6323 6475 2690
6323 6475 2690
6323 6475 2690
6323 6475 2690
6323 6475 2690
6542 6453 2690
6542 6453 2690
6542 6453 2690
6542 6453 2690
6542 6453 2690
6542 6453 2690
6542 6453 2690
6542 6453 2690
6542 6453 2690
6542 6453 2690
6542 6453 2690
6542 6453 2690
9181 5284 2690
9181 5284 2690
9181 5284 2690
9181 5284 2690
9181 5284 2690
9181 5284 2690
9181 5284 2690
9181 5284 2690
9181 5284 2690
9181 5284 2690
9181 5284 2690
9181 5284 2690
9181 5284 2690
5386 6600 2691
5386 6600 2691
5386 6600 2691
5386 6600 2691
5386 6600 2691
5386 6600 2691
5386 6600 2691
5386 6600 2691
5386 6600 2691
5386 6600 2691
5386 6600 2691
5386 6600 2691
5386 6600 2691
8748 5296 2691
8748 5296 2691
8748 5296 2691
8748 5296 2691
8748 5296 2691
8748 5296 2691
8748 5296 2691
8748 5296 2691
8748 5296 2691
8748 5296 2691
8748 5296 2691
8748 5296 2691
5397 5359 2691
5397 5359 2691
5397 5359 2691
5397 5359 2691
5397 5359 2691
5397 5359 2691
5397 5359 2691
5397 5359 2691
5397 5359 2691
5397 5359 2691
5397 5359 2691
5397 5359 2691
5397 5359 2691
5591 9256 2691
5591 9256 2691
5591 9256 2691
5591 9256 2691
5591 9256 2691
5591 9256 2691
5591 9256 2691
5591 9256 2691
5591 9256 2691
5591 9256 2691
5591 9256 2691
5591 9256 2691
7699 7909 2692
7699 7909 2692
7699 7909 2692
7699 7909 2692
7699 7909 2692
7699 7909 2692
7699 7909 2692
7699 7909 2692
7699 7909 2692
7699 7909 2692
7699 7909 2692
7699 7909 2692
7699 7909 2692
6018 5360 2693
6018 5360 2693
6018 5360 2693
6018 5360 2693
6018 5360 2693
6018 5360 2693
6018 5360 2693
6018 5360 2693
6018 5360 2693
6018 5360 2693
6018 5360 2693
6018 5360 2693
6018 5360 2693
6448 7687 2693
6448 7687 2693
6448 7687 2693
6448 7687 2693
6448 7687 2693
6448 7687 2693
6448 7687 2693
6448 7687 2693
6448 7687 2693
6448 7687 2693
6448 7687 2693
6448 7687 2693
6448 7687 2693
6032 5998 2695
6032 5998 2695
6032 5998 2695
6032 5998 2695
6032 5998 2695
6032 5998 2695
6032 5998 2695
6032 5998 2695
6032 5998 2695
6032 5998 2695
6032 5998 2695
6032 5998 2695
5439 5359 2695
5439 5359 2695
5439 5359 2695
5439 5359 2695
5439 5359 2695
5439 5359 2695
5439 5359 2695
5439 5359 2695
5439 5359 2695
5439 5359 2695
5439 5359 2695
5439 5359 2695
5439 5359 2695
6547 5356 2695
6547 5356 2695
6547 5356 2695
6547 5356 2695
6547 5356 2695
6547 5356 2695
6547 5356 2695
6547 5356 2695
6547 5356 2695
6547 5356 2695
6547 5356 2695
6547 5356 2695
6547 5356 2695
9146 5258 2696
9146 5258 2696
9146 5258 2696
9146 5258 2696
9146 5258 2696
9146 5258 2696
9146 5258 2696
9146 5258 2696
9146 5258 2696
9146 5258 2696
9146 5258 2696
9146 5258 2696
9146 5258 2696
8466 5988 2696
8466 5988 2696
8466 5988 2696
8466 5988 2696
8466 5988 2696
8466 5988 2696
8466 5988 2696
8466 5988 2696
8466 5988 2696
8466 5988 2696
8466 5988 2696
8466 5988 2696
8466 5988 2696
5263 8707 2696
5263 8707 2696
5263 8707 2696
5263 8707 2696
5263 8707 2696
5263 8707 2696
5263 8707 2696
5263 8707 2696
5263 8707 2696
5263 8707 2696
5263 8707 2696
5263 8707 2696
5484 5576 2696
5484 5576 2696
5484 5576 2696
5484 5576 2696
5484 5576 2696
5484 5576 2696
5484 5576 2696
5484 5576 2696
5484 5576 2696
5484 5576 2696
5484 5576 2696
5484 5576 2696
5484 5576 2696
5564 6031 2697
5564 6031 2697
5564 6031 2697
5564 6031 2697
5564 6031 2697
5564 6031 2697
5564 6031 2697
5564 6031 2697
5564 6031 2697
5564 6031 2697
5564 6031 2697
5564 6031 2697
5564 6031 2697
5279 5361 2697
5279 5361 2697
5279 5361 2697
5279 5361 2697
5279 5361 2697
5279 5361 2697
5279 5361 2697
5279 5361 2697
5279 5361 2697
5279 5361 2697
5279 5361 2697
5279 5361 2697
5279 5361 2697
7500 6469 2697
7500 6469 2697
7500 6469 2697
7500 6469 2697
7500 6469 2697
7500 6469 2697
7500 6469 2697
7500 6469 2697
7500 6469 2697
7500 6469 2697
7500 6469 2697
7500 6469 2697
7500 6469 2697
7772 6609 2697
7772 6609 2697
7772 6609 2697
7772 6609 2697
7772 6609 2697
7772 6609 2697
7772 6609 2697
7772 6609 2697
7772 6609 2697
7772 6609 2697
7772 6609 2697
7772 6609 2697
6009 6067 2697
6009 6067 2697
6009 6067 2697
6009 6067 2697
6009 6067 2697
6009 6067 2697
6009 6067 2697
6009 6067 2697
6009 6067 2697
6009 6067 2697
6009 6067 2697
6009 6067 2697
6009 6067 2697
5427 5278 2698
5427 5278 2698
5427 5278 2698
5427 5278 2698
5427 5278 2698
5427 5278 2698
5427 5278 2698
5427 5278 2698
5427 5278 2698
5427 5278 2698
5427 5278 2698
5427 5278 2698
5427 5278 2698
5273 5251 2698
5273 5251 2698
5273 5251 2698
5273 5251 2698
5273 5251 2698
5273 5251 2698
5273 5251 2698
5273 5251 2698
5273 5251 2698
5273 5251 2698
5273 5251 2698
5273 5251 2698
5273 5251 2698
6528 6427 2699
6528 6427 2699
6528 6427 2699
6528 6427 2699
6528 6427 2699
6528 6427 2699
6528 6427 2699
6528 6427 2699
6528 6427 2699
6528 6427 2699
6528 6427 2699
6528 6427 2699
7726 7980 2699
7726 7980 2699
7726 7980 2699
7726 7980 2699
7726 7980 2699
7726 7980 2699
7726 7980 2699
7726 7980 2699
7726 7980 2699
7726 7980 2699
7726 7980 2699
7726 7980 2699
7726 7980 2699
6601 5995 2700
6601 5995 2700
6601 5995 2700
6601 5995 2700
6601 5995 2700
6601 5995 2700
6601 5995 2700
6601 5995 2700
6601 5995 2700
6601 5995 2700
6601 5995 2700
6601 5995 2700
6344 6351 2700
6344 6351 2700
6344 6351 2700
6344 6351 2700
6344 6351 2700
6344 6351 2700
6344 6351 2700
6344 6351 2700
6344 6351 2700
6344 6351 2700
6344 6351 2700
6344 6351 2700
8457 7761 2700
8457 7761 2700
8457 7761 2700
8457 7761 2700
8457 7761 2700
8457 7761 2700
8457 7761 2700
8457 7761 2700
8457 7761 2700
8457 7761 2700
8457 7761 2700
8457 7761 2700
6606 7691 2701
6606 7691 2701
6606 7691 2701
6606 7691 2701
6606 7691 2701
6606 7691 2701
6606 7691 2701
6606 7691 2701
6606 7691 2701
6606 7691 2701
6606 7691 2701
6606 7691 2701
5313 5567 2702
5313 5567 2702
5313 5567 2702
5313 5567 2702
5313 5567 2702
5313 5567 2702
5313 5567 2702
5313 5567 2702
5313 5567 2702
5313 5567 2702
5313 5567 2702
5313 5567 2702
5313 5567 2702
5413 5396 2702
5413 5396 2702
5413 5396 2702
5413 5396 2702
5413 5396 2702
5413 5396 2702
5413 5396 2702
5413 5396 2702
5413 5396 2702
5413 5396 2702
5413 5396 2702
5413 5396 2702
5413 5396 2702
5432 5555 2704
5432 5555 2704
5432 5555 2704
5432 5555 2704
5432 5555 2704
5432 5555 2704
5432 5555 2704
5432 5555 2704
5432 5555 2704
5432 5555 2704
5432 5555 2704
5432 5555 2704
5389 6042 2705
5389 6042 2705
5389 6042 2705
5389 6042 2705
5389 6042 2705
5389 6042 2705
5389 6042 2705
5389 6042 2705
5389 6042 2705
5389 6042 2705
5389 6042 2705
5389 6042 2705
8432 6405 2705
8432 6405 2705
8432 6405 2705
8432 6405 2705
8432 6405 2705
8432 6405 2705
8432 6405 2705
8432 6405 2705
8432 6405 2705
8432 6405 2705
8432 6405 2705
8432 6405 2705
8432 6405 2705
8470 6555 2705
8470 6555 2705
8470 6555 2705
8470 6555 2705
8470 6555 2705
8470 6555 2705
8470 6555 2705
8470 6555 2705
8470 6555 2705
8470 6555 2705
8470 6555 2705
8470 6555 2705
8699 8682 2705
8699 8682 2705
8699 8682 2705
8699 8682 2705
8699 8682 2705
8699 8682 2705
8699 8682 2705
8699 8682 2705
8699 8682 2705
8699 8682 2705
8699 8682 2705
8699 8682 2705
8699 8682 2705
5294 9164 2706
5294 9164 2706
5294 9164 2706
5294 9164 2706
5294 9164 2706
5294 9164 2706
5294 9164 2706
5294 9164 2706
5294 9164 2706
5294 9164 2706
5294 9164 2706
5294 9164 2706
5460 5532 2708
5460 5532 2708
5460 5532 2708
5460 5532 2708
5460 5532 2708
5460 5532 2708
5460 5532 2708
5460 5532 2708
5460 5532 2708
5460 5532 2708
5460 5532 2708
5460 5532 2708
6418 6562 2708
6418 6562 2708
6418 6562 2708
6418 6562 2708
6418 6562 2708
6418 6562 2708
6418 6562 2708
6418 6562 2708
6418 6562 2708
6418 6562 2708
6418 6562 2708
6418 6562 2708
6418 6562 2708
6563 6553 2709
6563 6553 2709
6563 6553 2709
6563 6553 2709
6563 6553 2709
6563 6553 2709
6563 6553 2709
6563 6553 2709
6563 6553 2709
6563 6553 2709
6563 6553 2709
6563 6553 2709
6563 6553 2709
7960 7900 2709
7960 7900 2709
7960 7900 2709
7960 7900 2709
7960 7900 2709
7960 7900 2709
7960 7900 2709
7960 7900 2709
7960 7900 2709
7960 7900 2709
7960 7900 2709
7960 7900 2709
6597 5353 2709
6597 5353 2709
6597 5353 2709
6597 5353 2709
6597 5353 2709
6597 5353 2709
6597 5353 2709
6597 5353 2709
6597 5353 2709
6597 5353 2709
6597 5353 2709
6597 5353 2709
8467 5360 2710
8467 5360 2710
8467 5360 2710
8467 5360 2710
8467 5360 2710
8467 5360 2710
8467 5360 2710
8467 5360 2710
8467 5360 2710
8467 5360 2710
8467 5360 2710
8467 5360 2710
8469 6039 2711
8469 6039 2711
8469 6039 2711
8469 6039 2711
8469 6039 2711
8469 6039 2711
8469 6039 2711
8469 6039 2711
8469 6039 2711
8469 6039 2711
8469 6039 2711
8469 6039 2711
6601 5356 2711
6601 5356 2711
6601 5356 2711
6601 5356 2711
6601 5356 2711
6601 5356 2711
6601 5356 2711
6601 5356 2711
6601 5356 2711
6601 5356 2711
6601 5356 2711
6601 5356 2711
6601 5356 2711
6543 6583 2713
6543 6583 2713
6543 6583 2713
6543 6583 2713
6543 6583 2713
6543 6583 2713
6543 6583 2713
6543 6583 2713
6543 6583 2713
6543 6583 2713
6543 6583 2713
6543 6583 2713
6543 6583 2713
7686 7665 2713
7686 7665 2713
7686 7665 2713
7686 7665 2713
7686 7665 2713
7686 7665 2713
7686 7665 2713
7686 7665 2713
7686 7665 2713
7686 7665 2713
7686 7665 2713
7686 7665 2713
7686 7665 2713
7785 6024 2713
7785 6024 2713
7785 6024 2713
7785 6024 2713
7785 6024 2713
7785 6024 2713
7785 6024 2713
7785 6024 2713
7785 6024 2713
7785 6024 2713
7785 6024 2713
7785 6024 2713
7785 6024 2713
6560 8452 2713
6560 8452 2713
6560 8452 2713
6560 8452 2713
6560 8452 2713
6560 8452 2713
6560 8452 2713
6560 8452 2713
6560 8452 2713
6560 8452 2713
6560 8452 2713
6560 8452 2713
6560 8452 2713
5343 5334 2715
5343 5334 2715
5343 5334 2715
5343 5334 2715
5343 5334 2715
5343 5334 2715
5343 5334 2715
5343 5334 2715
5343 5334 2715
5343 5334 2715
5343 5334 2715
5343 5334 2715
5343 5334 2715
6042 5416 2715
6042 5416 2715
6042 5416 2715
6042 5416 2715
6042 5416 2715
6042 5416 2715
6042 5416 2715
6042 5416 2715
6042 5416 2715
6042 5416 2715
6042 5416 2715
6042 5416 2715
5364 6530 2718
5364 6530 2718
5364 6530 2718
5364 6530 2718
5364 6530 2718
5364 6530 2718
5364 6530 2718
5364 6530 2718
5364 6530 2718
5364 6530 2718
5364 6530 2718
5364 6530 2718
6511 7694 2730
6511 7694 2730
6511 7694 2730
6511 7694 2730
6511 7694 2730
6511 7694 2730
6511 7694 2730
6511 7694 2730
6511 7694 2730
6511 7694 2730
6511 7694 2730
6511 7694 2730
5386 5380 2732
5386 5380 2732
5386 5380 2732
5386 5380 2732
5386 5380 2732
5386 5380 2732
5386 5380 2732
5386 5380 2732
5386 5380 2732
5386 5380 2732
5386 5380 2732
5386 5380 2732
5386 5380 2732
5356 7715 2742
5356 7715 2742
5356 7715 2742
5356 7715 2742
5356 7715 2742
5356 7715 2742
5356 7715 2742
5356 7715 2742
5356 7715 2742
5356 7715 2742
5356 7715 2742
5356 7715 2742
5356 7715 2742
7927 6444 2746
7927 6444 2746
7927 6444 2746
7927 6444 2746
7927 6444 2746
7927 6444 2746
7927 6444 2746
7927 6444 2746
7927 6444 2746
7927 6444 2746
7927 6444 2746
7927 6444 2746
7927 6444 2746
8467 6022 2747
8467 6022 2747
8467 6022 2747
8467 6022 2747
8467 6022 2747
8467 6022 2747
8467 6022 2747
8467 6022 2747
8467 6022 2747
8467 6022 2747
8467 6022 2747
8467 6022 2747
8467 6022 2747
6511 6578 2748
6511 6578 2748
6511 6578 2748
6511 6578 2748
6511 6578 2748
6511 6578 2748
6511 6578 2748
6511 6578 2748
6511 6578 2748
6511 6578 2748
6511 6578 2748
6511 6578 2748
6511 6578 2748
7980 7778 2750
7980 7778 2750
7980 7778 2750
7980 7778 2750
7980 7778 2750
7980 7778 2750
7980 7778 2750
7980 7778 2750
7980 7778 2750
7980 7778 2750
7980 7778 2750
7980 7778 2750
7862 7905 2750
7862 7905 2750
7862 7905 2750
7862 7905 2750
7862 7905 2750
7862 7905 2750
7862 7905 2750
7862 7905 2750
7862 7905 2750
7862 7905 2750
7862 7905 2750
7862 7905 2750
6033 5361 2751
6033 5361 2751
6033 5361 2751
6033 5361 2751
6033 5361 2751
6033 5361 2751
6033 5361 2751
6033 5361 2751
6033 5361 2751
6033 5361 2751
6033 5361 2751
6033 5361 2751
6033 5361 2751
5992 6607 2751
5992 6607 2751
5992 6607 2751
5992 6607 2751
5992 6607 2751
5992 6607 2751
5992 6607 2751
5992 6607 2751
5992 6607 2751
5992 6607 2751
5992 6607 2751
5992 6607 2751
5356 6556 2751
5356 6556 2751
5356 6556 2751
5356 6556 2751
5356 6556 2751
5356 6556 2751
5356 6556 2751
5356 6556 2751
5356 6556 2751
5356 6556 2751
5356 6556 2751
5356 6556 2751
5356 6556 2751
5294 5383 2752
5294 5383 2752
5294 5383 2752
5294 5383 2752
5294 5383 2752
5294 5383 2752
5294 5383 2752
5294 5383 2752
5294 5383 2752
5294 5383 2752
5294 5383 2752
5294 5383 2752
7873 7747 2752
7873 7747 2752
7873 7747 2752
7873 7747 2752
7873 7747 2752
7873 7747 2752
7873 7747 2752
7873 7747 2752
7873 7747 2752
7873 7747 2752
7873 7747 2752
7873 7747 2752
7873 7747 2752
7751 6610 2754
7751 6610 2754
7751 6610 2754
7751 6610 2754
7751 6610 2754
7751 6610 2754
7751 6610 2754
7751 6610 2754
7751 6610 2754
7751 6610 2754
7751 6610 2754
7751 6610 2754
6602 5359 2754
6602 5359 2754
6602 5359 2754
6602 5359 2754
6602 5359 2754
6602 5359 2754
6602 5359 2754
6602 5359 2754
6602 5359 2754
6602 5359 2754
6602 5359 2754
6602 5359 2754
7711 6594 2755
7711 6594 2755
7711 6594 2755
7711 6594 2755
7711 6594 2755
7711 6594 2755
7711 6594 2755
7711 6594 2755
7711 6594 2755
7711 6594 2755
7711 6594 2755
7711 6594 2755
6002 6041 2755
6002 6041 2755
6002 6041 2755
6002 6041 2755
6002 6041 2755
6002 6041 2755
6002 6041 2755
6002 6041 2755
6002 6041 2755
6002 6041 2755
6002 6041 2755
6002 6041 2755
9672 6569 2755
9672 6569 2755
9672 6569 2755
9672 6569 2755
9672 6569 2755
9672 6569 2755
9672 6569 2755
9672 6569 2755
9672 6569 2755
9672 6569 2755
9672 6569 2755
9672 6569 2755
9672 6569 2755
6407 7698 2755
6407 7698 2755
6407 7698 2755
6407 7698 2755
6407 7698 2755
6407 7698 2755
6407 7698 2755
6407 7698 2755
6407 7698 2755
6407 7698 2755
6407 7698 2755
6407 7698 2755
6407 7698 2755
7680 9657 2756
7680 9657 2756
7680 9657 2756
7680 9657 2756
7680 9657 2756
7680 9657 2756
7680 9657 2756
7680 9657 2756
7680 9657 2756
7680 9657 2756
7680 9657 2756
7680 9657 2756
7680 9657 2756
6549 6596 2757
6549 6596 2757
6549 6596 2757
6549 6596 2757
6549 6596 2757
6549 6596 2757
6549 6596 2757
6549 6596 2757
6549 6596 2757
6549 6596 2757
6549 6596 2757
6549 6596 2757
8437 5407 2757
8437 5407 2757
8437 5407 2757
8437 5407 2757
8437 5407 2757
8437 5407 2757
8437 5407 2757
8437 5407 2757
8437 5407 2757
8437 5407 2757
8437 5407 2757
8437 5407 2757
8437 5407 2757
8457 8441 2758
8457 8441 2758
8457 8441 2758
8457 8441 2758
8457 8441 2758
8457 8441 2758
8457 8441 2758
8457 8441 2758
8457 8441 2758
8457 8441 2758
8457 8441 2758
8457 8441 2758
7964 7696 2758
7964 7696 2758
7964 7696 2758
7964 7696 2758
7964 7696 2758
7964 7696 2758
7964 7696 2758
7964 7696 2758
7964 7696 2758
7964 7696 2758
7964 7696 2758
7964 7696 2758
5507 5409 2759
5507 5409 2759
5507 5409 2759
5507 5409 2759
5507 5409 2759
5507 5409 2759
5507 5409 2759
5507 5409 2759
5507 5409 2759
5507 5409 2759
5507 5409 2759
5507 5409 2759
6028 7774 2759
6028 7774 2759
6028 7774 2759
6028 7774 2759
6028 7774 2759
6028 7774 2759
6028 7774 2759
6028 7774 2759
6028 7774 2759
6028 7774 2759
6028 7774 2759
6028 7774 2759
6028 7774 2759
5503 9279 2759
5503 9279 2759
5503 9279 2759
5503 9279 2759
5503 9279 2759
5503 9279 2759
5503 9279 2759
5503 9279 2759
5503 9279 2759
5503 9279 2759
5503 9279 2759
5503 9279 2759
6009 8443 2759
6009 8443 2759
6009 8443 2759
6009 8443 2759
6009 8443 2759
6009 8443 2759
6009 8443 2759
6009 8443 2759
6009 8443 2759
6009 8443 2759
6009 8443 2759
6009 8443 2759
7941 6600 2760
7941 6600 2760
7941 6600 2760
7941 6600 2760
7941 6600 2760
7941 6600 2760
7941 6600 2760
7941 6600 2760
7941 6600 2760
7941 6600 2760
7941 6600 2760
7941 6600 2760
5359 8467 2760
5359 8467 2760
5359 8467 2760
5359 8467 2760
5359 8467 2760
5359 8467 2760
5359 8467 2760
5359 8467 2760
5359 8467 2760
5359 8467 2760
5359 8467 2760
5359 8467 2760
6344 6365 2760
6344 6365 2760
6344 6365 2760
6344 6365 2760
6344 6365 2760
6344 6365 2760
6344 6365 2760
6344 6365 2760
6344 6365 2760
6344 6365 2760
6344 6365 2760
6344 6365 2760
6592 6583 2760
6592 6583 2760
6592 6583 2760
6592 6583 2760
6592 6583 2760
6592 6583 2760
6592 6583 2760
6592 6583 2760
6592 6583 2760
6592 6583 2760
6592 6583 2760
6592 6583 2760
6592 6583 2760
5358 5521 2760
5358 5521 2760
5358 5521 2760
5358 5521 2760
5358 5521 2760
5358 5521 2760
5358 5521 2760
5358 5521 2760
5358 5521 2760
5358 5521 2760
5358 5521 2760
5358 5521 2760
5401 7714 2760
5401 7714 2760
5401 7714 2760
5401 7714 2760
5401 7714 2760
5401 7714 2760
5401 7714 2760
5401 7714 2760
5401 7714 2760
5401 7714 2760
5401 7714 2760
5401 7714 2760
5401 7714 2760
5289 5407 2760
5289 5407 2760
5289 5407 2760
5289 5407 2760
5289 5407 2760
5289 5407 2760
5289 5407 2760
5289 5407 2760
5289 5407 2760
5289 5407 2760
5289 5407 2760
5289 5407 2760
5289 5407 2760
6351 6609 2761
6351 6609 2761
6351 6609 2761
6351 6609 2761
6351 6609 2761
6351 6609 2761
6351 6609 2761
6351 6609 2761
6351 6609 2761
6351 6609 2761
6351 6609 2761
6351 6609 2761
6530 7759 2761
6530 7759 2761
6530 7759 2761
6530 7759 2761
6530 7759 2761
6530 7759 2761
6530 7759 2761
6530 7759 2761
6530 7759 2761
6530 7759 2761
6530 7759 2761
6530 7759 2761
6530 7759 2761
8446 6581 2761
8446 6581 2761
8446 6581 2761
8446 6581 2761
8446 6581 2761
8446 6581 2761
8446 6581 2761
8446 6581 2761
8446 6581 2761
8446 6581 2761
8446 6581 2761
8446 6581 2761
8446 6581 2761
8375 7918 2761
8375 7918 2761
8375 7918 2761
8375 7918 2761
8375 7918 2761
8375 7918 2761
8375 7918 2761
8375 7918 2761
8375 7918 2761
8375 7918 2761
8375 7918 2761
8375 7918 2761
8375 7918 2761
7935 8354 2761
7935 8354 2761
7935 8354 2761
7935 8354 2761
7935 8354 2761
7935 8354 2761
7935 8354 2761
7935 8354 2761
7935 8354 2761
7935 8354 2761
7935 8354 2761
7935 8354 2761
7935 8354 2761
7908 7978 2761
7908 7978 2761
7908 7978 2761
7908 7978 2761
7908 7978 2761
7908 7978 2761
7908 7978 2761
7908 7978 2761
7908 7978 2761
7908 7978 2761
7908 7978 2761
7908 7978 2761
6507 7695 2762
6507 7695 2762
6507 7695 2762
6507 7695 2762
6507 7695 2762
6507 7695 2762
6507 7695 2762
6507 7695 2762
6507 7695 2762
6507 7695 2762
6507 7695 2762
6507 7695 2762
5252 5287 2762
5252 5287 2762
5252 5287 2762
5252 5287 2762
5252 5287 2762
5252 5287 2762
5252 5287 2762
5252 5287 2762
5252 5287 2762
5252 5287 2762
5252 5287 2762
5252 5287 2762
5252 5287 2762
5430 8457 2762
5430 8457 2762
5430 8457 2762
5430 8457 2762
5430 8457 2762
5430 8457 2762
5430 8457 2762
5430 8457 2762
5430 8457 2762
5430 8457 2762
5430 8457 2762
5430 8457 2762
5430 8457 2762
6538 7731 2762
6538 7731 2762
6538 7731 2762
6538 7731 2762
6538 7731 2762
6538 7731 2762
6538 7731 2762
6538 7731 2762
6538 7731 2762
6538 7731 2762
6538 7731 2762
6538 7731 2762
7939 6037 2762
7939 6037 2762
7939 6037 2762
7939 6037 2762
7939 6037 2762
7939 6037 2762
7939 6037 2762
7939 6037 2762
7939 6037 2762
7939 6037 2762
7939 6037 2762
7939 6037 2762
6551 5283 2763
6551 5283 2763
6551 5283 2763
6551 5283 2763
6551 5283 2763
6551 5283 2763
6551 5283 2763
6551 5283 2763
6551 5283 2763
6551 5283 2763
6551 5283 2763
6551 5283 2763
8672 6602 2763
8672 6602 2763
8672 6602 2763
8672 6602 2763
8672 6602 2763
8672 6602 2763
8672 6602 2763
8672 6602 2763
8672 6602 2763
8672 6602 2763
8672 6602 2763
8672 6602 2763
8464 5420 2763
8464 5420 2763
8464 5420 2763
8464 5420 2763
8464 5420 2763
8464 5420 2763
8464 5420 2763
8464 5420 2763
8464 5420 2763
8464 5420 2763
8464 5420 2763
8464 5420 2763
7943 7724 2764
7943 7724 2764
7943 7724 2764
7943 7724 2764
7943 7724 2764
7943 7724 2764
7943 7724 2764
7943 7724 2764
7943 7724 2764
7943 7724 2764
7943 7724 2764
7943 7724 2764
7943 7724 2764
7894 8389 2764
7894 8389 2764
7894 8389 2764
7894 8389 2764
7894 8389 2764
7894 8389 2764
7894 8389 2764
7894 8389 2764
7894 8389 2764
7894 8389 2764
7894 8389 2764
7894 8389 2764
7894 8389 2764
6332 7476 2765
6332 7476 2765
6332 7476 2765
6332 7476 2765
6332 7476 2765
6332 7476 2765
6332 7476 2765
6332 7476 2765
6332 7476 2765
6332 7476 2765
6332 7476 2765
6332 7476 2765
7930 8375 2765
7930 8375 2765
7930 8375 2765
7930 8375 2765
7930 8375 2765
7930 8375 2765
7930 8375 2765
7930 8375 2765
7930 8375 2765
7930 8375 2765
7930 8375 2765
7930 8375 2765
7930 8375 2765
6611 7689 2766
6611 7689 2766
6611 7689 2766
6611 7689 2766
6611 7689 2766
6611 7689 2766
6611 7689 2766
6611 7689 2766
6611 7689 2766
6611 7689 2766
6611 7689 2766
6611 7689 2766
6611 7689 2766
7871 7819 2766
7871 7819 2766
7871 7819 2766
7871 7819 2766
7871 7819 2766
7871 7819 2766
7871 7819 2766
7871 7819 2766
7871 7819 2766
7871 7819 2766
7871 7819 2766
7871 7819 2766
7871 7819 2766
6541 8437 2766
6541 8437 2766
6541 8437 2766
6541 8437 2766
6541 8437 2766
6541 8437 2766
6541 8437 2766
6541 8437 2766
6541 8437 2766
6541 8437 2766
6541 8437 2766
6541 8437 2766
6541 8437 2766
6449 7728 2766
6449 7728 2766
6449 7728 2766
6449 7728 2766
6449 7728 2766
6449 7728 2766
6449 7728 2766
6449 7728 2766
6449 7728 2766
6449 7728 2766
6449 7728 2766
6449 7728 2766
7946 7754 2766
7946 7754 2766
7946 7754 2766
7946 7754 2766
7946 7754 2766
7946 7754 2766
7946 7754 2766
7946 7754 2766
7946 7754 2766
7946 7754 2766
7946 7754 2766
7946 7754 2766
7946 7754 2766
5415 5985 2767
5415 5985 2767
5415 5985 2767
5415 5985 2767
5415 5985 2767
5415 5985 2767
5415 5985 2767
5415 5985 2767
5415 5985 2767
5415 5985 2767
5415 5985 2767
5415 5985 2767
5415 5985 2767
7765 7939 2767
7765 7939 2767
7765 7939 2767
7765 7939 2767
7765 7939 2767
7765 7939 2767
7765 7939 2767
7765 7939 2767
7765 7939 2767
7765 7939 2767
7765 7939 2767
7765 7939 2767
8436 8464 2767
8436 8464 2767
8436 8464 2767
8436 8464 2767
8436 8464 2767
8436 8464 2767
8436 8464 2767
8436 8464 2767
8436 8464 2767
8436 8464 2767
8436 8464 2767
8436 8464 2767
8436 8464 2767
7946 7694 2767
7946 7694 2767
7946 7694 2767
7946 7694 2767
7946 7694 2767
7946 7694 2767
7946 7694 2767
7946 7694 2767
7946 7694 2767
7946 7694 2767
7946 7694 2767
7946 7694 2767
7674 7692 2767
7674 7692 2767
7674 7692 2767
7674 7692 2767
7674 7692 2767
7674 7692 2767
7674 7692 2767
7674 7692 2767
7674 7692 2767
7674 7692 2767
7674 7692 2767
7674 7692 2767
7807 5924 2767
7807 5924 2767
7807 5924 2767
7807 5924 2767
7807 5924 2767
7807 5924 2767
7807 5924 2767
7807 5924 2767
7807 5924 2767
7807 5924 2767
7807 5924 2767
7807 5924 2767
5989 5428 2768
5989 5428 2768
5989 5428 2768
5989 5428 2768
5989 5428 2768
5989 5428 2768
5989 5428 2768
5989 5428 2768
5989 5428 2768
5989 5428 2768
5989 5428 2768
5989 5428 2768
5989 5428 2768
7949 5999 2768
7949 5999 2768
7949 5999 2768
7949 5999 2768
7949 5999 2768
7949 5999 2768
7949 5999 2768
7949 5999 2768
7949 5999 2768
7949 5999 2768
7949 5999 2768
7949 5999 2768
7689 8457 2768
7689 8457 2768
7689 8457 2768
7689 8457 2768
7689 8457 2768
7689 8457 2768
7689 8457 2768
7689 8457 2768
7689 8457 2768
7689 8457 2768
7689 8457 2768
7689 8457 2768
8445 5997 2768
8445 5997 2768
8445 5997 2768
8445 5997 2768
8445 5997 2768
8445 5997 2768
8445 5997 2768
8445 5997 2768
8445 5997 2768
8445 5997 2768
8445 5997 2768
8445 5997 2768
8445 5997 2768
7842 7867 2769
7842 7867 2769
7842 7867 2769
7842 7867 2769
7842 7867 2769
7842 7867 2769
7842 7867 2769
7842 7867 2769
7842 7867 2769
7842 7867 2769
7842 7867 2769
7842 7867 2769
7842 7867 2769
8457 5417 2769
8457 5417 2769
8457 5417 2769
8457 5417 2769
8457 5417 2769
8457 5417 2769
8457 5417 2769
8457 5417 2769
8457 5417 2769
8457 5417 2769
8457 5417 2769
8457 5417 2769
8457 5417 2769
7785 8476 2769
7785 8476 2769
7785 8476 2769
7785 8476 2769
7785 8476 2769
7785 8476 2769
7785 8476 2769
7785 8476 2769
7785 8476 2769
7785 8476 2769
7785 8476 2769
7785 8476 2769
7785 8476 2769
5273 5434 2770
5273 5434 2770
5273 5434 2770
5273 5434 2770
5273 5434 2770
5273 5434 2770
5273 5434 2770
5273 5434 2770
5273 5434 2770
5273 5434 2770
5273 5434 2770
5273 5434 2770
8464 6601 2770
8464 6601 2770
8464 6601 2770
8464 6601 2770
8464 6601 2770
8464 6601 2770
8464 6601 2770
8464 6601 2770
8464 6601 2770
8464 6601 2770
8464 6601 2770
8464 6601 2770
6534 6418 2770
6534 6418 2770
6534 6418 2770
6534 6418 2770
6534 6418 2770
6534 6418 2770
6534 6418 2770
6534 6418 2770
6534 6418 2770
6534 6418 2770
6534 6418 2770
6534 6418 2770
7912 6521 2770
7912 6521 2770
7912 6521 2770
7912 6521 2770
7912 6521 2770
7912 6521 2770
7912 6521 2770
7912 6521 2770
7912 6521 2770
7912 6521 2770
7912 6521 2770
7912 6521 2770
8774 8447 2770
8774 8447 2770
8774 8447 2770
8774 8447 2770
8774 8447 2770
8774 8447 2770
8774 8447 2770
8774 8447 2770
8774 8447 2770
8774 8447 2770
8774 8447 2770
8774 8447 2770
8774 8447 2770
5294 5418 2770
5294 5418 2770
5294 5418 2770
5294 5418 2770
5294 5418 2770
5294 5418 2770
5294 5418 2770
5294 5418 2770
5294 5418 2770
5294 5418 2770
5294 5418 2770
5294 5418 2770
5986 7731 2771
5986 7731 2771
5986 7731 2771
5986 7731 2771
5986 7731 2771
5986 7731 2771
5986 7731 2771
5986 7731 2771
5986 7731 2771
5986 7731 2771
5986 7731 2771
5986 7731 2771
5290 5525 2771
5290 5525 2771
5290 5525 2771
5290 5525 2771
5290 5525 2771
5290 5525 2771
5290 5525 2771
5290 5525 2771
5290 5525 2771
5290 5525 2771
5290 5525 2771
5290 5525 2771
5290 5525 2771
7763 6589 2771
7763 6589 2771
7763 6589 2771
7763 6589 2771
7763 6589 2771
7763 6589 2771
7763 6589 2771
7763 6589 2771
7763 6589 2771
7763 6589 2771
7763 6589 2771
7763 6589 2771
5353 9634 2772
5353 9634 2772
5353 9634 2772
5353 9634 2772
5353 9634 2772
5353 9634 2772
5353 9634 2772
5353 9634 2772
5353 9634 2772
5353 9634 2772
5353 9634 2772
5353 9634 2772
5353 9634 2772
7632 7802 2772
7632 7802 2772
7632 7802 2772
7632 7802 2772
7632 7802 2772
7632 7802 2772
7632 7802 2772
7632 7802 2772
7632 7802 2772
7632 7802 2772
7632 7802 2772
7632 7802 2772
7632 7802 2772
7674 7795 2772
7674 7795 2772
7674 7795 2772
7674 7795 2772
7674 7795 2772
7674 7795 2772
7674 7795 2772
7674 7795 2772
7674 7795 2772
7674 7795 2772
7674 7795 2772
7674 7795 2772
7674 7795 2772
7723 7746 2773
7723 7746 2773
7723 7746 2773
7723 7746 2773
7723 7746 2773
7723 7746 2773
7723 7746 2773
7723 7746 2773
7723 7746 2773
7723 7746 2773
7723 7746 2773
7723 7746 2773
6363 6533 2773
6363 6533 2773
6363 6533 2773
6363 6533 2773
6363 6533 2773
6363 6533 2773
6363 6533 2773
6363 6533 2773
6363 6533 2773
6363 6533 2773
6363 6533 2773
6363 6533 2773
6363 6533 2773
5354 7713 2774
5354 7713 2774
5354 7713 2774
5354 7713 2774
5354 7713 2774
5354 7713 2774
5354 7713 2774
5354 7713 2774
5354 7713 2774
5354 7713 2774
5354 7713 2774
5354 7713 2774
8457 5400 2774
8457 5400 2774
8457 5400 2774
8457 5400 2774
8457 5400 2774
8457 5400 2774
8457 5400 2774
8457 5400 2774
8457 5400 2774
8457 5400 2774
8457 5400 2774
8457 5400 2774
8457 5400 2774
6505 6576 2774
6505 6576 2774
6505 6576 2774
6505 6576 2774
6505 6576 2774
6505 6576 2774
6505 6576 2774
6505 6576 2774
6505 6576 2774
6505 6576 2774
6505 6576 2774
6505 6576 2774
7880 7730 2775
7880 7730 2775
7880 7730 2775
7880 7730 2775
7880 7730 2775
7880 7730 2775
7880 7730 2775
7880 7730 2775
7880 7730 2775
7880 7730 2775
7880 7730 2775
7880 7730 2775
7880 7730 2775
6024 8439 2775
6024 8439 2775
6024 8439 2775
6024 8439 2775
6024 8439 2775
6024 8439 2775
6024 8439 2775
6024 8439 2775
6024 8439 2775
6024 8439 2775
6024 8439 2775
6024 8439 2775
6024 8439 2775
6548 6574 2775
6548 6574 2775
6548 6574 2775
6548 6574 2775
6548 6574 2775
6548 6574 2775
6548 6574 2775
6548 6574 2775
6548 6574 2775
6548 6574 2775
6548 6574 2775
6548 6574 2775
6548 6574 2775
7781 7778 2775
7781 7778 2775
7781 7778 2775
7781 7778 2775
7781 7778 2775
7781 7778 2775
7781 7778 2775
7781 7778 2775
7781 7778 2775
7781 7778 2775
7781 7778 2775
7781 7778 2775
7688 6517 2775
7688 6517 2775
7688 6517 2775
7688 6517 2775
7688 6517 2775
7688 6517 2775
7688 6517 2775
7688 6517 2775
7688 6517 2775
7688 6517 2775
7688 6517 2775
7688 6517 2775
8446 5390 2775
8446 5390 2775
8446 5390 2775
8446 5390 2775
8446 5390 2775
8446 5390 2775
8446 5390 2775
8446 5390 2775
8446 5390 2775
8446 5390 2775
8446 5390 2775
8446 5390 2775
7752 8470 2776
7752 8470 2776
7752 8470 2776
7752 8470 2776
7752 8470 2776
7752 8470 2776
7752 8470 2776
7752 8470 2776
7752 8470 2776
7752 8470 2776
7752 8470 2776
7752 8470 2776
7673 7908 2776
7673 7908 2776
7673 7908 2776
7673 7908 2776
7673 7908 2776
7673 7908 2776
7673 7908 2776
7673 7908 2776
7673 7908 2776
7673 7908 2776
7673 7908 2776
7673 7908 2776
6020 6612 2776
6020 6612 2776
6020 6612 2776
6020 6612 2776
6020 6612 2776
6020 6612 2776
6020 6612 2776
6020 6612 2776
6020 6612 2776
6020 6612 2776
6020 6612 2776
6020 6612 2776
6020 6612 2776
8458 7707 2776
8458 7707 2776
8458 7707 2776
8458 7707 2776
8458 7707 2776
8458 7707 2776
8458 7707 2776
8458 7707 2776
8458 7707 2776
8458 7707 2776
8458 7707 2776
8458 7707 2776
8458 7707 2776
8454 5354 2776
8454 5354 2776
8454 5354 2776
8454 5354 2776
8454 5354 2776
8454 5354 2776
8454 5354 2776
8454 5354 2776
8454 5354 2776
8454 5354 2776
8454 5354 2776
8454 5354 2776
7780 8465 2776
7780 8465 2776
7780 8465 2776
7780 8465 2776
7780 8465 2776
7780 8465 2776
7780 8465 2776
7780 8465 2776
7780 8465 2776
7780 8465 2776
7780 8465 2776
7780 8465 2776
8462 6568 2776
8462 6568 2776
8462 6568 2776
8462 6568 2776
8462 6568 2776
8462 6568 2776
8462 6568 2776
8462 6568 2776
8462 6568 2776
8462 6568 2776
8462 6568 2776
8462 6568 2776
8462 6568 2776
6450 7739 2777
6450 7739 2777
6450 7739 2777
6450 7739 2777
6450 7739 2777
6450 7739 2777
6450 7739 2777
6450 7739 2777
6450 7739 2777
6450 7739 2777
6450 7739 2777
6450 7739 2777
6450 7739 2777
6505 7700 2777
6505 7700 2777
6505 7700 2777
6505 7700 2777
6505 7700 2777
6505 7700 2777
6505 7700 2777
6505 7700 2777
6505 7700 2777
6505 7700 2777
6505 7700 2777
6505 7700 2777
7792 7909 2777
7792 7909 2777
7792 7909 2777
7792 7909 2777
7792 7909 2777
7792 7909 2777
7792 7909 2777
7792 7909 2777
7792 7909 2777
7792 7909 2777
7792 7909 2777
7792 7909 2777
7792 7909 2777
7783 6009 2778
7783 6009 2778
7783 6009 2778
7783 6009 2778
7783 6009 2778
7783 6009 2778
7783 6009 2778
7783 6009 2778
7783 6009 2778
7783 6009 2778
7783 6009 2778
7783 6009 2778
7914 7633 2778
7914 7633 2778
7914 7633 2778
7914 7633 2778
7914 7633 2778
7914 7633 2778
7914 7633 2778
7914 7633 2778
7914 7633 2778
7914 7633 2778
7914 7633 2778
7914 7633 2778
5387 5380 2778
5387 5380 2778
5387 5380 2778
5387 5380 2778
5387 5380 2778
5387 5380 2778
5387 5380 2778
5387 5380 2778
5387 5380 2778
5387 5380 2778
5387 5380 2778
5387 5380 2778
5358 6380 2778
5358 6380 2778
5358 6380 2778
5358 6380 2778
5358 6380 2778
5358 6380 2778
5358 6380 2778
5358 6380 2778
5358 6380 2778
5358 6380 2778
5358 6380 2778
5358 6380 2778
5358 6380 2778
6016 5459 2779
6016 5459 2779
6016 5459 2779
6016 5459 2779
6016 5459 2779
6016 5459 2779
6016 5459 2779
6016 5459 2779
6016 5459 2779
6016 5459 2779
6016 5459 2779
6016 5459 2779
6016 5459 2779
8434 6597 2779
8434 6597 2779
8434 6597 2779
8434 6597 2779
8434 6597 2779
8434 6597 2779
8434 6597 2779
8434 6597 2779
8434 6597 2779
8434 6597 2779
8434 6597 2779
8434 6597 2779
8434 6597 2779
9603 6374 2779
9603 6374 2779
9603 6374 2779
9603 6374 2779
9603 6374 2779
9603 6374 2779
9603 6374 2779
9603 6374 2779
9603 6374 2779
9603 6374 2779
9603 6374 2779
9603 6374 2779
7679 6529 2779
7679 6529 2779
7679 6529 2779
7679 6529 2779
7679 6529 2779
7679 6529 2779
7679 6529 2779
7679 6529 2779
7679 6529 2779
7679 6529 2779
7679 6529 2779
7679 6529 2779
6431 6562 2779
6431 6562 2779
6431 6562 2779
6431 6562 2779
6431 6562 2779
6431 6562 2779
6431 6562 2779
6431 6562 2779
6431 6562 2779
6431 6562 2779
6431 6562 2779
6431 6562 2779
6431 6562 2779
5300 5279 2780
5300 5279 2780
5300 5279 2780
5300 5279 2780
5300 5279 2780
5300 5279 2780
5300 5279 2780
5300 5279 2780
5300 5279 2780
5300 5279 2780
5300 5279 2780
5300 5279 2780
7705 7675 2780
7705 7675 2780
7705 7675 2780
7705 7675 2780
7705 7675 2780
7705 7675 2780
7705 7675 2780
7705 7675 2780
7705 7675 2780
7705 7675 2780
7705 7675 2780
7705 7675 2780
6453 6507 2780
6453 6507 2780
6453 6507 2780
6453 6507 2780
6453 6507 2780
6453 6507 2780
6453 6507 2780
6453 6507 2780
6453 6507 2780
6453 6507 2780
6453 6507 2780
6453 6507 2780
6453 6507 2780
6603 7687 2780
6603 7687 2780
6603 7687 2780
6603 7687 2780
6603 7687 2780
6603 7687 2780
6603 7687 2780
6603 7687 2780
6603 7687 2780
6603 7687 2780
6603 7687 2780
6603 7687 2780
6603 7687 2780
6406 6366 2780
6406 6366 2780
6406 6366 2780
6406 6366 2780
6406 6366 2780
6406 6366 2780
6406 6366 2780
6406 6366 2780
6406 6366 2780
6406 6366 2780
6406 6366 2780
6406 6366 2780
6369 6377 2780
6369 6377 2780
6369 6377 2780
6369 6377 2780
6369 6377 2780
6369 6377 2780
6369 6377 2780
6369 6377 2780
6369 6377 2780
6369 6377 2780
6369 6377 2780
6369 6377 2780
6369 6377 2780
8472 6610 2781
8472 6610 2781
8472 6610 2781
8472 6610 2781
8472 6610 2781
8472 6610 2781
8472 6610 2781
8472 6610 2781
8472 6610 2781
8472 6610 2781
8472 6610 2781
8472 6610 2781
8472 6610 2781
6512 7806 2781
6512 7806 2781
6512 7806 2781
6512 7806 2781
6512 7806 2781
6512 7806 2781
6512 7806 2781
6512 7806 2781
6512 7806 2781
6512 7806 2781
6512 7806 2781
6512 7806 2781
6512 7806 2781
7886 7746 2782
7886 7746 2782
7886 7746 2782
7886 7746 2782
7886 7746 2782
7886 7746 2782
7886 7746 2782
7886 7746 2782
7886 7746 2782
7886 7746 2782
7886 7746 2782
7886 7746 2782
5424 5409 2782
5424 5409 2782
5424 5409 2782
5424 5409 2782
5424 5409 2782
5424 5409 2782
5424 5409 2782
5424 5409 2782
5424 5409 2782
5424 5409 2782
5424 5409 2782
5424 5409 2782
5424 5409 2782
5414 8440 2782
5414 8440 2782
5414 8440 2782
5414 8440 2782
5414 8440 2782
5414 8440 2782
5414 8440 2782
5414 8440 2782
5414 8440 2782
5414 8440 2782
5414 8440 2782
5414 8440 2782
5414 8440 2782
8698 8436 2782
8698 8436 2782
8698 8436 2782
8698 8436 2782
8698 8436 2782
8698 8436 2782
8698 8436 2782
8698 8436 2782
8698 8436 2782
8698 8436 2782
8698 8436 2782
8698 8436 2782
8698 8436 2782
7705 7825 2782
7705 7825 2782
7705 7825 2782
7705 7825 2782
7705 7825 2782
7705 7825 2782
7705 7825 2782
7705 7825 2782
7705 7825 2782
7705 7825 2782
7705 7825 2782
7705 7825 2782
7705 7825 2782
5359 6593 2783
5359 6593 2783
5359 6593 2783
5359 6593 2783
5359 6593 2783
5359 6593 2783
5359 6593 2783
5359 6593 2783
5359 6593 2783
5359 6593 2783
5359 6593 2783
5359 6593 2783
5359 6593 2783
7941 7695 2783
7941 7695 2783
7941 7695 2783
7941 7695 2783
7941 7695 2783
7941 7695 2783
7941 7695 2783
7941 7695 2783
7941 7695 2783
7941 7695 2783
7941 7695 2783
7941 7695 2783
9149 6546 2783
9149 6546 2783
9149 6546 2783
9149 6546 2783
9149 6546 2783
9149 6546 2783
9149 6546 2783
9149 6546 2783
9149 6546 2783
9149 6546 2783
9149 6546 2783
9149 6546 2783
7665 7795 2784
7665 7795 2784
7665 7795 2784
7665 7795 2784
7665 7795 2784
7665 7795 2784
7665 7795 2784
7665 7795 2784
7665 7795 2784
7665 7795 2784
7665 7795 2784
7665 7795 2784
7665 7795 2784
7962 6441 2784
7962 6441 2784
7962 6441 2784
7962 6441 2784
7962 6441 2784
7962 6441 2784
7962 6441 2784
7962 6441 2784
7962 6441 2784
7962 6441 2784
7962 6441 2784
7962 6441 2784
7748 7687 2784
7748 7687 2784
7748 7687 2784
7748 7687 2784
7748 7687 2784
7748 7687 2784
7748 7687 2784
7748 7687 2784
7748 7687 2784
7748 7687 2784
7748 7687 2784
7748 7687 2784
7748 7687 2784
7689 7769 2784
7689 7769 2784
7689 7769 2784
7689 7769 2784
7689 7769 2784
7689 7769 2784
7689 7769 2784
7689 7769 2784
7689 7769 2784
7689 7769 2784
7689 7769 2784
7689 7769 2784
6478 6574 2785
6478 6574 2785
6478 6574 2785
6478 6574 2785
6478 6574 2785
6478 6574 2785
6478 6574 2785
6478 6574 2785
6478 6574 2785
6478 6574 2785
6478 6574 2785
6478 6574 2785
6478 6574 2785
8784 9145 2785
8784 9145 2785
8784 9145 2785
8784 9145 2785
8784 9145 2785
8784 9145 2785
8784 9145 2785
8784 9145 2785
8784 9145 2785
8784 9145 2785
8784 9145 2785
8784 9145 2785
8784 9145 2785
7906 7840 2785
7906 7840 2785
7906 7840 2785
7906 7840 2785
7906 7840 2785
7906 7840 2785
7906 7840 2785
7906 7840 2785
7906 7840 2785
7906 7840 2785
7906 7840 2785
7906 7840 2785
7740 7721 2785
7740 7721 2785
7740 7721 2785
7740 7721 2785
7740 7721 2785
7740 7721 2785
7740 7721 2785
7740 7721 2785
7740 7721 2785
7740 7721 2785
7740 7721 2785
7740 7721 2785
7740 7721 2785
7751 7687 2785
7751 7687 2785
7751 7687 2785
7751 7687 2785
7751 7687 2785
7751 7687 2785
7751 7687 2785
7751 7687 2785
7751 7687 2785
7751 7687 2785
7751 7687 2785
7751 7687 2785
7751 7687 2785
7500 7838 2786
7500 7838 2786
7500 7838 2786
7500 7838 2786
7500 7838 2786
7500 7838 2786
7500 7838 2786
7500 7838 2786
7500 7838 2786
7500 7838 2786
7500 7838 2786
7500 7838 2786
5358 6589 2786
5358 6589 2786
5358 6589 2786
5358 6589 2786
5358 6589 2786
5358 6589 2786
5358 6589 2786
5358 6589 2786
5358 6589 2786
5358 6589 2786
5358 6589 2786
5358 6589 2786
5358 6589 2786
8372 7919 2787
8372 7919 2787
8372 7919 2787
8372 7919 2787
8372 7919 2787
8372 7919 2787
8372 7919 2787
8372 7919 2787
8372 7919 2787
8372 7919 2787
8372 7919 2787
8372 7919 2787
8372 7919 2787
6502 6483 2787
6502 6483 2787
6502 6483 2787
6502 6483 2787
6502 6483 2787
6502 6483 2787
6502 6483 2787
6502 6483 2787
6502 6483 2787
6502 6483 2787
6502 6483 2787
6502 6483 2787
7845 7865 2788
7845 7865 2788
7845 7865 2788
7845 7865 2788
7845 7865 2788
7845 7865 2788
7845 7865 2788
7845 7865 2788
7845 7865 2788
7845 7865 2788
7845 7865 2788
7845 7865 2788
7845 7865 2788
7734 7835 2788
7734 7835 2788
7734 7835 2788
7734 7835 2788
7734 7835 2788
7734 7835 2788
7734 7835 2788
7734 7835 2788
7734 7835 2788
7734 7835 2788
7734 7835 2788
7734 7835 2788
6446 6496 2788
6446 6496 2788
6446 6496 2788
6446 6496 2788
6446 6496 2788
6446 6496 2788
6446 6496 2788
6446 6496 2788
6446 6496 2788
6446 6496 2788
6446 6496 2788
6446 6496 2788
6446 6496 2788
5358 6601 2788
5358 6601 2788
5358 6601 2788
5358 6601 2788
5358 6601 2788
5358 6601 2788
5358 6601 2788
5358 6601 2788
5358 6601 2788
5358 6601 2788
5358 6601 2788
5358 6601 2788
8445 5280 2788
8445 5280 2788
8445 5280 2788
8445 5280 2788
8445 5280 2788
8445 5280 2788
8445 5280 2788
8445 5280 2788
8445 5280 2788
8445 5280 2788
8445 5280 2788
8445 5280 2788
6511 9603 2789
6511 9603 2789
6511 9603 2789
6511 9603 2789
6511 9603 2789
6511 9603 2789
6511 9603 2789
6511 9603 2789
6511 9603 2789
6511 9603 2789
6511 9603 2789
6511 9603 2789
6511 9603 2789
5996 6600 2789
5996 6600 2789
5996 6600 2789
5996 6600 2789
5996 6600 2789
5996 6600 2789
5996 6600 2789
5996 6600 2789
5996 6600 2789
5996 6600 2789
5996 6600 2789
5996 6600 2789
5996 6600 2789
5294 5259 2789
5294 5259 2789
5294 5259 2789
5294 5259 2789
5294 5259 2789
5294 5259 2789
5294 5259 2789
5294 5259 2789
5294 5259 2789
5294 5259 2789
5294 5259 2789
5294 5259 2789
6542 6456 2789
6542 6456 2789
6542 6456 2789
6542 6456 2789
6542 6456 2789
6542 6456 2789
6542 6456 2789
6542 6456 2789
6542 6456 2789
6542 6456 2789
6542 6456 2789
6542 6456 2789
8757 9157 2790
8757 9157 2790
8757 9157 2790
8757 9157 2790
8757 9157 2790
8757 9157 2790
8757 9157 2790
8757 9157 2790
8757 9157 2790
8757 9157 2790
8757 9157 2790
8757 9157 2790
8757 9157 2790
8699 8792 2790
8699 8792 2790
8699 8792 2790
8699 8792 2790
8699 8792 2790
8699 8792 2790
8699 8792 2790
8699 8792 2790
8699 8792 2790
8699 8792 2790
8699 8792 2790
8699 8792 2790
5549 5463 2791
5549 5463 2791
5549 5463 2791
5549 5463 2791
5549 5463 2791
5549 5463 2791
5549 5463 2791
5549 5463 2791
5549 5463 2791
5549 5463 2791
5549 5463 2791
5549 5463 2791
5549 5463 2791
9182 5272 2791
9182 5272 2791
9182 5272 2791
9182 5272 2791
9182 5272 2791
9182 5272 2791
9182 5272 2791
9182 5272 2791
9182 5272 2791
9182 5272 2791
9182 5272 2791
9182 5272 2791
7701 7889 2791
7701 7889 2791
7701 7889 2791
7701 7889 2791
7701 7889 2791
7701 7889 2791
7701 7889 2791
7701 7889 2791
7701 7889 2791
7701 7889 2791
7701 7889 2791
7701 7889 2791
7701 7889 2791
5280 5533 2791
5280 5533 2791
5280 5533 2791
5280 5533 2791
5280 5533 2791
5280 5533 2791
5280 5533 2791
5280 5533 2791
5280 5533 2791
5280 5533 2791
5280 5533 2791
5280 5533 2791
5280 5533 2791
5254 5550 2792
5254 5550 2792
5254 5550 2792
5254 5550 2792
5254 5550 2792
5254 5550 2792
5254 5550 2792
5254 5550 2792
5254 5550 2792
5254 5550 2792
5254 5550 2792
5254 5550 2792
7659 7849 2792
7659 7849 2792
7659 7849 2792
7659 7849 2792
7659 7849 2792
7659 7849 2792
7659 7849 2792
7659 7849 2792
7659 7849 2792
7659 7849 2792
7659 7849 2792
7659 7849 2792
7659 7849 2792
7894 7828 2792
7894 7828 2792
7894 7828 2792
7894 7828 2792
7894 7828 2792
7894 7828 2792
7894 7828 2792
7894 7828 2792
7894 7828 2792
7894 7828 2792
7894 7828 2792
7894 7828 2792
7894 7828 2792
7684 7504 2792
7684 7504 2792
7684 7504 2792
7684 7504 2792
7684 7504 2792
7684 7504 2792
7684 7504 2792
7684 7504 2792
7684 7504 2792
7684 7504 2792
7684 7504 2792
7684 7504 2792
7684 7504 2792
7792 7500 2792
7792 7500 2792
7792 7500 2792
7792 7500 2792
7792 7500 2792
7792 7500 2792
7792 7500 2792
7792 7500 2792
7792 7500 2792
7792 7500 2792
7792 7500 2792
7792 7500 2792
7792 7500 2792
5396 7772 2792
5396 7772 2792
5396 7772 2792
5396 7772 2792
5396 7772 2792
5396 7772 2792
5396 7772 2792
5396 7772 2792
5396 7772 2792
5396 7772 2792
5396 7772 2792
5396 7772 2792
7809 6577 2793
7809 6577 2793
7809 6577 2793
7809 6577 2793
7809 6577 2793
7809 6577 2793
7809 6577 2793
7809 6577 2793
7809 6577 2793
7809 6577 2793
7809 6577 2793
7809 6577 2793
7809 6577 2793
9518 8433 2793
9518 8433 2793
9518 8433 2793
9518 8433 2793
9518 8433 2793
9518 8433 2793
9518 8433 2793
9518 8433 2793
9518 8433 2793
9518 8433 2793
9518 8433 2793
9518 8433 2793
5300 5443 2794
5300 5443 2794
5300 5443 2794
5300 5443 2794
5300 5443 2794
5300 5443 2794
5300 5443 2794
5300 5443 2794
5300 5443 2794
5300 5443 2794
5300 5443 2794
5300 5443 2794
5386 5405 2794
5386 5405 2794
5386 5405 2794
5386 5405 2794
5386 5405 2794
5386 5405 2794
5386 5405 2794
5386 5405 2794
5386 5405 2794
5386 5405 2794
5386 5405 2794
5386 5405 2794
6009 6042 2794
6009 6042 2794
6009 6042 2794
6009 6042 2794
6009 6042 2794
6009 6042 2794
6009 6042 2794
6009 6042 2794
6009 6042 2794
6009 6042 2794
6009 6042 2794
6009 6042 2794
6009 6042 2794
8447 6384 2794
8447 6384 2794
8447 6384 2794
8447 6384 2794
8447 6384 2794
8447 6384 2794
8447 6384 2794
8447 6384 2794
8447 6384 2794
8447 6384 2794
8447 6384 2794
8447 6384 2794
5582 5425 2794
5582 5425 2794
5582 5425 2794
5582 5425 2794
5582 5425 2794
5582 5425 2794
5582 5425 2794
5582 5425 2794
5582 5425 2794
5582 5425 2794
5582 5425 2794
5582 5425 2794
5582 5425 2794
7812 7684 2795
7812 7684 2795
7812 7684 2795
7812 7684 2795
7812 7684 2795
7812 7684 2795
7812 7684 2795
7812 7684 2795
7812 7684 2795
7812 7684 2795
7812 7684 2795
7812 7684 2795
7792 7668 2795
7792 7668 2795
7792 7668 2795
7792 7668 2795
7792 7668 2795
7792 7668 2795
7792 7668 2795
7792 7668 2795
7792 7668 2795
7792 7668 2795
7792 7668 2795
7792 7668 2795
7792 7668 2795
7906 7797 2795
7906 7797 2795
7906 7797 2795
7906 7797 2795
7906 7797 2795
7906 7797 2795
7906 7797 2795
7906 7797 2795
7906 7797 2795
7906 7797 2795
7906 7797 2795
7906 7797 2795
7792 7794 2796
7792 7794 2796
7792 7794 2796
7792 7794 2796
7792 7794 2796
7792 7794 2796
7792 7794 2796
7792 7794 2796
7792 7794 2796
7792 7794 2796
7792 7794 2796
7792 7794 2796
7700 7940 2796
7700 7940 2796
7700 7940 2796
7700 7940 2796
7700 7940 2796
7700 7940 2796
7700 7940 2796
7700 7940 2796
7700 7940 2796
7700 7940 2796
7700 7940 2796
7700 7940 2796
7700 7940 2796
5992 5256 2796
5992 5256 2796
5992 5256 2796
5992 5256 2796
5992 5256 2796
5992 5256 2796
5992 5256 2796
5992 5256 2796
5992 5256 2796
5992 5256 2796
5992 5256 2796
5992 5256 2796
7762 8461 2797
7762 8461 2797
7762 8461 2797
7762 8461 2797
7762 8461 2797
7762 8461 2797
7762 8461 2797
7762 8461 2797
7762 8461 2797
7762 8461 2797
7762 8461 2797
7762 8461 2797
5376 5301 2797
5376 5301 2797
5376 5301 2797
5376 5301 2797
5376 5301 2797
5376 5301 2797
5376 5301 2797
5376 5301 2797
5376 5301 2797
5376 5301 2797
5376 5301 2797
5376 5301 2797
5376 5301 2797
5403 6601 2797
5403 6601 2797
5403 6601 2797
5403 6601 2797
5403 6601 2797
5403 6601 2797
5403 6601 2797
5403 6601 2797
5403 6601 2797
5403 6601 2797
5403 6601 2797
5403 6601 2797
5403 6601 2797
6598 7777 2798
6598 7777 2798
6598 7777 2798
6598 7777 2798
6598 7777 2798
6598 7777 2798
6598 7777 2798
6598 7777 2798
6598 7777 2798
6598 7777 2798
6598 7777 2798
6598 7777 2798
7690 7784 2798
7690 7784 2798
7690 7784 2798
7690 7784 2798
7690 7784 2798
7690 7784 2798
7690 7784 2798
7690 7784 2798
7690 7784 2798
7690 7784 2798
7690 7784 2798
7690 7784 2798
9533 7776 2798
9533 7776 2798
9533 7776 2798
9533 7776 2798
9533 7776 2798
9533 7776 2798
9533 7776 2798
9533 7776 2798
9533 7776 2798
9533 7776 2798
9533 7776 2798
9533 7776 2798
9533 7776 2798
8450 5411 2798
8450 5411 2798
8450 5411 2798
8450 5411 2798
8450 5411 2798
8450 5411 2798
8450 5411 2798
8450 5411 2798
8450 5411 2798
8450 5411 2798
8450 5411 2798
8450 5411 2798
6318 6463 2798
6318 6463 2798
6318 6463 2798
6318 6463 2798
6318 6463 2798
6318 6463 2798
6318 6463 2798
6318 6463 2798
6318 6463 2798
6318 6463 2798
6318 6463 2798
6318 6463 2798
6510 7688 2799
6510 7688 2799
6510 7688 2799
6510 7688 2799
6510 7688 2799
6510 7688 2799
6510 7688 2799
6510 7688 2799
6510 7688 2799
6510 7688 2799
6510 7688 2799
6510 7688 2799
6510 7688 2799
5300 9268 2799
5300 9268 2799
5300 9268 2799
5300 9268 2799
5300 9268 2799
5300 9268 2799
5300 9268 2799
5300 9268 2799
5300 9268 2799
5300 9268 2799
5300 9268 2799
5300 9268 2799
5274 9256 2799
5274 9256 2799
5274 9256 2799
5274 9256 2799
5274 9256 2799
5274 9256 2799
5274 9256 2799
5274 9256 2799
5274 9256 2799
5274 9256 2799
5274 9256 2799
5274 9256 2799
5415 5353 2799
5415 5353 2799
5415 5353 2799
5415 5353 2799
5415 5353 2799
5415 5353 2799
5415 5353 2799
5415 5353 2799
5415 5353 2799
5415 5353 2799
5415 5353 2799
5415 5353 2799
6543 5258 2800
6543 5258 2800
6543 5258 2800
6543 5258 2800
6543 5258 2800
6543 5258 2800
6543 5258 2800
6543 5258 2800
6543 5258 2800
6543 5258 2800
6543 5258 2800
6543 5258 2800
9642 6485 2800
9642 6485 2800
9642 6485 2800
9642 6485 2800
9642 6485 2800
9642 6485 2800
9642 6485 2800
9642 6485 2800
9642 6485 2800
9642 6485 2800
9642 6485 2800
9642 6485 2800
8467 5413 2801
8467 5413 2801
8467 5413 2801
8467 5413 2801
8467 5413 2801
8467 5413 2801
8467 5413 2801
8467 5413 2801
8467 5413 2801
8467 5413 2801
8467 5413 2801
8467 5413 2801
7753 7745 2801
7753 7745 2801
7753 7745 2801
7753 7745 2801
7753 7745 2801
7753 7745 2801
7753 7745 2801
7753 7745 2801
7753 7745 2801
7753 7745 2801
7753 7745 2801
7753 7745 2801
7753 7745 2801
7749 7845 2801
7749 7845 2801
7749 7845 2801
7749 7845 2801
7749 7845 2801
7749 7845 2801
7749 7845 2801
7749 7845 2801
7749 7845 2801
7749 7845 2801
7749 7845 2801
7749 7845 2801
7749 7845 2801
7870 8411 2801
7870 8411 2801
7870 8411 2801
7870 8411 2801
7870 8411 2801
7870 8411 2801
7870 8411 2801
7870 8411 2801
7870 8411 2801
7870 8411 2801
7870 8411 2801
7870 8411 2801
7729 6587 2801
7729 6587 2801
7729 6587 2801
7729 6587 2801
7729 6587 2801
7729 6587 2801
7729 6587 2801
7729 6587 2801
7729 6587 2801
7729 6587 2801
7729 6587 2801
7729 6587 2801
7703 8457 2802
7703 8457 2802
7703 8457 2802
7703 8457 2802
7703 8457 2802
7703 8457 2802
7703 8457 2802
7703 8457 2802
7703 8457 2802
7703 8457 2802
7703 8457 2802
7703 8457 2802
7923 7859 2802
7923 7859 2802
7923 7859 2802
7923 7859 2802
7923 7859 2802
7923 7859 2802
7923 7859 2802
7923 7859 2802
7923 7859 2802
7923 7859 2802
7923 7859 2802
7923 7859 2802
7923 7859 2802
6497 7544 2802
6497 7544 2802
6497 7544 2802
6497 7544 2802
6497 7544 2802
6497 7544 2802
6497 7544 2802
6497 7544 2802
6497 7544 2802
6497 7544 2802
6497 7544 2802
6497 7544 2802
9198 5272 2802
9198 5272 2802
9198 5272 2802
9198 5272 2802
9198 5272 2802
9198 5272 2802
9198 5272 2802
9198 5272 2802
9198 5272 2802
9198 5272 2802
9198 5272 2802
9198 5272 2802
7678 7501 2802
7678 7501 2802
7678 7501 2802
7678 7501 2802
7678 7501 2802
7678 7501 2802
7678 7501 2802
7678 7501 2802
7678 7501 2802
7678 7501 2802
7678 7501 2802
7678 7501 2802
7678 7501 2802
7792 7659 2802
7792 7659 2802
7792 7659 2802
7792 7659 2802
7792 7659 2802
7792 7659 2802
7792 7659 2802
7792 7659 2802
7792 7659 2802
7792 7659 2802
7792 7659 2802
7792 7659 2802
8830 9267 2803
8830 9267 2803
8830 9267 2803
8830 9267 2803
8830 9267 2803
8830 9267 2803
8830 9267 2803
8830 9267 2803
8830 9267 2803
8830 9267 2803
8830 9267 2803
8830 9267 2803
8468 6583 2803
8468 6583 2803
8468 6583 2803
8468 6583 2803
8468 6583 2803
8468 6583 2803
8468 6583 2803
8468 6583 2803
8468 6583 2803
8468 6583 2803
8468 6583 2803
8468 6583 2803
8468 6583 2803
7749 7844 2803
7749 7844 2803
7749 7844 2803
7749 7844 2803
7749 7844 2803
7749 7844 2803
7749 7844 2803
7749 7844 2803
7749 7844 2803
7749 7844 2803
7749 7844 2803
7749 7844 2803
6532 7772 2803
6532 7772 2803
6532 7772 2803
6532 7772 2803
6532 7772 2803
6532 7772 2803
6532 7772 2803
6532 7772 2803
6532 7772 2803
6532 7772 2803
6532 7772 2803
6532 7772 2803
6532 7772 2803
7690 7718 2803
7690 7718 2803
7690 7718 2803
7690 7718 2803
7690 7718 2803
7690 7718 2803
7690 7718 2803
7690 7718 2803
7690 7718 2803
7690 7718 2803
7690 7718 2803
7690 7718 2803
6499 9615 2805
6499 9615 2805
6499 9615 2805
6499 9615 2805
6499 9615 2805
6499 9615 2805
6499 9615 2805
6499 9615 2805
6499 9615 2805
6499 9615 2805
6499 9615 2805
6499 9615 2805
7691 5990 2805
7691 5990 2805
7691 5990 2805
7691 5990 2805
7691 5990 2805
7691 5990 2805
7691 5990 2805
7691 5990 2805
7691 5990 2805
7691 5990 2805
7691 5990 2805
7691 5990 2805
7858 7909 2806
7858 7909 2806
7858 7909 2806
7858 7909 2806
7858 7909 2806
7858 7909 2806
7858 7909 2806
7858 7909 2806
7858 7909 2806
7858 7909 2806
7858 7909 2806
7858 7909 2806
5361 5990 2806
5361 5990 2806
5361 5990 2806
5361 5990 2806
5361 5990 2806
5361 5990 2806
5361 5990 2806
5361 5990 2806
5361 5990 2806
5361 5990 2806
5361 5990 2806
5361 5990 2806
5361 5990 2806
7692 6587 2806
7692 6587 2806
7692 6587 2806
7692 6587 2806
7692 6587 2806
7692 6587 2806
7692 6587 2806
7692 6587 2806
7692 6587 2806
7692 6587 2806
7692 6587 2806
7692 6587 2806
8439 6562 2806
8439 6562 2806
8439 6562 2806
8439 6562 2806
8439 6562 2806
8439 6562 2806
8439 6562 2806
8439 6562 2806
8439 6562 2806
8439 6562 2806
8439 6562 2806
8439 6562 2806
8439 6562 2806
5267 5395 2806
5267 5395 2806
5267 5395 2806
5267 5395 2806
5267 5395 2806
5267 5395 2806
5267 5395 2806
5267 5395 2806
5267 5395 2806
5267 5395 2806
5267 5395 2806
5267 5395 2806
5267 5395 2806
5985 5427 2806
5985 5427 2806
5985 5427 2806
5985 5427 2806
5985 5427 2806
5985 5427 2806
5985 5427 2806
5985 5427 2806
5985 5427 2806
5985 5427 2806
5985 5427 2806
5985 5427 2806
5259 9160 2807
5259 9160 2807
5259 9160 2807
5259 9160 2807
5259 9160 2807
5259 9160 2807
5259 9160 2807
5259 9160 2807
5259 9160 2807
5259 9160 2807
5259 9160 2807
5259 9160 2807
5259 9160 2807
7781 6564 2807
7781 6564 2807
7781 6564 2807
7781 6564 2807
7781 6564 2807
7781 6564 2807
7781 6564 2807
7781 6564 2807
7781 6564 2807
7781 6564 2807
7781 6564 2807
7781 6564 2807
7781 6564 2807
5994 7755 2807
5994 7755 2807
5994 7755 2807
5994 7755 2807
5994 7755 2807
5994 7755 2807
5994 7755 2807
5994 7755 2807
5994 7755 2807
5994 7755 2807
5994 7755 2807
5994 7755 2807
5994 7755 2807
6451 5924 2807
6451 5924 2807
6451 5924 2807
6451 5924 2807
6451 5924 2807
6451 5924 2807
6451 5924 2807
6451 5924 2807
6451 5924 2807
6451 5924 2807
6451 5924 2807
6451 5924 2807
6451 5924 2807
9211 5254 2808
9211 5254 2808
9211 5254 2808
9211 5254 2808
9211 5254 2808
9211 5254 2808
9211 5254 2808
9211 5254 2808
9211 5254 2808
9211 5254 2808
9211 5254 2808
9211 5254 2808
5446 9180 2808
5446 9180 2808
5446 9180 2808
5446 9180 2808
5446 9180 2808
5446 9180 2808
5446 9180 2808
5446 9180 2808
5446 9180 2808
5446 9180 2808
5446 9180 2808
5446 9180 2808
5446 9180 2808
8455 6566 2808
8455 6566 2808
8455 6566 2808
8455 6566 2808
8455 6566 2808
8455 6566 2808
8455 6566 2808
8455 6566 2808
8455 6566 2808
8455 6566 2808
8455 6566 2808
8455 6566 2808
8455 6566 2808
6359 6454 2808
6359 6454 2808
6359 6454 2808
6359 6454 2808
6359 6454 2808
6359 6454 2808
6359 6454 2808
6359 6454 2808
6359 6454 2808
6359 6454 2808
6359 6454 2808
6359 6454 2808
6359 6454 2808
6538 8450 2808
6538 8450 2808
6538 8450 2808
6538 8450 2808
6538 8450 2808
6538 8450 2808
6538 8450 2808
6538 8450 2808
6538 8450 2808
6538 8450 2808
6538 8450 2808
6538 8450 2808
7862 7908 2808
7862 7908 2808
7862 7908 2808
7862 7908 2808
7862 7908 2808
7862 7908 2808
7862 7908 2808
7862 7908 2808
7862 7908 2808
7862 7908 2808
7862 7908 2808
7862 7908 2808
7502 7835 2808
7502 7835 2808
7502 7835 2808
7502 7835 2808
7502 7835 2808
7502 7835 2808
7502 7835 2808
7502 7835 2808
7502 7835 2808
7502 7835 2808
7502 7835 2808
7502 7835 2808
7912 8485 2809
7912 8485 2809
7912 8485 2809
7912 8485 2809
7912 8485 2809
7912 8485 2809
7912 8485 2809
7912 8485 2809
7912 8485 2809
7912 8485 2809
7912 8485 2809
7912 8485 2809
5556 6034 2810
5556 6034 2810
5556 6034 2810
5556 6034 2810
5556 6034 2810
5556 6034 2810
5556 6034 2810
5556 6034 2810
5556 6034 2810
5556 6034 2810
5556 6034 2810
5556 6034 2810
5556 6034 2810
5272 5356 2810
5272 5356 2810
5272 5356 2810
5272 5356 2810
5272 5356 2810
5272 5356 2810
5272 5356 2810
5272 5356 2810
5272 5356 2810
5272 5356 2810
5272 5356 2810
5272 5356 2810
5418 6031 2810
5418 6031 2810
5418 6031 2810
5418 6031 2810
5418 6031 2810
5418 6031 2810
5418 6031 2810
5418 6031 2810
5418 6031 2810
5418 6031 2810
5418 6031 2810
5418 6031 2810
7497 6492 2810
7497 6492 2810
7497 6492 2810
7497 6492 2810
7497 6492 2810
7497 6492 2810
7497 6492 2810
7497 6492 2810
7497 6492 2810
7497 6492 2810
7497 6492 2810
7497 6492 2810
8432 5438 2811
8432 5438 2811
8432 5438 2811
8432 5438 2811
8432 5438 2811
8432 5438 2811
8432 5438 2811
8432 5438 2811
8432 5438 2811
8432 5438 2811
8432 5438 2811
8432 5438 2811
8432 5438 2811
7710 7707 2811
7710 7707 2811
7710 7707 2811
7710 7707 2811
7710 7707 2811
7710 7707 2811
7710 7707 2811
7710 7707 2811
7710 7707 2811
7710 7707 2811
7710 7707 2811
7710 7707 2811
7710 7707 2811
6018 5555 2811
6018 5555 2811
6018 5555 2811
6018 5555 2811
6018 5555 2811
6018 5555 2811
6018 5555 2811
6018 5555 2811
6018 5555 2811
6018 5555 2811
6018 5555 2811
6018 5555 2811
5455 6005 2812
5455 6005 2812
5455 6005 2812
5455 6005 2812
5455 6005 2812
5455 6005 2812
5455 6005 2812
5455 6005 2812
5455 6005 2812
5455 6005 2812
5455 6005 2812
5455 6005 2812
5993 6565 2812
5993 6565 2812
5993 6565 2812
5993 6565 2812
5993 6565 2812
5993 6565 2812
5993 6565 2812
5993 6565 2812
5993 6565 2812
5993 6565 2812
5993 6565 2812
5993 6565 2812
6501 7476 2812
6501 7476 2812
6501 7476 2812
6501 7476 2812
6501 7476 2812
6501 7476 2812
6501 7476 2812
6501 7476 2812
6501 7476 2812
6501 7476 2812
6501 7476 2812
6501 7476 2812
6501 7476 2812
8472 5391 2813
8472 5391 2813
8472 5391 2813
8472 5391 2813
8472 5391 2813
8472 5391 2813
8472 5391 2813
8472 5391 2813
8472 5391 2813
8472 5391 2813
8472 5391 2813
8472 5391 2813
8472 5391 2813
7819 7976 2813
7819 7976 2813
7819 7976 2813
7819 7976 2813
7819 7976 2813
7819 7976 2813
7819 7976 2813
7819 7976 2813
7819 7976 2813
7819 7976 2813
7819 7976 2813
7819 7976 2813
7819 7976 2813
8797 5268 2813
8797 5268 2813
8797 5268 2813
8797 5268 2813
8797 5268 2813
8797 5268 2813
8797 5268 2813
8797 5268 2813
8797 5268 2813
8797 5268 2813
8797 5268 2813
8797 5268 2813
5267 8757 2814
5267 8757 2814
5267 8757 2814
5267 8757 2814
5267 8757 2814
5267 8757 2814
5267 8757 2814
5267 8757 2814
5267 8757 2814
5267 8757 2814
5267 8757 2814
5267 8757 2814
5267 8757 2814
5538 6012 2814
5538 6012 2814
5538 6012 2814
5538 6012 2814
5538 6012 2814
5538 6012 2814
5538 6012 2814
5538 6012 2814
5538 6012 2814
5538 6012 2814
5538 6012 2814
5538 6012 2814
5538 6012 2814
7851 7889 2815
7851 7889 2815
7851 7889 2815
7851 7889 2815
7851 7889 2815
7851 7889 2815
7851 7889 2815
7851 7889 2815
7851 7889 2815
7851 7889 2815
7851 7889 2815
7851 7889 2815
7851 7889 2815
7697 6605 2815
7697 6605 2815
7697 6605 2815
7697 6605 2815
7697 6605 2815
7697 6605 2815
7697 6605 2815
7697 6605 2815
7697 6605 2815
7697 6605 2815
7697 6605 2815
7697 6605 2815
7697 6605 2815
5287 8439 2815
5287 8439 2815
5287 8439 2815
5287 8439 2815
5287 8439 2815
5287 8439 2815
5287 8439 2815
5287 8439 2815
5287 8439 2815
5287 8439 2815
5287 8439 2815
5287 8439 2815
5287 8439 2815
6416 5397 2815
6416 5397 2815
6416 5397 2815
6416 5397 2815
6416 5397 2815
6416 5397 2815
6416 5397 2815
6416 5397 2815
6416 5397 2815
6416 5397 2815
6416 5397 2815
6416 5397 2815
6416 5397 2815
7859 8365 2815
7859 8365 2815
7859 8365 2815
7859 8365 2815
7859 8365 2815
7859 8365 2815
7859 8365 2815
7859 8365 2815
7859 8365 2815
7859 8365 2815
7859 8365 2815
7859 8365 2815
7859 8365 2815
5380 5334 2815
5380 5334 2815
5380 5334 2815
5380 5334 2815
5380 5334 2815
5380 5334 2815
5380 5334 2815
5380 5334 2815
5380 5334 2815
5380 5334 2815
5380 5334 2815
5380 5334 2815
5380 5334 2815
6537 6521 2816
6537 6521 2816
6537 6521 2816
6537 6521 2816
6537 6521 2816
6537 6521 2816
6537 6521 2816
6537 6521 2816
6537 6521 2816
6537 6521 2816
6537 6521 2816
6537 6521 2816
6537 6521 2816
8432 6606 2816
8432 6606 2816
8432 6606 2816
8432 6606 2816
8432 6606 2816
8432 6606 2816
8432 6606 2816
8432 6606 2816
8432 6606 2816
8432 6606 2816
8432 6606 2816
8432 6606 2816
5402 8457 2816
5402 8457 2816
5402 8457 2816
5402 8457 2816
5402 8457 2816
5402 8457 2816
5402 8457 2816
5402 8457 2816
5402 8457 2816
5402 8457 2816
5402 8457 2816
5402 8457 2816
5402 8457 2816
5994 6594 2816
5994 6594 2816
5994 6594 2816
5994 6594 2816
5994 6594 2816
5994 6594 2816
5994 6594 2816
5994 6594 2816
5994 6594 2816
5994 6594 2816
5994 6594 2816
5994 6594 2816
5994 6594 2816
6590 7754 2817
6590 7754 2817
6590 7754 2817
6590 7754 2817
6590 7754 2817
6590 7754 2817
6590 7754 2817
6590 7754 2817
6590 7754 2817
6590 7754 2817
6590 7754 2817
6590 7754 2817
6590 7754 2817
7896 7889 2817
7896 7889 2817
7896 7889 2817
7896 7889 2817
7896 7889 2817
7896 7889 2817
7896 7889 2817
7896 7889 2817
7896 7889 2817
7896 7889 2817
7896 7889 2817
7896 7889 2817
5793 5483 2817
5793 5483 2817
5793 5483 2817
5793 5483 2817
5793 5483 2817
5793 5483 2817
5793 5483 2817
5793 5483 2817
5793 5483 2817
5793 5483 2817
5793 5483 2817
5793 5483 2817
5793 5483 2817
5278 9213 2817
5278 9213 2817
5278 9213 2817
5278 9213 2817
5278 9213 2817
5278 9213 2817
5278 9213 2817
5278 9213 2817
5278 9213 2817
5278 9213 2817
5278 9213 2817
5278 9213 2817
5278 9213 2817
6010 8468 2817
6010 8468 2817
6010 8468 2817
6010 8468 2817
6010 8468 2817
6010 8468 2817
6010 8468 2817
6010 8468 2817
6010 8468 2817
6010 8468 2817
6010 8468 2817
6010 8468 2817
6010 8468 2817
6595 5359 2818
6595 5359 2818
6595 5359 2818
6595 5359 2818
6595 5359 2818
6595 5359 2818
6595 5359 2818
6595 5359 2818
6595 5359 2818
6595 5359 2818
6595 5359 2818
6595 5359 2818
6595 5359 2818
5367 8435 2818
5367 8435 2818
5367 8435 2818
5367 8435 2818
5367 8435 2818
5367 8435 2818
5367 8435 2818
5367 8435 2818
5367 8435 2818
5367 8435 2818
5367 8435 2818
5367 8435 2818
5367 8435 2818
7680 7814 2819
7680 7814 2819
7680 7814 2819
7680 7814 2819
7680 7814 2819
7680 7814 2819
7680 7814 2819
7680 7814 2819
7680 7814 2819
7680 7814 2819
7680 7814 2819
7680 7814 2819
7680 7814 2819
5925 7675 2819
5925 7675 2819
5925 7675 2819
5925 7675 2819
5925 7675 2819
5925 7675 2819
5925 7675 2819
5925 7675 2819
5925 7675 2819
5925 7675 2819
5925 7675 2819
5925 7675 2819
5925 7675 2819
7909 7814 2819
7909 7814 2819
7909 7814 2819
7909 7814 2819
7909 7814 2819
7909 7814 2819
7909 7814 2819
7909 7814 2819
7909 7814 2819
7909 7814 2819
7909 7814 2819
7909 7814 2819
5442 5353 2819
5442 5353 2819
5442 5353 2819
5442 5353 2819
5442 5353 2819
5442 5353 2819
5442 5353 2819
5442 5353 2819
5442 5353 2819
5442 5353 2819
5442 5353 2819
5442 5353 2819
5251 8452 2819
5251 8452 2819
5251 8452 2819
5251 8452 2819
5251 8452 2819
5251 8452 2819
5251 8452 2819
5251 8452 2819
5251 8452 2819
5251 8452 2819
5251 8452 2819
5251 8452 2819
7748 6605 2819
7748 6605 2819
7748 6605 2819
7748 6605 2819
7748 6605 2819
7748 6605 2819
7748 6605 2819
7748 6605 2819
7748 6605 2819
7748 6605 2819
7748 6605 2819
7748 6605 2819
7748 6605 2819
6606 7725 2819
6606 7725 2819
6606 7725 2819
6606 7725 2819
6606 7725 2819
6606 7725 2819
6606 7725 2819
6606 7725 2819
6606 7725 2819
6606 7725 2819
6606 7725 2819
6606 7725 2819
5435 5341 2819
5435 5341 2819
5435 5341 2819
5435 5341 2819
5435 5341 2819
5435 5341 2819
5435 5341 2819
5435 5341 2819
5435 5341 2819
5435 5341 2819
5435 5341 2819
5435 5341 2819
5435 5341 2819
7822 7741 2820
7822 7741 2820
7822 7741 2820
7822 7741 2820
7822 7741 2820
7822 7741 2820
7822 7741 2820
7822 7741 2820
7822 7741 2820
7822 7741 2820
7822 7741 2820
7822 7741 2820
8687 6528 2820
8687 6528 2820
8687 6528 2820
8687 6528 2820
8687 6528 2820
8687 6528 2820
8687 6528 2820
8687 6528 2820
8687 6528 2820
8687 6528 2820
8687 6528 2820
8687 6528 2820
6378 6475 2820
6378 6475 2820
6378 6475 2820
6378 6475 2820
6378 6475 2820
6378 6475 2820
6378 6475 2820
6378 6475 2820
6378 6475 2820
6378 6475 2820
6378 6475 2820
6378 6475 2820
7824 7944 2820
7824 7944 2820
7824 7944 2820
7824 7944 2820
7824 7944 2820
7824 7944 2820
7824 7944 2820
7824 7944 2820
7824 7944 2820
7824 7944 2820
7824 7944 2820
7824 7944 2820
7824 7944 2820
7895 7655 2820
7895 7655 2820
7895 7655 2820
7895 7655 2820
7895 7655 2820
7895 7655 2820
7895 7655 2820
7895 7655 2820
7895 7655 2820
7895 7655 2820
7895 7655 2820
7895 7655 2820
5462 5272 2821
5462 5272 2821
5462 5272 2821
5462 5272 2821
5462 5272 2821
5462 5272 2821
5462 5272 2821
5462 5272 2821
5462 5272 2821
5462 5272 2821
5462 5272 2821
5462 5272 2821
5462 5272 2821
7904 7865 2821
7904 7865 2821
7904 7865 2821
7904 7865 2821
7904 7865 2821
7904 7865 2821
7904 7865 2821
7904 7865 2821
7904 7865 2821
7904 7865 2821
7904 7865 2821
7904 7865 2821
7904 7865 2821
5356 8474 2821
5356 8474 2821
5356 8474 2821
5356 8474 2821
5356 8474 2821
5356 8474 2821
5356 8474 2821
5356 8474 2821
5356 8474 2821
5356 8474 2821
5356 8474 2821
5356 8474 2821
6613 5392 2821
6613 5392 2821
6613 5392 2821
6613 5392 2821
6613 5392 2821
6613 5392 2821
6613 5392 2821
6613 5392 2821
6613 5392 2821
6613 5392 2821
6613 5392 2821
6613 5392 2821
6613 5392 2821
6590 7688 2821
6590 7688 2821
6590 7688 2821
6590 7688 2821
6590 7688 2821
6590 7688 2821
6590 7688 2821
6590 7688 2821
6590 7688 2821
6590 7688 2821
6590 7688 2821
6590 7688 2821
7772 6609 2822
7772 6609 2822
7772 6609 2822
7772 6609 2822
7772 6609 2822
7772 6609 2822
7772 6609 2822
7772 6609 2822
7772 6609 2822
7772 6609 2822
7772 6609 2822
7772 6609 2822
7772 6609 2822
6499 6331 2822
6499 6331 2822
6499 6331 2822
6499 6331 2822
6499 6331 2822
6499 6331 2822
6499 6331 2822
6499 6331 2822
6499 6331 2822
6499 6331 2822
6499 6331 2822
6499 6331 2822
7922 7830 2823
7922 7830 2823
7922 7830 2823
7922 7830 2823
7922 7830 2823
7922 7830 2823
7922 7830 2823
7922 7830 2823
7922 7830 2823
7922 7830 2823
7922 7830 2823
7922 7830 2823
7922 7830 2823
6475 7687 2823
6475 7687 2823
6475 7687 2823
6475 7687 2823
6475 7687 2823
6475 7687 2823
6475 7687 2823
6475 7687 2823
6475 7687 2823
6475 7687 2823
6475 7687 2823
6475 7687 2823
6034 5990 2823
6034 5990 2823
6034 5990 2823
6034 5990 2823
6034 5990 2823
6034 5990 2823
6034 5990 2823
6034 5990 2823
6034 5990 2823
6034 5990 2823
6034 5990 2823
6034 5990 2823
6034 5990 2823
8449 7724 2823
8449 7724 2823
8449 7724 2823
8449 7724 2823
8449 7724 2823
8449 7724 2823
8449 7724 2823
8449 7724 2823
8449 7724 2823
8449 7724 2823
8449 7724 2823
8449 7724 2823
5551 5377 2824
5551 5377 2824
5551 5377 2824
5551 5377 2824
5551 5377 2824
5551 5377 2824
5551 5377 2824
5551 5377 2824
5551 5377 2824
5551 5377 2824
5551 5377 2824
5551 5377 2824
6593 7723 2824
6593 7723 2824
6593 7723 2824
6593 7723 2824
6593 7723 2824
6593 7723 2824
6593 7723 2824
6593 7723 2824
6593 7723 2824
6593 7723 2824
6593 7723 2824
6593 7723 2824
6472 7664 2824
6472 7664 2824
6472 7664 2824
6472 7664 2824
6472 7664 2824
6472 7664 2824
6472 7664 2824
6472 7664 2824
6472 7664 2824
6472 7664 2824
6472 7664 2824
6472 7664 2824
6472 7664 2824
6551 6537 2824
6551 6537 2824
6551 6537 2824
6551 6537 2824
6551 6537 2824
6551 6537 2824
6551 6537 2824
6551 6537 2824
6551 6537 2824
6551 6537 2824
6551 6537 2824
6551 6537 2824
6551 6537 2824
8461 6584 2824
8461 6584 2824
8461 6584 2824
8461 6584 2824
8461 6584 2824
8461 6584 2824
8461 6584 2824
8461 6584 2824
8461 6584 2824
8461 6584 2824
8461 6584 2824
8461 6584 2824
8449 5419 2824
8449 5419 2824
8449 5419 2824
8449 5419 2824
8449 5419 2824
8449 5419 2824
8449 5419 2824
8449 5419 2824
8449 5419 2824
8449 5419 2824
8449 5419 2824
8449 5419 2824
8817 9202 2825
8817 9202 2825
8817 9202 2825
8817 9202 2825
8817 9202 2825
8817 9202 2825
8817 9202 2825
8817 9202 2825
8817 9202 2825
8817 9202 2825
8817 9202 2825
8817 9202 2825
7705 7919 2825
7705 7919 2825
7705 7919 2825
7705 7919 2825
7705 7919 2825
7705 7919 2825
7705 7919 2825
7705 7919 2825
7705 7919 2825
7705 7919 2825
7705 7919 2825
7705 7919 2825
7705 7919 2825
6018 5354 2825
6018 5354 2825
6018 5354 2825
6018 5354 2825
6018 5354 2825
6018 5354 2825
6018 5354 2825
6018 5354 2825
6018 5354 2825
6018 5354 2825
6018 5354 2825
6018 5354 2825
6018 5354 2825
6327 7502 2825
6327 7502 2825
6327 7502 2825
6327 7502 2825
6327 7502 2825
6327 7502 2825
6327 7502 2825
6327 7502 2825
6327 7502 2825
6327 7502 2825
6327 7502 2825
6327 7502 2825
6327 7502 2825
5358 5413 2826
5358 5413 2826
5358 5413 2826
5358 5413 2826
5358 5413 2826
5358 5413 2826
5358 5413 2826
5358 5413 2826
5358 5413 2826
5358 5413 2826
5358 5413 2826
5358 5413 2826
5358 5413 2826
7773 7843 2826
7773 7843 2826
7773 7843 2826
7773 7843 2826
7773 7843 2826
7773 7843 2826
7773 7843 2826
7773 7843 2826
7773 7843 2826
7773 7843 2826
7773 7843 2826
7773 7843 2826
7773 7843 2826
7695 7713 2826
7695 7713 2826
7695 7713 2826
7695 7713 2826
7695 7713 2826
7695 7713 2826
7695 7713 2826
7695 7713 2826
7695 7713 2826
7695 7713 2826
7695 7713 2826
7695 7713 2826
7797 7926 2826
7797 7926 2826
7797 7926 2826
7797 7926 2826
7797 7926 2826
7797 7926 2826
7797 7926 2826
7797 7926 2826
7797 7926 2826
7797 7926 2826
7797 7926 2826
7797 7926 2826
7797 7926 2826
7899 7805 2826
7899 7805 2826
7899 7805 2826
7899 7805 2826
7899 7805 2826
7899 7805 2826
7899 7805 2826
7899 7805 2826
7899 7805 2826
7899 7805 2826
7899 7805 2826
7899 7805 2826
7899 7805 2826
5398 5310 2827
5398 5310 2827
5398 5310 2827
5398 5310 2827
5398 5310 2827
5398 5310 2827
5398 5310 2827
5398 5310 2827
5398 5310 2827
5398 5310 2827
5398 5310 2827
5398 5310 2827
5285 5480 2827
5285 5480 2827
5285 5480 2827
5285 5480 2827
5285 5480 2827
5285 5480 2827
5285 5480 2827
5285 5480 2827
5285 5480 2827
5285 5480 2827
5285 5480 2827
5285 5480 2827
5285 5480 2827
7893 7971 2827
7893 7971 2827
7893 7971 2827
7893 7971 2827
7893 7971 2827
7893 7971 2827
7893 7971 2827
7893 7971 2827
7893 7971 2827
7893 7971 2827
7893 7971 2827
7893 7971 2827
6043 6600 2827
6043 6600 2827
6043 6600 2827
6043 6600 2827
6043 6600 2827
6043 6600 2827
6043 6600 2827
6043 6600 2827
6043 6600 2827
6043 6600 2827
6043 6600 2827
6043 6600 2827
8710 6390 2828
8710 6390 2828
8710 6390 2828
8710 6390 2828
8710 6390 2828
8710 6390 2828
8710 6390 2828
8710 6390 2828
8710 6390 2828
8710 6390 2828
8710 6390 2828
8710 6390 2828
8710 6390 2828
5285 5471 2828
5285 5471 2828
5285 5471 2828
5285 5471 2828
5285 5471 2828
5285 5471 2828
5285 5471 2828
5285 5471 2828
5285 5471 2828
5285 5471 2828
5285 5471 2828
5285 5471 2828
5285 5471 2828
7769 7739 2828
7769 7739 2828
7769 7739 2828
7769 7739 2828
7769 7739 2828
7769 7739 2828
7769 7739 2828
7769 7739 2828
7769 7739 2828
7769 7739 2828
7769 7739 2828
7769 7739 2828
7769 7739 2828
5359 6019 2828
5359 6019 2828
5359 6019 2828
5359 6019 2828
5359 6019 2828
5359 6019 2828
5359 6019 2828
5359 6019 2828
5359 6019 2828
5359 6019 2828
5359 6019 2828
5359 6019 2828
5359 6019 2828
6328 7492 2829
6328 7492 2829
6328 7492 2829
6328 7492 2829
6328 7492 2829
6328 7492 2829
6328 7492 2829
6328 7492 2829
6328 7492 2829
6328 7492 2829
6328 7492 2829
6328 7492 2829
6328 7492 2829
6517 7747 2829
6517 7747 2829
6517 7747 2829
6517 7747 2829
6517 7747 2829
6517 7747 2829
6517 7747 2829
6517 7747 2829
6517 7747 2829
6517 7747 2829
6517 7747 2829
6517 7747 2829
7975 8370 2829
7975 8370 2829
7975 8370 2829
7975 8370 2829
7975 8370 2829
7975 8370 2829
7975 8370 2829
7975 8370 2829
7975 8370 2829
7975 8370 2829
7975 8370 2829
7975 8370 2829
5252 9158 2829
5252 9158 2829
5252 9158 2829
5252 9158 2829
5252 9158 2829
5252 9158 2829
5252 9158 2829
5252 9158 2829
5252 9158 2829
5252 9158 2829
5252 9158 2829
5252 9158 2829
5254 5294 2830
5254 5294 2830
5254 5294 2830
5254 5294 2830
5254 5294 2830
5254 5294 2830
5254 5294 2830
5254 5294 2830
5254 5294 2830
5254 5294 2830
5254 5294 2830
5254 5294 2830
5254 5294 2830
6516 7486 2830
6516 7486 2830
6516 7486 2830
6516 7486 2830
6516 7486 2830
6516 7486 2830
6516 7486 2830
6516 7486 2830
6516 7486 2830
6516 7486 2830
6516 7486 2830
6516 7486 2830
6516 7486 2830
8785 5334 2830
8785 5334 2830
8785 5334 2830
8785 5334 2830
8785 5334 2830
8785 5334 2830
8785 5334 2830
8785 5334 2830
8785 5334 2830
8785 5334 2830
8785 5334 2830
8785 5334 2830
6459 8680 2831
6459 8680 2831
6459 8680 2831
6459 8680 2831
6459 8680 2831
6459 8680 2831
6459 8680 2831
6459 8680 2831
6459 8680 2831
6459 8680 2831
6459 8680 2831
6459 8680 2831
8402 5415 2831
8402 5415 2831
8402 5415 2831
8402 5415 2831
8402 5415 2831
8402 5415 2831
8402 5415 2831
8402 5415 2831
8402 5415 2831
8402 5415 2831
8402 5415 2831
8402 5415 2831
7884 7960 2831
7884 7960 2831
7884 7960 2831
7884 7960 2831
7884 7960 2831
7884 7960 2831
7884 7960 2831
7884 7960 2831
7884 7960 2831
7884 7960 2831
7884 7960 2831
7884 7960 2831
5446 5358 2831
5446 5358 2831
5446 5358 2831
5446 5358 2831
5446 5358 2831
5446 5358 2831
5446 5358 2831
5446 5358 2831
5446 5358 2831
5446 5358 2831
5446 5358 2831
5446 5358 2831
5268 6545 2831
5268 6545 2831
5268 6545 2831
5268 6545 2831
5268 6545 2831
5268 6545 2831
5268 6545 2831
5268 6545 2831
5268 6545 2831
5268 6545 2831
5268 6545 2831
5268 6545 2831
5268 6545 2831
8475 9715 2831
8475 9715 2831
8475 9715 2831
8475 9715 2831
8475 9715 2831
8475 9715 2831
8475 9715 2831
8475 9715 2831
8475 9715 2831
8475 9715 2831
8475 9715 2831
8475 9715 2831
8475 9715 2831
8476 5398 2832
8476 5398 2832
8476 5398 2832
8476 5398 2832
8476 5398 2832
8476 5398 2832
8476 5398 2832
8476 5398 2832
8476 5398 2832
8476 5398 2832
8476 5398 2832
8476 5398 2832
8476 5398 2832
6042 5990 2832
6042 5990 2832
6042 5990 2832
6042 5990 2832
6042 5990 2832
6042 5990 2832
6042 5990 2832
6042 5990 2832
6042 5990 2832
6042 5990 2832
6042 5990 2832
6042 5990 2832
7654 7519 2833
7654 7519 2833
7654 7519 2833
7654 7519 2833
7654 7519 2833
7654 7519 2833
7654 7519 2833
7654 7519 2833
7654 7519 2833
7654 7519 2833
7654 7519 2833
7654 7519 2833
7654 7519 2833
7878 7812 2833
7878 7812 2833
7878 7812 2833
7878 7812 2833
7878 7812 2833
7878 7812 2833
7878 7812 2833
7878 7812 2833
7878 7812 2833
7878 7812 2833
7878 7812 2833
7878 7812 2833
7878 7812 2833
7701 7634 2833
7701 7634 2833
7701 7634 2833
7701 7634 2833
7701 7634 2833
7701 7634 2833
7701 7634 2833
7701 7634 2833
7701 7634 2833
7701 7634 2833
7701 7634 2833
7701 7634 2833
6543 8680 2834
6543 8680 2834
6543 8680 2834
6543 8680 2834
6543 8680 2834
6543 8680 2834
6543 8680 2834
6543 8680 2834
6543 8680 2834
6543 8680 2834
6543 8680 2834
6543 8680 2834
5528 5432 2834
5528 5432 2834
5528 5432 2834
5528 5432 2834
5528 5432 2834
5528 5432 2834
5528 5432 2834
5528 5432 2834
5528 5432 2834
5528 5432 2834
5528 5432 2834
5528 5432 2834
5297 5355 2834
5297 5355 2834
5297 5355 2834
5297 5355 2834
5297 5355 2834
5297 5355 2834
5297 5355 2834
5297 5355 2834
5297 5355 2834
5297 5355 2834
5297 5355 2834
5297 5355 2834
6407 8687 2834
6407 8687 2834
6407 8687 2834
6407 8687 2834
6407 8687 2834
6407 8687 2834
6407 8687 2834
6407 8687 2834
6407 8687 2834
6407 8687 2834
6407 8687 2834
6407 8687 2834
6095 6017 2834
6095 6017 2834
6095 6017 2834
6095 6017 2834
6095 6017 2834
6095 6017 2834
6095 6017 2834
6095 6017 2834
6095 6017 2834
6095 6017 2834
6095 6017 2834
6095 6017 2834
7786 8461 2834
7786 8461 2834
7786 8461 2834
7786 8461 2834
7786 8461 2834
7786 8461 2834
7786 8461 2834
7786 8461 2834
7786 8461 2834
7786 8461 2834
7786 8461 2834
7786 8461 2834
7786 8461 2834
5354 6541 2834
5354 6541 2834
5354 6541 2834
5354 6541 2834
5354 6541 2834
5354 6541 2834
5354 6541 2834
5354 6541 2834
5354 6541 2834
5354 6541 2834
5354 6541 2834
5354 6541 2834
7740 7761 2835
7740 7761 2835
7740 7761 2835
7740 7761 2835
7740 7761 2835
7740 7761 2835
7740 7761 2835
7740 7761 2835
7740 7761 2835
7740 7761 2835
7740 7761 2835
7740 7761 2835
5358 6607 2835
5358 6607 2835
5358 6607 2835
5358 6607 2835
5358 6607 2835
5358 6607 2835
5358 6607 2835
5358 6607 2835
5358 6607 2835
5358 6607 2835
5358 6607 2835
5358 6607 2835
5358 6607 2835
5433 5401 2836
5433 5401 2836
5433 5401 2836
5433 5401 2836
5433 5401 2836
5433 5401 2836
5433 5401 2836
5433 5401 2836
5433 5401 2836
5433 5401 2836
5433 5401 2836
5433 5401 2836
5556 5280 2836
5556 5280 2836
5556 5280 2836
5556 5280 2836
5556 5280 2836
5556 5280 2836
5556 5280 2836
5556 5280 2836
5556 5280 2836
5556 5280 2836
5556 5280 2836
5556 5280 2836
5355 5393 2836
5355 5393 2836
5355 5393 2836
5355 5393 2836
5355 5393 2836
5355 5393 2836
5355 5393 2836
5355 5393 2836
5355 5393 2836
5355 5393 2836
5355 5393 2836
5355 5393 2836
8443 6594 2836
8443 6594 2836
8443 6594 2836
8443 6594 2836
8443 6594 2836
8443 6594 2836
8443 6594 2836
8443 6594 2836
8443 6594 2836
8443 6594 2836
8443 6594 2836
8443 6594 2836
8443 6594 2836
5260 8777 2837
5260 8777 2837
5260 8777 2837
5260 8777 2837
5260 8777 2837
5260 8777 2837
5260 8777 2837
5260 8777 2837
5260 8777 2837
5260 8777 2837
5260 8777 2837
5260 8777 2837
5566 5442 2837
5566 5442 2837
5566 5442 2837
5566 5442 2837
5566 5442 2837
5566 5442 2837
5566 5442 2837
5566 5442 2837
5566 5442 2837
5566 5442 2837
5566 5442 2837
5566 5442 2837
5566 5442 2837
7774 6583 2837
7774 6583 2837
7774 6583 2837
7774 6583 2837
7774 6583 2837
7774 6583 2837
7774 6583 2837
7774 6583 2837
7774 6583 2837
7774 6583 2837
7774 6583 2837
7774 6583 2837
7774 6583 2837
7904 7919 2838
7904 7919 2838
7904 7919 2838
7904 7919 2838
7904 7919 2838
7904 7919 2838
7904 7919 2838
7904 7919 2838
7904 7919 2838
7904 7919 2838
7904 7919 2838
7904 7919 2838
7904 7919 2838
6521 6491 2838
6521 6491 2838
6521 6491 2838
6521 6491 2838
6521 6491 2838
6521 6491 2838
6521 6491 2838
6521 6491 2838
6521 6491 2838
6521 6491 2838
6521 6491 2838
6521 6491 2838
6521 6491 2838
8354 7891 2838
8354 7891 2838
8354 7891 2838
8354 7891 2838
8354 7891 2838
8354 7891 2838
8354 7891 2838
8354 7891 2838
8354 7891 2838
8354 7891 2838
8354 7891 2838
8354 7891 2838
8480 6580 2838
8480 6580 2838
8480 6580 2838
8480 6580 2838
8480 6580 2838
8480 6580 2838
8480 6580 2838
8480 6580 2838
8480 6580 2838
8480 6580 2838
8480 6580 2838
8480 6580 2838
5363 6034 2839
5363 6034 2839
5363 6034 2839
5363 6034 2839
5363 6034 2839
5363 6034 2839
5363 6034 2839
5363 6034 2839
5363 6034 2839
5363 6034 2839
5363 6034 2839
5363 6034 2839
6514 7686 2839
6514 7686 2839
6514 7686 2839
6514 7686 2839
6514 7686 2839
6514 7686 2839
6514 7686 2839
6514 7686 2839
6514 7686 2839
6514 7686 2839
6514 7686 2839
6514 7686 2839
6514 7686 2839
7659 7841 2840
7659 7841 2840
7659 7841 2840
7659 7841 2840
7659 7841 2840
7659 7841 2840
7659 7841 2840
7659 7841 2840
7659 7841 2840
7659 7841 2840
7659 7841 2840
7659 7841 2840
7924 7752 2840
7924 7752 2840
7924 7752 2840
7924 7752 2840
7924 7752 2840
7924 7752 2840
7924 7752 2840
7924 7752 2840
7924 7752 2840
7924 7752 2840
7924 7752 2840
7924 7752 2840
6529 5259 2840
6529 5259 2840
6529 5259 2840
6529 5259 2840
6529 5259 2840
6529 5259 2840
6529 5259 2840
6529 5259 2840
6529 5259 2840
6529 5259 2840
6529 5259 2840
6529 5259 2840
6529 5259 2840
5323 5292 2841
5323 5292 2841
5323 5292 2841
5323 5292 2841
5323 5292 2841
5323 5292 2841
5323 5292 2841
5323 5292 2841
5323 5292 2841
5323 5292 2841
5323 5292 2841
5323 5292 2841
5441 5258 2841
5441 5258 2841
5441 5258 2841
5441 5258 2841
5441 5258 2841
5441 5258 2841
5441 5258 2841
5441 5258 2841
5441 5258 2841
5441 5258 2841
5441 5258 2841
5441 5258 2841
7646 7825 2841
7646 7825 2841
7646 7825 2841
7646 7825 2841
7646 7825 2841
7646 7825 2841
7646 7825 2841
7646 7825 2841
7646 7825 2841
7646 7825 2841
7646 7825 2841
7646 7825 2841
7646 7825 2841
5515 9279 2841
5515 9279 2841
5515 9279 2841
5515 9279 2841
5515 9279 2841
5515 9279 2841
5515 9279 2841
5515 9279 2841
5515 9279 2841
5515 9279 2841
5515 9279 2841
5515 9279 2841
5515 9279 2841
6035 5439 2841
6035 5439 2841
6035 5439 2841
6035 5439 2841
6035 5439 2841
6035 5439 2841
6035 5439 2841
6035 5439 2841
6035 5439 2841
6035 5439 2841
6035 5439 2841
6035 5439 2841
6035 5439 2841
7885 7911 2841
7885 7911 2841
7885 7911 2841
7885 7911 2841
7885 7911 2841
7885 7911 2841
7885 7911 2841
7885 7911 2841
7885 7911 2841
7885 7911 2841
7885 7911 2841
7885 7911 2841
7885 7911 2841
6424 8687 2842
6424 8687 2842
6424 8687 2842
6424 8687 2842
6424 8687 2842
6424 8687 2842
6424 8687 2842
6424 8687 2842
6424 8687 2842
6424 8687 2842
6424 8687 2842
6424 8687 2842
6424 8687 2842
8354 7979 2842
8354 7979 2842
8354 7979 2842
8354 7979 2842
8354 7979 2842
8354 7979 2842
8354 7979 2842
8354 7979 2842
8354 7979 2842
8354 7979 2842
8354 7979 2842
8354 7979 2842
8354 7979 2842
7746 7884 2842
7746 7884 2842
7746 7884 2842
7746 7884 2842
7746 7884 2842
7746 7884 2842
7746 7884 2842
7746 7884 2842
7746 7884 2842
7746 7884 2842
7746 7884 2842
7746 7884 2842
7746 7884 2842
6418 9146 2842
6418 9146 2842
6418 9146 2842
6418 9146 2842
6418 9146 2842
6418 9146 2842
6418 9146 2842
6418 9146 2842
6418 9146 2842
6418 9146 2842
6418 9146 2842
6418 9146 2842
6418 9146 2842
7731 6573 2842
7731 6573 2842
7731 6573 2842
7731 6573 2842
7731 6573 2842
7731 6573 2842
7731 6573 2842
7731 6573 2842
7731 6573 2842
7731 6573 2842
7731 6573 2842
7731 6573 2842
7731 6573 2842
6547 6537 2843
6547 6537 2843
6547 6537 2843
6547 6537 2843
6547 6537 2843
6547 6537 2843
6547 6537 2843
6547 6537 2843
6547 6537 2843
6547 6537 2843
6547 6537 2843
6547 6537 2843
6547 6537 2843
5477 5446 2843
5477 5446 2843
5477 5446 2843
5477 5446 2843
5477 5446 2843
5477 5446 2843
5477 5446 2843
5477 5446 2843
5477 5446 2843
5477 5446 2843
5477 5446 2843
5477 5446 2843
5432 5376 2843
5432 5376 2843
5432 5376 2843
5432 5376 2843
5432 5376 2843
5432 5376 2843
5432 5376 2843
5432 5376 2843
5432 5376 2843
5432 5376 2843
5432 5376 2843
5432 5376 2843
6523 8440 2843
6523 8440 2843
6523 8440 2843
6523 8440 2843
6523 8440 2843
6523 8440 2843
6523 8440 2843
6523 8440 2843
6523 8440 2843
6523 8440 2843
6523 8440 2843
6523 8440 2843
6042 8438 2843
6042 8438 2843
6042 8438 2843
6042 8438 2843
6042 8438 2843
6042 8438 2843
6042 8438 2843
6042 8438 2843
6042 8438 2843
6042 8438 2843
6042 8438 2843
6042 8438 2843
7770 6537 2843
7770 6537 2843
7770 6537 2843
7770 6537 2843
7770 6537 2843
7770 6537 2843
7770 6537 2843
7770 6537 2843
7770 6537 2843
7770 6537 2843
7770 6537 2843
7770 6537 2843
7770 6537 2843
7917 7808 2844
7917 7808 2844
7917 7808 2844
7917 7808 2844
7917 7808 2844
7917 7808 2844
7917 7808 2844
7917 7808 2844
7917 7808 2844
7917 7808 2844
7917 7808 2844
7917 7808 2844
7917 7808 2844
6561 8449 2844
6561 8449 2844
6561 8449 2844
6561 8449 2844
6561 8449 2844
6561 8449 2844
6561 8449 2844
6561 8449 2844
6561 8449 2844
6561 8449 2844
6561 8449 2844
6561 8449 2844
6025 5456 2845
6025 5456 2845
6025 5456 2845
6025 5456 2845
6025 5456 2845
6025 5456 2845
6025 5456 2845
6025 5456 2845
6025 5456 2845
6025 5456 2845
6025 5456 2845
6025 5456 2845
5275 5421 2845
5275 5421 2845
5275 5421 2845
5275 5421 2845
5275 5421 2845
5275 5421 2845
5275 5421 2845
5275 5421 2845
5275 5421 2845
5275 5421 2845
5275 5421 2845
5275 5421 2845
6531 7677 2845
6531 7677 2845
6531 7677 2845
6531 7677 2845
6531 7677 2845
6531 7677 2845
6531 7677 2845
6531 7677 2845
6531 7677 2845
6531 7677 2845
6531 7677 2845
6531 7677 2845
6531 7677 2845
5425 6000 2845
5425 6000 2845
5425 6000 2845
5425 6000 2845
5425 6000 2845
5425 6000 2845
5425 6000 2845
5425 6000 2845
5425 6000 2845
5425 6000 2845
5425 6000 2845
5425 6000 2845
5425 6000 2845
7754 7965 2845
7754 7965 2845
7754 7965 2845
7754 7965 2845
7754 7965 2845
7754 7965 2845
7754 7965 2845
7754 7965 2845
7754 7965 2845
7754 7965 2845
7754 7965 2845
7754 7965 2845
7754 7965 2845
6531 6504 2846
6531 6504 2846
6531 6504 2846
6531 6504 2846
6531 6504 2846
6531 6504 2846
6531 6504 2846
6531 6504 2846
6531 6504 2846
6531 6504 2846
6531 6504 2846
6531 6504 2846
6531 6504 2846
7714 7730 2846
7714 7730 2846
7714 7730 2846
7714 7730 2846
7714 7730 2846
7714 7730 2846
7714 7730 2846
7714 7730 2846
7714 7730 2846
7714 7730 2846
7714 7730 2846
7714 7730 2846
5428 5293 2846
5428 5293 2846
5428 5293 2846
5428 5293 2846
5428 5293 2846
5428 5293 2846
5428 5293 2846
5428 5293 2846
5428 5293 2846
5428 5293 2846
5428 5293 2846
5428 5293 2846
5428 5293 2846
8748 9164 2846
8748 9164 2846
8748 9164 2846
8748 9164 2846
8748 9164 2846
8748 9164 2846
8748 9164 2846
8748 9164 2846
8748 9164 2846
8748 9164 2846
8748 9164 2846
8748 9164 2846
7494 6496 2846
7494 6496 2846
7494 6496 2846
7494 6496 2846
7494 6496 2846
7494 6496 2846
7494 6496 2846
7494 6496 2846
7494 6496 2846
7494 6496 2846
7494 6496 2846
7494 6496 2846
5533 5566 2847
5533 5566 2847
5533 5566 2847
5533 5566 2847
5533 5566 2847
5533 5566 2847
5533 5566 2847
5533 5566 2847
5533 5566 2847
5533 5566 2847
5533 5566 2847
5533 5566 2847
5533 5566 2847
9143 9635 2847
9143 9635 2847
9143 9635 2847
9143 9635 2847
9143 9635 2847
9143 9635 2847
9143 9635 2847
9143 9635 2847
9143 9635 2847
9143 9635 2847
9143 9635 2847
9143 9635 2847
5574 5466 2847
5574 5466 2847
5574 5466 2847
5574 5466 2847
5574 5466 2847
5574 5466 2847
5574 5466 2847
5574 5466 2847
5574 5466 2847
5574 5466 2847
5574 5466 2847
5574 5466 2847
7698 7635 2847
7698 7635 2847
7698 7635 2847
7698 7635 2847
7698 7635 2847
7698 7635 2847
7698 7635 2847
7698 7635 2847
7698 7635 2847
7698 7635 2847
7698 7635 2847
7698 7635 2847
7698 7635 2847
5277 5305 2848
5277 5305 2848
5277 5305 2848
5277 5305 2848
5277 5305 2848
5277 5305 2848
5277 5305 2848
5277 5305 2848
5277 5305 2848
5277 5305 2848
5277 5305 2848
5277 5305 2848
7896 7820 2848
7896 7820 2848
7896 7820 2848
7896 7820 2848
7896 7820 2848
7896 7820 2848
7896 7820 2848
7896 7820 2848
7896 7820 2848
7896 7820 2848
7896 7820 2848
7896 7820 2848
9214 5468 2848
9214 5468 2848
9214 5468 2848
9214 5468 2848
9214 5468 2848
9214 5468 2848
9214 5468 2848
9214 5468 2848
9214 5468 2848
9214 5468 2848
9214 5468 2848
9214 5468 2848
7750 7788 2848
7750 7788 2848
7750 7788 2848
7750 7788 2848
7750 7788 2848
7750 7788 2848
7750 7788 2848
7750 7788 2848
7750 7788 2848
7750 7788 2848
7750 7788 2848
7750 7788 2848
5486 5720 2849
5486 5720 2849
5486 5720 2849
5486 5720 2849
5486 5720 2849
5486 5720 2849
5486 5720 2849
5486 5720 2849
5486 5720 2849
5486 5720 2849
5486 5720 2849
5486 5720 2849
8453 7785 2849
8453 7785 2849
8453 7785 2849
8453 7785 2849
8453 7785 2849
8453 7785 2849
8453 7785 2849
8453 7785 2849
8453 7785 2849
8453 7785 2849
8453 7785 2849
8453 7785 2849
8453 7785 2849
7692 6384 2849
7692 6384 2849
7692 6384 2849
7692 6384 2849
7692 6384 2849
7692 6384 2849
7692 6384 2849
7692 6384 2849
7692 6384 2849
7692 6384 2849
7692 6384 2849
7692 6384 2849
5444 5463 2849
5444 5463 2849
5444 5463 2849
5444 5463 2849
5444 5463 2849
5444 5463 2849
5444 5463 2849
5444 5463 2849
5444 5463 2849
5444 5463 2849
5444 5463 2849
5444 5463 2849
5444 5463 2849
7725 6527 2849
7725 6527 2849
7725 6527 2849
7725 6527 2849
7725 6527 2849
7725 6527 2849
7725 6527 2849
7725 6527 2849
7725 6527 2849
7725 6527 2849
7725 6527 2849
7725 6527 2849
5413 5985 2849
5413 5985 2849
5413 5985 2849
5413 5985 2849
5413 5985 2849
5413 5985 2849
5413 5985 2849
5413 5985 2849
5413 5985 2849
5413 5985 2849
5413 5985 2849
5413 5985 2849
5313 5284 2850
5313 5284 2850
5313 5284 2850
5313 5284 2850
5313 5284 2850
5313 5284 2850
5313 5284 2850
5313 5284 2850
5313 5284 2850
5313 5284 2850
5313 5284 2850
5313 5284 2850
5313 5284 2850
7753 6561 2850
7753 6561 2850
7753 6561 2850
7753 6561 2850
7753 6561 2850
7753 6561 2850
7753 6561 2850
7753 6561 2850
7753 6561 2850
7753 6561 2850
7753 6561 2850
7753 6561 2850
5529 5376 2850
5529 5376 2850
5529 5376 2850
5529 5376 2850
5529 5376 2850
5529 5376 2850
5529 5376 2850
5529 5376 2850
5529 5376 2850
5529 5376 2850
5529 5376 2850
5529 5376 2850
6583 6611 2850
6583 6611 2850
6583 6611 2850
6583 6611 2850
6583 6611 2850
6583 6611 2850
6583 6611 2850
6583 6611 2850
6583 6611 2850
6583 6611 2850
6583 6611 2850
6583 6611 2850
6583 6611 2850
5493 5294 2850
5493 5294 2850
5493 5294 2850
5493 5294 2850
5493 5294 2850
5493 5294 2850
5493 5294 2850
5493 5294 2850
5493 5294 2850
5493 5294 2850
5493 5294 2850
5493 5294 2850
7761 6543 2851
7761 6543 2851
7761 6543 2851
7761 6543 2851
7761 6543 2851
7761 6543 2851
7761 6543 2851
7761 6543 2851
7761 6543 2851
7761 6543 2851
7761 6543 2851
7761 6543 2851
7761 6543 2851
5368 8768 2851
5368 8768 2851
5368 8768 2851
5368 8768 2851
5368 8768 2851
5368 8768 2851
5368 8768 2851
5368 8768 2851
5368 8768 2851
5368 8768 2851
5368 8768 2851
5368 8768 2851
5368 8768 2851
7746 7676 2851
7746 7676 2851
7746 7676 2851
7746 7676 2851
7746 7676 2851
7746 7676 2851
7746 7676 2851
7746 7676 2851
7746 7676 2851
7746 7676 2851
7746 7676 2851
7746 7676 2851
6031 5558 2851
6031 5558 2851
6031 5558 2851
6031 5558 2851
6031 5558 2851
6031 5558 2851
6031 5558 2851
6031 5558 2851
6031 5558 2851
6031 5558 2851
6031 5558 2851
6031 5558 2851
6031 5558 2851
5403 8436 2851
5403 8436 2851
5403 8436 2851
5403 8436 2851
5403 8436 2851
5403 8436 2851
5403 8436 2851
5403 8436 2851
5403 8436 2851
5403 8436 2851
5403 8436 2851
5403 8436 2851
5443 5507 2851
5443 5507 2851
5443 5507 2851
5443 5507 2851
5443 5507 2851
5443 5507 2851
5443 5507 2851
5443 5507 2851
5443 5507 2851
5443 5507 2851
5443 5507 2851
5443 5507 2851
7717 7734 2851
7717 7734 2851
7717 7734 2851
7717 7734 2851
7717 7734 2851
7717 7734 2851
7717 7734 2851
7717 7734 2851
7717 7734 2851
7717 7734 2851
7717 7734 2851
7717 7734 2851
7692 7703 2851
7692 7703 2851
7692 7703 2851
7692 7703 2851
7692 7703 2851
7692 7703 2851
7692 7703 2851
7692 7703 2851
7692 7703 2851
7692 7703 2851
7692 7703 2851
7692 7703 2851
9261 5519 2852
9261 5519 2852
9261 5519 2852
9261 5519 2852
9261 5519 2852
9261 5519 2852
9261 5519 2852
9261 5519 2852
9261 5519 2852
9261 5519 2852
9261 5519 2852
9261 5519 2852
5275 5530 2853
5275 5530 2853
5275 5530 2853
5275 5530 2853
5275 5530 2853
5275 5530 2853
5275 5530 2853
5275 5530 2853
5275 5530 2853
5275 5530 2853
5275 5530 2853
5275 5530 2853
8432 6529 2854
8432 6529 2854
8432 6529 2854
8432 6529 2854
8432 6529 2854
8432 6529 2854
8432 6529 2854
8432 6529 2854
8432 6529 2854
8432 6529 2854
8432 6529 2854
8432 6529 2854
8432 6529 2854
8467 8436 2854
8467 8436 2854
8467 8436 2854
8467 8436 2854
8467 8436 2854
8467 8436 2854
8467 8436 2854
8467 8436 2854
8467 8436 2854
8467 8436 2854
8467 8436 2854
8467 8436 2854
8467 8436 2854
6590 5375 2854
6590 5375 2854
6590 5375 2854
6590 5375 2854
6590 5375 2854
6590 5375 2854
6590 5375 2854
6590 5375 2854
6590 5375 2854
6590 5375 2854
6590 5375 2854
6590 5375 2854
7906 7963 2854
7906 7963 2854
7906 7963 2854
7906 7963 2854
7906 7963 2854
7906 7963 2854
7906 7963 2854
7906 7963 2854
7906 7963 2854
7906 7963 2854
7906 7963 2854
7906 7963 2854
7906 7963 2854
5288 5444 2854
5288 5444 2854
5288 5444 2854
5288 5444 2854
5288 5444 2854
5288 5444 2854
5288 5444 2854
5288 5444 2854
5288 5444 2854
5288 5444 2854
5288 5444 2854
5288 5444 2854
5288 5444 2854
6577 6544 2855
6577 6544 2855
6577 6544 2855
6577 6544 2855
6577 6544 2855
6577 6544 2855
6577 6544 2855
6577 6544 2855
6577 6544 2855
6577 6544 2855
6577 6544 2855
6577 6544 2855
5280 5444 2855
5280 5444 2855
5280 5444 2855
5280 5444 2855
5280 5444 2855
5280 5444 2855
5280 5444 2855
5280 5444 2855
5280 5444 2855
5280 5444 2855
5280 5444 2855
5280 5444 2855
5280 5444 2855
5283 9143 2856
5283 9143 2856
5283 9143 2856
5283 9143 2856
5283 9143 2856
5283 9143 2856
5283 9143 2856
5283 9143 2856
5283 9143 2856
5283 9143 2856
5283 9143 2856
5283 9143 2856
5413 5468 2856
5413 5468 2856
5413 5468 2856
5413 5468 2856
5413 5468 2856
5413 5468 2856
5413 5468 2856
5413 5468 2856
5413 5468 2856
5413 5468 2856
5413 5468 2856
5413 5468 2856
7880 7659 2856
7880 7659 2856
7880 7659 2856
7880 7659 2856
7880 7659 2856
7880 7659 2856
7880 7659 2856
7880 7659 2856
7880 7659 2856
7880 7659 2856
7880 7659 2856
7880 7659 2856
5359 6597 2857
5359 6597 2857
5359 6597 2857
5359 6597 2857
5359 6597 2857
5359 6597 2857
5359 6597 2857
5359 6597 2857
5359 6597 2857
5359 6597 2857
5359 6597 2857
5359 6597 2857
5359 6597 2857
7769 7676 2857
7769 7676 2857
7769 7676 2857
7769 7676 2857
7769 7676 2857
7769 7676 2857
7769 7676 2857
7769 7676 2857
7769 7676 2857
7769 7676 2857
7769 7676 2857
7769 7676 2857
7769 7676 2857
7763 5433 2858
7763 5433 2858
7763 5433 2858
7763 5433 2858
7763 5433 2858
7763 5433 2858
7763 5433 2858
7763 5433 2858
7763 5433 2858
7763 5433 2858
7763 5433 2858
7763 5433 2858
7763 5433 2858
6578 6575 2858
6578 6575 2858
6578 6575 2858
6578 6575 2858
6578 6575 2858
6578 6575 2858
6578 6575 2858
6578 6575 2858
6578 6575 2858
6578 6575 2858
6578 6575 2858
6578 6575 2858
6578 6575 2858
5282 6568 2858
5282 6568 2858
5282 6568 2858
5282 6568 2858
5282 6568 2858
5282 6568 2858
5282 6568 2858
5282 6568 2858
5282 6568 2858
5282 6568 2858
5282 6568 2858
5282 6568 2858
6494 7474 2859
6494 7474 2859
6494 7474 2859
6494 7474 2859
6494 7474 2859
6494 7474 2859
6494 7474 2859
6494 7474 2859
6494 7474 2859
6494 7474 2859
6494 7474 2859
6494 7474 2859
6494 7474 2859
8710 5362 2859
8710 5362 2859
8710 5362 2859
8710 5362 2859
8710 5362 2859
8710 5362 2859
8710 5362 2859
8710 5362 2859
8710 5362 2859
8710 5362 2859
8710 5362 2859
8710 5362 2859
8471 6590 2859
8471 6590 2859
8471 6590 2859
8471 6590 2859
8471 6590 2859
8471 6590 2859
8471 6590 2859
8471 6590 2859
8471 6590 2859
8471 6590 2859
8471 6590 2859
8471 6590 2859
8471 6590 2859
7721 8437 2859
7721 8437 2859
7721 8437 2859
7721 8437 2859
7721 8437 2859
7721 8437 2859
7721 8437 2859
7721 8437 2859
7721 8437 2859
7721 8437 2859
7721 8437 2859
7721 8437 2859
7721 8437 2859
9163 9148 2860
9163 9148 2860
9163 9148 2860
9163 9148 2860
9163 9148 2860
9163 9148 2860
9163 9148 2860
9163 9148 2860
9163 9148 2860
9163 9148 2860
9163 9148 2860
9163 9148 2860
5376 6546 2861
5376 6546 2861
5376 6546 2861
5376 6546 2861
5376 6546 2861
5376 6546 2861
5376 6546 2861
5376 6546 2861
5376 6546 2861
5376 6546 2861
5376 6546 2861
5376 6546 2861
5442 5418 2862
5442 5418 2862
5442 5418 2862
5442 5418 2862
5442 5418 2862
5442 5418 2862
5442 5418 2862
5442 5418 2862
5442 5418 2862
5442 5418 2862
5442 5418 2862
5442 5418 2862
5442 5418 2862
6605 7691 2862
6605 7691 2862
6605 7691 2862
6605 7691 2862
6605 7691 2862
6605 7691 2862
6605 7691 2862
6605 7691 2862
6605 7691 2862
6605 7691 2862
6605 7691 2862
6605 7691 2862
6605 7691 2862
6378 6535 2862
6378 6535 2862
6378 6535 2862
6378 6535 2862
6378 6535 2862
6378 6535 2862
6378 6535 2862
6378 6535 2862
6378 6535 2862
6378 6535 2862
6378 6535 2862
6378 6535 2862
7725 8449 2862
7725 8449 2862
7725 8449 2862
7725 8449 2862
7725 8449 2862
7725 8449 2862
7725 8449 2862
7725 8449 2862
7725 8449 2862
7725 8449 2862
7725 8449 2862
7725 8449 2862
7659 9652 2862
7659 9652 2862
7659 9652 2862
7659 9652 2862
7659 9652 2862
7659 9652 2862
7659 9652 2862
7659 9652 2862
7659 9652 2862
7659 9652 2862
7659 9652 2862
7659 9652 2862
7659 9652 2862
6562 6610 2863
6562 6610 2863
6562 6610 2863
6562 6610 2863
6562 6610 2863
6562 6610 2863
6562 6610 2863
6562 6610 2863
6562 6610 2863
6562 6610 2863
6562 6610 2863
6562 6610 2863
6562 6610 2863
5524 5297 2863
5524 5297 2863
5524 5297 2863
5524 5297 2863
5524 5297 2863
5524 5297 2863
5524 5297 2863
5524 5297 2863
5524 5297 2863
5524 5297 2863
5524 5297 2863
5524 5297 2863
5300 5426 2864
5300 5426 2864
5300 5426 2864
5300 5426 2864
5300 5426 2864
5300 5426 2864
5300 5426 2864
5300 5426 2864
5300 5426 2864
5300 5426 2864
5300 5426 2864
5300 5426 2864
5424 8468 2864
5424 8468 2864
5424 8468 2864
5424 8468 2864
5424 8468 2864
5424 8468 2864
5424 8468 2864
5424 8468 2864
5424 8468 2864
5424 8468 2864
5424 8468 2864
5424 8468 2864
6562 6506 2865
6562 6506 2865
6562 6506 2865
6562 6506 2865
6562 6506 2865
6562 6506 2865
6562 6506 2865
6562 6506 2865
6562 6506 2865
6562 6506 2865
6562 6506 2865
6562 6506 2865
5987 7768 2865
5987 7768 2865
5987 7768 2865
5987 7768 2865
5987 7768 2865
5987 7768 2865
5987 7768 2865
5987 7768 2865
5987 7768 2865
5987 7768 2865
5987 7768 2865
5987 7768 2865
5987 7768 2865
6409 9143 2865
6409 9143 2865
6409 9143 2865
6409 9143 2865
6409 9143 2865
6409 9143 2865
6409 9143 2865
6409 9143 2865
6409 9143 2865
6409 9143 2865
6409 9143 2865
6409 9143 2865
5518 5316 2866
5518 5316 2866
5518 5316 2866
5518 5316 2866
5518 5316 2866
5518 5316 2866
5518 5316 2866
5518 5316 2866
5518 5316 2866
5518 5316 2866
5518 5316 2866
5518 5316 2866
5518 5316 2866
7723 6041 2866
7723 6041 2866
7723 6041 2866
7723 6041 2866
7723 6041 2866
7723 6041 2866
7723 6041 2866
7723 6041 2866
7723 6041 2866
7723 6041 2866
7723 6041 2866
7723 6041 2866
5543 6042 2866
5543 6042 2866
5543 6042 2866
5543 6042 2866
5543 6042 2866
5543 6042 2866
5543 6042 2866
5543 6042 2866
5543 6042 2866
5543 6042 2866
5543 6042 2866
5543 6042 2866
5543 6042 2866
5483 5521 2867
5483 5521 2867
5483 5521 2867
5483 5521 2867
5483 5521 2867
5483 5521 2867
5483 5521 2867
5483 5521 2867
5483 5521 2867
5483 5521 2867
5483 5521 2867
5483 5521 2867
7940 8464 2867
7940 8464 2867
7940 8464 2867
7940 8464 2867
7940 8464 2867
7940 8464 2867
7940 8464 2867
7940 8464 2867
7940 8464 2867
7940 8464 2867
7940 8464 2867
7940 8464 2867
6387 9144 2867
6387 9144 2867
6387 9144 2867
6387 9144 2867
6387 9144 2867
6387 9144 2867
6387 9144 2867
6387 9144 2867
6387 9144 2867
6387 9144 2867
6387 9144 2867
6387 9144 2867
6387 9144 2867
8453 7964 2867
8453 7964 2867
8453 7964 2867
8453 7964 2867
8453 7964 2867
8453 7964 2867
8453 7964 2867
8453 7964 2867
8453 7964 2867
8453 7964 2867
8453 7964 2867
8453 7964 2867
7706 8465 2868
7706 8465 2868
7706 8465 2868
7706 8465 2868
7706 8465 2868
7706 8465 2868
7706 8465 2868
7706 8465 2868
7706 8465 2868
7706 8465 2868
7706 8465 2868
7706 8465 2868
7706 8465 2868
6507 7772 2868
6507 7772 2868
6507 7772 2868
6507 7772 2868
6507 7772 2868
6507 7772 2868
6507 7772 2868
6507 7772 2868
6507 7772 2868
6507 7772 2868
6507 7772 2868
6507 7772 2868
5358 6023 2869
5358 6023 2869
5358 6023 2869
5358 6023 2869
5358 6023 2869
5358 6023 2869
5358 6023 2869
5358 6023 2869
5358 6023 2869
5358 6023 2869
5358 6023 2869
5358 6023 2869
8442 6602 2869
8442 6602 2869
8442 6602 2869
8442 6602 2869
8442 6602 2869
8442 6602 2869
8442 6602 2869
8442 6602 2869
8442 6602 2869
8442 6602 2869
8442 6602 2869
8442 6602 2869
8442 6602 2869
7771 7921 2870
7771 7921 2870
7771 7921 2870
7771 7921 2870
7771 7921 2870
7771 7921 2870
7771 7921 2870
7771 7921 2870
7771 7921 2870
7771 7921 2870
7771 7921 2870
7771 7921 2870
7916 7846 2871
7916 7846 2871
7916 7846 2871
7916 7846 2871
7916 7846 2871
7916 7846 2871
7916 7846 2871
7916 7846 2871
7916 7846 2871
7916 7846 2871
7916 7846 2871
7916 7846 2871
7875 7903 2871
7875 7903 2871
7875 7903 2871
7875 7903 2871
7875 7903 2871
7875 7903 2871
7875 7903 2871
7875 7903 2871
7875 7903 2871
7875 7903 2871
7875 7903 2871
7875 7903 2871
7812 7742 2871
7812 7742 2871
7812 7742 2871
7812 7742 2871
7812 7742 2871
7812 7742 2871
7812 7742 2871
7812 7742 2871
7812 7742 2871
7812 7742 2871
7812 7742 2871
7812 7742 2871
7812 7742 2871
6591 7718 2871
6591 7718 2871
6591 7718 2871
6591 7718 2871
6591 7718 2871
6591 7718 2871
6591 7718 2871
6591 7718 2871
6591 7718 2871
6591 7718 2871
6591 7718 2871
6591 7718 2871
5435 8785 2872
5435 8785 2872
5435 8785 2872
5435 8785 2872
5435 8785 2872
5435 8785 2872
5435 8785 2872
5435 8785 2872
5435 8785 2872
5435 8785 2872
5435 8785 2872
5435 8785 2872
6019 5279 2872
6019 5279 2872
6019 5279 2872
6019 5279 2872
6019 5279 2872
6019 5279 2872
6019 5279 2872
6019 5279 2872
6019 5279 2872
6019 5279 2872
6019 5279 2872
6019 5279 2872
6019 5279 2872
7690 7713 2872
7690 7713 2872
7690 7713 2872
7690 7713 2872
7690 7713 2872
7690 7713 2872
7690 7713 2872
7690 7713 2872
7690 7713 2872
7690 7713 2872
7690 7713 2872
7690 7713 2872
7690 7713 2872
8465 5390 2872
8465 5390 2872
8465 5390 2872
8465 5390 2872
8465 5390 2872
8465 5390 2872
8465 5390 2872
8465 5390 2872
8465 5390 2872
8465 5390 2872
8465 5390 2872
8465 5390 2872
8475 5990 2872
8475 5990 2872
8475 5990 2872
8475 5990 2872
8475 5990 2872
8475 5990 2872
8475 5990 2872
8475 5990 2872
8475 5990 2872
8475 5990 2872
8475 5990 2872
8475 5990 2872
8475 5990 2872
5447 5352 2873
5447 5352 2873
5447 5352 2873
5447 5352 2873
5447 5352 2873
5447 5352 2873
5447 5352 2873
5447 5352 2873
5447 5352 2873
5447 5352 2873
5447 5352 2873
5447 5352 2873
5447 5352 2873
5483 5298 2873
5483 5298 2873
5483 5298 2873
5483 5298 2873
5483 5298 2873
5483 5298 2873
5483 5298 2873
5483 5298 2873
5483 5298 2873
5483 5298 2873
5483 5298 2873
5483 5298 2873
5483 5298 2873
6558 7686 2873
6558 7686 2873
6558 7686 2873
6558 7686 2873
6558 7686 2873
6558 7686 2873
6558 7686 2873
6558 7686 2873
6558 7686 2873
6558 7686 2873
6558 7686 2873
6558 7686 2873
8432 8462 2873
8432 8462 2873
8432 8462 2873
8432 8462 2873
8432 8462 2873
8432 8462 2873
8432 8462 2873
8432 8462 2873
8432 8462 2873
8432 8462 2873
8432 8462 2873
8432 8462 2873
5298 9161 2874
5298 9161 2874
5298 9161 2874
5298 9161 2874
5298 9161 2874
5298 9161 2874
5298 9161 2874
5298 9161 2874
5298 9161 2874
5298 9161 2874
5298 9161 2874
5298 9161 2874
5496 5271 2875
5496 5271 2875
5496 5271 2875
5496 5271 2875
5496 5271 2875
5496 5271 2875
5496 5271 2875
5496 5271 2875
5496 5271 2875
5496 5271 2875
5496 5271 2875
5496 5271 2875
6556 7689 2875
6556 7689 2875
6556 7689 2875
6556 7689 2875
6556 7689 2875
6556 7689 2875
6556 7689 2875
6556 7689 2875
6556 7689 2875
6556 7689 2875
6556 7689 2875
6556 7689 2875
6556 7689 2875
7875 7890 2876
7875 7890 2876
7875 7890 2876
7875 7890 2876
7875 7890 2876
7875 7890 2876
7875 7890 2876
7875 7890 2876
7875 7890 2876
7875 7890 2876
7875 7890 2876
7875 7890 2876
7725 7913 2877
7725 7913 2877
7725 7913 2877
7725 7913 2877
7725 7913 2877
7725 7913 2877
7725 7913 2877
7725 7913 2877
7725 7913 2877
7725 7913 2877
7725 7913 2877
7725 7913 2877
7725 7913 2877
7814 7908 2878
7814 7908 2878
7814 7908 2878
7814 7908 2878
7814 7908 2878
7814 7908 2878
7814 7908 2878
7814 7908 2878
7814 7908 2878
7814 7908 2878
7814 7908 2878
7814 7908 2878
5485 5330 2878
5485 5330 2878
5485 5330 2878
5485 5330 2878
5485 5330 2878
5485 5330 2878
5485 5330 2878
5485 5330 2878
5485 5330 2878
5485 5330 2878
5485 5330 2878
5485 5330 2878
6498 7736 2879
6498 7736 2879
6498 7736 2879
6498 7736 2879
6498 7736 2879
6498 7736 2879
6498 7736 2879
6498 7736 2879
6498 7736 2879
6498 7736 2879
6498 7736 2879
6498 7736 2879
5358 6541 2879
5358 6541 2879
5358 6541 2879
5358 6541 2879
5358 6541 2879
5358 6541 2879
5358 6541 2879
5358 6541 2879
5358 6541 2879
5358 6541 2879
5358 6541 2879
5358 6541 2879
5358 6541 2879
5356 6023 2883
5356 6023 2883
5356 6023 2883
5356 6023 2883
5356 6023 2883
5356 6023 2883
5356 6023 2883
5356 6023 2883
5356 6023 2883
5356 6023 2883
5356 6023 2883
5356 6023 2883
5356 6023 2883
5278 5997 2883
5278 5997 2883
5278 5997 2883
5278 5997 2883
5278 5997 2883
5278 5997 2883
5278 5997 2883
5278 5997 2883
5278 5997 2883
5278 5997 2883
5278 5997 2883
5278 5997 2883
5278 5997 2883
7723 6529 2883
7723 6529 2883
7723 6529 2883
7723 6529 2883
7723 6529 2883
7723 6529 2883
7723 6529 2883
7723 6529 2883
7723 6529 2883
7723 6529 2883
7723 6529 2883
7723 6529 2883
7723 6529 2883
5409 8770 2884
5409 8770 2884
5409 8770 2884
5409 8770 2884
5409 8770 2884
5409 8770 2884
5409 8770 2884
5409 8770 2884
5409 8770 2884
5409 8770 2884
5409 8770 2884
5409 8770 2884
5409 8770 2884
7785 8474 2884
7785 8474 2884
7785 8474 2884
7785 8474 2884
7785 8474 2884
7785 8474 2884
7785 8474 2884
7785 8474 2884
7785 8474 2884
7785 8474 2884
7785 8474 2884
7785 8474 2884
7785 8474 2884
7770 7927 2885
7770 7927 2885
7770 7927 2885
7770 7927 2885
7770 7927 2885
7770 7927 2885
7770 7927 2885
7770 7927 2885
7770 7927 2885
7770 7927 2885
7770 7927 2885
7770 7927 2885
7770 7927 2885
8751 5502 2885
8751 5502 2885
8751 5502 2885
8751 5502 2885
8751 5502 2885
8751 5502 2885
8751 5502 2885
8751 5502 2885
8751 5502 2885
8751 5502 2885
8751 5502 2885
8751 5502 2885
8751 5502 2885
5283 8456 2886
5283 8456 2886
5283 8456 2886
5283 8456 2886
5283 8456 2886
5283 8456 2886
5283 8456 2886
5283 8456 2886
5283 8456 2886
5283 8456 2886
5283 8456 2886
5283 8456 2886
7755 7820 2886
7755 7820 2886
7755 7820 2886
7755 7820 2886
7755 7820 2886
7755 7820 2886
7755 7820 2886
7755 7820 2886
7755 7820 2886
7755 7820 2886
7755 7820 2886
7755 7820 2886
7755 7820 2886
6022 5391 2887
6022 5391 2887
6022 5391 2887
6022 5391 2887
6022 5391 2887
6022 5391 2887
6022 5391 2887
6022 5391 2887
6022 5391 2887
6022 5391 2887
6022 5391 2887
6022 5391 2887
6022 5391 2887
7683 7732 2887
7683 7732 2887
7683 7732 2887
7683 7732 2887
7683 7732 2887
7683 7732 2887
7683 7732 2887
7683 7732 2887
7683 7732 2887
7683 7732 2887
7683 7732 2887
7683 7732 2887
7700 7961 2887
7700 7961 2887
7700 7961 2887
7700 7961 2887
7700 7961 2887
7700 7961 2887
7700 7961 2887
7700 7961 2887
7700 7961 2887
7700 7961 2887
7700 7961 2887
7700 7961 2887
7700 7961 2887
8774 5354 2889
8774 5354 2889
8774 5354 2889
8774 5354 2889
8774 5354 2889
8774 5354 2889
8774 5354 2889
8774 5354 2889
8774 5354 2889
8774 5354 2889
8774 5354 2889
8774 5354 2889
8434 8698 2891
8434 8698 2891
8434 8698 2891
8434 8698 2891
8434 8698 2891
8434 8698 2891
8434 8698 2891
8434 8698 2891
8434 8698 2891
8434 8698 2891
8434 8698 2891
8434 8698 2891
8434 8698 2891
6575 7687 2891
6575 7687 2891
6575 7687 2891
6575 7687 2891
6575 7687 2891
6575 7687 2891
6575 7687 2891
6575 7687 2891
6575 7687 2891
6575 7687 2891
6575 7687 2891
6575 7687 2891
6575 7687 2891
9143 9157 2892
9143 9157 2892
9143 9157 2892
9143 9157 2892
9143 9157 2892
9143 9157 2892
9143 9157 2892
9143 9157 2892
9143 9157 2892
9143 9157 2892
9143 9157 2892
9143 9157 2892
9143 9157 2892
7919 7872 2895
7919 7872 2895
7919 7872 2895
7919 7872 2895
7919 7872 2895
7919 7872 2895
7919 7872 2895
7919 7872 2895
7919 7872 2895
7919 7872 2895
7919 7872 2895
7919 7872 2895
5358 6585 2898
5358 6585 2898
5358 6585 2898
5358 6585 2898
5358 6585 2898
5358 6585 2898
5358 6585 2898
5358 6585 2898
5358 6585 2898
5358 6585 2898
5358 6585 2898
5358 6585 2898
8712 8784 2905
8712 8784 2905
8712 8784 2905
8712 8784 2905
8712 8784 2905
8712 8784 2905
8712 8784 2905
8712 8784 2905
8712 8784 2905
8712 8784 2905
8712 8784 2905
8712 8784 2905
6537 6593 2912
6537 6593 2912
6537 6593 2912
6537 6593 2912
6537 6593 2912
6537 6593 2912
6537 6593 2912
6537 6593 2912
6537 6593 2912
6537 6593 2912
6537 6593 2912
6537 6593 2912
7748 6596 2925
7748 6596 2925
7748 6596 2925
7748 6596 2925
7748 6596 2925
7748 6596 2925
7748 6596 2925
7748 6596 2925
7748 6596 2925
7748 6596 2925
7748 6596 2925
7748 6596 2925
5564 6031 2927
5564 6031 2927
5564 6031 2927
5564 6031 2927
5564 6031 2927
5564 6031 2927
5564 6031 2927
5564 6031 2927
5564 6031 2927
5564 6031 2927
5564 6031 2927
5564 6031 2927
5564 6031 2927
7944 7924 2927
7944 7924 2927
7944 7924 2927
7944 7924 2927
7944 7924 2927
7944 7924 2927
7944 7924 2927
7944 7924 2927
7944 7924 2927
7944 7924 2927
7944 7924 2927
7944 7924 2927
7944 7924 2927
5272 5987 2927
5272 5987 2927
5272 5987 2927
5272 5987 2927
5272 5987 2927
5272 5987 2927
5272 5987 2927
5272 5987 2927
5272 5987 2927
5272 5987 2927
5272 5987 2927
5272 5987 2927
5272 5987 2927
6544 7725 2928
6544 7725 2928
6544 7725 2928
6544 7725 2928
6544 7725 2928
6544 7725 2928
6544 7725 2928
6544 7725 2928
6544 7725 2928
6544 7725 2928
6544 7725 2928
6544 7725 2928
6544 7725 2928
6549 7692 2930
6549 7692 2930
6549 7692 2930
6549 7692 2930
6549 7692 2930
6549 7692 2930
6549 7692 2930
6549 7692 2930
6549 7692 2930
6549 7692 2930
6549 7692 2930
6549 7692 2930
6549 7692 2930
6585 9668 2932
6585 9668 2932
6585 9668 2932
6585 9668 2932
6585 9668 2932
6585 9668 2932
6585 9668 2932
6585 9668 2932
6585 9668 2932
6585 9668 2932
6585 9668 2932
6585 9668 2932
6585 9668 2932
6595 6361 2933
6595 6361 2933
6595 6361 2933
6595 6361 2933
6595 6361 2933
6595 6361 2933
6595 6361 2933
6595 6361 2933
6595 6361 2933
6595 6361 2933
6595 6361 2933
6595 6361 2933
5488 5341 2933
5488 5341 2933
5488 5341 2933
5488 5341 2933
5488 5341 2933
5488 5341 2933
5488 5341 2933
5488 5341 2933
5488 5341 2933
5488 5341 2933
5488 5341 2933
5488 5341 2933
6438 7895 2934
6438 7895 2934
6438 7895 2934
6438 7895 2934
6438 7895 2934
6438 7895 2934
6438 7895 2934
6438 7895 2934
6438 7895 2934
6438 7895 2934
6438 7895 2934
6438 7895 2934
8432 6530 2935
8432 6530 2935
8432 6530 2935
8432 6530 2935
8432 6530 2935
8432 6530 2935
8432 6530 2935
8432 6530 2935
8432 6530 2935
8432 6530 2935
8432 6530 2935
8432 6530 2935
8432 6530 2935
6544 6534 2936
6544 6534 2936
6544 6534 2936
6544 6534 2936
6544 6534 2936
6544 6534 2936
6544 6534 2936
6544 6534 2936
6544 6534 2936
6544 6534 2936
6544 6534 2936
6544 6534 2936
6555 6593 2936
6555 6593 2936
6555 6593 2936
6555 6593 2936
6555 6593 2936
6555 6593 2936
6555 6593 2936
6555 6593 2936
6555 6593 2936
6555 6593 2936
6555 6593 2936
6555 6593 2936
7751 7734 2937
7751 7734 2937
7751 7734 2937
7751 7734 2937
7751 7734 2937
7751 7734 2937
7751 7734 2937
7751 7734 2937
7751 7734 2937
7751 7734 2937
7751 7734 2937
7751 7734 2937
7751 7734 2937
6560 6351 2937
6560 6351 2937
6560 6351 2937
6560 6351 2937
6560 6351 2937
6560 6351 2937
6560 6351 2937
6560 6351 2937
6560 6351 2937
6560 6351 2937
6560 6351 2937
6560 6351 2937
6560 6351 2937
5358 5383 2937
5358 5383 2937
5358 5383 2937
5358 5383 2937
5358 5383 2937
5358 5383 2937
5358 5383 2937
5358 5383 2937
5358 5383 2937
5358 5383 2937
5358 5383 2937
5358 5383 2937
5358 5383 2937
7828 7976 2938
7828 7976 2938
7828 7976 2938
7828 7976 2938
7828 7976 2938
7828 7976 2938
7828 7976 2938
7828 7976 2938
7828 7976 2938
7828 7976 2938
7828 7976 2938
7828 7976 2938
7828 7976 2938
9152 6390 2939
9152 6390 2939
9152 6390 2939
9152 6390 2939
9152 6390 2939
9152 6390 2939
9152 6390 2939
9152 6390 2939
9152 6390 2939
9152 6390 2939
9152 6390 2939
9152 6390 2939
9152 6390 2939
6602 6346 2940
6602 6346 2940
6602 6346 2940
6602 6346 2940
6602 6346 2940
6602 6346 2940
6602 6346 2940
6602 6346 2940
6602 6346 2940
6602 6346 2940
6602 6346 2940
6602 6346 2940
8436 5384 2941
8436 5384 2941
8436 5384 2941
8436 5384 2941
8436 5384 2941
8436 5384 2941
8436 5384 2941
8436 5384 2941
8436 5384 2941
8436 5384 2941
8436 5384 2941
8436 5384 2941
6387 6580 2943
6387 6580 2943
6387 6580 2943
6387 6580 2943
6387 6580 2943
6387 6580 2943
6387 6580 2943
6387 6580 2943
6387 6580 2943
6387 6580 2943
6387 6580 2943
6387 6580 2943
6586 8452 2944
6586 8452 2944
6586 8452 2944
6586 8452 2944
6586 8452 2944
6586 8452 2944
6586 8452 2944
6586 8452 2944
6586 8452 2944
6586 8452 2944
6586 8452 2944
6586 8452 2944
6586 8452 2944
6507 6544 2944
6507 6544 2944
6507 6544 2944
6507 6544 2944
6507 6544 2944
6507 6544 2944
6507 6544 2944
6507 6544 2944
6507 6544 2944
6507 6544 2944
6507 6544 2944
6507 6544 2944
6507 6544 2944
6027 7766 2944
6027 7766 2944
6027 7766 2944
6027 7766 2944
6027 7766 2944
6027 7766 2944
6027 7766 2944
6027 7766 2944
6027 7766 2944
6027 7766 2944
6027 7766 2944
6027 7766 2944
6010 6606 2945
6010 6606 2945
6010 6606 2945
6010 6606 2945
6010 6606 2945
6010 6606 2945
6010 6606 2945
6010 6606 2945
6010 6606 2945
6010 6606 2945
6010 6606 2945
6010 6606 2945
5544 5550 2945
5544 5550 2945
5544 5550 2945
5544 5550 2945
5544 5550 2945
5544 5550 2945
5544 5550 2945
5544 5550 2945
5544 5550 2945
5544 5550 2945
5544 5550 2945
5544 5550 2945
6002 7709 2945
6002 7709 2945
6002 7709 2945
6002 7709 2945
6002 7709 2945
6002 7709 2945
6002 7709 2945
6002 7709 2945
6002 7709 2945
6002 7709 2945
6002 7709 2945
6002 7709 2945
6002 7709 2945
6575 8459 2945
6575 8459 2945
6575 8459 2945
6575 8459 2945
6575 8459 2945
6575 8459 2945
6575 8459 2945
6575 8459 2945
6575 8459 2945
6575 8459 2945
6575 8459 2945
6575 8459 2945
6575 8459 2945
8443 8468 2945
8443 8468 2945
8443 8468 2945
8443 8468 2945
8443 8468 2945
8443 8468 2945
8443 8468 2945
8443 8468 2945
8443 8468 2945
8443 8468 2945
8443 8468 2945
8443 8468 2945
6381 8433 2946
6381 8433 2946
6381 8433 2946
6381 8433 2946
6381 8433 2946
6381 8433 2946
6381 8433 2946
6381 8433 2946
6381 8433 2946
6381 8433 2946
6381 8433 2946
6381 8433 2946
5407 5384 2947
5407 5384 2947
5407 5384 2947
5407 5384 2947
5407 5384 2947
5407 5384 2947
5407 5384 2947
5407 5384 2947
5407 5384 2947
5407 5384 2947
5407 5384 2947
5407 5384 2947
5407 5384 2947
6037 8437 2948
6037 8437 2948
6037 8437 2948
6037 8437 2948
6037 8437 2948
6037 8437 2948
6037 8437 2948
6037 8437 2948
6037 8437 2948
6037 8437 2948
6037 8437 2948
6037 8437 2948
6588 8680 2948
6588 8680 2948
6588 8680 2948
6588 8680 2948
6588 8680 2948
6588 8680 2948
6588 8680 2948
6588 8680 2948
6588 8680 2948
6588 8680 2948
6588 8680 2948
6588 8680 2948
6588 8680 2948
9271 5298 2949
9271 5298 2949
9271 5298 2949
9271 5298 2949
9271 5298 2949
9271 5298 2949
9271 5298 2949
9271 5298 2949
9271 5298 2949
9271 5298 2949
9271 5298 2949
9271 5298 2949
9271 5298 2949
6478 6325 2949
6478 6325 2949
6478 6325 2949
6478 6325 2949
6478 6325 2949
6478 6325 2949
6478 6325 2949
6478 6325 2949
6478 6325 2949
6478 6325 2949
6478 6325 2949
6478 6325 2949
6478 6325 2949
5545 8464 2950
5545 8464 2950
5545 8464 2950
5545 8464 2950
5545 8464 2950
5545 8464 2950
5545 8464 2950
5545 8464 2950
5545 8464 2950
5545 8464 2950
5545 8464 2950
5545 8464 2950
6038 7770 2950
6038 7770 2950
6038 7770 2950
6038 7770 2950
6038 7770 2950
6038 7770 2950
6038 7770 2950
6038 7770 2950
6038 7770 2950
6038 7770 2950
6038 7770 2950
6038 7770 2950
6038 7770 2950
6584 7770 2951
6584 7770 2951
6584 7770 2951
6584 7770 2951
6584 7770 2951
6584 7770 2951
6584 7770 2951
6584 7770 2951
6584 7770 2951
6584 7770 2951
6584 7770 2951
6584 7770 2951
6546 5252 2951
6546 5252 2951
6546 5252 2951
6546 5252 2951
6546 5252 2951
6546 5252 2951
6546 5252 2951
6546 5252 2951
6546 5252 2951
6546 5252 2951
6546 5252 2951
6546 5252 2951
6047 7777 2952
6047 7777 2952
6047 7777 2952
6047 7777 2952
6047 7777 2952
6047 7777 2952
6047 7777 2952
6047 7777 2952
6047 7777 2952
6047 7777 2952
6047 7777 2952
6047 7777 2952
6047 7777 2952
9146 6390 2952
9146 6390 2952
9146 6390 2952
9146 6390 2952
9146 6390 2952
9146 6390 2952
9146 6390 2952
9146 6390 2952
9146 6390 2952
9146 6390 2952
9146 6390 2952
9146 6390 2952
6002 5425 2953
6002 5425 2953
6002 5425 2953
6002 5425 2953
6002 5425 2953
6002 5425 2953
6002 5425 2953
6002 5425 2953
6002 5425 2953
6002 5425 2953
6002 5425 2953
6002 5425 2953
6002 5425 2953
6556 8463 2953
6556 8463 2953
6556 8463 2953
6556 8463 2953
6556 8463 2953
6556 8463 2953
6556 8463 2953
6556 8463 2953
6556 8463 2953
6556 8463 2953
6556 8463 2953
6556 8463 2953
5519 5438 2953
5519 5438 2953
5519 5438 2953
5519 5438 2953
5519 5438 2953
5519 5438 2953
5519 5438 2953
5519 5438 2953
5519 5438 2953
5519 5438 2953
5519 5438 2953
5519 5438 2953
5504 5435 2953
5504 5435 2953
5504 5435 2953
5504 5435 2953
5504 5435 2953
5504 5435 2953
5504 5435 2953
5504 5435 2953
5504 5435 2953
5504 5435 2953
5504 5435 2953
5504 5435 2953
5504 5435 2953
9147 6416 2954
9147 6416 2954
9147 6416 2954
9147 6416 2954
9147 6416 2954
9147 6416 2954
9147 6416 2954
9147 6416 2954
9147 6416 2954
9147 6416 2954
9147 6416 2954
9147 6416 2954
5282 5455 2955
5282 5455 2955
5282 5455 2955
5282 5455 2955
5282 5455 2955
5282 5455 2955
5282 5455 2955
5282 5455 2955
5282 5455 2955
5282 5455 2955
5282 5455 2955
5282 5455 2955
5282 5455 2955
6360 6382 2956
6360 6382 2956
6360 6382 2956
6360 6382 2956
6360 6382 2956
6360 6382 2956
6360 6382 2956
6360 6382 2956
6360 6382 2956
6360 6382 2956
6360 6382 2956
6360 6382 2956
6360 6382 2956
5409 5330 2957
5409 5330 2957
5409 5330 2957
5409 5330 2957
5409 5330 2957
5409 5330 2957
5409 5330 2957
5409 5330 2957
5409 5330 2957
5409 5330 2957
5409 5330 2957
5409 5330 2957
8465 5411 2958
8465 5411 2958
8465 5411 2958
8465 5411 2958
8465 5411 2958
8465 5411 2958
8465 5411 2958
8465 5411 2958
8465 5411 2958
8465 5411 2958
8465 5411 2958
8465 5411 2958
8465 5411 2958
7880 7658 3123
7880 7658 3123
7880 7658 3123
7880 7658 3123
7880 7658 3123
7880 7658 3123
7880 7658 3123
7880 7658 3123
7880 7658 3123
7880 7658 3123
7880 7658 3123
7880 7658 3123
5402 6545 3179
5402 6545 3179
5402 6545 3179
5402 6545 3179
5402 6545 3179
5402 6545 3179
5402 6545 3179
5402 6545 3179
5402 6545 3179
5402 6545 3179
5402 6545 3179
5402 6545 3179
5392 6017 3202
5392 6017 3202
5392 6017 3202
5392 6017 3202
5392 6017 3202
5392 6017 3202
5392 6017 3202
5392 6017 3202
5392 6017 3202
5392 6017 3202
5392 6017 3202
5392 6017 3202
5392 6017 3202
5484 8785 3206
5484 8785 3206
5484 8785 3206
5484 8785 3206
5484 8785 3206
5484 8785 3206
5484 8785 3206
5484 8785 3206
5484 8785 3206
5484 8785 3206
5484 8785 3206
5484 8785 3206
6603 6020 3370
6603 6020 3370
6603 6020 3370
6603 6020 3370
6603 6020 3370
6603 6020 3370
6603 6020 3370
6603 6020 3370
6603 6020 3370
6603 6020 3370
6603 6020 3370
6603 6020 3370
6603 6020 3370
5320 5261 3383
5320 5261 3383
5320 5261 3383
5320 5261 3383
5320 5261 3383
5320 5261 3383
5320 5261 3383
5320 5261 3383
5320 5261 3383
5320 5261 3383
5320 5261 3383
5320 5261 3383
5320 5261 3383
5558 5280 3414
5558 5280 3414
5558 5280 3414
5558 5280 3414
5558 5280 3414
5558 5280 3414
5558 5280 3414
5558 5280 3414
5558 5280 3414
5558 5280 3414
5558 5280 3414
5558 5280 3414
5273 9205 3600
5273 9205 3600
5273 9205 3600
5273 9205 3600
5273 9205 3600
5273 9205 3600
5273 9205 3600
5273 9205 3600
5273 9205 3600
5273 9205 3600
5273 9205 3600
5273 9205 3600
