7760 5398 0
7760 5398 0
7760 5398 0
7760 5398 0
7760 5398 0
7760 5398 0
7760 5398 0
7760 5398 0
7760 5398 0
7760 5398 0
7760 5398 0
7760 5398 0
7961 7911 1
7961 7911 1
7961 7911 1
7961 7911 1
7961 7911 1
7961 7911 1
7961 7911 1
7961 7911 1
7961 7911 1
7961 7911 1
7961 7911 1
7961 7911 1
7961 7911 1
5518 5529 1
5518 5529 1
5518 5529 1
5518 5529 1
5518 5529 1
5518 5529 1
5518 5529 1
5518 5529 1
5518 5529 1
5518 5529 1
5518 5529 1
5518 5529 1
7779 5993 1
7779 5993 1
7779 5993 1
7779 5993 1
7779 5993 1
7779 5993 1
7779 5993 1
7779 5993 1
7779 5993 1
7779 5993 1
7779 5993 1
7779 5993 1
7779 5993 1
5379 8431 1
5379 8431 1
5379 8431 1
5379 8431 1
5379 8431 1
5379 8431 1
5379 8431 1
5379 8431 1
5379 8431 1
5379 8431 1
5379 8431 1
5379 8431 1
5379 8431 1
7812 7672 1
7812 7672 1
7812 7672 1
7812 7672 1
7812 7672 1
7812 7672 1
7812 7672 1
7812 7672 1
7812 7672 1
7812 7672 1
7812 7672 1
7812 7672 1
7812 7672 1
9154 5258 2
9154 5258 2
9154 5258 2
9154 5258 2
9154 5258 2
9154 5258 2
9154 5258 2
9154 5258 2
9154 5258 2
9154 5258 2
9154 5258 2
9154 5258 2
9154 5258 2
7878 7797 2
7878 7797 2
7878 7797 2
7878 7797 2
7878 7797 2
7878 7797 2
7878 7797 2
7878 7797 2
7878 7797 2
7878 7797 2
7878 7797 2
7878 7797 2
7878 7797 2
9184 5330 3
9184 5330 3
9184 5330 3
9184 5330 3
9184 5330 3
9184 5330 3
9184 5330 3
9184 5330 3
9184 5330 3
9184 5330 3
9184 5330 3
9184 5330 3
9184 5330 3
5303 5267 3
5303 5267 3
5303 5267 3
5303 5267 3
5303 5267 3
5303 5267 3
5303 5267 3
5303 5267 3
5303 5267 3
5303 5267 3
5303 5267 3
5303 5267 3
5529 5288 3
5529 5288 3
5529 5288 3
5529 5288 3
5529 5288 3
5529 5288 3
5529 5288 3
5529 5288 3
5529 5288 3
5529 5288 3
5529 5288 3
5529 5288 3
5529 5288 3
7795 6501 4
7795 6501 4
7795 6501 4
7795 6501 4
7795 6501 4
7795 6501 4
7795 6501 4
7795 6501 4
7795 6501 4
7795 6501 4
7795 6501 4
7795 6501 4
7795 6501 4
5382 5259 4
5382 5259 4
5382 5259 4
5382 5259 4
5382 5259 4
5382 5259 4
5382 5259 4
5382 5259 4
5382 5259 4
5382 5259 4
5382 5259 4
5382 5259 4
5382 5259 4
7715 7783 4
7715 7783 4
7715 7783 4
7715 7783 4
7715 7783 4
7715 7783 4
7715 7783 4
7715 7783 4
7715 7783 4
7715 7783 4
7715 7783 4
7715 7783 4
7715 7783 4
6009 8475 4
6009 8475 4
6009 8475 4
6009 8475 4
6009 8475 4
6009 8475 4
6009 8475 4
6009 8475 4
6009 8475 4
6009 8475 4
6009 8475 4
6009 8475 4
5355 8776 5
5355 8776 5
5355 8776 5
5355 8776 5
5355 8776 5
5355 8776 5
5355 8776 5
5355 8776 5
5355 8776 5
5355 8776 5
5355 8776 5
5355 8776 5
6009 5412 8
6009 5412 8
6009 5412 8
6009 5412 8
6009 5412 8
6009 5412 8
6009 5412 8
6009 5412 8
6009 5412 8
6009 5412 8
6009 5412 8
6009 5412 8
5429 5281 9
5429 5281 9
5429 5281 9
5429 5281 9
5429 5281 9
5429 5281 9
5429 5281 9
5429 5281 9
5429 5281 9
5429 5281 9
5429 5281 9
5429 5281 9
5429 5281 9
7690 7786 9
7690 7786 9
7690 7786 9
7690 7786 9
7690 7786 9
7690 7786 9
7690 7786 9
7690 7786 9
7690 7786 9
7690 7786 9
7690 7786 9
7690 7786 9
7690 7786 9
7947 6440 10
7947 6440 10
7947 6440 10
7947 6440 10
7947 6440 10
7947 6440 10
7947 6440 10
7947 6440 10
7947 6440 10
7947 6440 10
7947 6440 10
7947 6440 10
7774 7842 10
7774 7842 10
7774 7842 10
7774 7842 10
7774 7842 10
7774 7842 10
7774 7842 10
7774 7842 10
7774 7842 10
7774 7842 10
7774 7842 10
7774 7842 10
5544 5354 10
5544 5354 10
5544 5354 10
5544 5354 10
5544 5354 10
5544 5354 10
5544 5354 10
5544 5354 10
5544 5354 10
5544 5354 10
5544 5354 10
5544 5354 10
5544 5354 10
5568 6088 10
5568 6088 10
5568 6088 10
5568 6088 10
5568 6088 10
5568 6088 10
5568 6088 10
5568 6088 10
5568 6088 10
5568 6088 10
5568 6088 10
5568 6088 10
5568 6088 10
7886 6439 10
7886 6439 10
7886 6439 10
7886 6439 10
7886 6439 10
7886 6439 10
7886 6439 10
7886 6439 10
7886 6439 10
7886 6439 10
7886 6439 10
7886 6439 10
7886 6439 10
8459 7787 11
8459 7787 11
8459 7787 11
8459 7787 11
8459 7787 11
8459 7787 11
8459 7787 11
8459 7787 11
8459 7787 11
8459 7787 11
8459 7787 11
8459 7787 11
7969 8370 12
7969 8370 12
7969 8370 12
7969 8370 12
7969 8370 12
7969 8370 12
7969 8370 12
7969 8370 12
7969 8370 12
7969 8370 12
7969 8370 12
7969 8370 12
6329 7679 12
6329 7679 12
6329 7679 12
6329 7679 12
6329 7679 12
6329 7679 12
6329 7679 12
6329 7679 12
6329 7679 12
6329 7679 12
6329 7679 12
6329 7679 12
6329 7679 12
7786 8453 12
7786 8453 12
7786 8453 12
7786 8453 12
7786 8453 12
7786 8453 12
7786 8453 12
7786 8453 12
7786 8453 12
7786 8453 12
7786 8453 12
7786 8453 12
7859 7903 12
7859 7903 12
7859 7903 12
7859 7903 12
7859 7903 12
7859 7903 12
7859 7903 12
7859 7903 12
7859 7903 12
7859 7903 12
7859 7903 12
7859 7903 12
7859 7903 12
6012 7771 13
6012 7771 13
6012 7771 13
6012 7771 13
6012 7771 13
6012 7771 13
6012 7771 13
6012 7771 13
6012 7771 13
6012 7771 13
6012 7771 13
6012 7771 13
5547 6114 13
5547 6114 13
5547 6114 13
5547 6114 13
5547 6114 13
5547 6114 13
5547 6114 13
5547 6114 13
5547 6114 13
5547 6114 13
5547 6114 13
5547 6114 13
5547 6114 13
5989 5423 13
5989 5423 13
5989 5423 13
5989 5423 13
5989 5423 13
5989 5423 13
5989 5423 13
5989 5423 13
5989 5423 13
5989 5423 13
5989 5423 13
5989 5423 13
7699 7777 13
7699 7777 13
7699 7777 13
7699 7777 13
7699 7777 13
7699 7777 13
7699 7777 13
7699 7777 13
7699 7777 13
7699 7777 13
7699 7777 13
7699 7777 13
7699 7777 13
6012 8471 14
6012 8471 14
6012 8471 14
6012 8471 14
6012 8471 14
6012 8471 14
6012 8471 14
6012 8471 14
6012 8471 14
6012 8471 14
6012 8471 14
6012 8471 14
6012 8471 14
7862 8370 14
7862 8370 14
7862 8370 14
7862 8370 14
7862 8370 14
7862 8370 14
7862 8370 14
7862 8370 14
7862 8370 14
7862 8370 14
7862 8370 14
7862 8370 14
7458 7486 14
7458 7486 14
7458 7486 14
7458 7486 14
7458 7486 14
7458 7486 14
7458 7486 14
7458 7486 14
7458 7486 14
7458 7486 14
7458 7486 14
7458 7486 14
6081 5502 15
6081 5502 15
6081 5502 15
6081 5502 15
6081 5502 15
6081 5502 15
6081 5502 15
6081 5502 15
6081 5502 15
6081 5502 15
6081 5502 15
6081 5502 15
7776 6571 16
7776 6571 16
7776 6571 16
7776 6571 16
7776 6571 16
7776 6571 16
7776 6571 16
7776 6571 16
7776 6571 16
7776 6571 16
7776 6571 16
7776 6571 16
5432 5993 17
5432 5993 17
5432 5993 17
5432 5993 17
5432 5993 17
5432 5993 17
5432 5993 17
5432 5993 17
5432 5993 17
5432 5993 17
5432 5993 17
5432 5993 17
5432 5993 17
5372 5569 17
5372 5569 17
5372 5569 17
5372 5569 17
5372 5569 17
5372 5569 17
5372 5569 17
5372 5569 17
5372 5569 17
5372 5569 17
5372 5569 17
5372 5569 17
5372 5569 17
7708 7772 21
7708 7772 21
7708 7772 21
7708 7772 21
7708 7772 21
7708 7772 21
7708 7772 21
7708 7772 21
7708 7772 21
7708 7772 21
7708 7772 21
7708 7772 21
7708 7772 21
6457 6594 22
6457 6594 22
6457 6594 22
6457 6594 22
6457 6594 22
6457 6594 22
6457 6594 22
6457 6594 22
6457 6594 22
6457 6594 22
6457 6594 22
6457 6594 22
5272 5384 24
5272 5384 24
5272 5384 24
5272 5384 24
5272 5384 24
5272 5384 24
5272 5384 24
5272 5384 24
5272 5384 24
5272 5384 24
5272 5384 24
5272 5384 24
5272 5384 24
9275 5286 24
9275 5286 24
9275 5286 24
9275 5286 24
9275 5286 24
9275 5286 24
9275 5286 24
9275 5286 24
9275 5286 24
9275 5286 24
9275 5286 24
9275 5286 24
6604 7964 25
6604 7964 25
6604 7964 25
6604 7964 25
6604 7964 25
6604 7964 25
6604 7964 25
6604 7964 25
6604 7964 25
6604 7964 25
6604 7964 25
6604 7964 25
6604 7964 25
6010 5413 26
6010 5413 26
6010 5413 26
6010 5413 26
6010 5413 26
6010 5413 26
6010 5413 26
6010 5413 26
6010 5413 26
6010 5413 26
6010 5413 26
6010 5413 26
6010 5413 26
6459 7504 27
6459 7504 27
6459 7504 27
6459 7504 27
6459 7504 27
6459 7504 27
6459 7504 27
6459 7504 27
6459 7504 27
6459 7504 27
6459 7504 27
6459 7504 27
5440 8764 27
5440 8764 27
5440 8764 27
5440 8764 27
5440 8764 27
5440 8764 27
5440 8764 27
5440 8764 27
5440 8764 27
5440 8764 27
5440 8764 27
5440 8764 27
7868 7519 28
7868 7519 28
7868 7519 28
7868 7519 28
7868 7519 28
7868 7519 28
7868 7519 28
7868 7519 28
7868 7519 28
7868 7519 28
7868 7519 28
7868 7519 28
5261 5258 28
5261 5258 28
5261 5258 28
5261 5258 28
5261 5258 28
5261 5258 28
5261 5258 28
5261 5258 28
5261 5258 28
5261 5258 28
5261 5258 28
5261 5258 28
5261 5258 28
5447 5544 28
5447 5544 28
5447 5544 28
5447 5544 28
5447 5544 28
5447 5544 28
5447 5544 28
5447 5544 28
5447 5544 28
5447 5544 28
5447 5544 28
5447 5544 28
5447 5544 28
6054 8466 31
6054 8466 31
6054 8466 31
6054 8466 31
6054 8466 31
6054 8466 31
6054 8466 31
6054 8466 31
6054 8466 31
6054 8466 31
6054 8466 31
6054 8466 31
6020 6037 31
6020 6037 31
6020 6037 31
6020 6037 31
6020 6037 31
6020 6037 31
6020 6037 31
6020 6037 31
6020 6037 31
6020 6037 31
6020 6037 31
6020 6037 31
6020 6037 31
6523 7713 31
6523 7713 31
6523 7713 31
6523 7713 31
6523 7713 31
6523 7713 31
6523 7713 31
6523 7713 31
6523 7713 31
6523 7713 31
6523 7713 31
6523 7713 31
7784 7937 33
7784 7937 33
7784 7937 33
7784 7937 33
7784 7937 33
7784 7937 33
7784 7937 33
7784 7937 33
7784 7937 33
7784 7937 33
7784 7937 33
7784 7937 33
7784 7937 33
8683 6581 33
8683 6581 33
8683 6581 33
8683 6581 33
8683 6581 33
8683 6581 33
8683 6581 33
8683 6581 33
8683 6581 33
8683 6581 33
8683 6581 33
8683 6581 33
6081 5484 35
6081 5484 35
6081 5484 35
6081 5484 35
6081 5484 35
6081 5484 35
6081 5484 35
6081 5484 35
6081 5484 35
6081 5484 35
6081 5484 35
6081 5484 35
6081 5484 35
5999 6553 37
5999 6553 37
5999 6553 37
5999 6553 37
5999 6553 37
5999 6553 37
5999 6553 37
5999 6553 37
5999 6553 37
5999 6553 37
5999 6553 37
5999 6553 37
8436 8699 37
8436 8699 37
8436 8699 37
8436 8699 37
8436 8699 37
8436 8699 37
8436 8699 37
8436 8699 37
8436 8699 37
8436 8699 37
8436 8699 37
8436 8699 37
5375 8456 38
5375 8456 38
5375 8456 38
5375 8456 38
5375 8456 38
5375 8456 38
5375 8456 38
5375 8456 38
5375 8456 38
5375 8456 38
5375 8456 38
5375 8456 38
6532 8436 41
6532 8436 41
6532 8436 41
6532 8436 41
6532 8436 41
6532 8436 41
6532 8436 41
6532 8436 41
6532 8436 41
6532 8436 41
6532 8436 41
6532 8436 41
6532 8436 41
6033 7785 42
6033 7785 42
6033 7785 42
6033 7785 42
6033 7785 42
6033 7785 42
6033 7785 42
6033 7785 42
6033 7785 42
6033 7785 42
6033 7785 42
6033 7785 42
6033 7785 42
5358 8453 43
5358 8453 43
5358 8453 43
5358 8453 43
5358 8453 43
5358 8453 43
5358 8453 43
5358 8453 43
5358 8453 43
5358 8453 43
5358 8453 43
5358 8453 43
7667 6517 43
7667 6517 43
7667 6517 43
7667 6517 43
7667 6517 43
7667 6517 43
7667 6517 43
7667 6517 43
7667 6517 43
7667 6517 43
7667 6517 43
7667 6517 43
7667 6517 43
8683 6450 45
8683 6450 45
8683 6450 45
8683 6450 45
8683 6450 45
8683 6450 45
8683 6450 45
8683 6450 45
8683 6450 45
8683 6450 45
8683 6450 45
8683 6450 45
7970 7780 49
7970 7780 49
7970 7780 49
7970 7780 49
7970 7780 49
7970 7780 49
7970 7780 49
7970 7780 49
7970 7780 49
7970 7780 49
7970 7780 49
7970 7780 49
7828 7976 50
7828 7976 50
7828 7976 50
7828 7976 50
7828 7976 50
7828 7976 50
7828 7976 50
7828 7976 50
7828 7976 50
7828 7976 50
7828 7976 50
7828 7976 50
7828 7976 50
8461 8438 50
8461 8438 50
8461 8438 50
8461 8438 50
8461 8438 50
8461 8438 50
8461 8438 50
8461 8438 50
8461 8438 50
8461 8438 50
8461 8438 50
8461 8438 50
6546 6573 51
6546 6573 51
6546 6573 51
6546 6573 51
6546 6573 51
6546 6573 51
6546 6573 51
6546 6573 51
6546 6573 51
6546 6573 51
6546 6573 51
6546 6573 51
6546 6573 51
5358 6611 53
5358 6611 53
5358 6611 53
5358 6611 53
5358 6611 53
5358 6611 53
5358 6611 53
5358 6611 53
5358 6611 53
5358 6611 53
5358 6611 53
5358 6611 53
5463 5544 53
5463 5544 53
5463 5544 53
5463 5544 53
5463 5544 53
5463 5544 53
5463 5544 53
5463 5544 53
5463 5544 53
5463 5544 53
5463 5544 53
5463 5544 53
5463 5544 53
8450 5259 54
8450 5259 54
8450 5259 54
8450 5259 54
8450 5259 54
8450 5259 54
8450 5259 54
8450 5259 54
8450 5259 54
8450 5259 54
8450 5259 54
8450 5259 54
8450 5259 54
6010 5400 55
6010 5400 55
6010 5400 55
6010 5400 55
6010 5400 55
6010 5400 55
6010 5400 55
6010 5400 55
6010 5400 55
6010 5400 55
6010 5400 55
6010 5400 55
7513 6468 57
7513 6468 57
7513 6468 57
7513 6468 57
7513 6468 57
7513 6468 57
7513 6468 57
7513 6468 57
7513 6468 57
7513 6468 57
7513 6468 57
7513 6468 57
7513 6468 57
5582 5341 58
5582 5341 58
5582 5341 58
5582 5341 58
5582 5341 58
5582 5341 58
5582 5341 58
5582 5341 58
5582 5341 58
5582 5341 58
5582 5341 58
5582 5341 58
5582 5341 58
8682 6414 59
8682 6414 59
8682 6414 59
8682 6414 59
8682 6414 59
8682 6414 59
8682 6414 59
8682 6414 59
8682 6414 59
8682 6414 59
8682 6414 59
8682 6414 59
7861 8373 60
7861 8373 60
7861 8373 60
7861 8373 60
7861 8373 60
7861 8373 60
7861 8373 60
7861 8373 60
7861 8373 60
7861 8373 60
7861 8373 60
7861 8373 60
7861 8373 60
7972 5925 64
7972 5925 64
7972 5925 64
7972 5925 64
7972 5925 64
7972 5925 64
7972 5925 64
7972 5925 64
7972 5925 64
7972 5925 64
7972 5925 64
7972 5925 64
8436 7719 64
8436 7719 64
8436 7719 64
8436 7719 64
8436 7719 64
8436 7719 64
8436 7719 64
8436 7719 64
8436 7719 64
8436 7719 64
8436 7719 64
8436 7719 64
8436 7719 64
6559 8680 66
6559 8680 66
6559 8680 66
6559 8680 66
6559 8680 66
6559 8680 66
6559 8680 66
6559 8680 66
6559 8680 66
6559 8680 66
6559 8680 66
6559 8680 66
5989 7761 70
5989 7761 70
5989 7761 70
5989 7761 70
5989 7761 70
5989 7761 70
5989 7761 70
5989 7761 70
5989 7761 70
5989 7761 70
5989 7761 70
5989 7761 70
5989 7761 70
5564 5298 71
5564 5298 71
5564 5298 71
5564 5298 71
5564 5298 71
5564 5298 71
5564 5298 71
5564 5298 71
5564 5298 71
5564 5298 71
5564 5298 71
5564 5298 71
7676 8472 76
7676 8472 76
7676 8472 76
7676 8472 76
7676 8472 76
7676 8472 76
7676 8472 76
7676 8472 76
7676 8472 76
7676 8472 76
7676 8472 76
7676 8472 76
7676 8472 76
6575 6599 77
6575 6599 77
6575 6599 77
6575 6599 77
6575 6599 77
6575 6599 77
6575 6599 77
6575 6599 77
6575 6599 77
6575 6599 77
6575 6599 77
6575 6599 77
6575 6599 77
7871 7750 77
7871 7750 77
7871 7750 77
7871 7750 77
7871 7750 77
7871 7750 77
7871 7750 77
7871 7750 77
7871 7750 77
7871 7750 77
7871 7750 77
7871 7750 77
7501 7479 77
7501 7479 77
7501 7479 77
7501 7479 77
7501 7479 77
7501 7479 77
7501 7479 77
7501 7479 77
7501 7479 77
7501 7479 77
7501 7479 77
7501 7479 77
7501 7479 77
7871 8385 78
7871 8385 78
7871 8385 78
7871 8385 78
7871 8385 78
7871 8385 78
7871 8385 78
7871 8385 78
7871 8385 78
7871 8385 78
7871 8385 78
7871 8385 78
7871 8385 78
7802 9656 79
7802 9656 79
7802 9656 79
7802 9656 79
7802 9656 79
7802 9656 79
7802 9656 79
7802 9656 79
7802 9656 79
7802 9656 79
7802 9656 79
7802 9656 79
7802 9656 79
8370 7972 79
8370 7972 79
8370 7972 79
8370 7972 79
8370 7972 79
8370 7972 79
8370 7972 79
8370 7972 79
8370 7972 79
8370 7972 79
8370 7972 79
8370 7972 79
8370 7972 79
6530 9526 80
6530 9526 80
6530 9526 80
6530 9526 80
6530 9526 80
6530 9526 80
6530 9526 80
6530 9526 80
6530 9526 80
6530 9526 80
6530 9526 80
6530 9526 80
7812 7910 81
7812 7910 81
7812 7910 81
7812 7910 81
7812 7910 81
7812 7910 81
7812 7910 81
7812 7910 81
7812 7910 81
7812 7910 81
7812 7910 81
7812 7910 81
7812 7910 81
7752 6599 81
7752 6599 81
7752 6599 81
7752 6599 81
7752 6599 81
7752 6599 81
7752 6599 81
7752 6599 81
7752 6599 81
7752 6599 81
7752 6599 81
7752 6599 81
6549 6611 81
6549 6611 81
6549 6611 81
6549 6611 81
6549 6611 81
6549 6611 81
6549 6611 81
6549 6611 81
6549 6611 81
6549 6611 81
6549 6611 81
6549 6611 81
6549 6611 81
7702 7714 82
7702 7714 82
7702 7714 82
7702 7714 82
7702 7714 82
7702 7714 82
7702 7714 82
7702 7714 82
7702 7714 82
7702 7714 82
7702 7714 82
7702 7714 82
7948 7937 84
7948 7937 84
7948 7937 84
7948 7937 84
7948 7937 84
7948 7937 84
7948 7937 84
7948 7937 84
7948 7937 84
7948 7937 84
7948 7937 84
7948 7937 84
7948 7937 84
7705 7813 85
7705 7813 85
7705 7813 85
7705 7813 85
7705 7813 85
7705 7813 85
7705 7813 85
7705 7813 85
7705 7813 85
7705 7813 85
7705 7813 85
7705 7813 85
7705 7813 85
7772 6574 85
7772 6574 85
7772 6574 85
7772 6574 85
7772 6574 85
7772 6574 85
7772 6574 85
7772 6574 85
7772 6574 85
7772 6574 85
7772 6574 85
7772 6574 85
5997 8479 87
5997 8479 87
5997 8479 87
5997 8479 87
5997 8479 87
5997 8479 87
5997 8479 87
5997 8479 87
5997 8479 87
5997 8479 87
5997 8479 87
5997 8479 87
7772 7704 87
7772 7704 87
7772 7704 87
7772 7704 87
7772 7704 87
7772 7704 87
7772 7704 87
7772 7704 87
7772 7704 87
7772 7704 87
7772 7704 87
7772 7704 87
6456 6566 87
6456 6566 87
6456 6566 87
6456 6566 87
6456 6566 87
6456 6566 87
6456 6566 87
6456 6566 87
6456 6566 87
6456 6566 87
6456 6566 87
6456 6566 87
7676 6564 87
7676 6564 87
7676 6564 87
7676 6564 87
7676 6564 87
7676 6564 87
7676 6564 87
7676 6564 87
7676 6564 87
7676 6564 87
7676 6564 87
7676 6564 87
8680 5359 88
8680 5359 88
8680 5359 88
8680 5359 88
8680 5359 88
8680 5359 88
8680 5359 88
8680 5359 88
8680 5359 88
8680 5359 88
8680 5359 88
8680 5359 88
7741 6496 88
7741 6496 88
7741 6496 88
7741 6496 88
7741 6496 88
7741 6496 88
7741 6496 88
7741 6496 88
7741 6496 88
7741 6496 88
7741 6496 88
7741 6496 88
8458 5359 88
8458 5359 88
8458 5359 88
8458 5359 88
8458 5359 88
8458 5359 88
8458 5359 88
8458 5359 88
8458 5359 88
8458 5359 88
8458 5359 88
8458 5359 88
8458 5359 88
6099 9615 89
6099 9615 89
6099 9615 89
6099 9615 89
6099 9615 89
6099 9615 89
6099 9615 89
6099 9615 89
6099 9615 89
6099 9615 89
6099 9615 89
6099 9615 89
6595 7772 90
6595 7772 90
6595 7772 90
6595 7772 90
6595 7772 90
6595 7772 90
6595 7772 90
6595 7772 90
6595 7772 90
6595 7772 90
6595 7772 90
6595 7772 90
6595 7772 90
7839 7702 90
7839 7702 90
7839 7702 90
7839 7702 90
7839 7702 90
7839 7702 90
7839 7702 90
7839 7702 90
7839 7702 90
7839 7702 90
7839 7702 90
7839 7702 90
6366 6485 90
6366 6485 90
6366 6485 90
6366 6485 90
6366 6485 90
6366 6485 90
6366 6485 90
6366 6485 90
6366 6485 90
6366 6485 90
6366 6485 90
6366 6485 90
6543 6602 91
6543 6602 91
6543 6602 91
6543 6602 91
6543 6602 91
6543 6602 91
6543 6602 91
6543 6602 91
6543 6602 91
6543 6602 91
6543 6602 91
6543 6602 91
6543 6602 91
7845 7700 91
7845 7700 91
7845 7700 91
7845 7700 91
7845 7700 91
7845 7700 91
7845 7700 91
7845 7700 91
7845 7700 91
7845 7700 91
7845 7700 91
7845 7700 91
7658 7825 91
7658 7825 91
7658 7825 91
7658 7825 91
7658 7825 91
7658 7825 91
7658 7825 91
7658 7825 91
7658 7825 91
7658 7825 91
7658 7825 91
7658 7825 91
7658 7825 91
5259 6543 91
5259 6543 91
5259 6543 91
5259 6543 91
5259 6543 91
5259 6543 91
5259 6543 91
5259 6543 91
5259 6543 91
5259 6543 91
5259 6543 91
5259 6543 91
5257 5261 92
5257 5261 92
5257 5261 92
5257 5261 92
5257 5261 92
5257 5261 92
5257 5261 92
5257 5261 92
5257 5261 92
5257 5261 92
5257 5261 92
5257 5261 92
7694 5990 92
7694 5990 92
7694 5990 92
7694 5990 92
7694 5990 92
7694 5990 92
7694 5990 92
7694 5990 92
7694 5990 92
7694 5990 92
7694 5990 92
7694 5990 92
5465 6016 92
5465 6016 92
5465 6016 92
5465 6016 92
5465 6016 92
5465 6016 92
5465 6016 92
5465 6016 92
5465 6016 92
5465 6016 92
5465 6016 92
5465 6016 92
5434 5560 93
5434 5560 93
5434 5560 93
5434 5560 93
5434 5560 93
5434 5560 93
5434 5560 93
5434 5560 93
5434 5560 93
5434 5560 93
5434 5560 93
5434 5560 93
7925 7938 93
7925 7938 93
7925 7938 93
7925 7938 93
7925 7938 93
7925 7938 93
7925 7938 93
7925 7938 93
7925 7938 93
7925 7938 93
7925 7938 93
7925 7938 93
7940 7783 94
7940 7783 94
7940 7783 94
7940 7783 94
7940 7783 94
7940 7783 94
7940 7783 94
7940 7783 94
7940 7783 94
7940 7783 94
7940 7783 94
7940 7783 94
8436 8763 94
8436 8763 94
8436 8763 94
8436 8763 94
8436 8763 94
8436 8763 94
8436 8763 94
8436 8763 94
8436 8763 94
8436 8763 94
8436 8763 94
8436 8763 94
8436 8763 94
5430 6000 94
5430 6000 94
5430 6000 94
5430 6000 94
5430 6000 94
5430 6000 94
5430 6000 94
5430 6000 94
5430 6000 94
5430 6000 94
5430 6000 94
5430 6000 94
6561 7690 95
6561 7690 95
6561 7690 95
6561 7690 95
6561 7690 95
6561 7690 95
6561 7690 95
6561 7690 95
6561 7690 95
6561 7690 95
6561 7690 95
6561 7690 95
6561 7690 95
6604 6544 96
6604 6544 96
6604 6544 96
6604 6544 96
6604 6544 96
6604 6544 96
6604 6544 96
6604 6544 96
6604 6544 96
6604 6544 96
6604 6544 96
6604 6544 96
8470 7744 96
8470 7744 96
8470 7744 96
8470 7744 96
8470 7744 96
8470 7744 96
8470 7744 96
8470 7744 96
8470 7744 96
8470 7744 96
8470 7744 96
8470 7744 96
6043 8437 97
6043 8437 97
6043 8437 97
6043 8437 97
6043 8437 97
6043 8437 97
6043 8437 97
6043 8437 97
6043 8437 97
6043 8437 97
6043 8437 97
6043 8437 97
6043 8437 97
6594 7748 97
6594 7748 97
6594 7748 97
6594 7748 97
6594 7748 97
6594 7748 97
6594 7748 97
6594 7748 97
6594 7748 97
6594 7748 97
6594 7748 97
6594 7748 97
6594 7748 97
6477 6331 97
6477 6331 97
6477 6331 97
6477 6331 97
6477 6331 97
6477 6331 97
6477 6331 97
6477 6331 97
6477 6331 97
6477 6331 97
6477 6331 97
6477 6331 97
6477 6331 97
8469 7934 98
8469 7934 98
8469 7934 98
8469 7934 98
8469 7934 98
8469 7934 98
8469 7934 98
8469 7934 98
8469 7934 98
8469 7934 98
8469 7934 98
8469 7934 98
6461 7492 98
6461 7492 98
6461 7492 98
6461 7492 98
6461 7492 98
6461 7492 98
6461 7492 98
6461 7492 98
6461 7492 98
6461 7492 98
6461 7492 98
6461 7492 98
6461 7492 98
5295 9270 98
5295 9270 98
5295 9270 98
5295 9270 98
5295 9270 98
5295 9270 98
5295 9270 98
5295 9270 98
5295 9270 98
5295 9270 98
5295 9270 98
5295 9270 98
6580 7686 98
6580 7686 98
6580 7686 98
6580 7686 98
6580 7686 98
6580 7686 98
6580 7686 98
6580 7686 98
6580 7686 98
6580 7686 98
6580 7686 98
6580 7686 98
7667 6428 99
7667 6428 99
7667 6428 99
7667 6428 99
7667 6428 99
7667 6428 99
7667 6428 99
7667 6428 99
7667 6428 99
7667 6428 99
7667 6428 99
7667 6428 99
7667 6428 99
6002 5365 99
6002 5365 99
6002 5365 99
6002 5365 99
6002 5365 99
6002 5365 99
6002 5365 99
6002 5365 99
6002 5365 99
6002 5365 99
6002 5365 99
6002 5365 99
6514 7699 99
6514 7699 99
6514 7699 99
6514 7699 99
6514 7699 99
6514 7699 99
6514 7699 99
6514 7699 99
6514 7699 99
6514 7699 99
6514 7699 99
6514 7699 99
7686 6556 99
7686 6556 99
7686 6556 99
7686 6556 99
7686 6556 99
7686 6556 99
7686 6556 99
7686 6556 99
7686 6556 99
7686 6556 99
7686 6556 99
7686 6556 99
7686 6556 99
5924 7683 99
5924 7683 99
5924 7683 99
5924 7683 99
5924 7683 99
5924 7683 99
5924 7683 99
5924 7683 99
5924 7683 99
5924 7683 99
5924 7683 99
5924 7683 99
6087 5297 100
6087 5297 100
6087 5297 100
6087 5297 100
6087 5297 100
6087 5297 100
6087 5297 100
6087 5297 100
6087 5297 100
6087 5297 100
6087 5297 100
6087 5297 100
6087 5297 100
6543 5993 100
6543 5993 100
6543 5993 100
6543 5993 100
6543 5993 100
6543 5993 100
6543 5993 100
6543 5993 100
6543 5993 100
6543 5993 100
6543 5993 100
6543 5993 100
6543 5993 100
8768 5243 101
8768 5243 101
8768 5243 101
8768 5243 101
8768 5243 101
8768 5243 101
8768 5243 101
8768 5243 101
8768 5243 101
8768 5243 101
8768 5243 101
8768 5243 101
8768 5243 101
6581 5359 102
6581 5359 102
6581 5359 102
6581 5359 102
6581 5359 102
6581 5359 102
6581 5359 102
6581 5359 102
6581 5359 102
6581 5359 102
6581 5359 102
6581 5359 102
8471 6036 102
8471 6036 102
8471 6036 102
8471 6036 102
8471 6036 102
8471 6036 102
8471 6036 102
8471 6036 102
8471 6036 102
8471 6036 102
8471 6036 102
8471 6036 102
8464 6017 102
8464 6017 102
8464 6017 102
8464 6017 102
8464 6017 102
8464 6017 102
8464 6017 102
8464 6017 102
8464 6017 102
8464 6017 102
8464 6017 102
8464 6017 102
7490 7833 103
7490 7833 103
7490 7833 103
7490 7833 103
7490 7833 103
7490 7833 103
7490 7833 103
7490 7833 103
7490 7833 103
7490 7833 103
7490 7833 103
7490 7833 103
7915 7901 104
7915 7901 104
7915 7901 104
7915 7901 104
7915 7901 104
7915 7901 104
7915 7901 104
7915 7901 104
7915 7901 104
7915 7901 104
7915 7901 104
7915 7901 104
8749 9180 104
8749 9180 104
8749 9180 104
8749 9180 104
8749 9180 104
8749 9180 104
8749 9180 104
8749 9180 104
8749 9180 104
8749 9180 104
8749 9180 104
8749 9180 104
8749 9180 104
6431 6577 106
6431 6577 106
6431 6577 106
6431 6577 106
6431 6577 106
6431 6577 106
6431 6577 106
6431 6577 106
6431 6577 106
6431 6577 106
6431 6577 106
6431 6577 106
6431 6577 106
5465 9213 106
5465 9213 106
5465 9213 106
5465 9213 106
5465 9213 106
5465 9213 106
5465 9213 106
5465 9213 106
5465 9213 106
5465 9213 106
5465 9213 106
5465 9213 106
7689 7914 107
7689 7914 107
7689 7914 107
7689 7914 107
7689 7914 107
7689 7914 107
7689 7914 107
7689 7914 107
7689 7914 107
7689 7914 107
7689 7914 107
7689 7914 107
7891 7752 108
7891 7752 108
7891 7752 108
7891 7752 108
7891 7752 108
7891 7752 108
7891 7752 108
7891 7752 108
7891 7752 108
7891 7752 108
7891 7752 108
7891 7752 108
6566 7685 109
6566 7685 109
6566 7685 109
6566 7685 109
6566 7685 109
6566 7685 109
6566 7685 109
6566 7685 109
6566 7685 109
6566 7685 109
6566 7685 109
6566 7685 109
6566 7685 109
6530 7686 109
6530 7686 109
6530 7686 109
6530 7686 109
6530 7686 109
6530 7686 109
6530 7686 109
6530 7686 109
6530 7686 109
6530 7686 109
6530 7686 109
6530 7686 109
8464 8438 111
8464 8438 111
8464 8438 111
8464 8438 111
8464 8438 111
8464 8438 111
8464 8438 111
8464 8438 111
8464 8438 111
8464 8438 111
8464 8438 111
8464 8438 111
8464 8438 111
7797 7661 111
7797 7661 111
7797 7661 111
7797 7661 111
7797 7661 111
7797 7661 111
7797 7661 111
7797 7661 111
7797 7661 111
7797 7661 111
7797 7661 111
7797 7661 111
7797 7661 111
6515 7700 112
6515 7700 112
6515 7700 112
6515 7700 112
6515 7700 112
6515 7700 112
6515 7700 112
6515 7700 112
6515 7700 112
6515 7700 112
6515 7700 112
6515 7700 112
6428 7664 113
6428 7664 113
6428 7664 113
6428 7664 113
6428 7664 113
6428 7664 113
6428 7664 113
6428 7664 113
6428 7664 113
6428 7664 113
6428 7664 113
6428 7664 113
6428 7664 113
8436 6529 113
8436 6529 113
8436 6529 113
8436 6529 113
8436 6529 113
8436 6529 113
8436 6529 113
8436 6529 113
8436 6529 113
8436 6529 113
8436 6529 113
8436 6529 113
6461 7495 114
6461 7495 114
6461 7495 114
6461 7495 114
6461 7495 114
6461 7495 114
6461 7495 114
6461 7495 114
6461 7495 114
6461 7495 114
6461 7495 114
6461 7495 114
6461 7495 114
5313 9193 114
5313 9193 114
5313 9193 114
5313 9193 114
5313 9193 114
5313 9193 114
5313 9193 114
5313 9193 114
5313 9193 114
5313 9193 114
5313 9193 114
5313 9193 114
5313 9193 114
8683 6534 114
8683 6534 114
8683 6534 114
8683 6534 114
8683 6534 114
8683 6534 114
8683 6534 114
8683 6534 114
8683 6534 114
8683 6534 114
8683 6534 114
8683 6534 114
5366 8696 114
5366 8696 114
5366 8696 114
5366 8696 114
5366 8696 114
5366 8696 114
5366 8696 114
5366 8696 114
5366 8696 114
5366 8696 114
5366 8696 114
5366 8696 114
6009 5364 114
6009 5364 114
6009 5364 114
6009 5364 114
6009 5364 114
6009 5364 114
6009 5364 114
6009 5364 114
6009 5364 114
6009 5364 114
6009 5364 114
6009 5364 114
6542 6579 115
6542 6579 115
6542 6579 115
6542 6579 115
6542 6579 115
6542 6579 115
6542 6579 115
6542 6579 115
6542 6579 115
6542 6579 115
6542 6579 115
6542 6579 115
6540 6359 115
6540 6359 115
6540 6359 115
6540 6359 115
6540 6359 115
6540 6359 115
6540 6359 115
6540 6359 115
6540 6359 115
6540 6359 115
6540 6359 115
6540 6359 115
6540 6359 115
7762 7744 115
7762 7744 115
7762 7744 115
7762 7744 115
7762 7744 115
7762 7744 115
7762 7744 115
7762 7744 115
7762 7744 115
7762 7744 115
7762 7744 115
7762 7744 115
7762 7744 115
7500 6497 115
7500 6497 115
7500 6497 115
7500 6497 115
7500 6497 115
7500 6497 115
7500 6497 115
7500 6497 115
7500 6497 115
7500 6497 115
7500 6497 115
7500 6497 115
9615 7502 115
9615 7502 115
9615 7502 115
9615 7502 115
9615 7502 115
9615 7502 115
9615 7502 115
9615 7502 115
9615 7502 115
9615 7502 115
9615 7502 115
9615 7502 115
9615 7502 115
5987 5438 117
5987 5438 117
5987 5438 117
5987 5438 117
5987 5438 117
5987 5438 117
5987 5438 117
5987 5438 117
5987 5438 117
5987 5438 117
5987 5438 117
5987 5438 117
5484 5404 118
5484 5404 118
5484 5404 118
5484 5404 118
5484 5404 118
5484 5404 118
5484 5404 118
5484 5404 118
5484 5404 118
5484 5404 118
5484 5404 118
5484 5404 118
5484 5404 118
5268 5387 118
5268 5387 118
5268 5387 118
5268 5387 118
5268 5387 118
5268 5387 118
5268 5387 118
5268 5387 118
5268 5387 118
5268 5387 118
5268 5387 118
5268 5387 118
5268 5387 118
5304 5346 118
5304 5346 118
5304 5346 118
5304 5346 118
5304 5346 118
5304 5346 118
5304 5346 118
5304 5346 118
5304 5346 118
5304 5346 118
5304 5346 118
5304 5346 118
5304 5346 118
5446 5412 119
5446 5412 119
5446 5412 119
5446 5412 119
5446 5412 119
5446 5412 119
5446 5412 119
5446 5412 119
5446 5412 119
5446 5412 119
5446 5412 119
5446 5412 119
6344 5266 119
6344 5266 119
6344 5266 119
6344 5266 119
6344 5266 119
6344 5266 119
6344 5266 119
6344 5266 119
6344 5266 119
6344 5266 119
6344 5266 119
6344 5266 119
6344 5266 119
6537 5924 120
6537 5924 120
6537 5924 120
6537 5924 120
6537 5924 120
6537 5924 120
6537 5924 120
6537 5924 120
6537 5924 120
6537 5924 120
6537 5924 120
6537 5924 120
6537 5924 120
5496 5276 120
5496 5276 120
5496 5276 120
5496 5276 120
5496 5276 120
5496 5276 120
5496 5276 120
5496 5276 120
5496 5276 120
5496 5276 120
5496 5276 120
5496 5276 120
5496 5276 120
6530 7683 120
6530 7683 120
6530 7683 120
6530 7683 120
6530 7683 120
6530 7683 120
6530 7683 120
6530 7683 120
6530 7683 120
6530 7683 120
6530 7683 120
6530 7683 120
6456 6364 121
6456 6364 121
6456 6364 121
6456 6364 121
6456 6364 121
6456 6364 121
6456 6364 121
6456 6364 121
6456 6364 121
6456 6364 121
6456 6364 121
6456 6364 121
6499 7483 121
6499 7483 121
6499 7483 121
6499 7483 121
6499 7483 121
6499 7483 121
6499 7483 121
6499 7483 121
6499 7483 121
6499 7483 121
6499 7483 121
6499 7483 121
6499 7483 121
5419 5273 121
5419 5273 121
5419 5273 121
5419 5273 121
5419 5273 121
5419 5273 121
5419 5273 121
5419 5273 121
5419 5273 121
5419 5273 121
5419 5273 121
5419 5273 121
6595 7728 121
6595 7728 121
6595 7728 121
6595 7728 121
6595 7728 121
6595 7728 121
6595 7728 121
6595 7728 121
6595 7728 121
6595 7728 121
6595 7728 121
6595 7728 121
6595 7728 121
7481 6461 121
7481 6461 121
7481 6461 121
7481 6461 121
7481 6461 121
7481 6461 121
7481 6461 121
7481 6461 121
7481 6461 121
7481 6461 121
7481 6461 121
7481 6461 121
5390 8461 122
5390 8461 122
5390 8461 122
5390 8461 122
5390 8461 122
5390 8461 122
5390 8461 122
5390 8461 122
5390 8461 122
5390 8461 122
5390 8461 122
5390 8461 122
5390 8461 122
7717 7808 122
7717 7808 122
7717 7808 122
7717 7808 122
7717 7808 122
7717 7808 122
7717 7808 122
7717 7808 122
7717 7808 122
7717 7808 122
7717 7808 122
7717 7808 122
7717 7808 122
6320 6460 122
6320 6460 122
6320 6460 122
6320 6460 122
6320 6460 122
6320 6460 122
6320 6460 122
6320 6460 122
6320 6460 122
6320 6460 122
6320 6460 122
6320 6460 122
7818 7851 122
7818 7851 122
7818 7851 122
7818 7851 122
7818 7851 122
7818 7851 122
7818 7851 122
7818 7851 122
7818 7851 122
7818 7851 122
7818 7851 122
7818 7851 122
5262 5259 122
5262 5259 122
5262 5259 122
5262 5259 122
5262 5259 122
5262 5259 122
5262 5259 122
5262 5259 122
5262 5259 122
5262 5259 122
5262 5259 122
5262 5259 122
9223 5271 122
9223 5271 122
9223 5271 122
9223 5271 122
9223 5271 122
9223 5271 122
9223 5271 122
9223 5271 122
9223 5271 122
9223 5271 122
9223 5271 122
9223 5271 122
9223 5271 122
7906 8370 123
7906 8370 123
7906 8370 123
7906 8370 123
7906 8370 123
7906 8370 123
7906 8370 123
7906 8370 123
7906 8370 123
7906 8370 123
7906 8370 123
7906 8370 123
7943 7764 124
7943 7764 124
7943 7764 124
7943 7764 124
7943 7764 124
7943 7764 124
7943 7764 124
7943 7764 124
7943 7764 124
7943 7764 124
7943 7764 124
7943 7764 124
6018 8436 124
6018 8436 124
6018 8436 124
6018 8436 124
6018 8436 124
6018 8436 124
6018 8436 124
6018 8436 124
6018 8436 124
6018 8436 124
6018 8436 124
6018 8436 124
6018 8436 124
5285 9286 124
5285 9286 124
5285 9286 124
5285 9286 124
5285 9286 124
5285 9286 124
5285 9286 124
5285 9286 124
5285 9286 124
5285 9286 124
5285 9286 124
5285 9286 124
5547 5409 124
5547 5409 124
5547 5409 124
5547 5409 124
5547 5409 124
5547 5409 124
5547 5409 124
5547 5409 124
5547 5409 124
5547 5409 124
5547 5409 124
5547 5409 124
5547 5409 124
7747 7707 125
7747 7707 125
7747 7707 125
7747 7707 125
7747 7707 125
7747 7707 125
7747 7707 125
7747 7707 125
7747 7707 125
7747 7707 125
7747 7707 125
7747 7707 125
7747 7707 125
6577 6411 126
6577 6411 126
6577 6411 126
6577 6411 126
6577 6411 126
6577 6411 126
6577 6411 126
6577 6411 126
6577 6411 126
6577 6411 126
6577 6411 126
6577 6411 126
7708 5363 126
7708 5363 126
7708 5363 126
7708 5363 126
7708 5363 126
7708 5363 126
7708 5363 126
7708 5363 126
7708 5363 126
7708 5363 126
7708 5363 126
7708 5363 126
6580 7700 126
6580 7700 126
6580 7700 126
6580 7700 126
6580 7700 126
6580 7700 126
6580 7700 126
6580 7700 126
6580 7700 126
6580 7700 126
6580 7700 126
6580 7700 126
6331 7502 127
6331 7502 127
6331 7502 127
6331 7502 127
6331 7502 127
6331 7502 127
6331 7502 127
6331 7502 127
6331 7502 127
6331 7502 127
6331 7502 127
6331 7502 127
6331 7502 127
8450 6596 127
8450 6596 127
8450 6596 127
8450 6596 127
8450 6596 127
8450 6596 127
8450 6596 127
8450 6596 127
8450 6596 127
8450 6596 127
8450 6596 127
8450 6596 127
7685 6560 127
7685 6560 127
7685 6560 127
7685 6560 127
7685 6560 127
7685 6560 127
7685 6560 127
7685 6560 127
7685 6560 127
7685 6560 127
7685 6560 127
7685 6560 127
7779 7827 128
7779 7827 128
7779 7827 128
7779 7827 128
7779 7827 128
7779 7827 128
7779 7827 128
7779 7827 128
7779 7827 128
7779 7827 128
7779 7827 128
7779 7827 128
5313 5286 128
5313 5286 128
5313 5286 128
5313 5286 128
5313 5286 128
5313 5286 128
5313 5286 128
5313 5286 128
5313 5286 128
5313 5286 128
5313 5286 128
5313 5286 128
5313 5286 128
6584 7734 128
6584 7734 128
6584 7734 128
6584 7734 128
6584 7734 128
6584 7734 128
6584 7734 128
6584 7734 128
6584 7734 128
6584 7734 128
6584 7734 128
6584 7734 128
7488 7520 129
7488 7520 129
7488 7520 129
7488 7520 129
7488 7520 129
7488 7520 129
7488 7520 129
7488 7520 129
7488 7520 129
7488 7520 129
7488 7520 129
7488 7520 129
7687 7786 130
7687 7786 130
7687 7786 130
7687 7786 130
7687 7786 130
7687 7786 130
7687 7786 130
7687 7786 130
7687 7786 130
7687 7786 130
7687 7786 130
7687 7786 130
9158 5442 132
9158 5442 132
9158 5442 132
9158 5442 132
9158 5442 132
9158 5442 132
9158 5442 132
9158 5442 132
9158 5442 132
9158 5442 132
9158 5442 132
9158 5442 132
9158 5442 132
7695 6559 132
7695 6559 132
7695 6559 132
7695 6559 132
7695 6559 132
7695 6559 132
7695 6559 132
7695 6559 132
7695 6559 132
7695 6559 132
7695 6559 132
7695 6559 132
7695 6559 132
7762 5391 132
7762 5391 132
7762 5391 132
7762 5391 132
7762 5391 132
7762 5391 132
7762 5391 132
7762 5391 132
7762 5391 132
7762 5391 132
7762 5391 132
7762 5391 132
5554 6034 133
5554 6034 133
5554 6034 133
5554 6034 133
5554 6034 133
5554 6034 133
5554 6034 133
5554 6034 133
5554 6034 133
5554 6034 133
5554 6034 133
5554 6034 133
5554 6034 133
9163 5332 133
9163 5332 133
9163 5332 133
9163 5332 133
9163 5332 133
9163 5332 133
9163 5332 133
9163 5332 133
9163 5332 133
9163 5332 133
9163 5332 133
9163 5332 133
6577 6544 133
6577 6544 133
6577 6544 133
6577 6544 133
6577 6544 133
6577 6544 133
6577 6544 133
6577 6544 133
6577 6544 133
6577 6544 133
6577 6544 133
6577 6544 133
6577 6544 133
7732 7881 134
7732 7881 134
7732 7881 134
7732 7881 134
7732 7881 134
7732 7881 134
7732 7881 134
7732 7881 134
7732 7881 134
7732 7881 134
7732 7881 134
7732 7881 134
7732 7881 134
5986 6606 134
5986 6606 134
5986 6606 134
5986 6606 134
5986 6606 134
5986 6606 134
5986 6606 134
5986 6606 134
5986 6606 134
5986 6606 134
5986 6606 134
5986 6606 134
7787 7690 135
7787 7690 135
7787 7690 135
7787 7690 135
7787 7690 135
7787 7690 135
7787 7690 135
7787 7690 135
7787 7690 135
7787 7690 135
7787 7690 135
7787 7690 135
5376 6560 136
5376 6560 136
5376 6560 136
5376 6560 136
5376 6560 136
5376 6560 136
5376 6560 136
5376 6560 136
5376 6560 136
5376 6560 136
5376 6560 136
5376 6560 136
5270 8445 136
5270 8445 136
5270 8445 136
5270 8445 136
5270 8445 136
5270 8445 136
5270 8445 136
5270 8445 136
5270 8445 136
5270 8445 136
5270 8445 136
5270 8445 136
6369 6573 136
6369 6573 136
6369 6573 136
6369 6573 136
6369 6573 136
6369 6573 136
6369 6573 136
6369 6573 136
6369 6573 136
6369 6573 136
6369 6573 136
6369 6573 136
6369 6573 136
8445 8680 136
8445 8680 136
8445 8680 136
8445 8680 136
8445 8680 136
8445 8680 136
8445 8680 136
8445 8680 136
8445 8680 136
8445 8680 136
8445 8680 136
8445 8680 136
8445 8680 136
5410 5457 137
5410 5457 137
5410 5457 137
5410 5457 137
5410 5457 137
5410 5457 137
5410 5457 137
5410 5457 137
5410 5457 137
5410 5457 137
5410 5457 137
5410 5457 137
5433 5353 137
5433 5353 137
5433 5353 137
5433 5353 137
5433 5353 137
5433 5353 137
5433 5353 137
5433 5353 137
5433 5353 137
5433 5353 137
5433 5353 137
5433 5353 137
5433 5353 137
5578 5335 137
5578 5335 137
5578 5335 137
5578 5335 137
5578 5335 137
5578 5335 137
5578 5335 137
5578 5335 137
5578 5335 137
5578 5335 137
5578 5335 137
5578 5335 137
5578 5335 137
7771 5922 138
7771 5922 138
7771 5922 138
7771 5922 138
7771 5922 138
7771 5922 138
7771 5922 138
7771 5922 138
7771 5922 138
7771 5922 138
7771 5922 138
7771 5922 138
5364 6575 138
5364 6575 138
5364 6575 138
5364 6575 138
5364 6575 138
5364 6575 138
5364 6575 138
5364 6575 138
5364 6575 138
5364 6575 138
5364 6575 138
5364 6575 138
5430 8463 138
5430 8463 138
5430 8463 138
5430 8463 138
5430 8463 138
5430 8463 138
5430 8463 138
5430 8463 138
5430 8463 138
5430 8463 138
5430 8463 138
5430 8463 138
6514 9615 138
6514 9615 138
6514 9615 138
6514 9615 138
6514 9615 138
6514 9615 138
6514 9615 138
6514 9615 138
6514 9615 138
6514 9615 138
6514 9615 138
6514 9615 138
6514 9615 138
6592 7781 139
6592 7781 139
6592 7781 139
6592 7781 139
6592 7781 139
6592 7781 139
6592 7781 139
6592 7781 139
6592 7781 139
6592 7781 139
6592 7781 139
6592 7781 139
7686 6491 139
7686 6491 139
7686 6491 139
7686 6491 139
7686 6491 139
7686 6491 139
7686 6491 139
7686 6491 139
7686 6491 139
7686 6491 139
7686 6491 139
7686 6491 139
7686 6491 139
5507 5301 139
5507 5301 139
5507 5301 139
5507 5301 139
5507 5301 139
5507 5301 139
5507 5301 139
5507 5301 139
5507 5301 139
5507 5301 139
5507 5301 139
5507 5301 139
5507 5301 139
5281 6552 139
5281 6552 139
5281 6552 139
5281 6552 139
5281 6552 139
5281 6552 139
5281 6552 139
5281 6552 139
5281 6552 139
5281 6552 139
5281 6552 139
5281 6552 139
5281 6552 139
5254 8756 139
5254 8756 139
5254 8756 139
5254 8756 139
5254 8756 139
5254 8756 139
5254 8756 139
5254 8756 139
5254 8756 139
5254 8756 139
5254 8756 139
5254 8756 139
6609 5259 139
6609 5259 139
6609 5259 139
6609 5259 139
6609 5259 139
6609 5259 139
6609 5259 139
6609 5259 139
6609 5259 139
6609 5259 139
6609 5259 139
6609 5259 139
6609 5259 139
6575 6544 140
6575 6544 140
6575 6544 140
6575 6544 140
6575 6544 140
6575 6544 140
6575 6544 140
6575 6544 140
6575 6544 140
6575 6544 140
6575 6544 140
6575 6544 140
6575 6544 140
5359 8446 140
5359 8446 140
5359 8446 140
5359 8446 140
5359 8446 140
5359 8446 140
5359 8446 140
5359 8446 140
5359 8446 140
5359 8446 140
5359 8446 140
5359 8446 140
5359 8446 140
5275 5419 140
5275 5419 140
5275 5419 140
5275 5419 140
5275 5419 140
5275 5419 140
5275 5419 140
5275 5419 140
5275 5419 140
5275 5419 140
5275 5419 140
5275 5419 140
5275 5419 140
7765 7700 140
7765 7700 140
7765 7700 140
7765 7700 140
7765 7700 140
7765 7700 140
7765 7700 140
7765 7700 140
7765 7700 140
7765 7700 140
7765 7700 140
7765 7700 140
7765 7700 140
6525 6476 140
6525 6476 140
6525 6476 140
6525 6476 140
6525 6476 140
6525 6476 140
6525 6476 140
6525 6476 140
6525 6476 140
6525 6476 140
6525 6476 140
6525 6476 140
6525 6476 140
5273 5515 141
5273 5515 141
5273 5515 141
5273 5515 141
5273 5515 141
5273 5515 141
5273 5515 141
5273 5515 141
5273 5515 141
5273 5515 141
5273 5515 141
5273 5515 141
9226 8815 141
9226 8815 141
9226 8815 141
9226 8815 141
9226 8815 141
9226 8815 141
9226 8815 141
9226 8815 141
9226 8815 141
9226 8815 141
9226 8815 141
9226 8815 141
6011 8464 141
6011 8464 141
6011 8464 141
6011 8464 141
6011 8464 141
6011 8464 141
6011 8464 141
6011 8464 141
6011 8464 141
6011 8464 141
6011 8464 141
6011 8464 141
6011 8464 141
7715 7918 142
7715 7918 142
7715 7918 142
7715 7918 142
7715 7918 142
7715 7918 142
7715 7918 142
7715 7918 142
7715 7918 142
7715 7918 142
7715 7918 142
7715 7918 142
7715 7918 142
7759 6589 142
7759 6589 142
7759 6589 142
7759 6589 142
7759 6589 142
7759 6589 142
7759 6589 142
7759 6589 142
7759 6589 142
7759 6589 142
7759 6589 142
7759 6589 142
6493 6490 142
6493 6490 142
6493 6490 142
6493 6490 142
6493 6490 142
6493 6490 142
6493 6490 142
6493 6490 142
6493 6490 142
6493 6490 142
6493 6490 142
6493 6490 142
6493 6490 142
5365 8455 143
5365 8455 143
5365 8455 143
5365 8455 143
5365 8455 143
5365 8455 143
5365 8455 143
5365 8455 143
5365 8455 143
5365 8455 143
5365 8455 143
5365 8455 143
5365 8455 143
6589 8438 143
6589 8438 143
6589 8438 143
6589 8438 143
6589 8438 143
6589 8438 143
6589 8438 143
6589 8438 143
6589 8438 143
6589 8438 143
6589 8438 143
6589 8438 143
6589 8438 143
6544 8458 143
6544 8458 143
6544 8458 143
6544 8458 143
6544 8458 143
6544 8458 143
6544 8458 143
6544 8458 143
6544 8458 143
6544 8458 143
6544 8458 143
6544 8458 143
6544 8458 143
7751 6561 143
7751 6561 143
7751 6561 143
7751 6561 143
7751 6561 143
7751 6561 143
7751 6561 143
7751 6561 143
7751 6561 143
7751 6561 143
7751 6561 143
7751 6561 143
6605 5386 143
6605 5386 143
6605 5386 143
6605 5386 143
6605 5386 143
6605 5386 143
6605 5386 143
6605 5386 143
6605 5386 143
6605 5386 143
6605 5386 143
6605 5386 143
6541 7710 143
6541 7710 143
6541 7710 143
6541 7710 143
6541 7710 143
6541 7710 143
6541 7710 143
6541 7710 143
6541 7710 143
6541 7710 143
6541 7710 143
6541 7710 143
6605 5398 144
6605 5398 144
6605 5398 144
6605 5398 144
6605 5398 144
6605 5398 144
6605 5398 144
6605 5398 144
6605 5398 144
6605 5398 144
6605 5398 144
6605 5398 144
6605 5398 144
6535 6467 145
6535 6467 145
6535 6467 145
6535 6467 145
6535 6467 145
6535 6467 145
6535 6467 145
6535 6467 145
6535 6467 145
6535 6467 145
6535 6467 145
6535 6467 145
6542 6599 145
6542 6599 145
6542 6599 145
6542 6599 145
6542 6599 145
6542 6599 145
6542 6599 145
6542 6599 145
6542 6599 145
6542 6599 145
6542 6599 145
6542 6599 145
6542 6599 145
8700 6390 146
8700 6390 146
8700 6390 146
8700 6390 146
8700 6390 146
8700 6390 146
8700 6390 146
8700 6390 146
8700 6390 146
8700 6390 146
8700 6390 146
8700 6390 146
5985 5392 146
5985 5392 146
5985 5392 146
5985 5392 146
5985 5392 146
5985 5392 146
5985 5392 146
5985 5392 146
5985 5392 146
5985 5392 146
5985 5392 146
5985 5392 146
6582 8438 148
6582 8438 148
6582 8438 148
6582 8438 148
6582 8438 148
6582 8438 148
6582 8438 148
6582 8438 148
6582 8438 148
6582 8438 148
6582 8438 148
6582 8438 148
6582 8438 148
6543 6508 148
6543 6508 148
6543 6508 148
6543 6508 148
6543 6508 148
6543 6508 148
6543 6508 148
6543 6508 148
6543 6508 148
6543 6508 148
6543 6508 148
6543 6508 148
6543 6508 148
6607 5359 148
6607 5359 148
6607 5359 148
6607 5359 148
6607 5359 148
6607 5359 148
6607 5359 148
6607 5359 148
6607 5359 148
6607 5359 148
6607 5359 148
6607 5359 148
6607 5359 148
5521 5488 148
5521 5488 148
5521 5488 148
5521 5488 148
5521 5488 148
5521 5488 148
5521 5488 148
5521 5488 148
5521 5488 148
5521 5488 148
5521 5488 148
5521 5488 148
9158 5331 148
9158 5331 148
9158 5331 148
9158 5331 148
9158 5331 148
9158 5331 148
9158 5331 148
9158 5331 148
9158 5331 148
9158 5331 148
9158 5331 148
9158 5331 148
6544 6527 149
6544 6527 149
6544 6527 149
6544 6527 149
6544 6527 149
6544 6527 149
6544 6527 149
6544 6527 149
6544 6527 149
6544 6527 149
6544 6527 149
6544 6527 149
6544 6527 149
8462 7719 149
8462 7719 149
8462 7719 149
8462 7719 149
8462 7719 149
8462 7719 149
8462 7719 149
8462 7719 149
8462 7719 149
8462 7719 149
8462 7719 149
8462 7719 149
7747 7986 149
7747 7986 149
7747 7986 149
7747 7986 149
7747 7986 149
7747 7986 149
7747 7986 149
7747 7986 149
7747 7986 149
7747 7986 149
7747 7986 149
7747 7986 149
7747 7986 149
8454 5422 149
8454 5422 149
8454 5422 149
8454 5422 149
8454 5422 149
8454 5422 149
8454 5422 149
8454 5422 149
8454 5422 149
8454 5422 149
8454 5422 149
8454 5422 149
6552 6599 149
6552 6599 149
6552 6599 149
6552 6599 149
6552 6599 149
6552 6599 149
6552 6599 149
6552 6599 149
6552 6599 149
6552 6599 149
6552 6599 149
6552 6599 149
6552 6599 149
6601 7690 149
6601 7690 149
6601 7690 149
6601 7690 149
6601 7690 149
6601 7690 149
6601 7690 149
6601 7690 149
6601 7690 149
6601 7690 149
6601 7690 149
6601 7690 149
6601 7690 149
5989 6581 150
5989 6581 150
5989 6581 150
5989 6581 150
5989 6581 150
5989 6581 150
5989 6581 150
5989 6581 150
5989 6581 150
5989 6581 150
5989 6581 150
5989 6581 150
7718 7919 150
7718 7919 150
7718 7919 150
7718 7919 150
7718 7919 150
7718 7919 150
7718 7919 150
7718 7919 150
7718 7919 150
7718 7919 150
7718 7919 150
7718 7919 150
6005 8466 150
6005 8466 150
6005 8466 150
6005 8466 150
6005 8466 150
6005 8466 150
6005 8466 150
6005 8466 150
6005 8466 150
6005 8466 150
6005 8466 150
6005 8466 150
6005 8466 150
7709 6460 150
7709 6460 150
7709 6460 150
7709 6460 150
7709 6460 150
7709 6460 150
7709 6460 150
7709 6460 150
7709 6460 150
7709 6460 150
7709 6460 150
7709 6460 150
7709 6460 150
9266 5291 151
9266 5291 151
9266 5291 151
9266 5291 151
9266 5291 151
9266 5291 151
9266 5291 151
9266 5291 151
9266 5291 151
9266 5291 151
9266 5291 151
9266 5291 151
9266 5291 151
6460 6486 151
6460 6486 151
6460 6486 151
6460 6486 151
6460 6486 151
6460 6486 151
6460 6486 151
6460 6486 151
6460 6486 151
6460 6486 151
6460 6486 151
6460 6486 151
7861 7889 151
7861 7889 151
7861 7889 151
7861 7889 151
7861 7889 151
7861 7889 151
7861 7889 151
7861 7889 151
7861 7889 151
7861 7889 151
7861 7889 151
7861 7889 151
7861 7889 151
7759 6590 151
7759 6590 151
7759 6590 151
7759 6590 151
7759 6590 151
7759 6590 151
7759 6590 151
7759 6590 151
7759 6590 151
7759 6590 151
7759 6590 151
7759 6590 151
7940 6439 152
7940 6439 152
7940 6439 152
7940 6439 152
7940 6439 152
7940 6439 152
7940 6439 152
7940 6439 152
7940 6439 152
7940 6439 152
7940 6439 152
7940 6439 152
7940 6439 152
7946 7694 152
7946 7694 152
7946 7694 152
7946 7694 152
7946 7694 152
7946 7694 152
7946 7694 152
7946 7694 152
7946 7694 152
7946 7694 152
7946 7694 152
7946 7694 152
7494 7795 153
7494 7795 153
7494 7795 153
7494 7795 153
7494 7795 153
7494 7795 153
7494 7795 153
7494 7795 153
7494 7795 153
7494 7795 153
7494 7795 153
7494 7795 153
8443 6533 153
8443 6533 153
8443 6533 153
8443 6533 153
8443 6533 153
8443 6533 153
8443 6533 153
8443 6533 153
8443 6533 153
8443 6533 153
8443 6533 153
8443 6533 153
8443 6533 153
5392 5454 154
5392 5454 154
5392 5454 154
5392 5454 154
5392 5454 154
5392 5454 154
5392 5454 154
5392 5454 154
5392 5454 154
5392 5454 154
5392 5454 154
5392 5454 154
5392 5454 154
8458 8437 155
8458 8437 155
8458 8437 155
8458 8437 155
8458 8437 155
8458 8437 155
8458 8437 155
8458 8437 155
8458 8437 155
8458 8437 155
8458 8437 155
8458 8437 155
8458 8437 155
7840 7958 155
7840 7958 155
7840 7958 155
7840 7958 155
7840 7958 155
7840 7958 155
7840 7958 155
7840 7958 155
7840 7958 155
7840 7958 155
7840 7958 155
7840 7958 155
8431 8458 155
8431 8458 155
8431 8458 155
8431 8458 155
8431 8458 155
8431 8458 155
8431 8458 155
8431 8458 155
8431 8458 155
8431 8458 155
8431 8458 155
8431 8458 155
6035 5525 156
6035 5525 156
6035 5525 156
6035 5525 156
6035 5525 156
6035 5525 156
6035 5525 156
6035 5525 156
6035 5525 156
6035 5525 156
6035 5525 156
6035 5525 156
8458 6382 157
8458 6382 157
8458 6382 157
8458 6382 157
8458 6382 157
8458 6382 157
8458 6382 157
8458 6382 157
8458 6382 157
8458 6382 157
8458 6382 157
8458 6382 157
6525 6588 157
6525 6588 157
6525 6588 157
6525 6588 157
6525 6588 157
6525 6588 157
6525 6588 157
6525 6588 157
6525 6588 157
6525 6588 157
6525 6588 157
6525 6588 157
7513 7503 157
7513 7503 157
7513 7503 157
7513 7503 157
7513 7503 157
7513 7503 157
7513 7503 157
7513 7503 157
7513 7503 157
7513 7503 157
7513 7503 157
7513 7503 157
6586 6426 157
6586 6426 157
6586 6426 157
6586 6426 157
6586 6426 157
6586 6426 157
6586 6426 157
6586 6426 157
6586 6426 157
6586 6426 157
6586 6426 157
6586 6426 157
5297 8755 158
5297 8755 158
5297 8755 158
5297 8755 158
5297 8755 158
5297 8755 158
5297 8755 158
5297 8755 158
5297 8755 158
5297 8755 158
5297 8755 158
5297 8755 158
5380 8431 158
5380 8431 158
5380 8431 158
5380 8431 158
5380 8431 158
5380 8431 158
5380 8431 158
5380 8431 158
5380 8431 158
5380 8431 158
5380 8431 158
5380 8431 158
5380 8431 158
5268 8785 159
5268 8785 159
5268 8785 159
5268 8785 159
5268 8785 159
5268 8785 159
5268 8785 159
5268 8785 159
5268 8785 159
5268 8785 159
5268 8785 159
5268 8785 159
6359 6578 159
6359 6578 159
6359 6578 159
6359 6578 159
6359 6578 159
6359 6578 159
6359 6578 159
6359 6578 159
6359 6578 159
6359 6578 159
6359 6578 159
6359 6578 159
7747 7793 159
7747 7793 159
7747 7793 159
7747 7793 159
7747 7793 159
7747 7793 159
7747 7793 159
7747 7793 159
7747 7793 159
7747 7793 159
7747 7793 159
7747 7793 159
7747 7793 159
5259 5541 161
5259 5541 161
5259 5541 161
5259 5541 161
5259 5541 161
5259 5541 161
5259 5541 161
5259 5541 161
5259 5541 161
5259 5541 161
5259 5541 161
5259 5541 161
7784 7894 161
7784 7894 161
7784 7894 161
7784 7894 161
7784 7894 161
7784 7894 161
7784 7894 161
7784 7894 161
7784 7894 161
7784 7894 161
7784 7894 161
7784 7894 161
6530 7696 162
6530 7696 162
6530 7696 162
6530 7696 162
6530 7696 162
6530 7696 162
6530 7696 162
6530 7696 162
6530 7696 162
6530 7696 162
6530 7696 162
6530 7696 162
6533 6419 163
6533 6419 163
6533 6419 163
6533 6419 163
6533 6419 163
6533 6419 163
6533 6419 163
6533 6419 163
6533 6419 163
6533 6419 163
6533 6419 163
6533 6419 163
6533 6419 163
6010 5365 163
6010 5365 163
6010 5365 163
6010 5365 163
6010 5365 163
6010 5365 163
6010 5365 163
6010 5365 163
6010 5365 163
6010 5365 163
6010 5365 163
6010 5365 163
6010 5365 163
5432 5994 163
5432 5994 163
5432 5994 163
5432 5994 163
5432 5994 163
5432 5994 163
5432 5994 163
5432 5994 163
5432 5994 163
5432 5994 163
5432 5994 163
5432 5994 163
6461 6490 163
6461 6490 163
6461 6490 163
6461 6490 163
6461 6490 163
6461 6490 163
6461 6490 163
6461 6490 163
6461 6490 163
6461 6490 163
6461 6490 163
6461 6490 163
6410 5358 163
6410 5358 163
6410 5358 163
6410 5358 163
6410 5358 163
6410 5358 163
6410 5358 163
6410 5358 163
6410 5358 163
6410 5358 163
6410 5358 163
6410 5358 163
6410 5358 163
6559 7776 164
6559 7776 164
6559 7776 164
6559 7776 164
6559 7776 164
6559 7776 164
6559 7776 164
6559 7776 164
6559 7776 164
6559 7776 164
6559 7776 164
6559 7776 164
5383 5426 164
5383 5426 164
5383 5426 164
5383 5426 164
5383 5426 164
5383 5426 164
5383 5426 164
5383 5426 164
5383 5426 164
5383 5426 164
5383 5426 164
5383 5426 164
5383 5426 164
6521 6574 164
6521 6574 164
6521 6574 164
6521 6574 164
6521 6574 164
6521 6574 164
6521 6574 164
6521 6574 164
6521 6574 164
6521 6574 164
6521 6574 164
6521 6574 164
6521 6574 164
8476 6585 166
8476 6585 166
8476 6585 166
8476 6585 166
8476 6585 166
8476 6585 166
8476 6585 166
8476 6585 166
8476 6585 166
8476 6585 166
8476 6585 166
8476 6585 166
5334 5569 167
5334 5569 167
5334 5569 167
5334 5569 167
5334 5569 167
5334 5569 167
5334 5569 167
5334 5569 167
5334 5569 167
5334 5569 167
5334 5569 167
5334 5569 167
6579 6606 167
6579 6606 167
6579 6606 167
6579 6606 167
6579 6606 167
6579 6606 167
6579 6606 167
6579 6606 167
6579 6606 167
6579 6606 167
6579 6606 167
6579 6606 167
6579 6606 167
5462 5287 168
5462 5287 168
5462 5287 168
5462 5287 168
5462 5287 168
5462 5287 168
5462 5287 168
5462 5287 168
5462 5287 168
5462 5287 168
5462 5287 168
5462 5287 168
6556 7705 169
6556 7705 169
6556 7705 169
6556 7705 169
6556 7705 169
6556 7705 169
6556 7705 169
6556 7705 169
6556 7705 169
6556 7705 169
6556 7705 169
6556 7705 169
6549 6509 169
6549 6509 169
6549 6509 169
6549 6509 169
6549 6509 169
6549 6509 169
6549 6509 169
6549 6509 169
6549 6509 169
6549 6509 169
6549 6509 169
6549 6509 169
7690 6609 169
7690 6609 169
7690 6609 169
7690 6609 169
7690 6609 169
7690 6609 169
7690 6609 169
7690 6609 169
7690 6609 169
7690 6609 169
7690 6609 169
7690 6609 169
6541 5385 169
6541 5385 169
6541 5385 169
6541 5385 169
6541 5385 169
6541 5385 169
6541 5385 169
6541 5385 169
6541 5385 169
6541 5385 169
6541 5385 169
6541 5385 169
6451 7664 169
6451 7664 169
6451 7664 169
6451 7664 169
6451 7664 169
6451 7664 169
6451 7664 169
6451 7664 169
6451 7664 169
6451 7664 169
6451 7664 169
6451 7664 169
7799 7632 170
7799 7632 170
7799 7632 170
7799 7632 170
7799 7632 170
7799 7632 170
7799 7632 170
7799 7632 170
7799 7632 170
7799 7632 170
7799 7632 170
7799 7632 170
7709 8435 170
7709 8435 170
7709 8435 170
7709 8435 170
7709 8435 170
7709 8435 170
7709 8435 170
7709 8435 170
7709 8435 170
7709 8435 170
7709 8435 170
7709 8435 170
7927 7900 171
7927 7900 171
7927 7900 171
7927 7900 171
7927 7900 171
7927 7900 171
7927 7900 171
7927 7900 171
7927 7900 171
7927 7900 171
7927 7900 171
7927 7900 171
7927 7900 171
6513 7666 171
6513 7666 171
6513 7666 171
6513 7666 171
6513 7666 171
6513 7666 171
6513 7666 171
6513 7666 171
6513 7666 171
6513 7666 171
6513 7666 171
6513 7666 171
6513 7666 171
5381 8462 172
5381 8462 172
5381 8462 172
5381 8462 172
5381 8462 172
5381 8462 172
5381 8462 172
5381 8462 172
5381 8462 172
5381 8462 172
5381 8462 172
5381 8462 172
7917 7687 173
7917 7687 173
7917 7687 173
7917 7687 173
7917 7687 173
7917 7687 173
7917 7687 173
7917 7687 173
7917 7687 173
7917 7687 173
7917 7687 173
7917 7687 173
7917 7687 173
6543 7723 173
6543 7723 173
6543 7723 173
6543 7723 173
6543 7723 173
6543 7723 173
6543 7723 173
6543 7723 173
6543 7723 173
6543 7723 173
6543 7723 173
6543 7723 173
6081 8462 173
6081 8462 173
6081 8462 173
6081 8462 173
6081 8462 173
6081 8462 173
6081 8462 173
6081 8462 173
6081 8462 173
6081 8462 173
6081 8462 173
6081 8462 173
7694 6536 173
7694 6536 173
7694 6536 173
7694 6536 173
7694 6536 173
7694 6536 173
7694 6536 173
7694 6536 173
7694 6536 173
7694 6536 173
7694 6536 173
7694 6536 173
7694 6536 173
5316 5269 173
5316 5269 173
5316 5269 173
5316 5269 173
5316 5269 173
5316 5269 173
5316 5269 173
5316 5269 173
5316 5269 173
5316 5269 173
5316 5269 173
5316 5269 173
8444 5254 174
8444 5254 174
8444 5254 174
8444 5254 174
8444 5254 174
8444 5254 174
8444 5254 174
8444 5254 174
8444 5254 174
8444 5254 174
8444 5254 174
8444 5254 174
8444 5254 174
7698 6532 174
7698 6532 174
7698 6532 174
7698 6532 174
7698 6532 174
7698 6532 174
7698 6532 174
7698 6532 174
7698 6532 174
7698 6532 174
7698 6532 174
7698 6532 174
7698 6532 174
6552 8449 174
6552 8449 174
6552 8449 174
6552 8449 174
6552 8449 174
6552 8449 174
6552 8449 174
6552 8449 174
6552 8449 174
6552 8449 174
6552 8449 174
6552 8449 174
6552 8449 174
6329 6494 175
6329 6494 175
6329 6494 175
6329 6494 175
6329 6494 175
6329 6494 175
6329 6494 175
6329 6494 175
6329 6494 175
6329 6494 175
6329 6494 175
6329 6494 175
6538 7733 176
6538 7733 176
6538 7733 176
6538 7733 176
6538 7733 176
6538 7733 176
6538 7733 176
6538 7733 176
6538 7733 176
6538 7733 176
6538 7733 176
6538 7733 176
6538 7733 176
6002 5547 176
6002 5547 176
6002 5547 176
6002 5547 176
6002 5547 176
6002 5547 176
6002 5547 176
6002 5547 176
6002 5547 176
6002 5547 176
6002 5547 176
6002 5547 176
5361 6006 177
5361 6006 177
5361 6006 177
5361 6006 177
5361 6006 177
5361 6006 177
5361 6006 177
5361 6006 177
5361 6006 177
5361 6006 177
5361 6006 177
5361 6006 177
7761 6009 178
7761 6009 178
7761 6009 178
7761 6009 178
7761 6009 178
7761 6009 178
7761 6009 178
7761 6009 178
7761 6009 178
7761 6009 178
7761 6009 178
7761 6009 178
7894 8370 178
7894 8370 178
7894 8370 178
7894 8370 178
7894 8370 178
7894 8370 178
7894 8370 178
7894 8370 178
7894 8370 178
7894 8370 178
7894 8370 178
7894 8370 178
6509 7672 179
6509 7672 179
6509 7672 179
6509 7672 179
6509 7672 179
6509 7672 179
6509 7672 179
6509 7672 179
6509 7672 179
6509 7672 179
6509 7672 179
6509 7672 179
6509 7672 179
5419 5382 182
5419 5382 182
5419 5382 182
5419 5382 182
5419 5382 182
5419 5382 182
5419 5382 182
5419 5382 182
5419 5382 182
5419 5382 182
5419 5382 182
5419 5382 182
5419 5382 182
7859 9652 185
7859 9652 185
7859 9652 185
7859 9652 185
7859 9652 185
7859 9652 185
7859 9652 185
7859 9652 185
7859 9652 185
7859 9652 185
7859 9652 185
7859 9652 185
7859 9652 185
6020 7765 185
6020 7765 185
6020 7765 185
6020 7765 185
6020 7765 185
6020 7765 185
6020 7765 185
6020 7765 185
6020 7765 185
6020 7765 185
6020 7765 185
6020 7765 185
5359 5455 185
5359 5455 185
5359 5455 185
5359 5455 185
5359 5455 185
5359 5455 185
5359 5455 185
5359 5455 185
5359 5455 185
5359 5455 185
5359 5455 185
5359 5455 185
5359 5455 185
7679 6325 185
7679 6325 185
7679 6325 185
7679 6325 185
7679 6325 185
7679 6325 185
7679 6325 185
7679 6325 185
7679 6325 185
7679 6325 185
7679 6325 185
7679 6325 185
6517 6383 186
6517 6383 186
6517 6383 186
6517 6383 186
6517 6383 186
6517 6383 186
6517 6383 186
6517 6383 186
6517 6383 186
6517 6383 186
6517 6383 186
6517 6383 186
6511 6380 186
6511 6380 186
6511 6380 186
6511 6380 186
6511 6380 186
6511 6380 186
6511 6380 186
6511 6380 186
6511 6380 186
6511 6380 186
6511 6380 186
6511 6380 186
6511 6380 186
9180 9221 187
9180 9221 187
9180 9221 187
9180 9221 187
9180 9221 187
9180 9221 187
9180 9221 187
9180 9221 187
9180 9221 187
9180 9221 187
9180 9221 187
9180 9221 187
8763 5253 190
8763 5253 190
8763 5253 190
8763 5253 190
8763 5253 190
8763 5253 190
8763 5253 190
8763 5253 190
8763 5253 190
8763 5253 190
8763 5253 190
8763 5253 190
8763 5253 190
5252 8452 192
5252 8452 192
5252 8452 192
5252 8452 192
5252 8452 192
5252 8452 192
5252 8452 192
5252 8452 192
5252 8452 192
5252 8452 192
5252 8452 192
5252 8452 192
5252 8452 192
8746 9158 192
8746 9158 192
8746 9158 192
8746 9158 192
8746 9158 192
8746 9158 192
8746 9158 192
8746 9158 192
8746 9158 192
8746 9158 192
8746 9158 192
8746 9158 192
6544 6534 201
6544 6534 201
6544 6534 201
6544 6534 201
6544 6534 201
6544 6534 201
6544 6534 201
6544 6534 201
6544 6534 201
6544 6534 201
6544 6534 201
6544 6534 201
6579 6565 201
6579 6565 201
6579 6565 201
6579 6565 201
6579 6565 201
6579 6565 201
6579 6565 201
6579 6565 201
6579 6565 201
6579 6565 201
6579 6565 201
6579 6565 201
6579 6565 201
5292 5354 202
5292 5354 202
5292 5354 202
5292 5354 202
5292 5354 202
5292 5354 202
5292 5354 202
5292 5354 202
5292 5354 202
5292 5354 202
5292 5354 202
5292 5354 202
5292 5354 202
7884 7914 203
7884 7914 203
7884 7914 203
7884 7914 203
7884 7914 203
7884 7914 203
7884 7914 203
7884 7914 203
7884 7914 203
7884 7914 203
7884 7914 203
7884 7914 203
7884 7914 203
6382 8456 204
6382 8456 204
6382 8456 204
6382 8456 204
6382 8456 204
6382 8456 204
6382 8456 204
6382 8456 204
6382 8456 204
6382 8456 204
6382 8456 204
6382 8456 204
6382 8456 204
5361 6534 208
5361 6534 208
5361 6534 208
5361 6534 208
5361 6534 208
5361 6534 208
5361 6534 208
5361 6534 208
5361 6534 208
5361 6534 208
5361 6534 208
5361 6534 208
6596 8438 209
6596 8438 209
6596 8438 209
6596 8438 209
6596 8438 209
6596 8438 209
6596 8438 209
6596 8438 209
6596 8438 209
6596 8438 209
6596 8438 209
6596 8438 209
8663 6347 212
8663 6347 212
8663 6347 212
8663 6347 212
8663 6347 212
8663 6347 212
8663 6347 212
8663 6347 212
8663 6347 212
8663 6347 212
8663 6347 212
8663 6347 212
8663 6347 212
6460 6525 220
6460 6525 220
6460 6525 220
6460 6525 220
6460 6525 220
6460 6525 220
6460 6525 220
6460 6525 220
6460 6525 220
6460 6525 220
6460 6525 220
6460 6525 220
6005 5360 229
6005 5360 229
6005 5360 229
6005 5360 229
6005 5360 229
6005 5360 229
6005 5360 229
6005 5360 229
6005 5360 229
6005 5360 229
6005 5360 229
6005 5360 229
5432 5259 231
5432 5259 231
5432 5259 231
5432 5259 231
5432 5259 231
5432 5259 231
5432 5259 231
5432 5259 231
5432 5259 231
5432 5259 231
5432 5259 231
5432 5259 231
5259 6595 234
5259 6595 234
5259 6595 234
5259 6595 234
5259 6595 234
5259 6595 234
5259 6595 234
5259 6595 234
5259 6595 234
5259 6595 234
5259 6595 234
5259 6595 234
6557 7708 237
6557 7708 237
6557 7708 237
6557 7708 237
6557 7708 237
6557 7708 237
6557 7708 237
6557 7708 237
6557 7708 237
6557 7708 237
6557 7708 237
6557 7708 237
5437 8445 237
5437 8445 237
5437 8445 237
5437 8445 237
5437 8445 237
5437 8445 237
5437 8445 237
5437 8445 237
5437 8445 237
5437 8445 237
5437 8445 237
5437 8445 237
5437 8445 237
7911 7892 237
7911 7892 237
7911 7892 237
7911 7892 237
7911 7892 237
7911 7892 237
7911 7892 237
7911 7892 237
7911 7892 237
7911 7892 237
7911 7892 237
7911 7892 237
6041 7780 239
6041 7780 239
6041 7780 239
6041 7780 239
6041 7780 239
6041 7780 239
6041 7780 239
6041 7780 239
6041 7780 239
6041 7780 239
6041 7780 239
6041 7780 239
6041 7780 239
8757 5380 240
8757 5380 240
8757 5380 240
8757 5380 240
8757 5380 240
8757 5380 240
8757 5380 240
8757 5380 240
8757 5380 240
8757 5380 240
8757 5380 240
8757 5380 240
6038 6019 240
6038 6019 240
6038 6019 240
6038 6019 240
6038 6019 240
6038 6019 240
6038 6019 240
6038 6019 240
6038 6019 240
6038 6019 240
6038 6019 240
6038 6019 240
6544 5988 241
6544 5988 241
6544 5988 241
6544 5988 241
6544 5988 241
6544 5988 241
6544 5988 241
6544 5988 241
6544 5988 241
6544 5988 241
6544 5988 241
6544 5988 241
6449 6537 241
6449 6537 241
6449 6537 241
6449 6537 241
6449 6537 241
6449 6537 241
6449 6537 241
6449 6537 241
6449 6537 241
6449 6537 241
6449 6537 241
6449 6537 241
6449 6537 241
7972 7707 241
7972 7707 241
7972 7707 241
7972 7707 241
7972 7707 241
7972 7707 241
7972 7707 241
7972 7707 241
7972 7707 241
7972 7707 241
7972 7707 241
7972 7707 241
5353 8452 241
5353 8452 241
5353 8452 241
5353 8452 241
5353 8452 241
5353 8452 241
5353 8452 241
5353 8452 241
5353 8452 241
5353 8452 241
5353 8452 241
5353 8452 241
6366 6569 241
6366 6569 241
6366 6569 241
6366 6569 241
6366 6569 241
6366 6569 241
6366 6569 241
6366 6569 241
6366 6569 241
6366 6569 241
6366 6569 241
6366 6569 241
7710 5359 242
7710 5359 242
7710 5359 242
7710 5359 242
7710 5359 242
7710 5359 242
7710 5359 242
7710 5359 242
7710 5359 242
7710 5359 242
7710 5359 242
7710 5359 242
6610 7768 243
6610 7768 243
6610 7768 243
6610 7768 243
6610 7768 243
6610 7768 243
6610 7768 243
6610 7768 243
6610 7768 243
6610 7768 243
6610 7768 243
6610 7768 243
8472 6595 243
8472 6595 243
8472 6595 243
8472 6595 243
8472 6595 243
8472 6595 243
8472 6595 243
8472 6595 243
8472 6595 243
8472 6595 243
8472 6595 243
8472 6595 243
6544 5258 243
6544 5258 243
6544 5258 243
6544 5258 243
6544 5258 243
6544 5258 243
6544 5258 243
6544 5258 243
6544 5258 243
6544 5258 243
6544 5258 243
6544 5258 243
6544 7718 244
6544 7718 244
6544 7718 244
6544 7718 244
6544 7718 244
6544 7718 244
6544 7718 244
6544 7718 244
6544 7718 244
6544 7718 244
6544 7718 244
6544 7718 244
6544 7718 244
7784 6443 245
7784 6443 245
7784 6443 245
7784 6443 245
7784 6443 245
7784 6443 245
7784 6443 245
7784 6443 245
7784 6443 245
7784 6443 245
7784 6443 245
7784 6443 245
7934 7726 245
7934 7726 245
7934 7726 245
7934 7726 245
7934 7726 245
7934 7726 245
7934 7726 245
7934 7726 245
7934 7726 245
7934 7726 245
7934 7726 245
7934 7726 245
7934 7726 245
5358 6605 246
5358 6605 246
5358 6605 246
5358 6605 246
5358 6605 246
5358 6605 246
5358 6605 246
5358 6605 246
5358 6605 246
5358 6605 246
5358 6605 246
5358 6605 246
6515 7813 247
6515 7813 247
6515 7813 247
6515 7813 247
6515 7813 247
6515 7813 247
6515 7813 247
6515 7813 247
6515 7813 247
6515 7813 247
6515 7813 247
6515 7813 247
6515 7813 247
6531 8436 248
6531 8436 248
6531 8436 248
6531 8436 248
6531 8436 248
6531 8436 248
6531 8436 248
6531 8436 248
6531 8436 248
6531 8436 248
6531 8436 248
6531 8436 248
6531 8436 248
8445 6410 248
8445 6410 248
8445 6410 248
8445 6410 248
8445 6410 248
8445 6410 248
8445 6410 248
8445 6410 248
8445 6410 248
8445 6410 248
8445 6410 248
8445 6410 248
8445 6410 248
6021 8454 248
6021 8454 248
6021 8454 248
6021 8454 248
6021 8454 248
6021 8454 248
6021 8454 248
6021 8454 248
6021 8454 248
6021 8454 248
6021 8454 248
6021 8454 248
6021 8454 248
8841 8813 249
8841 8813 249
8841 8813 249
8841 8813 249
8841 8813 249
8841 8813 249
8841 8813 249
8841 8813 249
8841 8813 249
8841 8813 249
8841 8813 249
8841 8813 249
8841 8813 249
5274 8447 249
5274 8447 249
5274 8447 249
5274 8447 249
5274 8447 249
5274 8447 249
5274 8447 249
5274 8447 249
5274 8447 249
5274 8447 249
5274 8447 249
5274 8447 249
6479 6569 249
6479 6569 249
6479 6569 249
6479 6569 249
6479 6569 249
6479 6569 249
6479 6569 249
6479 6569 249
6479 6569 249
6479 6569 249
6479 6569 249
6479 6569 249
6479 6569 249
7936 7835 250
7936 7835 250
7936 7835 250
7936 7835 250
7936 7835 250
7936 7835 250
7936 7835 250
7936 7835 250
7936 7835 250
7936 7835 250
7936 7835 250
7936 7835 250
5544 5538 250
5544 5538 250
5544 5538 250
5544 5538 250
5544 5538 250
5544 5538 250
5544 5538 250
5544 5538 250
5544 5538 250
5544 5538 250
5544 5538 250
5544 5538 250
5544 5538 250
8476 7731 251
8476 7731 251
8476 7731 251
8476 7731 251
8476 7731 251
8476 7731 251
8476 7731 251
8476 7731 251
8476 7731 251
8476 7731 251
8476 7731 251
8476 7731 251
5413 8446 251
5413 8446 251
5413 8446 251
5413 8446 251
5413 8446 251
5413 8446 251
5413 8446 251
5413 8446 251
5413 8446 251
5413 8446 251
5413 8446 251
5413 8446 251
5413 8446 251
8353 7659 252
8353 7659 252
8353 7659 252
8353 7659 252
8353 7659 252
8353 7659 252
8353 7659 252
8353 7659 252
8353 7659 252
8353 7659 252
8353 7659 252
8353 7659 252
6475 6452 252
6475 6452 252
6475 6452 252
6475 6452 252
6475 6452 252
6475 6452 252
6475 6452 252
6475 6452 252
6475 6452 252
6475 6452 252
6475 6452 252
6475 6452 252
6505 7702 252
6505 7702 252
6505 7702 252
6505 7702 252
6505 7702 252
6505 7702 252
6505 7702 252
6505 7702 252
6505 7702 252
6505 7702 252
6505 7702 252
6505 7702 252
6003 5358 253
6003 5358 253
6003 5358 253
6003 5358 253
6003 5358 253
6003 5358 253
6003 5358 253
6003 5358 253
6003 5358 253
6003 5358 253
6003 5358 253
6003 5358 253
7846 7749 253
7846 7749 253
7846 7749 253
7846 7749 253
7846 7749 253
7846 7749 253
7846 7749 253
7846 7749 253
7846 7749 253
7846 7749 253
7846 7749 253
7846 7749 253
7846 7749 253
5354 8446 253
5354 8446 253
5354 8446 253
5354 8446 253
5354 8446 253
5354 8446 253
5354 8446 253
5354 8446 253
5354 8446 253
5354 8446 253
5354 8446 253
5354 8446 253
5354 8446 253
5574 5485 253
5574 5485 253
5574 5485 253
5574 5485 253
5574 5485 253
5574 5485 253
5574 5485 253
5574 5485 253
5574 5485 253
5574 5485 253
5574 5485 253
5574 5485 253
5543 8451 253
5543 8451 253
5543 8451 253
5543 8451 253
5543 8451 253
5543 8451 253
5543 8451 253
5543 8451 253
5543 8451 253
5543 8451 253
5543 8451 253
5543 8451 253
7710 7692 253
7710 7692 253
7710 7692 253
7710 7692 253
7710 7692 253
7710 7692 253
7710 7692 253
7710 7692 253
7710 7692 253
7710 7692 253
7710 7692 253
7710 7692 253
7748 7889 253
7748 7889 253
7748 7889 253
7748 7889 253
7748 7889 253
7748 7889 253
7748 7889 253
7748 7889 253
7748 7889 253
7748 7889 253
7748 7889 253
7748 7889 253
5419 7725 254
5419 7725 254
5419 7725 254
5419 7725 254
5419 7725 254
5419 7725 254
5419 7725 254
5419 7725 254
5419 7725 254
5419 7725 254
5419 7725 254
5419 7725 254
7695 5387 254
7695 5387 254
7695 5387 254
7695 5387 254
7695 5387 254
7695 5387 254
7695 5387 254
7695 5387 254
7695 5387 254
7695 5387 254
7695 5387 254
7695 5387 254
8458 6592 254
8458 6592 254
8458 6592 254
8458 6592 254
8458 6592 254
8458 6592 254
8458 6592 254
8458 6592 254
8458 6592 254
8458 6592 254
8458 6592 254
8458 6592 254
6553 5259 254
6553 5259 254
6553 5259 254
6553 5259 254
6553 5259 254
6553 5259 254
6553 5259 254
6553 5259 254
6553 5259 254
6553 5259 254
6553 5259 254
6553 5259 254
7724 7749 254
7724 7749 254
7724 7749 254
7724 7749 254
7724 7749 254
7724 7749 254
7724 7749 254
7724 7749 254
7724 7749 254
7724 7749 254
7724 7749 254
7724 7749 254
7724 7749 254
7969 7867 255
7969 7867 255
7969 7867 255
7969 7867 255
7969 7867 255
7969 7867 255
7969 7867 255
7969 7867 255
7969 7867 255
7969 7867 255
7969 7867 255
7969 7867 255
7969 7867 255
8663 5295 256
8663 5295 256
8663 5295 256
8663 5295 256
8663 5295 256
8663 5295 256
8663 5295 256
8663 5295 256
8663 5295 256
8663 5295 256
8663 5295 256
8663 5295 256
8663 5295 256
8680 5259 256
8680 5259 256
8680 5259 256
8680 5259 256
8680 5259 256
8680 5259 256
8680 5259 256
8680 5259 256
8680 5259 256
8680 5259 256
8680 5259 256
8680 5259 256
9149 5308 256
9149 5308 256
9149 5308 256
9149 5308 256
9149 5308 256
9149 5308 256
9149 5308 256
9149 5308 256
9149 5308 256
9149 5308 256
9149 5308 256
9149 5308 256
5514 5529 256
5514 5529 256
5514 5529 256
5514 5529 256
5514 5529 256
5514 5529 256
5514 5529 256
5514 5529 256
5514 5529 256
5514 5529 256
5514 5529 256
5514 5529 256
5514 5529 256
6550 7714 256
6550 7714 256
6550 7714 256
6550 7714 256
6550 7714 256
6550 7714 256
6550 7714 256
6550 7714 256
6550 7714 256
6550 7714 256
6550 7714 256
6550 7714 256
6550 7714 256
5292 5407 257
5292 5407 257
5292 5407 257
5292 5407 257
5292 5407 257
5292 5407 257
5292 5407 257
5292 5407 257
5292 5407 257
5292 5407 257
5292 5407 257
5292 5407 257
5292 5407 257
7715 7700 257
7715 7700 257
7715 7700 257
7715 7700 257
7715 7700 257
7715 7700 257
7715 7700 257
7715 7700 257
7715 7700 257
7715 7700 257
7715 7700 257
7715 7700 257
6537 7701 257
6537 7701 257
6537 7701 257
6537 7701 257
6537 7701 257
6537 7701 257
6537 7701 257
6537 7701 257
6537 7701 257
6537 7701 257
6537 7701 257
6537 7701 257
7939 7691 257
7939 7691 257
7939 7691 257
7939 7691 257
7939 7691 257
7939 7691 257
7939 7691 257
7939 7691 257
7939 7691 257
7939 7691 257
7939 7691 257
7939 7691 257
5335 5442 257
5335 5442 257
5335 5442 257
5335 5442 257
5335 5442 257
5335 5442 257
5335 5442 257
5335 5442 257
5335 5442 257
5335 5442 257
5335 5442 257
5335 5442 257
6543 7726 258
6543 7726 258
6543 7726 258
6543 7726 258
6543 7726 258
6543 7726 258
6543 7726 258
6543 7726 258
6543 7726 258
6543 7726 258
6543 7726 258
6543 7726 258
7751 7708 258
7751 7708 258
7751 7708 258
7751 7708 258
7751 7708 258
7751 7708 258
7751 7708 258
7751 7708 258
7751 7708 258
7751 7708 258
7751 7708 258
7751 7708 258
7845 7757 258
7845 7757 258
7845 7757 258
7845 7757 258
7845 7757 258
7845 7757 258
7845 7757 258
7845 7757 258
7845 7757 258
7845 7757 258
7845 7757 258
7845 7757 258
7845 7757 258
6596 8466 258
6596 8466 258
6596 8466 258
6596 8466 258
6596 8466 258
6596 8466 258
6596 8466 258
6596 8466 258
6596 8466 258
6596 8466 258
6596 8466 258
6596 8466 258
6596 8466 258
7964 7764 258
7964 7764 258
7964 7764 258
7964 7764 258
7964 7764 258
7964 7764 258
7964 7764 258
7964 7764 258
7964 7764 258
7964 7764 258
7964 7764 258
7964 7764 258
8470 6559 258
8470 6559 258
8470 6559 258
8470 6559 258
8470 6559 258
8470 6559 258
8470 6559 258
8470 6559 258
8470 6559 258
8470 6559 258
8470 6559 258
8470 6559 258
7787 7721 258
7787 7721 258
7787 7721 258
7787 7721 258
7787 7721 258
7787 7721 258
7787 7721 258
7787 7721 258
7787 7721 258
7787 7721 258
7787 7721 258
7787 7721 258
7738 7676 258
7738 7676 258
7738 7676 258
7738 7676 258
7738 7676 258
7738 7676 258
7738 7676 258
7738 7676 258
7738 7676 258
7738 7676 258
7738 7676 258
7738 7676 258
8436 5386 258
8436 5386 258
8436 5386 258
8436 5386 258
8436 5386 258
8436 5386 258
8436 5386 258
8436 5386 258
8436 5386 258
8436 5386 258
8436 5386 258
8436 5386 258
8436 5386 258
7711 7703 259
7711 7703 259
7711 7703 259
7711 7703 259
7711 7703 259
7711 7703 259
7711 7703 259
7711 7703 259
7711 7703 259
7711 7703 259
7711 7703 259
7711 7703 259
5264 8774 259
5264 8774 259
5264 8774 259
5264 8774 259
5264 8774 259
5264 8774 259
5264 8774 259
5264 8774 259
5264 8774 259
5264 8774 259
5264 8774 259
5264 8774 259
5396 7770 259
5396 7770 259
5396 7770 259
5396 7770 259
5396 7770 259
5396 7770 259
5396 7770 259
5396 7770 259
5396 7770 259
5396 7770 259
5396 7770 259
5396 7770 259
5396 7770 259
5293 8706 259
5293 8706 259
5293 8706 259
5293 8706 259
5293 8706 259
5293 8706 259
5293 8706 259
5293 8706 259
5293 8706 259
5293 8706 259
5293 8706 259
5293 8706 259
5293 8706 259
5988 5410 259
5988 5410 259
5988 5410 259
5988 5410 259
5988 5410 259
5988 5410 259
5988 5410 259
5988 5410 259
5988 5410 259
5988 5410 259
5988 5410 259
5988 5410 259
6056 7766 260
6056 7766 260
6056 7766 260
6056 7766 260
6056 7766 260
6056 7766 260
6056 7766 260
6056 7766 260
6056 7766 260
6056 7766 260
6056 7766 260
6056 7766 260
6056 7766 260
5527 5400 260
5527 5400 260
5527 5400 260
5527 5400 260
5527 5400 260
5527 5400 260
5527 5400 260
5527 5400 260
5527 5400 260
5527 5400 260
5527 5400 260
5527 5400 260
5527 5400 260
7839 7903 260
7839 7903 260
7839 7903 260
7839 7903 260
7839 7903 260
7839 7903 260
7839 7903 260
7839 7903 260
7839 7903 260
7839 7903 260
7839 7903 260
7839 7903 260
6356 9520 260
6356 9520 260
6356 9520 260
6356 9520 260
6356 9520 260
6356 9520 260
6356 9520 260
6356 9520 260
6356 9520 260
6356 9520 260
6356 9520 260
6356 9520 260
8470 7700 260
8470 7700 260
8470 7700 260
8470 7700 260
8470 7700 260
8470 7700 260
8470 7700 260
8470 7700 260
8470 7700 260
8470 7700 260
8470 7700 260
8470 7700 260
8470 7700 260
5988 5426 261
5988 5426 261
5988 5426 261
5988 5426 261
5988 5426 261
5988 5426 261
5988 5426 261
5988 5426 261
5988 5426 261
5988 5426 261
5988 5426 261
5988 5426 261
8438 7763 261
8438 7763 261
8438 7763 261
8438 7763 261
8438 7763 261
8438 7763 261
8438 7763 261
8438 7763 261
8438 7763 261
8438 7763 261
8438 7763 261
8438 7763 261
8438 7763 261
9198 5510 261
9198 5510 261
9198 5510 261
9198 5510 261
9198 5510 261
9198 5510 261
9198 5510 261
9198 5510 261
9198 5510 261
9198 5510 261
9198 5510 261
9198 5510 261
9198 5510 261
7944 7906 262
7944 7906 262
7944 7906 262
7944 7906 262
7944 7906 262
7944 7906 262
7944 7906 262
7944 7906 262
7944 7906 262
7944 7906 262
7944 7906 262
7944 7906 262
7905 7820 262
7905 7820 262
7905 7820 262
7905 7820 262
7905 7820 262
7905 7820 262
7905 7820 262
7905 7820 262
7905 7820 262
7905 7820 262
7905 7820 262
7905 7820 262
7742 7805 262
7742 7805 262
7742 7805 262
7742 7805 262
7742 7805 262
7742 7805 262
7742 7805 262
7742 7805 262
7742 7805 262
7742 7805 262
7742 7805 262
7742 7805 262
5402 6610 263
5402 6610 263
5402 6610 263
5402 6610 263
5402 6610 263
5402 6610 263
5402 6610 263
5402 6610 263
5402 6610 263
5402 6610 263
5402 6610 263
5402 6610 263
5443 6089 263
5443 6089 263
5443 6089 263
5443 6089 263
5443 6089 263
5443 6089 263
5443 6089 263
5443 6089 263
5443 6089 263
5443 6089 263
5443 6089 263
5443 6089 263
7881 7773 263
7881 7773 263
7881 7773 263
7881 7773 263
7881 7773 263
7881 7773 263
7881 7773 263
7881 7773 263
7881 7773 263
7881 7773 263
7881 7773 263
7881 7773 263
7762 5419 263
7762 5419 263
7762 5419 263
7762 5419 263
7762 5419 263
7762 5419 263
7762 5419 263
7762 5419 263
7762 5419 263
7762 5419 263
7762 5419 263
7762 5419 263
5257 5298 263
5257 5298 263
5257 5298 263
5257 5298 263
5257 5298 263
5257 5298 263
5257 5298 263
5257 5298 263
5257 5298 263
5257 5298 263
5257 5298 263
5257 5298 263
5257 5298 263
6111 5477 264
6111 5477 264
6111 5477 264
6111 5477 264
6111 5477 264
6111 5477 264
6111 5477 264
6111 5477 264
6111 5477 264
6111 5477 264
6111 5477 264
6111 5477 264
6005 7717 264
6005 7717 264
6005 7717 264
6005 7717 264
6005 7717 264
6005 7717 264
6005 7717 264
6005 7717 264
6005 7717 264
6005 7717 264
6005 7717 264
6005 7717 264
7912 7906 265
7912 7906 265
7912 7906 265
7912 7906 265
7912 7906 265
7912 7906 265
7912 7906 265
7912 7906 265
7912 7906 265
7912 7906 265
7912 7906 265
7912 7906 265
8349 7890 265
8349 7890 265
8349 7890 265
8349 7890 265
8349 7890 265
8349 7890 265
8349 7890 265
8349 7890 265
8349 7890 265
8349 7890 265
8349 7890 265
8349 7890 265
8349 7890 265
5309 8759 265
5309 8759 265
5309 8759 265
5309 8759 265
5309 8759 265
5309 8759 265
5309 8759 265
5309 8759 265
5309 8759 265
5309 8759 265
5309 8759 265
5309 8759 265
5309 8759 265
5380 8435 265
5380 8435 265
5380 8435 265
5380 8435 265
5380 8435 265
5380 8435 265
5380 8435 265
5380 8435 265
5380 8435 265
5380 8435 265
5380 8435 265
5380 8435 265
6320 6499 266
6320 6499 266
6320 6499 266
6320 6499 266
6320 6499 266
6320 6499 266
6320 6499 266
6320 6499 266
6320 6499 266
6320 6499 266
6320 6499 266
6320 6499 266
6320 6499 266
6475 6500 266
6475 6500 266
6475 6500 266
6475 6500 266
6475 6500 266
6475 6500 266
6475 6500 266
6475 6500 266
6475 6500 266
6475 6500 266
6475 6500 266
6475 6500 266
6544 6606 266
6544 6606 266
6544 6606 266
6544 6606 266
6544 6606 266
6544 6606 266
6544 6606 266
6544 6606 266
6544 6606 266
6544 6606 266
6544 6606 266
6544 6606 266
6549 6586 267
6549 6586 267
6549 6586 267
6549 6586 267
6549 6586 267
6549 6586 267
6549 6586 267
6549 6586 267
6549 6586 267
6549 6586 267
6549 6586 267
6549 6586 267
9147 5265 267
9147 5265 267
9147 5265 267
9147 5265 267
9147 5265 267
9147 5265 267
9147 5265 267
9147 5265 267
9147 5265 267
9147 5265 267
9147 5265 267
9147 5265 267
7723 8450 267
7723 8450 267
7723 8450 267
7723 8450 267
7723 8450 267
7723 8450 267
7723 8450 267
7723 8450 267
7723 8450 267
7723 8450 267
7723 8450 267
7723 8450 267
7723 8450 267
7881 7940 267
7881 7940 267
7881 7940 267
7881 7940 267
7881 7940 267
7881 7940 267
7881 7940 267
7881 7940 267
7881 7940 267
7881 7940 267
7881 7940 267
7881 7940 267
6352 6594 268
6352 6594 268
6352 6594 268
6352 6594 268
6352 6594 268
6352 6594 268
6352 6594 268
6352 6594 268
6352 6594 268
6352 6594 268
6352 6594 268
6352 6594 268
8454 5355 268
8454 5355 268
8454 5355 268
8454 5355 268
8454 5355 268
8454 5355 268
8454 5355 268
8454 5355 268
8454 5355 268
8454 5355 268
8454 5355 268
8454 5355 268
5518 5300 268
5518 5300 268
5518 5300 268
5518 5300 268
5518 5300 268
5518 5300 268
5518 5300 268
5518 5300 268
5518 5300 268
5518 5300 268
5518 5300 268
5518 5300 268
5284 6551 269
5284 6551 269
5284 6551 269
5284 6551 269
5284 6551 269
5284 6551 269
5284 6551 269
5284 6551 269
5284 6551 269
5284 6551 269
5284 6551 269
5284 6551 269
5301 5443 270
5301 5443 270
5301 5443 270
5301 5443 270
5301 5443 270
5301 5443 270
5301 5443 270
5301 5443 270
5301 5443 270
5301 5443 270
5301 5443 270
5301 5443 270
5301 5443 270
5259 5272 270
5259 5272 270
5259 5272 270
5259 5272 270
5259 5272 270
5259 5272 270
5259 5272 270
5259 5272 270
5259 5272 270
5259 5272 270
5259 5272 270
5259 5272 270
5259 5272 270
8466 5988 271
8466 5988 271
8466 5988 271
8466 5988 271
8466 5988 271
8466 5988 271
8466 5988 271
8466 5988 271
8466 5988 271
8466 5988 271
8466 5988 271
8466 5988 271
7879 7752 271
7879 7752 271
7879 7752 271
7879 7752 271
7879 7752 271
7879 7752 271
7879 7752 271
7879 7752 271
7879 7752 271
7879 7752 271
7879 7752 271
7879 7752 271
7879 7752 271
5254 5414 272
5254 5414 272
5254 5414 272
5254 5414 272
5254 5414 272
5254 5414 272
5254 5414 272
5254 5414 272
5254 5414 272
5254 5414 272
5254 5414 272
5254 5414 272
5254 5414 272
6351 5256 272
6351 5256 272
6351 5256 272
6351 5256 272
6351 5256 272
6351 5256 272
6351 5256 272
6351 5256 272
6351 5256 272
6351 5256 272
6351 5256 272
6351 5256 272
6351 5256 272
7881 7731 273
7881 7731 273
7881 7731 273
7881 7731 273
7881 7731 273
7881 7731 273
7881 7731 273
7881 7731 273
7881 7731 273
7881 7731 273
7881 7731 273
7881 7731 273
7881 7731 273
5275 9157 273
5275 9157 273
5275 9157 273
5275 9157 273
5275 9157 273
5275 9157 273
5275 9157 273
5275 9157 273
5275 9157 273
5275 9157 273
5275 9157 273
5275 9157 273
8455 5260 273
8455 5260 273
8455 5260 273
8455 5260 273
8455 5260 273
8455 5260 273
8455 5260 273
8455 5260 273
8455 5260 273
8455 5260 273
8455 5260 273
8455 5260 273
8455 5260 273
6438 8471 274
6438 8471 274
6438 8471 274
6438 8471 274
6438 8471 274
6438 8471 274
6438 8471 274
6438 8471 274
6438 8471 274
6438 8471 274
6438 8471 274
6438 8471 274
6438 8471 274
7819 6443 274
7819 6443 274
7819 6443 274
7819 6443 274
7819 6443 274
7819 6443 274
7819 6443 274
7819 6443 274
7819 6443 274
7819 6443 274
7819 6443 274
7819 6443 274
7819 6443 274
6493 6520 274
6493 6520 274
6493 6520 274
6493 6520 274
6493 6520 274
6493 6520 274
6493 6520 274
6493 6520 274
6493 6520 274
6493 6520 274
6493 6520 274
6493 6520 274
5361 5986 275
5361 5986 275
5361 5986 275
5361 5986 275
5361 5986 275
5361 5986 275
5361 5986 275
5361 5986 275
5361 5986 275
5361 5986 275
5361 5986 275
5361 5986 275
8372 7873 275
8372 7873 275
8372 7873 275
8372 7873 275
8372 7873 275
8372 7873 275
8372 7873 275
8372 7873 275
8372 7873 275
8372 7873 275
8372 7873 275
8372 7873 275
8372 7873 275
8441 8468 275
8441 8468 275
8441 8468 275
8441 8468 275
8441 8468 275
8441 8468 275
8441 8468 275
8441 8468 275
8441 8468 275
8441 8468 275
8441 8468 275
8441 8468 275
8441 8468 275
7748 7726 276
7748 7726 276
7748 7726 276
7748 7726 276
7748 7726 276
7748 7726 276
7748 7726 276
7748 7726 276
7748 7726 276
7748 7726 276
7748 7726 276
7748 7726 276
7755 5990 276
7755 5990 276
7755 5990 276
7755 5990 276
7755 5990 276
7755 5990 276
7755 5990 276
7755 5990 276
7755 5990 276
7755 5990 276
7755 5990 276
7755 5990 276
7755 5990 276
6319 6472 276
6319 6472 276
6319 6472 276
6319 6472 276
6319 6472 276
6319 6472 276
6319 6472 276
6319 6472 276
6319 6472 276
6319 6472 276
6319 6472 276
6319 6472 276
6560 8464 277
6560 8464 277
6560 8464 277
6560 8464 277
6560 8464 277
6560 8464 277
6560 8464 277
6560 8464 277
6560 8464 277
6560 8464 277
6560 8464 277
6560 8464 277
6560 8464 277
5413 5440 278
5413 5440 278
5413 5440 278
5413 5440 278
5413 5440 278
5413 5440 278
5413 5440 278
5413 5440 278
5413 5440 278
5413 5440 278
5413 5440 278
5413 5440 278
5413 5440 278
7881 7872 279
7881 7872 279
7881 7872 279
7881 7872 279
7881 7872 279
7881 7872 279
7881 7872 279
7881 7872 279
7881 7872 279
7881 7872 279
7881 7872 279
7881 7872 279
7881 7872 279
6473 6448 279
6473 6448 279
6473 6448 279
6473 6448 279
6473 6448 279
6473 6448 279
6473 6448 279
6473 6448 279
6473 6448 279
6473 6448 279
6473 6448 279
6473 6448 279
6473 6448 279
5277 5353 279
5277 5353 279
5277 5353 279
5277 5353 279
5277 5353 279
5277 5353 279
5277 5353 279
5277 5353 279
5277 5353 279
5277 5353 279
5277 5353 279
5277 5353 279
5277 5353 279
9228 5511 280
9228 5511 280
9228 5511 280
9228 5511 280
9228 5511 280
9228 5511 280
9228 5511 280
9228 5511 280
9228 5511 280
9228 5511 280
9228 5511 280
9228 5511 280
9228 5511 280
5257 5291 280
5257 5291 280
5257 5291 280
5257 5291 280
5257 5291 280
5257 5291 280
5257 5291 280
5257 5291 280
5257 5291 280
5257 5291 280
5257 5291 280
5257 5291 280
7783 7703 281
7783 7703 281
7783 7703 281
7783 7703 281
7783 7703 281
7783 7703 281
7783 7703 281
7783 7703 281
7783 7703 281
7783 7703 281
7783 7703 281
7783 7703 281
7783 7703 281
7659 8367 282
7659 8367 282
7659 8367 282
7659 8367 282
7659 8367 282
7659 8367 282
7659 8367 282
7659 8367 282
7659 8367 282
7659 8367 282
7659 8367 282
7659 8367 282
7700 6583 282
7700 6583 282
7700 6583 282
7700 6583 282
7700 6583 282
7700 6583 282
7700 6583 282
7700 6583 282
7700 6583 282
7700 6583 282
7700 6583 282
7700 6583 282
8748 5294 282
8748 5294 282
8748 5294 282
8748 5294 282
8748 5294 282
8748 5294 282
8748 5294 282
8748 5294 282
8748 5294 282
8748 5294 282
8748 5294 282
8748 5294 282
8748 5294 282
5254 5410 282
5254 5410 282
5254 5410 282
5254 5410 282
5254 5410 282
5254 5410 282
5254 5410 282
5254 5410 282
5254 5410 282
5254 5410 282
5254 5410 282
5254 5410 282
5254 5410 282
7718 8459 283
7718 8459 283
7718 8459 283
7718 8459 283
7718 8459 283
7718 8459 283
7718 8459 283
7718 8459 283
7718 8459 283
7718 8459 283
7718 8459 283
7718 8459 283
7718 8459 283
8834 8763 283
8834 8763 283
8834 8763 283
8834 8763 283
8834 8763 283
8834 8763 283
8834 8763 283
8834 8763 283
8834 8763 283
8834 8763 283
8834 8763 283
8834 8763 283
8834 8763 283
8370 6436 283
8370 6436 283
8370 6436 283
8370 6436 283
8370 6436 283
8370 6436 283
8370 6436 283
8370 6436 283
8370 6436 283
8370 6436 283
8370 6436 283
8370 6436 283
8465 8436 283
8465 8436 283
8465 8436 283
8465 8436 283
8465 8436 283
8465 8436 283
8465 8436 283
8465 8436 283
8465 8436 283
8465 8436 283
8465 8436 283
8465 8436 283
6576 6564 283
6576 6564 283
6576 6564 283
6576 6564 283
6576 6564 283
6576 6564 283
6576 6564 283
6576 6564 283
6576 6564 283
6576 6564 283
6576 6564 283
6576 6564 283
6576 6564 283
6042 7961 284
6042 7961 284
6042 7961 284
6042 7961 284
6042 7961 284
6042 7961 284
6042 7961 284
6042 7961 284
6042 7961 284
6042 7961 284
6042 7961 284
6042 7961 284
7690 7727 284
7690 7727 284
7690 7727 284
7690 7727 284
7690 7727 284
7690 7727 284
7690 7727 284
7690 7727 284
7690 7727 284
7690 7727 284
7690 7727 284
7690 7727 284
7690 7727 284
7923 7880 284
7923 7880 284
7923 7880 284
7923 7880 284
7923 7880 284
7923 7880 284
7923 7880 284
7923 7880 284
7923 7880 284
7923 7880 284
7923 7880 284
7923 7880 284
8473 6552 284
8473 6552 284
8473 6552 284
8473 6552 284
8473 6552 284
8473 6552 284
8473 6552 284
8473 6552 284
8473 6552 284
8473 6552 284
8473 6552 284
8473 6552 284
6517 6493 284
6517 6493 284
6517 6493 284
6517 6493 284
6517 6493 284
6517 6493 284
6517 6493 284
6517 6493 284
6517 6493 284
6517 6493 284
6517 6493 284
6517 6493 284
6517 6493 284
7923 7792 284
7923 7792 284
7923 7792 284
7923 7792 284
7923 7792 284
7923 7792 284
7923 7792 284
7923 7792 284
7923 7792 284
7923 7792 284
7923 7792 284
7923 7792 284
7760 7684 286
7760 7684 286
7760 7684 286
7760 7684 286
7760 7684 286
7760 7684 286
7760 7684 286
7760 7684 286
7760 7684 286
7760 7684 286
7760 7684 286
7760 7684 286
5311 9222 286
5311 9222 286
5311 9222 286
5311 9222 286
5311 9222 286
5311 9222 286
5311 9222 286
5311 9222 286
5311 9222 286
5311 9222 286
5311 9222 286
5311 9222 286
5311 9222 286
7786 7928 286
7786 7928 286
7786 7928 286
7786 7928 286
7786 7928 286
7786 7928 286
7786 7928 286
7786 7928 286
7786 7928 286
7786 7928 286
7786 7928 286
7786 7928 286
6534 5987 286
6534 5987 286
6534 5987 286
6534 5987 286
6534 5987 286
6534 5987 286
6534 5987 286
6534 5987 286
6534 5987 286
6534 5987 286
6534 5987 286
6534 5987 286
9615 6328 288
9615 6328 288
9615 6328 288
9615 6328 288
9615 6328 288
9615 6328 288
9615 6328 288
9615 6328 288
9615 6328 288
9615 6328 288
9615 6328 288
9615 6328 288
9615 6328 288
9224 8757 288
9224 8757 288
9224 8757 288
9224 8757 288
9224 8757 288
9224 8757 288
9224 8757 288
9224 8757 288
9224 8757 288
9224 8757 288
9224 8757 288
9224 8757 288
9224 8757 288
5433 8474 288
5433 8474 288
5433 8474 288
5433 8474 288
5433 8474 288
5433 8474 288
5433 8474 288
5433 8474 288
5433 8474 288
5433 8474 288
5433 8474 288
5433 8474 288
5433 8474 288
7760 7684 288
7760 7684 288
7760 7684 288
7760 7684 288
7760 7684 288
7760 7684 288
7760 7684 288
7760 7684 288
7760 7684 288
7760 7684 288
7760 7684 288
7760 7684 288
7760 7684 288
7846 7732 289
7846 7732 289
7846 7732 289
7846 7732 289
7846 7732 289
7846 7732 289
7846 7732 289
7846 7732 289
7846 7732 289
7846 7732 289
7846 7732 289
7846 7732 289
7846 7732 289
7702 7676 290
7702 7676 290
7702 7676 290
7702 7676 290
7702 7676 290
7702 7676 290
7702 7676 290
7702 7676 290
7702 7676 290
7702 7676 290
7702 7676 290
7702 7676 290
7702 7676 290
5252 6590 291
5252 6590 291
5252 6590 291
5252 6590 291
5252 6590 291
5252 6590 291
5252 6590 291
5252 6590 291
5252 6590 291
5252 6590 291
5252 6590 291
5252 6590 291
5252 6590 291
7751 7709 291
7751 7709 291
7751 7709 291
7751 7709 291
7751 7709 291
7751 7709 291
7751 7709 291
7751 7709 291
7751 7709 291
7751 7709 291
7751 7709 291
7751 7709 291
7751 7709 291
5359 5290 291
5359 5290 291
5359 5290 291
5359 5290 291
5359 5290 291
5359 5290 291
5359 5290 291
5359 5290 291
5359 5290 291
5359 5290 291
5359 5290 291
5359 5290 291
5359 5290 291
8431 6596 291
8431 6596 291
8431 6596 291
8431 6596 291
8431 6596 291
8431 6596 291
8431 6596 291
8431 6596 291
8431 6596 291
8431 6596 291
8431 6596 291
8431 6596 291
7645 7814 292
7645 7814 292
7645 7814 292
7645 7814 292
7645 7814 292
7645 7814 292
7645 7814 292
7645 7814 292
7645 7814 292
7645 7814 292
7645 7814 292
7645 7814 292
7645 7814 292
7747 6577 292
7747 6577 292
7747 6577 292
7747 6577 292
7747 6577 292
7747 6577 292
7747 6577 292
7747 6577 292
7747 6577 292
7747 6577 292
7747 6577 292
7747 6577 292
5556 5522 292
5556 5522 292
5556 5522 292
5556 5522 292
5556 5522 292
5556 5522 292
5556 5522 292
5556 5522 292
5556 5522 292
5556 5522 292
5556 5522 292
5556 5522 292
5556 5522 292
5924 7940 292
5924 7940 292
5924 7940 292
5924 7940 292
5924 7940 292
5924 7940 292
5924 7940 292
5924 7940 292
5924 7940 292
5924 7940 292
5924 7940 292
5924 7940 292
7646 7875 292
7646 7875 292
7646 7875 292
7646 7875 292
7646 7875 292
7646 7875 292
7646 7875 292
7646 7875 292
7646 7875 292
7646 7875 292
7646 7875 292
7646 7875 292
7646 7875 292
6035 6040 293
6035 6040 293
6035 6040 293
6035 6040 293
6035 6040 293
6035 6040 293
6035 6040 293
6035 6040 293
6035 6040 293
6035 6040 293
6035 6040 293
6035 6040 293
6035 6040 293
5443 8402 293
5443 8402 293
5443 8402 293
5443 8402 293
5443 8402 293
5443 8402 293
5443 8402 293
5443 8402 293
5443 8402 293
5443 8402 293
5443 8402 293
5443 8402 293
5443 8402 293
7874 7852 293
7874 7852 293
7874 7852 293
7874 7852 293
7874 7852 293
7874 7852 293
7874 7852 293
7874 7852 293
7874 7852 293
7874 7852 293
7874 7852 293
7874 7852 293
7874 7852 293
7480 6499 293
7480 6499 293
7480 6499 293
7480 6499 293
7480 6499 293
7480 6499 293
7480 6499 293
7480 6499 293
7480 6499 293
7480 6499 293
7480 6499 293
7480 6499 293
7702 6607 294
7702 6607 294
7702 6607 294
7702 6607 294
7702 6607 294
7702 6607 294
7702 6607 294
7702 6607 294
7702 6607 294
7702 6607 294
7702 6607 294
7702 6607 294
7702 6607 294
5374 6546 294
5374 6546 294
5374 6546 294
5374 6546 294
5374 6546 294
5374 6546 294
5374 6546 294
5374 6546 294
5374 6546 294
5374 6546 294
5374 6546 294
5374 6546 294
5374 6546 294
7849 7812 294
7849 7812 294
7849 7812 294
7849 7812 294
7849 7812 294
7849 7812 294
7849 7812 294
7849 7812 294
7849 7812 294
7849 7812 294
7849 7812 294
7849 7812 294
7849 7812 294
7664 6448 294
7664 6448 294
7664 6448 294
7664 6448 294
7664 6448 294
7664 6448 294
7664 6448 294
7664 6448 294
7664 6448 294
7664 6448 294
7664 6448 294
7664 6448 294
7971 8370 295
7971 8370 295
7971 8370 295
7971 8370 295
7971 8370 295
7971 8370 295
7971 8370 295
7971 8370 295
7971 8370 295
7971 8370 295
7971 8370 295
7971 8370 295
7971 8370 295
5485 9261 295
5485 9261 295
5485 9261 295
5485 9261 295
5485 9261 295
5485 9261 295
5485 9261 295
5485 9261 295
5485 9261 295
5485 9261 295
5485 9261 295
5485 9261 295
7802 7881 295
7802 7881 295
7802 7881 295
7802 7881 295
7802 7881 295
7802 7881 295
7802 7881 295
7802 7881 295
7802 7881 295
7802 7881 295
7802 7881 295
7802 7881 295
7802 7881 295
7891 9668 297
7891 9668 297
7891 9668 297
7891 9668 297
7891 9668 297
7891 9668 297
7891 9668 297
7891 9668 297
7891 9668 297
7891 9668 297
7891 9668 297
7891 9668 297
7891 9668 297
5270 5313 297
5270 5313 297
5270 5313 297
5270 5313 297
5270 5313 297
5270 5313 297
5270 5313 297
5270 5313 297
5270 5313 297
5270 5313 297
5270 5313 297
5270 5313 297
5270 5313 297
5384 7755 297
5384 7755 297
5384 7755 297
5384 7755 297
5384 7755 297
5384 7755 297
5384 7755 297
5384 7755 297
5384 7755 297
5384 7755 297
5384 7755 297
5384 7755 297
5284 6611 297
5284 6611 297
5284 6611 297
5284 6611 297
5284 6611 297
5284 6611 297
5284 6611 297
5284 6611 297
5284 6611 297
5284 6611 297
5284 6611 297
5284 6611 297
7769 7917 298
7769 7917 298
7769 7917 298
7769 7917 298
7769 7917 298
7769 7917 298
7769 7917 298
7769 7917 298
7769 7917 298
7769 7917 298
7769 7917 298
7769 7917 298
6506 6463 298
6506 6463 298
6506 6463 298
6506 6463 298
6506 6463 298
6506 6463 298
6506 6463 298
6506 6463 298
6506 6463 298
6506 6463 298
6506 6463 298
6506 6463 298
9198 5307 298
9198 5307 298
9198 5307 298
9198 5307 298
9198 5307 298
9198 5307 298
9198 5307 298
9198 5307 298
9198 5307 298
9198 5307 298
9198 5307 298
9198 5307 298
9198 5307 298
7968 7702 298
7968 7702 298
7968 7702 298
7968 7702 298
7968 7702 298
7968 7702 298
7968 7702 298
7968 7702 298
7968 7702 298
7968 7702 298
7968 7702 298
7968 7702 298
7968 7702 298
8454 5409 298
8454 5409 298
8454 5409 298
8454 5409 298
8454 5409 298
8454 5409 298
8454 5409 298
8454 5409 298
8454 5409 298
8454 5409 298
8454 5409 298
8454 5409 298
8454 5409 298
5313 5355 298
5313 5355 298
5313 5355 298
5313 5355 298
5313 5355 298
5313 5355 298
5313 5355 298
5313 5355 298
5313 5355 298
5313 5355 298
5313 5355 298
5313 5355 298
6548 5398 299
6548 5398 299
6548 5398 299
6548 5398 299
6548 5398 299
6548 5398 299
6548 5398 299
6548 5398 299
6548 5398 299
6548 5398 299
6548 5398 299
6548 5398 299
5429 6041 299
5429 6041 299
5429 6041 299
5429 6041 299
5429 6041 299
5429 6041 299
5429 6041 299
5429 6041 299
5429 6041 299
5429 6041 299
5429 6041 299
5429 6041 299
5429 6041 299
6582 6498 299
6582 6498 299
6582 6498 299
6582 6498 299
6582 6498 299
6582 6498 299
6582 6498 299
6582 6498 299
6582 6498 299
6582 6498 299
6582 6498 299
6582 6498 299
7700 6534 299
7700 6534 299
7700 6534 299
7700 6534 299
7700 6534 299
7700 6534 299
7700 6534 299
7700 6534 299
7700 6534 299
7700 6534 299
7700 6534 299
7700 6534 299
5995 5391 299
5995 5391 299
5995 5391 299
5995 5391 299
5995 5391 299
5995 5391 299
5995 5391 299
5995 5391 299
5995 5391 299
5995 5391 299
5995 5391 299
5995 5391 299
5995 5391 299
6572 6603 299
6572 6603 299
6572 6603 299
6572 6603 299
6572 6603 299
6572 6603 299
6572 6603 299
6572 6603 299
6572 6603 299
6572 6603 299
6572 6603 299
6572 6603 299
6572 6603 299
5277 5406 300
5277 5406 300
5277 5406 300
5277 5406 300
5277 5406 300
5277 5406 300
5277 5406 300
5277 5406 300
5277 5406 300
5277 5406 300
5277 5406 300
5277 5406 300
5277 5406 300
7826 7698 300
7826 7698 300
7826 7698 300
7826 7698 300
7826 7698 300
7826 7698 300
7826 7698 300
7826 7698 300
7826 7698 300
7826 7698 300
7826 7698 300
7826 7698 300
5269 5242 301
5269 5242 301
5269 5242 301
5269 5242 301
5269 5242 301
5269 5242 301
5269 5242 301
5269 5242 301
5269 5242 301
5269 5242 301
5269 5242 301
5269 5242 301
5269 5242 301
6556 8462 301
6556 8462 301
6556 8462 301
6556 8462 301
6556 8462 301
6556 8462 301
6556 8462 301
6556 8462 301
6556 8462 301
6556 8462 301
6556 8462 301
6556 8462 301
6556 8462 301
7962 7705 302
7962 7705 302
7962 7705 302
7962 7705 302
7962 7705 302
7962 7705 302
7962 7705 302
7962 7705 302
7962 7705 302
7962 7705 302
7962 7705 302
7962 7705 302
5359 6595 302
5359 6595 302
5359 6595 302
5359 6595 302
5359 6595 302
5359 6595 302
5359 6595 302
5359 6595 302
5359 6595 302
5359 6595 302
5359 6595 302
5359 6595 302
5359 6595 302
7836 7746 303
7836 7746 303
7836 7746 303
7836 7746 303
7836 7746 303
7836 7746 303
7836 7746 303
7836 7746 303
7836 7746 303
7836 7746 303
7836 7746 303
7836 7746 303
5447 8763 303
5447 8763 303
5447 8763 303
5447 8763 303
5447 8763 303
5447 8763 303
5447 8763 303
5447 8763 303
5447 8763 303
5447 8763 303
5447 8763 303
5447 8763 303
5460 9260 303
5460 9260 303
5460 9260 303
5460 9260 303
5460 9260 303
5460 9260 303
5460 9260 303
5460 9260 303
5460 9260 303
5460 9260 303
5460 9260 303
5460 9260 303
6511 6523 304
6511 6523 304
6511 6523 304
6511 6523 304
6511 6523 304
6511 6523 304
6511 6523 304
6511 6523 304
6511 6523 304
6511 6523 304
6511 6523 304
6511 6523 304
6511 6523 304
5426 5517 304
5426 5517 304
5426 5517 304
5426 5517 304
5426 5517 304
5426 5517 304
5426 5517 304
5426 5517 304
5426 5517 304
5426 5517 304
5426 5517 304
5426 5517 304
5426 5517 304
7691 8471 304
7691 8471 304
7691 8471 304
7691 8471 304
7691 8471 304
7691 8471 304
7691 8471 304
7691 8471 304
7691 8471 304
7691 8471 304
7691 8471 304
7691 8471 304
8756 5413 305
8756 5413 305
8756 5413 305
8756 5413 305
8756 5413 305
8756 5413 305
8756 5413 305
8756 5413 305
8756 5413 305
8756 5413 305
8756 5413 305
8756 5413 305
6590 8459 305
6590 8459 305
6590 8459 305
6590 8459 305
6590 8459 305
6590 8459 305
6590 8459 305
6590 8459 305
6590 8459 305
6590 8459 305
6590 8459 305
6590 8459 305
5414 5394 305
5414 5394 305
5414 5394 305
5414 5394 305
5414 5394 305
5414 5394 305
5414 5394 305
5414 5394 305
5414 5394 305
5414 5394 305
5414 5394 305
5414 5394 305
7751 7761 305
7751 7761 305
7751 7761 305
7751 7761 305
7751 7761 305
7751 7761 305
7751 7761 305
7751 7761 305
7751 7761 305
7751 7761 305
7751 7761 305
7751 7761 305
6578 7712 306
6578 7712 306
6578 7712 306
6578 7712 306
6578 7712 306
6578 7712 306
6578 7712 306
6578 7712 306
6578 7712 306
6578 7712 306
6578 7712 306
6578 7712 306
6578 7712 306
5252 5548 306
5252 5548 306
5252 5548 306
5252 5548 306
5252 5548 306
5252 5548 306
5252 5548 306
5252 5548 306
5252 5548 306
5252 5548 306
5252 5548 306
5252 5548 306
5252 5548 306
7665 7831 306
7665 7831 306
7665 7831 306
7665 7831 306
7665 7831 306
7665 7831 306
7665 7831 306
7665 7831 306
7665 7831 306
7665 7831 306
7665 7831 306
7665 7831 306
7722 6585 306
7722 6585 306
7722 6585 306
7722 6585 306
7722 6585 306
7722 6585 306
7722 6585 306
7722 6585 306
7722 6585 306
7722 6585 306
7722 6585 306
7722 6585 306
7739 7726 306
7739 7726 306
7739 7726 306
7739 7726 306
7739 7726 306
7739 7726 306
7739 7726 306
7739 7726 306
7739 7726 306
7739 7726 306
7739 7726 306
7739 7726 306
7739 7726 306
7916 7881 306
7916 7881 306
7916 7881 306
7916 7881 306
7916 7881 306
7916 7881 306
7916 7881 306
7916 7881 306
7916 7881 306
7916 7881 306
7916 7881 306
7916 7881 306
7916 7881 306
8446 5422 307
8446 5422 307
8446 5422 307
8446 5422 307
8446 5422 307
8446 5422 307
8446 5422 307
8446 5422 307
8446 5422 307
8446 5422 307
8446 5422 307
8446 5422 307
5400 5359 307
5400 5359 307
5400 5359 307
5400 5359 307
5400 5359 307
5400 5359 307
5400 5359 307
5400 5359 307
5400 5359 307
5400 5359 307
5400 5359 307
5400 5359 307
5400 5359 307
6578 7831 308
6578 7831 308
6578 7831 308
6578 7831 308
6578 7831 308
6578 7831 308
6578 7831 308
6578 7831 308
6578 7831 308
6578 7831 308
6578 7831 308
6578 7831 308
6578 7831 308
5271 5259 308
5271 5259 308
5271 5259 308
5271 5259 308
5271 5259 308
5271 5259 308
5271 5259 308
5271 5259 308
5271 5259 308
5271 5259 308
5271 5259 308
5271 5259 308
6018 5354 309
6018 5354 309
6018 5354 309
6018 5354 309
6018 5354 309
6018 5354 309
6018 5354 309
6018 5354 309
6018 5354 309
6018 5354 309
6018 5354 309
6018 5354 309
6018 5354 309
7691 7787 309
7691 7787 309
7691 7787 309
7691 7787 309
7691 7787 309
7691 7787 309
7691 7787 309
7691 7787 309
7691 7787 309
7691 7787 309
7691 7787 309
7691 7787 309
7691 7787 309
7700 7709 309
7700 7709 309
7700 7709 309
7700 7709 309
7700 7709 309
7700 7709 309
7700 7709 309
7700 7709 309
7700 7709 309
7700 7709 309
7700 7709 309
7700 7709 309
8457 7726 309
8457 7726 309
8457 7726 309
8457 7726 309
8457 7726 309
8457 7726 309
8457 7726 309
8457 7726 309
8457 7726 309
8457 7726 309
8457 7726 309
8457 7726 309
8457 7726 309
5283 6549 309
5283 6549 309
5283 6549 309
5283 6549 309
5283 6549 309
5283 6549 309
5283 6549 309
5283 6549 309
5283 6549 309
5283 6549 309
5283 6549 309
5283 6549 309
5283 6549 309
5533 5496 310
5533 5496 310
5533 5496 310
5533 5496 310
5533 5496 310
5533 5496 310
5533 5496 310
5533 5496 310
5533 5496 310
5533 5496 310
5533 5496 310
5533 5496 310
5533 5496 310
8463 6530 310
8463 6530 310
8463 6530 310
8463 6530 310
8463 6530 310
8463 6530 310
8463 6530 310
8463 6530 310
8463 6530 310
8463 6530 310
8463 6530 310
8463 6530 310
8463 6530 310
7699 6535 310
7699 6535 310
7699 6535 310
7699 6535 310
7699 6535 310
7699 6535 310
7699 6535 310
7699 6535 310
7699 6535 310
7699 6535 310
7699 6535 310
7699 6535 310
7699 6535 310
6542 5359 311
6542 5359 311
6542 5359 311
6542 5359 311
6542 5359 311
6542 5359 311
6542 5359 311
6542 5359 311
6542 5359 311
6542 5359 311
6542 5359 311
6542 5359 311
7779 7976 311
7779 7976 311
7779 7976 311
7779 7976 311
7779 7976 311
7779 7976 311
7779 7976 311
7779 7976 311
7779 7976 311
7779 7976 311
7779 7976 311
7779 7976 311
7779 7976 311
8432 6522 312
8432 6522 312
8432 6522 312
8432 6522 312
8432 6522 312
8432 6522 312
8432 6522 312
8432 6522 312
8432 6522 312
8432 6522 312
8432 6522 312
8432 6522 312
7687 7830 312
7687 7830 312
7687 7830 312
7687 7830 312
7687 7830 312
7687 7830 312
7687 7830 312
7687 7830 312
7687 7830 312
7687 7830 312
7687 7830 312
7687 7830 312
7687 7830 312
9202 8785 313
9202 8785 313
9202 8785 313
9202 8785 313
9202 8785 313
9202 8785 313
9202 8785 313
9202 8785 313
9202 8785 313
9202 8785 313
9202 8785 313
9202 8785 313
7907 7731 313
7907 7731 313
7907 7731 313
7907 7731 313
7907 7731 313
7907 7731 313
7907 7731 313
7907 7731 313
7907 7731 313
7907 7731 313
7907 7731 313
7907 7731 313
7907 7731 313
7968 7883 313
7968 7883 313
7968 7883 313
7968 7883 313
7968 7883 313
7968 7883 313
7968 7883 313
7968 7883 313
7968 7883 313
7968 7883 313
7968 7883 313
7968 7883 313
7782 7969 314
7782 7969 314
7782 7969 314
7782 7969 314
7782 7969 314
7782 7969 314
7782 7969 314
7782 7969 314
7782 7969 314
7782 7969 314
7782 7969 314
7782 7969 314
5284 8432 314
5284 8432 314
5284 8432 314
5284 8432 314
5284 8432 314
5284 8432 314
5284 8432 314
5284 8432 314
5284 8432 314
5284 8432 314
5284 8432 314
5284 8432 314
7892 7812 314
7892 7812 314
7892 7812 314
7892 7812 314
7892 7812 314
7892 7812 314
7892 7812 314
7892 7812 314
7892 7812 314
7892 7812 314
7892 7812 314
7892 7812 314
7892 7812 314
8455 5359 315
8455 5359 315
8455 5359 315
8455 5359 315
8455 5359 315
8455 5359 315
8455 5359 315
8455 5359 315
8455 5359 315
8455 5359 315
8455 5359 315
8455 5359 315
8474 7698 315
8474 7698 315
8474 7698 315
8474 7698 315
8474 7698 315
8474 7698 315
8474 7698 315
8474 7698 315
8474 7698 315
8474 7698 315
8474 7698 315
8474 7698 315
8474 7698 315
6327 7496 315
6327 7496 315
6327 7496 315
6327 7496 315
6327 7496 315
6327 7496 315
6327 7496 315
6327 7496 315
6327 7496 315
6327 7496 315
6327 7496 315
6327 7496 315
6327 7496 315
5277 9192 315
5277 9192 315
5277 9192 315
5277 9192 315
5277 9192 315
5277 9192 315
5277 9192 315
5277 9192 315
5277 9192 315
5277 9192 315
5277 9192 315
5277 9192 315
5987 8469 315
5987 8469 315
5987 8469 315
5987 8469 315
5987 8469 315
5987 8469 315
5987 8469 315
5987 8469 315
5987 8469 315
5987 8469 315
5987 8469 315
5987 8469 315
8436 6584 316
8436 6584 316
8436 6584 316
8436 6584 316
8436 6584 316
8436 6584 316
8436 6584 316
8436 6584 316
8436 6584 316
8436 6584 316
8436 6584 316
8436 6584 316
5407 6553 316
5407 6553 316
5407 6553 316
5407 6553 316
5407 6553 316
5407 6553 316
5407 6553 316
5407 6553 316
5407 6553 316
5407 6553 316
5407 6553 316
5407 6553 316
5407 6553 316
7891 7914 316
7891 7914 316
7891 7914 316
7891 7914 316
7891 7914 316
7891 7914 316
7891 7914 316
7891 7914 316
7891 7914 316
7891 7914 316
7891 7914 316
7891 7914 316
7744 7761 317
7744 7761 317
7744 7761 317
7744 7761 317
7744 7761 317
7744 7761 317
7744 7761 317
7744 7761 317
7744 7761 317
7744 7761 317
7744 7761 317
7744 7761 317
7744 7761 317
5415 5990 318
5415 5990 318
5415 5990 318
5415 5990 318
5415 5990 318
5415 5990 318
5415 5990 318
5415 5990 318
5415 5990 318
5415 5990 318
5415 5990 318
5415 5990 318
5533 5478 318
5533 5478 318
5533 5478 318
5533 5478 318
5533 5478 318
5533 5478 318
5533 5478 318
5533 5478 318
5533 5478 318
5533 5478 318
5533 5478 318
5533 5478 318
5533 5478 318
5393 6041 318
5393 6041 318
5393 6041 318
5393 6041 318
5393 6041 318
5393 6041 318
5393 6041 318
5393 6041 318
5393 6041 318
5393 6041 318
5393 6041 318
5393 6041 318
8468 5387 318
8468 5387 318
8468 5387 318
8468 5387 318
8468 5387 318
8468 5387 318
8468 5387 318
8468 5387 318
8468 5387 318
8468 5387 318
8468 5387 318
8468 5387 318
5422 6546 318
5422 6546 318
5422 6546 318
5422 6546 318
5422 6546 318
5422 6546 318
5422 6546 318
5422 6546 318
5422 6546 318
5422 6546 318
5422 6546 318
5422 6546 318
5422 6546 318
5432 5990 318
5432 5990 318
5432 5990 318
5432 5990 318
5432 5990 318
5432 5990 318
5432 5990 318
5432 5990 318
5432 5990 318
5432 5990 318
5432 5990 318
5432 5990 318
5432 5990 318
5554 5436 318
5554 5436 318
5554 5436 318
5554 5436 318
5554 5436 318
5554 5436 318
5554 5436 318
5554 5436 318
5554 5436 318
5554 5436 318
5554 5436 318
5554 5436 318
7853 7903 318
7853 7903 318
7853 7903 318
7853 7903 318
7853 7903 318
7853 7903 318
7853 7903 318
7853 7903 318
7853 7903 318
7853 7903 318
7853 7903 318
7853 7903 318
7853 7903 318
5408 6114 318
5408 6114 318
5408 6114 318
5408 6114 318
5408 6114 318
5408 6114 318
5408 6114 318
5408 6114 318
5408 6114 318
5408 6114 318
5408 6114 318
5408 6114 318
5408 6114 318
5289 5461 319
5289 5461 319
5289 5461 319
5289 5461 319
5289 5461 319
5289 5461 319
5289 5461 319
5289 5461 319
5289 5461 319
5289 5461 319
5289 5461 319
5289 5461 319
5289 5461 319
5300 9180 319
5300 9180 319
5300 9180 319
5300 9180 319
5300 9180 319
5300 9180 319
5300 9180 319
5300 9180 319
5300 9180 319
5300 9180 319
5300 9180 319
5300 9180 319
5300 9180 319
8474 6597 319
8474 6597 319
8474 6597 319
8474 6597 319
8474 6597 319
8474 6597 319
8474 6597 319
8474 6597 319
8474 6597 319
8474 6597 319
8474 6597 319
8474 6597 319
8474 6597 319
5436 5263 320
5436 5263 320
5436 5263 320
5436 5263 320
5436 5263 320
5436 5263 320
5436 5263 320
5436 5263 320
5436 5263 320
5436 5263 320
5436 5263 320
5436 5263 320
5564 5552 320
5564 5552 320
5564 5552 320
5564 5552 320
5564 5552 320
5564 5552 320
5564 5552 320
5564 5552 320
5564 5552 320
5564 5552 320
5564 5552 320
5564 5552 320
5564 5552 320
5398 5990 320
5398 5990 320
5398 5990 320
5398 5990 320
5398 5990 320
5398 5990 320
5398 5990 320
5398 5990 320
5398 5990 320
5398 5990 320
5398 5990 320
5398 5990 320
6450 6407 321
6450 6407 321
6450 6407 321
6450 6407 321
6450 6407 321
6450 6407 321
6450 6407 321
6450 6407 321
6450 6407 321
6450 6407 321
6450 6407 321
6450 6407 321
6418 5365 321
6418 5365 321
6418 5365 321
6418 5365 321
6418 5365 321
6418 5365 321
6418 5365 321
6418 5365 321
6418 5365 321
6418 5365 321
6418 5365 321
6418 5365 321
5359 5244 321
5359 5244 321
5359 5244 321
5359 5244 321
5359 5244 321
5359 5244 321
5359 5244 321
5359 5244 321
5359 5244 321
5359 5244 321
5359 5244 321
5359 5244 321
5359 6601 322
5359 6601 322
5359 6601 322
5359 6601 322
5359 6601 322
5359 6601 322
5359 6601 322
5359 6601 322
5359 6601 322
5359 6601 322
5359 6601 322
5359 6601 322
5359 6601 322
8480 7774 322
8480 7774 322
8480 7774 322
8480 7774 322
8480 7774 322
8480 7774 322
8480 7774 322
8480 7774 322
8480 7774 322
8480 7774 322
8480 7774 322
8480 7774 322
9150 5286 322
9150 5286 322
9150 5286 322
9150 5286 322
9150 5286 322
9150 5286 322
9150 5286 322
9150 5286 322
9150 5286 322
9150 5286 322
9150 5286 322
9150 5286 322
9150 5286 322
6581 6557 323
6581 6557 323
6581 6557 323
6581 6557 323
6581 6557 323
6581 6557 323
6581 6557 323
6581 6557 323
6581 6557 323
6581 6557 323
6581 6557 323
6581 6557 323
6581 6557 323
6546 6605 323
6546 6605 323
6546 6605 323
6546 6605 323
6546 6605 323
6546 6605 323
6546 6605 323
6546 6605 323
6546 6605 323
6546 6605 323
6546 6605 323
6546 6605 323
5924 7713 323
5924 7713 323
5924 7713 323
5924 7713 323
5924 7713 323
5924 7713 323
5924 7713 323
5924 7713 323
5924 7713 323
5924 7713 323
5924 7713 323
5924 7713 323
5361 6561 324
5361 6561 324
5361 6561 324
5361 6561 324
5361 6561 324
5361 6561 324
5361 6561 324
5361 6561 324
5361 6561 324
5361 6561 324
5361 6561 324
5361 6561 324
5390 5277 325
5390 5277 325
5390 5277 325
5390 5277 325
5390 5277 325
5390 5277 325
5390 5277 325
5390 5277 325
5390 5277 325
5390 5277 325
5390 5277 325
5390 5277 325
8768 5386 325
8768 5386 325
8768 5386 325
8768 5386 325
8768 5386 325
8768 5386 325
8768 5386 325
8768 5386 325
8768 5386 325
8768 5386 325
8768 5386 325
8768 5386 325
6465 6451 326
6465 6451 326
6465 6451 326
6465 6451 326
6465 6451 326
6465 6451 326
6465 6451 326
6465 6451 326
6465 6451 326
6465 6451 326
6465 6451 326
6465 6451 326
6465 6451 326
7906 8371 326
7906 8371 326
7906 8371 326
7906 8371 326
7906 8371 326
7906 8371 326
7906 8371 326
7906 8371 326
7906 8371 326
7906 8371 326
7906 8371 326
7906 8371 326
7906 8371 326
5416 5296 327
5416 5296 327
5416 5296 327
5416 5296 327
5416 5296 327
5416 5296 327
5416 5296 327
5416 5296 327
5416 5296 327
5416 5296 327
5416 5296 327
5416 5296 327
5416 5296 327
6387 6610 327
6387 6610 327
6387 6610 327
6387 6610 327
6387 6610 327
6387 6610 327
6387 6610 327
6387 6610 327
6387 6610 327
6387 6610 327
6387 6610 327
6387 6610 327
8473 5993 327
8473 5993 327
8473 5993 327
8473 5993 327
8473 5993 327
8473 5993 327
8473 5993 327
8473 5993 327
8473 5993 327
8473 5993 327
8473 5993 327
8473 5993 327
9158 9226 327
9158 9226 327
9158 9226 327
9158 9226 327
9158 9226 327
9158 9226 327
9158 9226 327
9158 9226 327
9158 9226 327
9158 9226 327
9158 9226 327
9158 9226 327
7831 7736 327
7831 7736 327
7831 7736 327
7831 7736 327
7831 7736 327
7831 7736 327
7831 7736 327
7831 7736 327
7831 7736 327
7831 7736 327
7831 7736 327
7831 7736 327
7516 7488 328
7516 7488 328
7516 7488 328
7516 7488 328
7516 7488 328
7516 7488 328
7516 7488 328
7516 7488 328
7516 7488 328
7516 7488 328
7516 7488 328
7516 7488 328
6601 6554 328
6601 6554 328
6601 6554 328
6601 6554 328
6601 6554 328
6601 6554 328
6601 6554 328
6601 6554 328
6601 6554 328
6601 6554 328
6601 6554 328
6601 6554 328
6601 6554 328
8455 5354 328
8455 5354 328
8455 5354 328
8455 5354 328
8455 5354 328
8455 5354 328
8455 5354 328
8455 5354 328
8455 5354 328
8455 5354 328
8455 5354 328
8455 5354 328
8455 5354 328
6351 6582 328
6351 6582 328
6351 6582 328
6351 6582 328
6351 6582 328
6351 6582 328
6351 6582 328
6351 6582 328
6351 6582 328
6351 6582 328
6351 6582 328
6351 6582 328
6428 6375 328
6428 6375 328
6428 6375 328
6428 6375 328
6428 6375 328
6428 6375 328
6428 6375 328
6428 6375 328
6428 6375 328
6428 6375 328
6428 6375 328
6428 6375 328
8459 7705 328
8459 7705 328
8459 7705 328
8459 7705 328
8459 7705 328
8459 7705 328
8459 7705 328
8459 7705 328
8459 7705 328
8459 7705 328
8459 7705 328
8459 7705 328
8459 7705 328
6581 6531 328
6581 6531 328
6581 6531 328
6581 6531 328
6581 6531 328
6581 6531 328
6581 6531 328
6581 6531 328
6581 6531 328
6581 6531 328
6581 6531 328
6581 6531 328
6581 6531 328
6593 7726 329
6593 7726 329
6593 7726 329
6593 7726 329
6593 7726 329
6593 7726 329
6593 7726 329
6593 7726 329
6593 7726 329
6593 7726 329
6593 7726 329
6593 7726 329
9226 5294 330
9226 5294 330
9226 5294 330
9226 5294 330
9226 5294 330
9226 5294 330
9226 5294 330
9226 5294 330
9226 5294 330
9226 5294 330
9226 5294 330
9226 5294 330
5995 7709 331
5995 7709 331
5995 7709 331
5995 7709 331
5995 7709 331
5995 7709 331
5995 7709 331
5995 7709 331
5995 7709 331
5995 7709 331
5995 7709 331
5995 7709 331
5995 7709 331
8470 5410 331
8470 5410 331
8470 5410 331
8470 5410 331
8470 5410 331
8470 5410 331
8470 5410 331
8470 5410 331
8470 5410 331
8470 5410 331
8470 5410 331
8470 5410 331
8470 5410 331
5263 6387 331
5263 6387 331
5263 6387 331
5263 6387 331
5263 6387 331
5263 6387 331
5263 6387 331
5263 6387 331
5263 6387 331
5263 6387 331
5263 6387 331
5263 6387 331
5263 6387 331
5262 9202 332
5262 9202 332
5262 9202 332
5262 9202 332
5262 9202 332
5262 9202 332
5262 9202 332
5262 9202 332
5262 9202 332
5262 9202 332
5262 9202 332
5262 9202 332
5262 9202 332
7702 8463 332
7702 8463 332
7702 8463 332
7702 8463 332
7702 8463 332
7702 8463 332
7702 8463 332
7702 8463 332
7702 8463 332
7702 8463 332
7702 8463 332
7702 8463 332
7947 6048 332
7947 6048 332
7947 6048 332
7947 6048 332
7947 6048 332
7947 6048 332
7947 6048 332
7947 6048 332
7947 6048 332
7947 6048 332
7947 6048 332
7947 6048 332
7947 6048 332
7750 7811 333
7750 7811 333
7750 7811 333
7750 7811 333
7750 7811 333
7750 7811 333
7750 7811 333
7750 7811 333
7750 7811 333
7750 7811 333
7750 7811 333
7750 7811 333
7750 7811 333
6593 8680 333
6593 8680 333
6593 8680 333
6593 8680 333
6593 8680 333
6593 8680 333
6593 8680 333
6593 8680 333
6593 8680 333
6593 8680 333
6593 8680 333
6593 8680 333
6593 8680 333
7742 7921 333
7742 7921 333
7742 7921 333
7742 7921 333
7742 7921 333
7742 7921 333
7742 7921 333
7742 7921 333
7742 7921 333
7742 7921 333
7742 7921 333
7742 7921 333
7742 7921 333
6499 6578 333
6499 6578 333
6499 6578 333
6499 6578 333
6499 6578 333
6499 6578 333
6499 6578 333
6499 6578 333
6499 6578 333
6499 6578 333
6499 6578 333
6499 6578 333
6557 8442 333
6557 8442 333
6557 8442 333
6557 8442 333
6557 8442 333
6557 8442 333
6557 8442 333
6557 8442 333
6557 8442 333
6557 8442 333
6557 8442 333
6557 8442 333
5380 8447 333
5380 8447 333
5380 8447 333
5380 8447 333
5380 8447 333
5380 8447 333
5380 8447 333
5380 8447 333
5380 8447 333
5380 8447 333
5380 8447 333
5380 8447 333
8431 8682 334
8431 8682 334
8431 8682 334
8431 8682 334
8431 8682 334
8431 8682 334
8431 8682 334
8431 8682 334
8431 8682 334
8431 8682 334
8431 8682 334
8431 8682 334
8431 8682 334
7500 7815 335
7500 7815 335
7500 7815 335
7500 7815 335
7500 7815 335
7500 7815 335
7500 7815 335
7500 7815 335
7500 7815 335
7500 7815 335
7500 7815 335
7500 7815 335
7500 7815 335
6544 5418 335
6544 5418 335
6544 5418 335
6544 5418 335
6544 5418 335
6544 5418 335
6544 5418 335
6544 5418 335
6544 5418 335
6544 5418 335
6544 5418 335
6544 5418 335
6375 6561 336
6375 6561 336
6375 6561 336
6375 6561 336
6375 6561 336
6375 6561 336
6375 6561 336
6375 6561 336
6375 6561 336
6375 6561 336
6375 6561 336
6375 6561 336
7725 7703 336
7725 7703 336
7725 7703 336
7725 7703 336
7725 7703 336
7725 7703 336
7725 7703 336
7725 7703 336
7725 7703 336
7725 7703 336
7725 7703 336
7725 7703 336
7725 7703 336
9213 5313 337
9213 5313 337
9213 5313 337
9213 5313 337
9213 5313 337
9213 5313 337
9213 5313 337
9213 5313 337
9213 5313 337
9213 5313 337
9213 5313 337
9213 5313 337
6607 6564 337
6607 6564 337
6607 6564 337
6607 6564 337
6607 6564 337
6607 6564 337
6607 6564 337
6607 6564 337
6607 6564 337
6607 6564 337
6607 6564 337
6607 6564 337
5511 5311 338
5511 5311 338
5511 5311 338
5511 5311 338
5511 5311 338
5511 5311 338
5511 5311 338
5511 5311 338
5511 5311 338
5511 5311 338
5511 5311 338
5511 5311 338
7698 6506 338
7698 6506 338
7698 6506 338
7698 6506 338
7698 6506 338
7698 6506 338
7698 6506 338
7698 6506 338
7698 6506 338
7698 6506 338
7698 6506 338
7698 6506 338
7698 6506 338
7496 7657 338
7496 7657 338
7496 7657 338
7496 7657 338
7496 7657 338
7496 7657 338
7496 7657 338
7496 7657 338
7496 7657 338
7496 7657 338
7496 7657 338
7496 7657 338
7496 7657 338
8434 8766 338
8434 8766 338
8434 8766 338
8434 8766 338
8434 8766 338
8434 8766 338
8434 8766 338
8434 8766 338
8434 8766 338
8434 8766 338
8434 8766 338
8434 8766 338
8434 8766 338
5417 9754 338
5417 9754 338
5417 9754 338
5417 9754 338
5417 9754 338
5417 9754 338
5417 9754 338
5417 9754 338
5417 9754 338
5417 9754 338
5417 9754 338
5417 9754 338
5257 5289 338
5257 5289 338
5257 5289 338
5257 5289 338
5257 5289 338
5257 5289 338
5257 5289 338
5257 5289 338
5257 5289 338
5257 5289 338
5257 5289 338
5257 5289 338
5257 5289 338
7700 7710 339
7700 7710 339
7700 7710 339
7700 7710 339
7700 7710 339
7700 7710 339
7700 7710 339
7700 7710 339
7700 7710 339
7700 7710 339
7700 7710 339
7700 7710 339
7700 7710 339
7698 6497 339
7698 6497 339
7698 6497 339
7698 6497 339
7698 6497 339
7698 6497 339
7698 6497 339
7698 6497 339
7698 6497 339
7698 6497 339
7698 6497 339
7698 6497 339
7837 7747 339
7837 7747 339
7837 7747 339
7837 7747 339
7837 7747 339
7837 7747 339
7837 7747 339
7837 7747 339
7837 7747 339
7837 7747 339
7837 7747 339
7837 7747 339
6609 5364 339
6609 5364 339
6609 5364 339
6609 5364 339
6609 5364 339
6609 5364 339
6609 5364 339
6609 5364 339
6609 5364 339
6609 5364 339
6609 5364 339
6609 5364 339
6409 6526 340
6409 6526 340
6409 6526 340
6409 6526 340
6409 6526 340
6409 6526 340
6409 6526 340
6409 6526 340
6409 6526 340
6409 6526 340
6409 6526 340
6409 6526 340
6409 6526 340
5459 5426 340
5459 5426 340
5459 5426 340
5459 5426 340
5459 5426 340
5459 5426 340
5459 5426 340
5459 5426 340
5459 5426 340
5459 5426 340
5459 5426 340
5459 5426 340
6006 7759 340
6006 7759 340
6006 7759 340
6006 7759 340
6006 7759 340
6006 7759 340
6006 7759 340
6006 7759 340
6006 7759 340
6006 7759 340
6006 7759 340
6006 7759 340
6332 7520 340
6332 7520 340
6332 7520 340
6332 7520 340
6332 7520 340
6332 7520 340
6332 7520 340
6332 7520 340
6332 7520 340
6332 7520 340
6332 7520 340
6332 7520 340
6089 5430 341
6089 5430 341
6089 5430 341
6089 5430 341
6089 5430 341
6089 5430 341
6089 5430 341
6089 5430 341
6089 5430 341
6089 5430 341
6089 5430 341
6089 5430 341
6089 5430 341
5402 8453 341
5402 8453 341
5402 8453 341
5402 8453 341
5402 8453 341
5402 8453 341
5402 8453 341
5402 8453 341
5402 8453 341
5402 8453 341
5402 8453 341
5402 8453 341
5402 8453 341
6510 7721 341
6510 7721 341
6510 7721 341
6510 7721 341
6510 7721 341
6510 7721 341
6510 7721 341
6510 7721 341
6510 7721 341
6510 7721 341
6510 7721 341
6510 7721 341
6510 7721 341
6602 6542 342
6602 6542 342
6602 6542 342
6602 6542 342
6602 6542 342
6602 6542 342
6602 6542 342
6602 6542 342
6602 6542 342
6602 6542 342
6602 6542 342
6602 6542 342
5277 5256 342
5277 5256 342
5277 5256 342
5277 5256 342
5277 5256 342
5277 5256 342
5277 5256 342
5277 5256 342
5277 5256 342
5277 5256 342
5277 5256 342
5277 5256 342
7725 6535 342
7725 6535 342
7725 6535 342
7725 6535 342
7725 6535 342
7725 6535 342
7725 6535 342
7725 6535 342
7725 6535 342
7725 6535 342
7725 6535 342
7725 6535 342
8756 5335 342
8756 5335 342
8756 5335 342
8756 5335 342
8756 5335 342
8756 5335 342
8756 5335 342
8756 5335 342
8756 5335 342
8756 5335 342
8756 5335 342
8756 5335 342
8756 5335 342
5283 5429 343
5283 5429 343
5283 5429 343
5283 5429 343
5283 5429 343
5283 5429 343
5283 5429 343
5283 5429 343
5283 5429 343
5283 5429 343
5283 5429 343
5283 5429 343
5283 5429 343
7762 5989 343
7762 5989 343
7762 5989 343
7762 5989 343
7762 5989 343
7762 5989 343
7762 5989 343
7762 5989 343
7762 5989 343
7762 5989 343
7762 5989 343
7762 5989 343
5442 5473 343
5442 5473 343
5442 5473 343
5442 5473 343
5442 5473 343
5442 5473 343
5442 5473 343
5442 5473 343
5442 5473 343
5442 5473 343
5442 5473 343
5442 5473 343
5442 5473 343
7683 7816 343
7683 7816 343
7683 7816 343
7683 7816 343
7683 7816 343
7683 7816 343
7683 7816 343
7683 7816 343
7683 7816 343
7683 7816 343
7683 7816 343
7683 7816 343
7683 7816 343
5309 9159 343
5309 9159 343
5309 9159 343
5309 9159 343
5309 9159 343
5309 9159 343
5309 9159 343
5309 9159 343
5309 9159 343
5309 9159 343
5309 9159 343
5309 9159 343
6589 5358 343
6589 5358 343
6589 5358 343
6589 5358 343
6589 5358 343
6589 5358 343
6589 5358 343
6589 5358 343
6589 5358 343
6589 5358 343
6589 5358 343
6589 5358 343
5259 6556 343
5259 6556 343
5259 6556 343
5259 6556 343
5259 6556 343
5259 6556 343
5259 6556 343
5259 6556 343
5259 6556 343
5259 6556 343
5259 6556 343
5259 6556 343
7876 7817 343
7876 7817 343
7876 7817 343
7876 7817 343
7876 7817 343
7876 7817 343
7876 7817 343
7876 7817 343
7876 7817 343
7876 7817 343
7876 7817 343
7876 7817 343
7876 7817 343
7702 7756 344
7702 7756 344
7702 7756 344
7702 7756 344
7702 7756 344
7702 7756 344
7702 7756 344
7702 7756 344
7702 7756 344
7702 7756 344
7702 7756 344
7702 7756 344
5382 5299 344
5382 5299 344
5382 5299 344
5382 5299 344
5382 5299 344
5382 5299 344
5382 5299 344
5382 5299 344
5382 5299 344
5382 5299 344
5382 5299 344
5382 5299 344
8469 7947 345
8469 7947 345
8469 7947 345
8469 7947 345
8469 7947 345
8469 7947 345
8469 7947 345
8469 7947 345
8469 7947 345
8469 7947 345
8469 7947 345
8469 7947 345
5376 9213 345
5376 9213 345
5376 9213 345
5376 9213 345
5376 9213 345
5376 9213 345
5376 9213 345
5376 9213 345
5376 9213 345
5376 9213 345
5376 9213 345
5376 9213 345
6572 6512 345
6572 6512 345
6572 6512 345
6572 6512 345
6572 6512 345
6572 6512 345
6572 6512 345
6572 6512 345
6572 6512 345
6572 6512 345
6572 6512 345
6572 6512 345
7869 7839 345
7869 7839 345
7869 7839 345
7869 7839 345
7869 7839 345
7869 7839 345
7869 7839 345
7869 7839 345
7869 7839 345
7869 7839 345
7869 7839 345
7869 7839 345
7869 7839 345
7698 7773 345
7698 7773 345
7698 7773 345
7698 7773 345
7698 7773 345
7698 7773 345
7698 7773 345
7698 7773 345
7698 7773 345
7698 7773 345
7698 7773 345
7698 7773 345
6519 7670 346
6519 7670 346
6519 7670 346
6519 7670 346
6519 7670 346
6519 7670 346
6519 7670 346
6519 7670 346
6519 7670 346
6519 7670 346
6519 7670 346
6519 7670 346
6519 7670 346
6513 6384 347
6513 6384 347
6513 6384 347
6513 6384 347
6513 6384 347
6513 6384 347
6513 6384 347
6513 6384 347
6513 6384 347
6513 6384 347
6513 6384 347
6513 6384 347
6513 6384 347
6596 6355 347
6596 6355 347
6596 6355 347
6596 6355 347
6596 6355 347
6596 6355 347
6596 6355 347
6596 6355 347
6596 6355 347
6596 6355 347
6596 6355 347
6596 6355 347
6596 6355 347
7734 7926 349
7734 7926 349
7734 7926 349
7734 7926 349
7734 7926 349
7734 7926 349
7734 7926 349
7734 7926 349
7734 7926 349
7734 7926 349
7734 7926 349
7734 7926 349
5373 5419 349
5373 5419 349
5373 5419 349
5373 5419 349
5373 5419 349
5373 5419 349
5373 5419 349
5373 5419 349
5373 5419 349
5373 5419 349
5373 5419 349
5373 5419 349
5390 5259 350
5390 5259 350
5390 5259 350
5390 5259 350
5390 5259 350
5390 5259 350
5390 5259 350
5390 5259 350
5390 5259 350
5390 5259 350
5390 5259 350
5390 5259 350
5390 5259 350
5427 5354 350
5427 5354 350
5427 5354 350
5427 5354 350
5427 5354 350
5427 5354 350
5427 5354 350
5427 5354 350
5427 5354 350
5427 5354 350
5427 5354 350
5427 5354 350
7901 7795 350
7901 7795 350
7901 7795 350
7901 7795 350
7901 7795 350
7901 7795 350
7901 7795 350
7901 7795 350
7901 7795 350
7901 7795 350
7901 7795 350
7901 7795 350
8760 5353 350
8760 5353 350
8760 5353 350
8760 5353 350
8760 5353 350
8760 5353 350
8760 5353 350
8760 5353 350
8760 5353 350
8760 5353 350
8760 5353 350
8760 5353 350
8760 5353 350
5257 6014 351
5257 6014 351
5257 6014 351
5257 6014 351
5257 6014 351
5257 6014 351
5257 6014 351
5257 6014 351
5257 6014 351
5257 6014 351
5257 6014 351
5257 6014 351
5257 6014 351
5430 7766 351
5430 7766 351
5430 7766 351
5430 7766 351
5430 7766 351
5430 7766 351
5430 7766 351
5430 7766 351
5430 7766 351
5430 7766 351
5430 7766 351
5430 7766 351
5430 7766 351
8470 7751 352
8470 7751 352
8470 7751 352
8470 7751 352
8470 7751 352
8470 7751 352
8470 7751 352
8470 7751 352
8470 7751 352
8470 7751 352
8470 7751 352
8470 7751 352
7926 8367 352
7926 8367 352
7926 8367 352
7926 8367 352
7926 8367 352
7926 8367 352
7926 8367 352
7926 8367 352
7926 8367 352
7926 8367 352
7926 8367 352
7926 8367 352
7926 8367 352
5556 5412 352
5556 5412 352
5556 5412 352
5556 5412 352
5556 5412 352
5556 5412 352
5556 5412 352
5556 5412 352
5556 5412 352
5556 5412 352
5556 5412 352
5556 5412 352
5556 5412 352
5541 5443 352
5541 5443 352
5541 5443 352
5541 5443 352
5541 5443 352
5541 5443 352
5541 5443 352
5541 5443 352
5541 5443 352
5541 5443 352
5541 5443 352
5541 5443 352
5541 5443 352
5282 6083 352
5282 6083 352
5282 6083 352
5282 6083 352
5282 6083 352
5282 6083 352
5282 6083 352
5282 6083 352
5282 6083 352
5282 6083 352
5282 6083 352
5282 6083 352
5282 6083 352
5259 5273 353
5259 5273 353
5259 5273 353
5259 5273 353
5259 5273 353
5259 5273 353
5259 5273 353
5259 5273 353
5259 5273 353
5259 5273 353
5259 5273 353
5259 5273 353
5259 5273 353
5446 5804 353
5446 5804 353
5446 5804 353
5446 5804 353
5446 5804 353
5446 5804 353
5446 5804 353
5446 5804 353
5446 5804 353
5446 5804 353
5446 5804 353
5446 5804 353
5446 5804 353
6576 6407 353
6576 6407 353
6576 6407 353
6576 6407 353
6576 6407 353
6576 6407 353
6576 6407 353
6576 6407 353
6576 6407 353
6576 6407 353
6576 6407 353
6576 6407 353
6576 6407 353
8449 6002 354
8449 6002 354
8449 6002 354
8449 6002 354
8449 6002 354
8449 6002 354
8449 6002 354
8449 6002 354
8449 6002 354
8449 6002 354
8449 6002 354
8449 6002 354
8449 6002 354
7824 7798 354
7824 7798 354
7824 7798 354
7824 7798 354
7824 7798 354
7824 7798 354
7824 7798 354
7824 7798 354
7824 7798 354
7824 7798 354
7824 7798 354
7824 7798 354
9145 8679 354
9145 8679 354
9145 8679 354
9145 8679 354
9145 8679 354
9145 8679 354
9145 8679 354
9145 8679 354
9145 8679 354
9145 8679 354
9145 8679 354
9145 8679 354
9145 8679 354
7730 7818 354
7730 7818 354
7730 7818 354
7730 7818 354
7730 7818 354
7730 7818 354
7730 7818 354
7730 7818 354
7730 7818 354
7730 7818 354
7730 7818 354
7730 7818 354
7730 7818 354
8461 6560 354
8461 6560 354
8461 6560 354
8461 6560 354
8461 6560 354
8461 6560 354
8461 6560 354
8461 6560 354
8461 6560 354
8461 6560 354
8461 6560 354
8461 6560 354
6359 6520 355
6359 6520 355
6359 6520 355
6359 6520 355
6359 6520 355
6359 6520 355
6359 6520 355
6359 6520 355
6359 6520 355
6359 6520 355
6359 6520 355
6359 6520 355
6359 6520 355
5427 5502 356
5427 5502 356
5427 5502 356
5427 5502 356
5427 5502 356
5427 5502 356
5427 5502 356
5427 5502 356
5427 5502 356
5427 5502 356
5427 5502 356
5427 5502 356
5427 5502 356
6589 7761 356
6589 7761 356
6589 7761 356
6589 7761 356
6589 7761 356
6589 7761 356
6589 7761 356
6589 7761 356
6589 7761 356
6589 7761 356
6589 7761 356
6589 7761 356
6565 6004 357
6565 6004 357
6565 6004 357
6565 6004 357
6565 6004 357
6565 6004 357
6565 6004 357
6565 6004 357
6565 6004 357
6565 6004 357
6565 6004 357
6565 6004 357
7915 7892 357
7915 7892 357
7915 7892 357
7915 7892 357
7915 7892 357
7915 7892 357
7915 7892 357
7915 7892 357
7915 7892 357
7915 7892 357
7915 7892 357
7915 7892 357
5331 5465 357
5331 5465 357
5331 5465 357
5331 5465 357
5331 5465 357
5331 5465 357
5331 5465 357
5331 5465 357
5331 5465 357
5331 5465 357
5331 5465 357
5331 5465 357
5287 9254 358
5287 9254 358
5287 9254 358
5287 9254 358
5287 9254 358
5287 9254 358
5287 9254 358
5287 9254 358
5287 9254 358
5287 9254 358
5287 9254 358
5287 9254 358
5287 9254 358
9158 5286 359
9158 5286 359
9158 5286 359
9158 5286 359
9158 5286 359
9158 5286 359
9158 5286 359
9158 5286 359
9158 5286 359
9158 5286 359
9158 5286 359
9158 5286 359
7743 7824 359
7743 7824 359
7743 7824 359
7743 7824 359
7743 7824 359
7743 7824 359
7743 7824 359
7743 7824 359
7743 7824 359
7743 7824 359
7743 7824 359
7743 7824 359
7743 7824 359
6537 6377 359
6537 6377 359
6537 6377 359
6537 6377 359
6537 6377 359
6537 6377 359
6537 6377 359
6537 6377 359
6537 6377 359
6537 6377 359
6537 6377 359
6537 6377 359
6537 6377 359
6591 5268 359
6591 5268 359
6591 5268 359
6591 5268 359
6591 5268 359
6591 5268 359
6591 5268 359
6591 5268 359
6591 5268 359
6591 5268 359
6591 5268 359
6591 5268 359
6591 5268 359
8464 6597 359
8464 6597 359
8464 6597 359
8464 6597 359
8464 6597 359
8464 6597 359
8464 6597 359
8464 6597 359
8464 6597 359
8464 6597 359
8464 6597 359
8464 6597 359
6568 5430 361
6568 5430 361
6568 5430 361
6568 5430 361
6568 5430 361
6568 5430 361
6568 5430 361
6568 5430 361
6568 5430 361
6568 5430 361
6568 5430 361
6568 5430 361
7717 7842 362
7717 7842 362
7717 7842 362
7717 7842 362
7717 7842 362
7717 7842 362
7717 7842 362
7717 7842 362
7717 7842 362
7717 7842 362
7717 7842 362
7717 7842 362
7717 7842 362
6596 5987 362
6596 5987 362
6596 5987 362
6596 5987 362
6596 5987 362
6596 5987 362
6596 5987 362
6596 5987 362
6596 5987 362
6596 5987 362
6596 5987 362
6596 5987 362
6596 5987 362
8431 6352 362
8431 6352 362
8431 6352 362
8431 6352 362
8431 6352 362
8431 6352 362
8431 6352 362
8431 6352 362
8431 6352 362
8431 6352 362
8431 6352 362
8431 6352 362
8431 6352 362
5278 5354 363
5278 5354 363
5278 5354 363
5278 5354 363
5278 5354 363
5278 5354 363
5278 5354 363
5278 5354 363
5278 5354 363
5278 5354 363
5278 5354 363
5278 5354 363
5278 5354 363
6448 6527 364
6448 6527 364
6448 6527 364
6448 6527 364
6448 6527 364
6448 6527 364
6448 6527 364
6448 6527 364
6448 6527 364
6448 6527 364
6448 6527 364
6448 6527 364
6538 7713 364
6538 7713 364
6538 7713 364
6538 7713 364
6538 7713 364
6538 7713 364
6538 7713 364
6538 7713 364
6538 7713 364
6538 7713 364
6538 7713 364
6538 7713 364
7762 6564 365
7762 6564 365
7762 6564 365
7762 6564 365
7762 6564 365
7762 6564 365
7762 6564 365
7762 6564 365
7762 6564 365
7762 6564 365
7762 6564 365
7762 6564 365
5390 7713 365
5390 7713 365
5390 7713 365
5390 7713 365
5390 7713 365
5390 7713 365
5390 7713 365
5390 7713 365
5390 7713 365
5390 7713 365
5390 7713 365
5390 7713 365
5390 7713 365
6611 5259 366
6611 5259 366
6611 5259 366
6611 5259 366
6611 5259 366
6611 5259 366
6611 5259 366
6611 5259 366
6611 5259 366
6611 5259 366
6611 5259 366
6611 5259 366
9150 8436 366
9150 8436 366
9150 8436 366
9150 8436 366
9150 8436 366
9150 8436 366
9150 8436 366
9150 8436 366
9150 8436 366
9150 8436 366
9150 8436 366
9150 8436 366
5390 5268 366
5390 5268 366
5390 5268 366
5390 5268 366
5390 5268 366
5390 5268 366
5390 5268 366
5390 5268 366
5390 5268 366
5390 5268 366
5390 5268 366
5390 5268 366
6512 6331 366
6512 6331 366
6512 6331 366
6512 6331 366
6512 6331 366
6512 6331 366
6512 6331 366
6512 6331 366
6512 6331 366
6512 6331 366
6512 6331 366
6512 6331 366
7737 7759 366
7737 7759 366
7737 7759 366
7737 7759 366
7737 7759 366
7737 7759 366
7737 7759 366
7737 7759 366
7737 7759 366
7737 7759 366
7737 7759 366
7737 7759 366
6542 7684 366
6542 7684 366
6542 7684 366
6542 7684 366
6542 7684 366
6542 7684 366
6542 7684 366
6542 7684 366
6542 7684 366
6542 7684 366
6542 7684 366
6542 7684 366
6582 8459 366
6582 8459 366
6582 8459 366
6582 8459 366
6582 8459 366
6582 8459 366
6582 8459 366
6582 8459 366
6582 8459 366
6582 8459 366
6582 8459 366
6582 8459 366
7683 6537 368
7683 6537 368
7683 6537 368
7683 6537 368
7683 6537 368
7683 6537 368
7683 6537 368
7683 6537 368
7683 6537 368
7683 6537 368
7683 6537 368
7683 6537 368
7683 6537 368
6498 6538 369
6498 6538 369
6498 6538 369
6498 6538 369
6498 6538 369
6498 6538 369
6498 6538 369
6498 6538 369
6498 6538 369
6498 6538 369
6498 6538 369
6498 6538 369
6498 6538 369
5504 5280 369
5504 5280 369
5504 5280 369
5504 5280 369
5504 5280 369
5504 5280 369
5504 5280 369
5504 5280 369
5504 5280 369
5504 5280 369
5504 5280 369
5504 5280 369
5504 5280 369
8710 8785 371
8710 8785 371
8710 8785 371
8710 8785 371
8710 8785 371
8710 8785 371
8710 8785 371
8710 8785 371
8710 8785 371
8710 8785 371
8710 8785 371
8710 8785 371
8710 8785 371
6585 7718 371
6585 7718 371
6585 7718 371
6585 7718 371
6585 7718 371
6585 7718 371
6585 7718 371
6585 7718 371
6585 7718 371
6585 7718 371
6585 7718 371
6585 7718 371
6585 7718 371
6587 7686 371
6587 7686 371
6587 7686 371
6587 7686 371
6587 7686 371
6587 7686 371
6587 7686 371
6587 7686 371
6587 7686 371
6587 7686 371
6587 7686 371
6587 7686 371
5570 5463 372
5570 5463 372
5570 5463 372
5570 5463 372
5570 5463 372
5570 5463 372
5570 5463 372
5570 5463 372
5570 5463 372
5570 5463 372
5570 5463 372
5570 5463 372
5570 5463 372
7701 8456 374
7701 8456 374
7701 8456 374
7701 8456 374
7701 8456 374
7701 8456 374
7701 8456 374
7701 8456 374
7701 8456 374
7701 8456 374
7701 8456 374
7701 8456 374
6535 6407 374
6535 6407 374
6535 6407 374
6535 6407 374
6535 6407 374
6535 6407 374
6535 6407 374
6535 6407 374
6535 6407 374
6535 6407 374
6535 6407 374
6535 6407 374
6535 6407 374
6560 5992 375
6560 5992 375
6560 5992 375
6560 5992 375
6560 5992 375
6560 5992 375
6560 5992 375
6560 5992 375
6560 5992 375
6560 5992 375
6560 5992 375
6560 5992 375
5368 5537 375
5368 5537 375
5368 5537 375
5368 5537 375
5368 5537 375
5368 5537 375
5368 5537 375
5368 5537 375
5368 5537 375
5368 5537 375
5368 5537 375
5368 5537 375
5368 5537 375
5523 6020 378
5523 6020 378
5523 6020 378
5523 6020 378
5523 6020 378
5523 6020 378
5523 6020 378
5523 6020 378
5523 6020 378
5523 6020 378
5523 6020 378
5523 6020 378
6602 6527 379
6602 6527 379
6602 6527 379
6602 6527 379
6602 6527 379
6602 6527 379
6602 6527 379
6602 6527 379
6602 6527 379
6602 6527 379
6602 6527 379
6602 6527 379
7897 7935 379
7897 7935 379
7897 7935 379
7897 7935 379
7897 7935 379
7897 7935 379
7897 7935 379
7897 7935 379
7897 7935 379
7897 7935 379
7897 7935 379
7897 7935 379
7897 7935 379
6596 5359 380
6596 5359 380
6596 5359 380
6596 5359 380
6596 5359 380
6596 5359 380
6596 5359 380
6596 5359 380
6596 5359 380
6596 5359 380
6596 5359 380
6596 5359 380
7728 7762 380
7728 7762 380
7728 7762 380
7728 7762 380
7728 7762 380
7728 7762 380
7728 7762 380
7728 7762 380
7728 7762 380
7728 7762 380
7728 7762 380
7728 7762 380
7698 6000 380
7698 6000 380
7698 6000 380
7698 6000 380
7698 6000 380
7698 6000 380
7698 6000 380
7698 6000 380
7698 6000 380
7698 6000 380
7698 6000 380
7698 6000 380
7683 7803 381
7683 7803 381
7683 7803 381
7683 7803 381
7683 7803 381
7683 7803 381
7683 7803 381
7683 7803 381
7683 7803 381
7683 7803 381
7683 7803 381
7683 7803 381
6598 6384 382
6598 6384 382
6598 6384 382
6598 6384 382
6598 6384 382
6598 6384 382
6598 6384 382
6598 6384 382
6598 6384 382
6598 6384 382
6598 6384 382
6598 6384 382
6598 6384 382
7934 7895 387
7934 7895 387
7934 7895 387
7934 7895 387
7934 7895 387
7934 7895 387
7934 7895 387
7934 7895 387
7934 7895 387
7934 7895 387
7934 7895 387
7934 7895 387
5358 8707 400
5358 8707 400
5358 8707 400
5358 8707 400
5358 8707 400
5358 8707 400
5358 8707 400
5358 8707 400
5358 8707 400
5358 8707 400
5358 8707 400
5358 8707 400
6531 7698 409
6531 7698 409
6531 7698 409
6531 7698 409
6531 7698 409
6531 7698 409
6531 7698 409
6531 7698 409
6531 7698 409
6531 7698 409
6531 7698 409
6531 7698 409
6543 7712 417
6543 7712 417
6543 7712 417
6543 7712 417
6543 7712 417
6543 7712 417
6543 7712 417
6543 7712 417
6543 7712 417
6543 7712 417
6543 7712 417
6543 7712 417
6543 7712 417
6556 8436 418
6556 8436 418
6556 8436 418
6556 8436 418
6556 8436 418
6556 8436 418
6556 8436 418
6556 8436 418
6556 8436 418
6556 8436 418
6556 8436 418
6556 8436 418
6544 7753 420
6544 7753 420
6544 7753 420
6544 7753 420
6544 7753 420
6544 7753 420
6544 7753 420
6544 7753 420
6544 7753 420
6544 7753 420
6544 7753 420
6544 7753 420
7888 7915 423
7888 7915 423
7888 7915 423
7888 7915 423
7888 7915 423
7888 7915 423
7888 7915 423
7888 7915 423
7888 7915 423
7888 7915 423
7888 7915 423
7888 7915 423
7888 7915 423
6543 5258 423
6543 5258 423
6543 5258 423
6543 5258 423
6543 5258 423
6543 5258 423
6543 5258 423
6543 5258 423
6543 5258 423
6543 5258 423
6543 5258 423
6543 5258 423
6543 5258 423
6544 7710 423
6544 7710 423
6544 7710 423
6544 7710 423
6544 7710 423
6544 7710 423
6544 7710 423
6544 7710 423
6544 7710 423
6544 7710 423
6544 7710 423
6544 7710 423
7691 6555 426
7691 6555 426
7691 6555 426
7691 6555 426
7691 6555 426
7691 6555 426
7691 6555 426
7691 6555 426
7691 6555 426
7691 6555 426
7691 6555 426
7691 6555 426
6018 5380 428
6018 5380 428
6018 5380 428
6018 5380 428
6018 5380 428
6018 5380 428
6018 5380 428
6018 5380 428
6018 5380 428
6018 5380 428
6018 5380 428
6018 5380 428
5582 5453 428
5582 5453 428
5582 5453 428
5582 5453 428
5582 5453 428
5582 5453 428
5582 5453 428
5582 5453 428
5582 5453 428
5582 5453 428
5582 5453 428
5582 5453 428
5582 5453 428
5259 5272 428
5259 5272 428
5259 5272 428
5259 5272 428
5259 5272 428
5259 5272 428
5259 5272 428
5259 5272 428
5259 5272 428
5259 5272 428
5259 5272 428
5259 5272 428
5444 8454 428
5444 8454 428
5444 8454 428
5444 8454 428
5444 8454 428
5444 8454 428
5444 8454 428
5444 8454 428
5444 8454 428
5444 8454 428
5444 8454 428
5444 8454 428
5358 8452 429
5358 8452 429
5358 8452 429
5358 8452 429
5358 8452 429
5358 8452 429
5358 8452 429
5358 8452 429
5358 8452 429
5358 8452 429
5358 8452 429
5358 8452 429
5358 8452 429
8436 6613 429
8436 6613 429
8436 6613 429
8436 6613 429
8436 6613 429
8436 6613 429
8436 6613 429
8436 6613 429
8436 6613 429
8436 6613 429
8436 6613 429
8436 6613 429
8436 6613 429
8432 7712 430
8432 7712 430
8432 7712 430
8432 7712 430
8432 7712 430
8432 7712 430
8432 7712 430
8432 7712 430
8432 7712 430
8432 7712 430
8432 7712 430
8432 7712 430
8473 6590 430
8473 6590 430
8473 6590 430
8473 6590 430
8473 6590 430
8473 6590 430
8473 6590 430
8473 6590 430
8473 6590 430
8473 6590 430
8473 6590 430
8473 6590 430
6541 5258 431
6541 5258 431
6541 5258 431
6541 5258 431
6541 5258 431
6541 5258 431
6541 5258 431
6541 5258 431
6541 5258 431
6541 5258 431
6541 5258 431
6541 5258 431
5269 9277 432
5269 9277 432
5269 9277 432
5269 9277 432
5269 9277 432
5269 9277 432
5269 9277 432
5269 9277 432
5269 9277 432
5269 9277 432
5269 9277 432
5269 9277 432
5269 9277 432
6361 6508 432
6361 6508 432
6361 6508 432
6361 6508 432
6361 6508 432
6361 6508 432
6361 6508 432
6361 6508 432
6361 6508 432
6361 6508 432
6361 6508 432
6361 6508 432
7892 8372 432
7892 8372 432
7892 8372 432
7892 8372 432
7892 8372 432
7892 8372 432
7892 8372 432
7892 8372 432
7892 8372 432
7892 8372 432
7892 8372 432
7892 8372 432
5358 6610 433
5358 6610 433
5358 6610 433
5358 6610 433
5358 6610 433
5358 6610 433
5358 6610 433
5358 6610 433
5358 6610 433
5358 6610 433
5358 6610 433
5358 6610 433
5358 6610 433
7862 7750 433
7862 7750 433
7862 7750 433
7862 7750 433
7862 7750 433
7862 7750 433
7862 7750 433
7862 7750 433
7862 7750 433
7862 7750 433
7862 7750 433
7862 7750 433
7862 7750 433
5535 6045 434
5535 6045 434
5535 6045 434
5535 6045 434
5535 6045 434
5535 6045 434
5535 6045 434
5535 6045 434
5535 6045 434
5535 6045 434
5535 6045 434
5535 6045 434
5535 6045 434
8431 6538 434
8431 6538 434
8431 6538 434
8431 6538 434
8431 6538 434
8431 6538 434
8431 6538 434
8431 6538 434
8431 6538 434
8431 6538 434
8431 6538 434
8431 6538 434
8431 6538 434
6416 6560 435
6416 6560 435
6416 6560 435
6416 6560 435
6416 6560 435
6416 6560 435
6416 6560 435
6416 6560 435
6416 6560 435
6416 6560 435
6416 6560 435
6416 6560 435
8680 6583 436
8680 6583 436
8680 6583 436
8680 6583 436
8680 6583 436
8680 6583 436
8680 6583 436
8680 6583 436
8680 6583 436
8680 6583 436
8680 6583 436
8680 6583 436
8680 6583 436
6545 5372 436
6545 5372 436
6545 5372 436
6545 5372 436
6545 5372 436
6545 5372 436
6545 5372 436
6545 5372 436
6545 5372 436
6545 5372 436
6545 5372 436
6545 5372 436
6545 5372 436
7948 7753 437
7948 7753 437
7948 7753 437
7948 7753 437
7948 7753 437
7948 7753 437
7948 7753 437
7948 7753 437
7948 7753 437
7948 7753 437
7948 7753 437
7948 7753 437
5259 5408 437
5259 5408 437
5259 5408 437
5259 5408 437
5259 5408 437
5259 5408 437
5259 5408 437
5259 5408 437
5259 5408 437
5259 5408 437
5259 5408 437
5259 5408 437
5259 5408 437
8431 6558 437
8431 6558 437
8431 6558 437
8431 6558 437
8431 6558 437
8431 6558 437
8431 6558 437
8431 6558 437
8431 6558 437
8431 6558 437
8431 6558 437
8431 6558 437
6495 6475 438
6495 6475 438
6495 6475 438
6495 6475 438
6495 6475 438
6495 6475 438
6495 6475 438
6495 6475 438
6495 6475 438
6495 6475 438
6495 6475 438
6495 6475 438
6457 6602 438
6457 6602 438
6457 6602 438
6457 6602 438
6457 6602 438
6457 6602 438
6457 6602 438
6457 6602 438
6457 6602 438
6457 6602 438
6457 6602 438
6457 6602 438
7943 7772 438
7943 7772 438
7943 7772 438
7943 7772 438
7943 7772 438
7943 7772 438
7943 7772 438
7943 7772 438
7943 7772 438
7943 7772 438
7943 7772 438
7943 7772 438
7943 7772 438
6544 6530 439
6544 6530 439
6544 6530 439
6544 6530 439
6544 6530 439
6544 6530 439
6544 6530 439
6544 6530 439
6544 6530 439
6544 6530 439
6544 6530 439
6544 6530 439
7650 7876 439
7650 7876 439
7650 7876 439
7650 7876 439
7650 7876 439
7650 7876 439
7650 7876 439
7650 7876 439
7650 7876 439
7650 7876 439
7650 7876 439
7650 7876 439
7650 7876 439
5259 6601 439
5259 6601 439
5259 6601 439
5259 6601 439
5259 6601 439
5259 6601 439
5259 6601 439
5259 6601 439
5259 6601 439
5259 6601 439
5259 6601 439
5259 6601 439
5259 6601 439
5385 5401 439
5385 5401 439
5385 5401 439
5385 5401 439
5385 5401 439
5385 5401 439
5385 5401 439
5385 5401 439
5385 5401 439
5385 5401 439
5385 5401 439
5385 5401 439
5385 5401 439
6406 6365 439
6406 6365 439
6406 6365 439
6406 6365 439
6406 6365 439
6406 6365 439
6406 6365 439
6406 6365 439
6406 6365 439
6406 6365 439
6406 6365 439
6406 6365 439
5405 8448 440
5405 8448 440
5405 8448 440
5405 8448 440
5405 8448 440
5405 8448 440
5405 8448 440
5405 8448 440
5405 8448 440
5405 8448 440
5405 8448 440
5405 8448 440
5405 8448 440
8436 5987 440
8436 5987 440
8436 5987 440
8436 5987 440
8436 5987 440
8436 5987 440
8436 5987 440
8436 5987 440
8436 5987 440
8436 5987 440
8436 5987 440
8436 5987 440
8436 5987 440
7689 6595 440
7689 6595 440
7689 6595 440
7689 6595 440
7689 6595 440
7689 6595 440
7689 6595 440
7689 6595 440
7689 6595 440
7689 6595 440
7689 6595 440
7689 6595 440
7689 6544 441
7689 6544 441
7689 6544 441
7689 6544 441
7689 6544 441
7689 6544 441
7689 6544 441
7689 6544 441
7689 6544 441
7689 6544 441
7689 6544 441
7689 6544 441
7689 6544 441
7934 7726 441
7934 7726 441
7934 7726 441
7934 7726 441
7934 7726 441
7934 7726 441
7934 7726 441
7934 7726 441
7934 7726 441
7934 7726 441
7934 7726 441
7934 7726 441
5420 8447 441
5420 8447 441
5420 8447 441
5420 8447 441
5420 8447 441
5420 8447 441
5420 8447 441
5420 8447 441
5420 8447 441
5420 8447 441
5420 8447 441
5420 8447 441
7775 7967 441
7775 7967 441
7775 7967 441
7775 7967 441
7775 7967 441
7775 7967 441
7775 7967 441
7775 7967 441
7775 7967 441
7775 7967 441
7775 7967 441
7775 7967 441
8432 8446 441
8432 8446 441
8432 8446 441
8432 8446 441
8432 8446 441
8432 8446 441
8432 8446 441
8432 8446 441
8432 8446 441
8432 8446 441
8432 8446 441
8432 8446 441
7775 7975 442
7775 7975 442
7775 7975 442
7775 7975 442
7775 7975 442
7775 7975 442
7775 7975 442
7775 7975 442
7775 7975 442
7775 7975 442
7775 7975 442
7775 7975 442
5988 5415 443
5988 5415 443
5988 5415 443
5988 5415 443
5988 5415 443
5988 5415 443
5988 5415 443
5988 5415 443
5988 5415 443
5988 5415 443
5988 5415 443
5988 5415 443
8445 8474 443
8445 8474 443
8445 8474 443
8445 8474 443
8445 8474 443
8445 8474 443
8445 8474 443
8445 8474 443
8445 8474 443
8445 8474 443
8445 8474 443
8445 8474 443
7941 8474 443
7941 8474 443
7941 8474 443
7941 8474 443
7941 8474 443
7941 8474 443
7941 8474 443
7941 8474 443
7941 8474 443
7941 8474 443
7941 8474 443
7941 8474 443
7941 8474 443
5556 6083 443
5556 6083 443
5556 6083 443
5556 6083 443
5556 6083 443
5556 6083 443
5556 6083 443
5556 6083 443
5556 6083 443
5556 6083 443
5556 6083 443
5556 6083 443
5359 5390 443
5359 5390 443
5359 5390 443
5359 5390 443
5359 5390 443
5359 5390 443
5359 5390 443
5359 5390 443
5359 5390 443
5359 5390 443
5359 5390 443
5359 5390 443
5359 5390 443
6543 6600 443
6543 6600 443
6543 6600 443
6543 6600 443
6543 6600 443
6543 6600 443
6543 6600 443
6543 6600 443
6543 6600 443
6543 6600 443
6543 6600 443
6543 6600 443
9226 5308 444
9226 5308 444
9226 5308 444
9226 5308 444
9226 5308 444
9226 5308 444
9226 5308 444
9226 5308 444
9226 5308 444
9226 5308 444
9226 5308 444
9226 5308 444
9226 5308 444
5359 5403 444
5359 5403 444
5359 5403 444
5359 5403 444
5359 5403 444
5359 5403 444
5359 5403 444
5359 5403 444
5359 5403 444
5359 5403 444
5359 5403 444
5359 5403 444
5425 8440 445
5425 8440 445
5425 8440 445
5425 8440 445
5425 8440 445
5425 8440 445
5425 8440 445
5425 8440 445
5425 8440 445
5425 8440 445
5425 8440 445
5425 8440 445
5425 8440 445
8431 6606 445
8431 6606 445
8431 6606 445
8431 6606 445
8431 6606 445
8431 6606 445
8431 6606 445
8431 6606 445
8431 6606 445
8431 6606 445
8431 6606 445
8431 6606 445
8431 6606 445
7964 7732 445
7964 7732 445
7964 7732 445
7964 7732 445
7964 7732 445
7964 7732 445
7964 7732 445
7964 7732 445
7964 7732 445
7964 7732 445
7964 7732 445
7964 7732 445
7964 7732 445
7827 7748 445
7827 7748 445
7827 7748 445
7827 7748 445
7827 7748 445
7827 7748 445
7827 7748 445
7827 7748 445
7827 7748 445
7827 7748 445
7827 7748 445
7827 7748 445
8459 7707 445
8459 7707 445
8459 7707 445
8459 7707 445
8459 7707 445
8459 7707 445
8459 7707 445
8459 7707 445
8459 7707 445
8459 7707 445
8459 7707 445
8459 7707 445
6597 6348 445
6597 6348 445
6597 6348 445
6597 6348 445
6597 6348 445
6597 6348 445
6597 6348 445
6597 6348 445
6597 6348 445
6597 6348 445
6597 6348 445
6597 6348 445
6597 6348 445
6518 6574 445
6518 6574 445
6518 6574 445
6518 6574 445
6518 6574 445
6518 6574 445
6518 6574 445
6518 6574 445
6518 6574 445
6518 6574 445
6518 6574 445
6518 6574 445
6518 6574 445
5257 5311 446
5257 5311 446
5257 5311 446
5257 5311 446
5257 5311 446
5257 5311 446
5257 5311 446
5257 5311 446
5257 5311 446
5257 5311 446
5257 5311 446
5257 5311 446
7686 6607 446
7686 6607 446
7686 6607 446
7686 6607 446
7686 6607 446
7686 6607 446
7686 6607 446
7686 6607 446
7686 6607 446
7686 6607 446
7686 6607 446
7686 6607 446
7686 6607 446
7908 7967 447
7908 7967 447
7908 7967 447
7908 7967 447
7908 7967 447
7908 7967 447
7908 7967 447
7908 7967 447
7908 7967 447
7908 7967 447
7908 7967 447
7908 7967 447
7908 7967 447
6583 5359 447
6583 5359 447
6583 5359 447
6583 5359 447
6583 5359 447
6583 5359 447
6583 5359 447
6583 5359 447
6583 5359 447
6583 5359 447
6583 5359 447
6583 5359 447
7692 7917 447
7692 7917 447
7692 7917 447
7692 7917 447
7692 7917 447
7692 7917 447
7692 7917 447
7692 7917 447
7692 7917 447
7692 7917 447
7692 7917 447
7692 7917 447
8663 5390 447
8663 5390 447
8663 5390 447
8663 5390 447
8663 5390 447
8663 5390 447
8663 5390 447
8663 5390 447
8663 5390 447
8663 5390 447
8663 5390 447
8663 5390 447
8663 5390 447
6054 5418 447
6054 5418 447
6054 5418 447
6054 5418 447
6054 5418 447
6054 5418 447
6054 5418 447
6054 5418 447
6054 5418 447
6054 5418 447
6054 5418 447
6054 5418 447
6054 5418 447
6369 6539 447
6369 6539 447
6369 6539 447
6369 6539 447
6369 6539 447
6369 6539 447
6369 6539 447
6369 6539 447
6369 6539 447
6369 6539 447
6369 6539 447
6369 6539 447
9658 7458 447
9658 7458 447
9658 7458 447
9658 7458 447
9658 7458 447
9658 7458 447
9658 7458 447
9658 7458 447
9658 7458 447
9658 7458 447
9658 7458 447
9658 7458 447
5995 5420 447
5995 5420 447
5995 5420 447
5995 5420 447
5995 5420 447
5995 5420 447
5995 5420 447
5995 5420 447
5995 5420 447
5995 5420 447
5995 5420 447
5995 5420 447
5995 5420 447
7969 7707 447
7969 7707 447
7969 7707 447
7969 7707 447
7969 7707 447
7969 7707 447
7969 7707 447
7969 7707 447
7969 7707 447
7969 7707 447
7969 7707 447
7969 7707 447
7969 7707 447
7922 7873 448
7922 7873 448
7922 7873 448
7922 7873 448
7922 7873 448
7922 7873 448
7922 7873 448
7922 7873 448
7922 7873 448
7922 7873 448
7922 7873 448
7922 7873 448
5538 5484 448
5538 5484 448
5538 5484 448
5538 5484 448
5538 5484 448
5538 5484 448
5538 5484 448
5538 5484 448
5538 5484 448
5538 5484 448
5538 5484 448
5538 5484 448
6612 5383 448
6612 5383 448
6612 5383 448
6612 5383 448
6612 5383 448
6612 5383 448
6612 5383 448
6612 5383 448
6612 5383 448
6612 5383 448
6612 5383 448
6612 5383 448
6612 5383 448
6003 6588 448
6003 6588 448
6003 6588 448
6003 6588 448
6003 6588 448
6003 6588 448
6003 6588 448
6003 6588 448
6003 6588 448
6003 6588 448
6003 6588 448
6003 6588 448
5922 7694 448
5922 7694 448
5922 7694 448
5922 7694 448
5922 7694 448
5922 7694 448
5922 7694 448
5922 7694 448
5922 7694 448
5922 7694 448
5922 7694 448
5922 7694 448
5922 7694 448
5259 5308 448
5259 5308 448
5259 5308 448
5259 5308 448
5259 5308 448
5259 5308 448
5259 5308 448
5259 5308 448
5259 5308 448
5259 5308 448
5259 5308 448
5259 5308 448
9176 5302 449
9176 5302 449
9176 5302 449
9176 5302 449
9176 5302 449
9176 5302 449
9176 5302 449
9176 5302 449
9176 5302 449
9176 5302 449
9176 5302 449
9176 5302 449
6537 8684 449
6537 8684 449
6537 8684 449
6537 8684 449
6537 8684 449
6537 8684 449
6537 8684 449
6537 8684 449
6537 8684 449
6537 8684 449
6537 8684 449
6537 8684 449
6537 8684 449
6544 6608 449
6544 6608 449
6544 6608 449
6544 6608 449
6544 6608 449
6544 6608 449
6544 6608 449
6544 6608 449
6544 6608 449
6544 6608 449
6544 6608 449
6544 6608 449
6544 6608 449
7948 8453 449
7948 8453 449
7948 8453 449
7948 8453 449
7948 8453 449
7948 8453 449
7948 8453 449
7948 8453 449
7948 8453 449
7948 8453 449
7948 8453 449
7948 8453 449
7948 8453 449
6544 7696 450
6544 7696 450
6544 7696 450
6544 7696 450
6544 7696 450
6544 7696 450
6544 7696 450
6544 7696 450
6544 7696 450
6544 7696 450
6544 7696 450
6544 7696 450
6544 7696 450
8449 5373 450
8449 5373 450
8449 5373 450
8449 5373 450
8449 5373 450
8449 5373 450
8449 5373 450
8449 5373 450
8449 5373 450
8449 5373 450
8449 5373 450
8449 5373 450
8449 5373 450
5328 5275 451
5328 5275 451
5328 5275 451
5328 5275 451
5328 5275 451
5328 5275 451
5328 5275 451
5328 5275 451
5328 5275 451
5328 5275 451
5328 5275 451
5328 5275 451
5328 5275 451
5334 5402 451
5334 5402 451
5334 5402 451
5334 5402 451
5334 5402 451
5334 5402 451
5334 5402 451
5334 5402 451
5334 5402 451
5334 5402 451
5334 5402 451
5334 5402 451
5334 5402 451
8464 7917 451
8464 7917 451
8464 7917 451
8464 7917 451
8464 7917 451
8464 7917 451
8464 7917 451
8464 7917 451
8464 7917 451
8464 7917 451
8464 7917 451
8464 7917 451
5359 7725 451
5359 7725 451
5359 7725 451
5359 7725 451
5359 7725 451
5359 7725 451
5359 7725 451
5359 7725 451
5359 7725 451
5359 7725 451
5359 7725 451
5359 7725 451
8823 5287 451
8823 5287 451
8823 5287 451
8823 5287 451
8823 5287 451
8823 5287 451
8823 5287 451
8823 5287 451
8823 5287 451
8823 5287 451
8823 5287 451
8823 5287 451
8823 5287 451
6548 8699 451
6548 8699 451
6548 8699 451
6548 8699 451
6548 8699 451
6548 8699 451
6548 8699 451
6548 8699 451
6548 8699 451
6548 8699 451
6548 8699 451
6548 8699 451
6548 8699 451
5427 5361 451
5427 5361 451
5427 5361 451
5427 5361 451
5427 5361 451
5427 5361 451
5427 5361 451
5427 5361 451
5427 5361 451
5427 5361 451
5427 5361 451
5427 5361 451
5361 5279 451
5361 5279 451
5361 5279 451
5361 5279 451
5361 5279 451
5361 5279 451
5361 5279 451
5361 5279 451
5361 5279 451
5361 5279 451
5361 5279 451
5361 5279 451
6028 5422 452
6028 5422 452
6028 5422 452
6028 5422 452
6028 5422 452
6028 5422 452
6028 5422 452
6028 5422 452
6028 5422 452
6028 5422 452
6028 5422 452
6028 5422 452
6028 5422 452
5259 6609 452
5259 6609 452
5259 6609 452
5259 6609 452
5259 6609 452
5259 6609 452
5259 6609 452
5259 6609 452
5259 6609 452
5259 6609 452
5259 6609 452
5259 6609 452
7770 7695 453
7770 7695 453
7770 7695 453
7770 7695 453
7770 7695 453
7770 7695 453
7770 7695 453
7770 7695 453
7770 7695 453
7770 7695 453
7770 7695 453
7770 7695 453
5388 6038 455
5388 6038 455
5388 6038 455
5388 6038 455
5388 6038 455
5388 6038 455
5388 6038 455
5388 6038 455
5388 6038 455
5388 6038 455
5388 6038 455
5388 6038 455
5388 6038 455
5361 6597 455
5361 6597 455
5361 6597 455
5361 6597 455
5361 6597 455
5361 6597 455
5361 6597 455
5361 6597 455
5361 6597 455
5361 6597 455
5361 6597 455
5361 6597 455
7928 7753 455
7928 7753 455
7928 7753 455
7928 7753 455
7928 7753 455
7928 7753 455
7928 7753 455
7928 7753 455
7928 7753 455
7928 7753 455
7928 7753 455
7928 7753 455
7934 7751 455
7934 7751 455
7934 7751 455
7934 7751 455
7934 7751 455
7934 7751 455
7934 7751 455
7934 7751 455
7934 7751 455
7934 7751 455
7934 7751 455
7934 7751 455
6018 5435 456
6018 5435 456
6018 5435 456
6018 5435 456
6018 5435 456
6018 5435 456
6018 5435 456
6018 5435 456
6018 5435 456
6018 5435 456
6018 5435 456
6018 5435 456
5260 6541 456
5260 6541 456
5260 6541 456
5260 6541 456
5260 6541 456
5260 6541 456
5260 6541 456
5260 6541 456
5260 6541 456
5260 6541 456
5260 6541 456
5260 6541 456
7724 5923 456
7724 5923 456
7724 5923 456
7724 5923 456
7724 5923 456
7724 5923 456
7724 5923 456
7724 5923 456
7724 5923 456
7724 5923 456
7724 5923 456
7724 5923 456
7724 5923 456
7904 7822 456
7904 7822 456
7904 7822 456
7904 7822 456
7904 7822 456
7904 7822 456
7904 7822 456
7904 7822 456
7904 7822 456
7904 7822 456
7904 7822 456
7904 7822 456
7714 7753 456
7714 7753 456
7714 7753 456
7714 7753 456
7714 7753 456
7714 7753 456
7714 7753 456
7714 7753 456
7714 7753 456
7714 7753 456
7714 7753 456
7714 7753 456
7924 7706 457
7924 7706 457
7924 7706 457
7924 7706 457
7924 7706 457
7924 7706 457
7924 7706 457
7924 7706 457
7924 7706 457
7924 7706 457
7924 7706 457
7924 7706 457
5417 5287 457
5417 5287 457
5417 5287 457
5417 5287 457
5417 5287 457
5417 5287 457
5417 5287 457
5417 5287 457
5417 5287 457
5417 5287 457
5417 5287 457
5417 5287 457
5417 5287 457
5469 5289 457
5469 5289 457
5469 5289 457
5469 5289 457
5469 5289 457
5469 5289 457
5469 5289 457
5469 5289 457
5469 5289 457
5469 5289 457
5469 5289 457
5469 5289 457
5469 5289 457
6525 6558 457
6525 6558 457
6525 6558 457
6525 6558 457
6525 6558 457
6525 6558 457
6525 6558 457
6525 6558 457
6525 6558 457
6525 6558 457
6525 6558 457
6525 6558 457
7828 7892 457
7828 7892 457
7828 7892 457
7828 7892 457
7828 7892 457
7828 7892 457
7828 7892 457
7828 7892 457
7828 7892 457
7828 7892 457
7828 7892 457
7828 7892 457
7973 7814 458
7973 7814 458
7973 7814 458
7973 7814 458
7973 7814 458
7973 7814 458
7973 7814 458
7973 7814 458
7973 7814 458
7973 7814 458
7973 7814 458
7973 7814 458
7922 7881 458
7922 7881 458
7922 7881 458
7922 7881 458
7922 7881 458
7922 7881 458
7922 7881 458
7922 7881 458
7922 7881 458
7922 7881 458
7922 7881 458
7922 7881 458
7922 7881 458
6009 7770 458
6009 7770 458
6009 7770 458
6009 7770 458
6009 7770 458
6009 7770 458
6009 7770 458
6009 7770 458
6009 7770 458
6009 7770 458
6009 7770 458
6009 7770 458
6009 7770 458
7684 5924 459
7684 5924 459
7684 5924 459
7684 5924 459
7684 5924 459
7684 5924 459
7684 5924 459
7684 5924 459
7684 5924 459
7684 5924 459
7684 5924 459
7684 5924 459
7684 5924 459
9146 5353 459
9146 5353 459
9146 5353 459
9146 5353 459
9146 5353 459
9146 5353 459
9146 5353 459
9146 5353 459
9146 5353 459
9146 5353 459
9146 5353 459
9146 5353 459
8454 5417 460
8454 5417 460
8454 5417 460
8454 5417 460
8454 5417 460
8454 5417 460
8454 5417 460
8454 5417 460
8454 5417 460
8454 5417 460
8454 5417 460
8454 5417 460
7938 6041 460
7938 6041 460
7938 6041 460
7938 6041 460
7938 6041 460
7938 6041 460
7938 6041 460
7938 6041 460
7938 6041 460
7938 6041 460
7938 6041 460
7938 6041 460
7938 6041 460
7774 8457 461
7774 8457 461
7774 8457 461
7774 8457 461
7774 8457 461
7774 8457 461
7774 8457 461
7774 8457 461
7774 8457 461
7774 8457 461
7774 8457 461
7774 8457 461
8442 6538 461
8442 6538 461
8442 6538 461
8442 6538 461
8442 6538 461
8442 6538 461
8442 6538 461
8442 6538 461
8442 6538 461
8442 6538 461
8442 6538 461
8442 6538 461
8442 6538 461
5363 6597 461
5363 6597 461
5363 6597 461
5363 6597 461
5363 6597 461
5363 6597 461
5363 6597 461
5363 6597 461
5363 6597 461
5363 6597 461
5363 6597 461
5363 6597 461
5363 6597 461
7749 7766 461
7749 7766 461
7749 7766 461
7749 7766 461
7749 7766 461
7749 7766 461
7749 7766 461
7749 7766 461
7749 7766 461
7749 7766 461
7749 7766 461
7749 7766 461
8457 5392 461
8457 5392 461
8457 5392 461
8457 5392 461
8457 5392 461
8457 5392 461
8457 5392 461
8457 5392 461
8457 5392 461
8457 5392 461
8457 5392 461
8457 5392 461
8457 5392 461
7665 7729 462
7665 7729 462
7665 7729 462
7665 7729 462
7665 7729 462
7665 7729 462
7665 7729 462
7665 7729 462
7665 7729 462
7665 7729 462
7665 7729 462
7665 7729 462
7665 7729 462
5299 8764 462
5299 8764 462
5299 8764 462
5299 8764 462
5299 8764 462
5299 8764 462
5299 8764 462
5299 8764 462
5299 8764 462
5299 8764 462
5299 8764 462
5299 8764 462
5437 5469 462
5437 5469 462
5437 5469 462
5437 5469 462
5437 5469 462
5437 5469 462
5437 5469 462
5437 5469 462
5437 5469 462
5437 5469 462
5437 5469 462
5437 5469 462
5990 7717 462
5990 7717 462
5990 7717 462
5990 7717 462
5990 7717 462
5990 7717 462
5990 7717 462
5990 7717 462
5990 7717 462
5990 7717 462
5990 7717 462
5990 7717 462
5990 7717 462
6544 7687 463
6544 7687 463
6544 7687 463
6544 7687 463
6544 7687 463
6544 7687 463
6544 7687 463
6544 7687 463
6544 7687 463
6544 7687 463
6544 7687 463
6544 7687 463
6544 7687 463
8434 6375 463
8434 6375 463
8434 6375 463
8434 6375 463
8434 6375 463
8434 6375 463
8434 6375 463
8434 6375 463
8434 6375 463
8434 6375 463
8434 6375 463
8434 6375 463
8434 6375 463
8765 9222 463
8765 9222 463
8765 9222 463
8765 9222 463
8765 9222 463
8765 9222 463
8765 9222 463
8765 9222 463
8765 9222 463
8765 9222 463
8765 9222 463
8765 9222 463
8765 9222 463
5417 7771 464
5417 7771 464
5417 7771 464
5417 7771 464
5417 7771 464
5417 7771 464
5417 7771 464
5417 7771 464
5417 7771 464
5417 7771 464
5417 7771 464
5417 7771 464
6451 6584 464
6451 6584 464
6451 6584 464
6451 6584 464
6451 6584 464
6451 6584 464
6451 6584 464
6451 6584 464
6451 6584 464
6451 6584 464
6451 6584 464
6451 6584 464
6451 6584 464
8458 8446 465
8458 8446 465
8458 8446 465
8458 8446 465
8458 8446 465
8458 8446 465
8458 8446 465
8458 8446 465
8458 8446 465
8458 8446 465
8458 8446 465
8458 8446 465
8458 8446 465
6603 5354 465
6603 5354 465
6603 5354 465
6603 5354 465
6603 5354 465
6603 5354 465
6603 5354 465
6603 5354 465
6603 5354 465
6603 5354 465
6603 5354 465
6603 5354 465
6603 5354 465
5359 8705 466
5359 8705 466
5359 8705 466
5359 8705 466
5359 8705 466
5359 8705 466
5359 8705 466
5359 8705 466
5359 8705 466
5359 8705 466
5359 8705 466
5359 8705 466
5359 8705 466
7729 7813 466
7729 7813 466
7729 7813 466
7729 7813 466
7729 7813 466
7729 7813 466
7729 7813 466
7729 7813 466
7729 7813 466
7729 7813 466
7729 7813 466
7729 7813 466
7729 7813 466
7888 6439 466
7888 6439 466
7888 6439 466
7888 6439 466
7888 6439 466
7888 6439 466
7888 6439 466
7888 6439 466
7888 6439 466
7888 6439 466
7888 6439 466
7888 6439 466
5460 5380 466
5460 5380 466
5460 5380 466
5460 5380 466
5460 5380 466
5460 5380 466
5460 5380 466
5460 5380 466
5460 5380 466
5460 5380 466
5460 5380 466
5460 5380 466
5460 5380 466
7737 6564 466
7737 6564 466
7737 6564 466
7737 6564 466
7737 6564 466
7737 6564 466
7737 6564 466
7737 6564 466
7737 6564 466
7737 6564 466
7737 6564 466
7737 6564 466
7928 5922 467
7928 5922 467
7928 5922 467
7928 5922 467
7928 5922 467
7928 5922 467
7928 5922 467
7928 5922 467
7928 5922 467
7928 5922 467
7928 5922 467
7928 5922 467
7928 5922 467
7723 7704 467
7723 7704 467
7723 7704 467
7723 7704 467
7723 7704 467
7723 7704 467
7723 7704 467
7723 7704 467
7723 7704 467
7723 7704 467
7723 7704 467
7723 7704 467
5353 8449 467
5353 8449 467
5353 8449 467
5353 8449 467
5353 8449 467
5353 8449 467
5353 8449 467
5353 8449 467
5353 8449 467
5353 8449 467
5353 8449 467
5353 8449 467
5353 8449 467
8457 5415 467
8457 5415 467
8457 5415 467
8457 5415 467
8457 5415 467
8457 5415 467
8457 5415 467
8457 5415 467
8457 5415 467
8457 5415 467
8457 5415 467
8457 5415 467
6572 8438 469
6572 8438 469
6572 8438 469
6572 8438 469
6572 8438 469
6572 8438 469
6572 8438 469
6572 8438 469
6572 8438 469
6572 8438 469
6572 8438 469
6572 8438 469
5924 7881 469
5924 7881 469
5924 7881 469
5924 7881 469
5924 7881 469
5924 7881 469
5924 7881 469
5924 7881 469
5924 7881 469
5924 7881 469
5924 7881 469
5924 7881 469
5924 7881 469
8760 5465 469
8760 5465 469
8760 5465 469
8760 5465 469
8760 5465 469
8760 5465 469
8760 5465 469
8760 5465 469
8760 5465 469
8760 5465 469
8760 5465 469
8760 5465 469
8760 5465 469
6544 6598 470
6544 6598 470
6544 6598 470
6544 6598 470
6544 6598 470
6544 6598 470
6544 6598 470
6544 6598 470
6544 6598 470
6544 6598 470
6544 6598 470
6544 6598 470
7972 7787 470
7972 7787 470
7972 7787 470
7972 7787 470
7972 7787 470
7972 7787 470
7972 7787 470
7972 7787 470
7972 7787 470
7972 7787 470
7972 7787 470
7972 7787 470
7893 8388 471
7893 8388 471
7893 8388 471
7893 8388 471
7893 8388 471
7893 8388 471
7893 8388 471
7893 8388 471
7893 8388 471
7893 8388 471
7893 8388 471
7893 8388 471
7893 8388 471
5264 8776 471
5264 8776 471
5264 8776 471
5264 8776 471
5264 8776 471
5264 8776 471
5264 8776 471
5264 8776 471
5264 8776 471
5264 8776 471
5264 8776 471
5264 8776 471
5264 8776 471
7747 6594 471
7747 6594 471
7747 6594 471
7747 6594 471
7747 6594 471
7747 6594 471
7747 6594 471
7747 6594 471
7747 6594 471
7747 6594 471
7747 6594 471
7747 6594 471
7672 7635 471
7672 7635 471
7672 7635 471
7672 7635 471
7672 7635 471
7672 7635 471
7672 7635 471
7672 7635 471
7672 7635 471
7672 7635 471
7672 7635 471
7672 7635 471
7672 7635 471
6535 7701 473
6535 7701 473
6535 7701 473
6535 7701 473
6535 7701 473
6535 7701 473
6535 7701 473
6535 7701 473
6535 7701 473
6535 7701 473
6535 7701 473
6535 7701 473
6535 7701 473
7759 7749 473
7759 7749 473
7759 7749 473
7759 7749 473
7759 7749 473
7759 7749 473
7759 7749 473
7759 7749 473
7759 7749 473
7759 7749 473
7759 7749 473
7759 7749 473
6573 7726 473
6573 7726 473
6573 7726 473
6573 7726 473
6573 7726 473
6573 7726 473
6573 7726 473
6573 7726 473
6573 7726 473
6573 7726 473
6573 7726 473
6573 7726 473
6573 7726 473
5297 8747 474
5297 8747 474
5297 8747 474
5297 8747 474
5297 8747 474
5297 8747 474
5297 8747 474
5297 8747 474
5297 8747 474
5297 8747 474
5297 8747 474
5297 8747 474
5297 8747 474
8354 7888 474
8354 7888 474
8354 7888 474
8354 7888 474
8354 7888 474
8354 7888 474
8354 7888 474
8354 7888 474
8354 7888 474
8354 7888 474
8354 7888 474
8354 7888 474
8354 7888 474
7727 7728 474
7727 7728 474
7727 7728 474
7727 7728 474
7727 7728 474
7727 7728 474
7727 7728 474
7727 7728 474
7727 7728 474
7727 7728 474
7727 7728 474
7727 7728 474
7769 7922 475
7769 7922 475
7769 7922 475
7769 7922 475
7769 7922 475
7769 7922 475
7769 7922 475
7769 7922 475
7769 7922 475
7769 7922 475
7769 7922 475
7769 7922 475
7803 7892 475
7803 7892 475
7803 7892 475
7803 7892 475
7803 7892 475
7803 7892 475
7803 7892 475
7803 7892 475
7803 7892 475
7803 7892 475
7803 7892 475
7803 7892 475
5366 6390 475
5366 6390 475
5366 6390 475
5366 6390 475
5366 6390 475
5366 6390 475
5366 6390 475
5366 6390 475
5366 6390 475
5366 6390 475
5366 6390 475
5366 6390 475
5366 6390 475
7516 7476 475
7516 7476 475
7516 7476 475
7516 7476 475
7516 7476 475
7516 7476 475
7516 7476 475
7516 7476 475
7516 7476 475
7516 7476 475
7516 7476 475
7516 7476 475
7669 7820 475
7669 7820 475
7669 7820 475
7669 7820 475
7669 7820 475
7669 7820 475
7669 7820 475
7669 7820 475
7669 7820 475
7669 7820 475
7669 7820 475
7669 7820 475
7831 7939 476
7831 7939 476
7831 7939 476
7831 7939 476
7831 7939 476
7831 7939 476
7831 7939 476
7831 7939 476
7831 7939 476
7831 7939 476
7831 7939 476
7831 7939 476
7831 7939 476
5303 5281 476
5303 5281 476
5303 5281 476
5303 5281 476
5303 5281 476
5303 5281 476
5303 5281 476
5303 5281 476
5303 5281 476
5303 5281 476
5303 5281 476
5303 5281 476
5303 5281 476
6560 7699 476
6560 7699 476
6560 7699 476
6560 7699 476
6560 7699 476
6560 7699 476
6560 7699 476
6560 7699 476
6560 7699 476
6560 7699 476
6560 7699 476
6560 7699 476
6538 8452 477
6538 8452 477
6538 8452 477
6538 8452 477
6538 8452 477
6538 8452 477
6538 8452 477
6538 8452 477
6538 8452 477
6538 8452 477
6538 8452 477
6538 8452 477
6538 8452 477
6387 6534 477
6387 6534 477
6387 6534 477
6387 6534 477
6387 6534 477
6387 6534 477
6387 6534 477
6387 6534 477
6387 6534 477
6387 6534 477
6387 6534 477
6387 6534 477
6607 5366 477
6607 5366 477
6607 5366 477
6607 5366 477
6607 5366 477
6607 5366 477
6607 5366 477
6607 5366 477
6607 5366 477
6607 5366 477
6607 5366 477
6607 5366 477
6607 5366 477
6544 6606 477
6544 6606 477
6544 6606 477
6544 6606 477
6544 6606 477
6544 6606 477
6544 6606 477
6544 6606 477
6544 6606 477
6544 6606 477
6544 6606 477
6544 6606 477
6054 5549 478
6054 5549 478
6054 5549 478
6054 5549 478
6054 5549 478
6054 5549 478
6054 5549 478
6054 5549 478
6054 5549 478
6054 5549 478
6054 5549 478
6054 5549 478
5417 7770 478
5417 7770 478
5417 7770 478
5417 7770 478
5417 7770 478
5417 7770 478
5417 7770 478
5417 7770 478
5417 7770 478
5417 7770 478
5417 7770 478
5417 7770 478
8436 6381 478
8436 6381 478
8436 6381 478
8436 6381 478
8436 6381 478
8436 6381 478
8436 6381 478
8436 6381 478
8436 6381 478
8436 6381 478
8436 6381 478
8436 6381 478
8436 6381 478
5283 6590 479
5283 6590 479
5283 6590 479
5283 6590 479
5283 6590 479
5283 6590 479
5283 6590 479
5283 6590 479
5283 6590 479
5283 6590 479
5283 6590 479
5283 6590 479
5384 6015 479
5384 6015 479
5384 6015 479
5384 6015 479
5384 6015 479
5384 6015 479
5384 6015 479
5384 6015 479
5384 6015 479
5384 6015 479
5384 6015 479
5384 6015 479
8468 7695 479
8468 7695 479
8468 7695 479
8468 7695 479
8468 7695 479
8468 7695 479
8468 7695 479
8468 7695 479
8468 7695 479
8468 7695 479
8468 7695 479
8468 7695 479
8468 7695 479
7744 7682 480
7744 7682 480
7744 7682 480
7744 7682 480
7744 7682 480
7744 7682 480
7744 7682 480
7744 7682 480
7744 7682 480
7744 7682 480
7744 7682 480
7744 7682 480
7755 8461 481
7755 8461 481
7755 8461 481
7755 8461 481
7755 8461 481
7755 8461 481
7755 8461 481
7755 8461 481
7755 8461 481
7755 8461 481
7755 8461 481
7755 8461 481
7755 8461 481
7812 7746 481
7812 7746 481
7812 7746 481
7812 7746 481
7812 7746 481
7812 7746 481
7812 7746 481
7812 7746 481
7812 7746 481
7812 7746 481
7812 7746 481
7812 7746 481
7812 7746 481
7814 7657 481
7814 7657 481
7814 7657 481
7814 7657 481
7814 7657 481
7814 7657 481
7814 7657 481
7814 7657 481
7814 7657 481
7814 7657 481
7814 7657 481
7814 7657 481
5358 5391 481
5358 5391 481
5358 5391 481
5358 5391 481
5358 5391 481
5358 5391 481
5358 5391 481
5358 5391 481
5358 5391 481
5358 5391 481
5358 5391 481
5358 5391 481
5358 5391 481
6517 7728 481
6517 7728 481
6517 7728 481
6517 7728 481
6517 7728 481
6517 7728 481
6517 7728 481
6517 7728 481
6517 7728 481
6517 7728 481
6517 7728 481
6517 7728 481
6517 7728 481
8462 6597 481
8462 6597 481
8462 6597 481
8462 6597 481
8462 6597 481
8462 6597 481
8462 6597 481
8462 6597 481
8462 6597 481
8462 6597 481
8462 6597 481
8462 6597 481
8462 6597 481
6544 6611 482
6544 6611 482
6544 6611 482
6544 6611 482
6544 6611 482
6544 6611 482
6544 6611 482
6544 6611 482
6544 6611 482
6544 6611 482
6544 6611 482
6544 6611 482
7725 7634 482
7725 7634 482
7725 7634 482
7725 7634 482
7725 7634 482
7725 7634 482
7725 7634 482
7725 7634 482
7725 7634 482
7725 7634 482
7725 7634 482
7725 7634 482
7725 7634 482
6613 5525 482
6613 5525 482
6613 5525 482
6613 5525 482
6613 5525 482
6613 5525 482
6613 5525 482
6613 5525 482
6613 5525 482
6613 5525 482
6613 5525 482
6613 5525 482
6613 5525 482
6593 7635 482
6593 7635 482
6593 7635 482
6593 7635 482
6593 7635 482
6593 7635 482
6593 7635 482
6593 7635 482
6593 7635 482
6593 7635 482
6593 7635 482
6593 7635 482
7659 7518 482
7659 7518 482
7659 7518 482
7659 7518 482
7659 7518 482
7659 7518 482
7659 7518 482
7659 7518 482
7659 7518 482
7659 7518 482
7659 7518 482
7659 7518 482
7659 7518 482
7799 7825 482
7799 7825 482
7799 7825 482
7799 7825 482
7799 7825 482
7799 7825 482
7799 7825 482
7799 7825 482
7799 7825 482
7799 7825 482
7799 7825 482
7799 7825 482
7761 7981 483
7761 7981 483
7761 7981 483
7761 7981 483
7761 7981 483
7761 7981 483
7761 7981 483
7761 7981 483
7761 7981 483
7761 7981 483
7761 7981 483
7761 7981 483
7891 7750 483
7891 7750 483
7891 7750 483
7891 7750 483
7891 7750 483
7891 7750 483
7891 7750 483
7891 7750 483
7891 7750 483
7891 7750 483
7891 7750 483
7891 7750 483
7689 7724 483
7689 7724 483
7689 7724 483
7689 7724 483
7689 7724 483
7689 7724 483
7689 7724 483
7689 7724 483
7689 7724 483
7689 7724 483
7689 7724 483
7689 7724 483
7689 7724 483
5487 5524 483
5487 5524 483
5487 5524 483
5487 5524 483
5487 5524 483
5487 5524 483
5487 5524 483
5487 5524 483
5487 5524 483
5487 5524 483
5487 5524 483
5487 5524 483
5384 5383 484
5384 5383 484
5384 5383 484
5384 5383 484
5384 5383 484
5384 5383 484
5384 5383 484
5384 5383 484
5384 5383 484
5384 5383 484
5384 5383 484
5384 5383 484
5384 5383 484
6352 6562 484
6352 6562 484
6352 6562 484
6352 6562 484
6352 6562 484
6352 6562 484
6352 6562 484
6352 6562 484
6352 6562 484
6352 6562 484
6352 6562 484
6352 6562 484
7780 5986 484
7780 5986 484
7780 5986 484
7780 5986 484
7780 5986 484
7780 5986 484
7780 5986 484
7780 5986 484
7780 5986 484
7780 5986 484
7780 5986 484
7780 5986 484
5300 5346 484
5300 5346 484
5300 5346 484
5300 5346 484
5300 5346 484
5300 5346 484
5300 5346 484
5300 5346 484
5300 5346 484
5300 5346 484
5300 5346 484
5300 5346 484
5527 5310 485
5527 5310 485
5527 5310 485
5527 5310 485
5527 5310 485
5527 5310 485
5527 5310 485
5527 5310 485
5527 5310 485
5527 5310 485
5527 5310 485
5527 5310 485
6332 6512 485
6332 6512 485
6332 6512 485
6332 6512 485
6332 6512 485
6332 6512 485
6332 6512 485
6332 6512 485
6332 6512 485
6332 6512 485
6332 6512 485
6332 6512 485
7781 7728 485
7781 7728 485
7781 7728 485
7781 7728 485
7781 7728 485
7781 7728 485
7781 7728 485
7781 7728 485
7781 7728 485
7781 7728 485
7781 7728 485
7781 7728 485
9150 5258 485
9150 5258 485
9150 5258 485
9150 5258 485
9150 5258 485
9150 5258 485
9150 5258 485
9150 5258 485
9150 5258 485
9150 5258 485
9150 5258 485
9150 5258 485
9150 5258 485
8465 6036 485
8465 6036 485
8465 6036 485
8465 6036 485
8465 6036 485
8465 6036 485
8465 6036 485
8465 6036 485
8465 6036 485
8465 6036 485
8465 6036 485
8465 6036 485
8465 6036 485
7795 7490 486
7795 7490 486
7795 7490 486
7795 7490 486
7795 7490 486
7795 7490 486
7795 7490 486
7795 7490 486
7795 7490 486
7795 7490 486
7795 7490 486
7795 7490 486
8682 6407 486
8682 6407 486
8682 6407 486
8682 6407 486
8682 6407 486
8682 6407 486
8682 6407 486
8682 6407 486
8682 6407 486
8682 6407 486
8682 6407 486
8682 6407 486
8682 6407 486
6521 7824 487
6521 7824 487
6521 7824 487
6521 7824 487
6521 7824 487
6521 7824 487
6521 7824 487
6521 7824 487
6521 7824 487
6521 7824 487
6521 7824 487
6521 7824 487
8763 5349 488
8763 5349 488
8763 5349 488
8763 5349 488
8763 5349 488
8763 5349 488
8763 5349 488
8763 5349 488
8763 5349 488
8763 5349 488
8763 5349 488
8763 5349 488
6009 7721 488
6009 7721 488
6009 7721 488
6009 7721 488
6009 7721 488
6009 7721 488
6009 7721 488
6009 7721 488
6009 7721 488
6009 7721 488
6009 7721 488
6009 7721 488
6544 7689 488
6544 7689 488
6544 7689 488
6544 7689 488
6544 7689 488
6544 7689 488
6544 7689 488
6544 7689 488
6544 7689 488
6544 7689 488
6544 7689 488
6544 7689 488
6544 7689 488
8763 5310 488
8763 5310 488
8763 5310 488
8763 5310 488
8763 5310 488
8763 5310 488
8763 5310 488
8763 5310 488
8763 5310 488
8763 5310 488
8763 5310 488
8763 5310 488
8679 6543 488
8679 6543 488
8679 6543 488
8679 6543 488
8679 6543 488
8679 6543 488
8679 6543 488
8679 6543 488
8679 6543 488
8679 6543 488
8679 6543 488
8679 6543 488
6521 6559 489
6521 6559 489
6521 6559 489
6521 6559 489
6521 6559 489
6521 6559 489
6521 6559 489
6521 6559 489
6521 6559 489
6521 6559 489
6521 6559 489
6521 6559 489
8449 5410 489
8449 5410 489
8449 5410 489
8449 5410 489
8449 5410 489
8449 5410 489
8449 5410 489
8449 5410 489
8449 5410 489
8449 5410 489
8449 5410 489
8449 5410 489
5417 8436 490
5417 8436 490
5417 8436 490
5417 8436 490
5417 8436 490
5417 8436 490
5417 8436 490
5417 8436 490
5417 8436 490
5417 8436 490
5417 8436 490
5417 8436 490
6064 5993 490
6064 5993 490
6064 5993 490
6064 5993 490
6064 5993 490
6064 5993 490
6064 5993 490
6064 5993 490
6064 5993 490
6064 5993 490
6064 5993 490
6064 5993 490
6064 5993 490
6508 7703 490
6508 7703 490
6508 7703 490
6508 7703 490
6508 7703 490
6508 7703 490
6508 7703 490
6508 7703 490
6508 7703 490
6508 7703 490
6508 7703 490
6508 7703 490
6508 7703 490
7847 7816 491
7847 7816 491
7847 7816 491
7847 7816 491
7847 7816 491
7847 7816 491
7847 7816 491
7847 7816 491
7847 7816 491
7847 7816 491
7847 7816 491
7847 7816 491
7695 6585 491
7695 6585 491
7695 6585 491
7695 6585 491
7695 6585 491
7695 6585 491
7695 6585 491
7695 6585 491
7695 6585 491
7695 6585 491
7695 6585 491
7695 6585 491
7695 6585 491
7756 7970 491
7756 7970 491
7756 7970 491
7756 7970 491
7756 7970 491
7756 7970 491
7756 7970 491
7756 7970 491
7756 7970 491
7756 7970 491
7756 7970 491
7756 7970 491
7497 7795 491
7497 7795 491
7497 7795 491
7497 7795 491
7497 7795 491
7497 7795 491
7497 7795 491
7497 7795 491
7497 7795 491
7497 7795 491
7497 7795 491
7497 7795 491
7497 7795 491
6597 5358 492
6597 5358 492
6597 5358 492
6597 5358 492
6597 5358 492
6597 5358 492
6597 5358 492
6597 5358 492
6597 5358 492
6597 5358 492
6597 5358 492
6597 5358 492
6597 5358 492
6596 7951 492
6596 7951 492
6596 7951 492
6596 7951 492
6596 7951 492
6596 7951 492
6596 7951 492
6596 7951 492
6596 7951 492
6596 7951 492
6596 7951 492
6596 7951 492
9155 5280 492
9155 5280 492
9155 5280 492
9155 5280 492
9155 5280 492
9155 5280 492
9155 5280 492
9155 5280 492
9155 5280 492
9155 5280 492
9155 5280 492
9155 5280 492
9155 5280 492
7927 7881 492
7927 7881 492
7927 7881 492
7927 7881 492
7927 7881 492
7927 7881 492
7927 7881 492
7927 7881 492
7927 7881 492
7927 7881 492
7927 7881 492
7927 7881 492
7927 7881 492
7679 7702 492
7679 7702 492
7679 7702 492
7679 7702 492
7679 7702 492
7679 7702 492
7679 7702 492
7679 7702 492
7679 7702 492
7679 7702 492
7679 7702 492
7679 7702 492
7679 7702 492
7702 7669 493
7702 7669 493
7702 7669 493
7702 7669 493
7702 7669 493
7702 7669 493
7702 7669 493
7702 7669 493
7702 7669 493
7702 7669 493
7702 7669 493
7702 7669 493
7702 7669 493
9143 6547 493
9143 6547 493
9143 6547 493
9143 6547 493
9143 6547 493
9143 6547 493
9143 6547 493
9143 6547 493
9143 6547 493
9143 6547 493
9143 6547 493
9143 6547 493
5413 5459 493
5413 5459 493
5413 5459 493
5413 5459 493
5413 5459 493
5413 5459 493
5413 5459 493
5413 5459 493
5413 5459 493
5413 5459 493
5413 5459 493
5413 5459 493
7743 7768 493
7743 7768 493
7743 7768 493
7743 7768 493
7743 7768 493
7743 7768 493
7743 7768 493
7743 7768 493
7743 7768 493
7743 7768 493
7743 7768 493
7743 7768 493
6566 8456 494
6566 8456 494
6566 8456 494
6566 8456 494
6566 8456 494
6566 8456 494
6566 8456 494
6566 8456 494
6566 8456 494
6566 8456 494
6566 8456 494
6566 8456 494
6566 8456 494
5544 5304 494
5544 5304 494
5544 5304 494
5544 5304 494
5544 5304 494
5544 5304 494
5544 5304 494
5544 5304 494
5544 5304 494
5544 5304 494
5544 5304 494
5544 5304 494
5544 5304 494
5444 5504 494
5444 5504 494
5444 5504 494
5444 5504 494
5444 5504 494
5444 5504 494
5444 5504 494
5444 5504 494
5444 5504 494
5444 5504 494
5444 5504 494
5444 5504 494
7742 7798 494
7742 7798 494
7742 7798 494
7742 7798 494
7742 7798 494
7742 7798 494
7742 7798 494
7742 7798 494
7742 7798 494
7742 7798 494
7742 7798 494
7742 7798 494
7742 7798 494
5463 5341 494
5463 5341 494
5463 5341 494
5463 5341 494
5463 5341 494
5463 5341 494
5463 5341 494
5463 5341 494
5463 5341 494
5463 5341 494
5463 5341 494
5463 5341 494
6585 5397 494
6585 5397 494
6585 5397 494
6585 5397 494
6585 5397 494
6585 5397 494
6585 5397 494
6585 5397 494
6585 5397 494
6585 5397 494
6585 5397 494
6585 5397 494
7753 5986 494
7753 5986 494
7753 5986 494
7753 5986 494
7753 5986 494
7753 5986 494
7753 5986 494
7753 5986 494
7753 5986 494
7753 5986 494
7753 5986 494
7753 5986 494
7753 5986 494
6380 7686 495
6380 7686 495
6380 7686 495
6380 7686 495
6380 7686 495
6380 7686 495
6380 7686 495
6380 7686 495
6380 7686 495
6380 7686 495
6380 7686 495
6380 7686 495
7698 8481 496
7698 8481 496
7698 8481 496
7698 8481 496
7698 8481 496
7698 8481 496
7698 8481 496
7698 8481 496
7698 8481 496
7698 8481 496
7698 8481 496
7698 8481 496
7727 7917 496
7727 7917 496
7727 7917 496
7727 7917 496
7727 7917 496
7727 7917 496
7727 7917 496
7727 7917 496
7727 7917 496
7727 7917 496
7727 7917 496
7727 7917 496
7727 7917 496
8440 6384 496
8440 6384 496
8440 6384 496
8440 6384 496
8440 6384 496
8440 6384 496
8440 6384 496
8440 6384 496
8440 6384 496
8440 6384 496
8440 6384 496
8440 6384 496
5288 9257 496
5288 9257 496
5288 9257 496
5288 9257 496
5288 9257 496
5288 9257 496
5288 9257 496
5288 9257 496
5288 9257 496
5288 9257 496
5288 9257 496
5288 9257 496
5288 9257 496
6592 7687 497
6592 7687 497
6592 7687 497
6592 7687 497
6592 7687 497
6592 7687 497
6592 7687 497
6592 7687 497
6592 7687 497
6592 7687 497
6592 7687 497
6592 7687 497
5444 5395 497
5444 5395 497
5444 5395 497
5444 5395 497
5444 5395 497
5444 5395 497
5444 5395 497
5444 5395 497
5444 5395 497
5444 5395 497
5444 5395 497
5444 5395 497
7709 8449 497
7709 8449 497
7709 8449 497
7709 8449 497
7709 8449 497
7709 8449 497
7709 8449 497
7709 8449 497
7709 8449 497
7709 8449 497
7709 8449 497
7709 8449 497
5300 5263 498
5300 5263 498
5300 5263 498
5300 5263 498
5300 5263 498
5300 5263 498
5300 5263 498
5300 5263 498
5300 5263 498
5300 5263 498
5300 5263 498
5300 5263 498
7823 7869 498
7823 7869 498
7823 7869 498
7823 7869 498
7823 7869 498
7823 7869 498
7823 7869 498
7823 7869 498
7823 7869 498
7823 7869 498
7823 7869 498
7823 7869 498
7786 7695 498
7786 7695 498
7786 7695 498
7786 7695 498
7786 7695 498
7786 7695 498
7786 7695 498
7786 7695 498
7786 7695 498
7786 7695 498
7786 7695 498
7786 7695 498
6310 7492 498
6310 7492 498
6310 7492 498
6310 7492 498
6310 7492 498
6310 7492 498
6310 7492 498
6310 7492 498
6310 7492 498
6310 7492 498
6310 7492 498
6310 7492 498
6310 7492 498
7862 7633 498
7862 7633 498
7862 7633 498
7862 7633 498
7862 7633 498
7862 7633 498
7862 7633 498
7862 7633 498
7862 7633 498
7862 7633 498
7862 7633 498
7862 7633 498
7862 7633 498
6325 6485 499
6325 6485 499
6325 6485 499
6325 6485 499
6325 6485 499
6325 6485 499
6325 6485 499
6325 6485 499
6325 6485 499
6325 6485 499
6325 6485 499
6325 6485 499
6325 6485 499
7882 7810 500
7882 7810 500
7882 7810 500
7882 7810 500
7882 7810 500
7882 7810 500
7882 7810 500
7882 7810 500
7882 7810 500
7882 7810 500
7882 7810 500
7882 7810 500
7731 7815 500
7731 7815 500
7731 7815 500
7731 7815 500
7731 7815 500
7731 7815 500
7731 7815 500
7731 7815 500
7731 7815 500
7731 7815 500
7731 7815 500
7731 7815 500
8458 7752 500
8458 7752 500
8458 7752 500
8458 7752 500
8458 7752 500
8458 7752 500
8458 7752 500
8458 7752 500
8458 7752 500
8458 7752 500
8458 7752 500
8458 7752 500
8458 7752 500
7768 6011 500
7768 6011 500
7768 6011 500
7768 6011 500
7768 6011 500
7768 6011 500
7768 6011 500
7768 6011 500
7768 6011 500
7768 6011 500
7768 6011 500
7768 6011 500
7768 6011 500
6407 6390 501
6407 6390 501
6407 6390 501
6407 6390 501
6407 6390 501
6407 6390 501
6407 6390 501
6407 6390 501
6407 6390 501
6407 6390 501
6407 6390 501
6407 6390 501
6526 6560 502
6526 6560 502
6526 6560 502
6526 6560 502
6526 6560 502
6526 6560 502
6526 6560 502
6526 6560 502
6526 6560 502
6526 6560 502
6526 6560 502
6526 6560 502
6603 5354 502
6603 5354 502
6603 5354 502
6603 5354 502
6603 5354 502
6603 5354 502
6603 5354 502
6603 5354 502
6603 5354 502
6603 5354 502
6603 5354 502
6603 5354 502
6603 5354 502
5414 5487 502
5414 5487 502
5414 5487 502
5414 5487 502
5414 5487 502
5414 5487 502
5414 5487 502
5414 5487 502
5414 5487 502
5414 5487 502
5414 5487 502
5414 5487 502
5414 5487 502
7452 6466 502
7452 6466 502
7452 6466 502
7452 6466 502
7452 6466 502
7452 6466 502
7452 6466 502
7452 6466 502
7452 6466 502
7452 6466 502
7452 6466 502
7452 6466 502
5305 5242 503
5305 5242 503
5305 5242 503
5305 5242 503
5305 5242 503
5305 5242 503
5305 5242 503
5305 5242 503
5305 5242 503
5305 5242 503
5305 5242 503
5305 5242 503
5307 5430 503
5307 5430 503
5307 5430 503
5307 5430 503
5307 5430 503
5307 5430 503
5307 5430 503
5307 5430 503
5307 5430 503
5307 5430 503
5307 5430 503
5307 5430 503
5998 7777 503
5998 7777 503
5998 7777 503
5998 7777 503
5998 7777 503
5998 7777 503
5998 7777 503
5998 7777 503
5998 7777 503
5998 7777 503
5998 7777 503
5998 7777 503
6469 7473 504
6469 7473 504
6469 7473 504
6469 7473 504
6469 7473 504
6469 7473 504
6469 7473 504
6469 7473 504
6469 7473 504
6469 7473 504
6469 7473 504
6469 7473 504
6469 7473 504
6580 8437 504
6580 8437 504
6580 8437 504
6580 8437 504
6580 8437 504
6580 8437 504
6580 8437 504
6580 8437 504
6580 8437 504
6580 8437 504
6580 8437 504
6580 8437 504
7700 6602 504
7700 6602 504
7700 6602 504
7700 6602 504
7700 6602 504
7700 6602 504
7700 6602 504
7700 6602 504
7700 6602 504
7700 6602 504
7700 6602 504
7700 6602 504
6559 7720 505
6559 7720 505
6559 7720 505
6559 7720 505
6559 7720 505
6559 7720 505
6559 7720 505
6559 7720 505
6559 7720 505
6559 7720 505
6559 7720 505
6559 7720 505
7751 6605 505
7751 6605 505
7751 6605 505
7751 6605 505
7751 6605 505
7751 6605 505
7751 6605 505
7751 6605 505
7751 6605 505
7751 6605 505
7751 6605 505
7751 6605 505
8710 6545 505
8710 6545 505
8710 6545 505
8710 6545 505
8710 6545 505
8710 6545 505
8710 6545 505
8710 6545 505
8710 6545 505
8710 6545 505
8710 6545 505
8710 6545 505
9268 9187 505
9268 9187 505
9268 9187 505
9268 9187 505
9268 9187 505
9268 9187 505
9268 9187 505
9268 9187 505
9268 9187 505
9268 9187 505
9268 9187 505
9268 9187 505
9268 9187 505
7646 7799 505
7646 7799 505
7646 7799 505
7646 7799 505
7646 7799 505
7646 7799 505
7646 7799 505
7646 7799 505
7646 7799 505
7646 7799 505
7646 7799 505
7646 7799 505
7646 7799 505
6387 6543 505
6387 6543 505
6387 6543 505
6387 6543 505
6387 6543 505
6387 6543 505
6387 6543 505
6387 6543 505
6387 6543 505
6387 6543 505
6387 6543 505
6387 6543 505
6479 6525 506
6479 6525 506
6479 6525 506
6479 6525 506
6479 6525 506
6479 6525 506
6479 6525 506
6479 6525 506
6479 6525 506
6479 6525 506
6479 6525 506
6479 6525 506
6479 6525 506
7749 6599 506
7749 6599 506
7749 6599 506
7749 6599 506
7749 6599 506
7749 6599 506
7749 6599 506
7749 6599 506
7749 6599 506
7749 6599 506
7749 6599 506
7749 6599 506
8665 6591 507
8665 6591 507
8665 6591 507
8665 6591 507
8665 6591 507
8665 6591 507
8665 6591 507
8665 6591 507
8665 6591 507
8665 6591 507
8665 6591 507
8665 6591 507
7735 8472 507
7735 8472 507
7735 8472 507
7735 8472 507
7735 8472 507
7735 8472 507
7735 8472 507
7735 8472 507
7735 8472 507
7735 8472 507
7735 8472 507
7735 8472 507
5359 6544 507
5359 6544 507
5359 6544 507
5359 6544 507
5359 6544 507
5359 6544 507
5359 6544 507
5359 6544 507
5359 6544 507
5359 6544 507
5359 6544 507
5359 6544 507
5359 6544 507
6365 6474 507
6365 6474 507
6365 6474 507
6365 6474 507
6365 6474 507
6365 6474 507
6365 6474 507
6365 6474 507
6365 6474 507
6365 6474 507
6365 6474 507
6365 6474 507
6508 7749 508
6508 7749 508
6508 7749 508
6508 7749 508
6508 7749 508
6508 7749 508
6508 7749 508
6508 7749 508
6508 7749 508
6508 7749 508
6508 7749 508
6508 7749 508
6508 7749 508
5430 8462 508
5430 8462 508
5430 8462 508
5430 8462 508
5430 8462 508
5430 8462 508
5430 8462 508
5430 8462 508
5430 8462 508
5430 8462 508
5430 8462 508
5430 8462 508
5522 5388 508
5522 5388 508
5522 5388 508
5522 5388 508
5522 5388 508
5522 5388 508
5522 5388 508
5522 5388 508
5522 5388 508
5522 5388 508
5522 5388 508
5522 5388 508
7704 7817 509
7704 7817 509
7704 7817 509
7704 7817 509
7704 7817 509
7704 7817 509
7704 7817 509
7704 7817 509
7704 7817 509
7704 7817 509
7704 7817 509
7704 7817 509
7688 6607 509
7688 6607 509
7688 6607 509
7688 6607 509
7688 6607 509
7688 6607 509
7688 6607 509
7688 6607 509
7688 6607 509
7688 6607 509
7688 6607 509
7688 6607 509
7634 7832 509
7634 7832 509
7634 7832 509
7634 7832 509
7634 7832 509
7634 7832 509
7634 7832 509
7634 7832 509
7634 7832 509
7634 7832 509
7634 7832 509
7634 7832 509
7634 7832 509
5391 7724 509
5391 7724 509
5391 7724 509
5391 7724 509
5391 7724 509
5391 7724 509
5391 7724 509
5391 7724 509
5391 7724 509
5391 7724 509
5391 7724 509
5391 7724 509
8474 7690 509
8474 7690 509
8474 7690 509
8474 7690 509
8474 7690 509
8474 7690 509
8474 7690 509
8474 7690 509
8474 7690 509
8474 7690 509
8474 7690 509
8474 7690 509
5257 8452 510
5257 8452 510
5257 8452 510
5257 8452 510
5257 8452 510
5257 8452 510
5257 8452 510
5257 8452 510
5257 8452 510
5257 8452 510
5257 8452 510
5257 8452 510
5276 5400 510
5276 5400 510
5276 5400 510
5276 5400 510
5276 5400 510
5276 5400 510
5276 5400 510
5276 5400 510
5276 5400 510
5276 5400 510
5276 5400 510
5276 5400 510
7894 8355 510
7894 8355 510
7894 8355 510
7894 8355 510
7894 8355 510
7894 8355 510
7894 8355 510
7894 8355 510
7894 8355 510
7894 8355 510
7894 8355 510
7894 8355 510
7894 8355 510
7833 7858 510
7833 7858 510
7833 7858 510
7833 7858 510
7833 7858 510
7833 7858 510
7833 7858 510
7833 7858 510
7833 7858 510
7833 7858 510
7833 7858 510
7833 7858 510
5411 5374 510
5411 5374 510
5411 5374 510
5411 5374 510
5411 5374 510
5411 5374 510
5411 5374 510
5411 5374 510
5411 5374 510
5411 5374 510
5411 5374 510
5411 5374 510
5411 5374 510
6513 7689 510
6513 7689 510
6513 7689 510
6513 7689 510
6513 7689 510
6513 7689 510
6513 7689 510
6513 7689 510
6513 7689 510
6513 7689 510
6513 7689 510
6513 7689 510
6513 7689 510
6563 7698 511
6563 7698 511
6563 7698 511
6563 7698 511
6563 7698 511
6563 7698 511
6563 7698 511
6563 7698 511
6563 7698 511
6563 7698 511
6563 7698 511
6563 7698 511
6563 7698 511
8466 5360 512
8466 5360 512
8466 5360 512
8466 5360 512
8466 5360 512
8466 5360 512
8466 5360 512
8466 5360 512
8466 5360 512
8466 5360 512
8466 5360 512
8466 5360 512
8466 5360 512
7834 6444 512
7834 6444 512
7834 6444 512
7834 6444 512
7834 6444 512
7834 6444 512
7834 6444 512
7834 6444 512
7834 6444 512
7834 6444 512
7834 6444 512
7834 6444 512
6604 6512 513
6604 6512 513
6604 6512 513
6604 6512 513
6604 6512 513
6604 6512 513
6604 6512 513
6604 6512 513
6604 6512 513
6604 6512 513
6604 6512 513
6604 6512 513
6604 6512 513
7971 7840 514
7971 7840 514
7971 7840 514
7971 7840 514
7971 7840 514
7971 7840 514
7971 7840 514
7971 7840 514
7971 7840 514
7971 7840 514
7971 7840 514
7971 7840 514
5298 9202 514
5298 9202 514
5298 9202 514
5298 9202 514
5298 9202 514
5298 9202 514
5298 9202 514
5298 9202 514
5298 9202 514
5298 9202 514
5298 9202 514
5298 9202 514
5298 9202 514
7976 7882 514
7976 7882 514
7976 7882 514
7976 7882 514
7976 7882 514
7976 7882 514
7976 7882 514
7976 7882 514
7976 7882 514
7976 7882 514
7976 7882 514
7976 7882 514
7976 7882 514
5280 5488 514
5280 5488 514
5280 5488 514
5280 5488 514
5280 5488 514
5280 5488 514
5280 5488 514
5280 5488 514
5280 5488 514
5280 5488 514
5280 5488 514
5280 5488 514
5318 5506 514
5318 5506 514
5318 5506 514
5318 5506 514
5318 5506 514
5318 5506 514
5318 5506 514
5318 5506 514
5318 5506 514
5318 5506 514
5318 5506 514
5318 5506 514
8769 8797 515
8769 8797 515
8769 8797 515
8769 8797 515
8769 8797 515
8769 8797 515
8769 8797 515
8769 8797 515
8769 8797 515
8769 8797 515
8769 8797 515
8769 8797 515
8769 8797 515
6600 6554 515
6600 6554 515
6600 6554 515
6600 6554 515
6600 6554 515
6600 6554 515
6600 6554 515
6600 6554 515
6600 6554 515
6600 6554 515
6600 6554 515
6600 6554 515
5442 5290 515
5442 5290 515
5442 5290 515
5442 5290 515
5442 5290 515
5442 5290 515
5442 5290 515
5442 5290 515
5442 5290 515
5442 5290 515
5442 5290 515
5442 5290 515
8710 5267 515
8710 5267 515
8710 5267 515
8710 5267 515
8710 5267 515
8710 5267 515
8710 5267 515
8710 5267 515
8710 5267 515
8710 5267 515
8710 5267 515
8710 5267 515
8710 5267 515
7758 8456 516
7758 8456 516
7758 8456 516
7758 8456 516
7758 8456 516
7758 8456 516
7758 8456 516
7758 8456 516
7758 8456 516
7758 8456 516
7758 8456 516
7758 8456 516
7758 8456 516
8355 7659 516
8355 7659 516
8355 7659 516
8355 7659 516
8355 7659 516
8355 7659 516
8355 7659 516
8355 7659 516
8355 7659 516
8355 7659 516
8355 7659 516
8355 7659 516
8355 7659 516
5985 5280 517
5985 5280 517
5985 5280 517
5985 5280 517
5985 5280 517
5985 5280 517
5985 5280 517
5985 5280 517
5985 5280 517
5985 5280 517
5985 5280 517
5985 5280 517
6597 6524 517
6597 6524 517
6597 6524 517
6597 6524 517
6597 6524 517
6597 6524 517
6597 6524 517
6597 6524 517
6597 6524 517
6597 6524 517
6597 6524 517
6597 6524 517
6597 6524 517
6551 5254 517
6551 5254 517
6551 5254 517
6551 5254 517
6551 5254 517
6551 5254 517
6551 5254 517
6551 5254 517
6551 5254 517
6551 5254 517
6551 5254 517
6551 5254 517
7800 6505 517
7800 6505 517
7800 6505 517
7800 6505 517
7800 6505 517
7800 6505 517
7800 6505 517
7800 6505 517
7800 6505 517
7800 6505 517
7800 6505 517
7800 6505 517
6563 6002 518
6563 6002 518
6563 6002 518
6563 6002 518
6563 6002 518
6563 6002 518
6563 6002 518
6563 6002 518
6563 6002 518
6563 6002 518
6563 6002 518
6563 6002 518
8477 6602 518
8477 6602 518
8477 6602 518
8477 6602 518
8477 6602 518
8477 6602 518
8477 6602 518
8477 6602 518
8477 6602 518
8477 6602 518
8477 6602 518
8477 6602 518
7915 7683 518
7915 7683 518
7915 7683 518
7915 7683 518
7915 7683 518
7915 7683 518
7915 7683 518
7915 7683 518
7915 7683 518
7915 7683 518
7915 7683 518
7915 7683 518
9159 5279 518
9159 5279 518
9159 5279 518
9159 5279 518
9159 5279 518
9159 5279 518
9159 5279 518
9159 5279 518
9159 5279 518
9159 5279 518
9159 5279 518
9159 5279 518
9159 5279 518
6038 7725 519
6038 7725 519
6038 7725 519
6038 7725 519
6038 7725 519
6038 7725 519
6038 7725 519
6038 7725 519
6038 7725 519
6038 7725 519
6038 7725 519
6038 7725 519
6038 7725 519
7678 5924 519
7678 5924 519
7678 5924 519
7678 5924 519
7678 5924 519
7678 5924 519
7678 5924 519
7678 5924 519
7678 5924 519
7678 5924 519
7678 5924 519
7678 5924 519
6586 6555 520
6586 6555 520
6586 6555 520
6586 6555 520
6586 6555 520
6586 6555 520
6586 6555 520
6586 6555 520
6586 6555 520
6586 6555 520
6586 6555 520
6586 6555 520
6586 6555 520
7700 6582 520
7700 6582 520
7700 6582 520
7700 6582 520
7700 6582 520
7700 6582 520
7700 6582 520
7700 6582 520
7700 6582 520
7700 6582 520
7700 6582 520
7700 6582 520
6507 8459 521
6507 8459 521
6507 8459 521
6507 8459 521
6507 8459 521
6507 8459 521
6507 8459 521
6507 8459 521
6507 8459 521
6507 8459 521
6507 8459 521
6507 8459 521
5280 8447 521
5280 8447 521
5280 8447 521
5280 8447 521
5280 8447 521
5280 8447 521
5280 8447 521
5280 8447 521
5280 8447 521
5280 8447 521
5280 8447 521
5280 8447 521
5280 8447 521
5285 5399 521
5285 5399 521
5285 5399 521
5285 5399 521
5285 5399 521
5285 5399 521
5285 5399 521
5285 5399 521
5285 5399 521
5285 5399 521
5285 5399 521
5285 5399 521
6037 5359 521
6037 5359 521
6037 5359 521
6037 5359 521
6037 5359 521
6037 5359 521
6037 5359 521
6037 5359 521
6037 5359 521
6037 5359 521
6037 5359 521
6037 5359 521
6037 5359 521
7739 7769 521
7739 7769 521
7739 7769 521
7739 7769 521
7739 7769 521
7739 7769 521
7739 7769 521
7739 7769 521
7739 7769 521
7739 7769 521
7739 7769 521
7739 7769 521
7739 7769 521
5310 5415 522
5310 5415 522
5310 5415 522
5310 5415 522
5310 5415 522
5310 5415 522
5310 5415 522
5310 5415 522
5310 5415 522
5310 5415 522
5310 5415 522
5310 5415 522
5310 5415 522
5397 5359 522
5397 5359 522
5397 5359 522
5397 5359 522
5397 5359 522
5397 5359 522
5397 5359 522
5397 5359 522
5397 5359 522
5397 5359 522
5397 5359 522
5397 5359 522
5280 5552 522
5280 5552 522
5280 5552 522
5280 5552 522
5280 5552 522
5280 5552 522
5280 5552 522
5280 5552 522
5280 5552 522
5280 5552 522
5280 5552 522
5280 5552 522
6548 5244 522
6548 5244 522
6548 5244 522
6548 5244 522
6548 5244 522
6548 5244 522
6548 5244 522
6548 5244 522
6548 5244 522
6548 5244 522
6548 5244 522
6548 5244 522
5522 5309 523
5522 5309 523
5522 5309 523
5522 5309 523
5522 5309 523
5522 5309 523
5522 5309 523
5522 5309 523
5522 5309 523
5522 5309 523
5522 5309 523
5522 5309 523
5522 5309 523
7881 7867 523
7881 7867 523
7881 7867 523
7881 7867 523
7881 7867 523
7881 7867 523
7881 7867 523
7881 7867 523
7881 7867 523
7881 7867 523
7881 7867 523
7881 7867 523
7909 7903 523
7909 7903 523
7909 7903 523
7909 7903 523
7909 7903 523
7909 7903 523
7909 7903 523
7909 7903 523
7909 7903 523
7909 7903 523
7909 7903 523
7909 7903 523
7909 7903 523
7698 7835 523
7698 7835 523
7698 7835 523
7698 7835 523
7698 7835 523
7698 7835 523
7698 7835 523
7698 7835 523
7698 7835 523
7698 7835 523
7698 7835 523
7698 7835 523
7692 7731 524
7692 7731 524
7692 7731 524
7692 7731 524
7692 7731 524
7692 7731 524
7692 7731 524
7692 7731 524
7692 7731 524
7692 7731 524
7692 7731 524
7692 7731 524
7692 7731 524
5293 5472 524
5293 5472 524
5293 5472 524
5293 5472 524
5293 5472 524
5293 5472 524
5293 5472 524
5293 5472 524
5293 5472 524
5293 5472 524
5293 5472 524
5293 5472 524
5293 5472 524
5356 6531 524
5356 6531 524
5356 6531 524
5356 6531 524
5356 6531 524
5356 6531 524
5356 6531 524
5356 6531 524
5356 6531 524
5356 6531 524
5356 6531 524
5356 6531 524
5361 6015 524
5361 6015 524
5361 6015 524
5361 6015 524
5361 6015 524
5361 6015 524
5361 6015 524
5361 6015 524
5361 6015 524
5361 6015 524
5361 6015 524
5361 6015 524
5361 6015 524
7732 7892 525
7732 7892 525
7732 7892 525
7732 7892 525
7732 7892 525
7732 7892 525
7732 7892 525
7732 7892 525
7732 7892 525
7732 7892 525
7732 7892 525
7732 7892 525
6320 6472 525
6320 6472 525
6320 6472 525
6320 6472 525
6320 6472 525
6320 6472 525
6320 6472 525
6320 6472 525
6320 6472 525
6320 6472 525
6320 6472 525
6320 6472 525
6320 6472 525
6561 7752 526
6561 7752 526
6561 7752 526
6561 7752 526
6561 7752 526
6561 7752 526
6561 7752 526
6561 7752 526
6561 7752 526
6561 7752 526
6561 7752 526
6561 7752 526
7739 7760 526
7739 7760 526
7739 7760 526
7739 7760 526
7739 7760 526
7739 7760 526
7739 7760 526
7739 7760 526
7739 7760 526
7739 7760 526
7739 7760 526
7739 7760 526
8444 6047 526
8444 6047 526
8444 6047 526
8444 6047 526
8444 6047 526
8444 6047 526
8444 6047 526
8444 6047 526
8444 6047 526
8444 6047 526
8444 6047 526
8444 6047 526
8444 6047 526
5423 5355 526
5423 5355 526
5423 5355 526
5423 5355 526
5423 5355 526
5423 5355 526
5423 5355 526
5423 5355 526
5423 5355 526
5423 5355 526
5423 5355 526
5423 5355 526
5991 6581 526
5991 6581 526
5991 6581 526
5991 6581 526
5991 6581 526
5991 6581 526
5991 6581 526
5991 6581 526
5991 6581 526
5991 6581 526
5991 6581 526
5991 6581 526
7939 7732 526
7939 7732 526
7939 7732 526
7939 7732 526
7939 7732 526
7939 7732 526
7939 7732 526
7939 7732 526
7939 7732 526
7939 7732 526
7939 7732 526
7939 7732 526
7939 7732 526
6562 8438 527
6562 8438 527
6562 8438 527
6562 8438 527
6562 8438 527
6562 8438 527
6562 8438 527
6562 8438 527
6562 8438 527
6562 8438 527
6562 8438 527
6562 8438 527
6562 8438 527
9144 9608 527
9144 9608 527
9144 9608 527
9144 9608 527
9144 9608 527
9144 9608 527
9144 9608 527
9144 9608 527
9144 9608 527
9144 9608 527
9144 9608 527
9144 9608 527
9144 9608 527
9257 5465 527
9257 5465 527
9257 5465 527
9257 5465 527
9257 5465 527
9257 5465 527
9257 5465 527
9257 5465 527
9257 5465 527
9257 5465 527
9257 5465 527
9257 5465 527
9257 5465 527
7861 7912 527
7861 7912 527
7861 7912 527
7861 7912 527
7861 7912 527
7861 7912 527
7861 7912 527
7861 7912 527
7861 7912 527
7861 7912 527
7861 7912 527
7861 7912 527
6538 6506 527
6538 6506 527
6538 6506 527
6538 6506 527
6538 6506 527
6538 6506 527
6538 6506 527
6538 6506 527
6538 6506 527
6538 6506 527
6538 6506 527
6538 6506 527
6506 7480 527
6506 7480 527
6506 7480 527
6506 7480 527
6506 7480 527
6506 7480 527
6506 7480 527
6506 7480 527
6506 7480 527
6506 7480 527
6506 7480 527
6506 7480 527
7887 7787 527
7887 7787 527
7887 7787 527
7887 7787 527
7887 7787 527
7887 7787 527
7887 7787 527
7887 7787 527
7887 7787 527
7887 7787 527
7887 7787 527
7887 7787 527
7887 7787 527
7816 7943 527
7816 7943 527
7816 7943 527
7816 7943 527
7816 7943 527
7816 7943 527
7816 7943 527
7816 7943 527
7816 7943 527
7816 7943 527
7816 7943 527
7816 7943 527
7816 7943 527
5295 9258 528
5295 9258 528
5295 9258 528
5295 9258 528
5295 9258 528
5295 9258 528
5295 9258 528
5295 9258 528
5295 9258 528
5295 9258 528
5295 9258 528
5295 9258 528
5364 6596 528
5364 6596 528
5364 6596 528
5364 6596 528
5364 6596 528
5364 6596 528
5364 6596 528
5364 6596 528
5364 6596 528
5364 6596 528
5364 6596 528
5364 6596 528
8436 8711 528
8436 8711 528
8436 8711 528
8436 8711 528
8436 8711 528
8436 8711 528
8436 8711 528
8436 8711 528
8436 8711 528
8436 8711 528
8436 8711 528
8436 8711 528
8436 8711 528
7769 5433 528
7769 5433 528
7769 5433 528
7769 5433 528
7769 5433 528
7769 5433 528
7769 5433 528
7769 5433 528
7769 5433 528
7769 5433 528
7769 5433 528
7769 5433 528
7769 5433 528
5986 5392 528
5986 5392 528
5986 5392 528
5986 5392 528
5986 5392 528
5986 5392 528
5986 5392 528
5986 5392 528
5986 5392 528
5986 5392 528
5986 5392 528
5986 5392 528
6499 6483 529
6499 6483 529
6499 6483 529
6499 6483 529
6499 6483 529
6499 6483 529
6499 6483 529
6499 6483 529
6499 6483 529
6499 6483 529
6499 6483 529
6499 6483 529
6499 6483 529
6363 6563 529
6363 6563 529
6363 6563 529
6363 6563 529
6363 6563 529
6363 6563 529
6363 6563 529
6363 6563 529
6363 6563 529
6363 6563 529
6363 6563 529
6363 6563 529
6363 6563 529
5444 5301 529
5444 5301 529
5444 5301 529
5444 5301 529
5444 5301 529
5444 5301 529
5444 5301 529
5444 5301 529
5444 5301 529
5444 5301 529
5444 5301 529
5444 5301 529
5444 5301 529
5280 5417 529
5280 5417 529
5280 5417 529
5280 5417 529
5280 5417 529
5280 5417 529
5280 5417 529
5280 5417 529
5280 5417 529
5280 5417 529
5280 5417 529
5280 5417 529
5280 5417 529
7697 6609 531
7697 6609 531
7697 6609 531
7697 6609 531
7697 6609 531
7697 6609 531
7697 6609 531
7697 6609 531
7697 6609 531
7697 6609 531
7697 6609 531
7697 6609 531
7697 6609 531
7747 7676 531
7747 7676 531
7747 7676 531
7747 7676 531
7747 7676 531
7747 7676 531
7747 7676 531
7747 7676 531
7747 7676 531
7747 7676 531
7747 7676 531
7747 7676 531
6533 7755 531
6533 7755 531
6533 7755 531
6533 7755 531
6533 7755 531
6533 7755 531
6533 7755 531
6533 7755 531
6533 7755 531
6533 7755 531
6533 7755 531
6533 7755 531
5292 5354 531
5292 5354 531
5292 5354 531
5292 5354 531
5292 5354 531
5292 5354 531
5292 5354 531
5292 5354 531
5292 5354 531
5292 5354 531
5292 5354 531
5292 5354 531
8465 7958 531
8465 7958 531
8465 7958 531
8465 7958 531
8465 7958 531
8465 7958 531
8465 7958 531
8465 7958 531
8465 7958 531
8465 7958 531
8465 7958 531
8465 7958 531
7716 7807 531
7716 7807 531
7716 7807 531
7716 7807 531
7716 7807 531
7716 7807 531
7716 7807 531
7716 7807 531
7716 7807 531
7716 7807 531
7716 7807 531
7716 7807 531
5311 5376 531
5311 5376 531
5311 5376 531
5311 5376 531
5311 5376 531
5311 5376 531
5311 5376 531
5311 5376 531
5311 5376 531
5311 5376 531
5311 5376 531
5311 5376 531
5400 8470 532
5400 8470 532
5400 8470 532
5400 8470 532
5400 8470 532
5400 8470 532
5400 8470 532
5400 8470 532
5400 8470 532
5400 8470 532
5400 8470 532
5400 8470 532
9672 7757 532
9672 7757 532
9672 7757 532
9672 7757 532
9672 7757 532
9672 7757 532
9672 7757 532
9672 7757 532
9672 7757 532
9672 7757 532
9672 7757 532
9672 7757 532
9672 7757 532
6520 6486 533
6520 6486 533
6520 6486 533
6520 6486 533
6520 6486 533
6520 6486 533
6520 6486 533
6520 6486 533
6520 6486 533
6520 6486 533
6520 6486 533
6520 6486 533
6520 6486 533
5270 5256 533
5270 5256 533
5270 5256 533
5270 5256 533
5270 5256 533
5270 5256 533
5270 5256 533
5270 5256 533
5270 5256 533
5270 5256 533
5270 5256 533
5270 5256 533
5270 5256 533
5439 5354 534
5439 5354 534
5439 5354 534
5439 5354 534
5439 5354 534
5439 5354 534
5439 5354 534
5439 5354 534
5439 5354 534
5439 5354 534
5439 5354 534
5439 5354 534
5439 5354 534
7515 7667 534
7515 7667 534
7515 7667 534
7515 7667 534
7515 7667 534
7515 7667 534
7515 7667 534
7515 7667 534
7515 7667 534
7515 7667 534
7515 7667 534
7515 7667 534
7515 7667 534
6022 5448 534
6022 5448 534
6022 5448 534
6022 5448 534
6022 5448 534
6022 5448 534
6022 5448 534
6022 5448 534
6022 5448 534
6022 5448 534
6022 5448 534
6022 5448 534
7784 6594 534
7784 6594 534
7784 6594 534
7784 6594 534
7784 6594 534
7784 6594 534
7784 6594 534
7784 6594 534
7784 6594 534
7784 6594 534
7784 6594 534
7784 6594 534
7784 6594 534
7762 5397 534
7762 5397 534
7762 5397 534
7762 5397 534
7762 5397 534
7762 5397 534
7762 5397 534
7762 5397 534
7762 5397 534
7762 5397 534
7762 5397 534
7762 5397 534
6541 8770 535
6541 8770 535
6541 8770 535
6541 8770 535
6541 8770 535
6541 8770 535
6541 8770 535
6541 8770 535
6541 8770 535
6541 8770 535
6541 8770 535
6541 8770 535
5332 5452 535
5332 5452 535
5332 5452 535
5332 5452 535
5332 5452 535
5332 5452 535
5332 5452 535
5332 5452 535
5332 5452 535
5332 5452 535
5332 5452 535
5332 5452 535
5272 5359 536
5272 5359 536
5272 5359 536
5272 5359 536
5272 5359 536
5272 5359 536
5272 5359 536
5272 5359 536
5272 5359 536
5272 5359 536
5272 5359 536
5272 5359 536
7721 7633 536
7721 7633 536
7721 7633 536
7721 7633 536
7721 7633 536
7721 7633 536
7721 7633 536
7721 7633 536
7721 7633 536
7721 7633 536
7721 7633 536
7721 7633 536
6582 6565 536
6582 6565 536
6582 6565 536
6582 6565 536
6582 6565 536
6582 6565 536
6582 6565 536
6582 6565 536
6582 6565 536
6582 6565 536
6582 6565 536
6582 6565 536
6582 6565 536
6012 6041 536
6012 6041 536
6012 6041 536
6012 6041 536
6012 6041 536
6012 6041 536
6012 6041 536
6012 6041 536
6012 6041 536
6012 6041 536
6012 6041 536
6012 6041 536
6012 5547 536
6012 5547 536
6012 5547 536
6012 5547 536
6012 5547 536
6012 5547 536
6012 5547 536
6012 5547 536
6012 5547 536
6012 5547 536
6012 5547 536
6012 5547 536
5432 5539 537
5432 5539 537
5432 5539 537
5432 5539 537
5432 5539 537
5432 5539 537
5432 5539 537
5432 5539 537
5432 5539 537
5432 5539 537
5432 5539 537
5432 5539 537
7768 6588 537
7768 6588 537
7768 6588 537
7768 6588 537
7768 6588 537
7768 6588 537
7768 6588 537
7768 6588 537
7768 6588 537
7768 6588 537
7768 6588 537
7768 6588 537
5924 8459 537
5924 8459 537
5924 8459 537
5924 8459 537
5924 8459 537
5924 8459 537
5924 8459 537
5924 8459 537
5924 8459 537
5924 8459 537
5924 8459 537
5924 8459 537
5924 8459 537
6609 8436 538
6609 8436 538
6609 8436 538
6609 8436 538
6609 8436 538
6609 8436 538
6609 8436 538
6609 8436 538
6609 8436 538
6609 8436 538
6609 8436 538
6609 8436 538
7693 6453 538
7693 6453 538
7693 6453 538
7693 6453 538
7693 6453 538
7693 6453 538
7693 6453 538
7693 6453 538
7693 6453 538
7693 6453 538
7693 6453 538
7693 6453 538
5493 5271 539
5493 5271 539
5493 5271 539
5493 5271 539
5493 5271 539
5493 5271 539
5493 5271 539
5493 5271 539
5493 5271 539
5493 5271 539
5493 5271 539
5493 5271 539
5493 5271 539
6450 6478 539
6450 6478 539
6450 6478 539
6450 6478 539
6450 6478 539
6450 6478 539
6450 6478 539
6450 6478 539
6450 6478 539
6450 6478 539
6450 6478 539
6450 6478 539
7720 5417 539
7720 5417 539
7720 5417 539
7720 5417 539
7720 5417 539
7720 5417 539
7720 5417 539
7720 5417 539
7720 5417 539
7720 5417 539
7720 5417 539
7720 5417 539
7720 5417 539
7907 7900 539
7907 7900 539
7907 7900 539
7907 7900 539
7907 7900 539
7907 7900 539
7907 7900 539
7907 7900 539
7907 7900 539
7907 7900 539
7907 7900 539
7907 7900 539
7907 7900 539
5358 8767 540
5358 8767 540
5358 8767 540
5358 8767 540
5358 8767 540
5358 8767 540
5358 8767 540
5358 8767 540
5358 8767 540
5358 8767 540
5358 8767 540
5358 8767 540
6573 7773 540
6573 7773 540
6573 7773 540
6573 7773 540
6573 7773 540
6573 7773 540
6573 7773 540
6573 7773 540
6573 7773 540
6573 7773 540
6573 7773 540
6573 7773 540
6573 7773 540
8457 5251 540
8457 5251 540
8457 5251 540
8457 5251 540
8457 5251 540
8457 5251 540
8457 5251 540
8457 5251 540
8457 5251 540
8457 5251 540
8457 5251 540
8457 5251 540
8457 5251 540
6593 5995 541
6593 5995 541
6593 5995 541
6593 5995 541
6593 5995 541
6593 5995 541
6593 5995 541
6593 5995 541
6593 5995 541
6593 5995 541
6593 5995 541
6593 5995 541
6595 6578 541
6595 6578 541
6595 6578 541
6595 6578 541
6595 6578 541
6595 6578 541
6595 6578 541
6595 6578 541
6595 6578 541
6595 6578 541
6595 6578 541
6595 6578 541
6595 6578 541
5794 5316 541
5794 5316 541
5794 5316 541
5794 5316 541
5794 5316 541
5794 5316 541
5794 5316 541
5794 5316 541
5794 5316 541
5794 5316 541
5794 5316 541
5794 5316 541
5794 5316 541
6605 7948 541
6605 7948 541
6605 7948 541
6605 7948 541
6605 7948 541
6605 7948 541
6605 7948 541
6605 7948 541
6605 7948 541
6605 7948 541
6605 7948 541
6605 7948 541
6605 7948 541
6482 6521 541
6482 6521 541
6482 6521 541
6482 6521 541
6482 6521 541
6482 6521 541
6482 6521 541
6482 6521 541
6482 6521 541
6482 6521 541
6482 6521 541
6482 6521 541
5403 8452 542
5403 8452 542
5403 8452 542
5403 8452 542
5403 8452 542
5403 8452 542
5403 8452 542
5403 8452 542
5403 8452 542
5403 8452 542
5403 8452 542
5403 8452 542
6530 7730 542
6530 7730 542
6530 7730 542
6530 7730 542
6530 7730 542
6530 7730 542
6530 7730 542
6530 7730 542
6530 7730 542
6530 7730 542
6530 7730 542
6530 7730 542
5305 5445 543
5305 5445 543
5305 5445 543
5305 5445 543
5305 5445 543
5305 5445 543
5305 5445 543
5305 5445 543
5305 5445 543
5305 5445 543
5305 5445 543
5305 5445 543
6387 6383 543
6387 6383 543
6387 6383 543
6387 6383 543
6387 6383 543
6387 6383 543
6387 6383 543
6387 6383 543
6387 6383 543
6387 6383 543
6387 6383 543
6387 6383 543
5558 5298 544
5558 5298 544
5558 5298 544
5558 5298 544
5558 5298 544
5558 5298 544
5558 5298 544
5558 5298 544
5558 5298 544
5558 5298 544
5558 5298 544
5558 5298 544
5558 5298 544
8705 6537 544
8705 6537 544
8705 6537 544
8705 6537 544
8705 6537 544
8705 6537 544
8705 6537 544
8705 6537 544
8705 6537 544
8705 6537 544
8705 6537 544
8705 6537 544
7998 7926 544
7998 7926 544
7998 7926 544
7998 7926 544
7998 7926 544
7998 7926 544
7998 7926 544
7998 7926 544
7998 7926 544
7998 7926 544
7998 7926 544
7998 7926 544
7754 6584 544
7754 6584 544
7754 6584 544
7754 6584 544
7754 6584 544
7754 6584 544
7754 6584 544
7754 6584 544
7754 6584 544
7754 6584 544
7754 6584 544
7754 6584 544
7754 6584 544
6542 6593 544
6542 6593 544
6542 6593 544
6542 6593 544
6542 6593 544
6542 6593 544
6542 6593 544
6542 6593 544
6542 6593 544
6542 6593 544
6542 6593 544
6542 6593 544
9524 9153 544
9524 9153 544
9524 9153 544
9524 9153 544
9524 9153 544
9524 9153 544
9524 9153 544
9524 9153 544
9524 9153 544
9524 9153 544
9524 9153 544
9524 9153 544
6549 5355 544
6549 5355 544
6549 5355 544
6549 5355 544
6549 5355 544
6549 5355 544
6549 5355 544
6549 5355 544
6549 5355 544
6549 5355 544
6549 5355 544
6549 5355 544
6549 5355 544
6581 8436 546
6581 8436 546
6581 8436 546
6581 8436 546
6581 8436 546
6581 8436 546
6581 8436 546
6581 8436 546
6581 8436 546
6581 8436 546
6581 8436 546
6581 8436 546
6581 8436 546
6598 5359 546
6598 5359 546
6598 5359 546
6598 5359 546
6598 5359 546
6598 5359 546
6598 5359 546
6598 5359 546
6598 5359 546
6598 5359 546
6598 5359 546
6598 5359 546
6561 7758 547
6561 7758 547
6561 7758 547
6561 7758 547
6561 7758 547
6561 7758 547
6561 7758 547
6561 7758 547
6561 7758 547
6561 7758 547
6561 7758 547
6561 7758 547
6561 7758 547
6347 6410 547
6347 6410 547
6347 6410 547
6347 6410 547
6347 6410 547
6347 6410 547
6347 6410 547
6347 6410 547
6347 6410 547
6347 6410 547
6347 6410 547
6347 6410 547
6347 6410 547
6538 6569 547
6538 6569 547
6538 6569 547
6538 6569 547
6538 6569 547
6538 6569 547
6538 6569 547
6538 6569 547
6538 6569 547
6538 6569 547
6538 6569 547
6538 6569 547
6344 9158 548
6344 9158 548
6344 9158 548
6344 9158 548
6344 9158 548
6344 9158 548
6344 9158 548
6344 9158 548
6344 9158 548
6344 9158 548
6344 9158 548
6344 9158 548
6344 9158 548
8438 5423 549
8438 5423 549
8438 5423 549
8438 5423 549
8438 5423 549
8438 5423 549
8438 5423 549
8438 5423 549
8438 5423 549
8438 5423 549
8438 5423 549
8438 5423 549
8438 5423 549
7893 7787 549
7893 7787 549
7893 7787 549
7893 7787 549
7893 7787 549
7893 7787 549
7893 7787 549
7893 7787 549
7893 7787 549
7893 7787 549
7893 7787 549
7893 7787 549
7893 7787 549
8456 7731 549
8456 7731 549
8456 7731 549
8456 7731 549
8456 7731 549
8456 7731 549
8456 7731 549
8456 7731 549
8456 7731 549
8456 7731 549
8456 7731 549
8456 7731 549
6601 8464 550
6601 8464 550
6601 8464 550
6601 8464 550
6601 8464 550
6601 8464 550
6601 8464 550
6601 8464 550
6601 8464 550
6601 8464 550
6601 8464 550
6601 8464 550
6601 8464 550
7484 6496 550
7484 6496 550
7484 6496 550
7484 6496 550
7484 6496 550
7484 6496 550
7484 6496 550
7484 6496 550
7484 6496 550
7484 6496 550
7484 6496 550
7484 6496 550
8443 5992 550
8443 5992 550
8443 5992 550
8443 5992 550
8443 5992 550
8443 5992 550
8443 5992 550
8443 5992 550
8443 5992 550
8443 5992 550
8443 5992 550
8443 5992 550
8438 8452 551
8438 8452 551
8438 8452 551
8438 8452 551
8438 8452 551
8438 8452 551
8438 8452 551
8438 8452 551
8438 8452 551
8438 8452 551
8438 8452 551
8438 8452 551
8438 8452 551
6344 9150 551
6344 9150 551
6344 9150 551
6344 9150 551
6344 9150 551
6344 9150 551
6344 9150 551
6344 9150 551
6344 9150 551
6344 9150 551
6344 9150 551
6344 9150 551
6344 9150 551
6586 7714 551
6586 7714 551
6586 7714 551
6586 7714 551
6586 7714 551
6586 7714 551
6586 7714 551
6586 7714 551
6586 7714 551
6586 7714 551
6586 7714 551
6586 7714 551
6586 7714 551
5276 5443 551
5276 5443 551
5276 5443 551
5276 5443 551
5276 5443 551
5276 5443 551
5276 5443 551
5276 5443 551
5276 5443 551
5276 5443 551
5276 5443 551
5276 5443 551
5359 5374 552
5359 5374 552
5359 5374 552
5359 5374 552
5359 5374 552
5359 5374 552
5359 5374 552
5359 5374 552
5359 5374 552
5359 5374 552
5359 5374 552
5359 5374 552
5359 5374 552
7706 7680 552
7706 7680 552
7706 7680 552
7706 7680 552
7706 7680 552
7706 7680 552
7706 7680 552
7706 7680 552
7706 7680 552
7706 7680 552
7706 7680 552
7706 7680 552
5387 6542 554
5387 6542 554
5387 6542 554
5387 6542 554
5387 6542 554
5387 6542 554
5387 6542 554
5387 6542 554
5387 6542 554
5387 6542 554
5387 6542 554
5387 6542 554
8749 5494 554
8749 5494 554
8749 5494 554
8749 5494 554
8749 5494 554
8749 5494 554
8749 5494 554
8749 5494 554
8749 5494 554
8749 5494 554
8749 5494 554
8749 5494 554
5993 6568 554
5993 6568 554
5993 6568 554
5993 6568 554
5993 6568 554
5993 6568 554
5993 6568 554
5993 6568 554
5993 6568 554
5993 6568 554
5993 6568 554
5993 6568 554
5993 6568 554
7729 7998 554
7729 7998 554
7729 7998 554
7729 7998 554
7729 7998 554
7729 7998 554
7729 7998 554
7729 7998 554
7729 7998 554
7729 7998 554
7729 7998 554
7729 7998 554
7729 7998 554
7885 7833 554
7885 7833 554
7885 7833 554
7885 7833 554
7885 7833 554
7885 7833 554
7885 7833 554
7885 7833 554
7885 7833 554
7885 7833 554
7885 7833 554
7885 7833 554
6587 6009 554
6587 6009 554
6587 6009 554
6587 6009 554
6587 6009 554
6587 6009 554
6587 6009 554
6587 6009 554
6587 6009 554
6587 6009 554
6587 6009 554
6587 6009 554
8750 5491 554
8750 5491 554
8750 5491 554
8750 5491 554
8750 5491 554
8750 5491 554
8750 5491 554
8750 5491 554
8750 5491 554
8750 5491 554
8750 5491 554
8750 5491 554
8750 5491 554
6566 5376 555
6566 5376 555
6566 5376 555
6566 5376 555
6566 5376 555
6566 5376 555
6566 5376 555
6566 5376 555
6566 5376 555
6566 5376 555
6566 5376 555
6566 5376 555
6566 5376 555
7728 8465 555
7728 8465 555
7728 8465 555
7728 8465 555
7728 8465 555
7728 8465 555
7728 8465 555
7728 8465 555
7728 8465 555
7728 8465 555
7728 8465 555
7728 8465 555
8774 5258 556
8774 5258 556
8774 5258 556
8774 5258 556
8774 5258 556
8774 5258 556
8774 5258 556
8774 5258 556
8774 5258 556
8774 5258 556
8774 5258 556
8774 5258 556
8774 5258 556
5259 8678 557
5259 8678 557
5259 8678 557
5259 8678 557
5259 8678 557
5259 8678 557
5259 8678 557
5259 8678 557
5259 8678 557
5259 8678 557
5259 8678 557
5259 8678 557
7724 6584 557
7724 6584 557
7724 6584 557
7724 6584 557
7724 6584 557
7724 6584 557
7724 6584 557
7724 6584 557
7724 6584 557
7724 6584 557
7724 6584 557
7724 6584 557
5378 5446 558
5378 5446 558
5378 5446 558
5378 5446 558
5378 5446 558
5378 5446 558
5378 5446 558
5378 5446 558
5378 5446 558
5378 5446 558
5378 5446 558
5378 5446 558
5378 5446 558
7780 6581 558
7780 6581 558
7780 6581 558
7780 6581 558
7780 6581 558
7780 6581 558
7780 6581 558
7780 6581 558
7780 6581 558
7780 6581 558
7780 6581 558
7780 6581 558
6596 6357 559
6596 6357 559
6596 6357 559
6596 6357 559
6596 6357 559
6596 6357 559
6596 6357 559
6596 6357 559
6596 6357 559
6596 6357 559
6596 6357 559
6596 6357 559
5301 5550 560
5301 5550 560
5301 5550 560
5301 5550 560
5301 5550 560
5301 5550 560
5301 5550 560
5301 5550 560
5301 5550 560
5301 5550 560
5301 5550 560
5301 5550 560
7877 7889 560
7877 7889 560
7877 7889 560
7877 7889 560
7877 7889 560
7877 7889 560
7877 7889 560
7877 7889 560
7877 7889 560
7877 7889 560
7877 7889 560
7877 7889 560
7877 7889 560
5425 6017 561
5425 6017 561
5425 6017 561
5425 6017 561
5425 6017 561
5425 6017 561
5425 6017 561
5425 6017 561
5425 6017 561
5425 6017 561
5425 6017 561
5425 6017 561
5425 6017 561
8781 5299 561
8781 5299 561
8781 5299 561
8781 5299 561
8781 5299 561
8781 5299 561
8781 5299 561
8781 5299 561
8781 5299 561
8781 5299 561
8781 5299 561
8781 5299 561
8682 6533 562
8682 6533 562
8682 6533 562
8682 6533 562
8682 6533 562
8682 6533 562
8682 6533 562
8682 6533 562
8682 6533 562
8682 6533 562
8682 6533 562
8682 6533 562
6344 5393 563
6344 5393 563
6344 5393 563
6344 5393 563
6344 5393 563
6344 5393 563
6344 5393 563
6344 5393 563
6344 5393 563
6344 5393 563
6344 5393 563
6344 5393 563
5536 5568 564
5536 5568 564
5536 5568 564
5536 5568 564
5536 5568 564
5536 5568 564
5536 5568 564
5536 5568 564
5536 5568 564
5536 5568 564
5536 5568 564
5536 5568 564
5924 7927 564
5924 7927 564
5924 7927 564
5924 7927 564
5924 7927 564
5924 7927 564
5924 7927 564
5924 7927 564
5924 7927 564
5924 7927 564
5924 7927 564
5924 7927 564
5924 7927 564
5273 9260 568
5273 9260 568
5273 9260 568
5273 9260 568
5273 9260 568
5273 9260 568
5273 9260 568
5273 9260 568
5273 9260 568
5273 9260 568
5273 9260 568
5273 9260 568
9226 8759 568
9226 8759 568
9226 8759 568
9226 8759 568
9226 8759 568
9226 8759 568
9226 8759 568
9226 8759 568
9226 8759 568
9226 8759 568
9226 8759 568
9226 8759 568
9226 8759 568
7785 6039 569
7785 6039 569
7785 6039 569
7785 6039 569
7785 6039 569
7785 6039 569
7785 6039 569
7785 6039 569
7785 6039 569
7785 6039 569
7785 6039 569
7785 6039 569
7785 6039 569
6019 5558 571
6019 5558 571
6019 5558 571
6019 5558 571
6019 5558 571
6019 5558 571
6019 5558 571
6019 5558 571
6019 5558 571
6019 5558 571
6019 5558 571
6019 5558 571
8810 9271 572
8810 9271 572
8810 9271 572
8810 9271 572
8810 9271 572
8810 9271 572
8810 9271 572
8810 9271 572
8810 9271 572
8810 9271 572
8810 9271 572
8810 9271 572
8810 9271 572
6387 6456 573
6387 6456 573
6387 6456 573
6387 6456 573
6387 6456 573
6387 6456 573
6387 6456 573
6387 6456 573
6387 6456 573
6387 6456 573
6387 6456 573
6387 6456 573
6387 6456 573
9274 5517 573
9274 5517 573
9274 5517 573
9274 5517 573
9274 5517 573
9274 5517 573
9274 5517 573
9274 5517 573
9274 5517 573
9274 5517 573
9274 5517 573
9274 5517 573
9274 5517 573
8462 5420 574
8462 5420 574
8462 5420 574
8462 5420 574
8462 5420 574
8462 5420 574
8462 5420 574
8462 5420 574
8462 5420 574
8462 5420 574
8462 5420 574
8462 5420 574
5509 5449 575
5509 5449 575
5509 5449 575
5509 5449 575
5509 5449 575
5509 5449 575
5509 5449 575
5509 5449 575
5509 5449 575
5509 5449 575
5509 5449 575
5509 5449 575
5509 5449 575
6381 6474 576
6381 6474 576
6381 6474 576
6381 6474 576
6381 6474 576
6381 6474 576
6381 6474 576
6381 6474 576
6381 6474 576
6381 6474 576
6381 6474 576
6381 6474 576
5356 6585 576
5356 6585 576
5356 6585 576
5356 6585 576
5356 6585 576
5356 6585 576
5356 6585 576
5356 6585 576
5356 6585 576
5356 6585 576
5356 6585 576
5356 6585 576
5356 6585 576
5261 5364 577
5261 5364 577
5261 5364 577
5261 5364 577
5261 5364 577
5261 5364 577
5261 5364 577
5261 5364 577
5261 5364 577
5261 5364 577
5261 5364 577
5261 5364 577
5261 5364 577
5314 5279 577
5314 5279 577
5314 5279 577
5314 5279 577
5314 5279 577
5314 5279 577
5314 5279 577
5314 5279 577
5314 5279 577
5314 5279 577
5314 5279 577
5314 5279 577
6382 8664 580
6382 8664 580
6382 8664 580
6382 8664 580
6382 8664 580
6382 8664 580
6382 8664 580
6382 8664 580
6382 8664 580
6382 8664 580
6382 8664 580
6382 8664 580
6382 8664 580
9199 5255 586
9199 5255 586
9199 5255 586
9199 5255 586
9199 5255 586
9199 5255 586
9199 5255 586
9199 5255 586
9199 5255 586
9199 5255 586
9199 5255 586
9199 5255 586
9199 5255 586
6371 6384 588
6371 6384 588
6371 6384 588
6371 6384 588
6371 6384 588
6371 6384 588
6371 6384 588
6371 6384 588
6371 6384 588
6371 6384 588
6371 6384 588
6371 6384 588
6371 6384 588
7916 7880 590
7916 7880 590
7916 7880 590
7916 7880 590
7916 7880 590
7916 7880 590
7916 7880 590
7916 7880 590
7916 7880 590
7916 7880 590
7916 7880 590
7916 7880 590
7916 7880 590
7784 7685 602
7784 7685 602
7784 7685 602
7784 7685 602
7784 7685 602
7784 7685 602
7784 7685 602
7784 7685 602
7784 7685 602
7784 7685 602
7784 7685 602
7784 7685 602
5717 5546 608
5717 5546 608
5717 5546 608
5717 5546 608
5717 5546 608
5717 5546 608
5717 5546 608
5717 5546 608
5717 5546 608
5717 5546 608
5717 5546 608
5717 5546 608
5717 5546 608
6577 6382 612
6577 6382 612
6577 6382 612
6577 6382 612
6577 6382 612
6577 6382 612
6577 6382 612
6577 6382 612
6577 6382 612
6577 6382 612
6577 6382 612
6577 6382 612
6577 6382 612
8467 5410 615
8467 5410 615
8467 5410 615
8467 5410 615
8467 5410 615
8467 5410 615
8467 5410 615
8467 5410 615
8467 5410 615
8467 5410 615
8467 5410 615
8467 5410 615
8467 5410 615
8437 6591 617
8437 6591 617
8437 6591 617
8437 6591 617
8437 6591 617
8437 6591 617
8437 6591 617
8437 6591 617
8437 6591 617
8437 6591 617
8437 6591 617
8437 6591 617
6540 6345 617
6540 6345 617
6540 6345 617
6540 6345 617
6540 6345 617
6540 6345 617
6540 6345 617
6540 6345 617
6540 6345 617
6540 6345 617
6540 6345 617
6540 6345 617
6540 6345 617
5427 8457 618
5427 8457 618
5427 8457 618
5427 8457 618
5427 8457 618
5427 8457 618
5427 8457 618
5427 8457 618
5427 8457 618
5427 8457 618
5427 8457 618
5427 8457 618
8352 7893 619
8352 7893 619
8352 7893 619
8352 7893 619
8352 7893 619
8352 7893 619
8352 7893 619
8352 7893 619
8352 7893 619
8352 7893 619
8352 7893 619
8352 7893 619
6323 6521 620
6323 6521 620
6323 6521 620
6323 6521 620
6323 6521 620
6323 6521 620
6323 6521 620
6323 6521 620
6323 6521 620
6323 6521 620
6323 6521 620
6323 6521 620
6033 8464 620
6033 8464 620
6033 8464 620
6033 8464 620
6033 8464 620
6033 8464 620
6033 8464 620
6033 8464 620
6033 8464 620
6033 8464 620
6033 8464 620
6033 8464 620
6033 8464 620
6542 8456 621
6542 8456 621
6542 8456 621
6542 8456 621
6542 8456 621
6542 8456 621
6542 8456 621
6542 8456 621
6542 8456 621
6542 8456 621
6542 8456 621
6542 8456 621
6542 8456 621
6508 7727 622
6508 7727 622
6508 7727 622
6508 7727 622
6508 7727 622
6508 7727 622
6508 7727 622
6508 7727 622
6508 7727 622
6508 7727 622
6508 7727 622
6508 7727 622
6508 7727 622
6512 7810 623
6512 7810 623
6512 7810 623
6512 7810 623
6512 7810 623
6512 7810 623
6512 7810 623
6512 7810 623
6512 7810 623
6512 7810 623
6512 7810 623
6512 7810 623
6537 6517 623
6537 6517 623
6537 6517 623
6537 6517 623
6537 6517 623
6537 6517 623
6537 6517 623
6537 6517 623
6537 6517 623
6537 6517 623
6537 6517 623
6537 6517 623
7545 7862 623
7545 7862 623
7545 7862 623
7545 7862 623
7545 7862 623
7545 7862 623
7545 7862 623
7545 7862 623
7545 7862 623
7545 7862 623
7545 7862 623
7545 7862 623
7545 7862 623
7632 7727 624
7632 7727 624
7632 7727 624
7632 7727 624
7632 7727 624
7632 7727 624
7632 7727 624
7632 7727 624
7632 7727 624
7632 7727 624
7632 7727 624
7632 7727 624
7632 7727 624
5564 5298 624
5564 5298 624
5564 5298 624
5564 5298 624
5564 5298 624
5564 5298 624
5564 5298 624
5564 5298 624
5564 5298 624
5564 5298 624
5564 5298 624
5564 5298 624
6544 6460 624
6544 6460 624
6544 6460 624
6544 6460 624
6544 6460 624
6544 6460 624
6544 6460 624
6544 6460 624
6544 6460 624
6544 6460 624
6544 6460 624
6544 6460 624
6544 6460 624
8682 6566 624
8682 6566 624
8682 6566 624
8682 6566 624
8682 6566 624
8682 6566 624
8682 6566 624
8682 6566 624
8682 6566 624
8682 6566 624
8682 6566 624
8682 6566 624
7774 7710 625
7774 7710 625
7774 7710 625
7774 7710 625
7774 7710 625
7774 7710 625
7774 7710 625
7774 7710 625
7774 7710 625
7774 7710 625
7774 7710 625
7774 7710 625
7774 7710 625
6533 6559 625
6533 6559 625
6533 6559 625
6533 6559 625
6533 6559 625
6533 6559 625
6533 6559 625
6533 6559 625
6533 6559 625
6533 6559 625
6533 6559 625
6533 6559 625
6533 6559 625
6448 6598 625
6448 6598 625
6448 6598 625
6448 6598 625
6448 6598 625
6448 6598 625
6448 6598 625
6448 6598 625
6448 6598 625
6448 6598 625
6448 6598 625
6448 6598 625
6448 6598 625
7645 7884 626
7645 7884 626
7645 7884 626
7645 7884 626
7645 7884 626
7645 7884 626
7645 7884 626
7645 7884 626
7645 7884 626
7645 7884 626
7645 7884 626
7645 7884 626
5556 5407 626
5556 5407 626
5556 5407 626
5556 5407 626
5556 5407 626
5556 5407 626
5556 5407 626
5556 5407 626
5556 5407 626
5556 5407 626
5556 5407 626
5556 5407 626
7761 5990 626
7761 5990 626
7761 5990 626
7761 5990 626
7761 5990 626
7761 5990 626
7761 5990 626
7761 5990 626
7761 5990 626
7761 5990 626
7761 5990 626
7761 5990 626
7761 5990 626
6511 6481 626
6511 6481 626
6511 6481 626
6511 6481 626
6511 6481 626
6511 6481 626
6511 6481 626
6511 6481 626
6511 6481 626
6511 6481 626
6511 6481 626
6511 6481 626
6511 6481 626
6081 6038 628
6081 6038 628
6081 6038 628
6081 6038 628
6081 6038 628
6081 6038 628
6081 6038 628
6081 6038 628
6081 6038 628
6081 6038 628
6081 6038 628
6081 6038 628
6544 5995 628
6544 5995 628
6544 5995 628
6544 5995 628
6544 5995 628
6544 5995 628
6544 5995 628
6544 5995 628
6544 5995 628
6544 5995 628
6544 5995 628
6544 5995 628
5401 8453 628
5401 8453 628
5401 8453 628
5401 8453 628
5401 8453 628
5401 8453 628
5401 8453 628
5401 8453 628
5401 8453 628
5401 8453 628
5401 8453 628
5401 8453 628
5401 8453 628
6549 6577 628
6549 6577 628
6549 6577 628
6549 6577 628
6549 6577 628
6549 6577 628
6549 6577 628
6549 6577 628
6549 6577 628
6549 6577 628
6549 6577 628
6549 6577 628
8712 5242 629
8712 5242 629
8712 5242 629
8712 5242 629
8712 5242 629
8712 5242 629
8712 5242 629
8712 5242 629
8712 5242 629
8712 5242 629
8712 5242 629
8712 5242 629
5524 8457 629
5524 8457 629
5524 8457 629
5524 8457 629
5524 8457 629
5524 8457 629
5524 8457 629
5524 8457 629
5524 8457 629
5524 8457 629
5524 8457 629
5524 8457 629
5524 8457 629
6443 7786 631
6443 7786 631
6443 7786 631
6443 7786 631
6443 7786 631
6443 7786 631
6443 7786 631
6443 7786 631
6443 7786 631
6443 7786 631
6443 7786 631
6443 7786 631
6443 7786 631
6031 5990 632
6031 5990 632
6031 5990 632
6031 5990 632
6031 5990 632
6031 5990 632
6031 5990 632
6031 5990 632
6031 5990 632
6031 5990 632
6031 5990 632
6031 5990 632
6031 5990 632
7907 7777 632
7907 7777 632
7907 7777 632
7907 7777 632
7907 7777 632
7907 7777 632
7907 7777 632
7907 7777 632
7907 7777 632
7907 7777 632
7907 7777 632
7907 7777 632
7907 7777 632
5380 8443 632
5380 8443 632
5380 8443 632
5380 8443 632
5380 8443 632
5380 8443 632
5380 8443 632
5380 8443 632
5380 8443 632
5380 8443 632
5380 8443 632
5380 8443 632
5380 8443 632
5544 8470 632
5544 8470 632
5544 8470 632
5544 8470 632
5544 8470 632
5544 8470 632
5544 8470 632
5544 8470 632
5544 8470 632
5544 8470 632
5544 8470 632
5544 8470 632
5544 8470 632
6552 6416 632
6552 6416 632
6552 6416 632
6552 6416 632
6552 6416 632
6552 6416 632
6552 6416 632
6552 6416 632
6552 6416 632
6552 6416 632
6552 6416 632
6552 6416 632
6552 6416 632
8436 6590 633
8436 6590 633
8436 6590 633
8436 6590 633
8436 6590 633
8436 6590 633
8436 6590 633
8436 6590 633
8436 6590 633
8436 6590 633
8436 6590 633
8436 6590 633
6543 6608 633
6543 6608 633
6543 6608 633
6543 6608 633
6543 6608 633
6543 6608 633
6543 6608 633
6543 6608 633
6543 6608 633
6543 6608 633
6543 6608 633
6543 6608 633
5985 7730 633
5985 7730 633
5985 7730 633
5985 7730 633
5985 7730 633
5985 7730 633
5985 7730 633
5985 7730 633
5985 7730 633
5985 7730 633
5985 7730 633
5985 7730 633
5985 7730 633
6081 5385 634
6081 5385 634
6081 5385 634
6081 5385 634
6081 5385 634
6081 5385 634
6081 5385 634
6081 5385 634
6081 5385 634
6081 5385 634
6081 5385 634
6081 5385 634
9143 8436 634
9143 8436 634
9143 8436 634
9143 8436 634
9143 8436 634
9143 8436 634
9143 8436 634
9143 8436 634
9143 8436 634
9143 8436 634
9143 8436 634
9143 8436 634
8770 5261 634
8770 5261 634
8770 5261 634
8770 5261 634
8770 5261 634
8770 5261 634
8770 5261 634
8770 5261 634
8770 5261 634
8770 5261 634
8770 5261 634
8770 5261 634
7919 8474 635
7919 8474 635
7919 8474 635
7919 8474 635
7919 8474 635
7919 8474 635
7919 8474 635
7919 8474 635
7919 8474 635
7919 8474 635
7919 8474 635
7919 8474 635
7919 8474 635
7923 7895 635
7923 7895 635
7923 7895 635
7923 7895 635
7923 7895 635
7923 7895 635
7923 7895 635
7923 7895 635
7923 7895 635
7923 7895 635
7923 7895 635
7923 7895 635
7923 7895 635
7904 7877 635
7904 7877 635
7904 7877 635
7904 7877 635
7904 7877 635
7904 7877 635
7904 7877 635
7904 7877 635
7904 7877 635
7904 7877 635
7904 7877 635
7904 7877 635
7904 7877 635
7686 6451 635
7686 6451 635
7686 6451 635
7686 6451 635
7686 6451 635
7686 6451 635
7686 6451 635
7686 6451 635
7686 6451 635
7686 6451 635
7686 6451 635
7686 6451 635
7686 6451 635
6387 6348 636
6387 6348 636
6387 6348 636
6387 6348 636
6387 6348 636
6387 6348 636
6387 6348 636
6387 6348 636
6387 6348 636
6387 6348 636
6387 6348 636
6387 6348 636
6387 6348 636
5417 6555 636
5417 6555 636
5417 6555 636
5417 6555 636
5417 6555 636
5417 6555 636
5417 6555 636
5417 6555 636
5417 6555 636
5417 6555 636
5417 6555 636
5417 6555 636
6544 6613 636
6544 6613 636
6544 6613 636
6544 6613 636
6544 6613 636
6544 6613 636
6544 6613 636
6544 6613 636
6544 6613 636
6544 6613 636
6544 6613 636
6544 6613 636
8372 7877 637
8372 7877 637
8372 7877 637
8372 7877 637
8372 7877 637
8372 7877 637
8372 7877 637
8372 7877 637
8372 7877 637
8372 7877 637
8372 7877 637
8372 7877 637
5358 8462 637
5358 8462 637
5358 8462 637
5358 8462 637
5358 8462 637
5358 8462 637
5358 8462 637
5358 8462 637
5358 8462 637
5358 8462 637
5358 8462 637
5358 8462 637
5358 8462 637
7803 7658 637
7803 7658 637
7803 7658 637
7803 7658 637
7803 7658 637
7803 7658 637
7803 7658 637
7803 7658 637
7803 7658 637
7803 7658 637
7803 7658 637
7803 7658 637
7803 7658 637
9150 8764 638
9150 8764 638
9150 8764 638
9150 8764 638
9150 8764 638
9150 8764 638
9150 8764 638
9150 8764 638
9150 8764 638
9150 8764 638
9150 8764 638
9150 8764 638
9150 8764 638
6011 6602 638
6011 6602 638
6011 6602 638
6011 6602 638
6011 6602 638
6011 6602 638
6011 6602 638
6011 6602 638
6011 6602 638
6011 6602 638
6011 6602 638
6011 6602 638
6612 6038 638
6612 6038 638
6612 6038 638
6612 6038 638
6612 6038 638
6612 6038 638
6612 6038 638
6612 6038 638
6612 6038 638
6612 6038 638
6612 6038 638
6612 6038 638
6612 6038 638
5296 5259 639
5296 5259 639
5296 5259 639
5296 5259 639
5296 5259 639
5296 5259 639
5296 5259 639
5296 5259 639
5296 5259 639
5296 5259 639
5296 5259 639
5296 5259 639
7812 7740 640
7812 7740 640
7812 7740 640
7812 7740 640
7812 7740 640
7812 7740 640
7812 7740 640
7812 7740 640
7812 7740 640
7812 7740 640
7812 7740 640
7812 7740 640
6458 6554 640
6458 6554 640
6458 6554 640
6458 6554 640
6458 6554 640
6458 6554 640
6458 6554 640
6458 6554 640
6458 6554 640
6458 6554 640
6458 6554 640
6458 6554 640
6044 5415 640
6044 5415 640
6044 5415 640
6044 5415 640
6044 5415 640
6044 5415 640
6044 5415 640
6044 5415 640
6044 5415 640
6044 5415 640
6044 5415 640
6044 5415 640
6472 5924 640
6472 5924 640
6472 5924 640
6472 5924 640
6472 5924 640
6472 5924 640
6472 5924 640
6472 5924 640
6472 5924 640
6472 5924 640
6472 5924 640
6472 5924 640
6472 5924 640
6474 9668 640
6474 9668 640
6474 9668 640
6474 9668 640
6474 9668 640
6474 9668 640
6474 9668 640
6474 9668 640
6474 9668 640
6474 9668 640
6474 9668 640
6474 9668 640
5994 7776 640
5994 7776 640
5994 7776 640
5994 7776 640
5994 7776 640
5994 7776 640
5994 7776 640
5994 7776 640
5994 7776 640
5994 7776 640
5994 7776 640
5994 7776 640
5994 7776 640
5990 7730 640
5990 7730 640
5990 7730 640
5990 7730 640
5990 7730 640
5990 7730 640
5990 7730 640
5990 7730 640
5990 7730 640
5990 7730 640
5990 7730 640
5990 7730 640
5990 7730 640
6496 6460 640
6496 6460 640
6496 6460 640
6496 6460 640
6496 6460 640
6496 6460 640
6496 6460 640
6496 6460 640
6496 6460 640
6496 6460 640
6496 6460 640
6496 6460 640
6496 6460 640
6018 7760 641
6018 7760 641
6018 7760 641
6018 7760 641
6018 7760 641
6018 7760 641
6018 7760 641
6018 7760 641
6018 7760 641
6018 7760 641
6018 7760 641
6018 7760 641
6018 7760 641
6018 8447 641
6018 8447 641
6018 8447 641
6018 8447 641
6018 8447 641
6018 8447 641
6018 8447 641
6018 8447 641
6018 8447 641
6018 8447 641
6018 8447 641
6018 8447 641
6018 8447 641
6518 7831 641
6518 7831 641
6518 7831 641
6518 7831 641
6518 7831 641
6518 7831 641
6518 7831 641
6518 7831 641
6518 7831 641
6518 7831 641
6518 7831 641
6518 7831 641
6518 7831 641
6544 7687 641
6544 7687 641
6544 7687 641
6544 7687 641
6544 7687 641
6544 7687 641
6544 7687 641
6544 7687 641
6544 7687 641
6544 7687 641
6544 7687 641
6544 7687 641
7776 5988 642
7776 5988 642
7776 5988 642
7776 5988 642
7776 5988 642
7776 5988 642
7776 5988 642
7776 5988 642
7776 5988 642
7776 5988 642
7776 5988 642
7776 5988 642
6576 7722 643
6576 7722 643
6576 7722 643
6576 7722 643
6576 7722 643
6576 7722 643
6576 7722 643
6576 7722 643
6576 7722 643
6576 7722 643
6576 7722 643
6576 7722 643
5261 5449 643
5261 5449 643
5261 5449 643
5261 5449 643
5261 5449 643
5261 5449 643
5261 5449 643
5261 5449 643
5261 5449 643
5261 5449 643
5261 5449 643
5261 5449 643
5275 5413 644
5275 5413 644
5275 5413 644
5275 5413 644
5275 5413 644
5275 5413 644
5275 5413 644
5275 5413 644
5275 5413 644
5275 5413 644
5275 5413 644
5275 5413 644
5275 5413 644
6491 7486 644
6491 7486 644
6491 7486 644
6491 7486 644
6491 7486 644
6491 7486 644
6491 7486 644
6491 7486 644
6491 7486 644
6491 7486 644
6491 7486 644
6491 7486 644
5532 6059 644
5532 6059 644
5532 6059 644
5532 6059 644
5532 6059 644
5532 6059 644
5532 6059 644
5532 6059 644
5532 6059 644
5532 6059 644
5532 6059 644
5532 6059 644
5532 6059 644
7733 7968 645
7733 7968 645
7733 7968 645
7733 7968 645
7733 7968 645
7733 7968 645
7733 7968 645
7733 7968 645
7733 7968 645
7733 7968 645
7733 7968 645
7733 7968 645
7733 7968 645
6000 7757 645
6000 7757 645
6000 7757 645
6000 7757 645
6000 7757 645
6000 7757 645
6000 7757 645
6000 7757 645
6000 7757 645
6000 7757 645
6000 7757 645
6000 7757 645
7911 7761 645
7911 7761 645
7911 7761 645
7911 7761 645
7911 7761 645
7911 7761 645
7911 7761 645
7911 7761 645
7911 7761 645
7911 7761 645
7911 7761 645
7911 7761 645
7946 7753 645
7946 7753 645
7946 7753 645
7946 7753 645
7946 7753 645
7946 7753 645
7946 7753 645
7946 7753 645
7946 7753 645
7946 7753 645
7946 7753 645
7946 7753 645
6310 6429 646
6310 6429 646
6310 6429 646
6310 6429 646
6310 6429 646
6310 6429 646
6310 6429 646
6310 6429 646
6310 6429 646
6310 6429 646
6310 6429 646
6310 6429 646
6310 6429 646
6064 5364 646
6064 5364 646
6064 5364 646
6064 5364 646
6064 5364 646
6064 5364 646
6064 5364 646
6064 5364 646
6064 5364 646
6064 5364 646
6064 5364 646
6064 5364 646
6064 5364 646
5275 8437 646
5275 8437 646
5275 8437 646
5275 8437 646
5275 8437 646
5275 8437 646
5275 8437 646
5275 8437 646
5275 8437 646
5275 8437 646
5275 8437 646
5275 8437 646
5275 8437 646
5277 8449 646
5277 8449 646
5277 8449 646
5277 8449 646
5277 8449 646
5277 8449 646
5277 8449 646
5277 8449 646
5277 8449 646
5277 8449 646
5277 8449 646
5277 8449 646
5277 8449 646
8438 5278 648
8438 5278 648
8438 5278 648
8438 5278 648
8438 5278 648
8438 5278 648
8438 5278 648
8438 5278 648
8438 5278 648
8438 5278 648
8438 5278 648
8438 5278 648
8438 5278 648
6418 9520 648
6418 9520 648
6418 9520 648
6418 9520 648
6418 9520 648
6418 9520 648
6418 9520 648
6418 9520 648
6418 9520 648
6418 9520 648
6418 9520 648
6418 9520 648
5364 6593 648
5364 6593 648
5364 6593 648
5364 6593 648
5364 6593 648
5364 6593 648
5364 6593 648
5364 6593 648
5364 6593 648
5364 6593 648
5364 6593 648
5364 6593 648
7841 7757 648
7841 7757 648
7841 7757 648
7841 7757 648
7841 7757 648
7841 7757 648
7841 7757 648
7841 7757 648
7841 7757 648
7841 7757 648
7841 7757 648
7841 7757 648
7841 7757 648
7743 6600 649
7743 6600 649
7743 6600 649
7743 6600 649
7743 6600 649
7743 6600 649
7743 6600 649
7743 6600 649
7743 6600 649
7743 6600 649
7743 6600 649
7743 6600 649
6569 7754 649
6569 7754 649
6569 7754 649
6569 7754 649
6569 7754 649
6569 7754 649
6569 7754 649
6569 7754 649
6569 7754 649
6569 7754 649
6569 7754 649
6569 7754 649
8797 8775 649
8797 8775 649
8797 8775 649
8797 8775 649
8797 8775 649
8797 8775 649
8797 8775 649
8797 8775 649
8797 8775 649
8797 8775 649
8797 8775 649
8797 8775 649
8797 8775 649
7852 7806 649
7852 7806 649
7852 7806 649
7852 7806 649
7852 7806 649
7852 7806 649
7852 7806 649
7852 7806 649
7852 7806 649
7852 7806 649
7852 7806 649
7852 7806 649
7852 7806 649
5488 5433 650
5488 5433 650
5488 5433 650
5488 5433 650
5488 5433 650
5488 5433 650
5488 5433 650
5488 5433 650
5488 5433 650
5488 5433 650
5488 5433 650
5488 5433 650
5488 5433 650
6589 7721 650
6589 7721 650
6589 7721 650
6589 7721 650
6589 7721 650
6589 7721 650
6589 7721 650
6589 7721 650
6589 7721 650
6589 7721 650
6589 7721 650
6589 7721 650
6461 7474 651
6461 7474 651
6461 7474 651
6461 7474 651
6461 7474 651
6461 7474 651
6461 7474 651
6461 7474 651
6461 7474 651
6461 7474 651
6461 7474 651
6461 7474 651
5259 8461 651
5259 8461 651
5259 8461 651
5259 8461 651
5259 8461 651
5259 8461 651
5259 8461 651
5259 8461 651
5259 8461 651
5259 8461 651
5259 8461 651
5259 8461 651
5358 8711 652
5358 8711 652
5358 8711 652
5358 8711 652
5358 8711 652
5358 8711 652
5358 8711 652
5358 8711 652
5358 8711 652
5358 8711 652
5358 8711 652
5358 8711 652
6552 8669 652
6552 8669 652
6552 8669 652
6552 8669 652
6552 8669 652
6552 8669 652
6552 8669 652
6552 8669 652
6552 8669 652
6552 8669 652
6552 8669 652
6552 8669 652
6552 8669 652
5278 6590 652
5278 6590 652
5278 6590 652
5278 6590 652
5278 6590 652
5278 6590 652
5278 6590 652
5278 6590 652
5278 6590 652
5278 6590 652
5278 6590 652
5278 6590 652
5278 6590 652
8373 7961 653
8373 7961 653
8373 7961 653
8373 7961 653
8373 7961 653
8373 7961 653
8373 7961 653
8373 7961 653
8373 7961 653
8373 7961 653
8373 7961 653
8373 7961 653
8373 7961 653
6123 5334 653
6123 5334 653
6123 5334 653
6123 5334 653
6123 5334 653
6123 5334 653
6123 5334 653
6123 5334 653
6123 5334 653
6123 5334 653
6123 5334 653
6123 5334 653
6123 5334 653
7881 7702 653
7881 7702 653
7881 7702 653
7881 7702 653
7881 7702 653
7881 7702 653
7881 7702 653
7881 7702 653
7881 7702 653
7881 7702 653
7881 7702 653
7881 7702 653
6557 9520 654
6557 9520 654
6557 9520 654
6557 9520 654
6557 9520 654
6557 9520 654
6557 9520 654
6557 9520 654
6557 9520 654
6557 9520 654
6557 9520 654
6557 9520 654
6574 5358 654
6574 5358 654
6574 5358 654
6574 5358 654
6574 5358 654
6574 5358 654
6574 5358 654
6574 5358 654
6574 5358 654
6574 5358 654
6574 5358 654
6574 5358 654
6574 5358 654
8381 7794 654
8381 7794 654
8381 7794 654
8381 7794 654
8381 7794 654
8381 7794 654
8381 7794 654
8381 7794 654
8381 7794 654
8381 7794 654
8381 7794 654
8381 7794 654
8374 7931 655
8374 7931 655
8374 7931 655
8374 7931 655
8374 7931 655
8374 7931 655
8374 7931 655
8374 7931 655
8374 7931 655
8374 7931 655
8374 7931 655
8374 7931 655
7708 6609 655
7708 6609 655
7708 6609 655
7708 6609 655
7708 6609 655
7708 6609 655
7708 6609 655
7708 6609 655
7708 6609 655
7708 6609 655
7708 6609 655
7708 6609 655
8761 5308 655
8761 5308 655
8761 5308 655
8761 5308 655
8761 5308 655
8761 5308 655
8761 5308 655
8761 5308 655
8761 5308 655
8761 5308 655
8761 5308 655
8761 5308 655
8761 5308 655
8683 8445 656
8683 8445 656
8683 8445 656
8683 8445 656
8683 8445 656
8683 8445 656
8683 8445 656
8683 8445 656
8683 8445 656
8683 8445 656
8683 8445 656
8683 8445 656
6545 5413 656
6545 5413 656
6545 5413 656
6545 5413 656
6545 5413 656
6545 5413 656
6545 5413 656
6545 5413 656
6545 5413 656
6545 5413 656
6545 5413 656
6545 5413 656
5411 8471 656
5411 8471 656
5411 8471 656
5411 8471 656
5411 8471 656
5411 8471 656
5411 8471 656
5411 8471 656
5411 8471 656
5411 8471 656
5411 8471 656
5411 8471 656
5411 8471 656
6603 6568 656
6603 6568 656
6603 6568 656
6603 6568 656
6603 6568 656
6603 6568 656
6603 6568 656
6603 6568 656
6603 6568 656
6603 6568 656
6603 6568 656
6603 6568 656
6603 6568 656
7724 8474 657
7724 8474 657
7724 8474 657
7724 8474 657
7724 8474 657
7724 8474 657
7724 8474 657
7724 8474 657
7724 8474 657
7724 8474 657
7724 8474 657
7724 8474 657
5985 6611 657
5985 6611 657
5985 6611 657
5985 6611 657
5985 6611 657
5985 6611 657
5985 6611 657
5985 6611 657
5985 6611 657
5985 6611 657
5985 6611 657
5985 6611 657
7724 6601 658
7724 6601 658
7724 6601 658
7724 6601 658
7724 6601 658
7724 6601 658
7724 6601 658
7724 6601 658
7724 6601 658
7724 6601 658
7724 6601 658
7724 6601 658
7724 6601 658
6585 8435 658
6585 8435 658
6585 8435 658
6585 8435 658
6585 8435 658
6585 8435 658
6585 8435 658
6585 8435 658
6585 8435 658
6585 8435 658
6585 8435 658
6585 8435 658
7762 7703 659
7762 7703 659
7762 7703 659
7762 7703 659
7762 7703 659
7762 7703 659
7762 7703 659
7762 7703 659
7762 7703 659
7762 7703 659
7762 7703 659
7762 7703 659
7941 7693 659
7941 7693 659
7941 7693 659
7941 7693 659
7941 7693 659
7941 7693 659
7941 7693 659
7941 7693 659
7941 7693 659
7941 7693 659
7941 7693 659
7941 7693 659
7941 7693 659
6585 7688 659
6585 7688 659
6585 7688 659
6585 7688 659
6585 7688 659
6585 7688 659
6585 7688 659
6585 7688 659
6585 7688 659
6585 7688 659
6585 7688 659
6585 7688 659
6585 7688 659
6438 7816 659
6438 7816 659
6438 7816 659
6438 7816 659
6438 7816 659
6438 7816 659
6438 7816 659
6438 7816 659
6438 7816 659
6438 7816 659
6438 7816 659
6438 7816 659
5278 8798 659
5278 8798 659
5278 8798 659
5278 8798 659
5278 8798 659
5278 8798 659
5278 8798 659
5278 8798 659
5278 8798 659
5278 8798 659
5278 8798 659
5278 8798 659
5369 5335 660
5369 5335 660
5369 5335 660
5369 5335 660
5369 5335 660
5369 5335 660
5369 5335 660
5369 5335 660
5369 5335 660
5369 5335 660
5369 5335 660
5369 5335 660
5355 5438 660
5355 5438 660
5355 5438 660
5355 5438 660
5355 5438 660
5355 5438 660
5355 5438 660
5355 5438 660
5355 5438 660
5355 5438 660
5355 5438 660
5355 5438 660
8454 5427 661
8454 5427 661
8454 5427 661
8454 5427 661
8454 5427 661
8454 5427 661
8454 5427 661
8454 5427 661
8454 5427 661
8454 5427 661
8454 5427 661
8454 5427 661
8454 5427 661
7753 7822 661
7753 7822 661
7753 7822 661
7753 7822 661
7753 7822 661
7753 7822 661
7753 7822 661
7753 7822 661
7753 7822 661
7753 7822 661
7753 7822 661
7753 7822 661
8434 5425 662
8434 5425 662
8434 5425 662
8434 5425 662
8434 5425 662
8434 5425 662
8434 5425 662
8434 5425 662
8434 5425 662
8434 5425 662
8434 5425 662
8434 5425 662
8370 7873 663
8370 7873 663
8370 7873 663
8370 7873 663
8370 7873 663
8370 7873 663
8370 7873 663
8370 7873 663
8370 7873 663
8370 7873 663
8370 7873 663
8370 7873 663
8370 7873 663
5392 8432 663
5392 8432 663
5392 8432 663
5392 8432 663
5392 8432 663
5392 8432 663
5392 8432 663
5392 8432 663
5392 8432 663
5392 8432 663
5392 8432 663
5392 8432 663
5392 8432 663
5450 5413 663
5450 5413 663
5450 5413 663
5450 5413 663
5450 5413 663
5450 5413 663
5450 5413 663
5450 5413 663
5450 5413 663
5450 5413 663
5450 5413 663
5450 5413 663
6607 7753 663
6607 7753 663
6607 7753 663
6607 7753 663
6607 7753 663
6607 7753 663
6607 7753 663
6607 7753 663
6607 7753 663
6607 7753 663
6607 7753 663
6607 7753 663
6607 7753 663
7699 6604 663
7699 6604 663
7699 6604 663
7699 6604 663
7699 6604 663
7699 6604 663
7699 6604 663
7699 6604 663
7699 6604 663
7699 6604 663
7699 6604 663
7699 6604 663
7699 6604 663
7783 6567 664
7783 6567 664
7783 6567 664
7783 6567 664
7783 6567 664
7783 6567 664
7783 6567 664
7783 6567 664
7783 6567 664
7783 6567 664
7783 6567 664
7783 6567 664
7925 7687 664
7925 7687 664
7925 7687 664
7925 7687 664
7925 7687 664
7925 7687 664
7925 7687 664
7925 7687 664
7925 7687 664
7925 7687 664
7925 7687 664
7925 7687 664
7925 7687 664
5260 6543 665
5260 6543 665
5260 6543 665
5260 6543 665
5260 6543 665
5260 6543 665
5260 6543 665
5260 6543 665
5260 6543 665
5260 6543 665
5260 6543 665
5260 6543 665
6331 7665 665
6331 7665 665
6331 7665 665
6331 7665 665
6331 7665 665
6331 7665 665
6331 7665 665
6331 7665 665
6331 7665 665
6331 7665 665
6331 7665 665
6331 7665 665
8749 5335 665
8749 5335 665
8749 5335 665
8749 5335 665
8749 5335 665
8749 5335 665
8749 5335 665
8749 5335 665
8749 5335 665
8749 5335 665
8749 5335 665
8749 5335 665
8749 5335 665
7740 7674 665
7740 7674 665
7740 7674 665
7740 7674 665
7740 7674 665
7740 7674 665
7740 7674 665
7740 7674 665
7740 7674 665
7740 7674 665
7740 7674 665
7740 7674 665
6548 6381 665
6548 6381 665
6548 6381 665
6548 6381 665
6548 6381 665
6548 6381 665
6548 6381 665
6548 6381 665
6548 6381 665
6548 6381 665
6548 6381 665
6548 6381 665
9260 5513 666
9260 5513 666
9260 5513 666
9260 5513 666
9260 5513 666
9260 5513 666
9260 5513 666
9260 5513 666
9260 5513 666
9260 5513 666
9260 5513 666
9260 5513 666
7778 7725 666
7778 7725 666
7778 7725 666
7778 7725 666
7778 7725 666
7778 7725 666
7778 7725 666
7778 7725 666
7778 7725 666
7778 7725 666
7778 7725 666
7778 7725 666
7778 7725 666
7689 7717 666
7689 7717 666
7689 7717 666
7689 7717 666
7689 7717 666
7689 7717 666
7689 7717 666
7689 7717 666
7689 7717 666
7689 7717 666
7689 7717 666
7689 7717 666
7716 7914 666
7716 7914 666
7716 7914 666
7716 7914 666
7716 7914 666
7716 7914 666
7716 7914 666
7716 7914 666
7716 7914 666
7716 7914 666
7716 7914 666
7716 7914 666
7716 7914 666
6598 5396 666
6598 5396 666
6598 5396 666
6598 5396 666
6598 5396 666
6598 5396 666
6598 5396 666
6598 5396 666
6598 5396 666
6598 5396 666
6598 5396 666
6598 5396 666
6598 5396 666
5567 5539 667
5567 5539 667
5567 5539 667
5567 5539 667
5567 5539 667
5567 5539 667
5567 5539 667
5567 5539 667
5567 5539 667
5567 5539 667
5567 5539 667
5567 5539 667
5290 5509 667
5290 5509 667
5290 5509 667
5290 5509 667
5290 5509 667
5290 5509 667
5290 5509 667
5290 5509 667
5290 5509 667
5290 5509 667
5290 5509 667
5290 5509 667
7747 7694 667
7747 7694 667
7747 7694 667
7747 7694 667
7747 7694 667
7747 7694 667
7747 7694 667
7747 7694 667
7747 7694 667
7747 7694 667
7747 7694 667
7747 7694 667
7747 7694 667
6048 6018 667
6048 6018 667
6048 6018 667
6048 6018 667
6048 6018 667
6048 6018 667
6048 6018 667
6048 6018 667
6048 6018 667
6048 6018 667
6048 6018 667
6048 6018 667
6048 6018 667
6538 6576 667
6538 6576 667
6538 6576 667
6538 6576 667
6538 6576 667
6538 6576 667
6538 6576 667
6538 6576 667
6538 6576 667
6538 6576 667
6538 6576 667
6538 6576 667
6538 6576 667
7773 7985 668
7773 7985 668
7773 7985 668
7773 7985 668
7773 7985 668
7773 7985 668
7773 7985 668
7773 7985 668
7773 7985 668
7773 7985 668
7773 7985 668
7773 7985 668
6577 6552 668
6577 6552 668
6577 6552 668
6577 6552 668
6577 6552 668
6577 6552 668
6577 6552 668
6577 6552 668
6577 6552 668
6577 6552 668
6577 6552 668
6577 6552 668
6577 6552 668
7490 6487 668
7490 6487 668
7490 6487 668
7490 6487 668
7490 6487 668
7490 6487 668
7490 6487 668
7490 6487 668
7490 6487 668
7490 6487 668
7490 6487 668
7490 6487 668
8468 6568 668
8468 6568 668
8468 6568 668
8468 6568 668
8468 6568 668
8468 6568 668
8468 6568 668
8468 6568 668
8468 6568 668
8468 6568 668
8468 6568 668
8468 6568 668
8468 6568 668
7760 8476 669
7760 8476 669
7760 8476 669
7760 8476 669
7760 8476 669
7760 8476 669
7760 8476 669
7760 8476 669
7760 8476 669
7760 8476 669
7760 8476 669
7760 8476 669
7903 7915 670
7903 7915 670
7903 7915 670
7903 7915 670
7903 7915 670
7903 7915 670
7903 7915 670
7903 7915 670
7903 7915 670
7903 7915 670
7903 7915 670
7903 7915 670
7454 6461 670
7454 6461 670
7454 6461 670
7454 6461 670
7454 6461 670
7454 6461 670
7454 6461 670
7454 6461 670
7454 6461 670
7454 6461 670
7454 6461 670
7454 6461 670
7711 8432 670
7711 8432 670
7711 8432 670
7711 8432 670
7711 8432 670
7711 8432 670
7711 8432 670
7711 8432 670
7711 8432 670
7711 8432 670
7711 8432 670
7711 8432 670
6542 8459 670
6542 8459 670
6542 8459 670
6542 8459 670
6542 8459 670
6542 8459 670
6542 8459 670
6542 8459 670
6542 8459 670
6542 8459 670
6542 8459 670
6542 8459 670
5990 7709 671
5990 7709 671
5990 7709 671
5990 7709 671
5990 7709 671
5990 7709 671
5990 7709 671
5990 7709 671
5990 7709 671
5990 7709 671
5990 7709 671
5990 7709 671
8767 5319 672
8767 5319 672
8767 5319 672
8767 5319 672
8767 5319 672
8767 5319 672
8767 5319 672
8767 5319 672
8767 5319 672
8767 5319 672
8767 5319 672
8767 5319 672
8767 5319 672
7702 8459 673
7702 8459 673
7702 8459 673
7702 8459 673
7702 8459 673
7702 8459 673
7702 8459 673
7702 8459 673
7702 8459 673
7702 8459 673
7702 8459 673
7702 8459 673
7702 8459 673
6590 5252 673
6590 5252 673
6590 5252 673
6590 5252 673
6590 5252 673
6590 5252 673
6590 5252 673
6590 5252 673
6590 5252 673
6590 5252 673
6590 5252 673
6590 5252 673
7709 7734 673
7709 7734 673
7709 7734 673
7709 7734 673
7709 7734 673
7709 7734 673
7709 7734 673
7709 7734 673
7709 7734 673
7709 7734 673
7709 7734 673
7709 7734 673
7909 7687 674
7909 7687 674
7909 7687 674
7909 7687 674
7909 7687 674
7909 7687 674
7909 7687 674
7909 7687 674
7909 7687 674
7909 7687 674
7909 7687 674
7909 7687 674
5390 7715 675
5390 7715 675
5390 7715 675
5390 7715 675
5390 7715 675
5390 7715 675
5390 7715 675
5390 7715 675
5390 7715 675
5390 7715 675
5390 7715 675
5390 7715 675
5390 7715 675
7715 7982 675
7715 7982 675
7715 7982 675
7715 7982 675
7715 7982 675
7715 7982 675
7715 7982 675
7715 7982 675
7715 7982 675
7715 7982 675
7715 7982 675
7715 7982 675
7715 7982 675
7790 7842 676
7790 7842 676
7790 7842 676
7790 7842 676
7790 7842 676
7790 7842 676
7790 7842 676
7790 7842 676
7790 7842 676
7790 7842 676
7790 7842 676
7790 7842 676
7790 7842 676
7720 7744 676
7720 7744 676
7720 7744 676
7720 7744 676
7720 7744 676
7720 7744 676
7720 7744 676
7720 7744 676
7720 7744 676
7720 7744 676
7720 7744 676
7720 7744 676
7720 7744 676
5254 9145 676
5254 9145 676
5254 9145 676
5254 9145 676
5254 9145 676
5254 9145 676
5254 9145 676
5254 9145 676
5254 9145 676
5254 9145 676
5254 9145 676
5254 9145 676
5254 9145 676
7744 7967 676
7744 7967 676
7744 7967 676
7744 7967 676
7744 7967 676
7744 7967 676
7744 7967 676
7744 7967 676
7744 7967 676
7744 7967 676
7744 7967 676
7744 7967 676
7744 7967 676
7917 7800 677
7917 7800 677
7917 7800 677
7917 7800 677
7917 7800 677
7917 7800 677
7917 7800 677
7917 7800 677
7917 7800 677
7917 7800 677
7917 7800 677
7917 7800 677
7917 7800 677
5296 5252 677
5296 5252 677
5296 5252 677
5296 5252 677
5296 5252 677
5296 5252 677
5296 5252 677
5296 5252 677
5296 5252 677
5296 5252 677
5296 5252 677
5296 5252 677
7916 6442 677
7916 6442 677
7916 6442 677
7916 6442 677
7916 6442 677
7916 6442 677
7916 6442 677
7916 6442 677
7916 6442 677
7916 6442 677
7916 6442 677
7916 6442 677
7916 6442 677
5560 5426 677
5560 5426 677
5560 5426 677
5560 5426 677
5560 5426 677
5560 5426 677
5560 5426 677
5560 5426 677
5560 5426 677
5560 5426 677
5560 5426 677
5560 5426 677
5551 5506 677
5551 5506 677
5551 5506 677
5551 5506 677
5551 5506 677
5551 5506 677
5551 5506 677
5551 5506 677
5551 5506 677
5551 5506 677
5551 5506 677
5551 5506 677
6380 6371 678
6380 6371 678
6380 6371 678
6380 6371 678
6380 6371 678
6380 6371 678
6380 6371 678
6380 6371 678
6380 6371 678
6380 6371 678
6380 6371 678
6380 6371 678
6380 6371 678
8431 5285 679
8431 5285 679
8431 5285 679
8431 5285 679
8431 5285 679
8431 5285 679
8431 5285 679
8431 5285 679
8431 5285 679
8431 5285 679
8431 5285 679
8431 5285 679
5575 5551 679
5575 5551 679
5575 5551 679
5575 5551 679
5575 5551 679
5575 5551 679
5575 5551 679
5575 5551 679
5575 5551 679
5575 5551 679
5575 5551 679
5575 5551 679
6610 6587 679
6610 6587 679
6610 6587 679
6610 6587 679
6610 6587 679
6610 6587 679
6610 6587 679
6610 6587 679
6610 6587 679
6610 6587 679
6610 6587 679
6610 6587 679
6610 6587 679
8781 8772 680
8781 8772 680
8781 8772 680
8781 8772 680
8781 8772 680
8781 8772 680
8781 8772 680
8781 8772 680
8781 8772 680
8781 8772 680
8781 8772 680
8781 8772 680
7731 7812 680
7731 7812 680
7731 7812 680
7731 7812 680
7731 7812 680
7731 7812 680
7731 7812 680
7731 7812 680
7731 7812 680
7731 7812 680
7731 7812 680
7731 7812 680
5304 9257 680
5304 9257 680
5304 9257 680
5304 9257 680
5304 9257 680
5304 9257 680
5304 9257 680
5304 9257 680
5304 9257 680
5304 9257 680
5304 9257 680
5304 9257 680
5304 9257 680
5380 8695 681
5380 8695 681
5380 8695 681
5380 8695 681
5380 8695 681
5380 8695 681
5380 8695 681
5380 8695 681
5380 8695 681
5380 8695 681
5380 8695 681
5380 8695 681
5380 8695 681
7665 7860 681
7665 7860 681
7665 7860 681
7665 7860 681
7665 7860 681
7665 7860 681
7665 7860 681
7665 7860 681
7665 7860 681
7665 7860 681
7665 7860 681
7665 7860 681
6530 8438 681
6530 8438 681
6530 8438 681
6530 8438 681
6530 8438 681
6530 8438 681
6530 8438 681
6530 8438 681
6530 8438 681
6530 8438 681
6530 8438 681
6530 8438 681
5251 5285 681
5251 5285 681
5251 5285 681
5251 5285 681
5251 5285 681
5251 5285 681
5251 5285 681
5251 5285 681
5251 5285 681
5251 5285 681
5251 5285 681
5251 5285 681
7664 6426 682
7664 6426 682
7664 6426 682
7664 6426 682
7664 6426 682
7664 6426 682
7664 6426 682
7664 6426 682
7664 6426 682
7664 6426 682
7664 6426 682
7664 6426 682
7664 6426 682
6033 6038 682
6033 6038 682
6033 6038 682
6033 6038 682
6033 6038 682
6033 6038 682
6033 6038 682
6033 6038 682
6033 6038 682
6033 6038 682
6033 6038 682
6033 6038 682
6033 6038 682
8457 5433 682
8457 5433 682
8457 5433 682
8457 5433 682
8457 5433 682
8457 5433 682
8457 5433 682
8457 5433 682
8457 5433 682
8457 5433 682
8457 5433 682
8457 5433 682
8457 5433 682
6543 9518 682
6543 9518 682
6543 9518 682
6543 9518 682
6543 9518 682
6543 9518 682
6543 9518 682
6543 9518 682
6543 9518 682
6543 9518 682
6543 9518 682
6543 9518 682
9163 9148 683
9163 9148 683
9163 9148 683
9163 9148 683
9163 9148 683
9163 9148 683
9163 9148 683
9163 9148 683
9163 9148 683
9163 9148 683
9163 9148 683
9163 9148 683
9163 9148 683
7702 6607 683
7702 6607 683
7702 6607 683
7702 6607 683
7702 6607 683
7702 6607 683
7702 6607 683
7702 6607 683
7702 6607 683
7702 6607 683
7702 6607 683
7702 6607 683
7702 6607 683
7692 6513 683
7692 6513 683
7692 6513 683
7692 6513 683
7692 6513 683
7692 6513 683
7692 6513 683
7692 6513 683
7692 6513 683
7692 6513 683
7692 6513 683
7692 6513 683
7692 6513 683
7716 7922 683
7716 7922 683
7716 7922 683
7716 7922 683
7716 7922 683
7716 7922 683
7716 7922 683
7716 7922 683
7716 7922 683
7716 7922 683
7716 7922 683
7716 7922 683
7690 7938 684
7690 7938 684
7690 7938 684
7690 7938 684
7690 7938 684
7690 7938 684
7690 7938 684
7690 7938 684
7690 7938 684
7690 7938 684
7690 7938 684
7690 7938 684
6604 7769 684
6604 7769 684
6604 7769 684
6604 7769 684
6604 7769 684
6604 7769 684
6604 7769 684
6604 7769 684
6604 7769 684
6604 7769 684
6604 7769 684
6604 7769 684
6604 7769 684
7713 7747 684
7713 7747 684
7713 7747 684
7713 7747 684
7713 7747 684
7713 7747 684
7713 7747 684
7713 7747 684
7713 7747 684
7713 7747 684
7713 7747 684
7713 7747 684
6067 8462 684
6067 8462 684
6067 8462 684
6067 8462 684
6067 8462 684
6067 8462 684
6067 8462 684
6067 8462 684
6067 8462 684
6067 8462 684
6067 8462 684
6067 8462 684
6067 8462 684
8452 7707 684
8452 7707 684
8452 7707 684
8452 7707 684
8452 7707 684
8452 7707 684
8452 7707 684
8452 7707 684
8452 7707 684
8452 7707 684
8452 7707 684
8452 7707 684
8452 7707 684
7497 6495 685
7497 6495 685
7497 6495 685
7497 6495 685
7497 6495 685
7497 6495 685
7497 6495 685
7497 6495 685
7497 6495 685
7497 6495 685
7497 6495 685
7497 6495 685
7497 6495 685
8446 7691 686
8446 7691 686
8446 7691 686
8446 7691 686
8446 7691 686
8446 7691 686
8446 7691 686
8446 7691 686
8446 7691 686
8446 7691 686
8446 7691 686
8446 7691 686
8446 7691 686
9150 5252 686
9150 5252 686
9150 5252 686
9150 5252 686
9150 5252 686
9150 5252 686
9150 5252 686
9150 5252 686
9150 5252 686
9150 5252 686
9150 5252 686
9150 5252 686
6558 7697 686
6558 7697 686
6558 7697 686
6558 7697 686
6558 7697 686
6558 7697 686
6558 7697 686
6558 7697 686
6558 7697 686
6558 7697 686
6558 7697 686
6558 7697 686
5985 7757 686
5985 7757 686
5985 7757 686
5985 7757 686
5985 7757 686
5985 7757 686
5985 7757 686
5985 7757 686
5985 7757 686
5985 7757 686
5985 7757 686
5985 7757 686
5985 7757 686
7650 8354 686
7650 8354 686
7650 8354 686
7650 8354 686
7650 8354 686
7650 8354 686
7650 8354 686
7650 8354 686
7650 8354 686
7650 8354 686
7650 8354 686
7650 8354 686
7650 8354 686
6595 7778 686
6595 7778 686
6595 7778 686
6595 7778 686
6595 7778 686
6595 7778 686
6595 7778 686
6595 7778 686
6595 7778 686
6595 7778 686
6595 7778 686
6595 7778 686
7687 7814 686
7687 7814 686
7687 7814 686
7687 7814 686
7687 7814 686
7687 7814 686
7687 7814 686
7687 7814 686
7687 7814 686
7687 7814 686
7687 7814 686
7687 7814 686
7687 7814 686
7968 7730 687
7968 7730 687
7968 7730 687
7968 7730 687
7968 7730 687
7968 7730 687
7968 7730 687
7968 7730 687
7968 7730 687
7968 7730 687
7968 7730 687
7968 7730 687
8664 5275 687
8664 5275 687
8664 5275 687
8664 5275 687
8664 5275 687
8664 5275 687
8664 5275 687
8664 5275 687
8664 5275 687
8664 5275 687
8664 5275 687
8664 5275 687
8664 5275 687
6042 5364 687
6042 5364 687
6042 5364 687
6042 5364 687
6042 5364 687
6042 5364 687
6042 5364 687
6042 5364 687
6042 5364 687
6042 5364 687
6042 5364 687
6042 5364 687
6042 5364 687
7838 7922 688
7838 7922 688
7838 7922 688
7838 7922 688
7838 7922 688
7838 7922 688
7838 7922 688
7838 7922 688
7838 7922 688
7838 7922 688
7838 7922 688
7838 7922 688
7838 7922 688
7687 6522 688
7687 6522 688
7687 6522 688
7687 6522 688
7687 6522 688
7687 6522 688
7687 6522 688
7687 6522 688
7687 6522 688
7687 6522 688
7687 6522 688
7687 6522 688
7687 6522 688
9603 6365 688
9603 6365 688
9603 6365 688
9603 6365 688
9603 6365 688
9603 6365 688
9603 6365 688
9603 6365 688
9603 6365 688
9603 6365 688
9603 6365 688
9603 6365 688
9603 6365 688
7754 7817 689
7754 7817 689
7754 7817 689
7754 7817 689
7754 7817 689
7754 7817 689
7754 7817 689
7754 7817 689
7754 7817 689
7754 7817 689
7754 7817 689
7754 7817 689
7754 7817 689
7655 7871 689
7655 7871 689
7655 7871 689
7655 7871 689
7655 7871 689
7655 7871 689
7655 7871 689
7655 7871 689
7655 7871 689
7655 7871 689
7655 7871 689
7655 7871 689
7478 6334 689
7478 6334 689
7478 6334 689
7478 6334 689
7478 6334 689
7478 6334 689
7478 6334 689
7478 6334 689
7478 6334 689
7478 6334 689
7478 6334 689
7478 6334 689
5405 5270 690
5405 5270 690
5405 5270 690
5405 5270 690
5405 5270 690
5405 5270 690
5405 5270 690
5405 5270 690
5405 5270 690
5405 5270 690
5405 5270 690
5405 5270 690
5405 5270 690
5547 5478 690
5547 5478 690
5547 5478 690
5547 5478 690
5547 5478 690
5547 5478 690
5547 5478 690
5547 5478 690
5547 5478 690
5547 5478 690
5547 5478 690
5547 5478 690
5547 5478 690
5363 6601 690
5363 6601 690
5363 6601 690
5363 6601 690
5363 6601 690
5363 6601 690
5363 6601 690
5363 6601 690
5363 6601 690
5363 6601 690
5363 6601 690
5363 6601 690
7829 7754 690
7829 7754 690
7829 7754 690
7829 7754 690
7829 7754 690
7829 7754 690
7829 7754 690
7829 7754 690
7829 7754 690
7829 7754 690
7829 7754 690
7829 7754 690
6579 6590 690
6579 6590 690
6579 6590 690
6579 6590 690
6579 6590 690
6579 6590 690
6579 6590 690
6579 6590 690
6579 6590 690
6579 6590 690
6579 6590 690
6579 6590 690
9159 5459 691
9159 5459 691
9159 5459 691
9159 5459 691
9159 5459 691
9159 5459 691
9159 5459 691
9159 5459 691
9159 5459 691
9159 5459 691
9159 5459 691
9159 5459 691
6037 6590 691
6037 6590 691
6037 6590 691
6037 6590 691
6037 6590 691
6037 6590 691
6037 6590 691
6037 6590 691
6037 6590 691
6037 6590 691
6037 6590 691
6037 6590 691
6037 6590 691
8680 6571 691
8680 6571 691
8680 6571 691
8680 6571 691
8680 6571 691
8680 6571 691
8680 6571 691
8680 6571 691
8680 6571 691
8680 6571 691
8680 6571 691
8680 6571 691
8680 6571 691
6611 7687 691
6611 7687 691
6611 7687 691
6611 7687 691
6611 7687 691
6611 7687 691
6611 7687 691
6611 7687 691
6611 7687 691
6611 7687 691
6611 7687 691
6611 7687 691
6611 7687 691
5275 5242 692
5275 5242 692
5275 5242 692
5275 5242 692
5275 5242 692
5275 5242 692
5275 5242 692
5275 5242 692
5275 5242 692
5275 5242 692
5275 5242 692
5275 5242 692
5275 5242 692
5307 5278 692
5307 5278 692
5307 5278 692
5307 5278 692
5307 5278 692
5307 5278 692
5307 5278 692
5307 5278 692
5307 5278 692
5307 5278 692
5307 5278 692
5307 5278 692
5307 5278 692
7690 7765 692
7690 7765 692
7690 7765 692
7690 7765 692
7690 7765 692
7690 7765 692
7690 7765 692
7690 7765 692
7690 7765 692
7690 7765 692
7690 7765 692
7690 7765 692
7859 7750 693
7859 7750 693
7859 7750 693
7859 7750 693
7859 7750 693
7859 7750 693
7859 7750 693
7859 7750 693
7859 7750 693
7859 7750 693
7859 7750 693
7859 7750 693
7831 7678 693
7831 7678 693
7831 7678 693
7831 7678 693
7831 7678 693
7831 7678 693
7831 7678 693
7831 7678 693
7831 7678 693
7831 7678 693
7831 7678 693
7831 7678 693
7831 7678 693
7891 7731 693
7891 7731 693
7891 7731 693
7891 7731 693
7891 7731 693
7891 7731 693
7891 7731 693
7891 7731 693
7891 7731 693
7891 7731 693
7891 7731 693
7891 7731 693
7891 7731 693
8468 7694 693
8468 7694 693
8468 7694 693
8468 7694 693
8468 7694 693
8468 7694 693
8468 7694 693
8468 7694 693
8468 7694 693
8468 7694 693
8468 7694 693
8468 7694 693
8468 7694 693
6594 5925 693
6594 5925 693
6594 5925 693
6594 5925 693
6594 5925 693
6594 5925 693
6594 5925 693
6594 5925 693
6594 5925 693
6594 5925 693
6594 5925 693
6594 5925 693
6594 5925 693
6582 6552 694
6582 6552 694
6582 6552 694
6582 6552 694
6582 6552 694
6582 6552 694
6582 6552 694
6582 6552 694
6582 6552 694
6582 6552 694
6582 6552 694
6582 6552 694
6582 6552 694
7788 8355 694
7788 8355 694
7788 8355 694
7788 8355 694
7788 8355 694
7788 8355 694
7788 8355 694
7788 8355 694
7788 8355 694
7788 8355 694
7788 8355 694
7788 8355 694
7904 7740 694
7904 7740 694
7904 7740 694
7904 7740 694
7904 7740 694
7904 7740 694
7904 7740 694
7904 7740 694
7904 7740 694
7904 7740 694
7904 7740 694
7904 7740 694
7914 7942 694
7914 7942 694
7914 7942 694
7914 7942 694
7914 7942 694
7914 7942 694
7914 7942 694
7914 7942 694
7914 7942 694
7914 7942 694
7914 7942 694
7914 7942 694
7914 7942 694
8771 5291 695
8771 5291 695
8771 5291 695
8771 5291 695
8771 5291 695
8771 5291 695
8771 5291 695
8771 5291 695
8771 5291 695
8771 5291 695
8771 5291 695
8771 5291 695
8771 5291 695
9277 9187 695
9277 9187 695
9277 9187 695
9277 9187 695
9277 9187 695
9277 9187 695
9277 9187 695
9277 9187 695
9277 9187 695
9277 9187 695
9277 9187 695
9277 9187 695
9277 9187 695
7850 7633 696
7850 7633 696
7850 7633 696
7850 7633 696
7850 7633 696
7850 7633 696
7850 7633 696
7850 7633 696
7850 7633 696
7850 7633 696
7850 7633 696
7850 7633 696
7654 7518 696
7654 7518 696
7654 7518 696
7654 7518 696
7654 7518 696
7654 7518 696
7654 7518 696
7654 7518 696
7654 7518 696
7654 7518 696
7654 7518 696
7654 7518 696
7654 7518 696
5421 5437 696
5421 5437 696
5421 5437 696
5421 5437 696
5421 5437 696
5421 5437 696
5421 5437 696
5421 5437 696
5421 5437 696
5421 5437 696
5421 5437 696
5421 5437 696
5421 5437 696
7750 8465 697
7750 8465 697
7750 8465 697
7750 8465 697
7750 8465 697
7750 8465 697
7750 8465 697
7750 8465 697
7750 8465 697
7750 8465 697
7750 8465 697
7750 8465 697
7880 8353 697
7880 8353 697
7880 8353 697
7880 8353 697
7880 8353 697
7880 8353 697
7880 8353 697
7880 8353 697
7880 8353 697
7880 8353 697
7880 8353 697
7880 8353 697
6450 9606 697
6450 9606 697
6450 9606 697
6450 9606 697
6450 9606 697
6450 9606 697
6450 9606 697
6450 9606 697
6450 9606 697
6450 9606 697
6450 9606 697
6450 9606 697
6450 9606 697
8455 5412 698
8455 5412 698
8455 5412 698
8455 5412 698
8455 5412 698
8455 5412 698
8455 5412 698
8455 5412 698
8455 5412 698
8455 5412 698
8455 5412 698
8455 5412 698
7737 7796 698
7737 7796 698
7737 7796 698
7737 7796 698
7737 7796 698
7737 7796 698
7737 7796 698
7737 7796 698
7737 7796 698
7737 7796 698
7737 7796 698
7737 7796 698
7737 7796 698
5392 5244 698
5392 5244 698
5392 5244 698
5392 5244 698
5392 5244 698
5392 5244 698
5392 5244 698
5392 5244 698
5392 5244 698
5392 5244 698
5392 5244 698
5392 5244 698
5392 5244 698
6603 8437 699
6603 8437 699
6603 8437 699
6603 8437 699
6603 8437 699
6603 8437 699
6603 8437 699
6603 8437 699
6603 8437 699
6603 8437 699
6603 8437 699
6603 8437 699
6428 6466 699
6428 6466 699
6428 6466 699
6428 6466 699
6428 6466 699
6428 6466 699
6428 6466 699
6428 6466 699
6428 6466 699
6428 6466 699
6428 6466 699
6428 6466 699
6428 6466 699
5487 5556 699
5487 5556 699
5487 5556 699
5487 5556 699
5487 5556 699
5487 5556 699
5487 5556 699
5487 5556 699
5487 5556 699
5487 5556 699
5487 5556 699
5487 5556 699
7632 7715 700
7632 7715 700
7632 7715 700
7632 7715 700
7632 7715 700
7632 7715 700
7632 7715 700
7632 7715 700
7632 7715 700
7632 7715 700
7632 7715 700
7632 7715 700
7908 7697 701
7908 7697 701
7908 7697 701
7908 7697 701
7908 7697 701
7908 7697 701
7908 7697 701
7908 7697 701
7908 7697 701
7908 7697 701
7908 7697 701
7908 7697 701
7908 7697 701
7913 7882 701
7913 7882 701
7913 7882 701
7913 7882 701
7913 7882 701
7913 7882 701
7913 7882 701
7913 7882 701
7913 7882 701
7913 7882 701
7913 7882 701
7913 7882 701
5413 5271 702
5413 5271 702
5413 5271 702
5413 5271 702
5413 5271 702
5413 5271 702
5413 5271 702
5413 5271 702
5413 5271 702
5413 5271 702
5413 5271 702
5413 5271 702
7694 7916 702
7694 7916 702
7694 7916 702
7694 7916 702
7694 7916 702
7694 7916 702
7694 7916 702
7694 7916 702
7694 7916 702
7694 7916 702
7694 7916 702
7694 7916 702
7694 7916 702
8750 5277 703
8750 5277 703
8750 5277 703
8750 5277 703
8750 5277 703
8750 5277 703
8750 5277 703
8750 5277 703
8750 5277 703
8750 5277 703
8750 5277 703
8750 5277 703
7728 7936 703
7728 7936 703
7728 7936 703
7728 7936 703
7728 7936 703
7728 7936 703
7728 7936 703
7728 7936 703
7728 7936 703
7728 7936 703
7728 7936 703
7728 7936 703
9630 6569 703
9630 6569 703
9630 6569 703
9630 6569 703
9630 6569 703
9630 6569 703
9630 6569 703
9630 6569 703
9630 6569 703
9630 6569 703
9630 6569 703
9630 6569 703
7772 7711 703
7772 7711 703
7772 7711 703
7772 7711 703
7772 7711 703
7772 7711 703
7772 7711 703
7772 7711 703
7772 7711 703
7772 7711 703
7772 7711 703
7772 7711 703
7743 7847 703
7743 7847 703
7743 7847 703
7743 7847 703
7743 7847 703
7743 7847 703
7743 7847 703
7743 7847 703
7743 7847 703
7743 7847 703
7743 7847 703
7743 7847 703
7743 7847 703
7734 7877 704
7734 7877 704
7734 7877 704
7734 7877 704
7734 7877 704
7734 7877 704
7734 7877 704
7734 7877 704
7734 7877 704
7734 7877 704
7734 7877 704
7734 7877 704
7734 7877 704
7941 7968 704
7941 7968 704
7941 7968 704
7941 7968 704
7941 7968 704
7941 7968 704
7941 7968 704
7941 7968 704
7941 7968 704
7941 7968 704
7941 7968 704
7941 7968 704
7941 7968 704
5277 9212 704
5277 9212 704
5277 9212 704
5277 9212 704
5277 9212 704
5277 9212 704
5277 9212 704
5277 9212 704
5277 9212 704
5277 9212 704
5277 9212 704
5277 9212 704
6566 8434 704
6566 8434 704
6566 8434 704
6566 8434 704
6566 8434 704
6566 8434 704
6566 8434 704
6566 8434 704
6566 8434 704
6566 8434 704
6566 8434 704
6566 8434 704
6566 8434 704
5425 5263 704
5425 5263 704
5425 5263 704
5425 5263 704
5425 5263 704
5425 5263 704
5425 5263 704
5425 5263 704
5425 5263 704
5425 5263 704
5425 5263 704
5425 5263 704
5425 5263 704
5358 6592 704
5358 6592 704
5358 6592 704
5358 6592 704
5358 6592 704
5358 6592 704
5358 6592 704
5358 6592 704
5358 6592 704
5358 6592 704
5358 6592 704
5358 6592 704
5281 6547 704
5281 6547 704
5281 6547 704
5281 6547 704
5281 6547 704
5281 6547 704
5281 6547 704
5281 6547 704
5281 6547 704
5281 6547 704
5281 6547 704
5281 6547 704
5281 6547 704
5484 5412 704
5484 5412 704
5484 5412 704
5484 5412 704
5484 5412 704
5484 5412 704
5484 5412 704
5484 5412 704
5484 5412 704
5484 5412 704
5484 5412 704
5484 5412 704
5276 5536 705
5276 5536 705
5276 5536 705
5276 5536 705
5276 5536 705
5276 5536 705
5276 5536 705
5276 5536 705
5276 5536 705
5276 5536 705
5276 5536 705
5276 5536 705
5276 5536 705
6497 6483 705
6497 6483 705
6497 6483 705
6497 6483 705
6497 6483 705
6497 6483 705
6497 6483 705
6497 6483 705
6497 6483 705
6497 6483 705
6497 6483 705
6497 6483 705
7915 7881 705
7915 7881 705
7915 7881 705
7915 7881 705
7915 7881 705
7915 7881 705
7915 7881 705
7915 7881 705
7915 7881 705
7915 7881 705
7915 7881 705
7915 7881 705
7915 7881 705
5364 6595 705
5364 6595 705
5364 6595 705
5364 6595 705
5364 6595 705
5364 6595 705
5364 6595 705
5364 6595 705
5364 6595 705
5364 6595 705
5364 6595 705
5364 6595 705
5364 6595 705
8457 5532 705
8457 5532 705
8457 5532 705
8457 5532 705
8457 5532 705
8457 5532 705
8457 5532 705
8457 5532 705
8457 5532 705
8457 5532 705
8457 5532 705
8457 5532 705
8373 7794 706
8373 7794 706
8373 7794 706
8373 7794 706
8373 7794 706
8373 7794 706
8373 7794 706
8373 7794 706
8373 7794 706
8373 7794 706
8373 7794 706
8373 7794 706
8459 7698 706
8459 7698 706
8459 7698 706
8459 7698 706
8459 7698 706
8459 7698 706
8459 7698 706
8459 7698 706
8459 7698 706
8459 7698 706
8459 7698 706
8459 7698 706
5297 5514 706
5297 5514 706
5297 5514 706
5297 5514 706
5297 5514 706
5297 5514 706
5297 5514 706
5297 5514 706
5297 5514 706
5297 5514 706
5297 5514 706
5297 5514 706
5297 5514 706
7688 6506 706
7688 6506 706
7688 6506 706
7688 6506 706
7688 6506 706
7688 6506 706
7688 6506 706
7688 6506 706
7688 6506 706
7688 6506 706
7688 6506 706
7688 6506 706
7938 5925 707
7938 5925 707
7938 5925 707
7938 5925 707
7938 5925 707
7938 5925 707
7938 5925 707
7938 5925 707
7938 5925 707
7938 5925 707
7938 5925 707
7938 5925 707
7938 5925 707
5426 5263 707
5426 5263 707
5426 5263 707
5426 5263 707
5426 5263 707
5426 5263 707
5426 5263 707
5426 5263 707
5426 5263 707
5426 5263 707
5426 5263 707
5426 5263 707
5426 5263 707
7809 7665 707
7809 7665 707
7809 7665 707
7809 7665 707
7809 7665 707
7809 7665 707
7809 7665 707
7809 7665 707
7809 7665 707
7809 7665 707
7809 7665 707
7809 7665 707
7809 7665 707
5334 5507 707
5334 5507 707
5334 5507 707
5334 5507 707
5334 5507 707
5334 5507 707
5334 5507 707
5334 5507 707
5334 5507 707
5334 5507 707
5334 5507 707
5334 5507 707
5334 5507 707
6465 7679 707
6465 7679 707
6465 7679 707
6465 7679 707
6465 7679 707
6465 7679 707
6465 7679 707
6465 7679 707
6465 7679 707
6465 7679 707
6465 7679 707
6465 7679 707
7700 6491 707
7700 6491 707
7700 6491 707
7700 6491 707
7700 6491 707
7700 6491 707
7700 6491 707
7700 6491 707
7700 6491 707
7700 6491 707
7700 6491 707
7700 6491 707
7700 6491 707
5435 5502 708
5435 5502 708
5435 5502 708
5435 5502 708
5435 5502 708
5435 5502 708
5435 5502 708
5435 5502 708
5435 5502 708
5435 5502 708
5435 5502 708
5435 5502 708
5986 8445 708
5986 8445 708
5986 8445 708
5986 8445 708
5986 8445 708
5986 8445 708
5986 8445 708
5986 8445 708
5986 8445 708
5986 8445 708
5986 8445 708
5986 8445 708
5986 8445 708
6523 6555 708
6523 6555 708
6523 6555 708
6523 6555 708
6523 6555 708
6523 6555 708
6523 6555 708
6523 6555 708
6523 6555 708
6523 6555 708
6523 6555 708
6523 6555 708
6523 6555 708
7883 7926 708
7883 7926 708
7883 7926 708
7883 7926 708
7883 7926 708
7883 7926 708
7883 7926 708
7883 7926 708
7883 7926 708
7883 7926 708
7883 7926 708
7883 7926 708
5509 5557 708
5509 5557 708
5509 5557 708
5509 5557 708
5509 5557 708
5509 5557 708
5509 5557 708
5509 5557 708
5509 5557 708
5509 5557 708
5509 5557 708
5509 5557 708
5509 5557 708
6507 6486 709
6507 6486 709
6507 6486 709
6507 6486 709
6507 6486 709
6507 6486 709
6507 6486 709
6507 6486 709
6507 6486 709
6507 6486 709
6507 6486 709
6507 6486 709
5364 6590 709
5364 6590 709
5364 6590 709
5364 6590 709
5364 6590 709
5364 6590 709
5364 6590 709
5364 6590 709
5364 6590 709
5364 6590 709
5364 6590 709
5364 6590 709
5364 6590 709
8663 9155 709
8663 9155 709
8663 9155 709
8663 9155 709
8663 9155 709
8663 9155 709
8663 9155 709
8663 9155 709
8663 9155 709
8663 9155 709
8663 9155 709
8663 9155 709
5394 8473 710
5394 8473 710
5394 8473 710
5394 8473 710
5394 8473 710
5394 8473 710
5394 8473 710
5394 8473 710
5394 8473 710
5394 8473 710
5394 8473 710
5394 8473 710
5394 8473 710
6557 5257 710
6557 5257 710
6557 5257 710
6557 5257 710
6557 5257 710
6557 5257 710
6557 5257 710
6557 5257 710
6557 5257 710
6557 5257 710
6557 5257 710
6557 5257 710
7732 7922 710
7732 7922 710
7732 7922 710
7732 7922 710
7732 7922 710
7732 7922 710
7732 7922 710
7732 7922 710
7732 7922 710
7732 7922 710
7732 7922 710
7732 7922 710
6544 8454 710
6544 8454 710
6544 8454 710
6544 8454 710
6544 8454 710
6544 8454 710
6544 8454 710
6544 8454 710
6544 8454 710
6544 8454 710
6544 8454 710
6544 8454 710
6544 8454 710
7740 7759 710
7740 7759 710
7740 7759 710
7740 7759 710
7740 7759 710
7740 7759 710
7740 7759 710
7740 7759 710
7740 7759 710
7740 7759 710
7740 7759 710
7740 7759 710
5444 6002 711
5444 6002 711
5444 6002 711
5444 6002 711
5444 6002 711
5444 6002 711
5444 6002 711
5444 6002 711
5444 6002 711
5444 6002 711
5444 6002 711
5444 6002 711
5284 5327 711
5284 5327 711
5284 5327 711
5284 5327 711
5284 5327 711
5284 5327 711
5284 5327 711
5284 5327 711
5284 5327 711
5284 5327 711
5284 5327 711
5284 5327 711
5284 5327 711
8444 7690 711
8444 7690 711
8444 7690 711
8444 7690 711
8444 7690 711
8444 7690 711
8444 7690 711
8444 7690 711
8444 7690 711
8444 7690 711
8444 7690 711
8444 7690 711
8353 9657 711
8353 9657 711
8353 9657 711
8353 9657 711
8353 9657 711
8353 9657 711
8353 9657 711
8353 9657 711
8353 9657 711
8353 9657 711
8353 9657 711
8353 9657 711
5397 8457 711
5397 8457 711
5397 8457 711
5397 8457 711
5397 8457 711
5397 8457 711
5397 8457 711
5397 8457 711
5397 8457 711
5397 8457 711
5397 8457 711
5397 8457 711
5397 8457 711
5582 5414 712
5582 5414 712
5582 5414 712
5582 5414 712
5582 5414 712
5582 5414 712
5582 5414 712
5582 5414 712
5582 5414 712
5582 5414 712
5582 5414 712
5582 5414 712
7752 7889 712
7752 7889 712
7752 7889 712
7752 7889 712
7752 7889 712
7752 7889 712
7752 7889 712
7752 7889 712
7752 7889 712
7752 7889 712
7752 7889 712
7752 7889 712
7752 7889 712
5409 5547 712
5409 5547 712
5409 5547 712
5409 5547 712
5409 5547 712
5409 5547 712
5409 5547 712
5409 5547 712
5409 5547 712
5409 5547 712
5409 5547 712
5409 5547 712
5409 5547 712
7709 8450 712
7709 8450 712
7709 8450 712
7709 8450 712
7709 8450 712
7709 8450 712
7709 8450 712
7709 8450 712
7709 8450 712
7709 8450 712
7709 8450 712
7709 8450 712
7709 8450 712
5386 6604 712
5386 6604 712
5386 6604 712
5386 6604 712
5386 6604 712
5386 6604 712
5386 6604 712
5386 6604 712
5386 6604 712
5386 6604 712
5386 6604 712
5386 6604 712
5386 6604 712
5286 5266 712
5286 5266 712
5286 5266 712
5286 5266 712
5286 5266 712
5286 5266 712
5286 5266 712
5286 5266 712
5286 5266 712
5286 5266 712
5286 5266 712
5286 5266 712
5286 5266 712
5292 9192 713
5292 9192 713
5292 9192 713
5292 9192 713
5292 9192 713
5292 9192 713
5292 9192 713
5292 9192 713
5292 9192 713
5292 9192 713
5292 9192 713
5292 9192 713
6108 6017 713
6108 6017 713
6108 6017 713
6108 6017 713
6108 6017 713
6108 6017 713
6108 6017 713
6108 6017 713
6108 6017 713
6108 6017 713
6108 6017 713
6108 6017 713
8435 6542 713
8435 6542 713
8435 6542 713
8435 6542 713
8435 6542 713
8435 6542 713
8435 6542 713
8435 6542 713
8435 6542 713
8435 6542 713
8435 6542 713
8435 6542 713
5270 5444 713
5270 5444 713
5270 5444 713
5270 5444 713
5270 5444 713
5270 5444 713
5270 5444 713
5270 5444 713
5270 5444 713
5270 5444 713
5270 5444 713
5270 5444 713
5298 5353 714
5298 5353 714
5298 5353 714
5298 5353 714
5298 5353 714
5298 5353 714
5298 5353 714
5298 5353 714
5298 5353 714
5298 5353 714
5298 5353 714
5298 5353 714
9145 5258 714
9145 5258 714
9145 5258 714
9145 5258 714
9145 5258 714
9145 5258 714
9145 5258 714
9145 5258 714
9145 5258 714
9145 5258 714
9145 5258 714
9145 5258 714
7846 8381 714
7846 8381 714
7846 8381 714
7846 8381 714
7846 8381 714
7846 8381 714
7846 8381 714
7846 8381 714
7846 8381 714
7846 8381 714
7846 8381 714
7846 8381 714
8353 7788 714
8353 7788 714
8353 7788 714
8353 7788 714
8353 7788 714
8353 7788 714
8353 7788 714
8353 7788 714
8353 7788 714
8353 7788 714
8353 7788 714
8353 7788 714
8353 7788 714
7695 5992 714
7695 5992 714
7695 5992 714
7695 5992 714
7695 5992 714
7695 5992 714
7695 5992 714
7695 5992 714
7695 5992 714
7695 5992 714
7695 5992 714
7695 5992 714
7695 5992 714
6551 8681 715
6551 8681 715
6551 8681 715
6551 8681 715
6551 8681 715
6551 8681 715
6551 8681 715
6551 8681 715
6551 8681 715
6551 8681 715
6551 8681 715
6551 8681 715
5313 9229 715
5313 9229 715
5313 9229 715
5313 9229 715
5313 9229 715
5313 9229 715
5313 9229 715
5313 9229 715
5313 9229 715
5313 9229 715
5313 9229 715
5313 9229 715
5313 9229 715
6406 6605 715
6406 6605 715
6406 6605 715
6406 6605 715
6406 6605 715
6406 6605 715
6406 6605 715
6406 6605 715
6406 6605 715
6406 6605 715
6406 6605 715
6406 6605 715
8663 9154 715
8663 9154 715
8663 9154 715
8663 9154 715
8663 9154 715
8663 9154 715
8663 9154 715
8663 9154 715
8663 9154 715
8663 9154 715
8663 9154 715
8663 9154 715
7965 7890 715
7965 7890 715
7965 7890 715
7965 7890 715
7965 7890 715
7965 7890 715
7965 7890 715
7965 7890 715
7965 7890 715
7965 7890 715
7965 7890 715
7965 7890 715
7965 7890 715
7748 7783 716
7748 7783 716
7748 7783 716
7748 7783 716
7748 7783 716
7748 7783 716
7748 7783 716
7748 7783 716
7748 7783 716
7748 7783 716
7748 7783 716
7748 7783 716
7748 7783 716
5417 6025 716
5417 6025 716
5417 6025 716
5417 6025 716
5417 6025 716
5417 6025 716
5417 6025 716
5417 6025 716
5417 6025 716
5417 6025 716
5417 6025 716
5417 6025 716
6380 6507 716
6380 6507 716
6380 6507 716
6380 6507 716
6380 6507 716
6380 6507 716
6380 6507 716
6380 6507 716
6380 6507 716
6380 6507 716
6380 6507 716
6380 6507 716
5524 6017 716
5524 6017 716
5524 6017 716
5524 6017 716
5524 6017 716
5524 6017 716
5524 6017 716
5524 6017 716
5524 6017 716
5524 6017 716
5524 6017 716
5524 6017 716
6348 8672 716
6348 8672 716
6348 8672 716
6348 8672 716
6348 8672 716
6348 8672 716
6348 8672 716
6348 8672 716
6348 8672 716
6348 8672 716
6348 8672 716
6348 8672 716
6348 8672 716
7754 8448 716
7754 8448 716
7754 8448 716
7754 8448 716
7754 8448 716
7754 8448 716
7754 8448 716
7754 8448 716
7754 8448 716
7754 8448 716
7754 8448 716
7754 8448 716
7754 8448 716
6585 5355 717
6585 5355 717
6585 5355 717
6585 5355 717
6585 5355 717
6585 5355 717
6585 5355 717
6585 5355 717
6585 5355 717
6585 5355 717
6585 5355 717
6585 5355 717
6585 5355 717
7896 7918 717
7896 7918 717
7896 7918 717
7896 7918 717
7896 7918 717
7896 7918 717
7896 7918 717
7896 7918 717
7896 7918 717
7896 7918 717
7896 7918 717
7896 7918 717
7896 7918 717
7772 6580 717
7772 6580 717
7772 6580 717
7772 6580 717
7772 6580 717
7772 6580 717
7772 6580 717
7772 6580 717
7772 6580 717
7772 6580 717
7772 6580 717
7772 6580 717
6344 6557 717
6344 6557 717
6344 6557 717
6344 6557 717
6344 6557 717
6344 6557 717
6344 6557 717
6344 6557 717
6344 6557 717
6344 6557 717
6344 6557 717
6344 6557 717
5263 8774 717
5263 8774 717
5263 8774 717
5263 8774 717
5263 8774 717
5263 8774 717
5263 8774 717
5263 8774 717
5263 8774 717
5263 8774 717
5263 8774 717
5263 8774 717
5263 8774 717
5280 6019 718
5280 6019 718
5280 6019 718
5280 6019 718
5280 6019 718
5280 6019 718
5280 6019 718
5280 6019 718
5280 6019 718
5280 6019 718
5280 6019 718
5280 6019 718
6589 6507 718
6589 6507 718
6589 6507 718
6589 6507 718
6589 6507 718
6589 6507 718
6589 6507 718
6589 6507 718
6589 6507 718
6589 6507 718
6589 6507 718
6589 6507 718
5298 5290 718
5298 5290 718
5298 5290 718
5298 5290 718
5298 5290 718
5298 5290 718
5298 5290 718
5298 5290 718
5298 5290 718
5298 5290 718
5298 5290 718
5298 5290 718
5298 5290 718
5354 5379 718
5354 5379 718
5354 5379 718
5354 5379 718
5354 5379 718
5354 5379 718
5354 5379 718
5354 5379 718
5354 5379 718
5354 5379 718
5354 5379 718
5354 5379 718
5354 5379 718
7861 7899 718
7861 7899 718
7861 7899 718
7861 7899 718
7861 7899 718
7861 7899 718
7861 7899 718
7861 7899 718
7861 7899 718
7861 7899 718
7861 7899 718
7861 7899 718
7861 7899 718
5414 5990 718
5414 5990 718
5414 5990 718
5414 5990 718
5414 5990 718
5414 5990 718
5414 5990 718
5414 5990 718
5414 5990 718
5414 5990 718
5414 5990 718
5414 5990 718
5414 5990 718
5444 5298 718
5444 5298 718
5444 5298 718
5444 5298 718
5444 5298 718
5444 5298 718
5444 5298 718
5444 5298 718
5444 5298 718
5444 5298 718
5444 5298 718
5444 5298 718
5444 5298 718
6369 6564 718
6369 6564 718
6369 6564 718
6369 6564 718
6369 6564 718
6369 6564 718
6369 6564 718
6369 6564 718
6369 6564 718
6369 6564 718
6369 6564 718
6369 6564 718
7655 7833 719
7655 7833 719
7655 7833 719
7655 7833 719
7655 7833 719
7655 7833 719
7655 7833 719
7655 7833 719
7655 7833 719
7655 7833 719
7655 7833 719
7655 7833 719
5302 9178 720
5302 9178 720
5302 9178 720
5302 9178 720
5302 9178 720
5302 9178 720
5302 9178 720
5302 9178 720
5302 9178 720
5302 9178 720
5302 9178 720
5302 9178 720
7800 7916 720
7800 7916 720
7800 7916 720
7800 7916 720
7800 7916 720
7800 7916 720
7800 7916 720
7800 7916 720
7800 7916 720
7800 7916 720
7800 7916 720
7800 7916 720
7800 7916 720
7686 6531 721
7686 6531 721
7686 6531 721
7686 6531 721
7686 6531 721
7686 6531 721
7686 6531 721
7686 6531 721
7686 6531 721
7686 6531 721
7686 6531 721
7686 6531 721
7786 7737 721
7786 7737 721
7786 7737 721
7786 7737 721
7786 7737 721
7786 7737 721
7786 7737 721
7786 7737 721
7786 7737 721
7786 7737 721
7786 7737 721
7786 7737 721
6558 6607 721
6558 6607 721
6558 6607 721
6558 6607 721
6558 6607 721
6558 6607 721
6558 6607 721
6558 6607 721
6558 6607 721
6558 6607 721
6558 6607 721
6558 6607 721
6558 6607 721
7763 6602 721
7763 6602 721
7763 6602 721
7763 6602 721
7763 6602 721
7763 6602 721
7763 6602 721
7763 6602 721
7763 6602 721
7763 6602 721
7763 6602 721
7763 6602 721
7763 6602 721
5257 8757 721
5257 8757 721
5257 8757 721
5257 8757 721
5257 8757 721
5257 8757 721
5257 8757 721
5257 8757 721
5257 8757 721
5257 8757 721
5257 8757 721
5257 8757 721
5518 5316 721
5518 5316 721
5518 5316 721
5518 5316 721
5518 5316 721
5518 5316 721
5518 5316 721
5518 5316 721
5518 5316 721
5518 5316 721
5518 5316 721
5518 5316 721
5518 5316 721
6574 6511 721
6574 6511 721
6574 6511 721
6574 6511 721
6574 6511 721
6574 6511 721
6574 6511 721
6574 6511 721
6574 6511 721
6574 6511 721
6574 6511 721
6574 6511 721
6574 6511 721
5279 5289 722
5279 5289 722
5279 5289 722
5279 5289 722
5279 5289 722
5279 5289 722
5279 5289 722
5279 5289 722
5279 5289 722
5279 5289 722
5279 5289 722
5279 5289 722
5279 5289 722
6548 5420 722
6548 5420 722
6548 5420 722
6548 5420 722
6548 5420 722
6548 5420 722
6548 5420 722
6548 5420 722
6548 5420 722
6548 5420 722
6548 5420 722
6548 5420 722
5451 9202 722
5451 9202 722
5451 9202 722
5451 9202 722
5451 9202 722
5451 9202 722
5451 9202 722
5451 9202 722
5451 9202 722
5451 9202 722
5451 9202 722
5451 9202 722
6428 6471 722
6428 6471 722
6428 6471 722
6428 6471 722
6428 6471 722
6428 6471 722
6428 6471 722
6428 6471 722
6428 6471 722
6428 6471 722
6428 6471 722
6428 6471 722
6428 6471 722
6605 6537 722
6605 6537 722
6605 6537 722
6605 6537 722
6605 6537 722
6605 6537 722
6605 6537 722
6605 6537 722
6605 6537 722
6605 6537 722
6605 6537 722
6605 6537 722
5295 5329 722
5295 5329 722
5295 5329 722
5295 5329 722
5295 5329 722
5295 5329 722
5295 5329 722
5295 5329 722
5295 5329 722
5295 5329 722
5295 5329 722
5295 5329 722
5295 5329 722
5488 6012 723
5488 6012 723
5488 6012 723
5488 6012 723
5488 6012 723
5488 6012 723
5488 6012 723
5488 6012 723
5488 6012 723
5488 6012 723
5488 6012 723
5488 6012 723
5488 6012 723
5390 5310 723
5390 5310 723
5390 5310 723
5390 5310 723
5390 5310 723
5390 5310 723
5390 5310 723
5390 5310 723
5390 5310 723
5390 5310 723
5390 5310 723
5390 5310 723
5392 5425 723
5392 5425 723
5392 5425 723
5392 5425 723
5392 5425 723
5392 5425 723
5392 5425 723
5392 5425 723
5392 5425 723
5392 5425 723
5392 5425 723
5392 5425 723
7786 5989 723
7786 5989 723
7786 5989 723
7786 5989 723
7786 5989 723
7786 5989 723
7786 5989 723
7786 5989 723
7786 5989 723
7786 5989 723
7786 5989 723
7786 5989 723
7786 5989 723
8462 5545 723
8462 5545 723
8462 5545 723
8462 5545 723
8462 5545 723
8462 5545 723
8462 5545 723
8462 5545 723
8462 5545 723
8462 5545 723
8462 5545 723
8462 5545 723
8462 5545 723
7481 7515 723
7481 7515 723
7481 7515 723
7481 7515 723
7481 7515 723
7481 7515 723
7481 7515 723
7481 7515 723
7481 7515 723
7481 7515 723
7481 7515 723
7481 7515 723
5291 5476 724
5291 5476 724
5291 5476 724
5291 5476 724
5291 5476 724
5291 5476 724
5291 5476 724
5291 5476 724
5291 5476 724
5291 5476 724
5291 5476 724
5291 5476 724
7661 7903 724
7661 7903 724
7661 7903 724
7661 7903 724
7661 7903 724
7661 7903 724
7661 7903 724
7661 7903 724
7661 7903 724
7661 7903 724
7661 7903 724
7661 7903 724
7661 7903 724
5439 5293 724
5439 5293 724
5439 5293 724
5439 5293 724
5439 5293 724
5439 5293 724
5439 5293 724
5439 5293 724
5439 5293 724
5439 5293 724
5439 5293 724
5439 5293 724
5439 5293 724
5358 5410 724
5358 5410 724
5358 5410 724
5358 5410 724
5358 5410 724
5358 5410 724
5358 5410 724
5358 5410 724
5358 5410 724
5358 5410 724
5358 5410 724
5358 5410 724
5358 5410 724
6451 6407 724
6451 6407 724
6451 6407 724
6451 6407 724
6451 6407 724
6451 6407 724
6451 6407 724
6451 6407 724
6451 6407 724
6451 6407 724
6451 6407 724
6451 6407 724
6451 6407 724
5448 8783 725
5448 8783 725
5448 8783 725
5448 8783 725
5448 8783 725
5448 8783 725
5448 8783 725
5448 8783 725
5448 8783 725
5448 8783 725
5448 8783 725
5448 8783 725
5448 8783 725
6551 5262 725
6551 5262 725
6551 5262 725
6551 5262 725
6551 5262 725
6551 5262 725
6551 5262 725
6551 5262 725
6551 5262 725
6551 5262 725
6551 5262 725
6551 5262 725
5283 8436 725
5283 8436 725
5283 8436 725
5283 8436 725
5283 8436 725
5283 8436 725
5283 8436 725
5283 8436 725
5283 8436 725
5283 8436 725
5283 8436 725
5283 8436 725
5358 5403 725
5358 5403 725
5358 5403 725
5358 5403 725
5358 5403 725
5358 5403 725
5358 5403 725
5358 5403 725
5358 5403 725
5358 5403 725
5358 5403 725
5358 5403 725
5358 5403 725
5417 5446 725
5417 5446 725
5417 5446 725
5417 5446 725
5417 5446 725
5417 5446 725
5417 5446 725
5417 5446 725
5417 5446 725
5417 5446 725
5417 5446 725
5417 5446 725
5430 8470 725
5430 8470 725
5430 8470 725
5430 8470 725
5430 8470 725
5430 8470 725
5430 8470 725
5430 8470 725
5430 8470 725
5430 8470 725
5430 8470 725
5430 8470 725
5430 8470 725
7776 8464 725
7776 8464 725
7776 8464 725
7776 8464 725
7776 8464 725
7776 8464 725
7776 8464 725
7776 8464 725
7776 8464 725
7776 8464 725
7776 8464 725
7776 8464 725
5307 5514 725
5307 5514 725
5307 5514 725
5307 5514 725
5307 5514 725
5307 5514 725
5307 5514 725
5307 5514 725
5307 5514 725
5307 5514 725
5307 5514 725
5307 5514 725
6606 6011 726
6606 6011 726
6606 6011 726
6606 6011 726
6606 6011 726
6606 6011 726
6606 6011 726
6606 6011 726
6606 6011 726
6606 6011 726
6606 6011 726
6606 6011 726
5392 5297 726
5392 5297 726
5392 5297 726
5392 5297 726
5392 5297 726
5392 5297 726
5392 5297 726
5392 5297 726
5392 5297 726
5392 5297 726
5392 5297 726
5392 5297 726
6407 5356 726
6407 5356 726
6407 5356 726
6407 5356 726
6407 5356 726
6407 5356 726
6407 5356 726
6407 5356 726
6407 5356 726
6407 5356 726
6407 5356 726
6407 5356 726
6407 5356 726
7748 7814 727
7748 7814 727
7748 7814 727
7748 7814 727
7748 7814 727
7748 7814 727
7748 7814 727
7748 7814 727
7748 7814 727
7748 7814 727
7748 7814 727
7748 7814 727
7748 7814 727
5282 5387 727
5282 5387 727
5282 5387 727
5282 5387 727
5282 5387 727
5282 5387 727
5282 5387 727
5282 5387 727
5282 5387 727
5282 5387 727
5282 5387 727
5282 5387 727
5282 5387 727
5297 8766 727
5297 8766 727
5297 8766 727
5297 8766 727
5297 8766 727
5297 8766 727
5297 8766 727
5297 8766 727
5297 8766 727
5297 8766 727
5297 8766 727
5297 8766 727
5297 8766 727
5544 5360 727
5544 5360 727
5544 5360 727
5544 5360 727
5544 5360 727
5544 5360 727
5544 5360 727
5544 5360 727
5544 5360 727
5544 5360 727
5544 5360 727
5544 5360 727
5544 5360 727
8435 5277 727
8435 5277 727
8435 5277 727
8435 5277 727
8435 5277 727
8435 5277 727
8435 5277 727
8435 5277 727
8435 5277 727
8435 5277 727
8435 5277 727
8435 5277 727
8445 7776 727
8445 7776 727
8445 7776 727
8445 7776 727
8445 7776 727
8445 7776 727
8445 7776 727
8445 7776 727
8445 7776 727
8445 7776 727
8445 7776 727
8445 7776 727
6582 7684 728
6582 7684 728
6582 7684 728
6582 7684 728
6582 7684 728
6582 7684 728
6582 7684 728
6582 7684 728
6582 7684 728
6582 7684 728
6582 7684 728
6582 7684 728
6590 5365 728
6590 5365 728
6590 5365 728
6590 5365 728
6590 5365 728
6590 5365 728
6590 5365 728
6590 5365 728
6590 5365 728
6590 5365 728
6590 5365 728
6590 5365 728
6590 5365 728
5283 5315 728
5283 5315 728
5283 5315 728
5283 5315 728
5283 5315 728
5283 5315 728
5283 5315 728
5283 5315 728
5283 5315 728
5283 5315 728
5283 5315 728
5283 5315 728
9250 5483 730
9250 5483 730
9250 5483 730
9250 5483 730
9250 5483 730
9250 5483 730
9250 5483 730
9250 5483 730
9250 5483 730
9250 5483 730
9250 5483 730
9250 5483 730
9250 5483 730
7697 7952 730
7697 7952 730
7697 7952 730
7697 7952 730
7697 7952 730
7697 7952 730
7697 7952 730
7697 7952 730
7697 7952 730
7697 7952 730
7697 7952 730
7697 7952 730
7697 7952 730
5714 9258 730
5714 9258 730
5714 9258 730
5714 9258 730
5714 9258 730
5714 9258 730
5714 9258 730
5714 9258 730
5714 9258 730
5714 9258 730
5714 9258 730
5714 9258 730
8781 5435 730
8781 5435 730
8781 5435 730
8781 5435 730
8781 5435 730
8781 5435 730
8781 5435 730
8781 5435 730
8781 5435 730
8781 5435 730
8781 5435 730
8781 5435 730
8781 5435 730
5993 5257 730
5993 5257 730
5993 5257 730
5993 5257 730
5993 5257 730
5993 5257 730
5993 5257 730
5993 5257 730
5993 5257 730
5993 5257 730
5993 5257 730
5993 5257 730
5993 5257 730
5410 5442 731
5410 5442 731
5410 5442 731
5410 5442 731
5410 5442 731
5410 5442 731
5410 5442 731
5410 5442 731
5410 5442 731
5410 5442 731
5410 5442 731
5410 5442 731
5410 5442 731
8436 6591 732
8436 6591 732
8436 6591 732
8436 6591 732
8436 6591 732
8436 6591 732
8436 6591 732
8436 6591 732
8436 6591 732
8436 6591 732
8436 6591 732
8436 6591 732
8759 8432 733
8759 8432 733
8759 8432 733
8759 8432 733
8759 8432 733
8759 8432 733
8759 8432 733
8759 8432 733
8759 8432 733
8759 8432 733
8759 8432 733
8759 8432 733
7484 6497 733
7484 6497 733
7484 6497 733
7484 6497 733
7484 6497 733
7484 6497 733
7484 6497 733
7484 6497 733
7484 6497 733
7484 6497 733
7484 6497 733
7484 6497 733
7886 7742 733
7886 7742 733
7886 7742 733
7886 7742 733
7886 7742 733
7886 7742 733
7886 7742 733
7886 7742 733
7886 7742 733
7886 7742 733
7886 7742 733
7886 7742 733
7886 7742 733
6544 8768 734
6544 8768 734
6544 8768 734
6544 8768 734
6544 8768 734
6544 8768 734
6544 8768 734
6544 8768 734
6544 8768 734
6544 8768 734
6544 8768 734
6544 8768 734
5551 6018 734
5551 6018 734
5551 6018 734
5551 6018 734
5551 6018 734
5551 6018 734
5551 6018 734
5551 6018 734
5551 6018 734
5551 6018 734
5551 6018 734
5551 6018 734
5551 6018 734
5411 5354 734
5411 5354 734
5411 5354 734
5411 5354 734
5411 5354 734
5411 5354 734
5411 5354 734
5411 5354 734
5411 5354 734
5411 5354 734
5411 5354 734
5411 5354 734
6541 7724 735
6541 7724 735
6541 7724 735
6541 7724 735
6541 7724 735
6541 7724 735
6541 7724 735
6541 7724 735
6541 7724 735
6541 7724 735
6541 7724 735
6541 7724 735
6541 7724 735
6334 7460 735
6334 7460 735
6334 7460 735
6334 7460 735
6334 7460 735
6334 7460 735
6334 7460 735
6334 7460 735
6334 7460 735
6334 7460 735
6334 7460 735
6334 7460 735
6334 7460 735
5260 5386 735
5260 5386 735
5260 5386 735
5260 5386 735
5260 5386 735
5260 5386 735
5260 5386 735
5260 5386 735
5260 5386 735
5260 5386 735
5260 5386 735
5260 5386 735
6014 5466 735
6014 5466 735
6014 5466 735
6014 5466 735
6014 5466 735
6014 5466 735
6014 5466 735
6014 5466 735
6014 5466 735
6014 5466 735
6014 5466 735
6014 5466 735
6014 5466 735
6586 7701 736
6586 7701 736
6586 7701 736
6586 7701 736
6586 7701 736
6586 7701 736
6586 7701 736
6586 7701 736
6586 7701 736
6586 7701 736
6586 7701 736
6586 7701 736
6586 7701 736
8840 8752 736
8840 8752 736
8840 8752 736
8840 8752 736
8840 8752 736
8840 8752 736
8840 8752 736
8840 8752 736
8840 8752 736
8840 8752 736
8840 8752 736
8840 8752 736
7782 7719 736
7782 7719 736
7782 7719 736
7782 7719 736
7782 7719 736
7782 7719 736
7782 7719 736
7782 7719 736
7782 7719 736
7782 7719 736
7782 7719 736
7782 7719 736
6507 7675 737
6507 7675 737
6507 7675 737
6507 7675 737
6507 7675 737
6507 7675 737
6507 7675 737
6507 7675 737
6507 7675 737
6507 7675 737
6507 7675 737
6507 7675 737
6507 7675 737
7907 7771 737
7907 7771 737
7907 7771 737
7907 7771 737
7907 7771 737
7907 7771 737
7907 7771 737
7907 7771 737
7907 7771 737
7907 7771 737
7907 7771 737
7907 7771 737
7907 7771 737
8455 5429 739
8455 5429 739
8455 5429 739
8455 5429 739
8455 5429 739
8455 5429 739
8455 5429 739
8455 5429 739
8455 5429 739
8455 5429 739
8455 5429 739
8455 5429 739
8455 5429 739
5363 8474 739
5363 8474 739
5363 8474 739
5363 8474 739
5363 8474 739
5363 8474 739
5363 8474 739
5363 8474 739
5363 8474 739
5363 8474 739
5363 8474 739
5363 8474 739
6582 6408 739
6582 6408 739
6582 6408 739
6582 6408 739
6582 6408 739
6582 6408 739
6582 6408 739
6582 6408 739
6582 6408 739
6582 6408 739
6582 6408 739
6582 6408 739
6582 6408 739
6581 8458 740
6581 8458 740
6581 8458 740
6581 8458 740
6581 8458 740
6581 8458 740
6581 8458 740
6581 8458 740
6581 8458 740
6581 8458 740
6581 8458 740
6581 8458 740
7688 6552 741
7688 6552 741
7688 6552 741
7688 6552 741
7688 6552 741
7688 6552 741
7688 6552 741
7688 6552 741
7688 6552 741
7688 6552 741
7688 6552 741
7688 6552 741
7688 6552 741
9158 9147 741
9158 9147 741
9158 9147 741
9158 9147 741
9158 9147 741
9158 9147 741
9158 9147 741
9158 9147 741
9158 9147 741
9158 9147 741
9158 9147 741
9158 9147 741
9158 9147 741
6582 6411 742
6582 6411 742
6582 6411 742
6582 6411 742
6582 6411 742
6582 6411 742
6582 6411 742
6582 6411 742
6582 6411 742
6582 6411 742
6582 6411 742
6582 6411 742
6582 6411 742
6532 6305 742
6532 6305 742
6532 6305 742
6532 6305 742
6532 6305 742
6532 6305 742
6532 6305 742
6532 6305 742
6532 6305 742
6532 6305 742
6532 6305 742
6532 6305 742
6532 6305 742
7706 6042 742
7706 6042 742
7706 6042 742
7706 6042 742
7706 6042 742
7706 6042 742
7706 6042 742
7706 6042 742
7706 6042 742
7706 6042 742
7706 6042 742
7706 6042 742
5282 8699 743
5282 8699 743
5282 8699 743
5282 8699 743
5282 8699 743
5282 8699 743
5282 8699 743
5282 8699 743
5282 8699 743
5282 8699 743
5282 8699 743
5282 8699 743
5283 9205 743
5283 9205 743
5283 9205 743
5283 9205 743
5283 9205 743
5283 9205 743
5283 9205 743
5283 9205 743
5283 9205 743
5283 9205 743
5283 9205 743
5283 9205 743
6506 7729 743
6506 7729 743
6506 7729 743
6506 7729 743
6506 7729 743
6506 7729 743
6506 7729 743
6506 7729 743
6506 7729 743
6506 7729 743
6506 7729 743
6506 7729 743
7926 7691 743
7926 7691 743
7926 7691 743
7926 7691 743
7926 7691 743
7926 7691 743
7926 7691 743
7926 7691 743
7926 7691 743
7926 7691 743
7926 7691 743
7926 7691 743
7926 7691 743
6532 7757 744
6532 7757 744
6532 7757 744
6532 7757 744
6532 7757 744
6532 7757 744
6532 7757 744
6532 7757 744
6532 7757 744
6532 7757 744
6532 7757 744
6532 7757 744
6532 7757 744
8432 8450 745
8432 8450 745
8432 8450 745
8432 8450 745
8432 8450 745
8432 8450 745
8432 8450 745
8432 8450 745
8432 8450 745
8432 8450 745
8432 8450 745
8432 8450 745
7950 7751 745
7950 7751 745
7950 7751 745
7950 7751 745
7950 7751 745
7950 7751 745
7950 7751 745
7950 7751 745
7950 7751 745
7950 7751 745
7950 7751 745
7950 7751 745
7950 7751 745
5277 8443 746
5277 8443 746
5277 8443 746
5277 8443 746
5277 8443 746
5277 8443 746
5277 8443 746
5277 8443 746
5277 8443 746
5277 8443 746
5277 8443 746
5277 8443 746
5277 8443 746
6585 7731 746
6585 7731 746
6585 7731 746
6585 7731 746
6585 7731 746
6585 7731 746
6585 7731 746
6585 7731 746
6585 7731 746
6585 7731 746
6585 7731 746
6585 7731 746
9158 5255 747
9158 5255 747
9158 5255 747
9158 5255 747
9158 5255 747
9158 5255 747
9158 5255 747
9158 5255 747
9158 5255 747
9158 5255 747
9158 5255 747
9158 5255 747
8454 6549 748
8454 6549 748
8454 6549 748
8454 6549 748
8454 6549 748
8454 6549 748
8454 6549 748
8454 6549 748
8454 6549 748
8454 6549 748
8454 6549 748
8454 6549 748
5359 5440 748
5359 5440 748
5359 5440 748
5359 5440 748
5359 5440 748
5359 5440 748
5359 5440 748
5359 5440 748
5359 5440 748
5359 5440 748
5359 5440 748
5359 5440 748
5359 5440 748
9151 5258 749
9151 5258 749
9151 5258 749
9151 5258 749
9151 5258 749
9151 5258 749
9151 5258 749
9151 5258 749
9151 5258 749
9151 5258 749
9151 5258 749
9151 5258 749
6010 7782 749
6010 7782 749
6010 7782 749
6010 7782 749
6010 7782 749
6010 7782 749
6010 7782 749
6010 7782 749
6010 7782 749
6010 7782 749
6010 7782 749
6010 7782 749
6010 7782 749
5257 8452 750
5257 8452 750
5257 8452 750
5257 8452 750
5257 8452 750
5257 8452 750
5257 8452 750
5257 8452 750
5257 8452 750
5257 8452 750
5257 8452 750
5257 8452 750
5257 8452 750
5394 5532 750
5394 5532 750
5394 5532 750
5394 5532 750
5394 5532 750
5394 5532 750
5394 5532 750
5394 5532 750
5394 5532 750
5394 5532 750
5394 5532 750
5394 5532 750
7792 7889 750
7792 7889 750
7792 7889 750
7792 7889 750
7792 7889 750
7792 7889 750
7792 7889 750
7792 7889 750
7792 7889 750
7792 7889 750
7792 7889 750
7792 7889 750
6002 6545 750
6002 6545 750
6002 6545 750
6002 6545 750
6002 6545 750
6002 6545 750
6002 6545 750
6002 6545 750
6002 6545 750
6002 6545 750
6002 6545 750
6002 6545 750
6002 6545 750
7814 7829 751
7814 7829 751
7814 7829 751
7814 7829 751
7814 7829 751
7814 7829 751
7814 7829 751
7814 7829 751
7814 7829 751
7814 7829 751
7814 7829 751
7814 7829 751
7814 7829 751
6564 6518 752
6564 6518 752
6564 6518 752
6564 6518 752
6564 6518 752
6564 6518 752
6564 6518 752
6564 6518 752
6564 6518 752
6564 6518 752
6564 6518 752
6564 6518 752
6564 6518 752
7676 6473 752
7676 6473 752
7676 6473 752
7676 6473 752
7676 6473 752
7676 6473 752
7676 6473 752
7676 6473 752
7676 6473 752
7676 6473 752
7676 6473 752
7676 6473 752
7676 6473 752
5281 6602 752
5281 6602 752
5281 6602 752
5281 6602 752
5281 6602 752
5281 6602 752
5281 6602 752
5281 6602 752
5281 6602 752
5281 6602 752
5281 6602 752
5281 6602 752
5281 6602 752
6566 6364 753
6566 6364 753
6566 6364 753
6566 6364 753
6566 6364 753
6566 6364 753
6566 6364 753
6566 6364 753
6566 6364 753
6566 6364 753
6566 6364 753
6566 6364 753
8461 6566 753
8461 6566 753
8461 6566 753
8461 6566 753
8461 6566 753
8461 6566 753
8461 6566 753
8461 6566 753
8461 6566 753
8461 6566 753
8461 6566 753
8461 6566 753
8452 6543 754
8452 6543 754
8452 6543 754
8452 6543 754
8452 6543 754
8452 6543 754
8452 6543 754
8452 6543 754
8452 6543 754
8452 6543 754
8452 6543 754
8452 6543 754
8452 6543 754
9181 9150 754
9181 9150 754
9181 9150 754
9181 9150 754
9181 9150 754
9181 9150 754
9181 9150 754
9181 9150 754
9181 9150 754
9181 9150 754
9181 9150 754
9181 9150 754
9181 9150 754
9260 5336 756
9260 5336 756
9260 5336 756
9260 5336 756
9260 5336 756
9260 5336 756
9260 5336 756
9260 5336 756
9260 5336 756
9260 5336 756
9260 5336 756
9260 5336 756
9277 5505 756
9277 5505 756
9277 5505 756
9277 5505 756
9277 5505 756
9277 5505 756
9277 5505 756
9277 5505 756
9277 5505 756
9277 5505 756
9277 5505 756
9277 5505 756
9277 5505 756
7976 7971 756
7976 7971 756
7976 7971 756
7976 7971 756
7976 7971 756
7976 7971 756
7976 7971 756
7976 7971 756
7976 7971 756
7976 7971 756
7976 7971 756
7976 7971 756
7976 7971 756
8663 8440 756
8663 8440 756
8663 8440 756
8663 8440 756
8663 8440 756
8663 8440 756
8663 8440 756
8663 8440 756
8663 8440 756
8663 8440 756
8663 8440 756
8663 8440 756
8663 8440 756
5263 8810 757
5263 8810 757
5263 8810 757
5263 8810 757
5263 8810 757
5263 8810 757
5263 8810 757
5263 8810 757
5263 8810 757
5263 8810 757
5263 8810 757
5263 8810 757
5263 8810 757
6034 5991 757
6034 5991 757
6034 5991 757
6034 5991 757
6034 5991 757
6034 5991 757
6034 5991 757
6034 5991 757
6034 5991 757
6034 5991 757
6034 5991 757
6034 5991 757
6034 5991 757
5358 6383 757
5358 6383 757
5358 6383 757
5358 6383 757
5358 6383 757
5358 6383 757
5358 6383 757
5358 6383 757
5358 6383 757
5358 6383 757
5358 6383 757
5358 6383 757
7897 7835 758
7897 7835 758
7897 7835 758
7897 7835 758
7897 7835 758
7897 7835 758
7897 7835 758
7897 7835 758
7897 7835 758
7897 7835 758
7897 7835 758
7897 7835 758
5568 5343 758
5568 5343 758
5568 5343 758
5568 5343 758
5568 5343 758
5568 5343 758
5568 5343 758
5568 5343 758
5568 5343 758
5568 5343 758
5568 5343 758
5568 5343 758
7779 7923 758
7779 7923 758
7779 7923 758
7779 7923 758
7779 7923 758
7779 7923 758
7779 7923 758
7779 7923 758
7779 7923 758
7779 7923 758
7779 7923 758
7779 7923 758
7779 7923 758
5578 9754 758
5578 9754 758
5578 9754 758
5578 9754 758
5578 9754 758
5578 9754 758
5578 9754 758
5578 9754 758
5578 9754 758
5578 9754 758
5578 9754 758
5578 9754 758
5492 8751 758
5492 8751 758
5492 8751 758
5492 8751 758
5492 8751 758
5492 8751 758
5492 8751 758
5492 8751 758
5492 8751 758
5492 8751 758
5492 8751 758
5492 8751 758
5492 8751 758
6457 6475 759
6457 6475 759
6457 6475 759
6457 6475 759
6457 6475 759
6457 6475 759
6457 6475 759
6457 6475 759
6457 6475 759
6457 6475 759
6457 6475 759
6457 6475 759
5308 5414 759
5308 5414 759
5308 5414 759
5308 5414 759
5308 5414 759
5308 5414 759
5308 5414 759
5308 5414 759
5308 5414 759
5308 5414 759
5308 5414 759
5308 5414 759
5308 5414 759
5277 5420 759
5277 5420 759
5277 5420 759
5277 5420 759
5277 5420 759
5277 5420 759
5277 5420 759
5277 5420 759
5277 5420 759
5277 5420 759
5277 5420 759
5277 5420 759
5277 5420 759
6526 6461 759
6526 6461 759
6526 6461 759
6526 6461 759
6526 6461 759
6526 6461 759
6526 6461 759
6526 6461 759
6526 6461 759
6526 6461 759
6526 6461 759
6526 6461 759
5442 5365 760
5442 5365 760
5442 5365 760
5442 5365 760
5442 5365 760
5442 5365 760
5442 5365 760
5442 5365 760
5442 5365 760
5442 5365 760
5442 5365 760
5442 5365 760
5442 5365 760
5509 5502 761
5509 5502 761
5509 5502 761
5509 5502 761
5509 5502 761
5509 5502 761
5509 5502 761
5509 5502 761
5509 5502 761
5509 5502 761
5509 5502 761
5509 5502 761
6575 5924 761
6575 5924 761
6575 5924 761
6575 5924 761
6575 5924 761
6575 5924 761
6575 5924 761
6575 5924 761
6575 5924 761
6575 5924 761
6575 5924 761
6575 5924 761
6575 5924 761
6588 5390 761
6588 5390 761
6588 5390 761
6588 5390 761
6588 5390 761
6588 5390 761
6588 5390 761
6588 5390 761
6588 5390 761
6588 5390 761
6588 5390 761
6588 5390 761
6588 5390 761
5332 5488 762
5332 5488 762
5332 5488 762
5332 5488 762
5332 5488 762
5332 5488 762
5332 5488 762
5332 5488 762
5332 5488 762
5332 5488 762
5332 5488 762
5332 5488 762
5332 5488 762
6514 7729 762
6514 7729 762
6514 7729 762
6514 7729 762
6514 7729 762
6514 7729 762
6514 7729 762
6514 7729 762
6514 7729 762
6514 7729 762
6514 7729 762
6514 7729 762
6514 7729 762
8769 9192 763
8769 9192 763
8769 9192 763
8769 9192 763
8769 9192 763
8769 9192 763
8769 9192 763
8769 9192 763
8769 9192 763
8769 9192 763
8769 9192 763
8769 9192 763
8769 9192 763
7871 8375 763
7871 8375 763
7871 8375 763
7871 8375 763
7871 8375 763
7871 8375 763
7871 8375 763
7871 8375 763
7871 8375 763
7871 8375 763
7871 8375 763
7871 8375 763
7871 8375 763
5258 5286 764
5258 5286 764
5258 5286 764
5258 5286 764
5258 5286 764
5258 5286 764
5258 5286 764
5258 5286 764
5258 5286 764
5258 5286 764
5258 5286 764
5258 5286 764
5258 5286 764
8814 5310 764
8814 5310 764
8814 5310 764
8814 5310 764
8814 5310 764
8814 5310 764
8814 5310 764
8814 5310 764
8814 5310 764
8814 5310 764
8814 5310 764
8814 5310 764
6560 5992 765
6560 5992 765
6560 5992 765
6560 5992 765
6560 5992 765
6560 5992 765
6560 5992 765
6560 5992 765
6560 5992 765
6560 5992 765
6560 5992 765
6560 5992 765
5280 5291 765
5280 5291 765
5280 5291 765
5280 5291 765
5280 5291 765
5280 5291 765
5280 5291 765
5280 5291 765
5280 5291 765
5280 5291 765
5280 5291 765
5280 5291 765
6588 5997 765
6588 5997 765
6588 5997 765
6588 5997 765
6588 5997 765
6588 5997 765
6588 5997 765
6588 5997 765
6588 5997 765
6588 5997 765
6588 5997 765
6588 5997 765
6348 6534 767
6348 6534 767
6348 6534 767
6348 6534 767
6348 6534 767
6348 6534 767
6348 6534 767
6348 6534 767
6348 6534 767
6348 6534 767
6348 6534 767
6348 6534 767
7633 7760 767
7633 7760 767
7633 7760 767
7633 7760 767
7633 7760 767
7633 7760 767
7633 7760 767
7633 7760 767
7633 7760 767
7633 7760 767
7633 7760 767
7633 7760 767
7738 7926 767
7738 7926 767
7738 7926 767
7738 7926 767
7738 7926 767
7738 7926 767
7738 7926 767
7738 7926 767
7738 7926 767
7738 7926 767
7738 7926 767
7738 7926 767
7738 7926 767
6018 7948 768
6018 7948 768
6018 7948 768
6018 7948 768
6018 7948 768
6018 7948 768
6018 7948 768
6018 7948 768
6018 7948 768
6018 7948 768
6018 7948 768
6018 7948 768
6018 7948 768
5343 8813 771
5343 8813 771
5343 8813 771
5343 8813 771
5343 8813 771
5343 8813 771
5343 8813 771
5343 8813 771
5343 8813 771
5343 8813 771
5343 8813 771
5343 8813 771
5343 8813 771
5320 5488 772
5320 5488 772
5320 5488 772
5320 5488 772
5320 5488 772
5320 5488 772
5320 5488 772
5320 5488 772
5320 5488 772
5320 5488 772
5320 5488 772
5320 5488 772
5320 5488 772
6579 6597 772
6579 6597 772
6579 6597 772
6579 6597 772
6579 6597 772
6579 6597 772
6579 6597 772
6579 6597 772
6579 6597 772
6579 6597 772
6579 6597 772
6579 6597 772
6579 6597 772
9240 8782 773
9240 8782 773
9240 8782 773
9240 8782 773
9240 8782 773
9240 8782 773
9240 8782 773
9240 8782 773
9240 8782 773
9240 8782 773
9240 8782 773
9240 8782 773
6557 5995 774
6557 5995 774
6557 5995 774
6557 5995 774
6557 5995 774
6557 5995 774
6557 5995 774
6557 5995 774
6557 5995 774
6557 5995 774
6557 5995 774
6557 5995 774
5361 6019 774
5361 6019 774
5361 6019 774
5361 6019 774
5361 6019 774
5361 6019 774
5361 6019 774
5361 6019 774
5361 6019 774
5361 6019 774
5361 6019 774
5361 6019 774
7711 6562 774
7711 6562 774
7711 6562 774
7711 6562 774
7711 6562 774
7711 6562 774
7711 6562 774
7711 6562 774
7711 6562 774
7711 6562 774
7711 6562 774
7711 6562 774
7711 6562 774
5380 6014 777
5380 6014 777
5380 6014 777
5380 6014 777
5380 6014 777
5380 6014 777
5380 6014 777
5380 6014 777
5380 6014 777
5380 6014 777
5380 6014 777
5380 6014 777
5380 6014 777
7695 6567 777
7695 6567 777
7695 6567 777
7695 6567 777
7695 6567 777
7695 6567 777
7695 6567 777
7695 6567 777
7695 6567 777
7695 6567 777
7695 6567 777
7695 6567 777
7695 6567 777
5460 6093 779
5460 6093 779
5460 6093 779
5460 6093 779
5460 6093 779
5460 6093 779
5460 6093 779
5460 6093 779
5460 6093 779
5460 6093 779
5460 6093 779
5460 6093 779
6506 9615 780
6506 9615 780
6506 9615 780
6506 9615 780
6506 9615 780
6506 9615 780
6506 9615 780
6506 9615 780
6506 9615 780
6506 9615 780
6506 9615 780
6506 9615 780
5509 5569 781
5509 5569 781
5509 5569 781
5509 5569 781
5509 5569 781
5509 5569 781
5509 5569 781
5509 5569 781
5509 5569 781
5509 5569 781
5509 5569 781
5509 5569 781
5509 5569 781
9205 5517 784
9205 5517 784
9205 5517 784
9205 5517 784
9205 5517 784
9205 5517 784
9205 5517 784
9205 5517 784
9205 5517 784
9205 5517 784
9205 5517 784
9205 5517 784
5519 5294 784
5519 5294 784
5519 5294 784
5519 5294 784
5519 5294 784
5519 5294 784
5519 5294 784
5519 5294 784
5519 5294 784
5519 5294 784
5519 5294 784
5519 5294 784
5519 5294 784
7786 8474 785
7786 8474 785
7786 8474 785
7786 8474 785
7786 8474 785
7786 8474 785
7786 8474 785
7786 8474 785
7786 8474 785
7786 8474 785
7786 8474 785
7786 8474 785
5552 5409 792
5552 5409 792
5552 5409 792
5552 5409 792
5552 5409 792
5552 5409 792
5552 5409 792
5552 5409 792
5552 5409 792
5552 5409 792
5552 5409 792
5552 5409 792
5459 5303 802
5459 5303 802
5459 5303 802
5459 5303 802
5459 5303 802
5459 5303 802
5459 5303 802
5459 5303 802
5459 5303 802
5459 5303 802
5459 5303 802
5459 5303 802
5459 5303 802
5359 6018 802
5359 6018 802
5359 6018 802
5359 6018 802
5359 6018 802
5359 6018 802
5359 6018 802
5359 6018 802
5359 6018 802
5359 6018 802
5359 6018 802
5359 6018 802
6549 6507 803
6549 6507 803
6549 6507 803
6549 6507 803
6549 6507 803
6549 6507 803
6549 6507 803
6549 6507 803
6549 6507 803
6549 6507 803
6549 6507 803
6549 6507 803
7828 6442 811
7828 6442 811
7828 6442 811
7828 6442 811
7828 6442 811
7828 6442 811
7828 6442 811
7828 6442 811
7828 6442 811
7828 6442 811
7828 6442 811
7828 6442 811
6582 6552 813
6582 6552 813
6582 6552 813
6582 6552 813
6582 6552 813
6582 6552 813
6582 6552 813
6582 6552 813
6582 6552 813
6582 6552 813
6582 6552 813
6582 6552 813
6582 6552 813
5424 5307 814
5424 5307 814
5424 5307 814
5424 5307 814
5424 5307 814
5424 5307 814
5424 5307 814
5424 5307 814
5424 5307 814
5424 5307 814
5424 5307 814
5424 5307 814
6538 6599 814
6538 6599 814
6538 6599 814
6538 6599 814
6538 6599 814
6538 6599 814
6538 6599 814
6538 6599 814
6538 6599 814
6538 6599 814
6538 6599 814
6538 6599 814
7688 7778 814
7688 7778 814
7688 7778 814
7688 7778 814
7688 7778 814
7688 7778 814
7688 7778 814
7688 7778 814
7688 7778 814
7688 7778 814
7688 7778 814
7688 7778 814
7683 7728 815
7683 7728 815
7683 7728 815
7683 7728 815
7683 7728 815
7683 7728 815
7683 7728 815
7683 7728 815
7683 7728 815
7683 7728 815
7683 7728 815
7683 7728 815
6509 6499 815
6509 6499 815
6509 6499 815
6509 6499 815
6509 6499 815
6509 6499 815
6509 6499 815
6509 6499 815
6509 6499 815
6509 6499 815
6509 6499 815
6509 6499 815
6017 5548 816
6017 5548 816
6017 5548 816
6017 5548 816
6017 5548 816
6017 5548 816
6017 5548 816
6017 5548 816
6017 5548 816
6017 5548 816
6017 5548 816
6017 5548 816
6017 5548 816
5262 8795 816
5262 8795 816
5262 8795 816
5262 8795 816
5262 8795 816
5262 8795 816
5262 8795 816
5262 8795 816
5262 8795 816
5262 8795 816
5262 8795 816
5262 8795 816
6037 7920 817
6037 7920 817
6037 7920 817
6037 7920 817
6037 7920 817
6037 7920 817
6037 7920 817
6037 7920 817
6037 7920 817
6037 7920 817
6037 7920 817
6037 7920 817
6037 7920 817
7717 5390 819
7717 5390 819
7717 5390 819
7717 5390 819
7717 5390 819
7717 5390 819
7717 5390 819
7717 5390 819
7717 5390 819
7717 5390 819
7717 5390 819
7717 5390 819
7717 5390 819
8370 7812 821
8370 7812 821
8370 7812 821
8370 7812 821
8370 7812 821
8370 7812 821
8370 7812 821
8370 7812 821
8370 7812 821
8370 7812 821
8370 7812 821
8370 7812 821
8370 7812 821
6584 6589 823
6584 6589 823
6584 6589 823
6584 6589 823
6584 6589 823
6584 6589 823
6584 6589 823
6584 6589 823
6584 6589 823
6584 6589 823
6584 6589 823
6584 6589 823
6584 6589 823
8443 6530 824
8443 6530 824
8443 6530 824
8443 6530 824
8443 6530 824
8443 6530 824
8443 6530 824
8443 6530 824
8443 6530 824
8443 6530 824
8443 6530 824
8443 6530 824
8443 6530 824
7828 7782 824
7828 7782 824
7828 7782 824
7828 7782 824
7828 7782 824
7828 7782 824
7828 7782 824
7828 7782 824
7828 7782 824
7828 7782 824
7828 7782 824
7828 7782 824
7828 7782 824
6528 6565 826
6528 6565 826
6528 6565 826
6528 6565 826
6528 6565 826
6528 6565 826
6528 6565 826
6528 6565 826
6528 6565 826
6528 6565 826
6528 6565 826
6528 6565 826
6528 6565 826
5447 6034 827
5447 6034 827
5447 6034 827
5447 6034 827
5447 6034 827
5447 6034 827
5447 6034 827
5447 6034 827
5447 6034 827
5447 6034 827
5447 6034 827
5447 6034 827
6018 7725 828
6018 7725 828
6018 7725 828
6018 7725 828
6018 7725 828
6018 7725 828
6018 7725 828
6018 7725 828
6018 7725 828
6018 7725 828
6018 7725 828
6018 7725 828
6018 7725 828
7686 6429 829
7686 6429 829
7686 6429 829
7686 6429 829
7686 6429 829
7686 6429 829
7686 6429 829
7686 6429 829
7686 6429 829
7686 6429 829
7686 6429 829
7686 6429 829
7686 6429 829
6501 6503 829
6501 6503 829
6501 6503 829
6501 6503 829
6501 6503 829
6501 6503 829
6501 6503 829
6501 6503 829
6501 6503 829
6501 6503 829
6501 6503 829
6501 6503 829
6501 6503 829
7729 7929 829
7729 7929 829
7729 7929 829
7729 7929 829
7729 7929 829
7729 7929 829
7729 7929 829
7729 7929 829
7729 7929 829
7729 7929 829
7729 7929 829
7729 7929 829
7729 7929 829
8353 7883 830
8353 7883 830
8353 7883 830
8353 7883 830
8353 7883 830
8353 7883 830
8353 7883 830
8353 7883 830
8353 7883 830
8353 7883 830
8353 7883 830
8353 7883 830
8353 7883 830
6031 6609 830
6031 6609 830
6031 6609 830
6031 6609 830
6031 6609 830
6031 6609 830
6031 6609 830
6031 6609 830
6031 6609 830
6031 6609 830
6031 6609 830
6031 6609 830
5552 5496 830
5552 5496 830
5552 5496 830
5552 5496 830
5552 5496 830
5552 5496 830
5552 5496 830
5552 5496 830
5552 5496 830
5552 5496 830
5552 5496 830
5552 5496 830
5552 5496 830
7695 5391 831
7695 5391 831
7695 5391 831
7695 5391 831
7695 5391 831
7695 5391 831
7695 5391 831
7695 5391 831
7695 5391 831
7695 5391 831
7695 5391 831
7695 5391 831
5578 5555 833
5578 5555 833
5578 5555 833
5578 5555 833
5578 5555 833
5578 5555 833
5578 5555 833
5578 5555 833
5578 5555 833
5578 5555 833
5578 5555 833
5578 5555 833
5578 5555 833
6544 8684 833
6544 8684 833
6544 8684 833
6544 8684 833
6544 8684 833
6544 8684 833
6544 8684 833
6544 8684 833
6544 8684 833
6544 8684 833
6544 8684 833
6544 8684 833
6544 8684 833
8432 8673 833
8432 8673 833
8432 8673 833
8432 8673 833
8432 8673 833
8432 8673 833
8432 8673 833
8432 8673 833
8432 8673 833
8432 8673 833
8432 8673 833
8432 8673 833
8370 7870 833
8370 7870 833
8370 7870 833
8370 7870 833
8370 7870 833
8370 7870 833
8370 7870 833
8370 7870 833
8370 7870 833
8370 7870 833
8370 7870 833
8370 7870 833
8370 7870 833
8381 7833 834
8381 7833 834
8381 7833 834
8381 7833 834
8381 7833 834
8381 7833 834
8381 7833 834
8381 7833 834
8381 7833 834
8381 7833 834
8381 7833 834
8381 7833 834
8381 7833 834
5444 6093 834
5444 6093 834
5444 6093 834
5444 6093 834
5444 6093 834
5444 6093 834
5444 6093 834
5444 6093 834
5444 6093 834
5444 6093 834
5444 6093 834
5444 6093 834
5444 6093 834
8365 7968 835
8365 7968 835
8365 7968 835
8365 7968 835
8365 7968 835
8365 7968 835
8365 7968 835
8365 7968 835
8365 7968 835
8365 7968 835
8365 7968 835
8365 7968 835
8365 7968 835
7715 7734 835
7715 7734 835
7715 7734 835
7715 7734 835
7715 7734 835
7715 7734 835
7715 7734 835
7715 7734 835
7715 7734 835
7715 7734 835
7715 7734 835
7715 7734 835
7715 7734 835
6538 6511 836
6538 6511 836
6538 6511 836
6538 6511 836
6538 6511 836
6538 6511 836
6538 6511 836
6538 6511 836
6538 6511 836
6538 6511 836
6538 6511 836
6538 6511 836
6538 6511 836
6329 6473 837
6329 6473 837
6329 6473 837
6329 6473 837
6329 6473 837
6329 6473 837
6329 6473 837
6329 6473 837
6329 6473 837
6329 6473 837
6329 6473 837
6329 6473 837
6014 6067 837
6014 6067 837
6014 6067 837
6014 6067 837
6014 6067 837
6014 6067 837
6014 6067 837
6014 6067 837
6014 6067 837
6014 6067 837
6014 6067 837
6014 6067 837
5987 7719 838
5987 7719 838
5987 7719 838
5987 7719 838
5987 7719 838
5987 7719 838
5987 7719 838
5987 7719 838
5987 7719 838
5987 7719 838
5987 7719 838
5987 7719 838
8749 5308 838
8749 5308 838
8749 5308 838
8749 5308 838
8749 5308 838
8749 5308 838
8749 5308 838
8749 5308 838
8749 5308 838
8749 5308 838
8749 5308 838
8749 5308 838
9194 9150 838
9194 9150 838
9194 9150 838
9194 9150 838
9194 9150 838
9194 9150 838
9194 9150 838
9194 9150 838
9194 9150 838
9194 9150 838
9194 9150 838
9194 9150 838
9194 9150 838
5448 5395 839
5448 5395 839
5448 5395 839
5448 5395 839
5448 5395 839
5448 5395 839
5448 5395 839
5448 5395 839
5448 5395 839
5448 5395 839
5448 5395 839
5448 5395 839
8764 9258 841
8764 9258 841
8764 9258 841
8764 9258 841
8764 9258 841
8764 9258 841
8764 9258 841
8764 9258 841
8764 9258 841
8764 9258 841
8764 9258 841
8764 9258 841
9146 9155 841
9146 9155 841
9146 9155 841
9146 9155 841
9146 9155 841
9146 9155 841
9146 9155 841
9146 9155 841
9146 9155 841
9146 9155 841
9146 9155 841
9146 9155 841
9146 9155 841
6544 5359 842
6544 5359 842
6544 5359 842
6544 5359 842
6544 5359 842
6544 5359 842
6544 5359 842
6544 5359 842
6544 5359 842
6544 5359 842
6544 5359 842
6544 5359 842
6544 5359 842
6503 6556 842
6503 6556 842
6503 6556 842
6503 6556 842
6503 6556 842
6503 6556 842
6503 6556 842
6503 6556 842
6503 6556 842
6503 6556 842
6503 6556 842
6503 6556 842
6503 6556 842
5274 5258 843
5274 5258 843
5274 5258 843
5274 5258 843
5274 5258 843
5274 5258 843
5274 5258 843
5274 5258 843
5274 5258 843
5274 5258 843
5274 5258 843
5274 5258 843
5274 5258 843
6589 7689 844
6589 7689 844
6589 7689 844
6589 7689 844
6589 7689 844
6589 7689 844
6589 7689 844
6589 7689 844
6589 7689 844
6589 7689 844
6589 7689 844
6589 7689 844
7686 7763 844
7686 7763 844
7686 7763 844
7686 7763 844
7686 7763 844
7686 7763 844
7686 7763 844
7686 7763 844
7686 7763 844
7686 7763 844
7686 7763 844
7686 7763 844
7686 7763 844
8467 7690 844
8467 7690 844
8467 7690 844
8467 7690 844
8467 7690 844
8467 7690 844
8467 7690 844
8467 7690 844
8467 7690 844
8467 7690 844
8467 7690 844
8467 7690 844
8467 7690 844
7817 6512 845
7817 6512 845
7817 6512 845
7817 6512 845
7817 6512 845
7817 6512 845
7817 6512 845
7817 6512 845
7817 6512 845
7817 6512 845
7817 6512 845
7817 6512 845
7817 6512 845
5357 6011 845
5357 6011 845
5357 6011 845
5357 6011 845
5357 6011 845
5357 6011 845
5357 6011 845
5357 6011 845
5357 6011 845
5357 6011 845
5357 6011 845
5357 6011 845
5357 6011 845
5446 5259 846
5446 5259 846
5446 5259 846
5446 5259 846
5446 5259 846
5446 5259 846
5446 5259 846
5446 5259 846
5446 5259 846
5446 5259 846
5446 5259 846
5446 5259 846
5419 6001 846
5419 6001 846
5419 6001 846
5419 6001 846
5419 6001 846
5419 6001 846
5419 6001 846
5419 6001 846
5419 6001 846
5419 6001 846
5419 6001 846
5419 6001 846
5419 6001 846
6015 5455 846
6015 5455 846
6015 5455 846
6015 5455 846
6015 5455 846
6015 5455 846
6015 5455 846
6015 5455 846
6015 5455 846
6015 5455 846
6015 5455 846
6015 5455 846
7790 7675 847
7790 7675 847
7790 7675 847
7790 7675 847
7790 7675 847
7790 7675 847
7790 7675 847
7790 7675 847
7790 7675 847
7790 7675 847
7790 7675 847
7790 7675 847
7790 7675 847
5413 8436 847
5413 8436 847
5413 8436 847
5413 8436 847
5413 8436 847
5413 8436 847
5413 8436 847
5413 8436 847
5413 8436 847
5413 8436 847
5413 8436 847
5413 8436 847
5413 8436 847
5396 7769 847
5396 7769 847
5396 7769 847
5396 7769 847
5396 7769 847
5396 7769 847
5396 7769 847
5396 7769 847
5396 7769 847
5396 7769 847
5396 7769 847
5396 7769 847
5529 6010 847
5529 6010 847
5529 6010 847
5529 6010 847
5529 6010 847
5529 6010 847
5529 6010 847
5529 6010 847
5529 6010 847
5529 6010 847
5529 6010 847
5529 6010 847
9257 5510 848
9257 5510 848
9257 5510 848
9257 5510 848
9257 5510 848
9257 5510 848
9257 5510 848
9257 5510 848
9257 5510 848
9257 5510 848
9257 5510 848
9257 5510 848
7903 7841 848
7903 7841 848
7903 7841 848
7903 7841 848
7903 7841 848
7903 7841 848
7903 7841 848
7903 7841 848
7903 7841 848
7903 7841 848
7903 7841 848
7903 7841 848
7924 7785 849
7924 7785 849
7924 7785 849
7924 7785 849
7924 7785 849
7924 7785 849
7924 7785 849
7924 7785 849
7924 7785 849
7924 7785 849
7924 7785 849
7924 7785 849
7924 7785 849
5261 5522 849
5261 5522 849
5261 5522 849
5261 5522 849
5261 5522 849
5261 5522 849
5261 5522 849
5261 5522 849
5261 5522 849
5261 5522 849
5261 5522 849
5261 5522 849
7513 6495 849
7513 6495 849
7513 6495 849
7513 6495 849
7513 6495 849
7513 6495 849
7513 6495 849
7513 6495 849
7513 6495 849
7513 6495 849
7513 6495 849
7513 6495 849
7513 6495 849
6451 6546 849
6451 6546 849
6451 6546 849
6451 6546 849
6451 6546 849
6451 6546 849
6451 6546 849
6451 6546 849
6451 6546 849
6451 6546 849
6451 6546 849
6451 6546 849
6045 8437 850
6045 8437 850
6045 8437 850
6045 8437 850
6045 8437 850
6045 8437 850
6045 8437 850
6045 8437 850
6045 8437 850
6045 8437 850
6045 8437 850
6045 8437 850
6045 8437 850
6018 5537 850
6018 5537 850
6018 5537 850
6018 5537 850
6018 5537 850
6018 5537 850
6018 5537 850
6018 5537 850
6018 5537 850
6018 5537 850
6018 5537 850
6018 5537 850
6018 5537 850
6418 5364 850
6418 5364 850
6418 5364 850
6418 5364 850
6418 5364 850
6418 5364 850
6418 5364 850
6418 5364 850
6418 5364 850
6418 5364 850
6418 5364 850
6418 5364 850
6418 5364 850
7832 7810 850
7832 7810 850
7832 7810 850
7832 7810 850
7832 7810 850
7832 7810 850
7832 7810 850
7832 7810 850
7832 7810 850
7832 7810 850
7832 7810 850
7832 7810 850
8806 9150 850
8806 9150 850
8806 9150 850
8806 9150 850
8806 9150 850
8806 9150 850
8806 9150 850
8806 9150 850
8806 9150 850
8806 9150 850
8806 9150 850
8806 9150 850
8806 9150 850
5287 9215 850
5287 9215 850
5287 9215 850
5287 9215 850
5287 9215 850
5287 9215 850
5287 9215 850
5287 9215 850
5287 9215 850
5287 9215 850
5287 9215 850
5287 9215 850
5287 9215 850
6561 6377 851
6561 6377 851
6561 6377 851
6561 6377 851
6561 6377 851
6561 6377 851
6561 6377 851
6561 6377 851
6561 6377 851
6561 6377 851
6561 6377 851
6561 6377 851
6561 6377 851
8474 7770 851
8474 7770 851
8474 7770 851
8474 7770 851
8474 7770 851
8474 7770 851
8474 7770 851
8474 7770 851
8474 7770 851
8474 7770 851
8474 7770 851
8474 7770 851
7848 7845 853
7848 7845 853
7848 7845 853
7848 7845 853
7848 7845 853
7848 7845 853
7848 7845 853
7848 7845 853
7848 7845 853
7848 7845 853
7848 7845 853
7848 7845 853
7485 6506 853
7485 6506 853
7485 6506 853
7485 6506 853
7485 6506 853
7485 6506 853
7485 6506 853
7485 6506 853
7485 6506 853
7485 6506 853
7485 6506 853
7485 6506 853
7971 7904 853
7971 7904 853
7971 7904 853
7971 7904 853
7971 7904 853
7971 7904 853
7971 7904 853
7971 7904 853
7971 7904 853
7971 7904 853
7971 7904 853
7971 7904 853
5541 5502 853
5541 5502 853
5541 5502 853
5541 5502 853
5541 5502 853
5541 5502 853
5541 5502 853
5541 5502 853
5541 5502 853
5541 5502 853
5541 5502 853
5541 5502 853
7730 7823 854
7730 7823 854
7730 7823 854
7730 7823 854
7730 7823 854
7730 7823 854
7730 7823 854
7730 7823 854
7730 7823 854
7730 7823 854
7730 7823 854
7730 7823 854
8450 6570 854
8450 6570 854
8450 6570 854
8450 6570 854
8450 6570 854
8450 6570 854
8450 6570 854
8450 6570 854
8450 6570 854
8450 6570 854
8450 6570 854
8450 6570 854
8450 6570 854
5287 5717 855
5287 5717 855
5287 5717 855
5287 5717 855
5287 5717 855
5287 5717 855
5287 5717 855
5287 5717 855
5287 5717 855
5287 5717 855
5287 5717 855
5287 5717 855
7742 7792 855
7742 7792 855
7742 7792 855
7742 7792 855
7742 7792 855
7742 7792 855
7742 7792 855
7742 7792 855
7742 7792 855
7742 7792 855
7742 7792 855
7742 7792 855
7742 7792 855
5378 6037 856
5378 6037 856
5378 6037 856
5378 6037 856
5378 6037 856
5378 6037 856
5378 6037 856
5378 6037 856
5378 6037 856
5378 6037 856
5378 6037 856
5378 6037 856
6041 7710 856
6041 7710 856
6041 7710 856
6041 7710 856
6041 7710 856
6041 7710 856
6041 7710 856
6041 7710 856
6041 7710 856
6041 7710 856
6041 7710 856
6041 7710 856
8354 7862 856
8354 7862 856
8354 7862 856
8354 7862 856
8354 7862 856
8354 7862 856
8354 7862 856
8354 7862 856
8354 7862 856
8354 7862 856
8354 7862 856
8354 7862 856
5992 5434 856
5992 5434 856
5992 5434 856
5992 5434 856
5992 5434 856
5992 5434 856
5992 5434 856
5992 5434 856
5992 5434 856
5992 5434 856
5992 5434 856
5992 5434 856
5992 5434 856
7963 7890 856
7963 7890 856
7963 7890 856
7963 7890 856
7963 7890 856
7963 7890 856
7963 7890 856
7963 7890 856
7963 7890 856
7963 7890 856
7963 7890 856
7963 7890 856
7963 7890 856
9203 5272 856
9203 5272 856
9203 5272 856
9203 5272 856
9203 5272 856
9203 5272 856
9203 5272 856
9203 5272 856
9203 5272 856
9203 5272 856
9203 5272 856
9203 5272 856
5432 5259 857
5432 5259 857
5432 5259 857
5432 5259 857
5432 5259 857
5432 5259 857
5432 5259 857
5432 5259 857
5432 5259 857
5432 5259 857
5432 5259 857
5432 5259 857
7687 6381 857
7687 6381 857
7687 6381 857
7687 6381 857
7687 6381 857
7687 6381 857
7687 6381 857
7687 6381 857
7687 6381 857
7687 6381 857
7687 6381 857
7687 6381 857
7687 6381 857
8432 8456 858
8432 8456 858
8432 8456 858
8432 8456 858
8432 8456 858
8432 8456 858
8432 8456 858
8432 8456 858
8432 8456 858
8432 8456 858
8432 8456 858
8432 8456 858
8432 8456 858
5258 8757 858
5258 8757 858
5258 8757 858
5258 8757 858
5258 8757 858
5258 8757 858
5258 8757 858
5258 8757 858
5258 8757 858
5258 8757 858
5258 8757 858
5258 8757 858
5258 8757 858
5535 5494 858
5535 5494 858
5535 5494 858
5535 5494 858
5535 5494 858
5535 5494 858
5535 5494 858
5535 5494 858
5535 5494 858
5535 5494 858
5535 5494 858
5535 5494 858
5379 5432 859
5379 5432 859
5379 5432 859
5379 5432 859
5379 5432 859
5379 5432 859
5379 5432 859
5379 5432 859
5379 5432 859
5379 5432 859
5379 5432 859
5379 5432 859
5291 9261 859
5291 9261 859
5291 9261 859
5291 9261 859
5291 9261 859
5291 9261 859
5291 9261 859
5291 9261 859
5291 9261 859
5291 9261 859
5291 9261 859
5291 9261 859
5291 9261 859
5268 9634 859
5268 9634 859
5268 9634 859
5268 9634 859
5268 9634 859
5268 9634 859
5268 9634 859
5268 9634 859
5268 9634 859
5268 9634 859
5268 9634 859
5268 9634 859
5268 9634 859
7828 6442 860
7828 6442 860
7828 6442 860
7828 6442 860
7828 6442 860
7828 6442 860
7828 6442 860
7828 6442 860
7828 6442 860
7828 6442 860
7828 6442 860
7828 6442 860
7828 6442 860
7771 6605 860
7771 6605 860
7771 6605 860
7771 6605 860
7771 6605 860
7771 6605 860
7771 6605 860
7771 6605 860
7771 6605 860
7771 6605 860
7771 6605 860
7771 6605 860
7771 6605 860
5534 5353 861
5534 5353 861
5534 5353 861
5534 5353 861
5534 5353 861
5534 5353 861
5534 5353 861
5534 5353 861
5534 5353 861
5534 5353 861
5534 5353 861
5534 5353 861
8436 8453 861
8436 8453 861
8436 8453 861
8436 8453 861
8436 8453 861
8436 8453 861
8436 8453 861
8436 8453 861
8436 8453 861
8436 8453 861
8436 8453 861
8436 8453 861
8436 8453 861
5439 9164 861
5439 9164 861
5439 9164 861
5439 9164 861
5439 9164 861
5439 9164 861
5439 9164 861
5439 9164 861
5439 9164 861
5439 9164 861
5439 9164 861
5439 9164 861
5439 9164 861
7694 8467 861
7694 8467 861
7694 8467 861
7694 8467 861
7694 8467 861
7694 8467 861
7694 8467 861
7694 8467 861
7694 8467 861
7694 8467 861
7694 8467 861
7694 8467 861
7760 6566 862
7760 6566 862
7760 6566 862
7760 6566 862
7760 6566 862
7760 6566 862
7760 6566 862
7760 6566 862
7760 6566 862
7760 6566 862
7760 6566 862
7760 6566 862
5354 5245 862
5354 5245 862
5354 5245 862
5354 5245 862
5354 5245 862
5354 5245 862
5354 5245 862
5354 5245 862
5354 5245 862
5354 5245 862
5354 5245 862
5354 5245 862
6490 6380 862
6490 6380 862
6490 6380 862
6490 6380 862
6490 6380 862
6490 6380 862
6490 6380 862
6490 6380 862
6490 6380 862
6490 6380 862
6490 6380 862
6490 6380 862
6490 6380 862
7894 8354 862
7894 8354 862
7894 8354 862
7894 8354 862
7894 8354 862
7894 8354 862
7894 8354 862
7894 8354 862
7894 8354 862
7894 8354 862
7894 8354 862
7894 8354 862
7894 8354 862
6013 5254 863
6013 5254 863
6013 5254 863
6013 5254 863
6013 5254 863
6013 5254 863
6013 5254 863
6013 5254 863
6013 5254 863
6013 5254 863
6013 5254 863
6013 5254 863
6524 6512 863
6524 6512 863
6524 6512 863
6524 6512 863
6524 6512 863
6524 6512 863
6524 6512 863
6524 6512 863
6524 6512 863
6524 6512 863
6524 6512 863
6524 6512 863
5582 5544 863
5582 5544 863
5582 5544 863
5582 5544 863
5582 5544 863
5582 5544 863
5582 5544 863
5582 5544 863
5582 5544 863
5582 5544 863
5582 5544 863
5582 5544 863
5582 5544 863
7941 7689 863
7941 7689 863
7941 7689 863
7941 7689 863
7941 7689 863
7941 7689 863
7941 7689 863
7941 7689 863
7941 7689 863
7941 7689 863
7941 7689 863
7941 7689 863
7941 7689 863
7870 7841 863
7870 7841 863
7870 7841 863
7870 7841 863
7870 7841 863
7870 7841 863
7870 7841 863
7870 7841 863
7870 7841 863
7870 7841 863
7870 7841 863
7870 7841 863
8450 5381 864
8450 5381 864
8450 5381 864
8450 5381 864
8450 5381 864
8450 5381 864
8450 5381 864
8450 5381 864
8450 5381 864
8450 5381 864
8450 5381 864
8450 5381 864
5436 5298 864
5436 5298 864
5436 5298 864
5436 5298 864
5436 5298 864
5436 5298 864
5436 5298 864
5436 5298 864
5436 5298 864
5436 5298 864
5436 5298 864
5436 5298 864
7740 8467 865
7740 8467 865
7740 8467 865
7740 8467 865
7740 8467 865
7740 8467 865
7740 8467 865
7740 8467 865
7740 8467 865
7740 8467 865
7740 8467 865
7740 8467 865
5386 5421 865
5386 5421 865
5386 5421 865
5386 5421 865
5386 5421 865
5386 5421 865
5386 5421 865
5386 5421 865
5386 5421 865
5386 5421 865
5386 5421 865
5386 5421 865
5386 5421 865
8678 8699 865
8678 8699 865
8678 8699 865
8678 8699 865
8678 8699 865
8678 8699 865
8678 8699 865
8678 8699 865
8678 8699 865
8678 8699 865
8678 8699 865
8678 8699 865
6603 8465 866
6603 8465 866
6603 8465 866
6603 8465 866
6603 8465 866
6603 8465 866
6603 8465 866
6603 8465 866
6603 8465 866
6603 8465 866
6603 8465 866
6603 8465 866
6329 6500 866
6329 6500 866
6329 6500 866
6329 6500 866
6329 6500 866
6329 6500 866
6329 6500 866
6329 6500 866
6329 6500 866
6329 6500 866
6329 6500 866
6329 6500 866
7940 7740 866
7940 7740 866
7940 7740 866
7940 7740 866
7940 7740 866
7940 7740 866
7940 7740 866
7940 7740 866
7940 7740 866
7940 7740 866
7940 7740 866
7940 7740 866
7679 6520 866
7679 6520 866
7679 6520 866
7679 6520 866
7679 6520 866
7679 6520 866
7679 6520 866
7679 6520 866
7679 6520 866
7679 6520 866
7679 6520 866
7679 6520 866
7679 6520 866
7910 6517 866
7910 6517 866
7910 6517 866
7910 6517 866
7910 6517 866
7910 6517 866
7910 6517 866
7910 6517 866
7910 6517 866
7910 6517 866
7910 6517 866
7910 6517 866
7741 7801 866
7741 7801 866
7741 7801 866
7741 7801 866
7741 7801 866
7741 7801 866
7741 7801 866
7741 7801 866
7741 7801 866
7741 7801 866
7741 7801 866
7741 7801 866
6495 6512 866
6495 6512 866
6495 6512 866
6495 6512 866
6495 6512 866
6495 6512 866
6495 6512 866
6495 6512 866
6495 6512 866
6495 6512 866
6495 6512 866
6495 6512 866
5473 5379 866
5473 5379 866
5473 5379 866
5473 5379 866
5473 5379 866
5473 5379 866
5473 5379 866
5473 5379 866
5473 5379 866
5473 5379 866
5473 5379 866
5473 5379 866
5473 5379 866
6416 8444 866
6416 8444 866
6416 8444 866
6416 8444 866
6416 8444 866
6416 8444 866
6416 8444 866
6416 8444 866
6416 8444 866
6416 8444 866
6416 8444 866
6416 8444 866
6416 8444 866
5278 5318 866
5278 5318 866
5278 5318 866
5278 5318 866
5278 5318 866
5278 5318 866
5278 5318 866
5278 5318 866
5278 5318 866
5278 5318 866
5278 5318 866
5278 5318 866
5278 5318 866
8760 5260 867
8760 5260 867
8760 5260 867
8760 5260 867
8760 5260 867
8760 5260 867
8760 5260 867
8760 5260 867
8760 5260 867
8760 5260 867
8760 5260 867
8760 5260 867
7970 7950 867
7970 7950 867
7970 7950 867
7970 7950 867
7970 7950 867
7970 7950 867
7970 7950 867
7970 7950 867
7970 7950 867
7970 7950 867
7970 7950 867
7970 7950 867
7853 7840 867
7853 7840 867
7853 7840 867
7853 7840 867
7853 7840 867
7853 7840 867
7853 7840 867
7853 7840 867
7853 7840 867
7853 7840 867
7853 7840 867
7853 7840 867
7853 7840 867
7842 5924 867
7842 5924 867
7842 5924 867
7842 5924 867
7842 5924 867
7842 5924 867
7842 5924 867
7842 5924 867
7842 5924 867
7842 5924 867
7842 5924 867
7842 5924 867
7785 6592 868
7785 6592 868
7785 6592 868
7785 6592 868
7785 6592 868
7785 6592 868
7785 6592 868
7785 6592 868
7785 6592 868
7785 6592 868
7785 6592 868
7785 6592 868
7785 6592 868
5524 5296 868
5524 5296 868
5524 5296 868
5524 5296 868
5524 5296 868
5524 5296 868
5524 5296 868
5524 5296 868
5524 5296 868
5524 5296 868
5524 5296 868
5524 5296 868
5524 5296 868
9224 5265 868
9224 5265 868
9224 5265 868
9224 5265 868
9224 5265 868
9224 5265 868
9224 5265 868
9224 5265 868
9224 5265 868
9224 5265 868
9224 5265 868
9224 5265 868
9224 5265 868
7453 6493 868
7453 6493 868
7453 6493 868
7453 6493 868
7453 6493 868
7453 6493 868
7453 6493 868
7453 6493 868
7453 6493 868
7453 6493 868
7453 6493 868
7453 6493 868
7453 6493 868
7723 7740 869
7723 7740 869
7723 7740 869
7723 7740 869
7723 7740 869
7723 7740 869
7723 7740 869
7723 7740 869
7723 7740 869
7723 7740 869
7723 7740 869
7723 7740 869
7723 7740 869
6323 6521 869
6323 6521 869
6323 6521 869
6323 6521 869
6323 6521 869
6323 6521 869
6323 6521 869
6323 6521 869
6323 6521 869
6323 6521 869
6323 6521 869
6323 6521 869
5532 5395 869
5532 5395 869
5532 5395 869
5532 5395 869
5532 5395 869
5532 5395 869
5532 5395 869
5532 5395 869
5532 5395 869
5532 5395 869
5532 5395 869
5532 5395 869
7751 7724 870
7751 7724 870
7751 7724 870
7751 7724 870
7751 7724 870
7751 7724 870
7751 7724 870
7751 7724 870
7751 7724 870
7751 7724 870
7751 7724 870
7751 7724 870
7751 7724 870
5294 5263 870
5294 5263 870
5294 5263 870
5294 5263 870
5294 5263 870
5294 5263 870
5294 5263 870
5294 5263 870
5294 5263 870
5294 5263 870
5294 5263 870
5294 5263 870
8431 5370 870
8431 5370 870
8431 5370 870
8431 5370 870
8431 5370 870
8431 5370 870
8431 5370 870
8431 5370 870
8431 5370 870
8431 5370 870
8431 5370 870
8431 5370 870
8431 5370 870
6009 8450 871
6009 8450 871
6009 8450 871
6009 8450 871
6009 8450 871
6009 8450 871
6009 8450 871
6009 8450 871
6009 8450 871
6009 8450 871
6009 8450 871
6009 8450 871
6009 8450 871
8705 6591 871
8705 6591 871
8705 6591 871
8705 6591 871
8705 6591 871
8705 6591 871
8705 6591 871
8705 6591 871
8705 6591 871
8705 6591 871
8705 6591 871
8705 6591 871
6472 7700 871
6472 7700 871
6472 7700 871
6472 7700 871
6472 7700 871
6472 7700 871
6472 7700 871
6472 7700 871
6472 7700 871
6472 7700 871
6472 7700 871
6472 7700 871
5444 8759 871
5444 8759 871
5444 8759 871
5444 8759 871
5444 8759 871
5444 8759 871
5444 8759 871
5444 8759 871
5444 8759 871
5444 8759 871
5444 8759 871
5444 8759 871
5444 8759 871
6580 7769 871
6580 7769 871
6580 7769 871
6580 7769 871
6580 7769 871
6580 7769 871
6580 7769 871
6580 7769 871
6580 7769 871
6580 7769 871
6580 7769 871
6580 7769 871
6580 7769 871
8461 6585 872
8461 6585 872
8461 6585 872
8461 6585 872
8461 6585 872
8461 6585 872
8461 6585 872
8461 6585 872
8461 6585 872
8461 6585 872
8461 6585 872
8461 6585 872
8461 6585 872
5360 5412 872
5360 5412 872
5360 5412 872
5360 5412 872
5360 5412 872
5360 5412 872
5360 5412 872
5360 5412 872
5360 5412 872
5360 5412 872
5360 5412 872
5360 5412 872
5924 6605 872
5924 6605 872
5924 6605 872
5924 6605 872
5924 6605 872
5924 6605 872
5924 6605 872
5924 6605 872
5924 6605 872
5924 6605 872
5924 6605 872
5924 6605 872
6533 7777 873
6533 7777 873
6533 7777 873
6533 7777 873
6533 7777 873
6533 7777 873
6533 7777 873
6533 7777 873
6533 7777 873
6533 7777 873
6533 7777 873
6533 7777 873
6496 6457 873
6496 6457 873
6496 6457 873
6496 6457 873
6496 6457 873
6496 6457 873
6496 6457 873
6496 6457 873
6496 6457 873
6496 6457 873
6496 6457 873
6496 6457 873
6496 6457 873
9154 5272 874
9154 5272 874
9154 5272 874
9154 5272 874
9154 5272 874
9154 5272 874
9154 5272 874
9154 5272 874
9154 5272 874
9154 5272 874
9154 5272 874
9154 5272 874
9154 5272 874
8705 6344 874
8705 6344 874
8705 6344 874
8705 6344 874
8705 6344 874
8705 6344 874
8705 6344 874
8705 6344 874
8705 6344 874
8705 6344 874
8705 6344 874
8705 6344 874
7942 7748 874
7942 7748 874
7942 7748 874
7942 7748 874
7942 7748 874
7942 7748 874
7942 7748 874
7942 7748 874
7942 7748 874
7942 7748 874
7942 7748 874
7942 7748 874
7942 7748 874
5270 5282 875
5270 5282 875
5270 5282 875
5270 5282 875
5270 5282 875
5270 5282 875
5270 5282 875
5270 5282 875
5270 5282 875
5270 5282 875
5270 5282 875
5270 5282 875
5924 7664 875
5924 7664 875
5924 7664 875
5924 7664 875
5924 7664 875
5924 7664 875
5924 7664 875
5924 7664 875
5924 7664 875
5924 7664 875
5924 7664 875
5924 7664 875
5924 7664 875
6020 5550 875
6020 5550 875
6020 5550 875
6020 5550 875
6020 5550 875
6020 5550 875
6020 5550 875
6020 5550 875
6020 5550 875
6020 5550 875
6020 5550 875
6020 5550 875
6020 5550 875
7914 7820 876
7914 7820 876
7914 7820 876
7914 7820 876
7914 7820 876
7914 7820 876
7914 7820 876
7914 7820 876
7914 7820 876
7914 7820 876
7914 7820 876
7914 7820 876
7914 7820 876
5277 5293 876
5277 5293 876
5277 5293 876
5277 5293 876
5277 5293 876
5277 5293 876
5277 5293 876
5277 5293 876
5277 5293 876
5277 5293 876
5277 5293 876
5277 5293 876
7702 6564 877
7702 6564 877
7702 6564 877
7702 6564 877
7702 6564 877
7702 6564 877
7702 6564 877
7702 6564 877
7702 6564 877
7702 6564 877
7702 6564 877
7702 6564 877
7702 6564 877
7664 7684 877
7664 7684 877
7664 7684 877
7664 7684 877
7664 7684 877
7664 7684 877
7664 7684 877
7664 7684 877
7664 7684 877
7664 7684 877
7664 7684 877
7664 7684 877
7664 7684 877
6436 7924 878
6436 7924 878
6436 7924 878
6436 7924 878
6436 7924 878
6436 7924 878
6436 7924 878
6436 7924 878
6436 7924 878
6436 7924 878
6436 7924 878
6436 7924 878
5547 5385 878
5547 5385 878
5547 5385 878
5547 5385 878
5547 5385 878
5547 5385 878
5547 5385 878
5547 5385 878
5547 5385 878
5547 5385 878
5547 5385 878
5547 5385 878
5547 5385 878
8431 6601 878
8431 6601 878
8431 6601 878
8431 6601 878
8431 6601 878
8431 6601 878
8431 6601 878
8431 6601 878
8431 6601 878
8431 6601 878
8431 6601 878
8431 6601 878
7708 5391 878
7708 5391 878
7708 5391 878
7708 5391 878
7708 5391 878
7708 5391 878
7708 5391 878
7708 5391 878
7708 5391 878
7708 5391 878
7708 5391 878
7708 5391 878
7708 5391 878
7698 6587 879
7698 6587 879
7698 6587 879
7698 6587 879
7698 6587 879
7698 6587 879
7698 6587 879
7698 6587 879
7698 6587 879
7698 6587 879
7698 6587 879
7698 6587 879
5374 8768 879
5374 8768 879
5374 8768 879
5374 8768 879
5374 8768 879
5374 8768 879
5374 8768 879
5374 8768 879
5374 8768 879
5374 8768 879
5374 8768 879
5374 8768 879
9524 5359 879
9524 5359 879
9524 5359 879
9524 5359 879
9524 5359 879
9524 5359 879
9524 5359 879
9524 5359 879
9524 5359 879
9524 5359 879
9524 5359 879
9524 5359 879
9524 5359 879
9658 6496 879
9658 6496 879
9658 6496 879
9658 6496 879
9658 6496 879
9658 6496 879
9658 6496 879
9658 6496 879
9658 6496 879
9658 6496 879
9658 6496 879
9658 6496 879
9658 6496 879
7709 8436 880
7709 8436 880
7709 8436 880
7709 8436 880
7709 8436 880
7709 8436 880
7709 8436 880
7709 8436 880
7709 8436 880
7709 8436 880
7709 8436 880
7709 8436 880
7747 6604 880
7747 6604 880
7747 6604 880
7747 6604 880
7747 6604 880
7747 6604 880
7747 6604 880
7747 6604 880
7747 6604 880
7747 6604 880
7747 6604 880
7747 6604 880
7747 6604 880
5465 8749 880
5465 8749 880
5465 8749 880
5465 8749 880
5465 8749 880
5465 8749 880
5465 8749 880
5465 8749 880
5465 8749 880
5465 8749 880
5465 8749 880
5465 8749 880
5277 9262 880
5277 9262 880
5277 9262 880
5277 9262 880
5277 9262 880
5277 9262 880
5277 9262 880
5277 9262 880
5277 9262 880
5277 9262 880
5277 9262 880
5277 9262 880
5277 9262 880
6410 5266 881
6410 5266 881
6410 5266 881
6410 5266 881
6410 5266 881
6410 5266 881
6410 5266 881
6410 5266 881
6410 5266 881
6410 5266 881
6410 5266 881
6410 5266 881
6410 5266 881
6450 6333 881
6450 6333 881
6450 6333 881
6450 6333 881
6450 6333 881
6450 6333 881
6450 6333 881
6450 6333 881
6450 6333 881
6450 6333 881
6450 6333 881
6450 6333 881
7902 7877 882
7902 7877 882
7902 7877 882
7902 7877 882
7902 7877 882
7902 7877 882
7902 7877 882
7902 7877 882
7902 7877 882
7902 7877 882
7902 7877 882
7902 7877 882
5463 8746 882
5463 8746 882
5463 8746 882
5463 8746 882
5463 8746 882
5463 8746 882
5463 8746 882
5463 8746 882
5463 8746 882
5463 8746 882
5463 8746 882
5463 8746 882
5463 8746 882
6520 6409 883
6520 6409 883
6520 6409 883
6520 6409 883
6520 6409 883
6520 6409 883
6520 6409 883
6520 6409 883
6520 6409 883
6520 6409 883
6520 6409 883
6520 6409 883
6520 6409 883
7793 7686 883
7793 7686 883
7793 7686 883
7793 7686 883
7793 7686 883
7793 7686 883
7793 7686 883
7793 7686 883
7793 7686 883
7793 7686 883
7793 7686 883
7793 7686 883
7793 7686 883
5374 5312 883
5374 5312 883
5374 5312 883
5374 5312 883
5374 5312 883
5374 5312 883
5374 5312 883
5374 5312 883
5374 5312 883
5374 5312 883
5374 5312 883
5374 5312 883
6022 5359 883
6022 5359 883
6022 5359 883
6022 5359 883
6022 5359 883
6022 5359 883
6022 5359 883
6022 5359 883
6022 5359 883
6022 5359 883
6022 5359 883
6022 5359 883
6022 5359 883
6019 5504 883
6019 5504 883
6019 5504 883
6019 5504 883
6019 5504 883
6019 5504 883
6019 5504 883
6019 5504 883
6019 5504 883
6019 5504 883
6019 5504 883
6019 5504 883
6019 5504 883
7751 8474 883
7751 8474 883
7751 8474 883
7751 8474 883
7751 8474 883
7751 8474 883
7751 8474 883
7751 8474 883
7751 8474 883
7751 8474 883
7751 8474 883
7751 8474 883
7751 8474 883
6488 6535 884
6488 6535 884
6488 6535 884
6488 6535 884
6488 6535 884
6488 6535 884
6488 6535 884
6488 6535 884
6488 6535 884
6488 6535 884
6488 6535 884
6488 6535 884
6488 6535 884
5280 5445 884
5280 5445 884
5280 5445 884
5280 5445 884
5280 5445 884
5280 5445 884
5280 5445 884
5280 5445 884
5280 5445 884
5280 5445 884
5280 5445 884
5280 5445 884
6011 8439 884
6011 8439 884
6011 8439 884
6011 8439 884
6011 8439 884
6011 8439 884
6011 8439 884
6011 8439 884
6011 8439 884
6011 8439 884
6011 8439 884
6011 8439 884
6011 8439 884
8446 6585 884
8446 6585 884
8446 6585 884
8446 6585 884
8446 6585 884
8446 6585 884
8446 6585 884
8446 6585 884
8446 6585 884
8446 6585 884
8446 6585 884
8446 6585 884
8446 6585 884
7862 7750 884
7862 7750 884
7862 7750 884
7862 7750 884
7862 7750 884
7862 7750 884
7862 7750 884
7862 7750 884
7862 7750 884
7862 7750 884
7862 7750 884
7862 7750 884
7862 7750 884
7748 7904 884
7748 7904 884
7748 7904 884
7748 7904 884
7748 7904 884
7748 7904 884
7748 7904 884
7748 7904 884
7748 7904 884
7748 7904 884
7748 7904 884
7748 7904 884
7492 9613 884
7492 9613 884
7492 9613 884
7492 9613 884
7492 9613 884
7492 9613 884
7492 9613 884
7492 9613 884
7492 9613 884
7492 9613 884
7492 9613 884
7492 9613 884
5274 5389 884
5274 5389 884
5274 5389 884
5274 5389 884
5274 5389 884
5274 5389 884
5274 5389 884
5274 5389 884
5274 5389 884
5274 5389 884
5274 5389 884
5274 5389 884
9187 8770 885
9187 8770 885
9187 8770 885
9187 8770 885
9187 8770 885
9187 8770 885
9187 8770 885
9187 8770 885
9187 8770 885
9187 8770 885
9187 8770 885
9187 8770 885
9187 8770 885
5567 5549 885
5567 5549 885
5567 5549 885
5567 5549 885
5567 5549 885
5567 5549 885
5567 5549 885
5567 5549 885
5567 5549 885
5567 5549 885
5567 5549 885
5567 5549 885
5303 5463 885
5303 5463 885
5303 5463 885
5303 5463 885
5303 5463 885
5303 5463 885
5303 5463 885
5303 5463 885
5303 5463 885
5303 5463 885
5303 5463 885
5303 5463 885
5556 5423 885
5556 5423 885
5556 5423 885
5556 5423 885
5556 5423 885
5556 5423 885
5556 5423 885
5556 5423 885
5556 5423 885
5556 5423 885
5556 5423 885
5556 5423 885
5556 5423 885
7916 7845 886
7916 7845 886
7916 7845 886
7916 7845 886
7916 7845 886
7916 7845 886
7916 7845 886
7916 7845 886
7916 7845 886
7916 7845 886
7916 7845 886
7916 7845 886
5426 5442 886
5426 5442 886
5426 5442 886
5426 5442 886
5426 5442 886
5426 5442 886
5426 5442 886
5426 5442 886
5426 5442 886
5426 5442 886
5426 5442 886
5426 5442 886
6326 6506 886
6326 6506 886
6326 6506 886
6326 6506 886
6326 6506 886
6326 6506 886
6326 6506 886
6326 6506 886
6326 6506 886
6326 6506 886
6326 6506 886
6326 6506 886
6324 7679 886
6324 7679 886
6324 7679 886
6324 7679 886
6324 7679 886
6324 7679 886
6324 7679 886
6324 7679 886
6324 7679 886
6324 7679 886
6324 7679 886
6324 7679 886
6324 7679 886
9146 5355 887
9146 5355 887
9146 5355 887
9146 5355 887
9146 5355 887
9146 5355 887
9146 5355 887
9146 5355 887
9146 5355 887
9146 5355 887
9146 5355 887
9146 5355 887
7840 7942 887
7840 7942 887
7840 7942 887
7840 7942 887
7840 7942 887
7840 7942 887
7840 7942 887
7840 7942 887
7840 7942 887
7840 7942 887
7840 7942 887
7840 7942 887
8354 7661 888
8354 7661 888
8354 7661 888
8354 7661 888
8354 7661 888
8354 7661 888
8354 7661 888
8354 7661 888
8354 7661 888
8354 7661 888
8354 7661 888
8354 7661 888
5276 5537 889
5276 5537 889
5276 5537 889
5276 5537 889
5276 5537 889
5276 5537 889
5276 5537 889
5276 5537 889
5276 5537 889
5276 5537 889
5276 5537 889
5276 5537 889
5276 5537 889
7711 5359 889
7711 5359 889
7711 5359 889
7711 5359 889
7711 5359 889
7711 5359 889
7711 5359 889
7711 5359 889
7711 5359 889
7711 5359 889
7711 5359 889
7711 5359 889
7711 5359 889
5269 5459 889
5269 5459 889
5269 5459 889
5269 5459 889
5269 5459 889
5269 5459 889
5269 5459 889
5269 5459 889
5269 5459 889
5269 5459 889
5269 5459 889
5269 5459 889
5269 5459 889
7914 7891 890
7914 7891 890
7914 7891 890
7914 7891 890
7914 7891 890
7914 7891 890
7914 7891 890
7914 7891 890
7914 7891 890
7914 7891 890
7914 7891 890
7914 7891 890
7726 6524 890
7726 6524 890
7726 6524 890
7726 6524 890
7726 6524 890
7726 6524 890
7726 6524 890
7726 6524 890
7726 6524 890
7726 6524 890
7726 6524 890
7726 6524 890
6578 6607 891
6578 6607 891
6578 6607 891
6578 6607 891
6578 6607 891
6578 6607 891
6578 6607 891
6578 6607 891
6578 6607 891
6578 6607 891
6578 6607 891
6578 6607 891
6578 6607 891
5575 5296 891
5575 5296 891
5575 5296 891
5575 5296 891
5575 5296 891
5575 5296 891
5575 5296 891
5575 5296 891
5575 5296 891
5575 5296 891
5575 5296 891
5575 5296 891
5575 5296 891
7744 7785 891
7744 7785 891
7744 7785 891
7744 7785 891
7744 7785 891
7744 7785 891
7744 7785 891
7744 7785 891
7744 7785 891
7744 7785 891
7744 7785 891
7744 7785 891
7744 7785 891
7785 7708 892
7785 7708 892
7785 7708 892
7785 7708 892
7785 7708 892
7785 7708 892
7785 7708 892
7785 7708 892
7785 7708 892
7785 7708 892
7785 7708 892
7785 7708 892
8436 6530 892
8436 6530 892
8436 6530 892
8436 6530 892
8436 6530 892
8436 6530 892
8436 6530 892
8436 6530 892
8436 6530 892
8436 6530 892
8436 6530 892
8436 6530 892
5533 5275 892
5533 5275 892
5533 5275 892
5533 5275 892
5533 5275 892
5533 5275 892
5533 5275 892
5533 5275 892
5533 5275 892
5533 5275 892
5533 5275 892
5533 5275 892
7970 7900 893
7970 7900 893
7970 7900 893
7970 7900 893
7970 7900 893
7970 7900 893
7970 7900 893
7970 7900 893
7970 7900 893
7970 7900 893
7970 7900 893
7970 7900 893
7732 5986 893
7732 5986 893
7732 5986 893
7732 5986 893
7732 5986 893
7732 5986 893
7732 5986 893
7732 5986 893
7732 5986 893
7732 5986 893
7732 5986 893
7732 5986 893
5550 6059 893
5550 6059 893
5550 6059 893
5550 6059 893
5550 6059 893
5550 6059 893
5550 6059 893
5550 6059 893
5550 6059 893
5550 6059 893
5550 6059 893
5550 6059 893
7718 6531 894
7718 6531 894
7718 6531 894
7718 6531 894
7718 6531 894
7718 6531 894
7718 6531 894
7718 6531 894
7718 6531 894
7718 6531 894
7718 6531 894
7718 6531 894
7726 7743 894
7726 7743 894
7726 7743 894
7726 7743 894
7726 7743 894
7726 7743 894
7726 7743 894
7726 7743 894
7726 7743 894
7726 7743 894
7726 7743 894
7726 7743 894
9146 9159 894
9146 9159 894
9146 9159 894
9146 9159 894
9146 9159 894
9146 9159 894
9146 9159 894
9146 9159 894
9146 9159 894
9146 9159 894
9146 9159 894
9146 9159 894
8466 5988 894
8466 5988 894
8466 5988 894
8466 5988 894
8466 5988 894
8466 5988 894
8466 5988 894
8466 5988 894
8466 5988 894
8466 5988 894
8466 5988 894
8466 5988 894
7737 7796 895
7737 7796 895
7737 7796 895
7737 7796 895
7737 7796 895
7737 7796 895
7737 7796 895
7737 7796 895
7737 7796 895
7737 7796 895
7737 7796 895
7737 7796 895
7737 7796 895
7771 7923 895
7771 7923 895
7771 7923 895
7771 7923 895
7771 7923 895
7771 7923 895
7771 7923 895
7771 7923 895
7771 7923 895
7771 7923 895
7771 7923 895
7771 7923 895
7811 9669 895
7811 9669 895
7811 9669 895
7811 9669 895
7811 9669 895
7811 9669 895
7811 9669 895
7811 9669 895
7811 9669 895
7811 9669 895
7811 9669 895
7811 9669 895
7811 9669 895
8438 8448 895
8438 8448 895
8438 8448 895
8438 8448 895
8438 8448 895
8438 8448 895
8438 8448 895
8438 8448 895
8438 8448 895
8438 8448 895
8438 8448 895
8438 8448 895
5361 6609 895
5361 6609 895
5361 6609 895
5361 6609 895
5361 6609 895
5361 6609 895
5361 6609 895
5361 6609 895
5361 6609 895
5361 6609 895
5361 6609 895
5361 6609 895
6572 5385 895
6572 5385 895
6572 5385 895
6572 5385 895
6572 5385 895
6572 5385 895
6572 5385 895
6572 5385 895
6572 5385 895
6572 5385 895
6572 5385 895
6572 5385 895
5383 5307 895
5383 5307 895
5383 5307 895
5383 5307 895
5383 5307 895
5383 5307 895
5383 5307 895
5383 5307 895
5383 5307 895
5383 5307 895
5383 5307 895
5383 5307 895
5383 5307 895
8680 6450 895
8680 6450 895
8680 6450 895
8680 6450 895
8680 6450 895
8680 6450 895
8680 6450 895
8680 6450 895
8680 6450 895
8680 6450 895
8680 6450 895
8680 6450 895
6486 7684 896
6486 7684 896
6486 7684 896
6486 7684 896
6486 7684 896
6486 7684 896
6486 7684 896
6486 7684 896
6486 7684 896
6486 7684 896
6486 7684 896
6486 7684 896
8474 6560 896
8474 6560 896
8474 6560 896
8474 6560 896
8474 6560 896
8474 6560 896
8474 6560 896
8474 6560 896
8474 6560 896
8474 6560 896
8474 6560 896
8474 6560 896
8474 6560 896
6446 6556 896
6446 6556 896
6446 6556 896
6446 6556 896
6446 6556 896
6446 6556 896
6446 6556 896
6446 6556 896
6446 6556 896
6446 6556 896
6446 6556 896
6446 6556 896
6446 6556 896
5335 5404 896
5335 5404 896
5335 5404 896
5335 5404 896
5335 5404 896
5335 5404 896
5335 5404 896
5335 5404 896
5335 5404 896
5335 5404 896
5335 5404 896
5335 5404 896
5335 5404 896
6331 6506 896
6331 6506 896
6331 6506 896
6331 6506 896
6331 6506 896
6331 6506 896
6331 6506 896
6331 6506 896
6331 6506 896
6331 6506 896
6331 6506 896
6331 6506 896
6331 6506 896
7759 7943 896
7759 7943 896
7759 7943 896
7759 7943 896
7759 7943 896
7759 7943 896
7759 7943 896
7759 7943 896
7759 7943 896
7759 7943 896
7759 7943 896
7759 7943 896
6459 7696 896
6459 7696 896
6459 7696 896
6459 7696 896
6459 7696 896
6459 7696 896
6459 7696 896
6459 7696 896
6459 7696 896
6459 7696 896
6459 7696 896
6459 7696 896
6459 7696 896
7939 7892 896
7939 7892 896
7939 7892 896
7939 7892 896
7939 7892 896
7939 7892 896
7939 7892 896
7939 7892 896
7939 7892 896
7939 7892 896
7939 7892 896
7939 7892 896
7838 7675 897
7838 7675 897
7838 7675 897
7838 7675 897
7838 7675 897
7838 7675 897
7838 7675 897
7838 7675 897
7838 7675 897
7838 7675 897
7838 7675 897
7838 7675 897
7723 7688 897
7723 7688 897
7723 7688 897
7723 7688 897
7723 7688 897
7723 7688 897
7723 7688 897
7723 7688 897
7723 7688 897
7723 7688 897
7723 7688 897
7723 7688 897
5260 5267 897
5260 5267 897
5260 5267 897
5260 5267 897
5260 5267 897
5260 5267 897
5260 5267 897
5260 5267 897
5260 5267 897
5260 5267 897
5260 5267 897
5260 5267 897
6459 6420 897
6459 6420 897
6459 6420 897
6459 6420 897
6459 6420 897
6459 6420 897
6459 6420 897
6459 6420 897
6459 6420 897
6459 6420 897
6459 6420 897
6459 6420 897
6459 6420 897
6577 6558 897
6577 6558 897
6577 6558 897
6577 6558 897
6577 6558 897
6577 6558 897
6577 6558 897
6577 6558 897
6577 6558 897
6577 6558 897
6577 6558 897
6577 6558 897
6375 8664 897
6375 8664 897
6375 8664 897
6375 8664 897
6375 8664 897
6375 8664 897
6375 8664 897
6375 8664 897
6375 8664 897
6375 8664 897
6375 8664 897
6375 8664 897
7774 7733 897
7774 7733 897
7774 7733 897
7774 7733 897
7774 7733 897
7774 7733 897
7774 7733 897
7774 7733 897
7774 7733 897
7774 7733 897
7774 7733 897
7774 7733 897
7774 7733 897
6578 7923 897
6578 7923 897
6578 7923 897
6578 7923 897
6578 7923 897
6578 7923 897
6578 7923 897
6578 7923 897
6578 7923 897
6578 7923 897
6578 7923 897
6578 7923 897
6578 7923 897
6559 5359 898
6559 5359 898
6559 5359 898
6559 5359 898
6559 5359 898
6559 5359 898
6559 5359 898
6559 5359 898
6559 5359 898
6559 5359 898
6559 5359 898
6559 5359 898
6407 8433 898
6407 8433 898
6407 8433 898
6407 8433 898
6407 8433 898
6407 8433 898
6407 8433 898
6407 8433 898
6407 8433 898
6407 8433 898
6407 8433 898
6407 8433 898
6407 8433 898
6549 5354 898
6549 5354 898
6549 5354 898
6549 5354 898
6549 5354 898
6549 5354 898
6549 5354 898
6549 5354 898
6549 5354 898
6549 5354 898
6549 5354 898
6549 5354 898
6549 5354 898
5386 5444 898
5386 5444 898
5386 5444 898
5386 5444 898
5386 5444 898
5386 5444 898
5386 5444 898
5386 5444 898
5386 5444 898
5386 5444 898
5386 5444 898
5386 5444 898
7888 7921 898
7888 7921 898
7888 7921 898
7888 7921 898
7888 7921 898
7888 7921 898
7888 7921 898
7888 7921 898
7888 7921 898
7888 7921 898
7888 7921 898
7888 7921 898
5320 5294 898
5320 5294 898
5320 5294 898
5320 5294 898
5320 5294 898
5320 5294 898
5320 5294 898
5320 5294 898
5320 5294 898
5320 5294 898
5320 5294 898
5320 5294 898
5320 5294 898
7753 6573 899
7753 6573 899
7753 6573 899
7753 6573 899
7753 6573 899
7753 6573 899
7753 6573 899
7753 6573 899
7753 6573 899
7753 6573 899
7753 6573 899
7753 6573 899
7753 6573 899
5357 8451 899
5357 8451 899
5357 8451 899
5357 8451 899
5357 8451 899
5357 8451 899
5357 8451 899
5357 8451 899
5357 8451 899
5357 8451 899
5357 8451 899
5357 8451 899
5504 8755 899
5504 8755 899
5504 8755 899
5504 8755 899
5504 8755 899
5504 8755 899
5504 8755 899
5504 8755 899
5504 8755 899
5504 8755 899
5504 8755 899
5504 8755 899
7911 7871 899
7911 7871 899
7911 7871 899
7911 7871 899
7911 7871 899
7911 7871 899
7911 7871 899
7911 7871 899
7911 7871 899
7911 7871 899
7911 7871 899
7911 7871 899
5390 6560 899
5390 6560 899
5390 6560 899
5390 6560 899
5390 6560 899
5390 6560 899
5390 6560 899
5390 6560 899
5390 6560 899
5390 6560 899
5390 6560 899
5390 6560 899
5390 6560 899
6443 7786 900
6443 7786 900
6443 7786 900
6443 7786 900
6443 7786 900
6443 7786 900
6443 7786 900
6443 7786 900
6443 7786 900
6443 7786 900
6443 7786 900
6443 7786 900
6475 6454 900
6475 6454 900
6475 6454 900
6475 6454 900
6475 6454 900
6475 6454 900
6475 6454 900
6475 6454 900
6475 6454 900
6475 6454 900
6475 6454 900
6475 6454 900
9615 6499 900
9615 6499 900
9615 6499 900
9615 6499 900
9615 6499 900
9615 6499 900
9615 6499 900
9615 6499 900
9615 6499 900
9615 6499 900
9615 6499 900
9615 6499 900
9615 6499 900
6331 6467 900
6331 6467 900
6331 6467 900
6331 6467 900
6331 6467 900
6331 6467 900
6331 6467 900
6331 6467 900
6331 6467 900
6331 6467 900
6331 6467 900
6331 6467 900
6331 6467 900
6461 6526 900
6461 6526 900
6461 6526 900
6461 6526 900
6461 6526 900
6461 6526 900
6461 6526 900
6461 6526 900
6461 6526 900
6461 6526 900
6461 6526 900
6461 6526 900
6579 7711 900
6579 7711 900
6579 7711 900
6579 7711 900
6579 7711 900
6579 7711 900
6579 7711 900
6579 7711 900
6579 7711 900
6579 7711 900
6579 7711 900
6579 7711 900
6579 7711 900
6420 6380 900
6420 6380 900
6420 6380 900
6420 6380 900
6420 6380 900
6420 6380 900
6420 6380 900
6420 6380 900
6420 6380 900
6420 6380 900
6420 6380 900
6420 6380 900
6420 6380 900
5259 8762 901
5259 8762 901
5259 8762 901
5259 8762 901
5259 8762 901
5259 8762 901
5259 8762 901
5259 8762 901
5259 8762 901
5259 8762 901
5259 8762 901
5259 8762 901
5259 8762 901
8473 6022 901
8473 6022 901
8473 6022 901
8473 6022 901
8473 6022 901
8473 6022 901
8473 6022 901
8473 6022 901
8473 6022 901
8473 6022 901
8473 6022 901
8473 6022 901
8749 9151 902
8749 9151 902
8749 9151 902
8749 9151 902
8749 9151 902
8749 9151 902
8749 9151 902
8749 9151 902
8749 9151 902
8749 9151 902
8749 9151 902
8749 9151 902
8749 9151 902
7659 7836 902
7659 7836 902
7659 7836 902
7659 7836 902
7659 7836 902
7659 7836 902
7659 7836 902
7659 7836 902
7659 7836 902
7659 7836 902
7659 7836 902
7659 7836 902
7659 7836 902
5533 5368 903
5533 5368 903
5533 5368 903
5533 5368 903
5533 5368 903
5533 5368 903
5533 5368 903
5533 5368 903
5533 5368 903
5533 5368 903
5533 5368 903
5533 5368 903
5533 5368 903
8462 5433 904
8462 5433 904
8462 5433 904
8462 5433 904
8462 5433 904
8462 5433 904
8462 5433 904
8462 5433 904
8462 5433 904
8462 5433 904
8462 5433 904
8462 5433 904
8462 5433 904
8431 6538 904
8431 6538 904
8431 6538 904
8431 6538 904
8431 6538 904
8431 6538 904
8431 6538 904
8431 6538 904
8431 6538 904
8431 6538 904
8431 6538 904
8431 6538 904
8431 6538 904
6535 6493 905
6535 6493 905
6535 6493 905
6535 6493 905
6535 6493 905
6535 6493 905
6535 6493 905
6535 6493 905
6535 6493 905
6535 6493 905
6535 6493 905
6535 6493 905
6544 5358 905
6544 5358 905
6544 5358 905
6544 5358 905
6544 5358 905
6544 5358 905
6544 5358 905
6544 5358 905
6544 5358 905
6544 5358 905
6544 5358 905
6544 5358 905
6576 7731 905
6576 7731 905
6576 7731 905
6576 7731 905
6576 7731 905
6576 7731 905
6576 7731 905
6576 7731 905
6576 7731 905
6576 7731 905
6576 7731 905
6576 7731 905
6576 7731 905
6607 6543 906
6607 6543 906
6607 6543 906
6607 6543 906
6607 6543 906
6607 6543 906
6607 6543 906
6607 6543 906
6607 6543 906
6607 6543 906
6607 6543 906
6607 6543 906
6607 6543 906
6561 7713 906
6561 7713 906
6561 7713 906
6561 7713 906
6561 7713 906
6561 7713 906
6561 7713 906
6561 7713 906
6561 7713 906
6561 7713 906
6561 7713 906
6561 7713 906
9224 9214 906
9224 9214 906
9224 9214 906
9224 9214 906
9224 9214 906
9224 9214 906
9224 9214 906
9224 9214 906
9224 9214 906
9224 9214 906
9224 9214 906
9224 9214 906
5358 9153 906
5358 9153 906
5358 9153 906
5358 9153 906
5358 9153 906
5358 9153 906
5358 9153 906
5358 9153 906
5358 9153 906
5358 9153 906
5358 9153 906
5358 9153 906
5395 6530 906
5395 6530 906
5395 6530 906
5395 6530 906
5395 6530 906
5395 6530 906
5395 6530 906
5395 6530 906
5395 6530 906
5395 6530 906
5395 6530 906
5395 6530 906
7897 7838 906
7897 7838 906
7897 7838 906
7897 7838 906
7897 7838 906
7897 7838 906
7897 7838 906
7897 7838 906
7897 7838 906
7897 7838 906
7897 7838 906
7897 7838 906
7897 7838 906
6612 6530 907
6612 6530 907
6612 6530 907
6612 6530 907
6612 6530 907
6612 6530 907
6612 6530 907
6612 6530 907
6612 6530 907
6612 6530 907
6612 6530 907
6612 6530 907
5283 9634 907
5283 9634 907
5283 9634 907
5283 9634 907
5283 9634 907
5283 9634 907
5283 9634 907
5283 9634 907
5283 9634 907
5283 9634 907
5283 9634 907
5283 9634 907
5279 5317 907
5279 5317 907
5279 5317 907
5279 5317 907
5279 5317 907
5279 5317 907
5279 5317 907
5279 5317 907
5279 5317 907
5279 5317 907
5279 5317 907
5279 5317 907
7737 7693 907
7737 7693 907
7737 7693 907
7737 7693 907
7737 7693 907
7737 7693 907
7737 7693 907
7737 7693 907
7737 7693 907
7737 7693 907
7737 7693 907
7737 7693 907
7737 7693 907
6611 6583 907
6611 6583 907
6611 6583 907
6611 6583 907
6611 6583 907
6611 6583 907
6611 6583 907
6611 6583 907
6611 6583 907
6611 6583 907
6611 6583 907
6611 6583 907
6022 5400 907
6022 5400 907
6022 5400 907
6022 5400 907
6022 5400 907
6022 5400 907
6022 5400 907
6022 5400 907
6022 5400 907
6022 5400 907
6022 5400 907
6022 5400 907
5288 5354 907
5288 5354 907
5288 5354 907
5288 5354 907
5288 5354 907
5288 5354 907
5288 5354 907
5288 5354 907
5288 5354 907
5288 5354 907
5288 5354 907
5288 5354 907
5288 5354 907
5564 5446 908
5564 5446 908
5564 5446 908
5564 5446 908
5564 5446 908
5564 5446 908
5564 5446 908
5564 5446 908
5564 5446 908
5564 5446 908
5564 5446 908
5564 5446 908
5564 5446 908
9226 5303 908
9226 5303 908
9226 5303 908
9226 5303 908
9226 5303 908
9226 5303 908
9226 5303 908
9226 5303 908
9226 5303 908
9226 5303 908
9226 5303 908
9226 5303 908
9226 5303 908
6576 6565 908
6576 6565 908
6576 6565 908
6576 6565 908
6576 6565 908
6576 6565 908
6576 6565 908
6576 6565 908
6576 6565 908
6576 6565 908
6576 6565 908
6576 6565 908
5566 5448 908
5566 5448 908
5566 5448 908
5566 5448 908
5566 5448 908
5566 5448 908
5566 5448 908
5566 5448 908
5566 5448 908
5566 5448 908
5566 5448 908
5566 5448 908
7750 7781 908
7750 7781 908
7750 7781 908
7750 7781 908
7750 7781 908
7750 7781 908
7750 7781 908
7750 7781 908
7750 7781 908
7750 7781 908
7750 7781 908
7750 7781 908
7487 6497 908
7487 6497 908
7487 6497 908
7487 6497 908
7487 6497 908
7487 6497 908
7487 6497 908
7487 6497 908
7487 6497 908
7487 6497 908
7487 6497 908
7487 6497 908
8444 8475 908
8444 8475 908
8444 8475 908
8444 8475 908
8444 8475 908
8444 8475 908
8444 8475 908
8444 8475 908
8444 8475 908
8444 8475 908
8444 8475 908
8444 8475 908
5989 5359 909
5989 5359 909
5989 5359 909
5989 5359 909
5989 5359 909
5989 5359 909
5989 5359 909
5989 5359 909
5989 5359 909
5989 5359 909
5989 5359 909
5989 5359 909
9653 7669 909
9653 7669 909
9653 7669 909
9653 7669 909
9653 7669 909
9653 7669 909
9653 7669 909
9653 7669 909
9653 7669 909
9653 7669 909
9653 7669 909
9653 7669 909
9653 7669 909
5385 6586 909
5385 6586 909
5385 6586 909
5385 6586 909
5385 6586 909
5385 6586 909
5385 6586 909
5385 6586 909
5385 6586 909
5385 6586 909
5385 6586 909
5385 6586 909
5385 6586 909
7859 7866 910
7859 7866 910
7859 7866 910
7859 7866 910
7859 7866 910
7859 7866 910
7859 7866 910
7859 7866 910
7859 7866 910
7859 7866 910
7859 7866 910
7859 7866 910
7859 7866 910
7744 6532 910
7744 6532 910
7744 6532 910
7744 6532 910
7744 6532 910
7744 6532 910
7744 6532 910
7744 6532 910
7744 6532 910
7744 6532 910
7744 6532 910
7744 6532 910
5298 9161 910
5298 9161 910
5298 9161 910
5298 9161 910
5298 9161 910
5298 9161 910
5298 9161 910
5298 9161 910
5298 9161 910
5298 9161 910
5298 9161 910
5298 9161 910
5298 9161 910
7796 7868 912
7796 7868 912
7796 7868 912
7796 7868 912
7796 7868 912
7796 7868 912
7796 7868 912
7796 7868 912
7796 7868 912
7796 7868 912
7796 7868 912
7796 7868 912
7796 7868 912
6475 7479 912
6475 7479 912
6475 7479 912
6475 7479 912
6475 7479 912
6475 7479 912
6475 7479 912
6475 7479 912
6475 7479 912
6475 7479 912
6475 7479 912
6475 7479 912
6475 7479 912
5423 8446 912
5423 8446 912
5423 8446 912
5423 8446 912
5423 8446 912
5423 8446 912
5423 8446 912
5423 8446 912
5423 8446 912
5423 8446 912
5423 8446 912
5423 8446 912
5423 8446 912
6344 6361 913
6344 6361 913
6344 6361 913
6344 6361 913
6344 6361 913
6344 6361 913
6344 6361 913
6344 6361 913
6344 6361 913
6344 6361 913
6344 6361 913
6344 6361 913
8680 5260 913
8680 5260 913
8680 5260 913
8680 5260 913
8680 5260 913
8680 5260 913
8680 5260 913
8680 5260 913
8680 5260 913
8680 5260 913
8680 5260 913
8680 5260 913
8680 5260 913
5305 5446 913
5305 5446 913
5305 5446 913
5305 5446 913
5305 5446 913
5305 5446 913
5305 5446 913
5305 5446 913
5305 5446 913
5305 5446 913
5305 5446 913
5305 5446 913
5305 5446 913
6005 5377 913
6005 5377 913
6005 5377 913
6005 5377 913
6005 5377 913
6005 5377 913
6005 5377 913
6005 5377 913
6005 5377 913
6005 5377 913
6005 5377 913
6005 5377 913
6005 5377 913
6012 5281 913
6012 5281 913
6012 5281 913
6012 5281 913
6012 5281 913
6012 5281 913
6012 5281 913
6012 5281 913
6012 5281 913
6012 5281 913
6012 5281 913
6012 5281 913
6012 5281 913
5402 5365 913
5402 5365 913
5402 5365 913
5402 5365 913
5402 5365 913
5402 5365 913
5402 5365 913
5402 5365 913
5402 5365 913
5402 5365 913
5402 5365 913
5402 5365 913
5402 5365 913
9161 8700 913
9161 8700 913
9161 8700 913
9161 8700 913
9161 8700 913
9161 8700 913
9161 8700 913
9161 8700 913
9161 8700 913
9161 8700 913
9161 8700 913
9161 8700 913
9161 8700 913
7677 6587 914
7677 6587 914
7677 6587 914
7677 6587 914
7677 6587 914
7677 6587 914
7677 6587 914
7677 6587 914
7677 6587 914
7677 6587 914
7677 6587 914
7677 6587 914
7677 6587 914
8432 8762 914
8432 8762 914
8432 8762 914
8432 8762 914
8432 8762 914
8432 8762 914
8432 8762 914
8432 8762 914
8432 8762 914
8432 8762 914
8432 8762 914
8432 8762 914
8434 6347 914
8434 6347 914
8434 6347 914
8434 6347 914
8434 6347 914
8434 6347 914
8434 6347 914
8434 6347 914
8434 6347 914
8434 6347 914
8434 6347 914
8434 6347 914
8434 6347 914
7715 8436 914
7715 8436 914
7715 8436 914
7715 8436 914
7715 8436 914
7715 8436 914
7715 8436 914
7715 8436 914
7715 8436 914
7715 8436 914
7715 8436 914
7715 8436 914
7715 8436 914
5419 5440 914
5419 5440 914
5419 5440 914
5419 5440 914
5419 5440 914
5419 5440 914
5419 5440 914
5419 5440 914
5419 5440 914
5419 5440 914
5419 5440 914
5419 5440 914
5419 5440 914
7664 6496 915
7664 6496 915
7664 6496 915
7664 6496 915
7664 6496 915
7664 6496 915
7664 6496 915
7664 6496 915
7664 6496 915
7664 6496 915
7664 6496 915
7664 6496 915
5433 5455 916
5433 5455 916
5433 5455 916
5433 5455 916
5433 5455 916
5433 5455 916
5433 5455 916
5433 5455 916
5433 5455 916
5433 5455 916
5433 5455 916
5433 5455 916
5433 5455 916
5404 8454 916
5404 8454 916
5404 8454 916
5404 8454 916
5404 8454 916
5404 8454 916
5404 8454 916
5404 8454 916
5404 8454 916
5404 8454 916
5404 8454 916
5404 8454 916
5366 6418 917
5366 6418 917
5366 6418 917
5366 6418 917
5366 6418 917
5366 6418 917
5366 6418 917
5366 6418 917
5366 6418 917
5366 6418 917
5366 6418 917
5366 6418 917
7960 7844 917
7960 7844 917
7960 7844 917
7960 7844 917
7960 7844 917
7960 7844 917
7960 7844 917
7960 7844 917
7960 7844 917
7960 7844 917
7960 7844 917
7960 7844 917
9148 6545 918
9148 6545 918
9148 6545 918
9148 6545 918
9148 6545 918
9148 6545 918
9148 6545 918
9148 6545 918
9148 6545 918
9148 6545 918
9148 6545 918
9148 6545 918
9148 6545 918
5484 5295 918
5484 5295 918
5484 5295 918
5484 5295 918
5484 5295 918
5484 5295 918
5484 5295 918
5484 5295 918
5484 5295 918
5484 5295 918
5484 5295 918
5484 5295 918
7693 6564 918
7693 6564 918
7693 6564 918
7693 6564 918
7693 6564 918
7693 6564 918
7693 6564 918
7693 6564 918
7693 6564 918
7693 6564 918
7693 6564 918
7693 6564 918
7693 6564 918
7702 6601 918
7702 6601 918
7702 6601 918
7702 6601 918
7702 6601 918
7702 6601 918
7702 6601 918
7702 6601 918
7702 6601 918
7702 6601 918
7702 6601 918
7702 6601 918
6582 6508 919
6582 6508 919
6582 6508 919
6582 6508 919
6582 6508 919
6582 6508 919
6582 6508 919
6582 6508 919
6582 6508 919
6582 6508 919
6582 6508 919
6582 6508 919
5300 9532 919
5300 9532 919
5300 9532 919
5300 9532 919
5300 9532 919
5300 9532 919
5300 9532 919
5300 9532 919
5300 9532 919
5300 9532 919
5300 9532 919
5300 9532 919
5300 9532 919
8431 8682 920
8431 8682 920
8431 8682 920
8431 8682 920
8431 8682 920
8431 8682 920
8431 8682 920
8431 8682 920
8431 8682 920
8431 8682 920
8431 8682 920
8431 8682 920
8431 8682 920
7783 6055 920
7783 6055 920
7783 6055 920
7783 6055 920
7783 6055 920
7783 6055 920
7783 6055 920
7783 6055 920
7783 6055 920
7783 6055 920
7783 6055 920
7783 6055 920
7692 7941 920
7692 7941 920
7692 7941 920
7692 7941 920
7692 7941 920
7692 7941 920
7692 7941 920
7692 7941 920
7692 7941 920
7692 7941 920
7692 7941 920
7692 7941 920
8832 8751 920
8832 8751 920
8832 8751 920
8832 8751 920
8832 8751 920
8832 8751 920
8832 8751 920
8832 8751 920
8832 8751 920
8832 8751 920
8832 8751 920
8832 8751 920
8832 8751 920
6544 7697 921
6544 7697 921
6544 7697 921
6544 7697 921
6544 7697 921
6544 7697 921
6544 7697 921
6544 7697 921
6544 7697 921
6544 7697 921
6544 7697 921
6544 7697 921
7757 7973 921
7757 7973 921
7757 7973 921
7757 7973 921
7757 7973 921
7757 7973 921
7757 7973 921
7757 7973 921
7757 7973 921
7757 7973 921
7757 7973 921
7757 7973 921
7757 7973 921
8462 7784 922
8462 7784 922
8462 7784 922
8462 7784 922
8462 7784 922
8462 7784 922
8462 7784 922
8462 7784 922
8462 7784 922
8462 7784 922
8462 7784 922
8462 7784 922
6002 6037 922
6002 6037 922
6002 6037 922
6002 6037 922
6002 6037 922
6002 6037 922
6002 6037 922
6002 6037 922
6002 6037 922
6002 6037 922
6002 6037 922
6002 6037 922
6002 6037 922
5283 5435 923
5283 5435 923
5283 5435 923
5283 5435 923
5283 5435 923
5283 5435 923
5283 5435 923
5283 5435 923
5283 5435 923
5283 5435 923
5283 5435 923
5283 5435 923
5547 5444 924
5547 5444 924
5547 5444 924
5547 5444 924
5547 5444 924
5547 5444 924
5547 5444 924
5547 5444 924
5547 5444 924
5547 5444 924
5547 5444 924
5547 5444 924
5426 5290 924
5426 5290 924
5426 5290 924
5426 5290 924
5426 5290 924
5426 5290 924
5426 5290 924
5426 5290 924
5426 5290 924
5426 5290 924
5426 5290 924
5426 5290 924
5405 5354 925
5405 5354 925
5405 5354 925
5405 5354 925
5405 5354 925
5405 5354 925
5405 5354 925
5405 5354 925
5405 5354 925
5405 5354 925
5405 5354 925
5405 5354 925
5298 5547 925
5298 5547 925
5298 5547 925
5298 5547 925
5298 5547 925
5298 5547 925
5298 5547 925
5298 5547 925
5298 5547 925
5298 5547 925
5298 5547 925
5298 5547 925
6426 7689 926
6426 7689 926
6426 7689 926
6426 7689 926
6426 7689 926
6426 7689 926
6426 7689 926
6426 7689 926
6426 7689 926
6426 7689 926
6426 7689 926
6426 7689 926
7749 7880 926
7749 7880 926
7749 7880 926
7749 7880 926
7749 7880 926
7749 7880 926
7749 7880 926
7749 7880 926
7749 7880 926
7749 7880 926
7749 7880 926
7749 7880 926
7795 7495 927
7795 7495 927
7795 7495 927
7795 7495 927
7795 7495 927
7795 7495 927
7795 7495 927
7795 7495 927
7795 7495 927
7795 7495 927
7795 7495 927
7795 7495 927
7795 7495 927
6583 5359 927
6583 5359 927
6583 5359 927
6583 5359 927
6583 5359 927
6583 5359 927
6583 5359 927
6583 5359 927
6583 5359 927
6583 5359 927
6583 5359 927
6583 5359 927
6520 7824 928
6520 7824 928
6520 7824 928
6520 7824 928
6520 7824 928
6520 7824 928
6520 7824 928
6520 7824 928
6520 7824 928
6520 7824 928
6520 7824 928
6520 7824 928
6520 7824 928
5925 7935 928
5925 7935 928
5925 7935 928
5925 7935 928
5925 7935 928
5925 7935 928
5925 7935 928
5925 7935 928
5925 7935 928
5925 7935 928
5925 7935 928
5925 7935 928
5925 7935 928
5267 5405 929
5267 5405 929
5267 5405 929
5267 5405 929
5267 5405 929
5267 5405 929
5267 5405 929
5267 5405 929
5267 5405 929
5267 5405 929
5267 5405 929
5267 5405 929
7738 7726 930
7738 7726 930
7738 7726 930
7738 7726 930
7738 7726 930
7738 7726 930
7738 7726 930
7738 7726 930
7738 7726 930
7738 7726 930
7738 7726 930
7738 7726 930
7463 6493 930
7463 6493 930
7463 6493 930
7463 6493 930
7463 6493 930
7463 6493 930
7463 6493 930
7463 6493 930
7463 6493 930
7463 6493 930
7463 6493 930
7463 6493 930
7728 8464 931
7728 8464 931
7728 8464 931
7728 8464 931
7728 8464 931
7728 8464 931
7728 8464 931
7728 8464 931
7728 8464 931
7728 8464 931
7728 8464 931
7728 8464 931
5273 9263 931
5273 9263 931
5273 9263 931
5273 9263 931
5273 9263 931
5273 9263 931
5273 9263 931
5273 9263 931
5273 9263 931
5273 9263 931
5273 9263 931
5273 9263 931
9258 9190 931
9258 9190 931
9258 9190 931
9258 9190 931
9258 9190 931
9258 9190 931
9258 9190 931
9258 9190 931
9258 9190 931
9258 9190 931
9258 9190 931
9258 9190 931
9258 9190 931
5359 5286 931
5359 5286 931
5359 5286 931
5359 5286 931
5359 5286 931
5359 5286 931
5359 5286 931
5359 5286 931
5359 5286 931
5359 5286 931
5359 5286 931
5359 5286 931
6081 5527 931
6081 5527 931
6081 5527 931
6081 5527 931
6081 5527 931
6081 5527 931
6081 5527 931
6081 5527 931
6081 5527 931
6081 5527 931
6081 5527 931
6081 5527 931
8436 8672 932
8436 8672 932
8436 8672 932
8436 8672 932
8436 8672 932
8436 8672 932
8436 8672 932
8436 8672 932
8436 8672 932
8436 8672 932
8436 8672 932
8436 8672 932
6543 5371 932
6543 5371 932
6543 5371 932
6543 5371 932
6543 5371 932
6543 5371 932
6543 5371 932
6543 5371 932
6543 5371 932
6543 5371 932
6543 5371 932
6543 5371 932
6543 5371 932
6600 8462 933
6600 8462 933
6600 8462 933
6600 8462 933
6600 8462 933
6600 8462 933
6600 8462 933
6600 8462 933
6600 8462 933
6600 8462 933
6600 8462 933
6600 8462 933
6600 8462 933
6565 5243 933
6565 5243 933
6565 5243 933
6565 5243 933
6565 5243 933
6565 5243 933
6565 5243 933
6565 5243 933
6565 5243 933
6565 5243 933
6565 5243 933
6565 5243 933
6613 7723 933
6613 7723 933
6613 7723 933
6613 7723 933
6613 7723 933
6613 7723 933
6613 7723 933
6613 7723 933
6613 7723 933
6613 7723 933
6613 7723 933
6613 7723 933
7771 5432 933
7771 5432 933
7771 5432 933
7771 5432 933
7771 5432 933
7771 5432 933
7771 5432 933
7771 5432 933
7771 5432 933
7771 5432 933
7771 5432 933
7771 5432 933
7771 5432 933
6415 8436 934
6415 8436 934
6415 8436 934
6415 8436 934
6415 8436 934
6415 8436 934
6415 8436 934
6415 8436 934
6415 8436 934
6415 8436 934
6415 8436 934
6415 8436 934
5258 6556 934
5258 6556 934
5258 6556 934
5258 6556 934
5258 6556 934
5258 6556 934
5258 6556 934
5258 6556 934
5258 6556 934
5258 6556 934
5258 6556 934
5258 6556 934
5258 6556 934
8749 5717 934
8749 5717 934
8749 5717 934
8749 5717 934
8749 5717 934
8749 5717 934
8749 5717 934
8749 5717 934
8749 5717 934
8749 5717 934
8749 5717 934
8749 5717 934
8461 7785 935
8461 7785 935
8461 7785 935
8461 7785 935
8461 7785 935
8461 7785 935
8461 7785 935
8461 7785 935
8461 7785 935
8461 7785 935
8461 7785 935
8461 7785 935
8461 7785 935
6488 7694 935
6488 7694 935
6488 7694 935
6488 7694 935
6488 7694 935
6488 7694 935
6488 7694 935
6488 7694 935
6488 7694 935
6488 7694 935
6488 7694 935
6488 7694 935
6488 7694 935
7931 9671 935
7931 9671 935
7931 9671 935
7931 9671 935
7931 9671 935
7931 9671 935
7931 9671 935
7931 9671 935
7931 9671 935
7931 9671 935
7931 9671 935
7931 9671 935
5260 8759 935
5260 8759 935
5260 8759 935
5260 8759 935
5260 8759 935
5260 8759 935
5260 8759 935
5260 8759 935
5260 8759 935
5260 8759 935
5260 8759 935
5260 8759 935
5260 8759 935
5364 7762 935
5364 7762 935
5364 7762 935
5364 7762 935
5364 7762 935
5364 7762 935
5364 7762 935
5364 7762 935
5364 7762 935
5364 7762 935
5364 7762 935
5364 7762 935
5313 5331 935
5313 5331 935
5313 5331 935
5313 5331 935
5313 5331 935
5313 5331 935
5313 5331 935
5313 5331 935
5313 5331 935
5313 5331 935
5313 5331 935
5313 5331 935
5313 5331 935
9248 5492 936
9248 5492 936
9248 5492 936
9248 5492 936
9248 5492 936
9248 5492 936
9248 5492 936
9248 5492 936
9248 5492 936
9248 5492 936
9248 5492 936
9248 5492 936
8475 7784 937
8475 7784 937
8475 7784 937
8475 7784 937
8475 7784 937
8475 7784 937
8475 7784 937
8475 7784 937
8475 7784 937
8475 7784 937
8475 7784 937
8475 7784 937
8475 7784 937
7684 7731 938
7684 7731 938
7684 7731 938
7684 7731 938
7684 7731 938
7684 7731 938
7684 7731 938
7684 7731 938
7684 7731 938
7684 7731 938
7684 7731 938
7684 7731 938
7684 7731 938
6606 8436 939
6606 8436 939
6606 8436 939
6606 8436 939
6606 8436 939
6606 8436 939
6606 8436 939
6606 8436 939
6606 8436 939
6606 8436 939
6606 8436 939
6606 8436 939
6606 8436 939
6537 6364 939
6537 6364 939
6537 6364 939
6537 6364 939
6537 6364 939
6537 6364 939
6537 6364 939
6537 6364 939
6537 6364 939
6537 6364 939
6537 6364 939
6537 6364 939
6537 6364 939
5254 8445 939
5254 8445 939
5254 8445 939
5254 8445 939
5254 8445 939
5254 8445 939
5254 8445 939
5254 8445 939
5254 8445 939
5254 8445 939
5254 8445 939
5254 8445 939
7759 6003 940
7759 6003 940
7759 6003 940
7759 6003 940
7759 6003 940
7759 6003 940
7759 6003 940
7759 6003 940
7759 6003 940
7759 6003 940
7759 6003 940
7759 6003 940
7759 6003 940
7701 6608 940
7701 6608 940
7701 6608 940
7701 6608 940
7701 6608 940
7701 6608 940
7701 6608 940
7701 6608 940
7701 6608 940
7701 6608 940
7701 6608 940
7701 6608 940
7701 6608 940
6582 6543 941
6582 6543 941
6582 6543 941
6582 6543 941
6582 6543 941
6582 6543 941
6582 6543 941
6582 6543 941
6582 6543 941
6582 6543 941
6582 6543 941
6582 6543 941
5267 6549 941
5267 6549 941
5267 6549 941
5267 6549 941
5267 6549 941
5267 6549 941
5267 6549 941
5267 6549 941
5267 6549 941
5267 6549 941
5267 6549 941
5267 6549 941
5429 5507 941
5429 5507 941
5429 5507 941
5429 5507 941
5429 5507 941
5429 5507 941
5429 5507 941
5429 5507 941
5429 5507 941
5429 5507 941
5429 5507 941
5429 5507 941
6574 7761 942
6574 7761 942
6574 7761 942
6574 7761 942
6574 7761 942
6574 7761 942
6574 7761 942
6574 7761 942
6574 7761 942
6574 7761 942
6574 7761 942
6574 7761 942
6579 7703 942
6579 7703 942
6579 7703 942
6579 7703 942
6579 7703 942
6579 7703 942
6579 7703 942
6579 7703 942
6579 7703 942
6579 7703 942
6579 7703 942
6579 7703 942
5307 5514 943
5307 5514 943
5307 5514 943
5307 5514 943
5307 5514 943
5307 5514 943
5307 5514 943
5307 5514 943
5307 5514 943
5307 5514 943
5307 5514 943
5307 5514 943
5307 5514 943
6411 6359 943
6411 6359 943
6411 6359 943
6411 6359 943
6411 6359 943
6411 6359 943
6411 6359 943
6411 6359 943
6411 6359 943
6411 6359 943
6411 6359 943
6411 6359 943
6411 6359 943
7679 7825 943
7679 7825 943
7679 7825 943
7679 7825 943
7679 7825 943
7679 7825 943
7679 7825 943
7679 7825 943
7679 7825 943
7679 7825 943
7679 7825 943
7679 7825 943
7679 7825 943
5995 7948 943
5995 7948 943
5995 7948 943
5995 7948 943
5995 7948 943
5995 7948 943
5995 7948 943
5995 7948 943
5995 7948 943
5995 7948 943
5995 7948 943
5995 7948 943
5995 7948 943
9179 5331 944
9179 5331 944
9179 5331 944
9179 5331 944
9179 5331 944
9179 5331 944
9179 5331 944
9179 5331 944
9179 5331 944
9179 5331 944
9179 5331 944
9179 5331 944
9179 5331 944
9273 8813 947
9273 8813 947
9273 8813 947
9273 8813 947
9273 8813 947
9273 8813 947
9273 8813 947
9273 8813 947
9273 8813 947
9273 8813 947
9273 8813 947
9273 8813 947
5502 5494 948
5502 5494 948
5502 5494 948
5502 5494 948
5502 5494 948
5502 5494 948
5502 5494 948
5502 5494 948
5502 5494 948
5502 5494 948
5502 5494 948
5502 5494 948
7786 6041 948
7786 6041 948
7786 6041 948
7786 6041 948
7786 6041 948
7786 6041 948
7786 6041 948
7786 6041 948
7786 6041 948
7786 6041 948
7786 6041 948
7786 6041 948
7786 6041 948
5466 5534 949
5466 5534 949
5466 5534 949
5466 5534 949
5466 5534 949
5466 5534 949
5466 5534 949
5466 5534 949
5466 5534 949
5466 5534 949
5466 5534 949
5466 5534 949
5466 5534 949
8435 8710 950
8435 8710 950
8435 8710 950
8435 8710 950
8435 8710 950
8435 8710 950
8435 8710 950
8435 8710 950
8435 8710 950
8435 8710 950
8435 8710 950
8435 8710 950
9203 5519 952
9203 5519 952
9203 5519 952
9203 5519 952
9203 5519 952
9203 5519 952
9203 5519 952
9203 5519 952
9203 5519 952
9203 5519 952
9203 5519 952
9203 5519 952
5486 5444 2293
5486 5444 2293
5486 5444 2293
5486 5444 2293
5486 5444 2293
5486 5444 2293
5486 5444 2293
5486 5444 2293
5486 5444 2293
5486 5444 2293
5486 5444 2293
5486 5444 2293
5277 5354 2299
5277 5354 2299
5277 5354 2299
5277 5354 2299
5277 5354 2299
5277 5354 2299
5277 5354 2299
5277 5354 2299
5277 5354 2299
5277 5354 2299
5277 5354 2299
5277 5354 2299
5277 5354 2299
5267 5358 2308
5267 5358 2308
5267 5358 2308
5267 5358 2308
5267 5358 2308
5267 5358 2308
5267 5358 2308
5267 5358 2308
5267 5358 2308
5267 5358 2308
5267 5358 2308
5267 5358 2308
5267 5358 2308
7912 9860 2308
7912 9860 2308
7912 9860 2308
7912 9860 2308
7912 9860 2308
7912 9860 2308
7912 9860 2308
7912 9860 2308
7912 9860 2308
7912 9860 2308
7912 9860 2308
7912 9860 2308
5600 5507 2320
5600 5507 2320
5600 5507 2320
5600 5507 2320
5600 5507 2320
5600 5507 2320
5600 5507 2320
5600 5507 2320
5600 5507 2320
5600 5507 2320
5600 5507 2320
5600 5507 2320
6107 5466 2329
6107 5466 2329
6107 5466 2329
6107 5466 2329
6107 5466 2329
6107 5466 2329
6107 5466 2329
6107 5466 2329
6107 5466 2329
6107 5466 2329
6107 5466 2329
6107 5466 2329
8432 6595 2330
8432 6595 2330
8432 6595 2330
8432 6595 2330
8432 6595 2330
8432 6595 2330
8432 6595 2330
8432 6595 2330
8432 6595 2330
8432 6595 2330
8432 6595 2330
8432 6595 2330
8432 6595 2330
5282 6343 2333
5282 6343 2333
5282 6343 2333
5282 6343 2333
5282 6343 2333
5282 6343 2333
5282 6343 2333
5282 6343 2333
5282 6343 2333
5282 6343 2333
5282 6343 2333
5282 6343 2333
6557 9524 2335
6557 9524 2335
6557 9524 2335
6557 9524 2335
6557 9524 2335
6557 9524 2335
6557 9524 2335
6557 9524 2335
6557 9524 2335
6557 9524 2335
6557 9524 2335
6557 9524 2335
6557 9524 2335
6584 8436 2336
6584 8436 2336
6584 8436 2336
6584 8436 2336
6584 8436 2336
6584 8436 2336
6584 8436 2336
6584 8436 2336
6584 8436 2336
6584 8436 2336
6584 8436 2336
6584 8436 2336
6584 8436 2336
6419 8436 2338
6419 8436 2338
6419 8436 2338
6419 8436 2338
6419 8436 2338
6419 8436 2338
6419 8436 2338
6419 8436 2338
6419 8436 2338
6419 8436 2338
6419 8436 2338
6419 8436 2338
6419 8436 2338
7755 6544 2345
7755 6544 2345
7755 6544 2345
7755 6544 2345
7755 6544 2345
7755 6544 2345
7755 6544 2345
7755 6544 2345
7755 6544 2345
7755 6544 2345
7755 6544 2345
7755 6544 2345
7755 6544 2345
8443 5269 2345
8443 5269 2345
8443 5269 2345
8443 5269 2345
8443 5269 2345
8443 5269 2345
8443 5269 2345
8443 5269 2345
8443 5269 2345
8443 5269 2345
8443 5269 2345
8443 5269 2345
8443 5269 2345
6454 6524 2345
6454 6524 2345
6454 6524 2345
6454 6524 2345
6454 6524 2345
6454 6524 2345
6454 6524 2345
6454 6524 2345
6454 6524 2345
6454 6524 2345
6454 6524 2345
6454 6524 2345
6454 6524 2345
7922 7654 2348
7922 7654 2348
7922 7654 2348
7922 7654 2348
7922 7654 2348
7922 7654 2348
7922 7654 2348
7922 7654 2348
7922 7654 2348
7922 7654 2348
7922 7654 2348
7922 7654 2348
7922 7654 2348
5430 5393 2348
5430 5393 2348
5430 5393 2348
5430 5393 2348
5430 5393 2348
5430 5393 2348
5430 5393 2348
5430 5393 2348
5430 5393 2348
5430 5393 2348
5430 5393 2348
5430 5393 2348
5430 5393 2348
6495 7810 2349
6495 7810 2349
6495 7810 2349
6495 7810 2349
6495 7810 2349
6495 7810 2349
6495 7810 2349
6495 7810 2349
6495 7810 2349
6495 7810 2349
6495 7810 2349
6495 7810 2349
7748 6444 2349
7748 6444 2349
7748 6444 2349
7748 6444 2349
7748 6444 2349
7748 6444 2349
7748 6444 2349
7748 6444 2349
7748 6444 2349
7748 6444 2349
7748 6444 2349
7748 6444 2349
7748 6444 2349
5369 8452 2350
5369 8452 2350
5369 8452 2350
5369 8452 2350
5369 8452 2350
5369 8452 2350
5369 8452 2350
5369 8452 2350
5369 8452 2350
5369 8452 2350
5369 8452 2350
5369 8452 2350
5412 8457 2350
5412 8457 2350
5412 8457 2350
5412 8457 2350
5412 8457 2350
5412 8457 2350
5412 8457 2350
5412 8457 2350
5412 8457 2350
5412 8457 2350
5412 8457 2350
5412 8457 2350
6022 5285 2352
6022 5285 2352
6022 5285 2352
6022 5285 2352
6022 5285 2352
6022 5285 2352
6022 5285 2352
6022 5285 2352
6022 5285 2352
6022 5285 2352
6022 5285 2352
6022 5285 2352
6022 5285 2352
6467 7473 2353
6467 7473 2353
6467 7473 2353
6467 7473 2353
6467 7473 2353
6467 7473 2353
6467 7473 2353
6467 7473 2353
6467 7473 2353
6467 7473 2353
6467 7473 2353
6467 7473 2353
6467 7473 2353
6544 8673 2353
6544 8673 2353
6544 8673 2353
6544 8673 2353
6544 8673 2353
6544 8673 2353
6544 8673 2353
6544 8673 2353
6544 8673 2353
6544 8673 2353
6544 8673 2353
6544 8673 2353
6544 8673 2353
5518 5318 2353
5518 5318 2353
5518 5318 2353
5518 5318 2353
5518 5318 2353
5518 5318 2353
5518 5318 2353
5518 5318 2353
5518 5318 2353
5518 5318 2353
5518 5318 2353
5518 5318 2353
5518 5318 2353
8757 9257 2353
8757 9257 2353
8757 9257 2353
8757 9257 2353
8757 9257 2353
8757 9257 2353
8757 9257 2353
8757 9257 2353
8757 9257 2353
8757 9257 2353
8757 9257 2353
8757 9257 2353
8757 9257 2353
7747 7898 2354
7747 7898 2354
7747 7898 2354
7747 7898 2354
7747 7898 2354
7747 7898 2354
7747 7898 2354
7747 7898 2354
7747 7898 2354
7747 7898 2354
7747 7898 2354
7747 7898 2354
7747 7898 2354
5427 5488 2354
5427 5488 2354
5427 5488 2354
5427 5488 2354
5427 5488 2354
5427 5488 2354
5427 5488 2354
5427 5488 2354
5427 5488 2354
5427 5488 2354
5427 5488 2354
5427 5488 2354
5427 5488 2354
7672 6334 2354
7672 6334 2354
7672 6334 2354
7672 6334 2354
7672 6334 2354
7672 6334 2354
7672 6334 2354
7672 6334 2354
7672 6334 2354
7672 6334 2354
7672 6334 2354
7672 6334 2354
5282 8446 2354
5282 8446 2354
5282 8446 2354
5282 8446 2354
5282 8446 2354
5282 8446 2354
5282 8446 2354
5282 8446 2354
5282 8446 2354
5282 8446 2354
5282 8446 2354
5282 8446 2354
5414 5581 2354
5414 5581 2354
5414 5581 2354
5414 5581 2354
5414 5581 2354
5414 5581 2354
5414 5581 2354
5414 5581 2354
5414 5581 2354
5414 5581 2354
5414 5581 2354
5414 5581 2354
8455 5260 2354
8455 5260 2354
8455 5260 2354
8455 5260 2354
8455 5260 2354
8455 5260 2354
8455 5260 2354
8455 5260 2354
8455 5260 2354
8455 5260 2354
8455 5260 2354
8455 5260 2354
8455 5260 2354
5358 5413 2355
5358 5413 2355
5358 5413 2355
5358 5413 2355
5358 5413 2355
5358 5413 2355
5358 5413 2355
5358 5413 2355
5358 5413 2355
5358 5413 2355
5358 5413 2355
5358 5413 2355
5358 5413 2355
6571 6551 2355
6571 6551 2355
6571 6551 2355
6571 6551 2355
6571 6551 2355
6571 6551 2355
6571 6551 2355
6571 6551 2355
6571 6551 2355
6571 6551 2355
6571 6551 2355
6571 6551 2355
6571 6551 2355
6545 8462 2355
6545 8462 2355
6545 8462 2355
6545 8462 2355
6545 8462 2355
6545 8462 2355
6545 8462 2355
6545 8462 2355
6545 8462 2355
6545 8462 2355
6545 8462 2355
6545 8462 2355
6545 8462 2355
6562 6552 2355
6562 6552 2355
6562 6552 2355
6562 6552 2355
6562 6552 2355
6562 6552 2355
6562 6552 2355
6562 6552 2355
6562 6552 2355
6562 6552 2355
6562 6552 2355
6562 6552 2355
8672 8436 2355
8672 8436 2355
8672 8436 2355
8672 8436 2355
8672 8436 2355
8672 8436 2355
8672 8436 2355
8672 8436 2355
8672 8436 2355
8672 8436 2355
8672 8436 2355
8672 8436 2355
7876 7852 2356
7876 7852 2356
7876 7852 2356
7876 7852 2356
7876 7852 2356
7876 7852 2356
7876 7852 2356
7876 7852 2356
7876 7852 2356
7876 7852 2356
7876 7852 2356
7876 7852 2356
7876 7852 2356
7686 7946 2356
7686 7946 2356
7686 7946 2356
7686 7946 2356
7686 7946 2356
7686 7946 2356
7686 7946 2356
7686 7946 2356
7686 7946 2356
7686 7946 2356
7686 7946 2356
7686 7946 2356
7823 7884 2357
7823 7884 2357
7823 7884 2357
7823 7884 2357
7823 7884 2357
7823 7884 2357
7823 7884 2357
7823 7884 2357
7823 7884 2357
7823 7884 2357
7823 7884 2357
7823 7884 2357
6451 6382 2357
6451 6382 2357
6451 6382 2357
6451 6382 2357
6451 6382 2357
6451 6382 2357
6451 6382 2357
6451 6382 2357
6451 6382 2357
6451 6382 2357
6451 6382 2357
6451 6382 2357
6451 6382 2357
6462 7455 2358
6462 7455 2358
6462 7455 2358
6462 7455 2358
6462 7455 2358
6462 7455 2358
6462 7455 2358
6462 7455 2358
6462 7455 2358
6462 7455 2358
6462 7455 2358
6462 7455 2358
7724 8438 2359
7724 8438 2359
7724 8438 2359
7724 8438 2359
7724 8438 2359
7724 8438 2359
7724 8438 2359
7724 8438 2359
7724 8438 2359
7724 8438 2359
7724 8438 2359
7724 8438 2359
6326 6496 2360
6326 6496 2360
6326 6496 2360
6326 6496 2360
6326 6496 2360
6326 6496 2360
6326 6496 2360
6326 6496 2360
6326 6496 2360
6326 6496 2360
6326 6496 2360
6326 6496 2360
6326 6496 2360
7903 7799 2360
7903 7799 2360
7903 7799 2360
7903 7799 2360
7903 7799 2360
7903 7799 2360
7903 7799 2360
7903 7799 2360
7903 7799 2360
7903 7799 2360
7903 7799 2360
7903 7799 2360
7903 7799 2360
6045 8437 2360
6045 8437 2360
6045 8437 2360
6045 8437 2360
6045 8437 2360
6045 8437 2360
6045 8437 2360
6045 8437 2360
6045 8437 2360
6045 8437 2360
6045 8437 2360
6045 8437 2360
6045 8437 2360
6605 6560 2360
6605 6560 2360
6605 6560 2360
6605 6560 2360
6605 6560 2360
6605 6560 2360
6605 6560 2360
6605 6560 2360
6605 6560 2360
6605 6560 2360
6605 6560 2360
6605 6560 2360
6605 6560 2360
5358 5394 2361
5358 5394 2361
5358 5394 2361
5358 5394 2361
5358 5394 2361
5358 5394 2361
5358 5394 2361
5358 5394 2361
5358 5394 2361
5358 5394 2361
5358 5394 2361
5358 5394 2361
5295 6344 2361
5295 6344 2361
5295 6344 2361
5295 6344 2361
5295 6344 2361
5295 6344 2361
5295 6344 2361
5295 6344 2361
5295 6344 2361
5295 6344 2361
5295 6344 2361
5295 6344 2361
5295 6344 2361
6491 7498 2361
6491 7498 2361
6491 7498 2361
6491 7498 2361
6491 7498 2361
6491 7498 2361
6491 7498 2361
6491 7498 2361
6491 7498 2361
6491 7498 2361
6491 7498 2361
6491 7498 2361
5528 5278 2361
5528 5278 2361
5528 5278 2361
5528 5278 2361
5528 5278 2361
5528 5278 2361
5528 5278 2361
5528 5278 2361
5528 5278 2361
5528 5278 2361
5528 5278 2361
5528 5278 2361
5528 5278 2361
7943 7734 2361
7943 7734 2361
7943 7734 2361
7943 7734 2361
7943 7734 2361
7943 7734 2361
7943 7734 2361
7943 7734 2361
7943 7734 2361
7943 7734 2361
7943 7734 2361
7943 7734 2361
6366 6460 2362
6366 6460 2362
6366 6460 2362
6366 6460 2362
6366 6460 2362
6366 6460 2362
6366 6460 2362
6366 6460 2362
6366 6460 2362
6366 6460 2362
6366 6460 2362
6366 6460 2362
7845 7919 2363
7845 7919 2363
7845 7919 2363
7845 7919 2363
7845 7919 2363
7845 7919 2363
7845 7919 2363
7845 7919 2363
7845 7919 2363
7845 7919 2363
7845 7919 2363
7845 7919 2363
6541 8677 2363
6541 8677 2363
6541 8677 2363
6541 8677 2363
6541 8677 2363
6541 8677 2363
6541 8677 2363
6541 8677 2363
6541 8677 2363
6541 8677 2363
6541 8677 2363
6541 8677 2363
7928 7833 2363
7928 7833 2363
7928 7833 2363
7928 7833 2363
7928 7833 2363
7928 7833 2363
7928 7833 2363
7928 7833 2363
7928 7833 2363
7928 7833 2363
7928 7833 2363
7928 7833 2363
8432 6532 2364
8432 6532 2364
8432 6532 2364
8432 6532 2364
8432 6532 2364
8432 6532 2364
8432 6532 2364
8432 6532 2364
8432 6532 2364
8432 6532 2364
8432 6532 2364
8432 6532 2364
8432 6532 2364
7695 7713 2365
7695 7713 2365
7695 7713 2365
7695 7713 2365
7695 7713 2365
7695 7713 2365
7695 7713 2365
7695 7713 2365
7695 7713 2365
7695 7713 2365
7695 7713 2365
7695 7713 2365
6495 7476 2366
6495 7476 2366
6495 7476 2366
6495 7476 2366
6495 7476 2366
6495 7476 2366
6495 7476 2366
6495 7476 2366
6495 7476 2366
6495 7476 2366
6495 7476 2366
6495 7476 2366
6495 7476 2366
5488 5548 2366
5488 5548 2366
5488 5548 2366
5488 5548 2366
5488 5548 2366
5488 5548 2366
5488 5548 2366
5488 5548 2366
5488 5548 2366
5488 5548 2366
5488 5548 2366
5488 5548 2366
5308 5556 2366
5308 5556 2366
5308 5556 2366
5308 5556 2366
5308 5556 2366
5308 5556 2366
5308 5556 2366
5308 5556 2366
5308 5556 2366
5308 5556 2366
5308 5556 2366
5308 5556 2366
5308 5556 2366
7887 7867 2366
7887 7867 2366
7887 7867 2366
7887 7867 2366
7887 7867 2366
7887 7867 2366
7887 7867 2366
7887 7867 2366
7887 7867 2366
7887 7867 2366
7887 7867 2366
7887 7867 2366
9524 9529 2366
9524 9529 2366
9524 9529 2366
9524 9529 2366
9524 9529 2366
9524 9529 2366
9524 9529 2366
9524 9529 2366
9524 9529 2366
9524 9529 2366
9524 9529 2366
9524 9529 2366
5260 6543 2367
5260 6543 2367
5260 6543 2367
5260 6543 2367
5260 6543 2367
5260 6543 2367
5260 6543 2367
5260 6543 2367
5260 6543 2367
5260 6543 2367
5260 6543 2367
5260 6543 2367
5444 5269 2368
5444 5269 2368
5444 5269 2368
5444 5269 2368
5444 5269 2368
5444 5269 2368
5444 5269 2368
5444 5269 2368
5444 5269 2368
5444 5269 2368
5444 5269 2368
5444 5269 2368
5990 5440 2369
5990 5440 2369
5990 5440 2369
5990 5440 2369
5990 5440 2369
5990 5440 2369
5990 5440 2369
5990 5440 2369
5990 5440 2369
5990 5440 2369
5990 5440 2369
5990 5440 2369
5990 5440 2369
6004 5404 2370
6004 5404 2370
6004 5404 2370
6004 5404 2370
6004 5404 2370
6004 5404 2370
6004 5404 2370
6004 5404 2370
6004 5404 2370
6004 5404 2370
6004 5404 2370
6004 5404 2370
6004 5404 2370
5297 5362 2371
5297 5362 2371
5297 5362 2371
5297 5362 2371
5297 5362 2371
5297 5362 2371
5297 5362 2371
5297 5362 2371
5297 5362 2371
5297 5362 2371
5297 5362 2371
5297 5362 2371
5297 5362 2371
6556 8462 2371
6556 8462 2371
6556 8462 2371
6556 8462 2371
6556 8462 2371
6556 8462 2371
6556 8462 2371
6556 8462 2371
6556 8462 2371
6556 8462 2371
6556 8462 2371
6556 8462 2371
6556 8462 2371
5356 9523 2372
5356 9523 2372
5356 9523 2372
5356 9523 2372
5356 9523 2372
5356 9523 2372
5356 9523 2372
5356 9523 2372
5356 9523 2372
5356 9523 2372
5356 9523 2372
5356 9523 2372
5528 5438 2373
5528 5438 2373
5528 5438 2373
5528 5438 2373
5528 5438 2373
5528 5438 2373
5528 5438 2373
5528 5438 2373
5528 5438 2373
5528 5438 2373
5528 5438 2373
5528 5438 2373
7819 7675 2373
7819 7675 2373
7819 7675 2373
7819 7675 2373
7819 7675 2373
7819 7675 2373
7819 7675 2373
7819 7675 2373
7819 7675 2373
7819 7675 2373
7819 7675 2373
7819 7675 2373
7819 7675 2373
7800 7747 2374
7800 7747 2374
7800 7747 2374
7800 7747 2374
7800 7747 2374
7800 7747 2374
7800 7747 2374
7800 7747 2374
7800 7747 2374
7800 7747 2374
7800 7747 2374
7800 7747 2374
7664 9672 2374
7664 9672 2374
7664 9672 2374
7664 9672 2374
7664 9672 2374
7664 9672 2374
7664 9672 2374
7664 9672 2374
7664 9672 2374
7664 9672 2374
7664 9672 2374
7664 9672 2374
7859 7747 2375
7859 7747 2375
7859 7747 2375
7859 7747 2375
7859 7747 2375
7859 7747 2375
7859 7747 2375
7859 7747 2375
7859 7747 2375
7859 7747 2375
7859 7747 2375
7859 7747 2375
7749 7961 2375
7749 7961 2375
7749 7961 2375
7749 7961 2375
7749 7961 2375
7749 7961 2375
7749 7961 2375
7749 7961 2375
7749 7961 2375
7749 7961 2375
7749 7961 2375
7749 7961 2375
5255 5354 2375
5255 5354 2375
5255 5354 2375
5255 5354 2375
5255 5354 2375
5255 5354 2375
5255 5354 2375
5255 5354 2375
5255 5354 2375
5255 5354 2375
5255 5354 2375
5255 5354 2375
5255 5354 2375
5316 9200 2376
5316 9200 2376
5316 9200 2376
5316 9200 2376
5316 9200 2376
5316 9200 2376
5316 9200 2376
5316 9200 2376
5316 9200 2376
5316 9200 2376
5316 9200 2376
5316 9200 2376
5316 9200 2376
6543 9528 2376
6543 9528 2376
6543 9528 2376
6543 9528 2376
6543 9528 2376
6543 9528 2376
6543 9528 2376
6543 9528 2376
6543 9528 2376
6543 9528 2376
6543 9528 2376
6543 9528 2376
6543 9528 2376
5272 6011 2377
5272 6011 2377
5272 6011 2377
5272 6011 2377
5272 6011 2377
5272 6011 2377
5272 6011 2377
5272 6011 2377
5272 6011 2377
5272 6011 2377
5272 6011 2377
5272 6011 2377
5272 6011 2377
7691 6496 2377
7691 6496 2377
7691 6496 2377
7691 6496 2377
7691 6496 2377
7691 6496 2377
7691 6496 2377
7691 6496 2377
7691 6496 2377
7691 6496 2377
7691 6496 2377
7691 6496 2377
7691 6496 2377
6529 7693 2377
6529 7693 2377
6529 7693 2377
6529 7693 2377
6529 7693 2377
6529 7693 2377
6529 7693 2377
6529 7693 2377
6529 7693 2377
6529 7693 2377
6529 7693 2377
6529 7693 2377
5991 6114 2378
5991 6114 2378
5991 6114 2378
5991 6114 2378
5991 6114 2378
5991 6114 2378
5991 6114 2378
5991 6114 2378
5991 6114 2378
5991 6114 2378
5991 6114 2378
5991 6114 2378
7946 7934 2379
7946 7934 2379
7946 7934 2379
7946 7934 2379
7946 7934 2379
7946 7934 2379
7946 7934 2379
7946 7934 2379
7946 7934 2379
7946 7934 2379
7946 7934 2379
7946 7934 2379
7946 7934 2379
6326 7681 2380
6326 7681 2380
6326 7681 2380
6326 7681 2380
6326 7681 2380
6326 7681 2380
6326 7681 2380
6326 7681 2380
6326 7681 2380
6326 7681 2380
6326 7681 2380
6326 7681 2380
5544 5438 2380
5544 5438 2380
5544 5438 2380
5544 5438 2380
5544 5438 2380
5544 5438 2380
5544 5438 2380
5544 5438 2380
5544 5438 2380
5544 5438 2380
5544 5438 2380
5544 5438 2380
9159 5261 2381
9159 5261 2381
9159 5261 2381
9159 5261 2381
9159 5261 2381
9159 5261 2381
9159 5261 2381
9159 5261 2381
9159 5261 2381
9159 5261 2381
9159 5261 2381
9159 5261 2381
9159 5261 2381
5443 6031 2381
5443 6031 2381
5443 6031 2381
5443 6031 2381
5443 6031 2381
5443 6031 2381
5443 6031 2381
5443 6031 2381
5443 6031 2381
5443 6031 2381
5443 6031 2381
5443 6031 2381
5275 5532 2381
5275 5532 2381
5275 5532 2381
5275 5532 2381
5275 5532 2381
5275 5532 2381
5275 5532 2381
5275 5532 2381
5275 5532 2381
5275 5532 2381
5275 5532 2381
5275 5532 2381
5275 5532 2381
6602 8440 2381
6602 8440 2381
6602 8440 2381
6602 8440 2381
6602 8440 2381
6602 8440 2381
6602 8440 2381
6602 8440 2381
6602 8440 2381
6602 8440 2381
6602 8440 2381
6602 8440 2381
6602 8440 2381
5256 6549 2382
5256 6549 2382
5256 6549 2382
5256 6549 2382
5256 6549 2382
5256 6549 2382
5256 6549 2382
5256 6549 2382
5256 6549 2382
5256 6549 2382
5256 6549 2382
5256 6549 2382
5256 6549 2382
5446 6024 2383
5446 6024 2383
5446 6024 2383
5446 6024 2383
5446 6024 2383
5446 6024 2383
5446 6024 2383
5446 6024 2383
5446 6024 2383
5446 6024 2383
5446 6024 2383
5446 6024 2383
5446 6024 2383
7942 7907 2383
7942 7907 2383
7942 7907 2383
7942 7907 2383
7942 7907 2383
7942 7907 2383
7942 7907 2383
7942 7907 2383
7942 7907 2383
7942 7907 2383
7942 7907 2383
7942 7907 2383
7942 7907 2383
6469 7515 2383
6469 7515 2383
6469 7515 2383
6469 7515 2383
6469 7515 2383
6469 7515 2383
6469 7515 2383
6469 7515 2383
6469 7515 2383
6469 7515 2383
6469 7515 2383
6469 7515 2383
6469 7515 2383
7858 7821 2384
7858 7821 2384
7858 7821 2384
7858 7821 2384
7858 7821 2384
7858 7821 2384
7858 7821 2384
7858 7821 2384
7858 7821 2384
7858 7821 2384
7858 7821 2384
7858 7821 2384
9520 6563 2384
9520 6563 2384
9520 6563 2384
9520 6563 2384
9520 6563 2384
9520 6563 2384
9520 6563 2384
9520 6563 2384
9520 6563 2384
9520 6563 2384
9520 6563 2384
9520 6563 2384
6492 7493 2384
6492 7493 2384
6492 7493 2384
6492 7493 2384
6492 7493 2384
6492 7493 2384
6492 7493 2384
6492 7493 2384
6492 7493 2384
6492 7493 2384
6492 7493 2384
6492 7493 2384
6492 7493 2384
8675 6531 2384
8675 6531 2384
8675 6531 2384
8675 6531 2384
8675 6531 2384
8675 6531 2384
8675 6531 2384
8675 6531 2384
8675 6531 2384
8675 6531 2384
8675 6531 2384
8675 6531 2384
8452 7686 2384
8452 7686 2384
8452 7686 2384
8452 7686 2384
8452 7686 2384
8452 7686 2384
8452 7686 2384
8452 7686 2384
8452 7686 2384
8452 7686 2384
8452 7686 2384
8452 7686 2384
6582 8437 2385
6582 8437 2385
6582 8437 2385
6582 8437 2385
6582 8437 2385
6582 8437 2385
6582 8437 2385
6582 8437 2385
6582 8437 2385
6582 8437 2385
6582 8437 2385
6582 8437 2385
6582 8437 2385
5392 5999 2385
5392 5999 2385
5392 5999 2385
5392 5999 2385
5392 5999 2385
5392 5999 2385
5392 5999 2385
5392 5999 2385
5392 5999 2385
5392 5999 2385
5392 5999 2385
5392 5999 2385
5392 5999 2385
5359 6406 2386
5359 6406 2386
5359 6406 2386
5359 6406 2386
5359 6406 2386
5359 6406 2386
5359 6406 2386
5359 6406 2386
5359 6406 2386
5359 6406 2386
5359 6406 2386
5359 6406 2386
5359 6406 2386
5359 6590 2386
5359 6590 2386
5359 6590 2386
5359 6590 2386
5359 6590 2386
5359 6590 2386
5359 6590 2386
5359 6590 2386
5359 6590 2386
5359 6590 2386
5359 6590 2386
5359 6590 2386
7835 7697 2387
7835 7697 2387
7835 7697 2387
7835 7697 2387
7835 7697 2387
7835 7697 2387
7835 7697 2387
7835 7697 2387
7835 7697 2387
7835 7697 2387
7835 7697 2387
7835 7697 2387
7835 7697 2387
5391 6012 2388
5391 6012 2388
5391 6012 2388
5391 6012 2388
5391 6012 2388
5391 6012 2388
5391 6012 2388
5391 6012 2388
5391 6012 2388
5391 6012 2388
5391 6012 2388
5391 6012 2388
5391 6012 2388
8370 7906 2388
8370 7906 2388
8370 7906 2388
8370 7906 2388
8370 7906 2388
8370 7906 2388
8370 7906 2388
8370 7906 2388
8370 7906 2388
8370 7906 2388
8370 7906 2388
8370 7906 2388
8370 7906 2388
7460 6323 2388
7460 6323 2388
7460 6323 2388
7460 6323 2388
7460 6323 2388
7460 6323 2388
7460 6323 2388
7460 6323 2388
7460 6323 2388
7460 6323 2388
7460 6323 2388
7460 6323 2388
5374 8755 2389
5374 8755 2389
5374 8755 2389
5374 8755 2389
5374 8755 2389
5374 8755 2389
5374 8755 2389
5374 8755 2389
5374 8755 2389
5374 8755 2389
5374 8755 2389
5374 8755 2389
8434 8677 2389
8434 8677 2389
8434 8677 2389
8434 8677 2389
8434 8677 2389
8434 8677 2389
8434 8677 2389
8434 8677 2389
8434 8677 2389
8434 8677 2389
8434 8677 2389
8434 8677 2389
7729 7943 2389
7729 7943 2389
7729 7943 2389
7729 7943 2389
7729 7943 2389
7729 7943 2389
7729 7943 2389
7729 7943 2389
7729 7943 2389
7729 7943 2389
7729 7943 2389
7729 7943 2389
7729 7943 2389
6538 8680 2389
6538 8680 2389
6538 8680 2389
6538 8680 2389
6538 8680 2389
6538 8680 2389
6538 8680 2389
6538 8680 2389
6538 8680 2389
6538 8680 2389
6538 8680 2389
6538 8680 2389
7634 7942 2390
7634 7942 2390
7634 7942 2390
7634 7942 2390
7634 7942 2390
7634 7942 2390
7634 7942 2390
7634 7942 2390
7634 7942 2390
7634 7942 2390
7634 7942 2390
7634 7942 2390
7634 7942 2390
5309 8785 2390
5309 8785 2390
5309 8785 2390
5309 8785 2390
5309 8785 2390
5309 8785 2390
5309 8785 2390
5309 8785 2390
5309 8785 2390
5309 8785 2390
5309 8785 2390
5309 8785 2390
7905 8349 2391
7905 8349 2391
7905 8349 2391
7905 8349 2391
7905 8349 2391
7905 8349 2391
7905 8349 2391
7905 8349 2391
7905 8349 2391
7905 8349 2391
7905 8349 2391
7905 8349 2391
7905 8349 2391
7712 5418 2391
7712 5418 2391
7712 5418 2391
7712 5418 2391
7712 5418 2391
7712 5418 2391
7712 5418 2391
7712 5418 2391
7712 5418 2391
7712 5418 2391
7712 5418 2391
7712 5418 2391
7712 5418 2391
8705 6562 2392
8705 6562 2392
8705 6562 2392
8705 6562 2392
8705 6562 2392
8705 6562 2392
8705 6562 2392
8705 6562 2392
8705 6562 2392
8705 6562 2392
8705 6562 2392
8705 6562 2392
8705 6562 2392
6557 9527 2392
6557 9527 2392
6557 9527 2392
6557 9527 2392
6557 9527 2392
6557 9527 2392
6557 9527 2392
6557 9527 2392
6557 9527 2392
6557 9527 2392
6557 9527 2392
6557 9527 2392
6557 9527 2392
7916 7881 2392
7916 7881 2392
7916 7881 2392
7916 7881 2392
7916 7881 2392
7916 7881 2392
7916 7881 2392
7916 7881 2392
7916 7881 2392
7916 7881 2392
7916 7881 2392
7916 7881 2392
6557 8673 2392
6557 8673 2392
6557 8673 2392
6557 8673 2392
6557 8673 2392
6557 8673 2392
6557 8673 2392
6557 8673 2392
6557 8673 2392
6557 8673 2392
6557 8673 2392
6557 8673 2392
6557 8673 2392
7664 7796 2393
7664 7796 2393
7664 7796 2393
7664 7796 2393
7664 7796 2393
7664 7796 2393
7664 7796 2393
7664 7796 2393
7664 7796 2393
7664 7796 2393
7664 7796 2393
7664 7796 2393
7664 7796 2393
5361 5310 2393
5361 5310 2393
5361 5310 2393
5361 5310 2393
5361 5310 2393
5361 5310 2393
5361 5310 2393
5361 5310 2393
5361 5310 2393
5361 5310 2393
5361 5310 2393
5361 5310 2393
5361 5310 2393
7712 6566 2393
7712 6566 2393
7712 6566 2393
7712 6566 2393
7712 6566 2393
7712 6566 2393
7712 6566 2393
7712 6566 2393
7712 6566 2393
7712 6566 2393
7712 6566 2393
7712 6566 2393
7712 6566 2393
5391 6544 2393
5391 6544 2393
5391 6544 2393
5391 6544 2393
5391 6544 2393
5391 6544 2393
5391 6544 2393
5391 6544 2393
5391 6544 2393
5391 6544 2393
5391 6544 2393
5391 6544 2393
6530 5359 2393
6530 5359 2393
6530 5359 2393
6530 5359 2393
6530 5359 2393
6530 5359 2393
6530 5359 2393
6530 5359 2393
6530 5359 2393
6530 5359 2393
6530 5359 2393
6530 5359 2393
6530 5359 2393
5396 7718 2394
5396 7718 2394
5396 7718 2394
5396 7718 2394
5396 7718 2394
5396 7718 2394
5396 7718 2394
5396 7718 2394
5396 7718 2394
5396 7718 2394
5396 7718 2394
5396 7718 2394
6567 5389 2395
6567 5389 2395
6567 5389 2395
6567 5389 2395
6567 5389 2395
6567 5389 2395
6567 5389 2395
6567 5389 2395
6567 5389 2395
6567 5389 2395
6567 5389 2395
6567 5389 2395
7909 7879 2395
7909 7879 2395
7909 7879 2395
7909 7879 2395
7909 7879 2395
7909 7879 2395
7909 7879 2395
7909 7879 2395
7909 7879 2395
7909 7879 2395
7909 7879 2395
7909 7879 2395
7909 7879 2395
6557 9528 2396
6557 9528 2396
6557 9528 2396
6557 9528 2396
6557 9528 2396
6557 9528 2396
6557 9528 2396
6557 9528 2396
6557 9528 2396
6557 9528 2396
6557 9528 2396
6557 9528 2396
6557 9528 2396
5390 5435 2397
5390 5435 2397
5390 5435 2397
5390 5435 2397
5390 5435 2397
5390 5435 2397
5390 5435 2397
5390 5435 2397
5390 5435 2397
5390 5435 2397
5390 5435 2397
5390 5435 2397
6603 5387 2398
6603 5387 2398
6603 5387 2398
6603 5387 2398
6603 5387 2398
6603 5387 2398
6603 5387 2398
6603 5387 2398
6603 5387 2398
6603 5387 2398
6603 5387 2398
6603 5387 2398
6538 6416 2398
6538 6416 2398
6538 6416 2398
6538 6416 2398
6538 6416 2398
6538 6416 2398
6538 6416 2398
6538 6416 2398
6538 6416 2398
6538 6416 2398
6538 6416 2398
6538 6416 2398
6538 6416 2398
7747 7894 2399
7747 7894 2399
7747 7894 2399
7747 7894 2399
7747 7894 2399
7747 7894 2399
7747 7894 2399
7747 7894 2399
7747 7894 2399
7747 7894 2399
7747 7894 2399
7747 7894 2399
5521 6095 2400
5521 6095 2400
5521 6095 2400
5521 6095 2400
5521 6095 2400
5521 6095 2400
5521 6095 2400
5521 6095 2400
5521 6095 2400
5521 6095 2400
5521 6095 2400
5521 6095 2400
5521 6095 2400
8434 6538 2401
8434 6538 2401
8434 6538 2401
8434 6538 2401
8434 6538 2401
8434 6538 2401
8434 6538 2401
8434 6538 2401
8434 6538 2401
8434 6538 2401
8434 6538 2401
8434 6538 2401
8434 6538 2401
5359 6006 2401
5359 6006 2401
5359 6006 2401
5359 6006 2401
5359 6006 2401
5359 6006 2401
5359 6006 2401
5359 6006 2401
5359 6006 2401
5359 6006 2401
5359 6006 2401
5359 6006 2401
5359 6006 2401
7773 5922 2401
7773 5922 2401
7773 5922 2401
7773 5922 2401
7773 5922 2401
7773 5922 2401
7773 5922 2401
7773 5922 2401
7773 5922 2401
7773 5922 2401
7773 5922 2401
7773 5922 2401
6547 6533 2401
6547 6533 2401
6547 6533 2401
6547 6533 2401
6547 6533 2401
6547 6533 2401
6547 6533 2401
6547 6533 2401
6547 6533 2401
6547 6533 2401
6547 6533 2401
6547 6533 2401
5256 5383 2401
5256 5383 2401
5256 5383 2401
5256 5383 2401
5256 5383 2401
5256 5383 2401
5256 5383 2401
5256 5383 2401
5256 5383 2401
5256 5383 2401
5256 5383 2401
5256 5383 2401
5256 5383 2401
6550 8704 2402
6550 8704 2402
6550 8704 2402
6550 8704 2402
6550 8704 2402
6550 8704 2402
6550 8704 2402
6550 8704 2402
6550 8704 2402
6550 8704 2402
6550 8704 2402
6550 8704 2402
6550 8704 2402
7693 6585 2402
7693 6585 2402
7693 6585 2402
7693 6585 2402
7693 6585 2402
7693 6585 2402
7693 6585 2402
7693 6585 2402
7693 6585 2402
7693 6585 2402
7693 6585 2402
7693 6585 2402
7693 6585 2402
6591 5383 2402
6591 5383 2402
6591 5383 2402
6591 5383 2402
6591 5383 2402
6591 5383 2402
6591 5383 2402
6591 5383 2402
6591 5383 2402
6591 5383 2402
6591 5383 2402
6591 5383 2402
6591 5383 2402
5433 5489 2402
5433 5489 2402
5433 5489 2402
5433 5489 2402
5433 5489 2402
5433 5489 2402
5433 5489 2402
5433 5489 2402
5433 5489 2402
5433 5489 2402
5433 5489 2402
5433 5489 2402
5433 5489 2402
8356 7857 2402
8356 7857 2402
8356 7857 2402
8356 7857 2402
8356 7857 2402
8356 7857 2402
8356 7857 2402
8356 7857 2402
8356 7857 2402
8356 7857 2402
8356 7857 2402
8356 7857 2402
6549 6534 2403
6549 6534 2403
6549 6534 2403
6549 6534 2403
6549 6534 2403
6549 6534 2403
6549 6534 2403
6549 6534 2403
6549 6534 2403
6549 6534 2403
6549 6534 2403
6549 6534 2403
6549 6534 2403
8367 7972 2403
8367 7972 2403
8367 7972 2403
8367 7972 2403
8367 7972 2403
8367 7972 2403
8367 7972 2403
8367 7972 2403
8367 7972 2403
8367 7972 2403
8367 7972 2403
8367 7972 2403
5259 5387 2403
5259 5387 2403
5259 5387 2403
5259 5387 2403
5259 5387 2403
5259 5387 2403
5259 5387 2403
5259 5387 2403
5259 5387 2403
5259 5387 2403
5259 5387 2403
5259 5387 2403
6561 8436 2403
6561 8436 2403
6561 8436 2403
6561 8436 2403
6561 8436 2403
6561 8436 2403
6561 8436 2403
6561 8436 2403
6561 8436 2403
6561 8436 2403
6561 8436 2403
6561 8436 2403
6561 8436 2403
8682 6344 2403
8682 6344 2403
8682 6344 2403
8682 6344 2403
8682 6344 2403
8682 6344 2403
8682 6344 2403
8682 6344 2403
8682 6344 2403
8682 6344 2403
8682 6344 2403
8682 6344 2403
5252 5315 2404
5252 5315 2404
5252 5315 2404
5252 5315 2404
5252 5315 2404
5252 5315 2404
5252 5315 2404
5252 5315 2404
5252 5315 2404
5252 5315 2404
5252 5315 2404
5252 5315 2404
5252 5315 2404
5364 6593 2404
5364 6593 2404
5364 6593 2404
5364 6593 2404
5364 6593 2404
5364 6593 2404
5364 6593 2404
5364 6593 2404
5364 6593 2404
5364 6593 2404
5364 6593 2404
5364 6593 2404
5364 6593 2404
6539 9634 2404
6539 9634 2404
6539 9634 2404
6539 9634 2404
6539 9634 2404
6539 9634 2404
6539 9634 2404
6539 9634 2404
6539 9634 2404
6539 9634 2404
6539 9634 2404
6539 9634 2404
7726 7752 2404
7726 7752 2404
7726 7752 2404
7726 7752 2404
7726 7752 2404
7726 7752 2404
7726 7752 2404
7726 7752 2404
7726 7752 2404
7726 7752 2404
7726 7752 2404
7726 7752 2404
7726 7752 2404
6397 8445 2404
6397 8445 2404
6397 8445 2404
6397 8445 2404
6397 8445 2404
6397 8445 2404
6397 8445 2404
6397 8445 2404
6397 8445 2404
6397 8445 2404
6397 8445 2404
6397 8445 2404
9524 5281 2405
9524 5281 2405
9524 5281 2405
9524 5281 2405
9524 5281 2405
9524 5281 2405
9524 5281 2405
9524 5281 2405
9524 5281 2405
9524 5281 2405
9524 5281 2405
9524 5281 2405
9524 5281 2405
8474 6529 2405
8474 6529 2405
8474 6529 2405
8474 6529 2405
8474 6529 2405
8474 6529 2405
8474 6529 2405
8474 6529 2405
8474 6529 2405
8474 6529 2405
8474 6529 2405
8474 6529 2405
8474 6529 2405
5410 5299 2405
5410 5299 2405
5410 5299 2405
5410 5299 2405
5410 5299 2405
5410 5299 2405
5410 5299 2405
5410 5299 2405
5410 5299 2405
5410 5299 2405
5410 5299 2405
5410 5299 2405
6040 7724 2406
6040 7724 2406
6040 7724 2406
6040 7724 2406
6040 7724 2406
6040 7724 2406
6040 7724 2406
6040 7724 2406
6040 7724 2406
6040 7724 2406
6040 7724 2406
6040 7724 2406
6040 7724 2406
7478 6332 2406
7478 6332 2406
7478 6332 2406
7478 6332 2406
7478 6332 2406
7478 6332 2406
7478 6332 2406
7478 6332 2406
7478 6332 2406
7478 6332 2406
7478 6332 2406
7478 6332 2406
7478 6332 2406
5452 9198 2407
5452 9198 2407
5452 9198 2407
5452 9198 2407
5452 9198 2407
5452 9198 2407
5452 9198 2407
5452 9198 2407
5452 9198 2407
5452 9198 2407
5452 9198 2407
5452 9198 2407
9197 5307 2409
9197 5307 2409
9197 5307 2409
9197 5307 2409
9197 5307 2409
9197 5307 2409
9197 5307 2409
9197 5307 2409
9197 5307 2409
9197 5307 2409
9197 5307 2409
9197 5307 2409
9151 9186 2409
9151 9186 2409
9151 9186 2409
9151 9186 2409
9151 9186 2409
9151 9186 2409
9151 9186 2409
9151 9186 2409
9151 9186 2409
9151 9186 2409
9151 9186 2409
9151 9186 2409
5419 5356 2409
5419 5356 2409
5419 5356 2409
5419 5356 2409
5419 5356 2409
5419 5356 2409
5419 5356 2409
5419 5356 2409
5419 5356 2409
5419 5356 2409
5419 5356 2409
5419 5356 2409
5419 5356 2409
7724 6561 2410
7724 6561 2410
7724 6561 2410
7724 6561 2410
7724 6561 2410
7724 6561 2410
7724 6561 2410
7724 6561 2410
7724 6561 2410
7724 6561 2410
7724 6561 2410
7724 6561 2410
7749 6574 2410
7749 6574 2410
7749 6574 2410
7749 6574 2410
7749 6574 2410
7749 6574 2410
7749 6574 2410
7749 6574 2410
7749 6574 2410
7749 6574 2410
7749 6574 2410
7749 6574 2410
7749 6574 2410
6002 8436 2410
6002 8436 2410
6002 8436 2410
6002 8436 2410
6002 8436 2410
6002 8436 2410
6002 8436 2410
6002 8436 2410
6002 8436 2410
6002 8436 2410
6002 8436 2410
6002 8436 2410
6002 8436 2410
9520 8434 2411
9520 8434 2411
9520 8434 2411
9520 8434 2411
9520 8434 2411
9520 8434 2411
9520 8434 2411
9520 8434 2411
9520 8434 2411
9520 8434 2411
9520 8434 2411
9520 8434 2411
9520 8434 2411
5259 6529 2411
5259 6529 2411
5259 6529 2411
5259 6529 2411
5259 6529 2411
5259 6529 2411
5259 6529 2411
5259 6529 2411
5259 6529 2411
5259 6529 2411
5259 6529 2411
5259 6529 2411
5259 6529 2411
7911 7676 2411
7911 7676 2411
7911 7676 2411
7911 7676 2411
7911 7676 2411
7911 7676 2411
7911 7676 2411
7911 7676 2411
7911 7676 2411
7911 7676 2411
7911 7676 2411
7911 7676 2411
7911 7676 2411
5364 6340 2414
5364 6340 2414
5364 6340 2414
5364 6340 2414
5364 6340 2414
5364 6340 2414
5364 6340 2414
5364 6340 2414
5364 6340 2414
5364 6340 2414
5364 6340 2414
5364 6340 2414
6444 7839 2414
6444 7839 2414
6444 7839 2414
6444 7839 2414
6444 7839 2414
6444 7839 2414
6444 7839 2414
6444 7839 2414
6444 7839 2414
6444 7839 2414
6444 7839 2414
6444 7839 2414
9595 6408 2414
9595 6408 2414
9595 6408 2414
9595 6408 2414
9595 6408 2414
9595 6408 2414
9595 6408 2414
9595 6408 2414
9595 6408 2414
9595 6408 2414
9595 6408 2414
9595 6408 2414
9595 6408 2414
5443 5276 2414
5443 5276 2414
5443 5276 2414
5443 5276 2414
5443 5276 2414
5443 5276 2414
5443 5276 2414
5443 5276 2414
5443 5276 2414
5443 5276 2414
5443 5276 2414
5443 5276 2414
5443 5276 2414
7874 7908 2415
7874 7908 2415
7874 7908 2415
7874 7908 2415
7874 7908 2415
7874 7908 2415
7874 7908 2415
7874 7908 2415
7874 7908 2415
7874 7908 2415
7874 7908 2415
7874 7908 2415
7874 7908 2415
6022 5277 2415
6022 5277 2415
6022 5277 2415
6022 5277 2415
6022 5277 2415
6022 5277 2415
6022 5277 2415
6022 5277 2415
6022 5277 2415
6022 5277 2415
6022 5277 2415
6022 5277 2415
6022 5277 2415
5268 8436 2415
5268 8436 2415
5268 8436 2415
5268 8436 2415
5268 8436 2415
5268 8436 2415
5268 8436 2415
5268 8436 2415
5268 8436 2415
5268 8436 2415
5268 8436 2415
5268 8436 2415
5268 8436 2415
5924 6597 2416
5924 6597 2416
5924 6597 2416
5924 6597 2416
5924 6597 2416
5924 6597 2416
5924 6597 2416
5924 6597 2416
5924 6597 2416
5924 6597 2416
5924 6597 2416
5924 6597 2416
7690 6486 2416
7690 6486 2416
7690 6486 2416
7690 6486 2416
7690 6486 2416
7690 6486 2416
7690 6486 2416
7690 6486 2416
7690 6486 2416
7690 6486 2416
7690 6486 2416
7690 6486 2416
6511 7685 2416
6511 7685 2416
6511 7685 2416
6511 7685 2416
6511 7685 2416
6511 7685 2416
6511 7685 2416
6511 7685 2416
6511 7685 2416
6511 7685 2416
6511 7685 2416
6511 7685 2416
6511 7685 2416
8370 8381 2416
8370 8381 2416
8370 8381 2416
8370 8381 2416
8370 8381 2416
8370 8381 2416
8370 8381 2416
8370 8381 2416
8370 8381 2416
8370 8381 2416
8370 8381 2416
8370 8381 2416
8370 8381 2416
6022 5439 2416
6022 5439 2416
6022 5439 2416
6022 5439 2416
6022 5439 2416
6022 5439 2416
6022 5439 2416
6022 5439 2416
6022 5439 2416
6022 5439 2416
6022 5439 2416
6022 5439 2416
7678 6571 2416
7678 6571 2416
7678 6571 2416
7678 6571 2416
7678 6571 2416
7678 6571 2416
7678 6571 2416
7678 6571 2416
7678 6571 2416
7678 6571 2416
7678 6571 2416
7678 6571 2416
6606 5361 2416
6606 5361 2416
6606 5361 2416
6606 5361 2416
6606 5361 2416
6606 5361 2416
6606 5361 2416
6606 5361 2416
6606 5361 2416
6606 5361 2416
6606 5361 2416
6606 5361 2416
6606 5361 2416
5263 5384 2417
5263 5384 2417
5263 5384 2417
5263 5384 2417
5263 5384 2417
5263 5384 2417
5263 5384 2417
5263 5384 2417
5263 5384 2417
5263 5384 2417
5263 5384 2417
5263 5384 2417
5263 5384 2417
7848 7815 2417
7848 7815 2417
7848 7815 2417
7848 7815 2417
7848 7815 2417
7848 7815 2417
7848 7815 2417
7848 7815 2417
7848 7815 2417
7848 7815 2417
7848 7815 2417
7848 7815 2417
6514 7686 2417
6514 7686 2417
6514 7686 2417
6514 7686 2417
6514 7686 2417
6514 7686 2417
6514 7686 2417
6514 7686 2417
6514 7686 2417
6514 7686 2417
6514 7686 2417
6514 7686 2417
5532 6009 2417
5532 6009 2417
5532 6009 2417
5532 6009 2417
5532 6009 2417
5532 6009 2417
5532 6009 2417
5532 6009 2417
5532 6009 2417
5532 6009 2417
5532 6009 2417
5532 6009 2417
7970 8353 2418
7970 8353 2418
7970 8353 2418
7970 8353 2418
7970 8353 2418
7970 8353 2418
7970 8353 2418
7970 8353 2418
7970 8353 2418
7970 8353 2418
7970 8353 2418
7970 8353 2418
7970 8353 2418
5493 5440 2418
5493 5440 2418
5493 5440 2418
5493 5440 2418
5493 5440 2418
5493 5440 2418
5493 5440 2418
5493 5440 2418
5493 5440 2418
5493 5440 2418
5493 5440 2418
5493 5440 2418
5493 5440 2418
7762 7913 2418
7762 7913 2418
7762 7913 2418
7762 7913 2418
7762 7913 2418
7762 7913 2418
7762 7913 2418
7762 7913 2418
7762 7913 2418
7762 7913 2418
7762 7913 2418
7762 7913 2418
5271 5268 2419
5271 5268 2419
5271 5268 2419
5271 5268 2419
5271 5268 2419
5271 5268 2419
5271 5268 2419
5271 5268 2419
5271 5268 2419
5271 5268 2419
5271 5268 2419
5271 5268 2419
5271 5268 2419
7816 7659 2420
7816 7659 2420
7816 7659 2420
7816 7659 2420
7816 7659 2420
7816 7659 2420
7816 7659 2420
7816 7659 2420
7816 7659 2420
7816 7659 2420
7816 7659 2420
7816 7659 2420
5254 9161 2420
5254 9161 2420
5254 9161 2420
5254 9161 2420
5254 9161 2420
5254 9161 2420
5254 9161 2420
5254 9161 2420
5254 9161 2420
5254 9161 2420
5254 9161 2420
5254 9161 2420
7914 7768 2421
7914 7768 2421
7914 7768 2421
7914 7768 2421
7914 7768 2421
7914 7768 2421
7914 7768 2421
7914 7768 2421
7914 7768 2421
7914 7768 2421
7914 7768 2421
7914 7768 2421
7914 7768 2421
6530 7686 2421
6530 7686 2421
6530 7686 2421
6530 7686 2421
6530 7686 2421
6530 7686 2421
6530 7686 2421
6530 7686 2421
6530 7686 2421
6530 7686 2421
6530 7686 2421
6530 7686 2421
6530 7686 2421
5496 9258 2421
5496 9258 2421
5496 9258 2421
5496 9258 2421
5496 9258 2421
5496 9258 2421
5496 9258 2421
5496 9258 2421
5496 9258 2421
5496 9258 2421
5496 9258 2421
5496 9258 2421
5496 9258 2421
6531 7692 2422
6531 7692 2422
6531 7692 2422
6531 7692 2422
6531 7692 2422
6531 7692 2422
6531 7692 2422
6531 7692 2422
6531 7692 2422
6531 7692 2422
6531 7692 2422
6531 7692 2422
6531 7692 2422
7938 7719 2423
7938 7719 2423
7938 7719 2423
7938 7719 2423
7938 7719 2423
7938 7719 2423
7938 7719 2423
7938 7719 2423
7938 7719 2423
7938 7719 2423
7938 7719 2423
7938 7719 2423
6491 7683 2424
6491 7683 2424
6491 7683 2424
6491 7683 2424
6491 7683 2424
6491 7683 2424
6491 7683 2424
6491 7683 2424
6491 7683 2424
6491 7683 2424
6491 7683 2424
6491 7683 2424
5366 6040 2424
5366 6040 2424
5366 6040 2424
5366 6040 2424
5366 6040 2424
5366 6040 2424
5366 6040 2424
5366 6040 2424
5366 6040 2424
5366 6040 2424
5366 6040 2424
5366 6040 2424
5366 6040 2424
7714 6418 2426
7714 6418 2426
7714 6418 2426
7714 6418 2426
7714 6418 2426
7714 6418 2426
7714 6418 2426
7714 6418 2426
7714 6418 2426
7714 6418 2426
7714 6418 2426
7714 6418 2426
5278 5558 2427
5278 5558 2427
5278 5558 2427
5278 5558 2427
5278 5558 2427
5278 5558 2427
5278 5558 2427
5278 5558 2427
5278 5558 2427
5278 5558 2427
5278 5558 2427
5278 5558 2427
5278 5558 2427
6538 7676 2427
6538 7676 2427
6538 7676 2427
6538 7676 2427
6538 7676 2427
6538 7676 2427
6538 7676 2427
6538 7676 2427
6538 7676 2427
6538 7676 2427
6538 7676 2427
6538 7676 2427
6538 7676 2427
6610 5393 2427
6610 5393 2427
6610 5393 2427
6610 5393 2427
6610 5393 2427
6610 5393 2427
6610 5393 2427
6610 5393 2427
6610 5393 2427
6610 5393 2427
6610 5393 2427
6610 5393 2427
8758 8774 2428
8758 8774 2428
8758 8774 2428
8758 8774 2428
8758 8774 2428
8758 8774 2428
8758 8774 2428
8758 8774 2428
8758 8774 2428
8758 8774 2428
8758 8774 2428
8758 8774 2428
8758 8774 2428
5342 5508 2428
5342 5508 2428
5342 5508 2428
5342 5508 2428
5342 5508 2428
5342 5508 2428
5342 5508 2428
5342 5508 2428
5342 5508 2428
5342 5508 2428
5342 5508 2428
5342 5508 2428
5458 5272 2429
5458 5272 2429
5458 5272 2429
5458 5272 2429
5458 5272 2429
5458 5272 2429
5458 5272 2429
5458 5272 2429
5458 5272 2429
5458 5272 2429
5458 5272 2429
5458 5272 2429
5458 5272 2429
7475 6473 2429
7475 6473 2429
7475 6473 2429
7475 6473 2429
7475 6473 2429
7475 6473 2429
7475 6473 2429
7475 6473 2429
7475 6473 2429
7475 6473 2429
7475 6473 2429
7475 6473 2429
5272 5245 2429
5272 5245 2429
5272 5245 2429
5272 5245 2429
5272 5245 2429
5272 5245 2429
5272 5245 2429
5272 5245 2429
5272 5245 2429
5272 5245 2429
5272 5245 2429
5272 5245 2429
7686 6609 2429
7686 6609 2429
7686 6609 2429
7686 6609 2429
7686 6609 2429
7686 6609 2429
7686 6609 2429
7686 6609 2429
7686 6609 2429
7686 6609 2429
7686 6609 2429
7686 6609 2429
7686 6609 2429
8756 5496 2430
8756 5496 2430
8756 5496 2430
8756 5496 2430
8756 5496 2430
8756 5496 2430
8756 5496 2430
8756 5496 2430
8756 5496 2430
8756 5496 2430
8756 5496 2430
8756 5496 2430
8467 7689 2430
8467 7689 2430
8467 7689 2430
8467 7689 2430
8467 7689 2430
8467 7689 2430
8467 7689 2430
8467 7689 2430
8467 7689 2430
8467 7689 2430
8467 7689 2430
8467 7689 2430
8467 7689 2430
6383 5359 2430
6383 5359 2430
6383 5359 2430
6383 5359 2430
6383 5359 2430
6383 5359 2430
6383 5359 2430
6383 5359 2430
6383 5359 2430
6383 5359 2430
6383 5359 2430
6383 5359 2430
5259 5283 2432
5259 5283 2432
5259 5283 2432
5259 5283 2432
5259 5283 2432
5259 5283 2432
5259 5283 2432
5259 5283 2432
5259 5283 2432
5259 5283 2432
5259 5283 2432
5259 5283 2432
8768 5443 2432
8768 5443 2432
8768 5443 2432
8768 5443 2432
8768 5443 2432
8768 5443 2432
8768 5443 2432
8768 5443 2432
8768 5443 2432
8768 5443 2432
8768 5443 2432
8768 5443 2432
8768 5443 2432
6549 6579 2433
6549 6579 2433
6549 6579 2433
6549 6579 2433
6549 6579 2433
6549 6579 2433
6549 6579 2433
6549 6579 2433
6549 6579 2433
6549 6579 2433
6549 6579 2433
6549 6579 2433
5576 5486 2433
5576 5486 2433
5576 5486 2433
5576 5486 2433
5576 5486 2433
5576 5486 2433
5576 5486 2433
5576 5486 2433
5576 5486 2433
5576 5486 2433
5576 5486 2433
5576 5486 2433
7770 8480 2433
7770 8480 2433
7770 8480 2433
7770 8480 2433
7770 8480 2433
7770 8480 2433
7770 8480 2433
7770 8480 2433
7770 8480 2433
7770 8480 2433
7770 8480 2433
7770 8480 2433
5355 6544 2434
5355 6544 2434
5355 6544 2434
5355 6544 2434
5355 6544 2434
5355 6544 2434
5355 6544 2434
5355 6544 2434
5355 6544 2434
5355 6544 2434
5355 6544 2434
5355 6544 2434
5355 6544 2434
6500 6523 2435
6500 6523 2435
6500 6523 2435
6500 6523 2435
6500 6523 2435
6500 6523 2435
6500 6523 2435
6500 6523 2435
6500 6523 2435
6500 6523 2435
6500 6523 2435
6500 6523 2435
5281 8763 2435
5281 8763 2435
5281 8763 2435
5281 8763 2435
5281 8763 2435
5281 8763 2435
5281 8763 2435
5281 8763 2435
5281 8763 2435
5281 8763 2435
5281 8763 2435
5281 8763 2435
5281 8763 2435
5475 5532 2436
5475 5532 2436
5475 5532 2436
5475 5532 2436
5475 5532 2436
5475 5532 2436
5475 5532 2436
5475 5532 2436
5475 5532 2436
5475 5532 2436
5475 5532 2436
5475 5532 2436
6035 6037 2436
6035 6037 2436
6035 6037 2436
6035 6037 2436
6035 6037 2436
6035 6037 2436
6035 6037 2436
6035 6037 2436
6035 6037 2436
6035 6037 2436
6035 6037 2436
6035 6037 2436
6035 6037 2436
5276 5548 2436
5276 5548 2436
5276 5548 2436
5276 5548 2436
5276 5548 2436
5276 5548 2436
5276 5548 2436
5276 5548 2436
5276 5548 2436
5276 5548 2436
5276 5548 2436
5276 5548 2436
5276 5548 2436
6557 8436 2437
6557 8436 2437
6557 8436 2437
6557 8436 2437
6557 8436 2437
6557 8436 2437
6557 8436 2437
6557 8436 2437
6557 8436 2437
6557 8436 2437
6557 8436 2437
6557 8436 2437
6557 8436 2437
5466 5437 2437
5466 5437 2437
5466 5437 2437
5466 5437 2437
5466 5437 2437
5466 5437 2437
5466 5437 2437
5466 5437 2437
5466 5437 2437
5466 5437 2437
5466 5437 2437
5466 5437 2437
5466 5437 2437
5445 5385 2437
5445 5385 2437
5445 5385 2437
5445 5385 2437
5445 5385 2437
5445 5385 2437
5445 5385 2437
5445 5385 2437
5445 5385 2437
5445 5385 2437
5445 5385 2437
5445 5385 2437
5445 5385 2437
6603 5365 2437
6603 5365 2437
6603 5365 2437
6603 5365 2437
6603 5365 2437
6603 5365 2437
6603 5365 2437
6603 5365 2437
6603 5365 2437
6603 5365 2437
6603 5365 2437
6603 5365 2437
6603 5365 2437
6500 6521 2439
6500 6521 2439
6500 6521 2439
6500 6521 2439
6500 6521 2439
6500 6521 2439
6500 6521 2439
6500 6521 2439
6500 6521 2439
6500 6521 2439
6500 6521 2439
6500 6521 2439
8785 5464 2439
8785 5464 2439
8785 5464 2439
8785 5464 2439
8785 5464 2439
8785 5464 2439
8785 5464 2439
8785 5464 2439
8785 5464 2439
8785 5464 2439
8785 5464 2439
8785 5464 2439
6586 5925 2439
6586 5925 2439
6586 5925 2439
6586 5925 2439
6586 5925 2439
6586 5925 2439
6586 5925 2439
6586 5925 2439
6586 5925 2439
6586 5925 2439
6586 5925 2439
6586 5925 2439
6586 5925 2439
7879 7748 2440
7879 7748 2440
7879 7748 2440
7879 7748 2440
7879 7748 2440
7879 7748 2440
7879 7748 2440
7879 7748 2440
7879 7748 2440
7879 7748 2440
7879 7748 2440
7879 7748 2440
7879 7748 2440
6048 5548 2440
6048 5548 2440
6048 5548 2440
6048 5548 2440
6048 5548 2440
6048 5548 2440
6048 5548 2440
6048 5548 2440
6048 5548 2440
6048 5548 2440
6048 5548 2440
6048 5548 2440
6048 5548 2440
5360 6552 2442
5360 6552 2442
5360 6552 2442
5360 6552 2442
5360 6552 2442
5360 6552 2442
5360 6552 2442
5360 6552 2442
5360 6552 2442
5360 6552 2442
5360 6552 2442
5360 6552 2442
5360 6552 2442
6564 8675 2444
6564 8675 2444
6564 8675 2444
6564 8675 2444
6564 8675 2444
6564 8675 2444
6564 8675 2444
6564 8675 2444
6564 8675 2444
6564 8675 2444
6564 8675 2444
6564 8675 2444
6558 6594 2445
6558 6594 2445
6558 6594 2445
6558 6594 2445
6558 6594 2445
6558 6594 2445
6558 6594 2445
6558 6594 2445
6558 6594 2445
6558 6594 2445
6558 6594 2445
6558 6594 2445
6558 6594 2445
8436 9634 2445
8436 9634 2445
8436 9634 2445
8436 9634 2445
8436 9634 2445
8436 9634 2445
8436 9634 2445
8436 9634 2445
8436 9634 2445
8436 9634 2445
8436 9634 2445
8436 9634 2445
7682 6588 2445
7682 6588 2445
7682 6588 2445
7682 6588 2445
7682 6588 2445
7682 6588 2445
7682 6588 2445
7682 6588 2445
7682 6588 2445
7682 6588 2445
7682 6588 2445
7682 6588 2445
7682 6588 2445
7687 7678 2445
7687 7678 2445
7687 7678 2445
7687 7678 2445
7687 7678 2445
7687 7678 2445
7687 7678 2445
7687 7678 2445
7687 7678 2445
7687 7678 2445
7687 7678 2445
7687 7678 2445
7687 7678 2445
6451 7713 2445
6451 7713 2445
6451 7713 2445
6451 7713 2445
6451 7713 2445
6451 7713 2445
6451 7713 2445
6451 7713 2445
6451 7713 2445
6451 7713 2445
6451 7713 2445
6451 7713 2445
9150 9635 2445
9150 9635 2445
9150 9635 2445
9150 9635 2445
9150 9635 2445
9150 9635 2445
9150 9635 2445
9150 9635 2445
9150 9635 2445
9150 9635 2445
9150 9635 2445
9150 9635 2445
5320 5283 2445
5320 5283 2445
5320 5283 2445
5320 5283 2445
5320 5283 2445
5320 5283 2445
5320 5283 2445
5320 5283 2445
5320 5283 2445
5320 5283 2445
5320 5283 2445
5320 5283 2445
5320 5283 2445
6022 5573 2446
6022 5573 2446
6022 5573 2446
6022 5573 2446
6022 5573 2446
6022 5573 2446
6022 5573 2446
6022 5573 2446
6022 5573 2446
6022 5573 2446
6022 5573 2446
6022 5573 2446
6022 5573 2446
5275 5354 2446
5275 5354 2446
5275 5354 2446
5275 5354 2446
5275 5354 2446
5275 5354 2446
5275 5354 2446
5275 5354 2446
5275 5354 2446
5275 5354 2446
5275 5354 2446
5275 5354 2446
5275 5354 2446
5526 9757 2446
5526 9757 2446
5526 9757 2446
5526 9757 2446
5526 9757 2446
5526 9757 2446
5526 9757 2446
5526 9757 2446
5526 9757 2446
5526 9757 2446
5526 9757 2446
5526 9757 2446
5526 9757 2446
7828 7865 2446
7828 7865 2446
7828 7865 2446
7828 7865 2446
7828 7865 2446
7828 7865 2446
7828 7865 2446
7828 7865 2446
7828 7865 2446
7828 7865 2446
7828 7865 2446
7828 7865 2446
7828 7865 2446
5359 5546 2447
5359 5546 2447
5359 5546 2447
5359 5546 2447
5359 5546 2447
5359 5546 2447
5359 5546 2447
5359 5546 2447
5359 5546 2447
5359 5546 2447
5359 5546 2447
5359 5546 2447
5359 5546 2447
9532 5378 2448
9532 5378 2448
9532 5378 2448
9532 5378 2448
9532 5378 2448
9532 5378 2448
9532 5378 2448
9532 5378 2448
9532 5378 2448
9532 5378 2448
9532 5378 2448
9532 5378 2448
6545 6574 2448
6545 6574 2448
6545 6574 2448
6545 6574 2448
6545 6574 2448
6545 6574 2448
6545 6574 2448
6545 6574 2448
6545 6574 2448
6545 6574 2448
6545 6574 2448
6545 6574 2448
6545 6574 2448
6606 5924 2449
6606 5924 2449
6606 5924 2449
6606 5924 2449
6606 5924 2449
6606 5924 2449
6606 5924 2449
6606 5924 2449
6606 5924 2449
6606 5924 2449
6606 5924 2449
6606 5924 2449
6606 5924 2449
6019 8443 2450
6019 8443 2450
6019 8443 2450
6019 8443 2450
6019 8443 2450
6019 8443 2450
6019 8443 2450
6019 8443 2450
6019 8443 2450
6019 8443 2450
6019 8443 2450
6019 8443 2450
6019 8443 2450
7726 6018 2450
7726 6018 2450
7726 6018 2450
7726 6018 2450
7726 6018 2450
7726 6018 2450
7726 6018 2450
7726 6018 2450
7726 6018 2450
7726 6018 2450
7726 6018 2450
7726 6018 2450
5365 6585 2451
5365 6585 2451
5365 6585 2451
5365 6585 2451
5365 6585 2451
5365 6585 2451
5365 6585 2451
5365 6585 2451
5365 6585 2451
5365 6585 2451
5365 6585 2451
5365 6585 2451
5365 6585 2451
6556 6534 2452
6556 6534 2452
6556 6534 2452
6556 6534 2452
6556 6534 2452
6556 6534 2452
6556 6534 2452
6556 6534 2452
6556 6534 2452
6556 6534 2452
6556 6534 2452
6556 6534 2452
6556 6534 2452
6543 6508 2453
6543 6508 2453
6543 6508 2453
6543 6508 2453
6543 6508 2453
6543 6508 2453
6543 6508 2453
6543 6508 2453
6543 6508 2453
6543 6508 2453
6543 6508 2453
6543 6508 2453
6557 5925 2453
6557 5925 2453
6557 5925 2453
6557 5925 2453
6557 5925 2453
6557 5925 2453
6557 5925 2453
6557 5925 2453
6557 5925 2453
6557 5925 2453
6557 5925 2453
6557 5925 2453
6557 5925 2453
5266 9635 2453
5266 9635 2453
5266 9635 2453
5266 9635 2453
5266 9635 2453
5266 9635 2453
5266 9635 2453
5266 9635 2453
5266 9635 2453
5266 9635 2453
5266 9635 2453
5266 9635 2453
7941 6042 2454
7941 6042 2454
7941 6042 2454
7941 6042 2454
7941 6042 2454
7941 6042 2454
7941 6042 2454
7941 6042 2454
7941 6042 2454
7941 6042 2454
7941 6042 2454
7941 6042 2454
8443 6408 2456
8443 6408 2456
8443 6408 2456
8443 6408 2456
8443 6408 2456
8443 6408 2456
8443 6408 2456
8443 6408 2456
8443 6408 2456
8443 6408 2456
8443 6408 2456
8443 6408 2456
8443 6408 2456
9163 5254 2459
9163 5254 2459
9163 5254 2459
9163 5254 2459
9163 5254 2459
9163 5254 2459
9163 5254 2459
9163 5254 2459
9163 5254 2459
9163 5254 2459
9163 5254 2459
9163 5254 2459
6543 8463 2460
6543 8463 2460
6543 8463 2460
6543 8463 2460
6543 8463 2460
6543 8463 2460
6543 8463 2460
6543 8463 2460
6543 8463 2460
6543 8463 2460
6543 8463 2460
6543 8463 2460
8444 7691 2460
8444 7691 2460
8444 7691 2460
8444 7691 2460
8444 7691 2460
8444 7691 2460
8444 7691 2460
8444 7691 2460
8444 7691 2460
8444 7691 2460
8444 7691 2460
8444 7691 2460
7780 5989 2460
7780 5989 2460
7780 5989 2460
7780 5989 2460
7780 5989 2460
7780 5989 2460
7780 5989 2460
7780 5989 2460
7780 5989 2460
7780 5989 2460
7780 5989 2460
7780 5989 2460
5377 5257 2462
5377 5257 2462
5377 5257 2462
5377 5257 2462
5377 5257 2462
5377 5257 2462
5377 5257 2462
5377 5257 2462
5377 5257 2462
5377 5257 2462
5377 5257 2462
5377 5257 2462
5280 5358 2464
5280 5358 2464
5280 5358 2464
5280 5358 2464
5280 5358 2464
5280 5358 2464
5280 5358 2464
5280 5358 2464
5280 5358 2464
5280 5358 2464
5280 5358 2464
5280 5358 2464
5565 5307 2465
5565 5307 2465
5565 5307 2465
5565 5307 2465
5565 5307 2465
5565 5307 2465
5565 5307 2465
5565 5307 2465
5565 5307 2465
5565 5307 2465
5565 5307 2465
5565 5307 2465
5565 5307 2465
8431 6548 2466
8431 6548 2466
8431 6548 2466
8431 6548 2466
8431 6548 2466
8431 6548 2466
8431 6548 2466
8431 6548 2466
8431 6548 2466
8431 6548 2466
8431 6548 2466
8431 6548 2466
5392 5545 2466
5392 5545 2466
5392 5545 2466
5392 5545 2466
5392 5545 2466
5392 5545 2466
5392 5545 2466
5392 5545 2466
5392 5545 2466
5392 5545 2466
5392 5545 2466
5392 5545 2466
5392 5545 2466
9158 8768 2471
9158 8768 2471
9158 8768 2471
9158 8768 2471
9158 8768 2471
9158 8768 2471
9158 8768 2471
9158 8768 2471
9158 8768 2471
9158 8768 2471
9158 8768 2471
9158 8768 2471
5291 8746 2471
5291 8746 2471
5291 8746 2471
5291 8746 2471
5291 8746 2471
5291 8746 2471
5291 8746 2471
5291 8746 2471
5291 8746 2471
5291 8746 2471
5291 8746 2471
5291 8746 2471
5291 8746 2471
9154 5276 2488
9154 5276 2488
9154 5276 2488
9154 5276 2488
9154 5276 2488
9154 5276 2488
9154 5276 2488
9154 5276 2488
9154 5276 2488
9154 5276 2488
9154 5276 2488
9154 5276 2488
9154 5276 2488
6544 8452 2498
6544 8452 2498
6544 8452 2498
6544 8452 2498
6544 8452 2498
6544 8452 2498
6544 8452 2498
6544 8452 2498
6544 8452 2498
6544 8452 2498
6544 8452 2498
6544 8452 2498
6553 5284 2498
6553 5284 2498
6553 5284 2498
6553 5284 2498
6553 5284 2498
6553 5284 2498
6553 5284 2498
6553 5284 2498
6553 5284 2498
6553 5284 2498
6553 5284 2498
6553 5284 2498
6553 5284 2498
6544 7765 2504
6544 7765 2504
6544 7765 2504
6544 7765 2504
6544 7765 2504
6544 7765 2504
6544 7765 2504
6544 7765 2504
6544 7765 2504
6544 7765 2504
6544 7765 2504
6544 7765 2504
8455 6591 2506
8455 6591 2506
8455 6591 2506
8455 6591 2506
8455 6591 2506
8455 6591 2506
8455 6591 2506
8455 6591 2506
8455 6591 2506
8455 6591 2506
8455 6591 2506
8455 6591 2506
6575 8454 2508
6575 8454 2508
6575 8454 2508
6575 8454 2508
6575 8454 2508
6575 8454 2508
6575 8454 2508
6575 8454 2508
6575 8454 2508
6575 8454 2508
6575 8454 2508
6575 8454 2508
7711 7698 2508
7711 7698 2508
7711 7698 2508
7711 7698 2508
7711 7698 2508
7711 7698 2508
7711 7698 2508
7711 7698 2508
7711 7698 2508
7711 7698 2508
7711 7698 2508
7711 7698 2508
8436 5384 2511
8436 5384 2511
8436 5384 2511
8436 5384 2511
8436 5384 2511
8436 5384 2511
8436 5384 2511
8436 5384 2511
8436 5384 2511
8436 5384 2511
8436 5384 2511
8436 5384 2511
5358 5532 2511
5358 5532 2511
5358 5532 2511
5358 5532 2511
5358 5532 2511
5358 5532 2511
5358 5532 2511
5358 5532 2511
5358 5532 2511
5358 5532 2511
5358 5532 2511
5358 5532 2511
5358 5532 2511
6542 8677 2511
6542 8677 2511
6542 8677 2511
6542 8677 2511
6542 8677 2511
6542 8677 2511
6542 8677 2511
6542 8677 2511
6542 8677 2511
6542 8677 2511
6542 8677 2511
6542 8677 2511
6542 8677 2511
7915 7842 2512
7915 7842 2512
7915 7842 2512
7915 7842 2512
7915 7842 2512
7915 7842 2512
7915 7842 2512
7915 7842 2512
7915 7842 2512
7915 7842 2512
7915 7842 2512
7915 7842 2512
7915 7842 2512
8465 6031 2513
8465 6031 2513
8465 6031 2513
8465 6031 2513
8465 6031 2513
8465 6031 2513
8465 6031 2513
8465 6031 2513
8465 6031 2513
8465 6031 2513
8465 6031 2513
8465 6031 2513
8465 6031 2513
6507 7756 2513
6507 7756 2513
6507 7756 2513
6507 7756 2513
6507 7756 2513
6507 7756 2513
6507 7756 2513
6507 7756 2513
6507 7756 2513
6507 7756 2513
6507 7756 2513
6507 7756 2513
6588 6545 2513
6588 6545 2513
6588 6545 2513
6588 6545 2513
6588 6545 2513
6588 6545 2513
6588 6545 2513
6588 6545 2513
6588 6545 2513
6588 6545 2513
6588 6545 2513
6588 6545 2513
6010 8469 2515
6010 8469 2515
6010 8469 2515
6010 8469 2515
6010 8469 2515
6010 8469 2515
6010 8469 2515
6010 8469 2515
6010 8469 2515
6010 8469 2515
6010 8469 2515
6010 8469 2515
5300 5380 2515
5300 5380 2515
5300 5380 2515
5300 5380 2515
5300 5380 2515
5300 5380 2515
5300 5380 2515
5300 5380 2515
5300 5380 2515
5300 5380 2515
5300 5380 2515
5300 5380 2515
5300 5380 2515
8432 8443 2516
8432 8443 2516
8432 8443 2516
8432 8443 2516
8432 8443 2516
8432 8443 2516
8432 8443 2516
8432 8443 2516
8432 8443 2516
8432 8443 2516
8432 8443 2516
8432 8443 2516
8432 8443 2516
5319 5272 2516
5319 5272 2516
5319 5272 2516
5319 5272 2516
5319 5272 2516
5319 5272 2516
5319 5272 2516
5319 5272 2516
5319 5272 2516
5319 5272 2516
5319 5272 2516
5319 5272 2516
5388 7712 2516
5388 7712 2516
5388 7712 2516
5388 7712 2516
5388 7712 2516
5388 7712 2516
5388 7712 2516
5388 7712 2516
5388 7712 2516
5388 7712 2516
5388 7712 2516
5388 7712 2516
6543 6602 2517
6543 6602 2517
6543 6602 2517
6543 6602 2517
6543 6602 2517
6543 6602 2517
6543 6602 2517
6543 6602 2517
6543 6602 2517
6543 6602 2517
6543 6602 2517
6543 6602 2517
6543 6602 2517
8436 6606 2517
8436 6606 2517
8436 6606 2517
8436 6606 2517
8436 6606 2517
8436 6606 2517
8436 6606 2517
8436 6606 2517
8436 6606 2517
8436 6606 2517
8436 6606 2517
8436 6606 2517
8436 6606 2517
7721 6594 2518
7721 6594 2518
7721 6594 2518
7721 6594 2518
7721 6594 2518
7721 6594 2518
7721 6594 2518
7721 6594 2518
7721 6594 2518
7721 6594 2518
7721 6594 2518
7721 6594 2518
7721 6594 2518
6533 7728 2518
6533 7728 2518
6533 7728 2518
6533 7728 2518
6533 7728 2518
6533 7728 2518
6533 7728 2518
6533 7728 2518
6533 7728 2518
6533 7728 2518
6533 7728 2518
6533 7728 2518
6533 7728 2518
7907 7967 2520
7907 7967 2520
7907 7967 2520
7907 7967 2520
7907 7967 2520
7907 7967 2520
7907 7967 2520
7907 7967 2520
7907 7967 2520
7907 7967 2520
7907 7967 2520
7907 7967 2520
7907 7967 2520
6586 8677 2520
6586 8677 2520
6586 8677 2520
6586 8677 2520
6586 8677 2520
6586 8677 2520
6586 8677 2520
6586 8677 2520
6586 8677 2520
6586 8677 2520
6586 8677 2520
6586 8677 2520
8462 7775 2520
8462 7775 2520
8462 7775 2520
8462 7775 2520
8462 7775 2520
8462 7775 2520
8462 7775 2520
8462 7775 2520
8462 7775 2520
8462 7775 2520
8462 7775 2520
8462 7775 2520
7999 7910 2521
7999 7910 2521
7999 7910 2521
7999 7910 2521
7999 7910 2521
7999 7910 2521
7999 7910 2521
7999 7910 2521
7999 7910 2521
7999 7910 2521
7999 7910 2521
7999 7910 2521
7999 7910 2521
5432 6590 2521
5432 6590 2521
5432 6590 2521
5432 6590 2521
5432 6590 2521
5432 6590 2521
5432 6590 2521
5432 6590 2521
5432 6590 2521
5432 6590 2521
5432 6590 2521
5432 6590 2521
7670 7652 2521
7670 7652 2521
7670 7652 2521
7670 7652 2521
7670 7652 2521
7670 7652 2521
7670 7652 2521
7670 7652 2521
7670 7652 2521
7670 7652 2521
7670 7652 2521
7670 7652 2521
6548 6596 2521
6548 6596 2521
6548 6596 2521
6548 6596 2521
6548 6596 2521
6548 6596 2521
6548 6596 2521
6548 6596 2521
6548 6596 2521
6548 6596 2521
6548 6596 2521
6548 6596 2521
6548 6596 2521
8380 7830 2521
8380 7830 2521
8380 7830 2521
8380 7830 2521
8380 7830 2521
8380 7830 2521
8380 7830 2521
8380 7830 2521
8380 7830 2521
8380 7830 2521
8380 7830 2521
8380 7830 2521
8380 7830 2521
8432 6538 2521
8432 6538 2521
8432 6538 2521
8432 6538 2521
8432 6538 2521
8432 6538 2521
8432 6538 2521
8432 6538 2521
8432 6538 2521
8432 6538 2521
8432 6538 2521
8432 6538 2521
7711 5417 2522
7711 5417 2522
7711 5417 2522
7711 5417 2522
7711 5417 2522
7711 5417 2522
7711 5417 2522
7711 5417 2522
7711 5417 2522
7711 5417 2522
7711 5417 2522
7711 5417 2522
7711 5417 2522
8841 5266 2522
8841 5266 2522
8841 5266 2522
8841 5266 2522
8841 5266 2522
8841 5266 2522
8841 5266 2522
8841 5266 2522
8841 5266 2522
8841 5266 2522
8841 5266 2522
8841 5266 2522
8841 5266 2522
7891 7730 2522
7891 7730 2522
7891 7730 2522
7891 7730 2522
7891 7730 2522
7891 7730 2522
7891 7730 2522
7891 7730 2522
7891 7730 2522
7891 7730 2522
7891 7730 2522
7891 7730 2522
7891 7730 2522
7782 7710 2522
7782 7710 2522
7782 7710 2522
7782 7710 2522
7782 7710 2522
7782 7710 2522
7782 7710 2522
7782 7710 2522
7782 7710 2522
7782 7710 2522
7782 7710 2522
7782 7710 2522
7782 7710 2522
8705 6548 2522
8705 6548 2522
8705 6548 2522
8705 6548 2522
8705 6548 2522
8705 6548 2522
8705 6548 2522
8705 6548 2522
8705 6548 2522
8705 6548 2522
8705 6548 2522
8705 6548 2522
9153 9211 2522
9153 9211 2522
9153 9211 2522
9153 9211 2522
9153 9211 2522
9153 9211 2522
9153 9211 2522
9153 9211 2522
9153 9211 2522
9153 9211 2522
9153 9211 2522
9153 9211 2522
7516 7652 2523
7516 7652 2523
7516 7652 2523
7516 7652 2523
7516 7652 2523
7516 7652 2523
7516 7652 2523
7516 7652 2523
7516 7652 2523
7516 7652 2523
7516 7652 2523
7516 7652 2523
6545 5996 2523
6545 5996 2523
6545 5996 2523
6545 5996 2523
6545 5996 2523
6545 5996 2523
6545 5996 2523
6545 5996 2523
6545 5996 2523
6545 5996 2523
6545 5996 2523
6545 5996 2523
6060 7721 2523
6060 7721 2523
6060 7721 2523
6060 7721 2523
6060 7721 2523
6060 7721 2523
6060 7721 2523
6060 7721 2523
6060 7721 2523
6060 7721 2523
6060 7721 2523
6060 7721 2523
7879 7865 2524
7879 7865 2524
7879 7865 2524
7879 7865 2524
7879 7865 2524
7879 7865 2524
7879 7865 2524
7879 7865 2524
7879 7865 2524
7879 7865 2524
7879 7865 2524
7879 7865 2524
7742 7694 2524
7742 7694 2524
7742 7694 2524
7742 7694 2524
7742 7694 2524
7742 7694 2524
7742 7694 2524
7742 7694 2524
7742 7694 2524
7742 7694 2524
7742 7694 2524
7742 7694 2524
7701 8459 2524
7701 8459 2524
7701 8459 2524
7701 8459 2524
7701 8459 2524
7701 8459 2524
7701 8459 2524
7701 8459 2524
7701 8459 2524
7701 8459 2524
7701 8459 2524
7701 8459 2524
6380 5353 2525
6380 5353 2525
6380 5353 2525
6380 5353 2525
6380 5353 2525
6380 5353 2525
6380 5353 2525
6380 5353 2525
6380 5353 2525
6380 5353 2525
6380 5353 2525
6380 5353 2525
6380 5353 2525
5432 8469 2525
5432 8469 2525
5432 8469 2525
5432 8469 2525
5432 8469 2525
5432 8469 2525
5432 8469 2525
5432 8469 2525
5432 8469 2525
5432 8469 2525
5432 8469 2525
5432 8469 2525
6043 6092 2525
6043 6092 2525
6043 6092 2525
6043 6092 2525
6043 6092 2525
6043 6092 2525
6043 6092 2525
6043 6092 2525
6043 6092 2525
6043 6092 2525
6043 6092 2525
6043 6092 2525
7711 7676 2525
7711 7676 2525
7711 7676 2525
7711 7676 2525
7711 7676 2525
7711 7676 2525
7711 7676 2525
7711 7676 2525
7711 7676 2525
7711 7676 2525
7711 7676 2525
7711 7676 2525
7711 7676 2525
5397 7724 2525
5397 7724 2525
5397 7724 2525
5397 7724 2525
5397 7724 2525
5397 7724 2525
5397 7724 2525
5397 7724 2525
5397 7724 2525
5397 7724 2525
5397 7724 2525
5397 7724 2525
7686 7726 2526
7686 7726 2526
7686 7726 2526
7686 7726 2526
7686 7726 2526
7686 7726 2526
7686 7726 2526
7686 7726 2526
7686 7726 2526
7686 7726 2526
7686 7726 2526
7686 7726 2526
5358 6597 2526
5358 6597 2526
5358 6597 2526
5358 6597 2526
5358 6597 2526
5358 6597 2526
5358 6597 2526
5358 6597 2526
5358 6597 2526
5358 6597 2526
5358 6597 2526
5358 6597 2526
5358 6597 2526
5991 5380 2526
5991 5380 2526
5991 5380 2526
5991 5380 2526
5991 5380 2526
5991 5380 2526
5991 5380 2526
5991 5380 2526
5991 5380 2526
5991 5380 2526
5991 5380 2526
5991 5380 2526
5991 5380 2526
7449 7499 2526
7449 7499 2526
7449 7499 2526
7449 7499 2526
7449 7499 2526
7449 7499 2526
7449 7499 2526
7449 7499 2526
7449 7499 2526
7449 7499 2526
7449 7499 2526
7449 7499 2526
7911 7897 2526
7911 7897 2526
7911 7897 2526
7911 7897 2526
7911 7897 2526
7911 7897 2526
7911 7897 2526
7911 7897 2526
7911 7897 2526
7911 7897 2526
7911 7897 2526
7911 7897 2526
7684 6564 2526
7684 6564 2526
7684 6564 2526
7684 6564 2526
7684 6564 2526
7684 6564 2526
7684 6564 2526
7684 6564 2526
7684 6564 2526
7684 6564 2526
7684 6564 2526
7684 6564 2526
7684 6564 2526
7913 7841 2526
7913 7841 2526
7913 7841 2526
7913 7841 2526
7913 7841 2526
7913 7841 2526
7913 7841 2526
7913 7841 2526
7913 7841 2526
7913 7841 2526
7913 7841 2526
7913 7841 2526
8448 7706 2526
8448 7706 2526
8448 7706 2526
8448 7706 2526
8448 7706 2526
8448 7706 2526
8448 7706 2526
8448 7706 2526
8448 7706 2526
8448 7706 2526
8448 7706 2526
8448 7706 2526
8448 7706 2526
6540 6454 2526
6540 6454 2526
6540 6454 2526
6540 6454 2526
6540 6454 2526
6540 6454 2526
6540 6454 2526
6540 6454 2526
6540 6454 2526
6540 6454 2526
6540 6454 2526
6540 6454 2526
6540 6454 2526
5353 6591 2526
5353 6591 2526
5353 6591 2526
5353 6591 2526
5353 6591 2526
5353 6591 2526
5353 6591 2526
5353 6591 2526
5353 6591 2526
5353 6591 2526
5353 6591 2526
5353 6591 2526
6383 8458 2527
6383 8458 2527
6383 8458 2527
6383 8458 2527
6383 8458 2527
6383 8458 2527
6383 8458 2527
6383 8458 2527
6383 8458 2527
6383 8458 2527
6383 8458 2527
6383 8458 2527
8459 7740 2527
8459 7740 2527
8459 7740 2527
8459 7740 2527
8459 7740 2527
8459 7740 2527
8459 7740 2527
8459 7740 2527
8459 7740 2527
8459 7740 2527
8459 7740 2527
8459 7740 2527
6446 6485 2528
6446 6485 2528
6446 6485 2528
6446 6485 2528
6446 6485 2528
6446 6485 2528
6446 6485 2528
6446 6485 2528
6446 6485 2528
6446 6485 2528
6446 6485 2528
6446 6485 2528
6506 6447 2528
6506 6447 2528
6506 6447 2528
6506 6447 2528
6506 6447 2528
6506 6447 2528
6506 6447 2528
6506 6447 2528
6506 6447 2528
6506 6447 2528
6506 6447 2528
6506 6447 2528
6561 6397 2529
6561 6397 2529
6561 6397 2529
6561 6397 2529
6561 6397 2529
6561 6397 2529
6561 6397 2529
6561 6397 2529
6561 6397 2529
6561 6397 2529
6561 6397 2529
6561 6397 2529
6561 6397 2529
7794 7818 2529
7794 7818 2529
7794 7818 2529
7794 7818 2529
7794 7818 2529
7794 7818 2529
7794 7818 2529
7794 7818 2529
7794 7818 2529
7794 7818 2529
7794 7818 2529
7794 7818 2529
6532 8683 2529
6532 8683 2529
6532 8683 2529
6532 8683 2529
6532 8683 2529
6532 8683 2529
6532 8683 2529
6532 8683 2529
6532 8683 2529
6532 8683 2529
6532 8683 2529
6532 8683 2529
6532 8683 2529
6506 7688 2529
6506 7688 2529
6506 7688 2529
6506 7688 2529
6506 7688 2529
6506 7688 2529
6506 7688 2529
6506 7688 2529
6506 7688 2529
6506 7688 2529
6506 7688 2529
6506 7688 2529
6506 7688 2529
6438 7739 2530
6438 7739 2530
6438 7739 2530
6438 7739 2530
6438 7739 2530
6438 7739 2530
6438 7739 2530
6438 7739 2530
6438 7739 2530
6438 7739 2530
6438 7739 2530
6438 7739 2530
7756 7690 2530
7756 7690 2530
7756 7690 2530
7756 7690 2530
7756 7690 2530
7756 7690 2530
7756 7690 2530
7756 7690 2530
7756 7690 2530
7756 7690 2530
7756 7690 2530
7756 7690 2530
7756 7690 2530
7777 7676 2530
7777 7676 2530
7777 7676 2530
7777 7676 2530
7777 7676 2530
7777 7676 2530
7777 7676 2530
7777 7676 2530
7777 7676 2530
7777 7676 2530
7777 7676 2530
7777 7676 2530
5303 5512 2530
5303 5512 2530
5303 5512 2530
5303 5512 2530
5303 5512 2530
5303 5512 2530
5303 5512 2530
5303 5512 2530
5303 5512 2530
5303 5512 2530
5303 5512 2530
5303 5512 2530
7497 7656 2530
7497 7656 2530
7497 7656 2530
7497 7656 2530
7497 7656 2530
7497 7656 2530
7497 7656 2530
7497 7656 2530
7497 7656 2530
7497 7656 2530
7497 7656 2530
7497 7656 2530
7912 6577 2530
7912 6577 2530
7912 6577 2530
7912 6577 2530
7912 6577 2530
7912 6577 2530
7912 6577 2530
7912 6577 2530
7912 6577 2530
7912 6577 2530
7912 6577 2530
7912 6577 2530
7912 6577 2530
5298 9143 2530
5298 9143 2530
5298 9143 2530
5298 9143 2530
5298 9143 2530
5298 9143 2530
5298 9143 2530
5298 9143 2530
5298 9143 2530
5298 9143 2530
5298 9143 2530
5298 9143 2530
5298 9143 2530
7842 9669 2530
7842 9669 2530
7842 9669 2530
7842 9669 2530
7842 9669 2530
7842 9669 2530
7842 9669 2530
7842 9669 2530
7842 9669 2530
7842 9669 2530
7842 9669 2530
7842 9669 2530
7842 9669 2530
8431 9523 2531
8431 9523 2531
8431 9523 2531
8431 9523 2531
8431 9523 2531
8431 9523 2531
8431 9523 2531
8431 9523 2531
8431 9523 2531
8431 9523 2531
8431 9523 2531
8431 9523 2531
8832 8792 2531
8832 8792 2531
8832 8792 2531
8832 8792 2531
8832 8792 2531
8832 8792 2531
8832 8792 2531
8832 8792 2531
8832 8792 2531
8832 8792 2531
8832 8792 2531
8832 8792 2531
8832 8792 2531
7776 7960 2532
7776 7960 2532
7776 7960 2532
7776 7960 2532
7776 7960 2532
7776 7960 2532
7776 7960 2532
7776 7960 2532
7776 7960 2532
7776 7960 2532
7776 7960 2532
7776 7960 2532
7776 7960 2532
5262 5438 2532
5262 5438 2532
5262 5438 2532
5262 5438 2532
5262 5438 2532
5262 5438 2532
5262 5438 2532
5262 5438 2532
5262 5438 2532
5262 5438 2532
5262 5438 2532
5262 5438 2532
5262 5438 2532
6604 8462 2532
6604 8462 2532
6604 8462 2532
6604 8462 2532
6604 8462 2532
6604 8462 2532
6604 8462 2532
6604 8462 2532
6604 8462 2532
6604 8462 2532
6604 8462 2532
6604 8462 2532
6604 8462 2532
5283 8759 2533
5283 8759 2533
5283 8759 2533
5283 8759 2533
5283 8759 2533
5283 8759 2533
5283 8759 2533
5283 8759 2533
5283 8759 2533
5283 8759 2533
5283 8759 2533
5283 8759 2533
7843 7906 2533
7843 7906 2533
7843 7906 2533
7843 7906 2533
7843 7906 2533
7843 7906 2533
7843 7906 2533
7843 7906 2533
7843 7906 2533
7843 7906 2533
7843 7906 2533
7843 7906 2533
7843 7906 2533
7835 7773 2533
7835 7773 2533
7835 7773 2533
7835 7773 2533
7835 7773 2533
7835 7773 2533
7835 7773 2533
7835 7773 2533
7835 7773 2533
7835 7773 2533
7835 7773 2533
7835 7773 2533
7835 7773 2533
6018 5396 2534
6018 5396 2534
6018 5396 2534
6018 5396 2534
6018 5396 2534
6018 5396 2534
6018 5396 2534
6018 5396 2534
6018 5396 2534
6018 5396 2534
6018 5396 2534
6018 5396 2534
6018 5396 2534
5992 8403 2534
5992 8403 2534
5992 8403 2534
5992 8403 2534
5992 8403 2534
5992 8403 2534
5992 8403 2534
5992 8403 2534
5992 8403 2534
5992 8403 2534
5992 8403 2534
5992 8403 2534
5992 8403 2534
5263 9224 2534
5263 9224 2534
5263 9224 2534
5263 9224 2534
5263 9224 2534
5263 9224 2534
5263 9224 2534
5263 9224 2534
5263 9224 2534
5263 9224 2534
5263 9224 2534
5263 9224 2534
5263 9224 2534
7906 7841 2534
7906 7841 2534
7906 7841 2534
7906 7841 2534
7906 7841 2534
7906 7841 2534
7906 7841 2534
7906 7841 2534
7906 7841 2534
7906 7841 2534
7906 7841 2534
7906 7841 2534
5394 7717 2535
5394 7717 2535
5394 7717 2535
5394 7717 2535
5394 7717 2535
5394 7717 2535
5394 7717 2535
5394 7717 2535
5394 7717 2535
5394 7717 2535
5394 7717 2535
5394 7717 2535
7951 7756 2535
7951 7756 2535
7951 7756 2535
7951 7756 2535
7951 7756 2535
7951 7756 2535
7951 7756 2535
7951 7756 2535
7951 7756 2535
7951 7756 2535
7951 7756 2535
7951 7756 2535
7494 7803 2535
7494 7803 2535
7494 7803 2535
7494 7803 2535
7494 7803 2535
7494 7803 2535
7494 7803 2535
7494 7803 2535
7494 7803 2535
7494 7803 2535
7494 7803 2535
7494 7803 2535
7494 7803 2535
7704 6496 2536
7704 6496 2536
7704 6496 2536
7704 6496 2536
7704 6496 2536
7704 6496 2536
7704 6496 2536
7704 6496 2536
7704 6496 2536
7704 6496 2536
7704 6496 2536
7704 6496 2536
6018 5445 2536
6018 5445 2536
6018 5445 2536
6018 5445 2536
6018 5445 2536
6018 5445 2536
6018 5445 2536
6018 5445 2536
6018 5445 2536
6018 5445 2536
6018 5445 2536
6018 5445 2536
5358 8671 2537
5358 8671 2537
5358 8671 2537
5358 8671 2537
5358 8671 2537
5358 8671 2537
5358 8671 2537
5358 8671 2537
5358 8671 2537
5358 8671 2537
5358 8671 2537
5358 8671 2537
6520 7816 2537
6520 7816 2537
6520 7816 2537
6520 7816 2537
6520 7816 2537
6520 7816 2537
6520 7816 2537
6520 7816 2537
6520 7816 2537
6520 7816 2537
6520 7816 2537
6520 7816 2537
6520 7816 2537
5362 8772 2537
5362 8772 2537
5362 8772 2537
5362 8772 2537
5362 8772 2537
5362 8772 2537
5362 8772 2537
5362 8772 2537
5362 8772 2537
5362 8772 2537
5362 8772 2537
5362 8772 2537
5362 8772 2537
6496 6570 2537
6496 6570 2537
6496 6570 2537
6496 6570 2537
6496 6570 2537
6496 6570 2537
6496 6570 2537
6496 6570 2537
6496 6570 2537
6496 6570 2537
6496 6570 2537
6496 6570 2537
7703 7734 2537
7703 7734 2537
7703 7734 2537
7703 7734 2537
7703 7734 2537
7703 7734 2537
7703 7734 2537
7703 7734 2537
7703 7734 2537
7703 7734 2537
7703 7734 2537
7703 7734 2537
6552 6532 2537
6552 6532 2537
6552 6532 2537
6552 6532 2537
6552 6532 2537
6552 6532 2537
6552 6532 2537
6552 6532 2537
6552 6532 2537
6552 6532 2537
6552 6532 2537
6552 6532 2537
5489 5453 2537
5489 5453 2537
5489 5453 2537
5489 5453 2537
5489 5453 2537
5489 5453 2537
5489 5453 2537
5489 5453 2537
5489 5453 2537
5489 5453 2537
5489 5453 2537
5489 5453 2537
5489 5453 2537
6589 8680 2537
6589 8680 2537
6589 8680 2537
6589 8680 2537
6589 8680 2537
6589 8680 2537
6589 8680 2537
6589 8680 2537
6589 8680 2537
6589 8680 2537
6589 8680 2537
6589 8680 2537
8465 5389 2538
8465 5389 2538
8465 5389 2538
8465 5389 2538
8465 5389 2538
8465 5389 2538
8465 5389 2538
8465 5389 2538
8465 5389 2538
8465 5389 2538
8465 5389 2538
8465 5389 2538
8465 5389 2538
7800 8375 2539
7800 8375 2539
7800 8375 2539
7800 8375 2539
7800 8375 2539
7800 8375 2539
7800 8375 2539
7800 8375 2539
7800 8375 2539
7800 8375 2539
7800 8375 2539
7800 8375 2539
7800 8375 2539
6459 6383 2539
6459 6383 2539
6459 6383 2539
6459 6383 2539
6459 6383 2539
6459 6383 2539
6459 6383 2539
6459 6383 2539
6459 6383 2539
6459 6383 2539
6459 6383 2539
6459 6383 2539
6459 6383 2539
5483 5443 2540
5483 5443 2540
5483 5443 2540
5483 5443 2540
5483 5443 2540
5483 5443 2540
5483 5443 2540
5483 5443 2540
5483 5443 2540
5483 5443 2540
5483 5443 2540
5483 5443 2540
5483 5443 2540
7722 7698 2540
7722 7698 2540
7722 7698 2540
7722 7698 2540
7722 7698 2540
7722 7698 2540
7722 7698 2540
7722 7698 2540
7722 7698 2540
7722 7698 2540
7722 7698 2540
7722 7698 2540
5384 8446 2541
5384 8446 2541
5384 8446 2541
5384 8446 2541
5384 8446 2541
5384 8446 2541
5384 8446 2541
5384 8446 2541
5384 8446 2541
5384 8446 2541
5384 8446 2541
5384 8446 2541
7703 7926 2542
7703 7926 2542
7703 7926 2542
7703 7926 2542
7703 7926 2542
7703 7926 2542
7703 7926 2542
7703 7926 2542
7703 7926 2542
7703 7926 2542
7703 7926 2542
7703 7926 2542
8446 5269 2542
8446 5269 2542
8446 5269 2542
8446 5269 2542
8446 5269 2542
8446 5269 2542
8446 5269 2542
8446 5269 2542
8446 5269 2542
8446 5269 2542
8446 5269 2542
8446 5269 2542
8446 5269 2542
5554 5445 2543
5554 5445 2543
5554 5445 2543
5554 5445 2543
5554 5445 2543
5554 5445 2543
5554 5445 2543
5554 5445 2543
5554 5445 2543
5554 5445 2543
5554 5445 2543
5554 5445 2543
5416 5353 2544
5416 5353 2544
5416 5353 2544
5416 5353 2544
5416 5353 2544
5416 5353 2544
5416 5353 2544
5416 5353 2544
5416 5353 2544
5416 5353 2544
5416 5353 2544
5416 5353 2544
7751 7768 2545
7751 7768 2545
7751 7768 2545
7751 7768 2545
7751 7768 2545
7751 7768 2545
7751 7768 2545
7751 7768 2545
7751 7768 2545
7751 7768 2545
7751 7768 2545
7751 7768 2545
7698 6568 2545
7698 6568 2545
7698 6568 2545
7698 6568 2545
7698 6568 2545
7698 6568 2545
7698 6568 2545
7698 6568 2545
7698 6568 2545
7698 6568 2545
7698 6568 2545
7698 6568 2545
7698 6568 2545
8468 5392 2545
8468 5392 2545
8468 5392 2545
8468 5392 2545
8468 5392 2545
8468 5392 2545
8468 5392 2545
8468 5392 2545
8468 5392 2545
8468 5392 2545
8468 5392 2545
8468 5392 2545
5266 5362 2545
5266 5362 2545
5266 5362 2545
5266 5362 2545
5266 5362 2545
5266 5362 2545
5266 5362 2545
5266 5362 2545
5266 5362 2545
5266 5362 2545
5266 5362 2545
5266 5362 2545
5359 8705 2545
5359 8705 2545
5359 8705 2545
5359 8705 2545
5359 8705 2545
5359 8705 2545
5359 8705 2545
5359 8705 2545
5359 8705 2545
5359 8705 2545
5359 8705 2545
5359 8705 2545
5359 8705 2545
5423 6592 2545
5423 6592 2545
5423 6592 2545
5423 6592 2545
5423 6592 2545
5423 6592 2545
5423 6592 2545
5423 6592 2545
5423 6592 2545
5423 6592 2545
5423 6592 2545
5423 6592 2545
6575 6598 2545
6575 6598 2545
6575 6598 2545
6575 6598 2545
6575 6598 2545
6575 6598 2545
6575 6598 2545
6575 6598 2545
6575 6598 2545
6575 6598 2545
6575 6598 2545
6575 6598 2545
5277 8768 2546
5277 8768 2546
5277 8768 2546
5277 8768 2546
5277 8768 2546
5277 8768 2546
5277 8768 2546
5277 8768 2546
5277 8768 2546
5277 8768 2546
5277 8768 2546
5277 8768 2546
5277 8768 2546
5280 5473 2546
5280 5473 2546
5280 5473 2546
5280 5473 2546
5280 5473 2546
5280 5473 2546
5280 5473 2546
5280 5473 2546
5280 5473 2546
5280 5473 2546
5280 5473 2546
5280 5473 2546
5280 5473 2546
6004 8464 2547
6004 8464 2547
6004 8464 2547
6004 8464 2547
6004 8464 2547
6004 8464 2547
6004 8464 2547
6004 8464 2547
6004 8464 2547
6004 8464 2547
6004 8464 2547
6004 8464 2547
6004 8464 2547
6531 7719 2548
6531 7719 2548
6531 7719 2548
6531 7719 2548
6531 7719 2548
6531 7719 2548
6531 7719 2548
6531 7719 2548
6531 7719 2548
6531 7719 2548
6531 7719 2548
6531 7719 2548
6531 7719 2548
7751 7689 2548
7751 7689 2548
7751 7689 2548
7751 7689 2548
7751 7689 2548
7751 7689 2548
7751 7689 2548
7751 7689 2548
7751 7689 2548
7751 7689 2548
7751 7689 2548
7751 7689 2548
6494 7478 2549
6494 7478 2549
6494 7478 2549
6494 7478 2549
6494 7478 2549
6494 7478 2549
6494 7478 2549
6494 7478 2549
6494 7478 2549
6494 7478 2549
6494 7478 2549
6494 7478 2549
6494 7478 2549
6497 7689 2549
6497 7689 2549
6497 7689 2549
6497 7689 2549
6497 7689 2549
6497 7689 2549
6497 7689 2549
6497 7689 2549
6497 7689 2549
6497 7689 2549
6497 7689 2549
6497 7689 2549
6514 7810 2549
6514 7810 2549
6514 7810 2549
6514 7810 2549
6514 7810 2549
6514 7810 2549
6514 7810 2549
6514 7810 2549
6514 7810 2549
6514 7810 2549
6514 7810 2549
6514 7810 2549
6514 7810 2549
7928 7858 2549
7928 7858 2549
7928 7858 2549
7928 7858 2549
7928 7858 2549
7928 7858 2549
7928 7858 2549
7928 7858 2549
7928 7858 2549
7928 7858 2549
7928 7858 2549
7928 7858 2549
7928 7858 2549
7500 6327 2549
7500 6327 2549
7500 6327 2549
7500 6327 2549
7500 6327 2549
7500 6327 2549
7500 6327 2549
7500 6327 2549
7500 6327 2549
7500 6327 2549
7500 6327 2549
7500 6327 2549
7500 6327 2549
8381 7632 2550
8381 7632 2550
8381 7632 2550
8381 7632 2550
8381 7632 2550
8381 7632 2550
8381 7632 2550
8381 7632 2550
8381 7632 2550
8381 7632 2550
8381 7632 2550
8381 7632 2550
7838 7748 2550
7838 7748 2550
7838 7748 2550
7838 7748 2550
7838 7748 2550
7838 7748 2550
7838 7748 2550
7838 7748 2550
7838 7748 2550
7838 7748 2550
7838 7748 2550
7838 7748 2550
7838 7748 2550
7682 7502 2551
7682 7502 2551
7682 7502 2551
7682 7502 2551
7682 7502 2551
7682 7502 2551
7682 7502 2551
7682 7502 2551
7682 7502 2551
7682 7502 2551
7682 7502 2551
7682 7502 2551
7682 7502 2551
7679 6462 2551
7679 6462 2551
7679 6462 2551
7679 6462 2551
7679 6462 2551
7679 6462 2551
7679 6462 2551
7679 6462 2551
7679 6462 2551
7679 6462 2551
7679 6462 2551
7679 6462 2551
7998 7879 2551
7998 7879 2551
7998 7879 2551
7998 7879 2551
7998 7879 2551
7998 7879 2551
7998 7879 2551
7998 7879 2551
7998 7879 2551
7998 7879 2551
7998 7879 2551
7998 7879 2551
6603 5391 2551
6603 5391 2551
6603 5391 2551
6603 5391 2551
6603 5391 2551
6603 5391 2551
6603 5391 2551
6603 5391 2551
6603 5391 2551
6603 5391 2551
6603 5391 2551
6603 5391 2551
7944 7887 2551
7944 7887 2551
7944 7887 2551
7944 7887 2551
7944 7887 2551
7944 7887 2551
7944 7887 2551
7944 7887 2551
7944 7887 2551
7944 7887 2551
7944 7887 2551
7944 7887 2551
7944 7887 2551
8705 8445 2551
8705 8445 2551
8705 8445 2551
8705 8445 2551
8705 8445 2551
8705 8445 2551
8705 8445 2551
8705 8445 2551
8705 8445 2551
8705 8445 2551
8705 8445 2551
8705 8445 2551
8705 8445 2551
7846 7851 2551
7846 7851 2551
7846 7851 2551
7846 7851 2551
7846 7851 2551
7846 7851 2551
7846 7851 2551
7846 7851 2551
7846 7851 2551
7846 7851 2551
7846 7851 2551
7846 7851 2551
9524 5258 2552
9524 5258 2552
9524 5258 2552
9524 5258 2552
9524 5258 2552
9524 5258 2552
9524 5258 2552
9524 5258 2552
9524 5258 2552
9524 5258 2552
9524 5258 2552
9524 5258 2552
9524 5258 2552
5989 5534 2552
5989 5534 2552
5989 5534 2552
5989 5534 2552
5989 5534 2552
5989 5534 2552
5989 5534 2552
5989 5534 2552
5989 5534 2552
5989 5534 2552
5989 5534 2552
5989 5534 2552
5989 5534 2552
7686 7744 2553
7686 7744 2553
7686 7744 2553
7686 7744 2553
7686 7744 2553
7686 7744 2553
7686 7744 2553
7686 7744 2553
7686 7744 2553
7686 7744 2553
7686 7744 2553
7686 7744 2553
7904 7883 2553
7904 7883 2553
7904 7883 2553
7904 7883 2553
7904 7883 2553
7904 7883 2553
7904 7883 2553
7904 7883 2553
7904 7883 2553
7904 7883 2553
7904 7883 2553
7904 7883 2553
7772 7684 2553
7772 7684 2553
7772 7684 2553
7772 7684 2553
7772 7684 2553
7772 7684 2553
7772 7684 2553
7772 7684 2553
7772 7684 2553
7772 7684 2553
7772 7684 2553
7772 7684 2553
7772 7684 2553
7876 7927 2553
7876 7927 2553
7876 7927 2553
7876 7927 2553
7876 7927 2553
7876 7927 2553
7876 7927 2553
7876 7927 2553
7876 7927 2553
7876 7927 2553
7876 7927 2553
7876 7927 2553
9147 8669 2553
9147 8669 2553
9147 8669 2553
9147 8669 2553
9147 8669 2553
9147 8669 2553
9147 8669 2553
9147 8669 2553
9147 8669 2553
9147 8669 2553
9147 8669 2553
9147 8669 2553
7670 7652 2553
7670 7652 2553
7670 7652 2553
7670 7652 2553
7670 7652 2553
7670 7652 2553
7670 7652 2553
7670 7652 2553
7670 7652 2553
7670 7652 2553
7670 7652 2553
7670 7652 2553
7670 7652 2553
7702 7716 2554
7702 7716 2554
7702 7716 2554
7702 7716 2554
7702 7716 2554
7702 7716 2554
7702 7716 2554
7702 7716 2554
7702 7716 2554
7702 7716 2554
7702 7716 2554
7702 7716 2554
7899 7796 2554
7899 7796 2554
7899 7796 2554
7899 7796 2554
7899 7796 2554
7899 7796 2554
7899 7796 2554
7899 7796 2554
7899 7796 2554
7899 7796 2554
7899 7796 2554
7899 7796 2554
5282 5550 2554
5282 5550 2554
5282 5550 2554
5282 5550 2554
5282 5550 2554
5282 5550 2554
5282 5550 2554
5282 5550 2554
5282 5550 2554
5282 5550 2554
5282 5550 2554
5282 5550 2554
7910 7699 2555
7910 7699 2555
7910 7699 2555
7910 7699 2555
7910 7699 2555
7910 7699 2555
7910 7699 2555
7910 7699 2555
7910 7699 2555
7910 7699 2555
7910 7699 2555
7910 7699 2555
7910 7699 2555
5466 5294 2555
5466 5294 2555
5466 5294 2555
5466 5294 2555
5466 5294 2555
5466 5294 2555
5466 5294 2555
5466 5294 2555
5466 5294 2555
5466 5294 2555
5466 5294 2555
5466 5294 2555
5466 5294 2555
7489 6513 2555
7489 6513 2555
7489 6513 2555
7489 6513 2555
7489 6513 2555
7489 6513 2555
7489 6513 2555
7489 6513 2555
7489 6513 2555
7489 6513 2555
7489 6513 2555
7489 6513 2555
6613 7705 2556
6613 7705 2556
6613 7705 2556
6613 7705 2556
6613 7705 2556
6613 7705 2556
6613 7705 2556
6613 7705 2556
6613 7705 2556
6613 7705 2556
6613 7705 2556
6613 7705 2556
6613 7705 2556
6557 8451 2556
6557 8451 2556
6557 8451 2556
6557 8451 2556
6557 8451 2556
6557 8451 2556
6557 8451 2556
6557 8451 2556
6557 8451 2556
6557 8451 2556
6557 8451 2556
6557 8451 2556
6561 9518 2556
6561 9518 2556
6561 9518 2556
6561 9518 2556
6561 9518 2556
6561 9518 2556
6561 9518 2556
6561 9518 2556
6561 9518 2556
6561 9518 2556
6561 9518 2556
6561 9518 2556
6561 9518 2556
5987 7717 2556
5987 7717 2556
5987 7717 2556
5987 7717 2556
5987 7717 2556
5987 7717 2556
5987 7717 2556
5987 7717 2556
5987 7717 2556
5987 7717 2556
5987 7717 2556
5987 7717 2556
5987 7717 2556
6554 7710 2556
6554 7710 2556
6554 7710 2556
6554 7710 2556
6554 7710 2556
6554 7710 2556
6554 7710 2556
6554 7710 2556
6554 7710 2556
6554 7710 2556
6554 7710 2556
6554 7710 2556
7725 7929 2556
7725 7929 2556
7725 7929 2556
7725 7929 2556
7725 7929 2556
7725 7929 2556
7725 7929 2556
7725 7929 2556
7725 7929 2556
7725 7929 2556
7725 7929 2556
7725 7929 2556
7725 7929 2556
7760 7703 2556
7760 7703 2556
7760 7703 2556
7760 7703 2556
7760 7703 2556
7760 7703 2556
7760 7703 2556
7760 7703 2556
7760 7703 2556
7760 7703 2556
7760 7703 2556
7760 7703 2556
7753 8477 2557
7753 8477 2557
7753 8477 2557
7753 8477 2557
7753 8477 2557
7753 8477 2557
7753 8477 2557
7753 8477 2557
7753 8477 2557
7753 8477 2557
7753 8477 2557
7753 8477 2557
7753 8477 2557
6600 7750 2557
6600 7750 2557
6600 7750 2557
6600 7750 2557
6600 7750 2557
6600 7750 2557
6600 7750 2557
6600 7750 2557
6600 7750 2557
6600 7750 2557
6600 7750 2557
6600 7750 2557
6600 7750 2557
6561 8704 2557
6561 8704 2557
6561 8704 2557
6561 8704 2557
6561 8704 2557
6561 8704 2557
6561 8704 2557
6561 8704 2557
6561 8704 2557
6561 8704 2557
6561 8704 2557
6561 8704 2557
5994 6612 2558
5994 6612 2558
5994 6612 2558
5994 6612 2558
5994 6612 2558
5994 6612 2558
5994 6612 2558
5994 6612 2558
5994 6612 2558
5994 6612 2558
5994 6612 2558
5994 6612 2558
7725 7909 2558
7725 7909 2558
7725 7909 2558
7725 7909 2558
7725 7909 2558
7725 7909 2558
7725 7909 2558
7725 7909 2558
7725 7909 2558
7725 7909 2558
7725 7909 2558
7725 7909 2558
5271 8695 2558
5271 8695 2558
5271 8695 2558
5271 8695 2558
5271 8695 2558
5271 8695 2558
5271 8695 2558
5271 8695 2558
5271 8695 2558
5271 8695 2558
5271 8695 2558
5271 8695 2558
5271 8695 2558
6529 6397 2559
6529 6397 2559
6529 6397 2559
6529 6397 2559
6529 6397 2559
6529 6397 2559
6529 6397 2559
6529 6397 2559
6529 6397 2559
6529 6397 2559
6529 6397 2559
6529 6397 2559
7785 7695 2559
7785 7695 2559
7785 7695 2559
7785 7695 2559
7785 7695 2559
7785 7695 2559
7785 7695 2559
7785 7695 2559
7785 7695 2559
7785 7695 2559
7785 7695 2559
7785 7695 2559
7785 7695 2559
7883 7748 2560
7883 7748 2560
7883 7748 2560
7883 7748 2560
7883 7748 2560
7883 7748 2560
7883 7748 2560
7883 7748 2560
7883 7748 2560
7883 7748 2560
7883 7748 2560
7883 7748 2560
7883 7748 2560
7687 7749 2561
7687 7749 2561
7687 7749 2561
7687 7749 2561
7687 7749 2561
7687 7749 2561
7687 7749 2561
7687 7749 2561
7687 7749 2561
7687 7749 2561
7687 7749 2561
7687 7749 2561
7750 7727 2561
7750 7727 2561
7750 7727 2561
7750 7727 2561
7750 7727 2561
7750 7727 2561
7750 7727 2561
7750 7727 2561
7750 7727 2561
7750 7727 2561
7750 7727 2561
7750 7727 2561
7940 9554 2562
7940 9554 2562
7940 9554 2562
7940 9554 2562
7940 9554 2562
7940 9554 2562
7940 9554 2562
7940 9554 2562
7940 9554 2562
7940 9554 2562
7940 9554 2562
7940 9554 2562
8682 6573 2562
8682 6573 2562
8682 6573 2562
8682 6573 2562
8682 6573 2562
8682 6573 2562
8682 6573 2562
8682 6573 2562
8682 6573 2562
8682 6573 2562
8682 6573 2562
8682 6573 2562
6567 5278 2562
6567 5278 2562
6567 5278 2562
6567 5278 2562
6567 5278 2562
6567 5278 2562
6567 5278 2562
6567 5278 2562
6567 5278 2562
6567 5278 2562
6567 5278 2562
6567 5278 2562
6567 5278 2562
7503 7678 2562
7503 7678 2562
7503 7678 2562
7503 7678 2562
7503 7678 2562
7503 7678 2562
7503 7678 2562
7503 7678 2562
7503 7678 2562
7503 7678 2562
7503 7678 2562
7503 7678 2562
7503 7678 2562
5569 5529 2563
5569 5529 2563
5569 5529 2563
5569 5529 2563
5569 5529 2563
5569 5529 2563
5569 5529 2563
5569 5529 2563
5569 5529 2563
5569 5529 2563
5569 5529 2563
5569 5529 2563
7878 7912 2563
7878 7912 2563
7878 7912 2563
7878 7912 2563
7878 7912 2563
7878 7912 2563
7878 7912 2563
7878 7912 2563
7878 7912 2563
7878 7912 2563
7878 7912 2563
7878 7912 2563
7878 7912 2563
5333 5447 2563
5333 5447 2563
5333 5447 2563
5333 5447 2563
5333 5447 2563
5333 5447 2563
5333 5447 2563
5333 5447 2563
5333 5447 2563
5333 5447 2563
5333 5447 2563
5333 5447 2563
6554 5377 2564
6554 5377 2564
6554 5377 2564
6554 5377 2564
6554 5377 2564
6554 5377 2564
6554 5377 2564
6554 5377 2564
6554 5377 2564
6554 5377 2564
6554 5377 2564
6554 5377 2564
6554 5377 2564
6485 6517 2564
6485 6517 2564
6485 6517 2564
6485 6517 2564
6485 6517 2564
6485 6517 2564
6485 6517 2564
6485 6517 2564
6485 6517 2564
6485 6517 2564
6485 6517 2564
6485 6517 2564
6485 6517 2564
8682 6538 2564
8682 6538 2564
8682 6538 2564
8682 6538 2564
8682 6538 2564
8682 6538 2564
8682 6538 2564
8682 6538 2564
8682 6538 2564
8682 6538 2564
8682 6538 2564
8682 6538 2564
8682 6538 2564
7883 7653 2565
7883 7653 2565
7883 7653 2565
7883 7653 2565
7883 7653 2565
7883 7653 2565
7883 7653 2565
7883 7653 2565
7883 7653 2565
7883 7653 2565
7883 7653 2565
7883 7653 2565
7776 6604 2566
7776 6604 2566
7776 6604 2566
7776 6604 2566
7776 6604 2566
7776 6604 2566
7776 6604 2566
7776 6604 2566
7776 6604 2566
7776 6604 2566
7776 6604 2566
7776 6604 2566
7776 6604 2566
8457 5254 2566
8457 5254 2566
8457 5254 2566
8457 5254 2566
8457 5254 2566
8457 5254 2566
8457 5254 2566
8457 5254 2566
8457 5254 2566
8457 5254 2566
8457 5254 2566
8457 5254 2566
8457 5254 2566
7713 6563 2567
7713 6563 2567
7713 6563 2567
7713 6563 2567
7713 6563 2567
7713 6563 2567
7713 6563 2567
7713 6563 2567
7713 6563 2567
7713 6563 2567
7713 6563 2567
7713 6563 2567
7713 6563 2567
7835 8352 2567
7835 8352 2567
7835 8352 2567
7835 8352 2567
7835 8352 2567
7835 8352 2567
7835 8352 2567
7835 8352 2567
7835 8352 2567
7835 8352 2567
7835 8352 2567
7835 8352 2567
7699 6610 2568
7699 6610 2568
7699 6610 2568
7699 6610 2568
7699 6610 2568
7699 6610 2568
7699 6610 2568
7699 6610 2568
7699 6610 2568
7699 6610 2568
7699 6610 2568
7699 6610 2568
7690 8467 2568
7690 8467 2568
7690 8467 2568
7690 8467 2568
7690 8467 2568
7690 8467 2568
7690 8467 2568
7690 8467 2568
7690 8467 2568
7690 8467 2568
7690 8467 2568
7690 8467 2568
7690 8467 2568
7908 6441 2568
7908 6441 2568
7908 6441 2568
7908 6441 2568
7908 6441 2568
7908 6441 2568
7908 6441 2568
7908 6441 2568
7908 6441 2568
7908 6441 2568
7908 6441 2568
7908 6441 2568
6595 8432 2568
6595 8432 2568
6595 8432 2568
6595 8432 2568
6595 8432 2568
6595 8432 2568
6595 8432 2568
6595 8432 2568
6595 8432 2568
6595 8432 2568
6595 8432 2568
6595 8432 2568
6595 8432 2568
5422 5301 2568
5422 5301 2568
5422 5301 2568
5422 5301 2568
5422 5301 2568
5422 5301 2568
5422 5301 2568
5422 5301 2568
5422 5301 2568
5422 5301 2568
5422 5301 2568
5422 5301 2568
5422 5301 2568
7743 7976 2569
7743 7976 2569
7743 7976 2569
7743 7976 2569
7743 7976 2569
7743 7976 2569
7743 7976 2569
7743 7976 2569
7743 7976 2569
7743 7976 2569
7743 7976 2569
7743 7976 2569
7906 7805 2569
7906 7805 2569
7906 7805 2569
7906 7805 2569
7906 7805 2569
7906 7805 2569
7906 7805 2569
7906 7805 2569
7906 7805 2569
7906 7805 2569
7906 7805 2569
7906 7805 2569
7906 7805 2569
6472 7481 2569
6472 7481 2569
6472 7481 2569
6472 7481 2569
6472 7481 2569
6472 7481 2569
6472 7481 2569
6472 7481 2569
6472 7481 2569
6472 7481 2569
6472 7481 2569
6472 7481 2569
6516 7818 2569
6516 7818 2569
6516 7818 2569
6516 7818 2569
6516 7818 2569
6516 7818 2569
6516 7818 2569
6516 7818 2569
6516 7818 2569
6516 7818 2569
6516 7818 2569
6516 7818 2569
6577 6605 2569
6577 6605 2569
6577 6605 2569
6577 6605 2569
6577 6605 2569
6577 6605 2569
6577 6605 2569
6577 6605 2569
6577 6605 2569
6577 6605 2569
6577 6605 2569
6577 6605 2569
6450 6538 2570
6450 6538 2570
6450 6538 2570
6450 6538 2570
6450 6538 2570
6450 6538 2570
6450 6538 2570
6450 6538 2570
6450 6538 2570
6450 6538 2570
6450 6538 2570
6450 6538 2570
9524 6586 2570
9524 6586 2570
9524 6586 2570
9524 6586 2570
9524 6586 2570
9524 6586 2570
9524 6586 2570
9524 6586 2570
9524 6586 2570
9524 6586 2570
9524 6586 2570
9524 6586 2570
5405 8453 2570
5405 8453 2570
5405 8453 2570
5405 8453 2570
5405 8453 2570
5405 8453 2570
5405 8453 2570
5405 8453 2570
5405 8453 2570
5405 8453 2570
5405 8453 2570
5405 8453 2570
5405 8453 2570
6572 5359 2571
6572 5359 2571
6572 5359 2571
6572 5359 2571
6572 5359 2571
6572 5359 2571
6572 5359 2571
6572 5359 2571
6572 5359 2571
6572 5359 2571
6572 5359 2571
6572 5359 2571
6572 5359 2571
7888 7939 2571
7888 7939 2571
7888 7939 2571
7888 7939 2571
7888 7939 2571
7888 7939 2571
7888 7939 2571
7888 7939 2571
7888 7939 2571
7888 7939 2571
7888 7939 2571
7888 7939 2571
8455 5359 2571
8455 5359 2571
8455 5359 2571
8455 5359 2571
8455 5359 2571
8455 5359 2571
8455 5359 2571
8455 5359 2571
8455 5359 2571
8455 5359 2571
8455 5359 2571
8455 5359 2571
8455 5359 2571
6602 6381 2571
6602 6381 2571
6602 6381 2571
6602 6381 2571
6602 6381 2571
6602 6381 2571
6602 6381 2571
6602 6381 2571
6602 6381 2571
6602 6381 2571
6602 6381 2571
6602 6381 2571
6602 6381 2571
5288 9182 2571
5288 9182 2571
5288 9182 2571
5288 9182 2571
5288 9182 2571
5288 9182 2571
5288 9182 2571
5288 9182 2571
5288 9182 2571
5288 9182 2571
5288 9182 2571
5288 9182 2571
6031 5422 2571
6031 5422 2571
6031 5422 2571
6031 5422 2571
6031 5422 2571
6031 5422 2571
6031 5422 2571
6031 5422 2571
6031 5422 2571
6031 5422 2571
6031 5422 2571
6031 5422 2571
7865 7846 2571
7865 7846 2571
7865 7846 2571
7865 7846 2571
7865 7846 2571
7865 7846 2571
7865 7846 2571
7865 7846 2571
7865 7846 2571
7865 7846 2571
7865 7846 2571
7865 7846 2571
6586 8453 2572
6586 8453 2572
6586 8453 2572
6586 8453 2572
6586 8453 2572
6586 8453 2572
6586 8453 2572
6586 8453 2572
6586 8453 2572
6586 8453 2572
6586 8453 2572
6586 8453 2572
6586 8453 2572
5369 6611 2572
5369 6611 2572
5369 6611 2572
5369 6611 2572
5369 6611 2572
5369 6611 2572
5369 6611 2572
5369 6611 2572
5369 6611 2572
5369 6611 2572
5369 6611 2572
5369 6611 2572
5369 6611 2572
8449 7770 2572
8449 7770 2572
8449 7770 2572
8449 7770 2572
8449 7770 2572
8449 7770 2572
8449 7770 2572
8449 7770 2572
8449 7770 2572
8449 7770 2572
8449 7770 2572
8449 7770 2572
6591 7690 2572
6591 7690 2572
6591 7690 2572
6591 7690 2572
6591 7690 2572
6591 7690 2572
6591 7690 2572
6591 7690 2572
6591 7690 2572
6591 7690 2572
6591 7690 2572
6591 7690 2572
7775 6041 2573
7775 6041 2573
7775 6041 2573
7775 6041 2573
7775 6041 2573
7775 6041 2573
7775 6041 2573
7775 6041 2573
7775 6041 2573
7775 6041 2573
7775 6041 2573
7775 6041 2573
6460 6321 2573
6460 6321 2573
6460 6321 2573
6460 6321 2573
6460 6321 2573
6460 6321 2573
6460 6321 2573
6460 6321 2573
6460 6321 2573
6460 6321 2573
6460 6321 2573
6460 6321 2573
8442 8770 2574
8442 8770 2574
8442 8770 2574
8442 8770 2574
8442 8770 2574
8442 8770 2574
8442 8770 2574
8442 8770 2574
8442 8770 2574
8442 8770 2574
8442 8770 2574
8442 8770 2574
8442 8770 2574
9193 5315 2574
9193 5315 2574
9193 5315 2574
9193 5315 2574
9193 5315 2574
9193 5315 2574
9193 5315 2574
9193 5315 2574
9193 5315 2574
9193 5315 2574
9193 5315 2574
9193 5315 2574
9193 5315 2574
6600 8451 2574
6600 8451 2574
6600 8451 2574
6600 8451 2574
6600 8451 2574
6600 8451 2574
6600 8451 2574
6600 8451 2574
6600 8451 2574
6600 8451 2574
6600 8451 2574
6600 8451 2574
6577 6541 2574
6577 6541 2574
6577 6541 2574
6577 6541 2574
6577 6541 2574
6577 6541 2574
6577 6541 2574
6577 6541 2574
6577 6541 2574
6577 6541 2574
6577 6541 2574
6577 6541 2574
6577 6541 2574
8761 8435 2575
8761 8435 2575
8761 8435 2575
8761 8435 2575
8761 8435 2575
8761 8435 2575
8761 8435 2575
8761 8435 2575
8761 8435 2575
8761 8435 2575
8761 8435 2575
8761 8435 2575
6557 8438 2575
6557 8438 2575
6557 8438 2575
6557 8438 2575
6557 8438 2575
6557 8438 2575
6557 8438 2575
6557 8438 2575
6557 8438 2575
6557 8438 2575
6557 8438 2575
6557 8438 2575
7733 7833 2575
7733 7833 2575
7733 7833 2575
7733 7833 2575
7733 7833 2575
7733 7833 2575
7733 7833 2575
7733 7833 2575
7733 7833 2575
7733 7833 2575
7733 7833 2575
7733 7833 2575
5438 5267 2576
5438 5267 2576
5438 5267 2576
5438 5267 2576
5438 5267 2576
5438 5267 2576
5438 5267 2576
5438 5267 2576
5438 5267 2576
5438 5267 2576
5438 5267 2576
5438 5267 2576
5438 5267 2576
5385 5443 2577
5385 5443 2577
5385 5443 2577
5385 5443 2577
5385 5443 2577
5385 5443 2577
5385 5443 2577
5385 5443 2577
5385 5443 2577
5385 5443 2577
5385 5443 2577
5385 5443 2577
5385 5443 2577
6037 5364 2577
6037 5364 2577
6037 5364 2577
6037 5364 2577
6037 5364 2577
6037 5364 2577
6037 5364 2577
6037 5364 2577
6037 5364 2577
6037 5364 2577
6037 5364 2577
6037 5364 2577
5260 8707 2577
5260 8707 2577
5260 8707 2577
5260 8707 2577
5260 8707 2577
5260 8707 2577
5260 8707 2577
5260 8707 2577
5260 8707 2577
5260 8707 2577
5260 8707 2577
5260 8707 2577
5260 8707 2577
7706 8462 2578
7706 8462 2578
7706 8462 2578
7706 8462 2578
7706 8462 2578
7706 8462 2578
7706 8462 2578
7706 8462 2578
7706 8462 2578
7706 8462 2578
7706 8462 2578
7706 8462 2578
7461 6467 2578
7461 6467 2578
7461 6467 2578
7461 6467 2578
7461 6467 2578
7461 6467 2578
7461 6467 2578
7461 6467 2578
7461 6467 2578
7461 6467 2578
7461 6467 2578
7461 6467 2578
7461 6467 2578
6580 8437 2578
6580 8437 2578
6580 8437 2578
6580 8437 2578
6580 8437 2578
6580 8437 2578
6580 8437 2578
6580 8437 2578
6580 8437 2578
6580 8437 2578
6580 8437 2578
6580 8437 2578
6531 6590 2578
6531 6590 2578
6531 6590 2578
6531 6590 2578
6531 6590 2578
6531 6590 2578
6531 6590 2578
6531 6590 2578
6531 6590 2578
6531 6590 2578
6531 6590 2578
6531 6590 2578
6531 6590 2578
7939 8475 2579
7939 8475 2579
7939 8475 2579
7939 8475 2579
7939 8475 2579
7939 8475 2579
7939 8475 2579
7939 8475 2579
7939 8475 2579
7939 8475 2579
7939 8475 2579
7939 8475 2579
8436 9523 2579
8436 9523 2579
8436 9523 2579
8436 9523 2579
8436 9523 2579
8436 9523 2579
8436 9523 2579
8436 9523 2579
8436 9523 2579
8436 9523 2579
8436 9523 2579
8436 9523 2579
5440 5459 2579
5440 5459 2579
5440 5459 2579
5440 5459 2579
5440 5459 2579
5440 5459 2579
5440 5459 2579
5440 5459 2579
5440 5459 2579
5440 5459 2579
5440 5459 2579
5440 5459 2579
5440 5459 2579
5268 8672 2580
5268 8672 2580
5268 8672 2580
5268 8672 2580
5268 8672 2580
5268 8672 2580
5268 8672 2580
5268 8672 2580
5268 8672 2580
5268 8672 2580
5268 8672 2580
5268 8672 2580
5268 8672 2580
6327 7454 2580
6327 7454 2580
6327 7454 2580
6327 7454 2580
6327 7454 2580
6327 7454 2580
6327 7454 2580
6327 7454 2580
6327 7454 2580
6327 7454 2580
6327 7454 2580
6327 7454 2580
6327 7454 2580
5277 6011 2580
5277 6011 2580
5277 6011 2580
5277 6011 2580
5277 6011 2580
5277 6011 2580
5277 6011 2580
5277 6011 2580
5277 6011 2580
5277 6011 2580
5277 6011 2580
5277 6011 2580
7804 7738 2580
7804 7738 2580
7804 7738 2580
7804 7738 2580
7804 7738 2580
7804 7738 2580
7804 7738 2580
7804 7738 2580
7804 7738 2580
7804 7738 2580
7804 7738 2580
7804 7738 2580
6009 8436 2581
6009 8436 2581
6009 8436 2581
6009 8436 2581
6009 8436 2581
6009 8436 2581
6009 8436 2581
6009 8436 2581
6009 8436 2581
6009 8436 2581
6009 8436 2581
6009 8436 2581
6009 8436 2581
6491 7486 2581
6491 7486 2581
6491 7486 2581
6491 7486 2581
6491 7486 2581
6491 7486 2581
6491 7486 2581
6491 7486 2581
6491 7486 2581
6491 7486 2581
6491 7486 2581
6491 7486 2581
6452 6465 2581
6452 6465 2581
6452 6465 2581
6452 6465 2581
6452 6465 2581
6452 6465 2581
6452 6465 2581
6452 6465 2581
6452 6465 2581
6452 6465 2581
6452 6465 2581
6452 6465 2581
6452 6465 2581
6549 5260 2581
6549 5260 2581
6549 5260 2581
6549 5260 2581
6549 5260 2581
6549 5260 2581
6549 5260 2581
6549 5260 2581
6549 5260 2581
6549 5260 2581
6549 5260 2581
6549 5260 2581
5440 9192 2582
5440 9192 2582
5440 9192 2582
5440 9192 2582
5440 9192 2582
5440 9192 2582
5440 9192 2582
5440 9192 2582
5440 9192 2582
5440 9192 2582
5440 9192 2582
5440 9192 2582
5440 9192 2582
5436 5402 2582
5436 5402 2582
5436 5402 2582
5436 5402 2582
5436 5402 2582
5436 5402 2582
5436 5402 2582
5436 5402 2582
5436 5402 2582
5436 5402 2582
5436 5402 2582
5436 5402 2582
5436 5402 2582
7688 6502 2582
7688 6502 2582
7688 6502 2582
7688 6502 2582
7688 6502 2582
7688 6502 2582
7688 6502 2582
7688 6502 2582
7688 6502 2582
7688 6502 2582
7688 6502 2582
7688 6502 2582
7659 8373 2582
7659 8373 2582
7659 8373 2582
7659 8373 2582
7659 8373 2582
7659 8373 2582
7659 8373 2582
7659 8373 2582
7659 8373 2582
7659 8373 2582
7659 8373 2582
7659 8373 2582
7659 8373 2582
7652 7842 2583
7652 7842 2583
7652 7842 2583
7652 7842 2583
7652 7842 2583
7652 7842 2583
7652 7842 2583
7652 7842 2583
7652 7842 2583
7652 7842 2583
7652 7842 2583
7652 7842 2583
8431 8461 2583
8431 8461 2583
8431 8461 2583
8431 8461 2583
8431 8461 2583
8431 8461 2583
8431 8461 2583
8431 8461 2583
8431 8461 2583
8431 8461 2583
8431 8461 2583
8431 8461 2583
8431 8461 2583
6042 6590 2584
6042 6590 2584
6042 6590 2584
6042 6590 2584
6042 6590 2584
6042 6590 2584
6042 6590 2584
6042 6590 2584
6042 6590 2584
6042 6590 2584
6042 6590 2584
6042 6590 2584
6577 6357 2584
6577 6357 2584
6577 6357 2584
6577 6357 2584
6577 6357 2584
6577 6357 2584
6577 6357 2584
6577 6357 2584
6577 6357 2584
6577 6357 2584
6577 6357 2584
6577 6357 2584
7462 7492 2584
7462 7492 2584
7462 7492 2584
7462 7492 2584
7462 7492 2584
7462 7492 2584
7462 7492 2584
7462 7492 2584
7462 7492 2584
7462 7492 2584
7462 7492 2584
7462 7492 2584
7938 7994 2584
7938 7994 2584
7938 7994 2584
7938 7994 2584
7938 7994 2584
7938 7994 2584
7938 7994 2584
7938 7994 2584
7938 7994 2584
7938 7994 2584
7938 7994 2584
7938 7994 2584
7802 7657 2584
7802 7657 2584
7802 7657 2584
7802 7657 2584
7802 7657 2584
7802 7657 2584
7802 7657 2584
7802 7657 2584
7802 7657 2584
7802 7657 2584
7802 7657 2584
7802 7657 2584
7811 7671 2585
7811 7671 2585
7811 7671 2585
7811 7671 2585
7811 7671 2585
7811 7671 2585
7811 7671 2585
7811 7671 2585
7811 7671 2585
7811 7671 2585
7811 7671 2585
7811 7671 2585
7811 7671 2585
5349 8763 2585
5349 8763 2585
5349 8763 2585
5349 8763 2585
5349 8763 2585
5349 8763 2585
5349 8763 2585
5349 8763 2585
5349 8763 2585
5349 8763 2585
5349 8763 2585
5349 8763 2585
5349 8763 2585
8403 8450 2585
8403 8450 2585
8403 8450 2585
8403 8450 2585
8403 8450 2585
8403 8450 2585
8403 8450 2585
8403 8450 2585
8403 8450 2585
8403 8450 2585
8403 8450 2585
8403 8450 2585
6533 6463 2585
6533 6463 2585
6533 6463 2585
6533 6463 2585
6533 6463 2585
6533 6463 2585
6533 6463 2585
6533 6463 2585
6533 6463 2585
6533 6463 2585
6533 6463 2585
6533 6463 2585
6533 6463 2585
8448 7776 2585
8448 7776 2585
8448 7776 2585
8448 7776 2585
8448 7776 2585
8448 7776 2585
8448 7776 2585
8448 7776 2585
8448 7776 2585
8448 7776 2585
8448 7776 2585
8448 7776 2585
8448 7776 2585
6506 6327 2586
6506 6327 2586
6506 6327 2586
6506 6327 2586
6506 6327 2586
6506 6327 2586
6506 6327 2586
6506 6327 2586
6506 6327 2586
6506 6327 2586
6506 6327 2586
6506 6327 2586
6506 6327 2586
7757 8476 2586
7757 8476 2586
7757 8476 2586
7757 8476 2586
7757 8476 2586
7757 8476 2586
7757 8476 2586
7757 8476 2586
7757 8476 2586
7757 8476 2586
7757 8476 2586
7757 8476 2586
7851 7892 2586
7851 7892 2586
7851 7892 2586
7851 7892 2586
7851 7892 2586
7851 7892 2586
7851 7892 2586
7851 7892 2586
7851 7892 2586
7851 7892 2586
7851 7892 2586
7851 7892 2586
6612 5400 2587
6612 5400 2587
6612 5400 2587
6612 5400 2587
6612 5400 2587
6612 5400 2587
6612 5400 2587
6612 5400 2587
6612 5400 2587
6612 5400 2587
6612 5400 2587
6612 5400 2587
6407 8450 2587
6407 8450 2587
6407 8450 2587
6407 8450 2587
6407 8450 2587
6407 8450 2587
6407 8450 2587
6407 8450 2587
6407 8450 2587
6407 8450 2587
6407 8450 2587
6407 8450 2587
7908 7946 2587
7908 7946 2587
7908 7946 2587
7908 7946 2587
7908 7946 2587
7908 7946 2587
7908 7946 2587
7908 7946 2587
7908 7946 2587
7908 7946 2587
7908 7946 2587
7908 7946 2587
5412 5254 2587
5412 5254 2587
5412 5254 2587
5412 5254 2587
5412 5254 2587
5412 5254 2587
5412 5254 2587
5412 5254 2587
5412 5254 2587
5412 5254 2587
5412 5254 2587
5412 5254 2587
5412 5254 2587
7705 7820 2588
7705 7820 2588
7705 7820 2588
7705 7820 2588
7705 7820 2588
7705 7820 2588
7705 7820 2588
7705 7820 2588
7705 7820 2588
7705 7820 2588
7705 7820 2588
7705 7820 2588
6612 5364 2588
6612 5364 2588
6612 5364 2588
6612 5364 2588
6612 5364 2588
6612 5364 2588
6612 5364 2588
6612 5364 2588
6612 5364 2588
6612 5364 2588
6612 5364 2588
6612 5364 2588
6411 6583 2588
6411 6583 2588
6411 6583 2588
6411 6583 2588
6411 6583 2588
6411 6583 2588
6411 6583 2588
6411 6583 2588
6411 6583 2588
6411 6583 2588
6411 6583 2588
6411 6583 2588
6327 6477 2588
6327 6477 2588
6327 6477 2588
6327 6477 2588
6327 6477 2588
6327 6477 2588
6327 6477 2588
6327 6477 2588
6327 6477 2588
6327 6477 2588
6327 6477 2588
6327 6477 2588
5279 8770 2589
5279 8770 2589
5279 8770 2589
5279 8770 2589
5279 8770 2589
5279 8770 2589
5279 8770 2589
5279 8770 2589
5279 8770 2589
5279 8770 2589
5279 8770 2589
5279 8770 2589
5279 8770 2589
7780 6042 2590
7780 6042 2590
7780 6042 2590
7780 6042 2590
7780 6042 2590
7780 6042 2590
7780 6042 2590
7780 6042 2590
7780 6042 2590
7780 6042 2590
7780 6042 2590
7780 6042 2590
5998 8447 2590
5998 8447 2590
5998 8447 2590
5998 8447 2590
5998 8447 2590
5998 8447 2590
5998 8447 2590
5998 8447 2590
5998 8447 2590
5998 8447 2590
5998 8447 2590
5998 8447 2590
5446 5299 2590
5446 5299 2590
5446 5299 2590
5446 5299 2590
5446 5299 2590
5446 5299 2590
5446 5299 2590
5446 5299 2590
5446 5299 2590
5446 5299 2590
5446 5299 2590
5446 5299 2590
7860 7929 2591
7860 7929 2591
7860 7929 2591
7860 7929 2591
7860 7929 2591
7860 7929 2591
7860 7929 2591
7860 7929 2591
7860 7929 2591
7860 7929 2591
7860 7929 2591
7860 7929 2591
7860 7929 2591
6553 5265 2591
6553 5265 2591
6553 5265 2591
6553 5265 2591
6553 5265 2591
6553 5265 2591
6553 5265 2591
6553 5265 2591
6553 5265 2591
6553 5265 2591
6553 5265 2591
6553 5265 2591
9520 6592 2592
9520 6592 2592
9520 6592 2592
9520 6592 2592
9520 6592 2592
9520 6592 2592
9520 6592 2592
9520 6592 2592
9520 6592 2592
9520 6592 2592
9520 6592 2592
9520 6592 2592
5259 5998 2592
5259 5998 2592
5259 5998 2592
5259 5998 2592
5259 5998 2592
5259 5998 2592
5259 5998 2592
5259 5998 2592
5259 5998 2592
5259 5998 2592
5259 5998 2592
5259 5998 2592
5259 5998 2592
5380 9263 2592
5380 9263 2592
5380 9263 2592
5380 9263 2592
5380 9263 2592
5380 9263 2592
5380 9263 2592
5380 9263 2592
5380 9263 2592
5380 9263 2592
5380 9263 2592
5380 9263 2592
5380 9263 2592
5477 6105 2592
5477 6105 2592
5477 6105 2592
5477 6105 2592
5477 6105 2592
5477 6105 2592
5477 6105 2592
5477 6105 2592
5477 6105 2592
5477 6105 2592
5477 6105 2592
5477 6105 2592
5477 6105 2592
6042 6602 2593
6042 6602 2593
6042 6602 2593
6042 6602 2593
6042 6602 2593
6042 6602 2593
6042 6602 2593
6042 6602 2593
6042 6602 2593
6042 6602 2593
6042 6602 2593
6042 6602 2593
6042 6602 2593
7764 7912 2593
7764 7912 2593
7764 7912 2593
7764 7912 2593
7764 7912 2593
7764 7912 2593
7764 7912 2593
7764 7912 2593
7764 7912 2593
7764 7912 2593
7764 7912 2593
7764 7912 2593
6493 9658 2593
6493 9658 2593
6493 9658 2593
6493 9658 2593
6493 9658 2593
6493 9658 2593
6493 9658 2593
6493 9658 2593
6493 9658 2593
6493 9658 2593
6493 9658 2593
6493 9658 2593
6493 9658 2593
7807 7924 2594
7807 7924 2594
7807 7924 2594
7807 7924 2594
7807 7924 2594
7807 7924 2594
7807 7924 2594
7807 7924 2594
7807 7924 2594
7807 7924 2594
7807 7924 2594
7807 7924 2594
7807 7924 2594
6605 6544 2594
6605 6544 2594
6605 6544 2594
6605 6544 2594
6605 6544 2594
6605 6544 2594
6605 6544 2594
6605 6544 2594
6605 6544 2594
6605 6544 2594
6605 6544 2594
6605 6544 2594
6513 6588 2594
6513 6588 2594
6513 6588 2594
6513 6588 2594
6513 6588 2594
6513 6588 2594
6513 6588 2594
6513 6588 2594
6513 6588 2594
6513 6588 2594
6513 6588 2594
6513 6588 2594
6513 6588 2594
5255 9177 2595
5255 9177 2595
5255 9177 2595
5255 9177 2595
5255 9177 2595
5255 9177 2595
5255 9177 2595
5255 9177 2595
5255 9177 2595
5255 9177 2595
5255 9177 2595
5255 9177 2595
6562 6506 2595
6562 6506 2595
6562 6506 2595
6562 6506 2595
6562 6506 2595
6562 6506 2595
6562 6506 2595
6562 6506 2595
6562 6506 2595
6562 6506 2595
6562 6506 2595
6562 6506 2595
8455 5429 2596
8455 5429 2596
8455 5429 2596
8455 5429 2596
8455 5429 2596
8455 5429 2596
8455 5429 2596
8455 5429 2596
8455 5429 2596
8455 5429 2596
8455 5429 2596
8455 5429 2596
8455 5429 2596
6419 5985 2596
6419 5985 2596
6419 5985 2596
6419 5985 2596
6419 5985 2596
6419 5985 2596
6419 5985 2596
6419 5985 2596
6419 5985 2596
6419 5985 2596
6419 5985 2596
6419 5985 2596
6514 9615 2596
6514 9615 2596
6514 9615 2596
6514 9615 2596
6514 9615 2596
6514 9615 2596
6514 9615 2596
6514 9615 2596
6514 9615 2596
6514 9615 2596
6514 9615 2596
6514 9615 2596
6514 9615 2596
7708 7923 2597
7708 7923 2597
7708 7923 2597
7708 7923 2597
7708 7923 2597
7708 7923 2597
7708 7923 2597
7708 7923 2597
7708 7923 2597
7708 7923 2597
7708 7923 2597
7708 7923 2597
7708 7923 2597
8452 7688 2597
8452 7688 2597
8452 7688 2597
8452 7688 2597
8452 7688 2597
8452 7688 2597
8452 7688 2597
8452 7688 2597
8452 7688 2597
8452 7688 2597
8452 7688 2597
8452 7688 2597
8452 7688 2597
7659 7836 2597
7659 7836 2597
7659 7836 2597
7659 7836 2597
7659 7836 2597
7659 7836 2597
7659 7836 2597
7659 7836 2597
7659 7836 2597
7659 7836 2597
7659 7836 2597
7659 7836 2597
7829 7658 2597
7829 7658 2597
7829 7658 2597
7829 7658 2597
7829 7658 2597
7829 7658 2597
7829 7658 2597
7829 7658 2597
7829 7658 2597
7829 7658 2597
7829 7658 2597
7829 7658 2597
7829 7658 2597
7903 7837 2597
7903 7837 2597
7903 7837 2597
7903 7837 2597
7903 7837 2597
7903 7837 2597
7903 7837 2597
7903 7837 2597
7903 7837 2597
7903 7837 2597
7903 7837 2597
7903 7837 2597
7683 7672 2597
7683 7672 2597
7683 7672 2597
7683 7672 2597
7683 7672 2597
7683 7672 2597
7683 7672 2597
7683 7672 2597
7683 7672 2597
7683 7672 2597
7683 7672 2597
7683 7672 2597
7683 7672 2597
5277 5354 2598
5277 5354 2598
5277 5354 2598
5277 5354 2598
5277 5354 2598
5277 5354 2598
5277 5354 2598
5277 5354 2598
5277 5354 2598
5277 5354 2598
5277 5354 2598
5277 5354 2598
5277 5354 2598
5388 5445 2598
5388 5445 2598
5388 5445 2598
5388 5445 2598
5388 5445 2598
5388 5445 2598
5388 5445 2598
5388 5445 2598
5388 5445 2598
5388 5445 2598
5388 5445 2598
5388 5445 2598
7793 7842 2598
7793 7842 2598
7793 7842 2598
7793 7842 2598
7793 7842 2598
7793 7842 2598
7793 7842 2598
7793 7842 2598
7793 7842 2598
7793 7842 2598
7793 7842 2598
7793 7842 2598
7793 7842 2598
8437 9147 2598
8437 9147 2598
8437 9147 2598
8437 9147 2598
8437 9147 2598
8437 9147 2598
8437 9147 2598
8437 9147 2598
8437 9147 2598
8437 9147 2598
8437 9147 2598
8437 9147 2598
7799 7501 2599
7799 7501 2599
7799 7501 2599
7799 7501 2599
7799 7501 2599
7799 7501 2599
7799 7501 2599
7799 7501 2599
7799 7501 2599
7799 7501 2599
7799 7501 2599
7799 7501 2599
5261 8757 2599
5261 8757 2599
5261 8757 2599
5261 8757 2599
5261 8757 2599
5261 8757 2599
5261 8757 2599
5261 8757 2599
5261 8757 2599
5261 8757 2599
5261 8757 2599
5261 8757 2599
5261 8757 2599
5533 5281 2599
5533 5281 2599
5533 5281 2599
5533 5281 2599
5533 5281 2599
5533 5281 2599
5533 5281 2599
5533 5281 2599
5533 5281 2599
5533 5281 2599
5533 5281 2599
5533 5281 2599
5263 5444 2599
5263 5444 2599
5263 5444 2599
5263 5444 2599
5263 5444 2599
5263 5444 2599
5263 5444 2599
5263 5444 2599
5263 5444 2599
5263 5444 2599
5263 5444 2599
5263 5444 2599
8451 6602 2599
8451 6602 2599
8451 6602 2599
8451 6602 2599
8451 6602 2599
8451 6602 2599
8451 6602 2599
8451 6602 2599
8451 6602 2599
8451 6602 2599
8451 6602 2599
8451 6602 2599
6042 7756 2599
6042 7756 2599
6042 7756 2599
6042 7756 2599
6042 7756 2599
6042 7756 2599
6042 7756 2599
6042 7756 2599
6042 7756 2599
6042 7756 2599
6042 7756 2599
6042 7756 2599
6042 7756 2599
7868 7811 2599
7868 7811 2599
7868 7811 2599
7868 7811 2599
7868 7811 2599
7868 7811 2599
7868 7811 2599
7868 7811 2599
7868 7811 2599
7868 7811 2599
7868 7811 2599
7868 7811 2599
7868 7811 2599
6602 5418 2599
6602 5418 2599
6602 5418 2599
6602 5418 2599
6602 5418 2599
6602 5418 2599
6602 5418 2599
6602 5418 2599
6602 5418 2599
6602 5418 2599
6602 5418 2599
6602 5418 2599
6602 5418 2599
7706 7813 2600
7706 7813 2600
7706 7813 2600
7706 7813 2600
7706 7813 2600
7706 7813 2600
7706 7813 2600
7706 7813 2600
7706 7813 2600
7706 7813 2600
7706 7813 2600
7706 7813 2600
6352 6562 2600
6352 6562 2600
6352 6562 2600
6352 6562 2600
6352 6562 2600
6352 6562 2600
6352 6562 2600
6352 6562 2600
6352 6562 2600
6352 6562 2600
6352 6562 2600
6352 6562 2600
6352 6562 2600
5487 9199 2600
5487 9199 2600
5487 9199 2600
5487 9199 2600
5487 9199 2600
5487 9199 2600
5487 9199 2600
5487 9199 2600
5487 9199 2600
5487 9199 2600
5487 9199 2600
5487 9199 2600
6551 5433 2600
6551 5433 2600
6551 5433 2600
6551 5433 2600
6551 5433 2600
6551 5433 2600
6551 5433 2600
6551 5433 2600
6551 5433 2600
6551 5433 2600
6551 5433 2600
6551 5433 2600
6027 6052 2600
6027 6052 2600
6027 6052 2600
6027 6052 2600
6027 6052 2600
6027 6052 2600
6027 6052 2600
6027 6052 2600
6027 6052 2600
6027 6052 2600
6027 6052 2600
6027 6052 2600
5445 9159 2600
5445 9159 2600
5445 9159 2600
5445 9159 2600
5445 9159 2600
5445 9159 2600
5445 9159 2600
5445 9159 2600
5445 9159 2600
5445 9159 2600
5445 9159 2600
5445 9159 2600
7646 7831 2601
7646 7831 2601
7646 7831 2601
7646 7831 2601
7646 7831 2601
7646 7831 2601
7646 7831 2601
7646 7831 2601
7646 7831 2601
7646 7831 2601
7646 7831 2601
7646 7831 2601
7646 7831 2601
6538 9524 2601
6538 9524 2601
6538 9524 2601
6538 9524 2601
6538 9524 2601
6538 9524 2601
6538 9524 2601
6538 9524 2601
6538 9524 2601
6538 9524 2601
6538 9524 2601
6538 9524 2601
6538 9524 2601
9857 7889 2601
9857 7889 2601
9857 7889 2601
9857 7889 2601
9857 7889 2601
9857 7889 2601
9857 7889 2601
9857 7889 2601
9857 7889 2601
9857 7889 2601
9857 7889 2601
9857 7889 2601
9857 7889 2601
8370 6441 2602
8370 6441 2602
8370 6441 2602
8370 6441 2602
8370 6441 2602
8370 6441 2602
8370 6441 2602
8370 6441 2602
8370 6441 2602
8370 6441 2602
8370 6441 2602
8370 6441 2602
8370 6441 2602
6512 7729 2603
6512 7729 2603
6512 7729 2603
6512 7729 2603
6512 7729 2603
6512 7729 2603
6512 7729 2603
6512 7729 2603
6512 7729 2603
6512 7729 2603
6512 7729 2603
6512 7729 2603
6512 7729 2603
5388 5522 2603
5388 5522 2603
5388 5522 2603
5388 5522 2603
5388 5522 2603
5388 5522 2603
5388 5522 2603
5388 5522 2603
5388 5522 2603
5388 5522 2603
5388 5522 2603
5388 5522 2603
5388 5522 2603
6544 6306 2603
6544 6306 2603
6544 6306 2603
6544 6306 2603
6544 6306 2603
6544 6306 2603
6544 6306 2603
6544 6306 2603
6544 6306 2603
6544 6306 2603
6544 6306 2603
6544 6306 2603
6544 6306 2603
7676 7704 2603
7676 7704 2603
7676 7704 2603
7676 7704 2603
7676 7704 2603
7676 7704 2603
7676 7704 2603
7676 7704 2603
7676 7704 2603
7676 7704 2603
7676 7704 2603
7676 7704 2603
7676 7704 2603
7737 6582 2603
7737 6582 2603
7737 6582 2603
7737 6582 2603
7737 6582 2603
7737 6582 2603
7737 6582 2603
7737 6582 2603
7737 6582 2603
7737 6582 2603
7737 6582 2603
7737 6582 2603
7737 6582 2603
6010 8467 2603
6010 8467 2603
6010 8467 2603
6010 8467 2603
6010 8467 2603
6010 8467 2603
6010 8467 2603
6010 8467 2603
6010 8467 2603
6010 8467 2603
6010 8467 2603
6010 8467 2603
6010 8467 2603
8464 7942 2604
8464 7942 2604
8464 7942 2604
8464 7942 2604
8464 7942 2604
8464 7942 2604
8464 7942 2604
8464 7942 2604
8464 7942 2604
8464 7942 2604
8464 7942 2604
8464 7942 2604
8464 7942 2604
6534 6605 2604
6534 6605 2604
6534 6605 2604
6534 6605 2604
6534 6605 2604
6534 6605 2604
6534 6605 2604
6534 6605 2604
6534 6605 2604
6534 6605 2604
6534 6605 2604
6534 6605 2604
6534 6605 2604
6580 6359 2604
6580 6359 2604
6580 6359 2604
6580 6359 2604
6580 6359 2604
6580 6359 2604
6580 6359 2604
6580 6359 2604
6580 6359 2604
6580 6359 2604
6580 6359 2604
6580 6359 2604
8763 5381 2605
8763 5381 2605
8763 5381 2605
8763 5381 2605
8763 5381 2605
8763 5381 2605
8763 5381 2605
8763 5381 2605
8763 5381 2605
8763 5381 2605
8763 5381 2605
8763 5381 2605
8763 5381 2605
6324 7673 2605
6324 7673 2605
6324 7673 2605
6324 7673 2605
6324 7673 2605
6324 7673 2605
6324 7673 2605
6324 7673 2605
6324 7673 2605
6324 7673 2605
6324 7673 2605
6324 7673 2605
6324 7673 2605
7702 7883 2605
7702 7883 2605
7702 7883 2605
7702 7883 2605
7702 7883 2605
7702 7883 2605
7702 7883 2605
7702 7883 2605
7702 7883 2605
7702 7883 2605
7702 7883 2605
7702 7883 2605
7702 7883 2605
7845 7962 2605
7845 7962 2605
7845 7962 2605
7845 7962 2605
7845 7962 2605
7845 7962 2605
7845 7962 2605
7845 7962 2605
7845 7962 2605
7845 7962 2605
7845 7962 2605
7845 7962 2605
7906 7964 2605
7906 7964 2605
7906 7964 2605
7906 7964 2605
7906 7964 2605
7906 7964 2605
7906 7964 2605
7906 7964 2605
7906 7964 2605
7906 7964 2605
7906 7964 2605
7906 7964 2605
8760 5454 2606
8760 5454 2606
8760 5454 2606
8760 5454 2606
8760 5454 2606
8760 5454 2606
8760 5454 2606
8760 5454 2606
8760 5454 2606
8760 5454 2606
8760 5454 2606
8760 5454 2606
8760 5454 2606
5925 7807 2606
5925 7807 2606
5925 7807 2606
5925 7807 2606
5925 7807 2606
5925 7807 2606
5925 7807 2606
5925 7807 2606
5925 7807 2606
5925 7807 2606
5925 7807 2606
5925 7807 2606
5416 8457 2606
5416 8457 2606
5416 8457 2606
5416 8457 2606
5416 8457 2606
5416 8457 2606
5416 8457 2606
5416 8457 2606
5416 8457 2606
5416 8457 2606
5416 8457 2606
5416 8457 2606
5416 8457 2606
6597 6544 2606
6597 6544 2606
6597 6544 2606
6597 6544 2606
6597 6544 2606
6597 6544 2606
6597 6544 2606
6597 6544 2606
6597 6544 2606
6597 6544 2606
6597 6544 2606
6597 6544 2606
5310 9150 2606
5310 9150 2606
5310 9150 2606
5310 9150 2606
5310 9150 2606
5310 9150 2606
5310 9150 2606
5310 9150 2606
5310 9150 2606
5310 9150 2606
5310 9150 2606
5310 9150 2606
5414 8454 2607
5414 8454 2607
5414 8454 2607
5414 8454 2607
5414 8454 2607
5414 8454 2607
5414 8454 2607
5414 8454 2607
5414 8454 2607
5414 8454 2607
5414 8454 2607
5414 8454 2607
8680 6584 2607
8680 6584 2607
8680 6584 2607
8680 6584 2607
8680 6584 2607
8680 6584 2607
8680 6584 2607
8680 6584 2607
8680 6584 2607
8680 6584 2607
8680 6584 2607
8680 6584 2607
6589 7704 2607
6589 7704 2607
6589 7704 2607
6589 7704 2607
6589 7704 2607
6589 7704 2607
6589 7704 2607
6589 7704 2607
6589 7704 2607
6589 7704 2607
6589 7704 2607
6589 7704 2607
7880 7847 2607
7880 7847 2607
7880 7847 2607
7880 7847 2607
7880 7847 2607
7880 7847 2607
7880 7847 2607
7880 7847 2607
7880 7847 2607
7880 7847 2607
7880 7847 2607
7880 7847 2607
7880 7847 2607
5277 5260 2607
5277 5260 2607
5277 5260 2607
5277 5260 2607
5277 5260 2607
5277 5260 2607
5277 5260 2607
5277 5260 2607
5277 5260 2607
5277 5260 2607
5277 5260 2607
5277 5260 2607
7844 7868 2607
7844 7868 2607
7844 7868 2607
7844 7868 2607
7844 7868 2607
7844 7868 2607
7844 7868 2607
7844 7868 2607
7844 7868 2607
7844 7868 2607
7844 7868 2607
7844 7868 2607
7844 7868 2607
5386 5279 2608
5386 5279 2608
5386 5279 2608
5386 5279 2608
5386 5279 2608
5386 5279 2608
5386 5279 2608
5386 5279 2608
5386 5279 2608
5386 5279 2608
5386 5279 2608
5386 5279 2608
5412 5987 2608
5412 5987 2608
5412 5987 2608
5412 5987 2608
5412 5987 2608
5412 5987 2608
5412 5987 2608
5412 5987 2608
5412 5987 2608
5412 5987 2608
5412 5987 2608
5412 5987 2608
6320 9670 2608
6320 9670 2608
6320 9670 2608
6320 9670 2608
6320 9670 2608
6320 9670 2608
6320 9670 2608
6320 9670 2608
6320 9670 2608
6320 9670 2608
6320 9670 2608
6320 9670 2608
6320 9670 2608
6332 6493 2609
6332 6493 2609
6332 6493 2609
6332 6493 2609
6332 6493 2609
6332 6493 2609
6332 6493 2609
6332 6493 2609
6332 6493 2609
6332 6493 2609
6332 6493 2609
6332 6493 2609
7693 5988 2609
7693 5988 2609
7693 5988 2609
7693 5988 2609
7693 5988 2609
7693 5988 2609
7693 5988 2609
7693 5988 2609
7693 5988 2609
7693 5988 2609
7693 5988 2609
7693 5988 2609
5427 5537 2609
5427 5537 2609
5427 5537 2609
5427 5537 2609
5427 5537 2609
5427 5537 2609
5427 5537 2609
5427 5537 2609
5427 5537 2609
5427 5537 2609
5427 5537 2609
5427 5537 2609
7857 7923 2609
7857 7923 2609
7857 7923 2609
7857 7923 2609
7857 7923 2609
7857 7923 2609
7857 7923 2609
7857 7923 2609
7857 7923 2609
7857 7923 2609
7857 7923 2609
7857 7923 2609
7857 7923 2609
7690 7745 2609
7690 7745 2609
7690 7745 2609
7690 7745 2609
7690 7745 2609
7690 7745 2609
7690 7745 2609
7690 7745 2609
7690 7745 2609
7690 7745 2609
7690 7745 2609
7690 7745 2609
7690 7745 2609
7686 6460 2610
7686 6460 2610
7686 6460 2610
7686 6460 2610
7686 6460 2610
7686 6460 2610
7686 6460 2610
7686 6460 2610
7686 6460 2610
7686 6460 2610
7686 6460 2610
7686 6460 2610
6406 6573 2610
6406 6573 2610
6406 6573 2610
6406 6573 2610
6406 6573 2610
6406 6573 2610
6406 6573 2610
6406 6573 2610
6406 6573 2610
6406 6573 2610
6406 6573 2610
6406 6573 2610
6406 6573 2610
5547 5481 2610
5547 5481 2610
5547 5481 2610
5547 5481 2610
5547 5481 2610
5547 5481 2610
5547 5481 2610
5547 5481 2610
5547 5481 2610
5547 5481 2610
5547 5481 2610
5547 5481 2610
5252 8755 2610
5252 8755 2610
5252 8755 2610
5252 8755 2610
5252 8755 2610
5252 8755 2610
5252 8755 2610
5252 8755 2610
5252 8755 2610
5252 8755 2610
5252 8755 2610
5252 8755 2610
5252 8755 2610
7892 7938 2610
7892 7938 2610
7892 7938 2610
7892 7938 2610
7892 7938 2610
7892 7938 2610
7892 7938 2610
7892 7938 2610
7892 7938 2610
7892 7938 2610
7892 7938 2610
7892 7938 2610
6418 8767 2610
6418 8767 2610
6418 8767 2610
6418 8767 2610
6418 8767 2610
6418 8767 2610
6418 8767 2610
6418 8767 2610
6418 8767 2610
6418 8767 2610
6418 8767 2610
6418 8767 2610
6418 8767 2610
6542 6579 2611
6542 6579 2611
6542 6579 2611
6542 6579 2611
6542 6579 2611
6542 6579 2611
6542 6579 2611
6542 6579 2611
6542 6579 2611
6542 6579 2611
6542 6579 2611
6542 6579 2611
6548 6578 2611
6548 6578 2611
6548 6578 2611
6548 6578 2611
6548 6578 2611
6548 6578 2611
6548 6578 2611
6548 6578 2611
6548 6578 2611
6548 6578 2611
6548 6578 2611
6548 6578 2611
6548 6578 2611
7710 5364 2611
7710 5364 2611
7710 5364 2611
7710 5364 2611
7710 5364 2611
7710 5364 2611
7710 5364 2611
7710 5364 2611
7710 5364 2611
7710 5364 2611
7710 5364 2611
7710 5364 2611
7722 7744 2611
7722 7744 2611
7722 7744 2611
7722 7744 2611
7722 7744 2611
7722 7744 2611
7722 7744 2611
7722 7744 2611
7722 7744 2611
7722 7744 2611
7722 7744 2611
7722 7744 2611
7722 7744 2611
6390 5361 2612
6390 5361 2612
6390 5361 2612
6390 5361 2612
6390 5361 2612
6390 5361 2612
6390 5361 2612
6390 5361 2612
6390 5361 2612
6390 5361 2612
6390 5361 2612
6390 5361 2612
6390 5361 2612
7726 6059 2612
7726 6059 2612
7726 6059 2612
7726 6059 2612
7726 6059 2612
7726 6059 2612
7726 6059 2612
7726 6059 2612
7726 6059 2612
7726 6059 2612
7726 6059 2612
7726 6059 2612
7726 6059 2612
7740 6571 2612
7740 6571 2612
7740 6571 2612
7740 6571 2612
7740 6571 2612
7740 6571 2612
7740 6571 2612
7740 6571 2612
7740 6571 2612
7740 6571 2612
7740 6571 2612
7740 6571 2612
7740 6571 2612
6327 7504 2612
6327 7504 2612
6327 7504 2612
6327 7504 2612
6327 7504 2612
6327 7504 2612
6327 7504 2612
6327 7504 2612
6327 7504 2612
6327 7504 2612
6327 7504 2612
6327 7504 2612
6327 7504 2612
8464 5387 2612
8464 5387 2612
8464 5387 2612
8464 5387 2612
8464 5387 2612
8464 5387 2612
8464 5387 2612
8464 5387 2612
8464 5387 2612
8464 5387 2612
8464 5387 2612
8464 5387 2612
8464 5387 2612
8468 5387 2612
8468 5387 2612
8468 5387 2612
8468 5387 2612
8468 5387 2612
8468 5387 2612
8468 5387 2612
8468 5387 2612
8468 5387 2612
8468 5387 2612
8468 5387 2612
8468 5387 2612
8468 5387 2612
9613 7664 2613
9613 7664 2613
9613 7664 2613
9613 7664 2613
9613 7664 2613
9613 7664 2613
9613 7664 2613
9613 7664 2613
9613 7664 2613
9613 7664 2613
9613 7664 2613
9613 7664 2613
9613 7664 2613
6611 5392 2613
6611 5392 2613
6611 5392 2613
6611 5392 2613
6611 5392 2613
6611 5392 2613
6611 5392 2613
6611 5392 2613
6611 5392 2613
6611 5392 2613
6611 5392 2613
6611 5392 2613
6611 5392 2613
5277 9223 2613
5277 9223 2613
5277 9223 2613
5277 9223 2613
5277 9223 2613
5277 9223 2613
5277 9223 2613
5277 9223 2613
5277 9223 2613
5277 9223 2613
5277 9223 2613
5277 9223 2613
5277 9223 2613
5362 8453 2614
5362 8453 2614
5362 8453 2614
5362 8453 2614
5362 8453 2614
5362 8453 2614
5362 8453 2614
5362 8453 2614
5362 8453 2614
5362 8453 2614
5362 8453 2614
5362 8453 2614
7915 7702 2614
7915 7702 2614
7915 7702 2614
7915 7702 2614
7915 7702 2614
7915 7702 2614
7915 7702 2614
7915 7702 2614
7915 7702 2614
7915 7702 2614
7915 7702 2614
7915 7702 2614
5400 8453 2614
5400 8453 2614
5400 8453 2614
5400 8453 2614
5400 8453 2614
5400 8453 2614
5400 8453 2614
5400 8453 2614
5400 8453 2614
5400 8453 2614
5400 8453 2614
5400 8453 2614
8479 5410 2614
8479 5410 2614
8479 5410 2614
8479 5410 2614
8479 5410 2614
8479 5410 2614
8479 5410 2614
8479 5410 2614
8479 5410 2614
8479 5410 2614
8479 5410 2614
8479 5410 2614
8462 5386 2615
8462 5386 2615
8462 5386 2615
8462 5386 2615
8462 5386 2615
8462 5386 2615
8462 5386 2615
8462 5386 2615
8462 5386 2615
8462 5386 2615
8462 5386 2615
8462 5386 2615
8462 5386 2615
6440 7954 2615
6440 7954 2615
6440 7954 2615
6440 7954 2615
6440 7954 2615
6440 7954 2615
6440 7954 2615
6440 7954 2615
6440 7954 2615
6440 7954 2615
6440 7954 2615
6440 7954 2615
5309 5318 2615
5309 5318 2615
5309 5318 2615
5309 5318 2615
5309 5318 2615
5309 5318 2615
5309 5318 2615
5309 5318 2615
5309 5318 2615
5309 5318 2615
5309 5318 2615
5309 5318 2615
5309 5318 2615
9146 9182 2615
9146 9182 2615
9146 9182 2615
9146 9182 2615
9146 9182 2615
9146 9182 2615
9146 9182 2615
9146 9182 2615
9146 9182 2615
9146 9182 2615
9146 9182 2615
9146 9182 2615
7712 8447 2615
7712 8447 2615
7712 8447 2615
7712 8447 2615
7712 8447 2615
7712 8447 2615
7712 8447 2615
7712 8447 2615
7712 8447 2615
7712 8447 2615
7712 8447 2615
7712 8447 2615
7975 7786 2615
7975 7786 2615
7975 7786 2615
7975 7786 2615
7975 7786 2615
7975 7786 2615
7975 7786 2615
7975 7786 2615
7975 7786 2615
7975 7786 2615
7975 7786 2615
7975 7786 2615
7975 7786 2615
7709 8438 2616
7709 8438 2616
7709 8438 2616
7709 8438 2616
7709 8438 2616
7709 8438 2616
7709 8438 2616
7709 8438 2616
7709 8438 2616
7709 8438 2616
7709 8438 2616
7709 8438 2616
6608 8438 2616
6608 8438 2616
6608 8438 2616
6608 8438 2616
6608 8438 2616
6608 8438 2616
6608 8438 2616
6608 8438 2616
6608 8438 2616
6608 8438 2616
6608 8438 2616
6608 8438 2616
6608 8438 2616
8436 5441 2616
8436 5441 2616
8436 5441 2616
8436 5441 2616
8436 5441 2616
8436 5441 2616
8436 5441 2616
8436 5441 2616
8436 5441 2616
8436 5441 2616
8436 5441 2616
8436 5441 2616
8832 5321 2616
8832 5321 2616
8832 5321 2616
8832 5321 2616
8832 5321 2616
8832 5321 2616
8832 5321 2616
8832 5321 2616
8832 5321 2616
8832 5321 2616
8832 5321 2616
8832 5321 2616
7695 6581 2616
7695 6581 2616
7695 6581 2616
7695 6581 2616
7695 6581 2616
7695 6581 2616
7695 6581 2616
7695 6581 2616
7695 6581 2616
7695 6581 2616
7695 6581 2616
7695 6581 2616
7696 6556 2616
7696 6556 2616
7696 6556 2616
7696 6556 2616
7696 6556 2616
7696 6556 2616
7696 6556 2616
7696 6556 2616
7696 6556 2616
7696 6556 2616
7696 6556 2616
7696 6556 2616
7696 6556 2616
5444 5395 2617
5444 5395 2617
5444 5395 2617
5444 5395 2617
5444 5395 2617
5444 5395 2617
5444 5395 2617
5444 5395 2617
5444 5395 2617
5444 5395 2617
5444 5395 2617
5444 5395 2617
5444 5395 2617
8454 7940 2617
8454 7940 2617
8454 7940 2617
8454 7940 2617
8454 7940 2617
8454 7940 2617
8454 7940 2617
8454 7940 2617
8454 7940 2617
8454 7940 2617
8454 7940 2617
8454 7940 2617
7819 7790 2618
7819 7790 2618
7819 7790 2618
7819 7790 2618
7819 7790 2618
7819 7790 2618
7819 7790 2618
7819 7790 2618
7819 7790 2618
7819 7790 2618
7819 7790 2618
7819 7790 2618
7780 7934 2619
7780 7934 2619
7780 7934 2619
7780 7934 2619
7780 7934 2619
7780 7934 2619
7780 7934 2619
7780 7934 2619
7780 7934 2619
7780 7934 2619
7780 7934 2619
7780 7934 2619
5252 9261 2620
5252 9261 2620
5252 9261 2620
5252 9261 2620
5252 9261 2620
5252 9261 2620
5252 9261 2620
5252 9261 2620
5252 9261 2620
5252 9261 2620
5252 9261 2620
5252 9261 2620
5252 9261 2620
7757 7879 2620
7757 7879 2620
7757 7879 2620
7757 7879 2620
7757 7879 2620
7757 7879 2620
7757 7879 2620
7757 7879 2620
7757 7879 2620
7757 7879 2620
7757 7879 2620
7757 7879 2620
7757 7879 2620
7732 7723 2620
7732 7723 2620
7732 7723 2620
7732 7723 2620
7732 7723 2620
7732 7723 2620
7732 7723 2620
7732 7723 2620
7732 7723 2620
7732 7723 2620
7732 7723 2620
7732 7723 2620
7732 7723 2620
7705 6507 2620
7705 6507 2620
7705 6507 2620
7705 6507 2620
7705 6507 2620
7705 6507 2620
7705 6507 2620
7705 6507 2620
7705 6507 2620
7705 6507 2620
7705 6507 2620
7705 6507 2620
7718 7769 2620
7718 7769 2620
7718 7769 2620
7718 7769 2620
7718 7769 2620
7718 7769 2620
7718 7769 2620
7718 7769 2620
7718 7769 2620
7718 7769 2620
7718 7769 2620
7718 7769 2620
6598 6544 2621
6598 6544 2621
6598 6544 2621
6598 6544 2621
6598 6544 2621
6598 6544 2621
6598 6544 2621
6598 6544 2621
6598 6544 2621
6598 6544 2621
6598 6544 2621
6598 6544 2621
6598 6544 2621
6566 8437 2621
6566 8437 2621
6566 8437 2621
6566 8437 2621
6566 8437 2621
6566 8437 2621
6566 8437 2621
6566 8437 2621
6566 8437 2621
6566 8437 2621
6566 8437 2621
6566 8437 2621
8453 6577 2621
8453 6577 2621
8453 6577 2621
8453 6577 2621
8453 6577 2621
8453 6577 2621
8453 6577 2621
8453 6577 2621
8453 6577 2621
8453 6577 2621
8453 6577 2621
8453 6577 2621
8453 6577 2621
5444 6015 2622
5444 6015 2622
5444 6015 2622
5444 6015 2622
5444 6015 2622
5444 6015 2622
5444 6015 2622
5444 6015 2622
5444 6015 2622
5444 6015 2622
5444 6015 2622
5444 6015 2622
6444 7844 2622
6444 7844 2622
6444 7844 2622
6444 7844 2622
6444 7844 2622
6444 7844 2622
6444 7844 2622
6444 7844 2622
6444 7844 2622
6444 7844 2622
6444 7844 2622
6444 7844 2622
6444 7844 2622
5527 6009 2622
5527 6009 2622
5527 6009 2622
5527 6009 2622
5527 6009 2622
5527 6009 2622
5527 6009 2622
5527 6009 2622
5527 6009 2622
5527 6009 2622
5527 6009 2622
5527 6009 2622
7697 7910 2622
7697 7910 2622
7697 7910 2622
7697 7910 2622
7697 7910 2622
7697 7910 2622
7697 7910 2622
7697 7910 2622
7697 7910 2622
7697 7910 2622
7697 7910 2622
7697 7910 2622
7697 7910 2622
6582 5359 2622
6582 5359 2622
6582 5359 2622
6582 5359 2622
6582 5359 2622
6582 5359 2622
6582 5359 2622
6582 5359 2622
6582 5359 2622
6582 5359 2622
6582 5359 2622
6582 5359 2622
8461 6532 2622
8461 6532 2622
8461 6532 2622
8461 6532 2622
8461 6532 2622
8461 6532 2622
8461 6532 2622
8461 6532 2622
8461 6532 2622
8461 6532 2622
8461 6532 2622
8461 6532 2622
8461 6532 2622
7695 5997 2622
7695 5997 2622
7695 5997 2622
7695 5997 2622
7695 5997 2622
7695 5997 2622
7695 5997 2622
7695 5997 2622
7695 5997 2622
7695 5997 2622
7695 5997 2622
7695 5997 2622
6588 5354 2622
6588 5354 2622
6588 5354 2622
6588 5354 2622
6588 5354 2622
6588 5354 2622
6588 5354 2622
6588 5354 2622
6588 5354 2622
6588 5354 2622
6588 5354 2622
6588 5354 2622
5487 5578 2623
5487 5578 2623
5487 5578 2623
5487 5578 2623
5487 5578 2623
5487 5578 2623
5487 5578 2623
5487 5578 2623
5487 5578 2623
5487 5578 2623
5487 5578 2623
5487 5578 2623
8436 5424 2623
8436 5424 2623
8436 5424 2623
8436 5424 2623
8436 5424 2623
8436 5424 2623
8436 5424 2623
8436 5424 2623
8436 5424 2623
8436 5424 2623
8436 5424 2623
8436 5424 2623
8436 5424 2623
5272 8444 2623
5272 8444 2623
5272 8444 2623
5272 8444 2623
5272 8444 2623
5272 8444 2623
5272 8444 2623
5272 8444 2623
5272 8444 2623
5272 8444 2623
5272 8444 2623
5272 8444 2623
5272 8444 2623
7708 5392 2624
7708 5392 2624
7708 5392 2624
7708 5392 2624
7708 5392 2624
7708 5392 2624
7708 5392 2624
7708 5392 2624
7708 5392 2624
7708 5392 2624
7708 5392 2624
7708 5392 2624
6556 6607 2624
6556 6607 2624
6556 6607 2624
6556 6607 2624
6556 6607 2624
6556 6607 2624
6556 6607 2624
6556 6607 2624
6556 6607 2624
6556 6607 2624
6556 6607 2624
6556 6607 2624
8443 8475 2625
8443 8475 2625
8443 8475 2625
8443 8475 2625
8443 8475 2625
8443 8475 2625
8443 8475 2625
8443 8475 2625
8443 8475 2625
8443 8475 2625
8443 8475 2625
8443 8475 2625
7685 6512 2625
7685 6512 2625
7685 6512 2625
7685 6512 2625
7685 6512 2625
7685 6512 2625
7685 6512 2625
7685 6512 2625
7685 6512 2625
7685 6512 2625
7685 6512 2625
7685 6512 2625
6010 5442 2625
6010 5442 2625
6010 5442 2625
6010 5442 2625
6010 5442 2625
6010 5442 2625
6010 5442 2625
6010 5442 2625
6010 5442 2625
6010 5442 2625
6010 5442 2625
6010 5442 2625
6010 5442 2625
5924 7944 2626
5924 7944 2626
5924 7944 2626
5924 7944 2626
5924 7944 2626
5924 7944 2626
5924 7944 2626
5924 7944 2626
5924 7944 2626
5924 7944 2626
5924 7944 2626
5924 7944 2626
5924 7944 2626
5524 5410 2626
5524 5410 2626
5524 5410 2626
5524 5410 2626
5524 5410 2626
5524 5410 2626
5524 5410 2626
5524 5410 2626
5524 5410 2626
5524 5410 2626
5524 5410 2626
5524 5410 2626
5408 5254 2626
5408 5254 2626
5408 5254 2626
5408 5254 2626
5408 5254 2626
5408 5254 2626
5408 5254 2626
5408 5254 2626
5408 5254 2626
5408 5254 2626
5408 5254 2626
5408 5254 2626
5363 6057 2626
5363 6057 2626
5363 6057 2626
5363 6057 2626
5363 6057 2626
5363 6057 2626
5363 6057 2626
5363 6057 2626
5363 6057 2626
5363 6057 2626
5363 6057 2626
5363 6057 2626
7689 7682 2627
7689 7682 2627
7689 7682 2627
7689 7682 2627
7689 7682 2627
7689 7682 2627
7689 7682 2627
7689 7682 2627
7689 7682 2627
7689 7682 2627
7689 7682 2627
7689 7682 2627
7689 7682 2627
6502 6516 2627
6502 6516 2627
6502 6516 2627
6502 6516 2627
6502 6516 2627
6502 6516 2627
6502 6516 2627
6502 6516 2627
6502 6516 2627
6502 6516 2627
6502 6516 2627
6502 6516 2627
8445 5376 2627
8445 5376 2627
8445 5376 2627
8445 5376 2627
8445 5376 2627
8445 5376 2627
8445 5376 2627
8445 5376 2627
8445 5376 2627
8445 5376 2627
8445 5376 2627
8445 5376 2627
8445 5376 2627
8462 6052 2628
8462 6052 2628
8462 6052 2628
8462 6052 2628
8462 6052 2628
8462 6052 2628
8462 6052 2628
8462 6052 2628
8462 6052 2628
8462 6052 2628
8462 6052 2628
8462 6052 2628
7691 6449 2628
7691 6449 2628
7691 6449 2628
7691 6449 2628
7691 6449 2628
7691 6449 2628
7691 6449 2628
7691 6449 2628
7691 6449 2628
7691 6449 2628
7691 6449 2628
7691 6449 2628
7691 6449 2628
5507 5305 2628
5507 5305 2628
5507 5305 2628
5507 5305 2628
5507 5305 2628
5507 5305 2628
5507 5305 2628
5507 5305 2628
5507 5305 2628
5507 5305 2628
5507 5305 2628
5507 5305 2628
5507 5305 2628
5356 6017 2629
5356 6017 2629
5356 6017 2629
5356 6017 2629
5356 6017 2629
5356 6017 2629
5356 6017 2629
5356 6017 2629
5356 6017 2629
5356 6017 2629
5356 6017 2629
5356 6017 2629
5356 6017 2629
6088 5464 2629
6088 5464 2629
6088 5464 2629
6088 5464 2629
6088 5464 2629
6088 5464 2629
6088 5464 2629
6088 5464 2629
6088 5464 2629
6088 5464 2629
6088 5464 2629
6088 5464 2629
6088 5464 2629
6606 5416 2629
6606 5416 2629
6606 5416 2629
6606 5416 2629
6606 5416 2629
6606 5416 2629
6606 5416 2629
6606 5416 2629
6606 5416 2629
6606 5416 2629
6606 5416 2629
6606 5416 2629
5419 5437 2629
5419 5437 2629
5419 5437 2629
5419 5437 2629
5419 5437 2629
5419 5437 2629
5419 5437 2629
5419 5437 2629
5419 5437 2629
5419 5437 2629
5419 5437 2629
5419 5437 2629
7697 7960 2630
7697 7960 2630
7697 7960 2630
7697 7960 2630
7697 7960 2630
7697 7960 2630
7697 7960 2630
7697 7960 2630
7697 7960 2630
7697 7960 2630
7697 7960 2630
7697 7960 2630
6586 7687 2630
6586 7687 2630
6586 7687 2630
6586 7687 2630
6586 7687 2630
6586 7687 2630
6586 7687 2630
6586 7687 2630
6586 7687 2630
6586 7687 2630
6586 7687 2630
6586 7687 2630
5260 8453 2631
5260 8453 2631
5260 8453 2631
5260 8453 2631
5260 8453 2631
5260 8453 2631
5260 8453 2631
5260 8453 2631
5260 8453 2631
5260 8453 2631
5260 8453 2631
5260 8453 2631
5260 8453 2631
5355 6546 2632
5355 6546 2632
5355 6546 2632
5355 6546 2632
5355 6546 2632
5355 6546 2632
5355 6546 2632
5355 6546 2632
5355 6546 2632
5355 6546 2632
5355 6546 2632
5355 6546 2632
5355 6546 2632
9179 5263 2632
9179 5263 2632
9179 5263 2632
9179 5263 2632
9179 5263 2632
9179 5263 2632
9179 5263 2632
9179 5263 2632
9179 5263 2632
9179 5263 2632
9179 5263 2632
9179 5263 2632
9179 5263 2632
5421 7725 2632
5421 7725 2632
5421 7725 2632
5421 7725 2632
5421 7725 2632
5421 7725 2632
5421 7725 2632
5421 7725 2632
5421 7725 2632
5421 7725 2632
5421 7725 2632
5421 7725 2632
5421 7725 2632
8431 6524 2633
8431 6524 2633
8431 6524 2633
8431 6524 2633
8431 6524 2633
8431 6524 2633
8431 6524 2633
8431 6524 2633
8431 6524 2633
8431 6524 2633
8431 6524 2633
8431 6524 2633
8431 6524 2633
6487 7696 2633
6487 7696 2633
6487 7696 2633
6487 7696 2633
6487 7696 2633
6487 7696 2633
6487 7696 2633
6487 7696 2633
6487 7696 2633
6487 7696 2633
6487 7696 2633
6487 7696 2633
6487 7696 2633
5285 5348 2633
5285 5348 2633
5285 5348 2633
5285 5348 2633
5285 5348 2633
5285 5348 2633
5285 5348 2633
5285 5348 2633
5285 5348 2633
5285 5348 2633
5285 5348 2633
5285 5348 2633
6407 8456 2634
6407 8456 2634
6407 8456 2634
6407 8456 2634
6407 8456 2634
6407 8456 2634
6407 8456 2634
6407 8456 2634
6407 8456 2634
6407 8456 2634
6407 8456 2634
6407 8456 2634
6407 8456 2634
5305 9253 2634
5305 9253 2634
5305 9253 2634
5305 9253 2634
5305 9253 2634
5305 9253 2634
5305 9253 2634
5305 9253 2634
5305 9253 2634
5305 9253 2634
5305 9253 2634
5305 9253 2634
6562 6418 2635
6562 6418 2635
6562 6418 2635
6562 6418 2635
6562 6418 2635
6562 6418 2635
6562 6418 2635
6562 6418 2635
6562 6418 2635
6562 6418 2635
6562 6418 2635
6562 6418 2635
6562 6418 2635
8461 8438 2635
8461 8438 2635
8461 8438 2635
8461 8438 2635
8461 8438 2635
8461 8438 2635
8461 8438 2635
8461 8438 2635
8461 8438 2635
8461 8438 2635
8461 8438 2635
8461 8438 2635
8461 8438 2635
6583 6366 2635
6583 6366 2635
6583 6366 2635
6583 6366 2635
6583 6366 2635
6583 6366 2635
6583 6366 2635
6583 6366 2635
6583 6366 2635
6583 6366 2635
6583 6366 2635
6583 6366 2635
9157 5460 2635
9157 5460 2635
9157 5460 2635
9157 5460 2635
9157 5460 2635
9157 5460 2635
9157 5460 2635
9157 5460 2635
9157 5460 2635
9157 5460 2635
9157 5460 2635
9157 5460 2635
5366 6559 2636
5366 6559 2636
5366 6559 2636
5366 6559 2636
5366 6559 2636
5366 6559 2636
5366 6559 2636
5366 6559 2636
5366 6559 2636
5366 6559 2636
5366 6559 2636
5366 6559 2636
6501 6511 2637
6501 6511 2637
6501 6511 2637
6501 6511 2637
6501 6511 2637
6501 6511 2637
6501 6511 2637
6501 6511 2637
6501 6511 2637
6501 6511 2637
6501 6511 2637
6501 6511 2637
7971 7883 2637
7971 7883 2637
7971 7883 2637
7971 7883 2637
7971 7883 2637
7971 7883 2637
7971 7883 2637
7971 7883 2637
7971 7883 2637
7971 7883 2637
7971 7883 2637
7971 7883 2637
7971 7883 2637
7885 7742 2637
7885 7742 2637
7885 7742 2637
7885 7742 2637
7885 7742 2637
7885 7742 2637
7885 7742 2637
7885 7742 2637
7885 7742 2637
7885 7742 2637
7885 7742 2637
7885 7742 2637
7885 7742 2637
5377 6011 2637
5377 6011 2637
5377 6011 2637
5377 6011 2637
5377 6011 2637
5377 6011 2637
5377 6011 2637
5377 6011 2637
5377 6011 2637
5377 6011 2637
5377 6011 2637
5377 6011 2637
6591 6530 2639
6591 6530 2639
6591 6530 2639
6591 6530 2639
6591 6530 2639
6591 6530 2639
6591 6530 2639
6591 6530 2639
6591 6530 2639
6591 6530 2639
6591 6530 2639
6591 6530 2639
6591 6530 2639
6588 7700 2639
6588 7700 2639
6588 7700 2639
6588 7700 2639
6588 7700 2639
6588 7700 2639
6588 7700 2639
6588 7700 2639
6588 7700 2639
6588 7700 2639
6588 7700 2639
6588 7700 2639
6588 7700 2639
7501 7478 2639
7501 7478 2639
7501 7478 2639
7501 7478 2639
7501 7478 2639
7501 7478 2639
7501 7478 2639
7501 7478 2639
7501 7478 2639
7501 7478 2639
7501 7478 2639
7501 7478 2639
6431 6541 2639
6431 6541 2639
6431 6541 2639
6431 6541 2639
6431 6541 2639
6431 6541 2639
6431 6541 2639
6431 6541 2639
6431 6541 2639
6431 6541 2639
6431 6541 2639
6431 6541 2639
7759 7691 2640
7759 7691 2640
7759 7691 2640
7759 7691 2640
7759 7691 2640
7759 7691 2640
7759 7691 2640
7759 7691 2640
7759 7691 2640
7759 7691 2640
7759 7691 2640
7759 7691 2640
5265 5376 2640
5265 5376 2640
5265 5376 2640
5265 5376 2640
5265 5376 2640
5265 5376 2640
5265 5376 2640
5265 5376 2640
5265 5376 2640
5265 5376 2640
5265 5376 2640
5265 5376 2640
5265 5376 2640
8347 7884 2640
8347 7884 2640
8347 7884 2640
8347 7884 2640
8347 7884 2640
8347 7884 2640
8347 7884 2640
8347 7884 2640
8347 7884 2640
8347 7884 2640
8347 7884 2640
8347 7884 2640
7797 7811 2640
7797 7811 2640
7797 7811 2640
7797 7811 2640
7797 7811 2640
7797 7811 2640
7797 7811 2640
7797 7811 2640
7797 7811 2640
7797 7811 2640
7797 7811 2640
7797 7811 2640
7797 7811 2640
8814 9149 2641
8814 9149 2641
8814 9149 2641
8814 9149 2641
8814 9149 2641
8814 9149 2641
8814 9149 2641
8814 9149 2641
8814 9149 2641
8814 9149 2641
8814 9149 2641
8814 9149 2641
7690 6607 2642
7690 6607 2642
7690 6607 2642
7690 6607 2642
7690 6607 2642
7690 6607 2642
7690 6607 2642
7690 6607 2642
7690 6607 2642
7690 6607 2642
7690 6607 2642
7690 6607 2642
7690 6607 2642
6593 7635 2642
6593 7635 2642
6593 7635 2642
6593 7635 2642
6593 7635 2642
6593 7635 2642
6593 7635 2642
6593 7635 2642
6593 7635 2642
6593 7635 2642
6593 7635 2642
6593 7635 2642
6593 7635 2642
7936 7685 2643
7936 7685 2643
7936 7685 2643
7936 7685 2643
7936 7685 2643
7936 7685 2643
7936 7685 2643
7936 7685 2643
7936 7685 2643
7936 7685 2643
7936 7685 2643
7936 7685 2643
7811 7798 2644
7811 7798 2644
7811 7798 2644
7811 7798 2644
7811 7798 2644
7811 7798 2644
7811 7798 2644
7811 7798 2644
7811 7798 2644
7811 7798 2644
7811 7798 2644
7811 7798 2644
7811 7798 2644
9158 5283 2644
9158 5283 2644
9158 5283 2644
9158 5283 2644
9158 5283 2644
9158 5283 2644
9158 5283 2644
9158 5283 2644
9158 5283 2644
9158 5283 2644
9158 5283 2644
9158 5283 2644
6542 8449 2646
6542 8449 2646
6542 8449 2646
6542 8449 2646
6542 8449 2646
6542 8449 2646
6542 8449 2646
6542 8449 2646
6542 8449 2646
6542 8449 2646
6542 8449 2646
6542 8449 2646
5432 5280 2646
5432 5280 2646
5432 5280 2646
5432 5280 2646
5432 5280 2646
5432 5280 2646
5432 5280 2646
5432 5280 2646
5432 5280 2646
5432 5280 2646
5432 5280 2646
5432 5280 2646
5358 8452 2648
5358 8452 2648
5358 8452 2648
5358 8452 2648
5358 8452 2648
5358 8452 2648
5358 8452 2648
5358 8452 2648
5358 8452 2648
5358 8452 2648
5358 8452 2648
5358 8452 2648
5358 8452 2648
6583 6403 2648
6583 6403 2648
6583 6403 2648
6583 6403 2648
6583 6403 2648
6583 6403 2648
6583 6403 2648
6583 6403 2648
6583 6403 2648
6583 6403 2648
6583 6403 2648
6583 6403 2648
6418 6454 2648
6418 6454 2648
6418 6454 2648
6418 6454 2648
6418 6454 2648
6418 6454 2648
6418 6454 2648
6418 6454 2648
6418 6454 2648
6418 6454 2648
6418 6454 2648
6418 6454 2648
6418 6454 2648
6543 7713 2649
6543 7713 2649
6543 7713 2649
6543 7713 2649
6543 7713 2649
6543 7713 2649
6543 7713 2649
6543 7713 2649
6543 7713 2649
6543 7713 2649
6543 7713 2649
6543 7713 2649
7702 6581 2649
7702 6581 2649
7702 6581 2649
7702 6581 2649
7702 6581 2649
7702 6581 2649
7702 6581 2649
7702 6581 2649
7702 6581 2649
7702 6581 2649
7702 6581 2649
7702 6581 2649
7702 6581 2649
9181 8744 2650
9181 8744 2650
9181 8744 2650
9181 8744 2650
9181 8744 2650
9181 8744 2650
9181 8744 2650
9181 8744 2650
9181 8744 2650
9181 8744 2650
9181 8744 2650
9181 8744 2650
9181 8744 2650
5443 5361 2650
5443 5361 2650
5443 5361 2650
5443 5361 2650
5443 5361 2650
5443 5361 2650
5443 5361 2650
5443 5361 2650
5443 5361 2650
5443 5361 2650
5443 5361 2650
5443 5361 2650
5402 6566 2650
5402 6566 2650
5402 6566 2650
5402 6566 2650
5402 6566 2650
5402 6566 2650
5402 6566 2650
5402 6566 2650
5402 6566 2650
5402 6566 2650
5402 6566 2650
5402 6566 2650
5402 6566 2650
6585 8449 2651
6585 8449 2651
6585 8449 2651
6585 8449 2651
6585 8449 2651
6585 8449 2651
6585 8449 2651
6585 8449 2651
6585 8449 2651
6585 8449 2651
6585 8449 2651
6585 8449 2651
5319 5517 2651
5319 5517 2651
5319 5517 2651
5319 5517 2651
5319 5517 2651
5319 5517 2651
5319 5517 2651
5319 5517 2651
5319 5517 2651
5319 5517 2651
5319 5517 2651
5319 5517 2651
5276 9248 2653
5276 9248 2653
5276 9248 2653
5276 9248 2653
5276 9248 2653
5276 9248 2653
5276 9248 2653
5276 9248 2653
5276 9248 2653
5276 9248 2653
5276 9248 2653
5276 9248 2653
7938 7922 2655
7938 7922 2655
7938 7922 2655
7938 7922 2655
7938 7922 2655
7938 7922 2655
7938 7922 2655
7938 7922 2655
7938 7922 2655
7938 7922 2655
7938 7922 2655
7938 7922 2655
5411 5549 2657
5411 5549 2657
5411 5549 2657
5411 5549 2657
5411 5549 2657
5411 5549 2657
5411 5549 2657
5411 5549 2657
5411 5549 2657
5411 5549 2657
5411 5549 2657
5411 5549 2657
7498 6502 2658
7498 6502 2658
7498 6502 2658
7498 6502 2658
7498 6502 2658
7498 6502 2658
7498 6502 2658
7498 6502 2658
7498 6502 2658
7498 6502 2658
7498 6502 2658
7498 6502 2658
7498 6502 2658
6560 6576 2659
6560 6576 2659
6560 6576 2659
6560 6576 2659
6560 6576 2659
6560 6576 2659
6560 6576 2659
6560 6576 2659
6560 6576 2659
6560 6576 2659
6560 6576 2659
6560 6576 2659
6382 8436 2660
6382 8436 2660
6382 8436 2660
6382 8436 2660
6382 8436 2660
6382 8436 2660
6382 8436 2660
6382 8436 2660
6382 8436 2660
6382 8436 2660
6382 8436 2660
6382 8436 2660
6546 5267 2662
6546 5267 2662
6546 5267 2662
6546 5267 2662
6546 5267 2662
6546 5267 2662
6546 5267 2662
6546 5267 2662
6546 5267 2662
6546 5267 2662
6546 5267 2662
6546 5267 2662
7728 7880 2663
7728 7880 2663
7728 7880 2663
7728 7880 2663
7728 7880 2663
7728 7880 2663
7728 7880 2663
7728 7880 2663
7728 7880 2663
7728 7880 2663
7728 7880 2663
7728 7880 2663
6561 6361 2663
6561 6361 2663
6561 6361 2663
6561 6361 2663
6561 6361 2663
6561 6361 2663
6561 6361 2663
6561 6361 2663
6561 6361 2663
6561 6361 2663
6561 6361 2663
6561 6361 2663
9186 5283 2668
9186 5283 2668
9186 5283 2668
9186 5283 2668
9186 5283 2668
9186 5283 2668
9186 5283 2668
9186 5283 2668
9186 5283 2668
9186 5283 2668
9186 5283 2668
9186 5283 2668
7763 5419 2680
7763 5419 2680
7763 5419 2680
7763 5419 2680
7763 5419 2680
7763 5419 2680
7763 5419 2680
7763 5419 2680
7763 5419 2680
7763 5419 2680
7763 5419 2680
7763 5419 2680
7763 5419 2680
6543 6345 2683
6543 6345 2683
6543 6345 2683
6543 6345 2683
6543 6345 2683
6543 6345 2683
6543 6345 2683
6543 6345 2683
6543 6345 2683
6543 6345 2683
6543 6345 2683
6543 6345 2683
6543 6345 2683
7760 8443 2689
7760 8443 2689
7760 8443 2689
7760 8443 2689
7760 8443 2689
7760 8443 2689
7760 8443 2689
7760 8443 2689
7760 8443 2689
7760 8443 2689
7760 8443 2689
7760 8443 2689
5396 8467 2694
5396 8467 2694
5396 8467 2694
5396 8467 2694
5396 8467 2694
5396 8467 2694
5396 8467 2694
5396 8467 2694
5396 8467 2694
5396 8467 2694
5396 8467 2694
5396 8467 2694
5396 8467 2694
9286 5289 2695
9286 5289 2695
9286 5289 2695
9286 5289 2695
9286 5289 2695
9286 5289 2695
9286 5289 2695
9286 5289 2695
9286 5289 2695
9286 5289 2695
9286 5289 2695
9286 5289 2695
9286 5289 2695
6519 7752 2696
6519 7752 2696
6519 7752 2696
6519 7752 2696
6519 7752 2696
6519 7752 2696
6519 7752 2696
6519 7752 2696
6519 7752 2696
6519 7752 2696
6519 7752 2696
6519 7752 2696
6519 7752 2696
6563 5358 2697
6563 5358 2697
6563 5358 2697
6563 5358 2697
6563 5358 2697
6563 5358 2697
6563 5358 2697
6563 5358 2697
6563 5358 2697
6563 5358 2697
6563 5358 2697
6563 5358 2697
5397 8464 2698
5397 8464 2698
5397 8464 2698
5397 8464 2698
5397 8464 2698
5397 8464 2698
5397 8464 2698
5397 8464 2698
5397 8464 2698
5397 8464 2698
5397 8464 2698
5397 8464 2698
8467 5423 2698
8467 5423 2698
8467 5423 2698
8467 5423 2698
8467 5423 2698
8467 5423 2698
8467 5423 2698
8467 5423 2698
8467 5423 2698
8467 5423 2698
8467 5423 2698
8467 5423 2698
8467 5423 2698
7694 7772 2700
7694 7772 2700
7694 7772 2700
7694 7772 2700
7694 7772 2700
7694 7772 2700
7694 7772 2700
7694 7772 2700
7694 7772 2700
7694 7772 2700
7694 7772 2700
7694 7772 2700
7694 7772 2700
6544 7709 2701
6544 7709 2701
6544 7709 2701
6544 7709 2701
6544 7709 2701
6544 7709 2701
6544 7709 2701
6544 7709 2701
6544 7709 2701
6544 7709 2701
6544 7709 2701
6544 7709 2701
6499 6521 2702
6499 6521 2702
6499 6521 2702
6499 6521 2702
6499 6521 2702
6499 6521 2702
6499 6521 2702
6499 6521 2702
6499 6521 2702
6499 6521 2702
6499 6521 2702
6499 6521 2702
6547 5267 2702
6547 5267 2702
6547 5267 2702
6547 5267 2702
6547 5267 2702
6547 5267 2702
6547 5267 2702
6547 5267 2702
6547 5267 2702
6547 5267 2702
6547 5267 2702
6547 5267 2702
7934 7717 2704
7934 7717 2704
7934 7717 2704
7934 7717 2704
7934 7717 2704
7934 7717 2704
7934 7717 2704
7934 7717 2704
7934 7717 2704
7934 7717 2704
7934 7717 2704
7934 7717 2704
6598 7687 2704
6598 7687 2704
6598 7687 2704
6598 7687 2704
6598 7687 2704
6598 7687 2704
6598 7687 2704
6598 7687 2704
6598 7687 2704
6598 7687 2704
6598 7687 2704
6598 7687 2704
7863 7837 2704
7863 7837 2704
7863 7837 2704
7863 7837 2704
7863 7837 2704
7863 7837 2704
7863 7837 2704
7863 7837 2704
7863 7837 2704
7863 7837 2704
7863 7837 2704
7863 7837 2704
6480 6520 2704
6480 6520 2704
6480 6520 2704
6480 6520 2704
6480 6520 2704
6480 6520 2704
6480 6520 2704
6480 6520 2704
6480 6520 2704
6480 6520 2704
6480 6520 2704
6480 6520 2704
6480 6520 2704
6448 7676 2706
6448 7676 2706
6448 7676 2706
6448 7676 2706
6448 7676 2706
6448 7676 2706
6448 7676 2706
6448 7676 2706
6448 7676 2706
6448 7676 2706
6448 7676 2706
6448 7676 2706
6448 7676 2706
6543 6580 2707
6543 6580 2707
6543 6580 2707
6543 6580 2707
6543 6580 2707
6543 6580 2707
6543 6580 2707
6543 6580 2707
6543 6580 2707
6543 6580 2707
6543 6580 2707
6543 6580 2707
6543 6580 2707
5491 5442 2707
5491 5442 2707
5491 5442 2707
5491 5442 2707
5491 5442 2707
5491 5442 2707
5491 5442 2707
5491 5442 2707
5491 5442 2707
5491 5442 2707
5491 5442 2707
5491 5442 2707
7939 8470 2708
7939 8470 2708
7939 8470 2708
7939 8470 2708
7939 8470 2708
7939 8470 2708
7939 8470 2708
7939 8470 2708
7939 8470 2708
7939 8470 2708
7939 8470 2708
7939 8470 2708
6500 7498 2708
6500 7498 2708
6500 7498 2708
6500 7498 2708
6500 7498 2708
6500 7498 2708
6500 7498 2708
6500 7498 2708
6500 7498 2708
6500 7498 2708
6500 7498 2708
6500 7498 2708
6500 7498 2708
7688 6608 2708
7688 6608 2708
7688 6608 2708
7688 6608 2708
7688 6608 2708
7688 6608 2708
7688 6608 2708
7688 6608 2708
7688 6608 2708
7688 6608 2708
7688 6608 2708
7688 6608 2708
6541 6570 2709
6541 6570 2709
6541 6570 2709
6541 6570 2709
6541 6570 2709
6541 6570 2709
6541 6570 2709
6541 6570 2709
6541 6570 2709
6541 6570 2709
6541 6570 2709
6541 6570 2709
7772 8467 2709
7772 8467 2709
7772 8467 2709
7772 8467 2709
7772 8467 2709
7772 8467 2709
7772 8467 2709
7772 8467 2709
7772 8467 2709
7772 8467 2709
7772 8467 2709
7772 8467 2709
7772 8467 2709
5991 6601 2709
5991 6601 2709
5991 6601 2709
5991 6601 2709
5991 6601 2709
5991 6601 2709
5991 6601 2709
5991 6601 2709
5991 6601 2709
5991 6601 2709
5991 6601 2709
5991 6601 2709
5991 6601 2709
7881 7730 2709
7881 7730 2709
7881 7730 2709
7881 7730 2709
7881 7730 2709
7881 7730 2709
7881 7730 2709
7881 7730 2709
7881 7730 2709
7881 7730 2709
7881 7730 2709
7881 7730 2709
7881 7730 2709
6544 6593 2709
6544 6593 2709
6544 6593 2709
6544 6593 2709
6544 6593 2709
6544 6593 2709
6544 6593 2709
6544 6593 2709
6544 6593 2709
6544 6593 2709
6544 6593 2709
6544 6593 2709
7814 7738 2709
7814 7738 2709
7814 7738 2709
7814 7738 2709
7814 7738 2709
7814 7738 2709
7814 7738 2709
7814 7738 2709
7814 7738 2709
7814 7738 2709
7814 7738 2709
7814 7738 2709
7689 6586 2709
7689 6586 2709
7689 6586 2709
7689 6586 2709
7689 6586 2709
7689 6586 2709
7689 6586 2709
7689 6586 2709
7689 6586 2709
7689 6586 2709
7689 6586 2709
7689 6586 2709
7689 6586 2709
7726 6591 2710
7726 6591 2710
7726 6591 2710
7726 6591 2710
7726 6591 2710
7726 6591 2710
7726 6591 2710
7726 6591 2710
7726 6591 2710
7726 6591 2710
7726 6591 2710
7726 6591 2710
7726 6591 2710
6578 6453 2710
6578 6453 2710
6578 6453 2710
6578 6453 2710
6578 6453 2710
6578 6453 2710
6578 6453 2710
6578 6453 2710
6578 6453 2710
6578 6453 2710
6578 6453 2710
6578 6453 2710
7973 7820 2710
7973 7820 2710
7973 7820 2710
7973 7820 2710
7973 7820 2710
7973 7820 2710
7973 7820 2710
7973 7820 2710
7973 7820 2710
7973 7820 2710
7973 7820 2710
7973 7820 2710
7823 7732 2710
7823 7732 2710
7823 7732 2710
7823 7732 2710
7823 7732 2710
7823 7732 2710
7823 7732 2710
7823 7732 2710
7823 7732 2710
7823 7732 2710
7823 7732 2710
7823 7732 2710
7823 7732 2710
6491 7687 2711
6491 7687 2711
6491 7687 2711
6491 7687 2711
6491 7687 2711
6491 7687 2711
6491 7687 2711
6491 7687 2711
6491 7687 2711
6491 7687 2711
6491 7687 2711
6491 7687 2711
6544 5282 2711
6544 5282 2711
6544 5282 2711
6544 5282 2711
6544 5282 2711
6544 5282 2711
6544 5282 2711
6544 5282 2711
6544 5282 2711
6544 5282 2711
6544 5282 2711
6544 5282 2711
6582 8438 2711
6582 8438 2711
6582 8438 2711
6582 8438 2711
6582 8438 2711
6582 8438 2711
6582 8438 2711
6582 8438 2711
6582 8438 2711
6582 8438 2711
6582 8438 2711
6582 8438 2711
6552 8679 2712
6552 8679 2712
6552 8679 2712
6552 8679 2712
6552 8679 2712
6552 8679 2712
6552 8679 2712
6552 8679 2712
6552 8679 2712
6552 8679 2712
6552 8679 2712
6552 8679 2712
6552 8679 2712
7814 7847 2713
7814 7847 2713
7814 7847 2713
7814 7847 2713
7814 7847 2713
7814 7847 2713
7814 7847 2713
7814 7847 2713
7814 7847 2713
7814 7847 2713
7814 7847 2713
7814 7847 2713
5492 5308 2713
5492 5308 2713
5492 5308 2713
5492 5308 2713
5492 5308 2713
5492 5308 2713
5492 5308 2713
5492 5308 2713
5492 5308 2713
5492 5308 2713
5492 5308 2713
5492 5308 2713
5492 5308 2713
7760 6565 2713
7760 6565 2713
7760 6565 2713
7760 6565 2713
7760 6565 2713
7760 6565 2713
7760 6565 2713
7760 6565 2713
7760 6565 2713
7760 6565 2713
7760 6565 2713
7760 6565 2713
7760 6565 2713
7718 7807 2713
7718 7807 2713
7718 7807 2713
7718 7807 2713
7718 7807 2713
7718 7807 2713
7718 7807 2713
7718 7807 2713
7718 7807 2713
7718 7807 2713
7718 7807 2713
7718 7807 2713
7686 7680 2713
7686 7680 2713
7686 7680 2713
7686 7680 2713
7686 7680 2713
7686 7680 2713
7686 7680 2713
7686 7680 2713
7686 7680 2713
7686 7680 2713
7686 7680 2713
7686 7680 2713
7686 7680 2713
7740 7812 2713
7740 7812 2713
7740 7812 2713
7740 7812 2713
7740 7812 2713
7740 7812 2713
7740 7812 2713
7740 7812 2713
7740 7812 2713
7740 7812 2713
7740 7812 2713
7740 7812 2713
8463 5356 2713
8463 5356 2713
8463 5356 2713
8463 5356 2713
8463 5356 2713
8463 5356 2713
8463 5356 2713
8463 5356 2713
8463 5356 2713
8463 5356 2713
8463 5356 2713
8463 5356 2713
8463 5356 2713
5390 5379 2714
5390 5379 2714
5390 5379 2714
5390 5379 2714
5390 5379 2714
5390 5379 2714
5390 5379 2714
5390 5379 2714
5390 5379 2714
5390 5379 2714
5390 5379 2714
5390 5379 2714
5390 5379 2714
5544 5397 2714
5544 5397 2714
5544 5397 2714
5544 5397 2714
5544 5397 2714
5544 5397 2714
5544 5397 2714
5544 5397 2714
5544 5397 2714
5544 5397 2714
5544 5397 2714
5544 5397 2714
7938 8461 2714
7938 8461 2714
7938 8461 2714
7938 8461 2714
7938 8461 2714
7938 8461 2714
7938 8461 2714
7938 8461 2714
7938 8461 2714
7938 8461 2714
7938 8461 2714
7938 8461 2714
7938 8461 2714
5358 5411 2714
5358 5411 2714
5358 5411 2714
5358 5411 2714
5358 5411 2714
5358 5411 2714
5358 5411 2714
5358 5411 2714
5358 5411 2714
5358 5411 2714
5358 5411 2714
5358 5411 2714
5298 5266 2714
5298 5266 2714
5298 5266 2714
5298 5266 2714
5298 5266 2714
5298 5266 2714
5298 5266 2714
5298 5266 2714
5298 5266 2714
5298 5266 2714
5298 5266 2714
5298 5266 2714
7770 7728 2715
7770 7728 2715
7770 7728 2715
7770 7728 2715
7770 7728 2715
7770 7728 2715
7770 7728 2715
7770 7728 2715
7770 7728 2715
7770 7728 2715
7770 7728 2715
7770 7728 2715
7770 7728 2715
6542 8677 2715
6542 8677 2715
6542 8677 2715
6542 8677 2715
6542 8677 2715
6542 8677 2715
6542 8677 2715
6542 8677 2715
6542 8677 2715
6542 8677 2715
6542 8677 2715
6542 8677 2715
6542 8677 2715
7987 7705 2715
7987 7705 2715
7987 7705 2715
7987 7705 2715
7987 7705 2715
7987 7705 2715
7987 7705 2715
7987 7705 2715
7987 7705 2715
7987 7705 2715
7987 7705 2715
7987 7705 2715
7987 7705 2715
6544 9518 2716
6544 9518 2716
6544 9518 2716
6544 9518 2716
6544 9518 2716
6544 9518 2716
6544 9518 2716
6544 9518 2716
6544 9518 2716
6544 9518 2716
6544 9518 2716
6544 9518 2716
6544 9518 2716
7776 6444 2716
7776 6444 2716
7776 6444 2716
7776 6444 2716
7776 6444 2716
7776 6444 2716
7776 6444 2716
7776 6444 2716
7776 6444 2716
7776 6444 2716
7776 6444 2716
7776 6444 2716
7776 6444 2716
6576 6363 2716
6576 6363 2716
6576 6363 2716
6576 6363 2716
6576 6363 2716
6576 6363 2716
6576 6363 2716
6576 6363 2716
6576 6363 2716
6576 6363 2716
6576 6363 2716
6576 6363 2716
6576 6363 2716
7722 5391 2716
7722 5391 2716
7722 5391 2716
7722 5391 2716
7722 5391 2716
7722 5391 2716
7722 5391 2716
7722 5391 2716
7722 5391 2716
7722 5391 2716
7722 5391 2716
7722 5391 2716
7722 5391 2716
5386 6390 2716
5386 6390 2716
5386 6390 2716
5386 6390 2716
5386 6390 2716
5386 6390 2716
5386 6390 2716
5386 6390 2716
5386 6390 2716
5386 6390 2716
5386 6390 2716
5386 6390 2716
7937 7774 2716
7937 7774 2716
7937 7774 2716
7937 7774 2716
7937 7774 2716
7937 7774 2716
7937 7774 2716
7937 7774 2716
7937 7774 2716
7937 7774 2716
7937 7774 2716
7937 7774 2716
7726 6561 2716
7726 6561 2716
7726 6561 2716
7726 6561 2716
7726 6561 2716
7726 6561 2716
7726 6561 2716
7726 6561 2716
7726 6561 2716
7726 6561 2716
7726 6561 2716
7726 6561 2716
7726 6561 2716
5358 6601 2716
5358 6601 2716
5358 6601 2716
5358 6601 2716
5358 6601 2716
5358 6601 2716
5358 6601 2716
5358 6601 2716
5358 6601 2716
5358 6601 2716
5358 6601 2716
5358 6601 2716
5358 6601 2716
5358 6590 2716
5358 6590 2716
5358 6590 2716
5358 6590 2716
5358 6590 2716
5358 6590 2716
5358 6590 2716
5358 6590 2716
5358 6590 2716
5358 6590 2716
5358 6590 2716
5358 6590 2716
5358 6590 2716
6549 6570 2717
6549 6570 2717
6549 6570 2717
6549 6570 2717
6549 6570 2717
6549 6570 2717
6549 6570 2717
6549 6570 2717
6549 6570 2717
6549 6570 2717
6549 6570 2717
6549 6570 2717
6549 6570 2717
7879 7732 2717
7879 7732 2717
7879 7732 2717
7879 7732 2717
7879 7732 2717
7879 7732 2717
7879 7732 2717
7879 7732 2717
7879 7732 2717
7879 7732 2717
7879 7732 2717
7879 7732 2717
8668 9158 2718
8668 9158 2718
8668 9158 2718
8668 9158 2718
8668 9158 2718
8668 9158 2718
8668 9158 2718
8668 9158 2718
8668 9158 2718
8668 9158 2718
8668 9158 2718
8668 9158 2718
5282 9523 2718
5282 9523 2718
5282 9523 2718
5282 9523 2718
5282 9523 2718
5282 9523 2718
5282 9523 2718
5282 9523 2718
5282 9523 2718
5282 9523 2718
5282 9523 2718
5282 9523 2718
5282 9523 2718
7716 7737 2718
7716 7737 2718
7716 7737 2718
7716 7737 2718
7716 7737 2718
7716 7737 2718
7716 7737 2718
7716 7737 2718
7716 7737 2718
7716 7737 2718
7716 7737 2718
7716 7737 2718
7716 7737 2718
5402 8444 2718
5402 8444 2718
5402 8444 2718
5402 8444 2718
5402 8444 2718
5402 8444 2718
5402 8444 2718
5402 8444 2718
5402 8444 2718
5402 8444 2718
5402 8444 2718
5402 8444 2718
5402 8444 2718
7897 7928 2718
7897 7928 2718
7897 7928 2718
7897 7928 2718
7897 7928 2718
7897 7928 2718
7897 7928 2718
7897 7928 2718
7897 7928 2718
7897 7928 2718
7897 7928 2718
7897 7928 2718
7897 7928 2718
5267 8675 2718
5267 8675 2718
5267 8675 2718
5267 8675 2718
5267 8675 2718
5267 8675 2718
5267 8675 2718
5267 8675 2718
5267 8675 2718
5267 8675 2718
5267 8675 2718
5267 8675 2718
5383 6020 2718
5383 6020 2718
5383 6020 2718
5383 6020 2718
5383 6020 2718
5383 6020 2718
5383 6020 2718
5383 6020 2718
5383 6020 2718
5383 6020 2718
5383 6020 2718
5383 6020 2718
5383 6020 2718
5361 5985 2718
5361 5985 2718
5361 5985 2718
5361 5985 2718
5361 5985 2718
5361 5985 2718
5361 5985 2718
5361 5985 2718
5361 5985 2718
5361 5985 2718
5361 5985 2718
5361 5985 2718
5361 5985 2718
5989 6568 2718
5989 6568 2718
5989 6568 2718
5989 6568 2718
5989 6568 2718
5989 6568 2718
5989 6568 2718
5989 6568 2718
5989 6568 2718
5989 6568 2718
5989 6568 2718
5989 6568 2718
5989 6568 2718
6577 6530 2718
6577 6530 2718
6577 6530 2718
6577 6530 2718
6577 6530 2718
6577 6530 2718
6577 6530 2718
6577 6530 2718
6577 6530 2718
6577 6530 2718
6577 6530 2718
6577 6530 2718
6577 6530 2718
7725 7738 2719
7725 7738 2719
7725 7738 2719
7725 7738 2719
7725 7738 2719
7725 7738 2719
7725 7738 2719
7725 7738 2719
7725 7738 2719
7725 7738 2719
7725 7738 2719
7725 7738 2719
9184 5286 2719
9184 5286 2719
9184 5286 2719
9184 5286 2719
9184 5286 2719
9184 5286 2719
9184 5286 2719
9184 5286 2719
9184 5286 2719
9184 5286 2719
9184 5286 2719
9184 5286 2719
9184 5286 2719
7784 8468 2719
7784 8468 2719
7784 8468 2719
7784 8468 2719
7784 8468 2719
7784 8468 2719
7784 8468 2719
7784 8468 2719
7784 8468 2719
7784 8468 2719
7784 8468 2719
7784 8468 2719
8431 7720 2719
8431 7720 2719
8431 7720 2719
8431 7720 2719
8431 7720 2719
8431 7720 2719
8431 7720 2719
8431 7720 2719
8431 7720 2719
8431 7720 2719
8431 7720 2719
8431 7720 2719
8431 7720 2719
7973 7719 2719
7973 7719 2719
7973 7719 2719
7973 7719 2719
7973 7719 2719
7973 7719 2719
7973 7719 2719
7973 7719 2719
7973 7719 2719
7973 7719 2719
7973 7719 2719
7973 7719 2719
7973 7719 2719
5397 5440 2719
5397 5440 2719
5397 5440 2719
5397 5440 2719
5397 5440 2719
5397 5440 2719
5397 5440 2719
5397 5440 2719
5397 5440 2719
5397 5440 2719
5397 5440 2719
5397 5440 2719
5397 5440 2719
5252 9154 2719
5252 9154 2719
5252 9154 2719
5252 9154 2719
5252 9154 2719
5252 9154 2719
5252 9154 2719
5252 9154 2719
5252 9154 2719
5252 9154 2719
5252 9154 2719
5252 9154 2719
5252 9154 2719
6579 7777 2719
6579 7777 2719
6579 7777 2719
6579 7777 2719
6579 7777 2719
6579 7777 2719
6579 7777 2719
6579 7777 2719
6579 7777 2719
6579 7777 2719
6579 7777 2719
6579 7777 2719
6584 6589 2720
6584 6589 2720
6584 6589 2720
6584 6589 2720
6584 6589 2720
6584 6589 2720
6584 6589 2720
6584 6589 2720
6584 6589 2720
6584 6589 2720
6584 6589 2720
6584 6589 2720
6544 7710 2720
6544 7710 2720
6544 7710 2720
6544 7710 2720
6544 7710 2720
6544 7710 2720
6544 7710 2720
6544 7710 2720
6544 7710 2720
6544 7710 2720
6544 7710 2720
6544 7710 2720
5268 8711 2720
5268 8711 2720
5268 8711 2720
5268 8711 2720
5268 8711 2720
5268 8711 2720
5268 8711 2720
5268 8711 2720
5268 8711 2720
5268 8711 2720
5268 8711 2720
5268 8711 2720
5358 6601 2720
5358 6601 2720
5358 6601 2720
5358 6601 2720
5358 6601 2720
5358 6601 2720
5358 6601 2720
5358 6601 2720
5358 6601 2720
5358 6601 2720
5358 6601 2720
5358 6601 2720
5358 6601 2720
8456 6603 2720
8456 6603 2720
8456 6603 2720
8456 6603 2720
8456 6603 2720
8456 6603 2720
8456 6603 2720
8456 6603 2720
8456 6603 2720
8456 6603 2720
8456 6603 2720
8456 6603 2720
8456 6603 2720
8438 6037 2721
8438 6037 2721
8438 6037 2721
8438 6037 2721
8438 6037 2721
8438 6037 2721
8438 6037 2721
8438 6037 2721
8438 6037 2721
8438 6037 2721
8438 6037 2721
8438 6037 2721
6557 8677 2721
6557 8677 2721
6557 8677 2721
6557 8677 2721
6557 8677 2721
6557 8677 2721
6557 8677 2721
6557 8677 2721
6557 8677 2721
6557 8677 2721
6557 8677 2721
6557 8677 2721
6557 8677 2721
5419 5271 2721
5419 5271 2721
5419 5271 2721
5419 5271 2721
5419 5271 2721
5419 5271 2721
5419 5271 2721
5419 5271 2721
5419 5271 2721
5419 5271 2721
5419 5271 2721
5419 5271 2721
7723 6580 2721
7723 6580 2721
7723 6580 2721
7723 6580 2721
7723 6580 2721
7723 6580 2721
7723 6580 2721
7723 6580 2721
7723 6580 2721
7723 6580 2721
7723 6580 2721
7723 6580 2721
7723 6580 2721
8458 5414 2721
8458 5414 2721
8458 5414 2721
8458 5414 2721
8458 5414 2721
8458 5414 2721
8458 5414 2721
8458 5414 2721
8458 5414 2721
8458 5414 2721
8458 5414 2721
8458 5414 2721
8458 5414 2721
5261 5385 2722
5261 5385 2722
5261 5385 2722
5261 5385 2722
5261 5385 2722
5261 5385 2722
5261 5385 2722
5261 5385 2722
5261 5385 2722
5261 5385 2722
5261 5385 2722
5261 5385 2722
5533 5401 2723
5533 5401 2723
5533 5401 2723
5533 5401 2723
5533 5401 2723
5533 5401 2723
5533 5401 2723
5533 5401 2723
5533 5401 2723
5533 5401 2723
5533 5401 2723
5533 5401 2723
7711 7728 2723
7711 7728 2723
7711 7728 2723
7711 7728 2723
7711 7728 2723
7711 7728 2723
7711 7728 2723
7711 7728 2723
7711 7728 2723
7711 7728 2723
7711 7728 2723
7711 7728 2723
7711 7728 2723
8477 7696 2723
8477 7696 2723
8477 7696 2723
8477 7696 2723
8477 7696 2723
8477 7696 2723
8477 7696 2723
8477 7696 2723
8477 7696 2723
8477 7696 2723
8477 7696 2723
8477 7696 2723
5263 9145 2723
5263 9145 2723
5263 9145 2723
5263 9145 2723
5263 9145 2723
5263 9145 2723
5263 9145 2723
5263 9145 2723
5263 9145 2723
5263 9145 2723
5263 9145 2723
5263 9145 2723
7717 6586 2723
7717 6586 2723
7717 6586 2723
7717 6586 2723
7717 6586 2723
7717 6586 2723
7717 6586 2723
7717 6586 2723
7717 6586 2723
7717 6586 2723
7717 6586 2723
7717 6586 2723
7717 6586 2723
7688 7826 2723
7688 7826 2723
7688 7826 2723
7688 7826 2723
7688 7826 2723
7688 7826 2723
7688 7826 2723
7688 7826 2723
7688 7826 2723
7688 7826 2723
7688 7826 2723
7688 7826 2723
5300 8759 2724
5300 8759 2724
5300 8759 2724
5300 8759 2724
5300 8759 2724
5300 8759 2724
5300 8759 2724
5300 8759 2724
5300 8759 2724
5300 8759 2724
5300 8759 2724
5300 8759 2724
5300 8759 2724
7487 9653 2724
7487 9653 2724
7487 9653 2724
7487 9653 2724
7487 9653 2724
7487 9653 2724
7487 9653 2724
7487 9653 2724
7487 9653 2724
7487 9653 2724
7487 9653 2724
7487 9653 2724
7487 9653 2724
8446 8677 2724
8446 8677 2724
8446 8677 2724
8446 8677 2724
8446 8677 2724
8446 8677 2724
8446 8677 2724
8446 8677 2724
8446 8677 2724
8446 8677 2724
8446 8677 2724
8446 8677 2724
8446 8677 2724
6418 9527 2724
6418 9527 2724
6418 9527 2724
6418 9527 2724
6418 9527 2724
6418 9527 2724
6418 9527 2724
6418 9527 2724
6418 9527 2724
6418 9527 2724
6418 9527 2724
6418 9527 2724
6418 9527 2724
5284 5547 2724
5284 5547 2724
5284 5547 2724
5284 5547 2724
5284 5547 2724
5284 5547 2724
5284 5547 2724
5284 5547 2724
5284 5547 2724
5284 5547 2724
5284 5547 2724
5284 5547 2724
5284 5547 2724
7690 8437 2725
7690 8437 2725
7690 8437 2725
7690 8437 2725
7690 8437 2725
7690 8437 2725
7690 8437 2725
7690 8437 2725
7690 8437 2725
7690 8437 2725
7690 8437 2725
7690 8437 2725
7690 8437 2725
6587 8448 2725
6587 8448 2725
6587 8448 2725
6587 8448 2725
6587 8448 2725
6587 8448 2725
6587 8448 2725
6587 8448 2725
6587 8448 2725
6587 8448 2725
6587 8448 2725
6587 8448 2725
5296 5564 2725
5296 5564 2725
5296 5564 2725
5296 5564 2725
5296 5564 2725
5296 5564 2725
5296 5564 2725
5296 5564 2725
5296 5564 2725
5296 5564 2725
5296 5564 2725
5296 5564 2725
5296 5564 2725
7740 8463 2726
7740 8463 2726
7740 8463 2726
7740 8463 2726
7740 8463 2726
7740 8463 2726
7740 8463 2726
7740 8463 2726
7740 8463 2726
7740 8463 2726
7740 8463 2726
7740 8463 2726
7740 8463 2726
8464 6007 2726
8464 6007 2726
8464 6007 2726
8464 6007 2726
8464 6007 2726
8464 6007 2726
8464 6007 2726
8464 6007 2726
8464 6007 2726
8464 6007 2726
8464 6007 2726
8464 6007 2726
6562 8680 2726
6562 8680 2726
6562 8680 2726
6562 8680 2726
6562 8680 2726
6562 8680 2726
6562 8680 2726
6562 8680 2726
6562 8680 2726
6562 8680 2726
6562 8680 2726
6562 8680 2726
6562 8680 2726
6019 5383 2726
6019 5383 2726
6019 5383 2726
6019 5383 2726
6019 5383 2726
6019 5383 2726
6019 5383 2726
6019 5383 2726
6019 5383 2726
6019 5383 2726
6019 5383 2726
6019 5383 2726
6544 8704 2727
6544 8704 2727
6544 8704 2727
6544 8704 2727
6544 8704 2727
6544 8704 2727
6544 8704 2727
6544 8704 2727
6544 8704 2727
6544 8704 2727
6544 8704 2727
6544 8704 2727
6544 8704 2727
6031 5548 2727
6031 5548 2727
6031 5548 2727
6031 5548 2727
6031 5548 2727
6031 5548 2727
6031 5548 2727
6031 5548 2727
6031 5548 2727
6031 5548 2727
6031 5548 2727
6031 5548 2727
8450 5380 2727
8450 5380 2727
8450 5380 2727
8450 5380 2727
8450 5380 2727
8450 5380 2727
8450 5380 2727
8450 5380 2727
8450 5380 2727
8450 5380 2727
8450 5380 2727
8450 5380 2727
8450 5380 2727
6352 6583 2727
6352 6583 2727
6352 6583 2727
6352 6583 2727
6352 6583 2727
6352 6583 2727
6352 6583 2727
6352 6583 2727
6352 6583 2727
6352 6583 2727
6352 6583 2727
6352 6583 2727
6352 6583 2727
5401 6608 2727
5401 6608 2727
5401 6608 2727
5401 6608 2727
5401 6608 2727
5401 6608 2727
5401 6608 2727
5401 6608 2727
5401 6608 2727
5401 6608 2727
5401 6608 2727
5401 6608 2727
5401 6608 2727
5282 9144 2728
5282 9144 2728
5282 9144 2728
5282 9144 2728
5282 9144 2728
5282 9144 2728
5282 9144 2728
5282 9144 2728
5282 9144 2728
5282 9144 2728
5282 9144 2728
5282 9144 2728
6575 6369 2728
6575 6369 2728
6575 6369 2728
6575 6369 2728
6575 6369 2728
6575 6369 2728
6575 6369 2728
6575 6369 2728
6575 6369 2728
6575 6369 2728
6575 6369 2728
6575 6369 2728
8468 6567 2728
8468 6567 2728
8468 6567 2728
8468 6567 2728
8468 6567 2728
8468 6567 2728
8468 6567 2728
8468 6567 2728
8468 6567 2728
8468 6567 2728
8468 6567 2728
8468 6567 2728
8468 6567 2728
7969 7799 2728
7969 7799 2728
7969 7799 2728
7969 7799 2728
7969 7799 2728
7969 7799 2728
7969 7799 2728
7969 7799 2728
7969 7799 2728
7969 7799 2728
7969 7799 2728
7969 7799 2728
7969 7799 2728
6595 7707 2728
6595 7707 2728
6595 7707 2728
6595 7707 2728
6595 7707 2728
6595 7707 2728
6595 7707 2728
6595 7707 2728
6595 7707 2728
6595 7707 2728
6595 7707 2728
6595 7707 2728
6581 6398 2728
6581 6398 2728
6581 6398 2728
6581 6398 2728
6581 6398 2728
6581 6398 2728
6581 6398 2728
6581 6398 2728
6581 6398 2728
6581 6398 2728
6581 6398 2728
6581 6398 2728
6581 6398 2728
6568 9518 2728
6568 9518 2728
6568 9518 2728
6568 9518 2728
6568 9518 2728
6568 9518 2728
6568 9518 2728
6568 9518 2728
6568 9518 2728
6568 9518 2728
6568 9518 2728
6568 9518 2728
6568 9518 2728
5269 5334 2728
5269 5334 2728
5269 5334 2728
5269 5334 2728
5269 5334 2728
5269 5334 2728
5269 5334 2728
5269 5334 2728
5269 5334 2728
5269 5334 2728
5269 5334 2728
5269 5334 2728
5269 5334 2728
5289 5282 2728
5289 5282 2728
5289 5282 2728
5289 5282 2728
5289 5282 2728
5289 5282 2728
5289 5282 2728
5289 5282 2728
5289 5282 2728
5289 5282 2728
5289 5282 2728
5289 5282 2728
6586 8677 2729
6586 8677 2729
6586 8677 2729
6586 8677 2729
6586 8677 2729
6586 8677 2729
6586 8677 2729
6586 8677 2729
6586 8677 2729
6586 8677 2729
6586 8677 2729
6586 8677 2729
8365 6442 2729
8365 6442 2729
8365 6442 2729
8365 6442 2729
8365 6442 2729
8365 6442 2729
8365 6442 2729
8365 6442 2729
8365 6442 2729
8365 6442 2729
8365 6442 2729
8365 6442 2729
6431 6498 2729
6431 6498 2729
6431 6498 2729
6431 6498 2729
6431 6498 2729
6431 6498 2729
6431 6498 2729
6431 6498 2729
6431 6498 2729
6431 6498 2729
6431 6498 2729
6431 6498 2729
6529 6397 2729
6529 6397 2729
6529 6397 2729
6529 6397 2729
6529 6397 2729
6529 6397 2729
6529 6397 2729
6529 6397 2729
6529 6397 2729
6529 6397 2729
6529 6397 2729
6529 6397 2729
6529 6397 2729
6095 5460 2730
6095 5460 2730
6095 5460 2730
6095 5460 2730
6095 5460 2730
6095 5460 2730
6095 5460 2730
6095 5460 2730
6095 5460 2730
6095 5460 2730
6095 5460 2730
6095 5460 2730
6095 5460 2730
9161 8695 2731
9161 8695 2731
9161 8695 2731
9161 8695 2731
9161 8695 2731
9161 8695 2731
9161 8695 2731
9161 8695 2731
9161 8695 2731
9161 8695 2731
9161 8695 2731
9161 8695 2731
9161 8695 2731
8457 7709 2731
8457 7709 2731
8457 7709 2731
8457 7709 2731
8457 7709 2731
8457 7709 2731
8457 7709 2731
8457 7709 2731
8457 7709 2731
8457 7709 2731
8457 7709 2731
8457 7709 2731
6440 5922 2732
6440 5922 2732
6440 5922 2732
6440 5922 2732
6440 5922 2732
6440 5922 2732
6440 5922 2732
6440 5922 2732
6440 5922 2732
6440 5922 2732
6440 5922 2732
6440 5922 2732
5259 9523 2733
5259 9523 2733
5259 9523 2733
5259 9523 2733
5259 9523 2733
5259 9523 2733
5259 9523 2733
5259 9523 2733
5259 9523 2733
5259 9523 2733
5259 9523 2733
5259 9523 2733
5259 9523 2733
7798 7812 2733
7798 7812 2733
7798 7812 2733
7798 7812 2733
7798 7812 2733
7798 7812 2733
7798 7812 2733
7798 7812 2733
7798 7812 2733
7798 7812 2733
7798 7812 2733
7798 7812 2733
7798 7812 2733
7930 7740 2733
7930 7740 2733
7930 7740 2733
7930 7740 2733
7930 7740 2733
7930 7740 2733
7930 7740 2733
7930 7740 2733
7930 7740 2733
7930 7740 2733
7930 7740 2733
7930 7740 2733
5446 5394 2733
5446 5394 2733
5446 5394 2733
5446 5394 2733
5446 5394 2733
5446 5394 2733
5446 5394 2733
5446 5394 2733
5446 5394 2733
5446 5394 2733
5446 5394 2733
5446 5394 2733
8457 7732 2733
8457 7732 2733
8457 7732 2733
8457 7732 2733
8457 7732 2733
8457 7732 2733
8457 7732 2733
8457 7732 2733
8457 7732 2733
8457 7732 2733
8457 7732 2733
8457 7732 2733
8457 7732 2733
7690 6552 2734
7690 6552 2734
7690 6552 2734
7690 6552 2734
7690 6552 2734
7690 6552 2734
7690 6552 2734
7690 6552 2734
7690 6552 2734
7690 6552 2734
7690 6552 2734
7690 6552 2734
7780 6594 2734
7780 6594 2734
7780 6594 2734
7780 6594 2734
7780 6594 2734
7780 6594 2734
7780 6594 2734
7780 6594 2734
7780 6594 2734
7780 6594 2734
7780 6594 2734
7780 6594 2734
7914 6440 2734
7914 6440 2734
7914 6440 2734
7914 6440 2734
7914 6440 2734
7914 6440 2734
7914 6440 2734
7914 6440 2734
7914 6440 2734
7914 6440 2734
7914 6440 2734
7914 6440 2734
7914 6440 2734
5358 5998 2734
5358 5998 2734
5358 5998 2734
5358 5998 2734
5358 5998 2734
5358 5998 2734
5358 5998 2734
5358 5998 2734
5358 5998 2734
5358 5998 2734
5358 5998 2734
5358 5998 2734
7951 6002 2734
7951 6002 2734
7951 6002 2734
7951 6002 2734
7951 6002 2734
7951 6002 2734
7951 6002 2734
7951 6002 2734
7951 6002 2734
7951 6002 2734
7951 6002 2734
7951 6002 2734
8473 5395 2734
8473 5395 2734
8473 5395 2734
8473 5395 2734
8473 5395 2734
8473 5395 2734
8473 5395 2734
8473 5395 2734
8473 5395 2734
8473 5395 2734
8473 5395 2734
8473 5395 2734
8473 5395 2734
5359 8452 2734
5359 8452 2734
5359 8452 2734
5359 8452 2734
5359 8452 2734
5359 8452 2734
5359 8452 2734
5359 8452 2734
5359 8452 2734
5359 8452 2734
5359 8452 2734
5359 8452 2734
5359 8452 2734
5258 5369 2735
5258 5369 2735
5258 5369 2735
5258 5369 2735
5258 5369 2735
5258 5369 2735
5258 5369 2735
5258 5369 2735
5258 5369 2735
5258 5369 2735
5258 5369 2735
5258 5369 2735
7450 7496 2735
7450 7496 2735
7450 7496 2735
7450 7496 2735
7450 7496 2735
7450 7496 2735
7450 7496 2735
7450 7496 2735
7450 7496 2735
7450 7496 2735
7450 7496 2735
7450 7496 2735
5578 5466 2735
5578 5466 2735
5578 5466 2735
5578 5466 2735
5578 5466 2735
5578 5466 2735
5578 5466 2735
5578 5466 2735
5578 5466 2735
5578 5466 2735
5578 5466 2735
5578 5466 2735
8454 8439 2735
8454 8439 2735
8454 8439 2735
8454 8439 2735
8454 8439 2735
8454 8439 2735
8454 8439 2735
8454 8439 2735
8454 8439 2735
8454 8439 2735
8454 8439 2735
8454 8439 2735
7796 7659 2736
7796 7659 2736
7796 7659 2736
7796 7659 2736
7796 7659 2736
7796 7659 2736
7796 7659 2736
7796 7659 2736
7796 7659 2736
7796 7659 2736
7796 7659 2736
7796 7659 2736
6602 8680 2736
6602 8680 2736
6602 8680 2736
6602 8680 2736
6602 8680 2736
6602 8680 2736
6602 8680 2736
6602 8680 2736
6602 8680 2736
6602 8680 2736
6602 8680 2736
6602 8680 2736
6602 8680 2736
7920 8468 2737
7920 8468 2737
7920 8468 2737
7920 8468 2737
7920 8468 2737
7920 8468 2737
7920 8468 2737
7920 8468 2737
7920 8468 2737
7920 8468 2737
7920 8468 2737
7920 8468 2737
7920 8468 2737
7729 6593 2737
7729 6593 2737
7729 6593 2737
7729 6593 2737
7729 6593 2737
7729 6593 2737
7729 6593 2737
7729 6593 2737
7729 6593 2737
7729 6593 2737
7729 6593 2737
7729 6593 2737
5397 5442 2737
5397 5442 2737
5397 5442 2737
5397 5442 2737
5397 5442 2737
5397 5442 2737
5397 5442 2737
5397 5442 2737
5397 5442 2737
5397 5442 2737
5397 5442 2737
5397 5442 2737
5397 5442 2737
7686 7695 2737
7686 7695 2737
7686 7695 2737
7686 7695 2737
7686 7695 2737
7686 7695 2737
7686 7695 2737
7686 7695 2737
7686 7695 2737
7686 7695 2737
7686 7695 2737
7686 7695 2737
6542 6595 2738
6542 6595 2738
6542 6595 2738
6542 6595 2738
6542 6595 2738
6542 6595 2738
6542 6595 2738
6542 6595 2738
6542 6595 2738
6542 6595 2738
6542 6595 2738
6542 6595 2738
6542 6595 2738
8431 8453 2738
8431 8453 2738
8431 8453 2738
8431 8453 2738
8431 8453 2738
8431 8453 2738
8431 8453 2738
8431 8453 2738
8431 8453 2738
8431 8453 2738
8431 8453 2738
8431 8453 2738
7807 7749 2738
7807 7749 2738
7807 7749 2738
7807 7749 2738
7807 7749 2738
7807 7749 2738
7807 7749 2738
7807 7749 2738
7807 7749 2738
7807 7749 2738
7807 7749 2738
7807 7749 2738
6590 8438 2738
6590 8438 2738
6590 8438 2738
6590 8438 2738
6590 8438 2738
6590 8438 2738
6590 8438 2738
6590 8438 2738
6590 8438 2738
6590 8438 2738
6590 8438 2738
6590 8438 2738
6590 8438 2738
6575 8677 2738
6575 8677 2738
6575 8677 2738
6575 8677 2738
6575 8677 2738
6575 8677 2738
6575 8677 2738
6575 8677 2738
6575 8677 2738
6575 8677 2738
6575 8677 2738
6575 8677 2738
9606 6509 2739
9606 6509 2739
9606 6509 2739
9606 6509 2739
9606 6509 2739
9606 6509 2739
9606 6509 2739
9606 6509 2739
9606 6509 2739
9606 6509 2739
9606 6509 2739
9606 6509 2739
7826 7729 2739
7826 7729 2739
7826 7729 2739
7826 7729 2739
7826 7729 2739
7826 7729 2739
7826 7729 2739
7826 7729 2739
7826 7729 2739
7826 7729 2739
7826 7729 2739
7826 7729 2739
6602 7704 2739
6602 7704 2739
6602 7704 2739
6602 7704 2739
6602 7704 2739
6602 7704 2739
6602 7704 2739
6602 7704 2739
6602 7704 2739
6602 7704 2739
6602 7704 2739
6602 7704 2739
6602 7704 2739
7923 7871 2739
7923 7871 2739
7923 7871 2739
7923 7871 2739
7923 7871 2739
7923 7871 2739
7923 7871 2739
7923 7871 2739
7923 7871 2739
7923 7871 2739
7923 7871 2739
7923 7871 2739
6460 6309 2739
6460 6309 2739
6460 6309 2739
6460 6309 2739
6460 6309 2739
6460 6309 2739
6460 6309 2739
6460 6309 2739
6460 6309 2739
6460 6309 2739
6460 6309 2739
6460 6309 2739
6460 6309 2739
5289 9151 2740
5289 9151 2740
5289 9151 2740
5289 9151 2740
5289 9151 2740
5289 9151 2740
5289 9151 2740
5289 9151 2740
5289 9151 2740
5289 9151 2740
5289 9151 2740
5289 9151 2740
5289 9151 2740
7726 6591 2740
7726 6591 2740
7726 6591 2740
7726 6591 2740
7726 6591 2740
7726 6591 2740
7726 6591 2740
7726 6591 2740
7726 6591 2740
7726 6591 2740
7726 6591 2740
7726 6591 2740
5442 5413 2741
5442 5413 2741
5442 5413 2741
5442 5413 2741
5442 5413 2741
5442 5413 2741
5442 5413 2741
5442 5413 2741
5442 5413 2741
5442 5413 2741
5442 5413 2741
5442 5413 2741
5442 5413 2741
8680 8700 2741
8680 8700 2741
8680 8700 2741
8680 8700 2741
8680 8700 2741
8680 8700 2741
8680 8700 2741
8680 8700 2741
8680 8700 2741
8680 8700 2741
8680 8700 2741
8680 8700 2741
8680 8700 2741
7706 6544 2741
7706 6544 2741
7706 6544 2741
7706 6544 2741
7706 6544 2741
7706 6544 2741
7706 6544 2741
7706 6544 2741
7706 6544 2741
7706 6544 2741
7706 6544 2741
7706 6544 2741
5280 8767 2741
5280 8767 2741
5280 8767 2741
5280 8767 2741
5280 8767 2741
5280 8767 2741
5280 8767 2741
5280 8767 2741
5280 8767 2741
5280 8767 2741
5280 8767 2741
5280 8767 2741
5280 8767 2741
6562 7707 2742
6562 7707 2742
6562 7707 2742
6562 7707 2742
6562 7707 2742
6562 7707 2742
6562 7707 2742
6562 7707 2742
6562 7707 2742
6562 7707 2742
6562 7707 2742
6562 7707 2742
6562 7707 2742
8464 5363 2742
8464 5363 2742
8464 5363 2742
8464 5363 2742
8464 5363 2742
8464 5363 2742
8464 5363 2742
8464 5363 2742
8464 5363 2742
8464 5363 2742
8464 5363 2742
8464 5363 2742
8464 5363 2742
5438 5356 2743
5438 5356 2743
5438 5356 2743
5438 5356 2743
5438 5356 2743
5438 5356 2743
5438 5356 2743
5438 5356 2743
5438 5356 2743
5438 5356 2743
5438 5356 2743
5438 5356 2743
7665 7729 2743
7665 7729 2743
7665 7729 2743
7665 7729 2743
7665 7729 2743
7665 7729 2743
7665 7729 2743
7665 7729 2743
7665 7729 2743
7665 7729 2743
7665 7729 2743
7665 7729 2743
7922 7870 2743
7922 7870 2743
7922 7870 2743
7922 7870 2743
7922 7870 2743
7922 7870 2743
7922 7870 2743
7922 7870 2743
7922 7870 2743
7922 7870 2743
7922 7870 2743
7922 7870 2743
8705 5258 2743
8705 5258 2743
8705 5258 2743
8705 5258 2743
8705 5258 2743
8705 5258 2743
8705 5258 2743
8705 5258 2743
8705 5258 2743
8705 5258 2743
8705 5258 2743
8705 5258 2743
8705 5258 2743
8452 7689 2743
8452 7689 2743
8452 7689 2743
8452 7689 2743
8452 7689 2743
8452 7689 2743
8452 7689 2743
8452 7689 2743
8452 7689 2743
8452 7689 2743
8452 7689 2743
8452 7689 2743
5279 8446 2744
5279 8446 2744
5279 8446 2744
5279 8446 2744
5279 8446 2744
5279 8446 2744
5279 8446 2744
5279 8446 2744
5279 8446 2744
5279 8446 2744
5279 8446 2744
5279 8446 2744
5279 8446 2744
5994 6594 2744
5994 6594 2744
5994 6594 2744
5994 6594 2744
5994 6594 2744
5994 6594 2744
5994 6594 2744
5994 6594 2744
5994 6594 2744
5994 6594 2744
5994 6594 2744
5994 6594 2744
5994 6594 2744
6506 7485 2744
6506 7485 2744
6506 7485 2744
6506 7485 2744
6506 7485 2744
6506 7485 2744
6506 7485 2744
6506 7485 2744
6506 7485 2744
6506 7485 2744
6506 7485 2744
6506 7485 2744
6513 7740 2744
6513 7740 2744
6513 7740 2744
6513 7740 2744
6513 7740 2744
6513 7740 2744
6513 7740 2744
6513 7740 2744
6513 7740 2744
6513 7740 2744
6513 7740 2744
6513 7740 2744
5993 7778 2745
5993 7778 2745
5993 7778 2745
5993 7778 2745
5993 7778 2745
5993 7778 2745
5993 7778 2745
5993 7778 2745
5993 7778 2745
5993 7778 2745
5993 7778 2745
5993 7778 2745
5993 7778 2745
7842 7734 2745
7842 7734 2745
7842 7734 2745
7842 7734 2745
7842 7734 2745
7842 7734 2745
7842 7734 2745
7842 7734 2745
7842 7734 2745
7842 7734 2745
7842 7734 2745
7842 7734 2745
7842 7734 2745
5382 9155 2745
5382 9155 2745
5382 9155 2745
5382 9155 2745
5382 9155 2745
5382 9155 2745
5382 9155 2745
5382 9155 2745
5382 9155 2745
5382 9155 2745
5382 9155 2745
5382 9155 2745
7860 7901 2745
7860 7901 2745
7860 7901 2745
7860 7901 2745
7860 7901 2745
7860 7901 2745
7860 7901 2745
7860 7901 2745
7860 7901 2745
7860 7901 2745
7860 7901 2745
7860 7901 2745
7739 7768 2745
7739 7768 2745
7739 7768 2745
7739 7768 2745
7739 7768 2745
7739 7768 2745
7739 7768 2745
7739 7768 2745
7739 7768 2745
7739 7768 2745
7739 7768 2745
7739 7768 2745
7739 7768 2745
7949 7740 2745
7949 7740 2745
7949 7740 2745
7949 7740 2745
7949 7740 2745
7949 7740 2745
7949 7740 2745
7949 7740 2745
7949 7740 2745
7949 7740 2745
7949 7740 2745
7949 7740 2745
7949 7740 2745
5374 5290 2745
5374 5290 2745
5374 5290 2745
5374 5290 2745
5374 5290 2745
5374 5290 2745
5374 5290 2745
5374 5290 2745
5374 5290 2745
5374 5290 2745
5374 5290 2745
5374 5290 2745
6497 7700 2745
6497 7700 2745
6497 7700 2745
6497 7700 2745
6497 7700 2745
6497 7700 2745
6497 7700 2745
6497 7700 2745
6497 7700 2745
6497 7700 2745
6497 7700 2745
6497 7700 2745
5405 8447 2746
5405 8447 2746
5405 8447 2746
5405 8447 2746
5405 8447 2746
5405 8447 2746
5405 8447 2746
5405 8447 2746
5405 8447 2746
5405 8447 2746
5405 8447 2746
5405 8447 2746
5374 5557 2746
5374 5557 2746
5374 5557 2746
5374 5557 2746
5374 5557 2746
5374 5557 2746
5374 5557 2746
5374 5557 2746
5374 5557 2746
5374 5557 2746
5374 5557 2746
5374 5557 2746
5388 8470 2747
5388 8470 2747
5388 8470 2747
5388 8470 2747
5388 8470 2747
5388 8470 2747
5388 8470 2747
5388 8470 2747
5388 8470 2747
5388 8470 2747
5388 8470 2747
5388 8470 2747
6612 6542 2747
6612 6542 2747
6612 6542 2747
6612 6542 2747
6612 6542 2747
6612 6542 2747
6612 6542 2747
6612 6542 2747
6612 6542 2747
6612 6542 2747
6612 6542 2747
6612 6542 2747
6612 6542 2747
7707 7682 2747
7707 7682 2747
7707 7682 2747
7707 7682 2747
7707 7682 2747
7707 7682 2747
7707 7682 2747
7707 7682 2747
7707 7682 2747
7707 7682 2747
7707 7682 2747
7707 7682 2747
8475 6016 2748
8475 6016 2748
8475 6016 2748
8475 6016 2748
8475 6016 2748
8475 6016 2748
8475 6016 2748
8475 6016 2748
8475 6016 2748
8475 6016 2748
8475 6016 2748
8475 6016 2748
8475 6016 2748
8456 7691 2748
8456 7691 2748
8456 7691 2748
8456 7691 2748
8456 7691 2748
8456 7691 2748
8456 7691 2748
8456 7691 2748
8456 7691 2748
8456 7691 2748
8456 7691 2748
8456 7691 2748
8456 7691 2748
7809 7800 2748
7809 7800 2748
7809 7800 2748
7809 7800 2748
7809 7800 2748
7809 7800 2748
7809 7800 2748
7809 7800 2748
7809 7800 2748
7809 7800 2748
7809 7800 2748
7809 7800 2748
7809 7800 2748
6044 5420 2748
6044 5420 2748
6044 5420 2748
6044 5420 2748
6044 5420 2748
6044 5420 2748
6044 5420 2748
6044 5420 2748
6044 5420 2748
6044 5420 2748
6044 5420 2748
6044 5420 2748
7707 6613 2748
7707 6613 2748
7707 6613 2748
7707 6613 2748
7707 6613 2748
7707 6613 2748
7707 6613 2748
7707 6613 2748
7707 6613 2748
7707 6613 2748
7707 6613 2748
7707 6613 2748
7707 6613 2748
5924 6607 2748
5924 6607 2748
5924 6607 2748
5924 6607 2748
5924 6607 2748
5924 6607 2748
5924 6607 2748
5924 6607 2748
5924 6607 2748
5924 6607 2748
5924 6607 2748
5924 6607 2748
5924 6607 2748
7705 8475 2748
7705 8475 2748
7705 8475 2748
7705 8475 2748
7705 8475 2748
7705 8475 2748
7705 8475 2748
7705 8475 2748
7705 8475 2748
7705 8475 2748
7705 8475 2748
7705 8475 2748
7676 6424 2749
7676 6424 2749
7676 6424 2749
7676 6424 2749
7676 6424 2749
7676 6424 2749
7676 6424 2749
7676 6424 2749
7676 6424 2749
7676 6424 2749
7676 6424 2749
7676 6424 2749
7676 6424 2749
6031 5391 2749
6031 5391 2749
6031 5391 2749
6031 5391 2749
6031 5391 2749
6031 5391 2749
6031 5391 2749
6031 5391 2749
6031 5391 2749
6031 5391 2749
6031 5391 2749
6031 5391 2749
6031 5391 2749
7751 7677 2749
7751 7677 2749
7751 7677 2749
7751 7677 2749
7751 7677 2749
7751 7677 2749
7751 7677 2749
7751 7677 2749
7751 7677 2749
7751 7677 2749
7751 7677 2749
7751 7677 2749
7751 7677 2749
7690 5995 2750
7690 5995 2750
7690 5995 2750
7690 5995 2750
7690 5995 2750
7690 5995 2750
7690 5995 2750
7690 5995 2750
7690 5995 2750
7690 5995 2750
7690 5995 2750
7690 5995 2750
7690 5995 2750
5524 5412 2750
5524 5412 2750
5524 5412 2750
5524 5412 2750
5524 5412 2750
5524 5412 2750
5524 5412 2750
5524 5412 2750
5524 5412 2750
5524 5412 2750
5524 5412 2750
5524 5412 2750
6541 7676 2750
6541 7676 2750
6541 7676 2750
6541 7676 2750
6541 7676 2750
6541 7676 2750
6541 7676 2750
6541 7676 2750
6541 7676 2750
6541 7676 2750
6541 7676 2750
6541 7676 2750
6541 7676 2750
5443 8457 2750
5443 8457 2750
5443 8457 2750
5443 8457 2750
5443 8457 2750
5443 8457 2750
5443 8457 2750
5443 8457 2750
5443 8457 2750
5443 8457 2750
5443 8457 2750
5443 8457 2750
8477 5391 2751
8477 5391 2751
8477 5391 2751
8477 5391 2751
8477 5391 2751
8477 5391 2751
8477 5391 2751
8477 5391 2751
8477 5391 2751
8477 5391 2751
8477 5391 2751
8477 5391 2751
5259 5310 2751
5259 5310 2751
5259 5310 2751
5259 5310 2751
5259 5310 2751
5259 5310 2751
5259 5310 2751
5259 5310 2751
5259 5310 2751
5259 5310 2751
5259 5310 2751
5259 5310 2751
5259 5310 2751
8442 7715 2751
8442 7715 2751
8442 7715 2751
8442 7715 2751
8442 7715 2751
8442 7715 2751
8442 7715 2751
8442 7715 2751
8442 7715 2751
8442 7715 2751
8442 7715 2751
8442 7715 2751
5924 7792 2752
5924 7792 2752
5924 7792 2752
5924 7792 2752
5924 7792 2752
5924 7792 2752
5924 7792 2752
5924 7792 2752
5924 7792 2752
5924 7792 2752
5924 7792 2752
5924 7792 2752
5924 7792 2752
7800 7744 2752
7800 7744 2752
7800 7744 2752
7800 7744 2752
7800 7744 2752
7800 7744 2752
7800 7744 2752
7800 7744 2752
7800 7744 2752
7800 7744 2752
7800 7744 2752
7800 7744 2752
7800 7744 2752
8478 7700 2752
8478 7700 2752
8478 7700 2752
8478 7700 2752
8478 7700 2752
8478 7700 2752
8478 7700 2752
8478 7700 2752
8478 7700 2752
8478 7700 2752
8478 7700 2752
8478 7700 2752
7984 7783 2753
7984 7783 2753
7984 7783 2753
7984 7783 2753
7984 7783 2753
7984 7783 2753
7984 7783 2753
7984 7783 2753
7984 7783 2753
7984 7783 2753
7984 7783 2753
7984 7783 2753
7984 7783 2753
5283 5990 2753
5283 5990 2753
5283 5990 2753
5283 5990 2753
5283 5990 2753
5283 5990 2753
5283 5990 2753
5283 5990 2753
5283 5990 2753
5283 5990 2753
5283 5990 2753
5283 5990 2753
5283 5990 2753
5483 8763 2753
5483 8763 2753
5483 8763 2753
5483 8763 2753
5483 8763 2753
5483 8763 2753
5483 8763 2753
5483 8763 2753
5483 8763 2753
5483 8763 2753
5483 8763 2753
5483 8763 2753
5483 8763 2753
7685 7758 2753
7685 7758 2753
7685 7758 2753
7685 7758 2753
7685 7758 2753
7685 7758 2753
7685 7758 2753
7685 7758 2753
7685 7758 2753
7685 7758 2753
7685 7758 2753
7685 7758 2753
7685 7758 2753
7846 7797 2753
7846 7797 2753
7846 7797 2753
7846 7797 2753
7846 7797 2753
7846 7797 2753
7846 7797 2753
7846 7797 2753
7846 7797 2753
7846 7797 2753
7846 7797 2753
7846 7797 2753
7846 7797 2753
7488 7519 2753
7488 7519 2753
7488 7519 2753
7488 7519 2753
7488 7519 2753
7488 7519 2753
7488 7519 2753
7488 7519 2753
7488 7519 2753
7488 7519 2753
7488 7519 2753
7488 7519 2753
6548 6529 2754
6548 6529 2754
6548 6529 2754
6548 6529 2754
6548 6529 2754
6548 6529 2754
6548 6529 2754
6548 6529 2754
6548 6529 2754
6548 6529 2754
6548 6529 2754
6548 6529 2754
6548 6529 2754
5251 6541 2754
5251 6541 2754
5251 6541 2754
5251 6541 2754
5251 6541 2754
5251 6541 2754
5251 6541 2754
5251 6541 2754
5251 6541 2754
5251 6541 2754
5251 6541 2754
5251 6541 2754
7688 6460 2755
7688 6460 2755
7688 6460 2755
7688 6460 2755
7688 6460 2755
7688 6460 2755
7688 6460 2755
7688 6460 2755
7688 6460 2755
7688 6460 2755
7688 6460 2755
7688 6460 2755
7699 7814 2755
7699 7814 2755
7699 7814 2755
7699 7814 2755
7699 7814 2755
7699 7814 2755
7699 7814 2755
7699 7814 2755
7699 7814 2755
7699 7814 2755
7699 7814 2755
7699 7814 2755
7453 6323 2755
7453 6323 2755
7453 6323 2755
7453 6323 2755
7453 6323 2755
7453 6323 2755
7453 6323 2755
7453 6323 2755
7453 6323 2755
7453 6323 2755
7453 6323 2755
7453 6323 2755
5410 5440 2756
5410 5440 2756
5410 5440 2756
5410 5440 2756
5410 5440 2756
5410 5440 2756
5410 5440 2756
5410 5440 2756
5410 5440 2756
5410 5440 2756
5410 5440 2756
5410 5440 2756
6551 8436 2756
6551 8436 2756
6551 8436 2756
6551 8436 2756
6551 8436 2756
6551 8436 2756
6551 8436 2756
6551 8436 2756
6551 8436 2756
6551 8436 2756
6551 8436 2756
6551 8436 2756
7753 7888 2756
7753 7888 2756
7753 7888 2756
7753 7888 2756
7753 7888 2756
7753 7888 2756
7753 7888 2756
7753 7888 2756
7753 7888 2756
7753 7888 2756
7753 7888 2756
7753 7888 2756
8461 5358 2756
8461 5358 2756
8461 5358 2756
8461 5358 2756
8461 5358 2756
8461 5358 2756
8461 5358 2756
8461 5358 2756
8461 5358 2756
8461 5358 2756
8461 5358 2756
8461 5358 2756
7726 6034 2756
7726 6034 2756
7726 6034 2756
7726 6034 2756
7726 6034 2756
7726 6034 2756
7726 6034 2756
7726 6034 2756
7726 6034 2756
7726 6034 2756
7726 6034 2756
7726 6034 2756
7726 6034 2756
7884 7746 2757
7884 7746 2757
7884 7746 2757
7884 7746 2757
7884 7746 2757
7884 7746 2757
7884 7746 2757
7884 7746 2757
7884 7746 2757
7884 7746 2757
7884 7746 2757
7884 7746 2757
7884 7746 2757
7916 7882 2757
7916 7882 2757
7916 7882 2757
7916 7882 2757
7916 7882 2757
7916 7882 2757
7916 7882 2757
7916 7882 2757
7916 7882 2757
7916 7882 2757
7916 7882 2757
7916 7882 2757
6453 7702 2757
6453 7702 2757
6453 7702 2757
6453 7702 2757
6453 7702 2757
6453 7702 2757
6453 7702 2757
6453 7702 2757
6453 7702 2757
6453 7702 2757
6453 7702 2757
6453 7702 2757
8706 6549 2757
8706 6549 2757
8706 6549 2757
8706 6549 2757
8706 6549 2757
8706 6549 2757
8706 6549 2757
8706 6549 2757
8706 6549 2757
8706 6549 2757
8706 6549 2757
8706 6549 2757
5566 5336 2758
5566 5336 2758
5566 5336 2758
5566 5336 2758
5566 5336 2758
5566 5336 2758
5566 5336 2758
5566 5336 2758
5566 5336 2758
5566 5336 2758
5566 5336 2758
5566 5336 2758
7805 7794 2758
7805 7794 2758
7805 7794 2758
7805 7794 2758
7805 7794 2758
7805 7794 2758
7805 7794 2758
7805 7794 2758
7805 7794 2758
7805 7794 2758
7805 7794 2758
7805 7794 2758
9150 5310 2758
9150 5310 2758
9150 5310 2758
9150 5310 2758
9150 5310 2758
9150 5310 2758
9150 5310 2758
9150 5310 2758
9150 5310 2758
9150 5310 2758
9150 5310 2758
9150 5310 2758
6606 5994 2759
6606 5994 2759
6606 5994 2759
6606 5994 2759
6606 5994 2759
6606 5994 2759
6606 5994 2759
6606 5994 2759
6606 5994 2759
6606 5994 2759
6606 5994 2759
6606 5994 2759
6606 5994 2759
6524 5358 2759
6524 5358 2759
6524 5358 2759
6524 5358 2759
6524 5358 2759
6524 5358 2759
6524 5358 2759
6524 5358 2759
6524 5358 2759
6524 5358 2759
6524 5358 2759
6524 5358 2759
5442 5410 2759
5442 5410 2759
5442 5410 2759
5442 5410 2759
5442 5410 2759
5442 5410 2759
5442 5410 2759
5442 5410 2759
5442 5410 2759
5442 5410 2759
5442 5410 2759
5442 5410 2759
5442 5410 2759
7492 7796 2759
7492 7796 2759
7492 7796 2759
7492 7796 2759
7492 7796 2759
7492 7796 2759
7492 7796 2759
7492 7796 2759
7492 7796 2759
7492 7796 2759
7492 7796 2759
7492 7796 2759
5353 5542 2759
5353 5542 2759
5353 5542 2759
5353 5542 2759
5353 5542 2759
5353 5542 2759
5353 5542 2759
5353 5542 2759
5353 5542 2759
5353 5542 2759
5353 5542 2759
5353 5542 2759
5256 6415 2760
5256 6415 2760
5256 6415 2760
5256 6415 2760
5256 6415 2760
5256 6415 2760
5256 6415 2760
5256 6415 2760
5256 6415 2760
5256 6415 2760
5256 6415 2760
5256 6415 2760
5256 6415 2760
7715 8437 2760
7715 8437 2760
7715 8437 2760
7715 8437 2760
7715 8437 2760
7715 8437 2760
7715 8437 2760
7715 8437 2760
7715 8437 2760
7715 8437 2760
7715 8437 2760
7715 8437 2760
6606 5359 2760
6606 5359 2760
6606 5359 2760
6606 5359 2760
6606 5359 2760
6606 5359 2760
6606 5359 2760
6606 5359 2760
6606 5359 2760
6606 5359 2760
6606 5359 2760
6606 5359 2760
6606 5359 2760
7768 8441 2760
7768 8441 2760
7768 8441 2760
7768 8441 2760
7768 8441 2760
7768 8441 2760
7768 8441 2760
7768 8441 2760
7768 8441 2760
7768 8441 2760
7768 8441 2760
7768 8441 2760
7768 8441 2760
6381 8675 2761
6381 8675 2761
6381 8675 2761
6381 8675 2761
6381 8675 2761
6381 8675 2761
6381 8675 2761
6381 8675 2761
6381 8675 2761
6381 8675 2761
6381 8675 2761
6381 8675 2761
6006 5359 2761
6006 5359 2761
6006 5359 2761
6006 5359 2761
6006 5359 2761
6006 5359 2761
6006 5359 2761
6006 5359 2761
6006 5359 2761
6006 5359 2761
6006 5359 2761
6006 5359 2761
7724 7744 2761
7724 7744 2761
7724 7744 2761
7724 7744 2761
7724 7744 2761
7724 7744 2761
7724 7744 2761
7724 7744 2761
7724 7744 2761
7724 7744 2761
7724 7744 2761
7724 7744 2761
7544 7462 2761
7544 7462 2761
7544 7462 2761
7544 7462 2761
7544 7462 2761
7544 7462 2761
7544 7462 2761
7544 7462 2761
7544 7462 2761
7544 7462 2761
7544 7462 2761
7544 7462 2761
7544 7462 2761
7796 7501 2761
7796 7501 2761
7796 7501 2761
7796 7501 2761
7796 7501 2761
7796 7501 2761
7796 7501 2761
7796 7501 2761
7796 7501 2761
7796 7501 2761
7796 7501 2761
7796 7501 2761
8370 7845 2762
8370 7845 2762
8370 7845 2762
8370 7845 2762
8370 7845 2762
8370 7845 2762
8370 7845 2762
8370 7845 2762
8370 7845 2762
8370 7845 2762
8370 7845 2762
8370 7845 2762
8370 7845 2762
8440 5353 2762
8440 5353 2762
8440 5353 2762
8440 5353 2762
8440 5353 2762
8440 5353 2762
8440 5353 2762
8440 5353 2762
8440 5353 2762
8440 5353 2762
8440 5353 2762
8440 5353 2762
8432 8705 2762
8432 8705 2762
8432 8705 2762
8432 8705 2762
8432 8705 2762
8432 8705 2762
8432 8705 2762
8432 8705 2762
8432 8705 2762
8432 8705 2762
8432 8705 2762
8432 8705 2762
8432 8705 2762
5457 5284 2762
5457 5284 2762
5457 5284 2762
5457 5284 2762
5457 5284 2762
5457 5284 2762
5457 5284 2762
5457 5284 2762
5457 5284 2762
5457 5284 2762
5457 5284 2762
5457 5284 2762
7947 7916 2763
7947 7916 2763
7947 7916 2763
7947 7916 2763
7947 7916 2763
7947 7916 2763
7947 7916 2763
7947 7916 2763
7947 7916 2763
7947 7916 2763
7947 7916 2763
7947 7916 2763
5405 5358 2763
5405 5358 2763
5405 5358 2763
5405 5358 2763
5405 5358 2763
5405 5358 2763
5405 5358 2763
5405 5358 2763
5405 5358 2763
5405 5358 2763
5405 5358 2763
5405 5358 2763
5405 5358 2763
5260 5397 2763
5260 5397 2763
5260 5397 2763
5260 5397 2763
5260 5397 2763
5260 5397 2763
5260 5397 2763
5260 5397 2763
5260 5397 2763
5260 5397 2763
5260 5397 2763
5260 5397 2763
5260 5397 2763
8705 5359 2763
8705 5359 2763
8705 5359 2763
8705 5359 2763
8705 5359 2763
8705 5359 2763
8705 5359 2763
8705 5359 2763
8705 5359 2763
8705 5359 2763
8705 5359 2763
8705 5359 2763
9143 6405 2763
9143 6405 2763
9143 6405 2763
9143 6405 2763
9143 6405 2763
9143 6405 2763
9143 6405 2763
9143 6405 2763
9143 6405 2763
9143 6405 2763
9143 6405 2763
9143 6405 2763
9143 6405 2763
9520 6591 2764
9520 6591 2764
9520 6591 2764
9520 6591 2764
9520 6591 2764
9520 6591 2764
9520 6591 2764
9520 6591 2764
9520 6591 2764
9520 6591 2764
9520 6591 2764
9520 6591 2764
7481 6490 2764
7481 6490 2764
7481 6490 2764
7481 6490 2764
7481 6490 2764
7481 6490 2764
7481 6490 2764
7481 6490 2764
7481 6490 2764
7481 6490 2764
7481 6490 2764
7481 6490 2764
8842 5309 2765
8842 5309 2765
8842 5309 2765
8842 5309 2765
8842 5309 2765
8842 5309 2765
8842 5309 2765
8842 5309 2765
8842 5309 2765
8842 5309 2765
8842 5309 2765
8842 5309 2765
6585 9518 2765
6585 9518 2765
6585 9518 2765
6585 9518 2765
6585 9518 2765
6585 9518 2765
6585 9518 2765
6585 9518 2765
6585 9518 2765
6585 9518 2765
6585 9518 2765
6585 9518 2765
6585 9518 2765
7656 7518 2765
7656 7518 2765
7656 7518 2765
7656 7518 2765
7656 7518 2765
7656 7518 2765
7656 7518 2765
7656 7518 2765
7656 7518 2765
7656 7518 2765
7656 7518 2765
7656 7518 2765
5552 6039 2765
5552 6039 2765
5552 6039 2765
5552 6039 2765
5552 6039 2765
5552 6039 2765
5552 6039 2765
5552 6039 2765
5552 6039 2765
5552 6039 2765
5552 6039 2765
5552 6039 2765
5383 9143 2766
5383 9143 2766
5383 9143 2766
5383 9143 2766
5383 9143 2766
5383 9143 2766
5383 9143 2766
5383 9143 2766
5383 9143 2766
5383 9143 2766
5383 9143 2766
5383 9143 2766
5383 9143 2766
6543 9632 2766
6543 9632 2766
6543 9632 2766
6543 9632 2766
6543 9632 2766
6543 9632 2766
6543 9632 2766
6543 9632 2766
6543 9632 2766
6543 9632 2766
6543 9632 2766
6543 9632 2766
8438 7709 2766
8438 7709 2766
8438 7709 2766
8438 7709 2766
8438 7709 2766
8438 7709 2766
8438 7709 2766
8438 7709 2766
8438 7709 2766
8438 7709 2766
8438 7709 2766
8438 7709 2766
8438 7709 2766
8445 6537 2766
8445 6537 2766
8445 6537 2766
8445 6537 2766
8445 6537 2766
8445 6537 2766
8445 6537 2766
8445 6537 2766
8445 6537 2766
8445 6537 2766
8445 6537 2766
8445 6537 2766
8445 6537 2766
5297 6083 2766
5297 6083 2766
5297 6083 2766
5297 6083 2766
5297 6083 2766
5297 6083 2766
5297 6083 2766
5297 6083 2766
5297 6083 2766
5297 6083 2766
5297 6083 2766
5297 6083 2766
5297 6083 2766
5282 8447 2766
5282 8447 2766
5282 8447 2766
5282 8447 2766
5282 8447 2766
5282 8447 2766
5282 8447 2766
5282 8447 2766
5282 8447 2766
5282 8447 2766
5282 8447 2766
5282 8447 2766
5282 8447 2766
7859 7745 2766
7859 7745 2766
7859 7745 2766
7859 7745 2766
7859 7745 2766
7859 7745 2766
7859 7745 2766
7859 7745 2766
7859 7745 2766
7859 7745 2766
7859 7745 2766
7859 7745 2766
7859 7745 2766
7699 6606 2766
7699 6606 2766
7699 6606 2766
7699 6606 2766
7699 6606 2766
7699 6606 2766
7699 6606 2766
7699 6606 2766
7699 6606 2766
7699 6606 2766
7699 6606 2766
7699 6606 2766
7699 6606 2766
5444 5361 2766
5444 5361 2766
5444 5361 2766
5444 5361 2766
5444 5361 2766
5444 5361 2766
5444 5361 2766
5444 5361 2766
5444 5361 2766
5444 5361 2766
5444 5361 2766
5444 5361 2766
8469 7734 2766
8469 7734 2766
8469 7734 2766
8469 7734 2766
8469 7734 2766
8469 7734 2766
8469 7734 2766
8469 7734 2766
8469 7734 2766
8469 7734 2766
8469 7734 2766
8469 7734 2766
8469 7734 2766
7832 7702 2767
7832 7702 2767
7832 7702 2767
7832 7702 2767
7832 7702 2767
7832 7702 2767
7832 7702 2767
7832 7702 2767
7832 7702 2767
7832 7702 2767
7832 7702 2767
7832 7702 2767
7488 6299 2767
7488 6299 2767
7488 6299 2767
7488 6299 2767
7488 6299 2767
7488 6299 2767
7488 6299 2767
7488 6299 2767
7488 6299 2767
7488 6299 2767
7488 6299 2767
7488 6299 2767
6611 7718 2767
6611 7718 2767
6611 7718 2767
6611 7718 2767
6611 7718 2767
6611 7718 2767
6611 7718 2767
6611 7718 2767
6611 7718 2767
6611 7718 2767
6611 7718 2767
6611 7718 2767
5271 9240 2767
5271 9240 2767
5271 9240 2767
5271 9240 2767
5271 9240 2767
5271 9240 2767
5271 9240 2767
5271 9240 2767
5271 9240 2767
5271 9240 2767
5271 9240 2767
5271 9240 2767
5410 5298 2768
5410 5298 2768
5410 5298 2768
5410 5298 2768
5410 5298 2768
5410 5298 2768
5410 5298 2768
5410 5298 2768
5410 5298 2768
5410 5298 2768
5410 5298 2768
5410 5298 2768
9634 5267 2768
9634 5267 2768
9634 5267 2768
9634 5267 2768
9634 5267 2768
9634 5267 2768
9634 5267 2768
9634 5267 2768
9634 5267 2768
9634 5267 2768
9634 5267 2768
9634 5267 2768
7756 6562 2768
7756 6562 2768
7756 6562 2768
7756 6562 2768
7756 6562 2768
7756 6562 2768
7756 6562 2768
7756 6562 2768
7756 6562 2768
7756 6562 2768
7756 6562 2768
7756 6562 2768
7519 6335 2768
7519 6335 2768
7519 6335 2768
7519 6335 2768
7519 6335 2768
7519 6335 2768
7519 6335 2768
7519 6335 2768
7519 6335 2768
7519 6335 2768
7519 6335 2768
7519 6335 2768
7519 6335 2768
5450 5354 2768
5450 5354 2768
5450 5354 2768
5450 5354 2768
5450 5354 2768
5450 5354 2768
5450 5354 2768
5450 5354 2768
5450 5354 2768
5450 5354 2768
5450 5354 2768
5450 5354 2768
6478 6461 2769
6478 6461 2769
6478 6461 2769
6478 6461 2769
6478 6461 2769
6478 6461 2769
6478 6461 2769
6478 6461 2769
6478 6461 2769
6478 6461 2769
6478 6461 2769
6478 6461 2769
6532 6381 2769
6532 6381 2769
6532 6381 2769
6532 6381 2769
6532 6381 2769
6532 6381 2769
6532 6381 2769
6532 6381 2769
6532 6381 2769
6532 6381 2769
6532 6381 2769
6532 6381 2769
5273 8775 2770
5273 8775 2770
5273 8775 2770
5273 8775 2770
5273 8775 2770
5273 8775 2770
5273 8775 2770
5273 8775 2770
5273 8775 2770
5273 8775 2770
5273 8775 2770
5273 8775 2770
7686 7816 2770
7686 7816 2770
7686 7816 2770
7686 7816 2770
7686 7816 2770
7686 7816 2770
7686 7816 2770
7686 7816 2770
7686 7816 2770
7686 7816 2770
7686 7816 2770
7686 7816 2770
7686 7816 2770
5259 8700 2771
5259 8700 2771
5259 8700 2771
5259 8700 2771
5259 8700 2771
5259 8700 2771
5259 8700 2771
5259 8700 2771
5259 8700 2771
5259 8700 2771
5259 8700 2771
5259 8700 2771
5361 8757 2771
5361 8757 2771
5361 8757 2771
5361 8757 2771
5361 8757 2771
5361 8757 2771
5361 8757 2771
5361 8757 2771
5361 8757 2771
5361 8757 2771
5361 8757 2771
5361 8757 2771
5361 8757 2771
7754 7894 2771
7754 7894 2771
7754 7894 2771
7754 7894 2771
7754 7894 2771
7754 7894 2771
7754 7894 2771
7754 7894 2771
7754 7894 2771
7754 7894 2771
7754 7894 2771
7754 7894 2771
6576 7704 2771
6576 7704 2771
6576 7704 2771
6576 7704 2771
6576 7704 2771
6576 7704 2771
6576 7704 2771
6576 7704 2771
6576 7704 2771
6576 7704 2771
6576 7704 2771
6576 7704 2771
7709 5995 2771
7709 5995 2771
7709 5995 2771
7709 5995 2771
7709 5995 2771
7709 5995 2771
7709 5995 2771
7709 5995 2771
7709 5995 2771
7709 5995 2771
7709 5995 2771
7709 5995 2771
7709 5995 2771
8453 7747 2771
8453 7747 2771
8453 7747 2771
8453 7747 2771
8453 7747 2771
8453 7747 2771
8453 7747 2771
8453 7747 2771
8453 7747 2771
8453 7747 2771
8453 7747 2771
8453 7747 2771
5401 5259 2771
5401 5259 2771
5401 5259 2771
5401 5259 2771
5401 5259 2771
5401 5259 2771
5401 5259 2771
5401 5259 2771
5401 5259 2771
5401 5259 2771
5401 5259 2771
5401 5259 2771
5410 8434 2771
5410 8434 2771
5410 8434 2771
5410 8434 2771
5410 8434 2771
5410 8434 2771
5410 8434 2771
5410 8434 2771
5410 8434 2771
5410 8434 2771
5410 8434 2771
5410 8434 2771
5410 8434 2771
7455 6310 2772
7455 6310 2772
7455 6310 2772
7455 6310 2772
7455 6310 2772
7455 6310 2772
7455 6310 2772
7455 6310 2772
7455 6310 2772
7455 6310 2772
7455 6310 2772
7455 6310 2772
7455 6310 2772
7480 6463 2772
7480 6463 2772
7480 6463 2772
7480 6463 2772
7480 6463 2772
7480 6463 2772
7480 6463 2772
7480 6463 2772
7480 6463 2772
7480 6463 2772
7480 6463 2772
7480 6463 2772
7480 6463 2772
7850 7881 2772
7850 7881 2772
7850 7881 2772
7850 7881 2772
7850 7881 2772
7850 7881 2772
7850 7881 2772
7850 7881 2772
7850 7881 2772
7850 7881 2772
7850 7881 2772
7850 7881 2772
8476 7917 2773
8476 7917 2773
8476 7917 2773
8476 7917 2773
8476 7917 2773
8476 7917 2773
8476 7917 2773
8476 7917 2773
8476 7917 2773
8476 7917 2773
8476 7917 2773
8476 7917 2773
6563 7760 2773
6563 7760 2773
6563 7760 2773
6563 7760 2773
6563 7760 2773
6563 7760 2773
6563 7760 2773
6563 7760 2773
6563 7760 2773
6563 7760 2773
6563 7760 2773
6563 7760 2773
5397 8434 2774
5397 8434 2774
5397 8434 2774
5397 8434 2774
5397 8434 2774
5397 8434 2774
5397 8434 2774
5397 8434 2774
5397 8434 2774
5397 8434 2774
5397 8434 2774
5397 8434 2774
5397 8434 2774
6588 5254 2774
6588 5254 2774
6588 5254 2774
6588 5254 2774
6588 5254 2774
6588 5254 2774
6588 5254 2774
6588 5254 2774
6588 5254 2774
6588 5254 2774
6588 5254 2774
6588 5254 2774
6612 8462 2774
6612 8462 2774
6612 8462 2774
6612 8462 2774
6612 8462 2774
6612 8462 2774
6612 8462 2774
6612 8462 2774
6612 8462 2774
6612 8462 2774
6612 8462 2774
6612 8462 2774
6612 8462 2774
8438 6605 2774
8438 6605 2774
8438 6605 2774
8438 6605 2774
8438 6605 2774
8438 6605 2774
8438 6605 2774
8438 6605 2774
8438 6605 2774
8438 6605 2774
8438 6605 2774
8438 6605 2774
8438 6605 2774
7701 7768 2775
7701 7768 2775
7701 7768 2775
7701 7768 2775
7701 7768 2775
7701 7768 2775
7701 7768 2775
7701 7768 2775
7701 7768 2775
7701 7768 2775
7701 7768 2775
7701 7768 2775
5271 8435 2775
5271 8435 2775
5271 8435 2775
5271 8435 2775
5271 8435 2775
5271 8435 2775
5271 8435 2775
5271 8435 2775
5271 8435 2775
5271 8435 2775
5271 8435 2775
5271 8435 2775
5271 8435 2775
7803 7914 2775
7803 7914 2775
7803 7914 2775
7803 7914 2775
7803 7914 2775
7803 7914 2775
7803 7914 2775
7803 7914 2775
7803 7914 2775
7803 7914 2775
7803 7914 2775
7803 7914 2775
6541 5356 2775
6541 5356 2775
6541 5356 2775
6541 5356 2775
6541 5356 2775
6541 5356 2775
6541 5356 2775
6541 5356 2775
6541 5356 2775
6541 5356 2775
6541 5356 2775
6541 5356 2775
6541 5356 2775
7825 7759 2776
7825 7759 2776
7825 7759 2776
7825 7759 2776
7825 7759 2776
7825 7759 2776
7825 7759 2776
7825 7759 2776
7825 7759 2776
7825 7759 2776
7825 7759 2776
7825 7759 2776
8472 6610 2776
8472 6610 2776
8472 6610 2776
8472 6610 2776
8472 6610 2776
8472 6610 2776
8472 6610 2776
8472 6610 2776
8472 6610 2776
8472 6610 2776
8472 6610 2776
8472 6610 2776
7730 7813 2776
7730 7813 2776
7730 7813 2776
7730 7813 2776
7730 7813 2776
7730 7813 2776
7730 7813 2776
7730 7813 2776
7730 7813 2776
7730 7813 2776
7730 7813 2776
7730 7813 2776
7730 7813 2776
6607 5414 2776
6607 5414 2776
6607 5414 2776
6607 5414 2776
6607 5414 2776
6607 5414 2776
6607 5414 2776
6607 5414 2776
6607 5414 2776
6607 5414 2776
6607 5414 2776
6607 5414 2776
6520 9615 2777
6520 9615 2777
6520 9615 2777
6520 9615 2777
6520 9615 2777
6520 9615 2777
6520 9615 2777
6520 9615 2777
6520 9615 2777
6520 9615 2777
6520 9615 2777
6520 9615 2777
6028 6600 2777
6028 6600 2777
6028 6600 2777
6028 6600 2777
6028 6600 2777
6028 6600 2777
6028 6600 2777
6028 6600 2777
6028 6600 2777
6028 6600 2777
6028 6600 2777
6028 6600 2777
7874 7925 2777
7874 7925 2777
7874 7925 2777
7874 7925 2777
7874 7925 2777
7874 7925 2777
7874 7925 2777
7874 7925 2777
7874 7925 2777
7874 7925 2777
7874 7925 2777
7874 7925 2777
7874 7925 2777
7833 7740 2777
7833 7740 2777
7833 7740 2777
7833 7740 2777
7833 7740 2777
7833 7740 2777
7833 7740 2777
7833 7740 2777
7833 7740 2777
7833 7740 2777
7833 7740 2777
7833 7740 2777
7833 7740 2777
7763 6596 2777
7763 6596 2777
7763 6596 2777
7763 6596 2777
7763 6596 2777
7763 6596 2777
7763 6596 2777
7763 6596 2777
7763 6596 2777
7763 6596 2777
7763 6596 2777
7763 6596 2777
7845 7856 2778
7845 7856 2778
7845 7856 2778
7845 7856 2778
7845 7856 2778
7845 7856 2778
7845 7856 2778
7845 7856 2778
7845 7856 2778
7845 7856 2778
7845 7856 2778
7845 7856 2778
6578 8445 2778
6578 8445 2778
6578 8445 2778
6578 8445 2778
6578 8445 2778
6578 8445 2778
6578 8445 2778
6578 8445 2778
6578 8445 2778
6578 8445 2778
6578 8445 2778
6578 8445 2778
6578 8445 2778
8787 8807 2778
8787 8807 2778
8787 8807 2778
8787 8807 2778
8787 8807 2778
8787 8807 2778
8787 8807 2778
8787 8807 2778
8787 8807 2778
8787 8807 2778
8787 8807 2778
8787 8807 2778
8787 8807 2778
5277 5259 2778
5277 5259 2778
5277 5259 2778
5277 5259 2778
5277 5259 2778
5277 5259 2778
5277 5259 2778
5277 5259 2778
5277 5259 2778
5277 5259 2778
5277 5259 2778
5277 5259 2778
5277 5259 2778
8436 6605 2779
8436 6605 2779
8436 6605 2779
8436 6605 2779
8436 6605 2779
8436 6605 2779
8436 6605 2779
8436 6605 2779
8436 6605 2779
8436 6605 2779
8436 6605 2779
8436 6605 2779
8436 6605 2779
7659 7795 2779
7659 7795 2779
7659 7795 2779
7659 7795 2779
7659 7795 2779
7659 7795 2779
7659 7795 2779
7659 7795 2779
7659 7795 2779
7659 7795 2779
7659 7795 2779
7659 7795 2779
8776 6344 2779
8776 6344 2779
8776 6344 2779
8776 6344 2779
8776 6344 2779
8776 6344 2779
8776 6344 2779
8776 6344 2779
8776 6344 2779
8776 6344 2779
8776 6344 2779
8776 6344 2779
8776 6344 2779
6510 7701 2779
6510 7701 2779
6510 7701 2779
6510 7701 2779
6510 7701 2779
6510 7701 2779
6510 7701 2779
6510 7701 2779
6510 7701 2779
6510 7701 2779
6510 7701 2779
6510 7701 2779
6510 7701 2779
7683 6494 2779
7683 6494 2779
7683 6494 2779
7683 6494 2779
7683 6494 2779
7683 6494 2779
7683 6494 2779
7683 6494 2779
7683 6494 2779
7683 6494 2779
7683 6494 2779
7683 6494 2779
5407 6546 2780
5407 6546 2780
5407 6546 2780
5407 6546 2780
5407 6546 2780
5407 6546 2780
5407 6546 2780
5407 6546 2780
5407 6546 2780
5407 6546 2780
5407 6546 2780
5407 6546 2780
7692 6552 2780
7692 6552 2780
7692 6552 2780
7692 6552 2780
7692 6552 2780
7692 6552 2780
7692 6552 2780
7692 6552 2780
7692 6552 2780
7692 6552 2780
7692 6552 2780
7692 6552 2780
7743 8459 2780
7743 8459 2780
7743 8459 2780
7743 8459 2780
7743 8459 2780
7743 8459 2780
7743 8459 2780
7743 8459 2780
7743 8459 2780
7743 8459 2780
7743 8459 2780
7743 8459 2780
7797 7745 2780
7797 7745 2780
7797 7745 2780
7797 7745 2780
7797 7745 2780
7797 7745 2780
7797 7745 2780
7797 7745 2780
7797 7745 2780
7797 7745 2780
7797 7745 2780
7797 7745 2780
7797 7745 2780
5505 5275 2781
5505 5275 2781
5505 5275 2781
5505 5275 2781
5505 5275 2781
5505 5275 2781
5505 5275 2781
5505 5275 2781
5505 5275 2781
5505 5275 2781
5505 5275 2781
5505 5275 2781
5463 8750 2783
5463 8750 2783
5463 8750 2783
5463 8750 2783
5463 8750 2783
5463 8750 2783
5463 8750 2783
5463 8750 2783
5463 8750 2783
5463 8750 2783
5463 8750 2783
5463 8750 2783
5463 8750 2783
7784 7709 2783
7784 7709 2783
7784 7709 2783
7784 7709 2783
7784 7709 2783
7784 7709 2783
7784 7709 2783
7784 7709 2783
7784 7709 2783
7784 7709 2783
7784 7709 2783
7784 7709 2783
6514 9615 2783
6514 9615 2783
6514 9615 2783
6514 9615 2783
6514 9615 2783
6514 9615 2783
6514 9615 2783
6514 9615 2783
6514 9615 2783
6514 9615 2783
6514 9615 2783
6514 9615 2783
6371 6538 2784
6371 6538 2784
6371 6538 2784
6371 6538 2784
6371 6538 2784
6371 6538 2784
6371 6538 2784
6371 6538 2784
6371 6538 2784
6371 6538 2784
6371 6538 2784
6371 6538 2784
6371 6538 2784
8431 6529 2784
8431 6529 2784
8431 6529 2784
8431 6529 2784
8431 6529 2784
8431 6529 2784
8431 6529 2784
8431 6529 2784
8431 6529 2784
8431 6529 2784
8431 6529 2784
8431 6529 2784
5416 5259 2784
5416 5259 2784
5416 5259 2784
5416 5259 2784
5416 5259 2784
5416 5259 2784
5416 5259 2784
5416 5259 2784
5416 5259 2784
5416 5259 2784
5416 5259 2784
5416 5259 2784
5416 5259 2784
5356 5991 2784
5356 5991 2784
5356 5991 2784
5356 5991 2784
5356 5991 2784
5356 5991 2784
5356 5991 2784
5356 5991 2784
5356 5991 2784
5356 5991 2784
5356 5991 2784
5356 5991 2784
5356 5991 2784
8468 6018 2785
8468 6018 2785
8468 6018 2785
8468 6018 2785
8468 6018 2785
8468 6018 2785
8468 6018 2785
8468 6018 2785
8468 6018 2785
8468 6018 2785
8468 6018 2785
8468 6018 2785
8468 6018 2785
8473 8457 2785
8473 8457 2785
8473 8457 2785
8473 8457 2785
8473 8457 2785
8473 8457 2785
8473 8457 2785
8473 8457 2785
8473 8457 2785
8473 8457 2785
8473 8457 2785
8473 8457 2785
8473 8457 2785
7651 7476 2785
7651 7476 2785
7651 7476 2785
7651 7476 2785
7651 7476 2785
7651 7476 2785
7651 7476 2785
7651 7476 2785
7651 7476 2785
7651 7476 2785
7651 7476 2785
7651 7476 2785
7651 7476 2785
7745 7812 2785
7745 7812 2785
7745 7812 2785
7745 7812 2785
7745 7812 2785
7745 7812 2785
7745 7812 2785
7745 7812 2785
7745 7812 2785
7745 7812 2785
7745 7812 2785
7745 7812 2785
5358 7713 2786
5358 7713 2786
5358 7713 2786
5358 7713 2786
5358 7713 2786
5358 7713 2786
5358 7713 2786
5358 7713 2786
5358 7713 2786
5358 7713 2786
5358 7713 2786
5358 7713 2786
7975 7964 2786
7975 7964 2786
7975 7964 2786
7975 7964 2786
7975 7964 2786
7975 7964 2786
7975 7964 2786
7975 7964 2786
7975 7964 2786
7975 7964 2786
7975 7964 2786
7975 7964 2786
6031 5547 2786
6031 5547 2786
6031 5547 2786
6031 5547 2786
6031 5547 2786
6031 5547 2786
6031 5547 2786
6031 5547 2786
6031 5547 2786
6031 5547 2786
6031 5547 2786
6031 5547 2786
6031 5547 2786
7450 6461 2786
7450 6461 2786
7450 6461 2786
7450 6461 2786
7450 6461 2786
7450 6461 2786
7450 6461 2786
7450 6461 2786
7450 6461 2786
7450 6461 2786
7450 6461 2786
7450 6461 2786
7716 7935 2787
7716 7935 2787
7716 7935 2787
7716 7935 2787
7716 7935 2787
7716 7935 2787
7716 7935 2787
7716 7935 2787
7716 7935 2787
7716 7935 2787
7716 7935 2787
7716 7935 2787
7716 7935 2787
5358 5275 2787
5358 5275 2787
5358 5275 2787
5358 5275 2787
5358 5275 2787
5358 5275 2787
5358 5275 2787
5358 5275 2787
5358 5275 2787
5358 5275 2787
5358 5275 2787
5358 5275 2787
6552 7698 2787
6552 7698 2787
6552 7698 2787
6552 7698 2787
6552 7698 2787
6552 7698 2787
6552 7698 2787
6552 7698 2787
6552 7698 2787
6552 7698 2787
6552 7698 2787
6552 7698 2787
5282 6543 2787
5282 6543 2787
5282 6543 2787
5282 6543 2787
5282 6543 2787
5282 6543 2787
5282 6543 2787
5282 6543 2787
5282 6543 2787
5282 6543 2787
5282 6543 2787
5282 6543 2787
5282 6543 2787
7679 7676 2787
7679 7676 2787
7679 7676 2787
7679 7676 2787
7679 7676 2787
7679 7676 2787
7679 7676 2787
7679 7676 2787
7679 7676 2787
7679 7676 2787
7679 7676 2787
7679 7676 2787
7679 7676 2787
5925 7679 2788
5925 7679 2788
5925 7679 2788
5925 7679 2788
5925 7679 2788
5925 7679 2788
5925 7679 2788
5925 7679 2788
5925 7679 2788
5925 7679 2788
5925 7679 2788
5925 7679 2788
5925 7679 2788
5409 5552 2789
5409 5552 2789
5409 5552 2789
5409 5552 2789
5409 5552 2789
5409 5552 2789
5409 5552 2789
5409 5552 2789
5409 5552 2789
5409 5552 2789
5409 5552 2789
5409 5552 2789
9672 7764 2789
9672 7764 2789
9672 7764 2789
9672 7764 2789
9672 7764 2789
9672 7764 2789
9672 7764 2789
9672 7764 2789
9672 7764 2789
9672 7764 2789
9672 7764 2789
9672 7764 2789
9672 7764 2789
8373 7824 2789
8373 7824 2789
8373 7824 2789
8373 7824 2789
8373 7824 2789
8373 7824 2789
8373 7824 2789
8373 7824 2789
8373 7824 2789
8373 7824 2789
8373 7824 2789
8373 7824 2789
5488 5298 2789
5488 5298 2789
5488 5298 2789
5488 5298 2789
5488 5298 2789
5488 5298 2789
5488 5298 2789
5488 5298 2789
5488 5298 2789
5488 5298 2789
5488 5298 2789
5488 5298 2789
5488 5298 2789
8444 8452 2790
8444 8452 2790
8444 8452 2790
8444 8452 2790
8444 8452 2790
8444 8452 2790
8444 8452 2790
8444 8452 2790
8444 8452 2790
8444 8452 2790
8444 8452 2790
8444 8452 2790
8444 8452 2790
7658 7812 2790
7658 7812 2790
7658 7812 2790
7658 7812 2790
7658 7812 2790
7658 7812 2790
7658 7812 2790
7658 7812 2790
7658 7812 2790
7658 7812 2790
7658 7812 2790
7658 7812 2790
7786 8466 2790
7786 8466 2790
7786 8466 2790
7786 8466 2790
7786 8466 2790
7786 8466 2790
7786 8466 2790
7786 8466 2790
7786 8466 2790
7786 8466 2790
7786 8466 2790
7786 8466 2790
5328 8762 2790
5328 8762 2790
5328 8762 2790
5328 8762 2790
5328 8762 2790
5328 8762 2790
5328 8762 2790
5328 8762 2790
5328 8762 2790
5328 8762 2790
5328 8762 2790
5328 8762 2790
6519 9613 2790
6519 9613 2790
6519 9613 2790
6519 9613 2790
6519 9613 2790
6519 9613 2790
6519 9613 2790
6519 9613 2790
6519 9613 2790
6519 9613 2790
6519 9613 2790
6519 9613 2790
7708 6454 2790
7708 6454 2790
7708 6454 2790
7708 6454 2790
7708 6454 2790
7708 6454 2790
7708 6454 2790
7708 6454 2790
7708 6454 2790
7708 6454 2790
7708 6454 2790
7708 6454 2790
7708 6454 2790
8432 6530 2790
8432 6530 2790
8432 6530 2790
8432 6530 2790
8432 6530 2790
8432 6530 2790
8432 6530 2790
8432 6530 2790
8432 6530 2790
8432 6530 2790
8432 6530 2790
8432 6530 2790
8432 6530 2790
6505 9667 2790
6505 9667 2790
6505 9667 2790
6505 9667 2790
6505 9667 2790
6505 9667 2790
6505 9667 2790
6505 9667 2790
6505 9667 2790
6505 9667 2790
6505 9667 2790
6505 9667 2790
5276 9191 2791
5276 9191 2791
5276 9191 2791
5276 9191 2791
5276 9191 2791
5276 9191 2791
5276 9191 2791
5276 9191 2791
5276 9191 2791
5276 9191 2791
5276 9191 2791
5276 9191 2791
5276 9191 2791
8467 6531 2791
8467 6531 2791
8467 6531 2791
8467 6531 2791
8467 6531 2791
8467 6531 2791
8467 6531 2791
8467 6531 2791
8467 6531 2791
8467 6531 2791
8467 6531 2791
8467 6531 2791
5924 7666 2792
5924 7666 2792
5924 7666 2792
5924 7666 2792
5924 7666 2792
5924 7666 2792
5924 7666 2792
5924 7666 2792
5924 7666 2792
5924 7666 2792
5924 7666 2792
5924 7666 2792
5435 5283 2793
5435 5283 2793
5435 5283 2793
5435 5283 2793
5435 5283 2793
5435 5283 2793
5435 5283 2793
5435 5283 2793
5435 5283 2793
5435 5283 2793
5435 5283 2793
5435 5283 2793
5435 5283 2793
7911 7872 2793
7911 7872 2793
7911 7872 2793
7911 7872 2793
7911 7872 2793
7911 7872 2793
7911 7872 2793
7911 7872 2793
7911 7872 2793
7911 7872 2793
7911 7872 2793
7911 7872 2793
7911 7872 2793
5427 6590 2793
5427 6590 2793
5427 6590 2793
5427 6590 2793
5427 6590 2793
5427 6590 2793
5427 6590 2793
5427 6590 2793
5427 6590 2793
5427 6590 2793
5427 6590 2793
5427 6590 2793
5427 6590 2793
7918 7872 2793
7918 7872 2793
7918 7872 2793
7918 7872 2793
7918 7872 2793
7918 7872 2793
7918 7872 2793
7918 7872 2793
7918 7872 2793
7918 7872 2793
7918 7872 2793
7918 7872 2793
6450 6530 2793
6450 6530 2793
6450 6530 2793
6450 6530 2793
6450 6530 2793
6450 6530 2793
6450 6530 2793
6450 6530 2793
6450 6530 2793
6450 6530 2793
6450 6530 2793
6450 6530 2793
7484 7503 2794
7484 7503 2794
7484 7503 2794
7484 7503 2794
7484 7503 2794
7484 7503 2794
7484 7503 2794
7484 7503 2794
7484 7503 2794
7484 7503 2794
7484 7503 2794
7484 7503 2794
7484 7503 2794
6603 6555 2794
6603 6555 2794
6603 6555 2794
6603 6555 2794
6603 6555 2794
6603 6555 2794
6603 6555 2794
6603 6555 2794
6603 6555 2794
6603 6555 2794
6603 6555 2794
6603 6555 2794
6603 6555 2794
6606 7740 2794
6606 7740 2794
6606 7740 2794
6606 7740 2794
6606 7740 2794
6606 7740 2794
6606 7740 2794
6606 7740 2794
6606 7740 2794
6606 7740 2794
6606 7740 2794
6606 7740 2794
6601 5387 2794
6601 5387 2794
6601 5387 2794
6601 5387 2794
6601 5387 2794
6601 5387 2794
6601 5387 2794
6601 5387 2794
6601 5387 2794
6601 5387 2794
6601 5387 2794
6601 5387 2794
7928 7881 2794
7928 7881 2794
7928 7881 2794
7928 7881 2794
7928 7881 2794
7928 7881 2794
7928 7881 2794
7928 7881 2794
7928 7881 2794
7928 7881 2794
7928 7881 2794
7928 7881 2794
8764 5435 2794
8764 5435 2794
8764 5435 2794
8764 5435 2794
8764 5435 2794
8764 5435 2794
8764 5435 2794
8764 5435 2794
8764 5435 2794
8764 5435 2794
8764 5435 2794
8764 5435 2794
8764 5435 2794
5260 6542 2794
5260 6542 2794
5260 6542 2794
5260 6542 2794
5260 6542 2794
5260 6542 2794
5260 6542 2794
5260 6542 2794
5260 6542 2794
5260 6542 2794
5260 6542 2794
5260 6542 2794
6584 8452 2794
6584 8452 2794
6584 8452 2794
6584 8452 2794
6584 8452 2794
6584 8452 2794
6584 8452 2794
6584 8452 2794
6584 8452 2794
6584 8452 2794
6584 8452 2794
6584 8452 2794
6584 8452 2794
5924 7675 2795
5924 7675 2795
5924 7675 2795
5924 7675 2795
5924 7675 2795
5924 7675 2795
5924 7675 2795
5924 7675 2795
5924 7675 2795
5924 7675 2795
5924 7675 2795
5924 7675 2795
5924 7675 2795
7652 7802 2795
7652 7802 2795
7652 7802 2795
7652 7802 2795
7652 7802 2795
7652 7802 2795
7652 7802 2795
7652 7802 2795
7652 7802 2795
7652 7802 2795
7652 7802 2795
7652 7802 2795
6513 6580 2795
6513 6580 2795
6513 6580 2795
6513 6580 2795
6513 6580 2795
6513 6580 2795
6513 6580 2795
6513 6580 2795
6513 6580 2795
6513 6580 2795
6513 6580 2795
6513 6580 2795
5528 5432 2796
5528 5432 2796
5528 5432 2796
5528 5432 2796
5528 5432 2796
5528 5432 2796
5528 5432 2796
5528 5432 2796
5528 5432 2796
5528 5432 2796
5528 5432 2796
5528 5432 2796
5528 5432 2796
7734 6450 2796
7734 6450 2796
7734 6450 2796
7734 6450 2796
7734 6450 2796
7734 6450 2796
7734 6450 2796
7734 6450 2796
7734 6450 2796
7734 6450 2796
7734 6450 2796
7734 6450 2796
7734 6450 2796
6012 7770 2796
6012 7770 2796
6012 7770 2796
6012 7770 2796
6012 7770 2796
6012 7770 2796
6012 7770 2796
6012 7770 2796
6012 7770 2796
6012 7770 2796
6012 7770 2796
6012 7770 2796
6012 7770 2796
5289 5555 2797
5289 5555 2797
5289 5555 2797
5289 5555 2797
5289 5555 2797
5289 5555 2797
5289 5555 2797
5289 5555 2797
5289 5555 2797
5289 5555 2797
5289 5555 2797
5289 5555 2797
8381 7943 2797
8381 7943 2797
8381 7943 2797
8381 7943 2797
8381 7943 2797
8381 7943 2797
8381 7943 2797
8381 7943 2797
8381 7943 2797
8381 7943 2797
8381 7943 2797
8381 7943 2797
7498 6330 2797
7498 6330 2797
7498 6330 2797
7498 6330 2797
7498 6330 2797
7498 6330 2797
7498 6330 2797
7498 6330 2797
7498 6330 2797
7498 6330 2797
7498 6330 2797
7498 6330 2797
7896 7832 2797
7896 7832 2797
7896 7832 2797
7896 7832 2797
7896 7832 2797
7896 7832 2797
7896 7832 2797
7896 7832 2797
7896 7832 2797
7896 7832 2797
7896 7832 2797
7896 7832 2797
7896 7832 2797
6602 7688 2797
6602 7688 2797
6602 7688 2797
6602 7688 2797
6602 7688 2797
6602 7688 2797
6602 7688 2797
6602 7688 2797
6602 7688 2797
6602 7688 2797
6602 7688 2797
6602 7688 2797
6602 7688 2797
8781 5488 2797
8781 5488 2797
8781 5488 2797
8781 5488 2797
8781 5488 2797
8781 5488 2797
8781 5488 2797
8781 5488 2797
8781 5488 2797
8781 5488 2797
8781 5488 2797
8781 5488 2797
8781 5488 2797
7746 7902 2797
7746 7902 2797
7746 7902 2797
7746 7902 2797
7746 7902 2797
7746 7902 2797
7746 7902 2797
7746 7902 2797
7746 7902 2797
7746 7902 2797
7746 7902 2797
7746 7902 2797
7746 7902 2797
6012 6613 2798
6012 6613 2798
6012 6613 2798
6012 6613 2798
6012 6613 2798
6012 6613 2798
6012 6613 2798
6012 6613 2798
6012 6613 2798
6012 6613 2798
6012 6613 2798
6012 6613 2798
5996 5547 2798
5996 5547 2798
5996 5547 2798
5996 5547 2798
5996 5547 2798
5996 5547 2798
5996 5547 2798
5996 5547 2798
5996 5547 2798
5996 5547 2798
5996 5547 2798
5996 5547 2798
7748 7880 2798
7748 7880 2798
7748 7880 2798
7748 7880 2798
7748 7880 2798
7748 7880 2798
7748 7880 2798
7748 7880 2798
7748 7880 2798
7748 7880 2798
7748 7880 2798
7748 7880 2798
6308 8685 2798
6308 8685 2798
6308 8685 2798
6308 8685 2798
6308 8685 2798
6308 8685 2798
6308 8685 2798
6308 8685 2798
6308 8685 2798
6308 8685 2798
6308 8685 2798
6308 8685 2798
6538 8444 2799
6538 8444 2799
6538 8444 2799
6538 8444 2799
6538 8444 2799
6538 8444 2799
6538 8444 2799
6538 8444 2799
6538 8444 2799
6538 8444 2799
6538 8444 2799
6538 8444 2799
7929 7876 2799
7929 7876 2799
7929 7876 2799
7929 7876 2799
7929 7876 2799
7929 7876 2799
7929 7876 2799
7929 7876 2799
7929 7876 2799
7929 7876 2799
7929 7876 2799
7929 7876 2799
7929 7876 2799
5924 6587 2799
5924 6587 2799
5924 6587 2799
5924 6587 2799
5924 6587 2799
5924 6587 2799
5924 6587 2799
5924 6587 2799
5924 6587 2799
5924 6587 2799
5924 6587 2799
5924 6587 2799
7782 6019 2800
7782 6019 2800
7782 6019 2800
7782 6019 2800
7782 6019 2800
7782 6019 2800
7782 6019 2800
7782 6019 2800
7782 6019 2800
7782 6019 2800
7782 6019 2800
7782 6019 2800
7782 6019 2800
7702 6608 2800
7702 6608 2800
7702 6608 2800
7702 6608 2800
7702 6608 2800
7702 6608 2800
7702 6608 2800
7702 6608 2800
7702 6608 2800
7702 6608 2800
7702 6608 2800
7702 6608 2800
5359 6575 2800
5359 6575 2800
5359 6575 2800
5359 6575 2800
5359 6575 2800
5359 6575 2800
5359 6575 2800
5359 6575 2800
5359 6575 2800
5359 6575 2800
5359 6575 2800
5359 6575 2800
6326 6488 2800
6326 6488 2800
6326 6488 2800
6326 6488 2800
6326 6488 2800
6326 6488 2800
6326 6488 2800
6326 6488 2800
6326 6488 2800
6326 6488 2800
6326 6488 2800
6326 6488 2800
6326 6488 2800
5552 5304 2800
5552 5304 2800
5552 5304 2800
5552 5304 2800
5552 5304 2800
5552 5304 2800
5552 5304 2800
5552 5304 2800
5552 5304 2800
5552 5304 2800
5552 5304 2800
5552 5304 2800
6500 7499 2800
6500 7499 2800
6500 7499 2800
6500 7499 2800
6500 7499 2800
6500 7499 2800
6500 7499 2800
6500 7499 2800
6500 7499 2800
6500 7499 2800
6500 7499 2800
6500 7499 2800
6500 7499 2800
8480 6591 2800
8480 6591 2800
8480 6591 2800
8480 6591 2800
8480 6591 2800
8480 6591 2800
8480 6591 2800
8480 6591 2800
8480 6591 2800
8480 6591 2800
8480 6591 2800
8480 6591 2800
8480 6591 2800
6409 8452 2800
6409 8452 2800
6409 8452 2800
6409 8452 2800
6409 8452 2800
6409 8452 2800
6409 8452 2800
6409 8452 2800
6409 8452 2800
6409 8452 2800
6409 8452 2800
6409 8452 2800
5447 5413 2800
5447 5413 2800
5447 5413 2800
5447 5413 2800
5447 5413 2800
5447 5413 2800
5447 5413 2800
5447 5413 2800
5447 5413 2800
5447 5413 2800
5447 5413 2800
5447 5413 2800
5447 5254 2801
5447 5254 2801
5447 5254 2801
5447 5254 2801
5447 5254 2801
5447 5254 2801
5447 5254 2801
5447 5254 2801
5447 5254 2801
5447 5254 2801
5447 5254 2801
5447 5254 2801
8768 5413 2801
8768 5413 2801
8768 5413 2801
8768 5413 2801
8768 5413 2801
8768 5413 2801
8768 5413 2801
8768 5413 2801
8768 5413 2801
8768 5413 2801
8768 5413 2801
8768 5413 2801
8768 5413 2801
7893 8353 2802
7893 8353 2802
7893 8353 2802
7893 8353 2802
7893 8353 2802
7893 8353 2802
7893 8353 2802
7893 8353 2802
7893 8353 2802
7893 8353 2802
7893 8353 2802
7893 8353 2802
7490 6498 2802
7490 6498 2802
7490 6498 2802
7490 6498 2802
7490 6498 2802
7490 6498 2802
7490 6498 2802
7490 6498 2802
7490 6498 2802
7490 6498 2802
7490 6498 2802
7490 6498 2802
5448 5414 2802
5448 5414 2802
5448 5414 2802
5448 5414 2802
5448 5414 2802
5448 5414 2802
5448 5414 2802
5448 5414 2802
5448 5414 2802
5448 5414 2802
5448 5414 2802
5448 5414 2802
8782 5253 2802
8782 5253 2802
8782 5253 2802
8782 5253 2802
8782 5253 2802
8782 5253 2802
8782 5253 2802
8782 5253 2802
8782 5253 2802
8782 5253 2802
8782 5253 2802
8782 5253 2802
8782 5253 2802
5283 6011 2802
5283 6011 2802
5283 6011 2802
5283 6011 2802
5283 6011 2802
5283 6011 2802
5283 6011 2802
5283 6011 2802
5283 6011 2802
5283 6011 2802
5283 6011 2802
5283 6011 2802
5283 6011 2802
7908 7797 2802
7908 7797 2802
7908 7797 2802
7908 7797 2802
7908 7797 2802
7908 7797 2802
7908 7797 2802
7908 7797 2802
7908 7797 2802
7908 7797 2802
7908 7797 2802
7908 7797 2802
7906 7871 2802
7906 7871 2802
7906 7871 2802
7906 7871 2802
7906 7871 2802
7906 7871 2802
7906 7871 2802
7906 7871 2802
7906 7871 2802
7906 7871 2802
7906 7871 2802
7906 7871 2802
5312 5414 2803
5312 5414 2803
5312 5414 2803
5312 5414 2803
5312 5414 2803
5312 5414 2803
5312 5414 2803
5312 5414 2803
5312 5414 2803
5312 5414 2803
5312 5414 2803
5312 5414 2803
8682 6546 2803
8682 6546 2803
8682 6546 2803
8682 6546 2803
8682 6546 2803
8682 6546 2803
8682 6546 2803
8682 6546 2803
8682 6546 2803
8682 6546 2803
8682 6546 2803
8682 6546 2803
8682 6546 2803
7784 5985 2803
7784 5985 2803
7784 5985 2803
7784 5985 2803
7784 5985 2803
7784 5985 2803
7784 5985 2803
7784 5985 2803
7784 5985 2803
7784 5985 2803
7784 5985 2803
7784 5985 2803
8834 9271 2804
8834 9271 2804
8834 9271 2804
8834 9271 2804
8834 9271 2804
8834 9271 2804
8834 9271 2804
8834 9271 2804
8834 9271 2804
8834 9271 2804
8834 9271 2804
8834 9271 2804
7748 8373 2804
7748 8373 2804
7748 8373 2804
7748 8373 2804
7748 8373 2804
7748 8373 2804
7748 8373 2804
7748 8373 2804
7748 8373 2804
7748 8373 2804
7748 8373 2804
7748 8373 2804
7748 8373 2804
6378 6538 2804
6378 6538 2804
6378 6538 2804
6378 6538 2804
6378 6538 2804
6378 6538 2804
6378 6538 2804
6378 6538 2804
6378 6538 2804
6378 6538 2804
6378 6538 2804
6378 6538 2804
6378 6538 2804
6330 6461 2805
6330 6461 2805
6330 6461 2805
6330 6461 2805
6330 6461 2805
6330 6461 2805
6330 6461 2805
6330 6461 2805
6330 6461 2805
6330 6461 2805
6330 6461 2805
6330 6461 2805
8468 7917 2805
8468 7917 2805
8468 7917 2805
8468 7917 2805
8468 7917 2805
8468 7917 2805
8468 7917 2805
8468 7917 2805
8468 7917 2805
8468 7917 2805
8468 7917 2805
8468 7917 2805
8781 5454 2805
8781 5454 2805
8781 5454 2805
8781 5454 2805
8781 5454 2805
8781 5454 2805
8781 5454 2805
8781 5454 2805
8781 5454 2805
8781 5454 2805
8781 5454 2805
8781 5454 2805
7715 7749 2805
7715 7749 2805
7715 7749 2805
7715 7749 2805
7715 7749 2805
7715 7749 2805
7715 7749 2805
7715 7749 2805
7715 7749 2805
7715 7749 2805
7715 7749 2805
7715 7749 2805
7715 7749 2805
7869 7836 2806
7869 7836 2806
7869 7836 2806
7869 7836 2806
7869 7836 2806
7869 7836 2806
7869 7836 2806
7869 7836 2806
7869 7836 2806
7869 7836 2806
7869 7836 2806
7869 7836 2806
8436 6020 2806
8436 6020 2806
8436 6020 2806
8436 6020 2806
8436 6020 2806
8436 6020 2806
8436 6020 2806
8436 6020 2806
8436 6020 2806
8436 6020 2806
8436 6020 2806
8436 6020 2806
8436 6020 2806
7695 6556 2807
7695 6556 2807
7695 6556 2807
7695 6556 2807
7695 6556 2807
7695 6556 2807
7695 6556 2807
7695 6556 2807
7695 6556 2807
7695 6556 2807
7695 6556 2807
7695 6556 2807
7695 6556 2807
7823 7735 2808
7823 7735 2808
7823 7735 2808
7823 7735 2808
7823 7735 2808
7823 7735 2808
7823 7735 2808
7823 7735 2808
7823 7735 2808
7823 7735 2808
7823 7735 2808
7823 7735 2808
7823 7735 2808
7782 6054 2808
7782 6054 2808
7782 6054 2808
7782 6054 2808
7782 6054 2808
7782 6054 2808
7782 6054 2808
7782 6054 2808
7782 6054 2808
7782 6054 2808
7782 6054 2808
7782 6054 2808
7774 8481 2808
7774 8481 2808
7774 8481 2808
7774 8481 2808
7774 8481 2808
7774 8481 2808
7774 8481 2808
7774 8481 2808
7774 8481 2808
7774 8481 2808
7774 8481 2808
7774 8481 2808
5435 9202 2808
5435 9202 2808
5435 9202 2808
5435 9202 2808
5435 9202 2808
5435 9202 2808
5435 9202 2808
5435 9202 2808
5435 9202 2808
5435 9202 2808
5435 9202 2808
5435 9202 2808
5435 9202 2808
6497 7684 2809
6497 7684 2809
6497 7684 2809
6497 7684 2809
6497 7684 2809
6497 7684 2809
6497 7684 2809
6497 7684 2809
6497 7684 2809
6497 7684 2809
6497 7684 2809
6497 7684 2809
8448 5366 2809
8448 5366 2809
8448 5366 2809
8448 5366 2809
8448 5366 2809
8448 5366 2809
8448 5366 2809
8448 5366 2809
8448 5366 2809
8448 5366 2809
8448 5366 2809
8448 5366 2809
5533 6000 2809
5533 6000 2809
5533 6000 2809
5533 6000 2809
5533 6000 2809
5533 6000 2809
5533 6000 2809
5533 6000 2809
5533 6000 2809
5533 6000 2809
5533 6000 2809
5533 6000 2809
5533 6000 2809
5271 9239 2810
5271 9239 2810
5271 9239 2810
5271 9239 2810
5271 9239 2810
5271 9239 2810
5271 9239 2810
5271 9239 2810
5271 9239 2810
5271 9239 2810
5271 9239 2810
5271 9239 2810
5271 9239 2810
6521 7673 2810
6521 7673 2810
6521 7673 2810
6521 7673 2810
6521 7673 2810
6521 7673 2810
6521 7673 2810
6521 7673 2810
6521 7673 2810
6521 7673 2810
6521 7673 2810
6521 7673 2810
6521 7673 2810
7757 8458 2811
7757 8458 2811
7757 8458 2811
7757 8458 2811
7757 8458 2811
7757 8458 2811
7757 8458 2811
7757 8458 2811
7757 8458 2811
7757 8458 2811
7757 8458 2811
7757 8458 2811
8781 5260 2811
8781 5260 2811
8781 5260 2811
8781 5260 2811
8781 5260 2811
8781 5260 2811
8781 5260 2811
8781 5260 2811
8781 5260 2811
8781 5260 2811
8781 5260 2811
8781 5260 2811
9670 6507 2812
9670 6507 2812
9670 6507 2812
9670 6507 2812
9670 6507 2812
9670 6507 2812
9670 6507 2812
9670 6507 2812
9670 6507 2812
9670 6507 2812
9670 6507 2812
9670 6507 2812
9670 6507 2812
7763 6541 2812
7763 6541 2812
7763 6541 2812
7763 6541 2812
7763 6541 2812
7763 6541 2812
7763 6541 2812
7763 6541 2812
7763 6541 2812
7763 6541 2812
7763 6541 2812
7763 6541 2812
9273 5491 2812
9273 5491 2812
9273 5491 2812
9273 5491 2812
9273 5491 2812
9273 5491 2812
9273 5491 2812
9273 5491 2812
9273 5491 2812
9273 5491 2812
9273 5491 2812
9273 5491 2812
9273 5491 2812
5268 5391 2812
5268 5391 2812
5268 5391 2812
5268 5391 2812
5268 5391 2812
5268 5391 2812
5268 5391 2812
5268 5391 2812
5268 5391 2812
5268 5391 2812
5268 5391 2812
5268 5391 2812
5268 5391 2812
8431 6561 2812
8431 6561 2812
8431 6561 2812
8431 6561 2812
8431 6561 2812
8431 6561 2812
8431 6561 2812
8431 6561 2812
8431 6561 2812
8431 6561 2812
8431 6561 2812
8431 6561 2812
5448 5281 2813
5448 5281 2813
5448 5281 2813
5448 5281 2813
5448 5281 2813
5448 5281 2813
5448 5281 2813
5448 5281 2813
5448 5281 2813
5448 5281 2813
5448 5281 2813
5448 5281 2813
5448 5281 2813
5522 5990 2813
5522 5990 2813
5522 5990 2813
5522 5990 2813
5522 5990 2813
5522 5990 2813
5522 5990 2813
5522 5990 2813
5522 5990 2813
5522 5990 2813
5522 5990 2813
5522 5990 2813
5522 5990 2813
7661 7876 2813
7661 7876 2813
7661 7876 2813
7661 7876 2813
7661 7876 2813
7661 7876 2813
7661 7876 2813
7661 7876 2813
7661 7876 2813
7661 7876 2813
7661 7876 2813
7661 7876 2813
5575 5527 2814
5575 5527 2814
5575 5527 2814
5575 5527 2814
5575 5527 2814
5575 5527 2814
5575 5527 2814
5575 5527 2814
5575 5527 2814
5575 5527 2814
5575 5527 2814
5575 5527 2814
5575 5527 2814
6499 7496 2814
6499 7496 2814
6499 7496 2814
6499 7496 2814
6499 7496 2814
6499 7496 2814
6499 7496 2814
6499 7496 2814
6499 7496 2814
6499 7496 2814
6499 7496 2814
6499 7496 2814
8746 5448 2814
8746 5448 2814
8746 5448 2814
8746 5448 2814
8746 5448 2814
8746 5448 2814
8746 5448 2814
8746 5448 2814
8746 5448 2814
8746 5448 2814
8746 5448 2814
8746 5448 2814
5423 5267 2815
5423 5267 2815
5423 5267 2815
5423 5267 2815
5423 5267 2815
5423 5267 2815
5423 5267 2815
5423 5267 2815
5423 5267 2815
5423 5267 2815
5423 5267 2815
5423 5267 2815
5423 5267 2815
5280 5396 2815
5280 5396 2815
5280 5396 2815
5280 5396 2815
5280 5396 2815
5280 5396 2815
5280 5396 2815
5280 5396 2815
5280 5396 2815
5280 5396 2815
5280 5396 2815
5280 5396 2815
5282 6601 2815
5282 6601 2815
5282 6601 2815
5282 6601 2815
5282 6601 2815
5282 6601 2815
5282 6601 2815
5282 6601 2815
5282 6601 2815
5282 6601 2815
5282 6601 2815
5282 6601 2815
8458 5375 2815
8458 5375 2815
8458 5375 2815
8458 5375 2815
8458 5375 2815
8458 5375 2815
8458 5375 2815
8458 5375 2815
8458 5375 2815
8458 5375 2815
8458 5375 2815
8458 5375 2815
8458 5375 2815
7691 7713 2815
7691 7713 2815
7691 7713 2815
7691 7713 2815
7691 7713 2815
7691 7713 2815
7691 7713 2815
7691 7713 2815
7691 7713 2815
7691 7713 2815
7691 7713 2815
7691 7713 2815
8443 7762 2815
8443 7762 2815
8443 7762 2815
8443 7762 2815
8443 7762 2815
8443 7762 2815
8443 7762 2815
8443 7762 2815
8443 7762 2815
8443 7762 2815
8443 7762 2815
8443 7762 2815
8443 7762 2815
5261 8434 2815
5261 8434 2815
5261 8434 2815
5261 8434 2815
5261 8434 2815
5261 8434 2815
5261 8434 2815
5261 8434 2815
5261 8434 2815
5261 8434 2815
5261 8434 2815
5261 8434 2815
7633 7946 2816
7633 7946 2816
7633 7946 2816
7633 7946 2816
7633 7946 2816
7633 7946 2816
7633 7946 2816
7633 7946 2816
7633 7946 2816
7633 7946 2816
7633 7946 2816
7633 7946 2816
5445 9261 2816
5445 9261 2816
5445 9261 2816
5445 9261 2816
5445 9261 2816
5445 9261 2816
5445 9261 2816
5445 9261 2816
5445 9261 2816
5445 9261 2816
5445 9261 2816
5445 9261 2816
6489 6469 2816
6489 6469 2816
6489 6469 2816
6489 6469 2816
6489 6469 2816
6489 6469 2816
6489 6469 2816
6489 6469 2816
6489 6469 2816
6489 6469 2816
6489 6469 2816
6489 6469 2816
6489 6469 2816
7646 7518 2816
7646 7518 2816
7646 7518 2816
7646 7518 2816
7646 7518 2816
7646 7518 2816
7646 7518 2816
7646 7518 2816
7646 7518 2816
7646 7518 2816
7646 7518 2816
7646 7518 2816
7646 7518 2816
6582 6544 2817
6582 6544 2817
6582 6544 2817
6582 6544 2817
6582 6544 2817
6582 6544 2817
6582 6544 2817
6582 6544 2817
6582 6544 2817
6582 6544 2817
6582 6544 2817
6582 6544 2817
5358 6542 2817
5358 6542 2817
5358 6542 2817
5358 6542 2817
5358 6542 2817
5358 6542 2817
5358 6542 2817
5358 6542 2817
5358 6542 2817
5358 6542 2817
5358 6542 2817
5358 6542 2817
5443 5489 2817
5443 5489 2817
5443 5489 2817
5443 5489 2817
5443 5489 2817
5443 5489 2817
5443 5489 2817
5443 5489 2817
5443 5489 2817
5443 5489 2817
5443 5489 2817
5443 5489 2817
9164 5343 2818
9164 5343 2818
9164 5343 2818
9164 5343 2818
9164 5343 2818
9164 5343 2818
9164 5343 2818
9164 5343 2818
9164 5343 2818
9164 5343 2818
9164 5343 2818
9164 5343 2818
9164 5343 2818
7823 7656 2818
7823 7656 2818
7823 7656 2818
7823 7656 2818
7823 7656 2818
7823 7656 2818
7823 7656 2818
7823 7656 2818
7823 7656 2818
7823 7656 2818
7823 7656 2818
7823 7656 2818
5444 6092 2818
5444 6092 2818
5444 6092 2818
5444 6092 2818
5444 6092 2818
5444 6092 2818
5444 6092 2818
5444 6092 2818
5444 6092 2818
5444 6092 2818
5444 6092 2818
5444 6092 2818
5444 6092 2818
5365 6060 2818
5365 6060 2818
5365 6060 2818
5365 6060 2818
5365 6060 2818
5365 6060 2818
5365 6060 2818
5365 6060 2818
5365 6060 2818
5365 6060 2818
5365 6060 2818
5365 6060 2818
5365 6060 2818
5400 5254 2818
5400 5254 2818
5400 5254 2818
5400 5254 2818
5400 5254 2818
5400 5254 2818
5400 5254 2818
5400 5254 2818
5400 5254 2818
5400 5254 2818
5400 5254 2818
5400 5254 2818
5400 5254 2818
7695 7926 2819
7695 7926 2819
7695 7926 2819
7695 7926 2819
7695 7926 2819
7695 7926 2819
7695 7926 2819
7695 7926 2819
7695 7926 2819
7695 7926 2819
7695 7926 2819
7695 7926 2819
7773 7682 2819
7773 7682 2819
7773 7682 2819
7773 7682 2819
7773 7682 2819
7773 7682 2819
7773 7682 2819
7773 7682 2819
7773 7682 2819
7773 7682 2819
7773 7682 2819
7773 7682 2819
7544 7869 2819
7544 7869 2819
7544 7869 2819
7544 7869 2819
7544 7869 2819
7544 7869 2819
7544 7869 2819
7544 7869 2819
7544 7869 2819
7544 7869 2819
7544 7869 2819
7544 7869 2819
6602 8469 2819
6602 8469 2819
6602 8469 2819
6602 8469 2819
6602 8469 2819
6602 8469 2819
6602 8469 2819
6602 8469 2819
6602 8469 2819
6602 8469 2819
6602 8469 2819
6602 8469 2819
6602 8469 2819
9271 5488 2819
9271 5488 2819
9271 5488 2819
9271 5488 2819
9271 5488 2819
9271 5488 2819
9271 5488 2819
9271 5488 2819
9271 5488 2819
9271 5488 2819
9271 5488 2819
9271 5488 2819
7971 7827 2819
7971 7827 2819
7971 7827 2819
7971 7827 2819
7971 7827 2819
7971 7827 2819
7971 7827 2819
7971 7827 2819
7971 7827 2819
7971 7827 2819
7971 7827 2819
7971 7827 2819
5262 5466 2819
5262 5466 2819
5262 5466 2819
5262 5466 2819
5262 5466 2819
5262 5466 2819
5262 5466 2819
5262 5466 2819
5262 5466 2819
5262 5466 2819
5262 5466 2819
5262 5466 2819
7453 6461 2819
7453 6461 2819
7453 6461 2819
7453 6461 2819
7453 6461 2819
7453 6461 2819
7453 6461 2819
7453 6461 2819
7453 6461 2819
7453 6461 2819
7453 6461 2819
7453 6461 2819
7453 6461 2819
6542 5359 2819
6542 5359 2819
6542 5359 2819
6542 5359 2819
6542 5359 2819
6542 5359 2819
6542 5359 2819
6542 5359 2819
6542 5359 2819
6542 5359 2819
6542 5359 2819
6542 5359 2819
6542 5359 2819
7633 7723 2819
7633 7723 2819
7633 7723 2819
7633 7723 2819
7633 7723 2819
7633 7723 2819
7633 7723 2819
7633 7723 2819
7633 7723 2819
7633 7723 2819
7633 7723 2819
7633 7723 2819
7633 7723 2819
6531 7726 2820
6531 7726 2820
6531 7726 2820
6531 7726 2820
6531 7726 2820
6531 7726 2820
6531 7726 2820
6531 7726 2820
6531 7726 2820
6531 7726 2820
6531 7726 2820
6531 7726 2820
5499 9205 2821
5499 9205 2821
5499 9205 2821
5499 9205 2821
5499 9205 2821
5499 9205 2821
5499 9205 2821
5499 9205 2821
5499 9205 2821
5499 9205 2821
5499 9205 2821
5499 9205 2821
5499 9205 2821
6581 6545 2821
6581 6545 2821
6581 6545 2821
6581 6545 2821
6581 6545 2821
6581 6545 2821
6581 6545 2821
6581 6545 2821
6581 6545 2821
6581 6545 2821
6581 6545 2821
6581 6545 2821
5412 5304 2822
5412 5304 2822
5412 5304 2822
5412 5304 2822
5412 5304 2822
5412 5304 2822
5412 5304 2822
5412 5304 2822
5412 5304 2822
5412 5304 2822
5412 5304 2822
5412 5304 2822
5412 5304 2822
7723 7732 2822
7723 7732 2822
7723 7732 2822
7723 7732 2822
7723 7732 2822
7723 7732 2822
7723 7732 2822
7723 7732 2822
7723 7732 2822
7723 7732 2822
7723 7732 2822
7723 7732 2822
8431 8673 2822
8431 8673 2822
8431 8673 2822
8431 8673 2822
8431 8673 2822
8431 8673 2822
8431 8673 2822
8431 8673 2822
8431 8673 2822
8431 8673 2822
8431 8673 2822
8431 8673 2822
7690 6449 2822
7690 6449 2822
7690 6449 2822
7690 6449 2822
7690 6449 2822
7690 6449 2822
7690 6449 2822
7690 6449 2822
7690 6449 2822
7690 6449 2822
7690 6449 2822
7690 6449 2822
7690 6449 2822
8447 6593 2822
8447 6593 2822
8447 6593 2822
8447 6593 2822
8447 6593 2822
8447 6593 2822
8447 6593 2822
8447 6593 2822
8447 6593 2822
8447 6593 2822
8447 6593 2822
8447 6593 2822
8443 6575 2823
8443 6575 2823
8443 6575 2823
8443 6575 2823
8443 6575 2823
8443 6575 2823
8443 6575 2823
8443 6575 2823
8443 6575 2823
8443 6575 2823
8443 6575 2823
8443 6575 2823
8443 6575 2823
8472 9714 2824
8472 9714 2824
8472 9714 2824
8472 9714 2824
8472 9714 2824
8472 9714 2824
8472 9714 2824
8472 9714 2824
8472 9714 2824
8472 9714 2824
8472 9714 2824
8472 9714 2824
8472 9714 2824
8797 9220 2825
8797 9220 2825
8797 9220 2825
8797 9220 2825
8797 9220 2825
8797 9220 2825
8797 9220 2825
8797 9220 2825
8797 9220 2825
8797 9220 2825
8797 9220 2825
8797 9220 2825
8797 9220 2825
9156 5298 2825
9156 5298 2825
9156 5298 2825
9156 5298 2825
9156 5298 2825
9156 5298 2825
9156 5298 2825
9156 5298 2825
9156 5298 2825
9156 5298 2825
9156 5298 2825
9156 5298 2825
9156 5298 2825
5444 6018 2825
5444 6018 2825
5444 6018 2825
5444 6018 2825
5444 6018 2825
5444 6018 2825
5444 6018 2825
5444 6018 2825
5444 6018 2825
5444 6018 2825
5444 6018 2825
5444 6018 2825
7754 6538 2825
7754 6538 2825
7754 6538 2825
7754 6538 2825
7754 6538 2825
7754 6538 2825
7754 6538 2825
7754 6538 2825
7754 6538 2825
7754 6538 2825
7754 6538 2825
7754 6538 2825
5315 9158 2826
5315 9158 2826
5315 9158 2826
5315 9158 2826
5315 9158 2826
5315 9158 2826
5315 9158 2826
5315 9158 2826
5315 9158 2826
5315 9158 2826
5315 9158 2826
5315 9158 2826
5315 9158 2826
6557 7689 2826
6557 7689 2826
6557 7689 2826
6557 7689 2826
6557 7689 2826
6557 7689 2826
6557 7689 2826
6557 7689 2826
6557 7689 2826
6557 7689 2826
6557 7689 2826
6557 7689 2826
6557 7689 2826
7485 9652 2826
7485 9652 2826
7485 9652 2826
7485 9652 2826
7485 9652 2826
7485 9652 2826
7485 9652 2826
7485 9652 2826
7485 9652 2826
7485 9652 2826
7485 9652 2826
7485 9652 2826
7728 7830 2827
7728 7830 2827
7728 7830 2827
7728 7830 2827
7728 7830 2827
7728 7830 2827
7728 7830 2827
7728 7830 2827
7728 7830 2827
7728 7830 2827
7728 7830 2827
7728 7830 2827
7728 7830 2827
7731 6569 2827
7731 6569 2827
7731 6569 2827
7731 6569 2827
7731 6569 2827
7731 6569 2827
7731 6569 2827
7731 6569 2827
7731 6569 2827
7731 6569 2827
7731 6569 2827
7731 6569 2827
7731 6569 2827
6409 6584 2827
6409 6584 2827
6409 6584 2827
6409 6584 2827
6409 6584 2827
6409 6584 2827
6409 6584 2827
6409 6584 2827
6409 6584 2827
6409 6584 2827
6409 6584 2827
6409 6584 2827
6409 6584 2827
5409 5264 2827
5409 5264 2827
5409 5264 2827
5409 5264 2827
5409 5264 2827
5409 5264 2827
5409 5264 2827
5409 5264 2827
5409 5264 2827
5409 5264 2827
5409 5264 2827
5409 5264 2827
7770 6587 2827
7770 6587 2827
7770 6587 2827
7770 6587 2827
7770 6587 2827
7770 6587 2827
7770 6587 2827
7770 6587 2827
7770 6587 2827
7770 6587 2827
7770 6587 2827
7770 6587 2827
9220 5494 2827
9220 5494 2827
9220 5494 2827
9220 5494 2827
9220 5494 2827
9220 5494 2827
9220 5494 2827
9220 5494 2827
9220 5494 2827
9220 5494 2827
9220 5494 2827
9220 5494 2827
6584 6490 2828
6584 6490 2828
6584 6490 2828
6584 6490 2828
6584 6490 2828
6584 6490 2828
6584 6490 2828
6584 6490 2828
6584 6490 2828
6584 6490 2828
6584 6490 2828
6584 6490 2828
8481 7732 2828
8481 7732 2828
8481 7732 2828
8481 7732 2828
8481 7732 2828
8481 7732 2828
8481 7732 2828
8481 7732 2828
8481 7732 2828
8481 7732 2828
8481 7732 2828
8481 7732 2828
6334 7516 2829
6334 7516 2829
6334 7516 2829
6334 7516 2829
6334 7516 2829
6334 7516 2829
6334 7516 2829
6334 7516 2829
6334 7516 2829
6334 7516 2829
6334 7516 2829
6334 7516 2829
5283 6418 2829
5283 6418 2829
5283 6418 2829
5283 6418 2829
5283 6418 2829
5283 6418 2829
5283 6418 2829
5283 6418 2829
5283 6418 2829
5283 6418 2829
5283 6418 2829
5283 6418 2829
5283 6418 2829
6597 7687 2829
6597 7687 2829
6597 7687 2829
6597 7687 2829
6597 7687 2829
6597 7687 2829
6597 7687 2829
6597 7687 2829
6597 7687 2829
6597 7687 2829
6597 7687 2829
6597 7687 2829
5377 5298 2829
5377 5298 2829
5377 5298 2829
5377 5298 2829
5377 5298 2829
5377 5298 2829
5377 5298 2829
5377 5298 2829
5377 5298 2829
5377 5298 2829
5377 5298 2829
5377 5298 2829
5450 5284 2830
5450 5284 2830
5450 5284 2830
5450 5284 2830
5450 5284 2830
5450 5284 2830
5450 5284 2830
5450 5284 2830
5450 5284 2830
5450 5284 2830
5450 5284 2830
5450 5284 2830
5450 5284 2830
5990 5544 2830
5990 5544 2830
5990 5544 2830
5990 5544 2830
5990 5544 2830
5990 5544 2830
5990 5544 2830
5990 5544 2830
5990 5544 2830
5990 5544 2830
5990 5544 2830
5990 5544 2830
5990 5544 2830
6382 6366 2830
6382 6366 2830
6382 6366 2830
6382 6366 2830
6382 6366 2830
6382 6366 2830
6382 6366 2830
6382 6366 2830
6382 6366 2830
6382 6366 2830
6382 6366 2830
6382 6366 2830
6382 6366 2830
8473 5989 2831
8473 5989 2831
8473 5989 2831
8473 5989 2831
8473 5989 2831
8473 5989 2831
8473 5989 2831
8473 5989 2831
8473 5989 2831
8473 5989 2831
8473 5989 2831
8473 5989 2831
8473 5989 2831
6489 7684 2831
6489 7684 2831
6489 7684 2831
6489 7684 2831
6489 7684 2831
6489 7684 2831
6489 7684 2831
6489 7684 2831
6489 7684 2831
6489 7684 2831
6489 7684 2831
6489 7684 2831
6489 7684 2831
6610 7946 2831
6610 7946 2831
6610 7946 2831
6610 7946 2831
6610 7946 2831
6610 7946 2831
6610 7946 2831
6610 7946 2831
6610 7946 2831
6610 7946 2831
6610 7946 2831
6610 7946 2831
7701 6525 2832
7701 6525 2832
7701 6525 2832
7701 6525 2832
7701 6525 2832
7701 6525 2832
7701 6525 2832
7701 6525 2832
7701 6525 2832
7701 6525 2832
7701 6525 2832
7701 6525 2832
7701 6525 2832
6483 6367 2832
6483 6367 2832
6483 6367 2832
6483 6367 2832
6483 6367 2832
6483 6367 2832
6483 6367 2832
6483 6367 2832
6483 6367 2832
6483 6367 2832
6483 6367 2832
6483 6367 2832
6483 6367 2832
8451 7716 2833
8451 7716 2833
8451 7716 2833
8451 7716 2833
8451 7716 2833
8451 7716 2833
8451 7716 2833
8451 7716 2833
8451 7716 2833
8451 7716 2833
8451 7716 2833
8451 7716 2833
7698 8466 2833
7698 8466 2833
7698 8466 2833
7698 8466 2833
7698 8466 2833
7698 8466 2833
7698 8466 2833
7698 8466 2833
7698 8466 2833
7698 8466 2833
7698 8466 2833
7698 8466 2833
5274 9222 2833
5274 9222 2833
5274 9222 2833
5274 9222 2833
5274 9222 2833
5274 9222 2833
5274 9222 2833
5274 9222 2833
5274 9222 2833
5274 9222 2833
5274 9222 2833
5274 9222 2833
5274 9222 2833
7770 6564 2833
7770 6564 2833
7770 6564 2833
7770 6564 2833
7770 6564 2833
7770 6564 2833
7770 6564 2833
7770 6564 2833
7770 6564 2833
7770 6564 2833
7770 6564 2833
7770 6564 2833
7770 6564 2833
7962 7903 2833
7962 7903 2833
7962 7903 2833
7962 7903 2833
7962 7903 2833
7962 7903 2833
7962 7903 2833
7962 7903 2833
7962 7903 2833
7962 7903 2833
7962 7903 2833
7962 7903 2833
7723 5988 2834
7723 5988 2834
7723 5988 2834
7723 5988 2834
7723 5988 2834
7723 5988 2834
7723 5988 2834
7723 5988 2834
7723 5988 2834
7723 5988 2834
7723 5988 2834
7723 5988 2834
7723 5988 2834
5370 5305 2834
5370 5305 2834
5370 5305 2834
5370 5305 2834
5370 5305 2834
5370 5305 2834
5370 5305 2834
5370 5305 2834
5370 5305 2834
5370 5305 2834
5370 5305 2834
5370 5305 2834
5370 5305 2834
5360 8672 2834
5360 8672 2834
5360 8672 2834
5360 8672 2834
5360 8672 2834
5360 8672 2834
5360 8672 2834
5360 8672 2834
5360 8672 2834
5360 8672 2834
5360 8672 2834
5360 8672 2834
5422 5279 2835
5422 5279 2835
5422 5279 2835
5422 5279 2835
5422 5279 2835
5422 5279 2835
5422 5279 2835
5422 5279 2835
5422 5279 2835
5422 5279 2835
5422 5279 2835
5422 5279 2835
6556 8449 2836
6556 8449 2836
6556 8449 2836
6556 8449 2836
6556 8449 2836
6556 8449 2836
6556 8449 2836
6556 8449 2836
6556 8449 2836
6556 8449 2836
6556 8449 2836
6556 8449 2836
6556 8449 2836
7720 5423 2836
7720 5423 2836
7720 5423 2836
7720 5423 2836
7720 5423 2836
7720 5423 2836
7720 5423 2836
7720 5423 2836
7720 5423 2836
7720 5423 2836
7720 5423 2836
7720 5423 2836
7766 6380 2836
7766 6380 2836
7766 6380 2836
7766 6380 2836
7766 6380 2836
7766 6380 2836
7766 6380 2836
7766 6380 2836
7766 6380 2836
7766 6380 2836
7766 6380 2836
7766 6380 2836
6585 6609 2836
6585 6609 2836
6585 6609 2836
6585 6609 2836
6585 6609 2836
6585 6609 2836
6585 6609 2836
6585 6609 2836
6585 6609 2836
6585 6609 2836
6585 6609 2836
6585 6609 2836
6585 6609 2836
8473 6019 2836
8473 6019 2836
8473 6019 2836
8473 6019 2836
8473 6019 2836
8473 6019 2836
8473 6019 2836
8473 6019 2836
8473 6019 2836
8473 6019 2836
8473 6019 2836
8473 6019 2836
8473 6019 2836
7693 5364 2837
7693 5364 2837
7693 5364 2837
7693 5364 2837
7693 5364 2837
7693 5364 2837
7693 5364 2837
7693 5364 2837
7693 5364 2837
7693 5364 2837
7693 5364 2837
7693 5364 2837
6587 6555 2838
6587 6555 2838
6587 6555 2838
6587 6555 2838
6587 6555 2838
6587 6555 2838
6587 6555 2838
6587 6555 2838
6587 6555 2838
6587 6555 2838
6587 6555 2838
6587 6555 2838
6587 6555 2838
5507 5284 2838
5507 5284 2838
5507 5284 2838
5507 5284 2838
5507 5284 2838
5507 5284 2838
5507 5284 2838
5507 5284 2838
5507 5284 2838
5507 5284 2838
5507 5284 2838
5507 5284 2838
5507 5284 2838
5308 5456 2841
5308 5456 2841
5308 5456 2841
5308 5456 2841
5308 5456 2841
5308 5456 2841
5308 5456 2841
5308 5456 2841
5308 5456 2841
5308 5456 2841
5308 5456 2841
5308 5456 2841
5308 5456 2841
5280 5359 2841
5280 5359 2841
5280 5359 2841
5280 5359 2841
5280 5359 2841
5280 5359 2841
5280 5359 2841
5280 5359 2841
5280 5359 2841
5280 5359 2841
5280 5359 2841
5280 5359 2841
6594 8436 2843
6594 8436 2843
6594 8436 2843
6594 8436 2843
6594 8436 2843
6594 8436 2843
6594 8436 2843
6594 8436 2843
6594 8436 2843
6594 8436 2843
6594 8436 2843
6594 8436 2843
7690 6563 2845
7690 6563 2845
7690 6563 2845
7690 6563 2845
7690 6563 2845
7690 6563 2845
7690 6563 2845
7690 6563 2845
7690 6563 2845
7690 6563 2845
7690 6563 2845
7690 6563 2845
7690 6563 2845
7727 8457 2847
7727 8457 2847
7727 8457 2847
7727 8457 2847
7727 8457 2847
7727 8457 2847
7727 8457 2847
7727 8457 2847
7727 8457 2847
7727 8457 2847
7727 8457 2847
7727 8457 2847
6448 6585 2849
6448 6585 2849
6448 6585 2849
6448 6585 2849
6448 6585 2849
6448 6585 2849
6448 6585 2849
6448 6585 2849
6448 6585 2849
6448 6585 2849
6448 6585 2849
6448 6585 2849
6448 6585 2849
8840 5463 2853
8840 5463 2853
8840 5463 2853
8840 5463 2853
8840 5463 2853
8840 5463 2853
8840 5463 2853
8840 5463 2853
8840 5463 2853
8840 5463 2853
8840 5463 2853
8840 5463 2853
6009 5390 2853
6009 5390 2853
6009 5390 2853
6009 5390 2853
6009 5390 2853
6009 5390 2853
6009 5390 2853
6009 5390 2853
6009 5390 2853
6009 5390 2853
6009 5390 2853
6009 5390 2853
8707 5266 2853
8707 5266 2853
8707 5266 2853
8707 5266 2853
8707 5266 2853
8707 5266 2853
8707 5266 2853
8707 5266 2853
8707 5266 2853
8707 5266 2853
8707 5266 2853
8707 5266 2853
8707 5266 2853
5361 6039 2861
5361 6039 2861
5361 6039 2861
5361 6039 2861
5361 6039 2861
5361 6039 2861
5361 6039 2861
5361 6039 2861
5361 6039 2861
5361 6039 2861
5361 6039 2861
5361 6039 2861
5361 6039 2861
5397 6564 2865
5397 6564 2865
5397 6564 2865
5397 6564 2865
5397 6564 2865
5397 6564 2865
5397 6564 2865
5397 6564 2865
5397 6564 2865
5397 6564 2865
5397 6564 2865
5397 6564 2865
5554 5460 2870
5554 5460 2870
5554 5460 2870
5554 5460 2870
5554 5460 2870
5554 5460 2870
5554 5460 2870
5554 5460 2870
5554 5460 2870
5554 5460 2870
5554 5460 2870
5554 5460 2870
9615 7481 2870
9615 7481 2870
9615 7481 2870
9615 7481 2870
9615 7481 2870
9615 7481 2870
9615 7481 2870
9615 7481 2870
9615 7481 2870
9615 7481 2870
9615 7481 2870
9615 7481 2870
6380 5360 2873
6380 5360 2873
6380 5360 2873
6380 5360 2873
6380 5360 2873
6380 5360 2873
6380 5360 2873
6380 5360 2873
6380 5360 2873
6380 5360 2873
6380 5360 2873
6380 5360 2873
6380 5360 2873
7895 7746 2874
7895 7746 2874
7895 7746 2874
7895 7746 2874
7895 7746 2874
7895 7746 2874
7895 7746 2874
7895 7746 2874
7895 7746 2874
7895 7746 2874
7895 7746 2874
7895 7746 2874
7895 7746 2874
7874 7800 2874
7874 7800 2874
7874 7800 2874
7874 7800 2874
7874 7800 2874
7874 7800 2874
7874 7800 2874
7874 7800 2874
7874 7800 2874
7874 7800 2874
7874 7800 2874
7874 7800 2874
5410 8476 2874
5410 8476 2874
5410 8476 2874
5410 8476 2874
5410 8476 2874
5410 8476 2874
5410 8476 2874
5410 8476 2874
5410 8476 2874
5410 8476 2874
5410 8476 2874
5410 8476 2874
7487 6517 2884
7487 6517 2884
7487 6517 2884
7487 6517 2884
7487 6517 2884
7487 6517 2884
7487 6517 2884
7487 6517 2884
7487 6517 2884
7487 6517 2884
7487 6517 2884
7487 6517 2884
7487 6517 2884
8465 5416 2885
8465 5416 2885
8465 5416 2885
8465 5416 2885
8465 5416 2885
8465 5416 2885
8465 5416 2885
8465 5416 2885
8465 5416 2885
8465 5416 2885
8465 5416 2885
8465 5416 2885
5359 6604 2885
5359 6604 2885
5359 6604 2885
5359 6604 2885
5359 6604 2885
5359 6604 2885
5359 6604 2885
5359 6604 2885
5359 6604 2885
5359 6604 2885
5359 6604 2885
5359 6604 2885
5359 6604 2885
6550 6460 2886
6550 6460 2886
6550 6460 2886
6550 6460 2886
6550 6460 2886
6550 6460 2886
6550 6460 2886
6550 6460 2886
6550 6460 2886
6550 6460 2886
6550 6460 2886
6550 6460 2886
6550 6460 2886
7707 6601 2887
7707 6601 2887
7707 6601 2887
7707 6601 2887
7707 6601 2887
7707 6601 2887
7707 6601 2887
7707 6601 2887
7707 6601 2887
7707 6601 2887
7707 6601 2887
7707 6601 2887
6557 7723 2887
6557 7723 2887
6557 7723 2887
6557 7723 2887
6557 7723 2887
6557 7723 2887
6557 7723 2887
6557 7723 2887
6557 7723 2887
6557 7723 2887
6557 7723 2887
6557 7723 2887
6557 7723 2887
6564 6612 2888
6564 6612 2888
6564 6612 2888
6564 6612 2888
6564 6612 2888
6564 6612 2888
6564 6612 2888
6564 6612 2888
6564 6612 2888
6564 6612 2888
6564 6612 2888
6564 6612 2888
6564 6612 2888
6544 8458 2888
6544 8458 2888
6544 8458 2888
6544 8458 2888
6544 8458 2888
6544 8458 2888
6544 8458 2888
6544 8458 2888
6544 8458 2888
6544 8458 2888
6544 8458 2888
6544 8458 2888
6544 8458 2888
5564 6083 2889
5564 6083 2889
5564 6083 2889
5564 6083 2889
5564 6083 2889
5564 6083 2889
5564 6083 2889
5564 6083 2889
5564 6083 2889
5564 6083 2889
5564 6083 2889
5564 6083 2889
5564 6083 2889
5320 5380 2889
5320 5380 2889
5320 5380 2889
5320 5380 2889
5320 5380 2889
5320 5380 2889
5320 5380 2889
5320 5380 2889
5320 5380 2889
5320 5380 2889
5320 5380 2889
5320 5380 2889
5262 8445 2891
5262 8445 2891
5262 8445 2891
5262 8445 2891
5262 8445 2891
5262 8445 2891
5262 8445 2891
5262 8445 2891
5262 8445 2891
5262 8445 2891
5262 8445 2891
5262 8445 2891
5262 8445 2891
8375 7862 2892
8375 7862 2892
8375 7862 2892
8375 7862 2892
8375 7862 2892
8375 7862 2892
8375 7862 2892
8375 7862 2892
8375 7862 2892
8375 7862 2892
8375 7862 2892
8375 7862 2892
7711 6593 2892
7711 6593 2892
7711 6593 2892
7711 6593 2892
7711 6593 2892
7711 6593 2892
7711 6593 2892
7711 6593 2892
7711 6593 2892
7711 6593 2892
7711 6593 2892
7711 6593 2892
8438 7717 2893
8438 7717 2893
8438 7717 2893
8438 7717 2893
8438 7717 2893
8438 7717 2893
8438 7717 2893
8438 7717 2893
8438 7717 2893
8438 7717 2893
8438 7717 2893
8438 7717 2893
8438 7717 2893
6554 6369 2893
6554 6369 2893
6554 6369 2893
6554 6369 2893
6554 6369 2893
6554 6369 2893
6554 6369 2893
6554 6369 2893
6554 6369 2893
6554 6369 2893
6554 6369 2893
6554 6369 2893
6554 6369 2893
8454 7774 2893
8454 7774 2893
8454 7774 2893
8454 7774 2893
8454 7774 2893
8454 7774 2893
8454 7774 2893
8454 7774 2893
8454 7774 2893
8454 7774 2893
8454 7774 2893
8454 7774 2893
8454 7774 2893
7964 6440 2894
7964 6440 2894
7964 6440 2894
7964 6440 2894
7964 6440 2894
7964 6440 2894
7964 6440 2894
7964 6440 2894
7964 6440 2894
7964 6440 2894
7964 6440 2894
7964 6440 2894
6536 6475 2894
6536 6475 2894
6536 6475 2894
6536 6475 2894
6536 6475 2894
6536 6475 2894
6536 6475 2894
6536 6475 2894
6536 6475 2894
6536 6475 2894
6536 6475 2894
6536 6475 2894
6536 6475 2894
7907 8373 2894
7907 8373 2894
7907 8373 2894
7907 8373 2894
7907 8373 2894
7907 8373 2894
7907 8373 2894
7907 8373 2894
7907 8373 2894
7907 8373 2894
7907 8373 2894
7907 8373 2894
7907 8373 2894
7738 6505 2895
7738 6505 2895
7738 6505 2895
7738 6505 2895
7738 6505 2895
7738 6505 2895
7738 6505 2895
7738 6505 2895
7738 6505 2895
7738 6505 2895
7738 6505 2895
7738 6505 2895
7738 6505 2895
8455 8436 2895
8455 8436 2895
8455 8436 2895
8455 8436 2895
8455 8436 2895
8455 8436 2895
8455 8436 2895
8455 8436 2895
8455 8436 2895
8455 8436 2895
8455 8436 2895
8455 8436 2895
6002 5428 2895
6002 5428 2895
6002 5428 2895
6002 5428 2895
6002 5428 2895
6002 5428 2895
6002 5428 2895
6002 5428 2895
6002 5428 2895
6002 5428 2895
6002 5428 2895
6002 5428 2895
6002 5428 2895
6031 5999 2895
6031 5999 2895
6031 5999 2895
6031 5999 2895
6031 5999 2895
6031 5999 2895
6031 5999 2895
6031 5999 2895
6031 5999 2895
6031 5999 2895
6031 5999 2895
6031 5999 2895
6031 5999 2895
6352 7676 2897
6352 7676 2897
6352 7676 2897
6352 7676 2897
6352 7676 2897
6352 7676 2897
6352 7676 2897
6352 7676 2897
6352 7676 2897
6352 7676 2897
6352 7676 2897
6352 7676 2897
5991 6601 2897
5991 6601 2897
5991 6601 2897
5991 6601 2897
5991 6601 2897
5991 6601 2897
5991 6601 2897
5991 6601 2897
5991 6601 2897
5991 6601 2897
5991 6601 2897
5991 6601 2897
7841 7727 2897
7841 7727 2897
7841 7727 2897
7841 7727 2897
7841 7727 2897
7841 7727 2897
7841 7727 2897
7841 7727 2897
7841 7727 2897
7841 7727 2897
7841 7727 2897
7841 7727 2897
8455 6593 2898
8455 6593 2898
8455 6593 2898
8455 6593 2898
8455 6593 2898
8455 6593 2898
8455 6593 2898
8455 6593 2898
8455 6593 2898
8455 6593 2898
8455 6593 2898
8455 6593 2898
6583 9670 2898
6583 9670 2898
6583 9670 2898
6583 9670 2898
6583 9670 2898
6583 9670 2898
6583 9670 2898
6583 9670 2898
6583 9670 2898
6583 9670 2898
6583 9670 2898
6583 9670 2898
6583 9670 2898
5260 6350 2899
5260 6350 2899
5260 6350 2899
5260 6350 2899
5260 6350 2899
5260 6350 2899
5260 6350 2899
5260 6350 2899
5260 6350 2899
5260 6350 2899
5260 6350 2899
5260 6350 2899
5260 6350 2899
7947 7720 2899
7947 7720 2899
7947 7720 2899
7947 7720 2899
7947 7720 2899
7947 7720 2899
7947 7720 2899
7947 7720 2899
7947 7720 2899
7947 7720 2899
7947 7720 2899
7947 7720 2899
7947 7720 2899
6501 6460 2900
6501 6460 2900
6501 6460 2900
6501 6460 2900
6501 6460 2900
6501 6460 2900
6501 6460 2900
6501 6460 2900
6501 6460 2900
6501 6460 2900
6501 6460 2900
6501 6460 2900
6501 6460 2900
8446 6593 2900
8446 6593 2900
8446 6593 2900
8446 6593 2900
8446 6593 2900
8446 6593 2900
8446 6593 2900
8446 6593 2900
8446 6593 2900
8446 6593 2900
8446 6593 2900
8446 6593 2900
5443 5395 2900
5443 5395 2900
5443 5395 2900
5443 5395 2900
5443 5395 2900
5443 5395 2900
5443 5395 2900
5443 5395 2900
5443 5395 2900
5443 5395 2900
5443 5395 2900
5443 5395 2900
5443 5395 2900
7873 7850 2901
7873 7850 2901
7873 7850 2901
7873 7850 2901
7873 7850 2901
7873 7850 2901
7873 7850 2901
7873 7850 2901
7873 7850 2901
7873 7850 2901
7873 7850 2901
7873 7850 2901
5308 5535 2901
5308 5535 2901
5308 5535 2901
5308 5535 2901
5308 5535 2901
5308 5535 2901
5308 5535 2901
5308 5535 2901
5308 5535 2901
5308 5535 2901
5308 5535 2901
5308 5535 2901
7697 7759 2901
7697 7759 2901
7697 7759 2901
7697 7759 2901
7697 7759 2901
7697 7759 2901
7697 7759 2901
7697 7759 2901
7697 7759 2901
7697 7759 2901
7697 7759 2901
7697 7759 2901
9224 5275 2901
9224 5275 2901
9224 5275 2901
9224 5275 2901
9224 5275 2901
9224 5275 2901
9224 5275 2901
9224 5275 2901
9224 5275 2901
9224 5275 2901
9224 5275 2901
9224 5275 2901
9224 5275 2901
7726 6541 2902
7726 6541 2902
7726 6541 2902
7726 6541 2902
7726 6541 2902
7726 6541 2902
7726 6541 2902
7726 6541 2902
7726 6541 2902
7726 6541 2902
7726 6541 2902
7726 6541 2902
7726 6541 2902
5267 8699 2902
5267 8699 2902
5267 8699 2902
5267 8699 2902
5267 8699 2902
5267 8699 2902
5267 8699 2902
5267 8699 2902
5267 8699 2902
5267 8699 2902
5267 8699 2902
5267 8699 2902
5267 8699 2902
5426 6609 2902
5426 6609 2902
5426 6609 2902
5426 6609 2902
5426 6609 2902
5426 6609 2902
5426 6609 2902
5426 6609 2902
5426 6609 2902
5426 6609 2902
5426 6609 2902
5426 6609 2902
5426 6609 2902
5361 5445 2902
5361 5445 2902
5361 5445 2902
5361 5445 2902
5361 5445 2902
5361 5445 2902
5361 5445 2902
5361 5445 2902
5361 5445 2902
5361 5445 2902
5361 5445 2902
5361 5445 2902
6539 6346 2902
6539 6346 2902
6539 6346 2902
6539 6346 2902
6539 6346 2902
6539 6346 2902
6539 6346 2902
6539 6346 2902
6539 6346 2902
6539 6346 2902
6539 6346 2902
6539 6346 2902
6539 6346 2902
8468 7726 2902
8468 7726 2902
8468 7726 2902
8468 7726 2902
8468 7726 2902
8468 7726 2902
8468 7726 2902
8468 7726 2902
8468 7726 2902
8468 7726 2902
8468 7726 2902
8468 7726 2902
8468 7726 2902
6056 7725 2902
6056 7725 2902
6056 7725 2902
6056 7725 2902
6056 7725 2902
6056 7725 2902
6056 7725 2902
6056 7725 2902
6056 7725 2902
6056 7725 2902
6056 7725 2902
6056 7725 2902
6056 7725 2902
7687 6460 2902
7687 6460 2902
7687 6460 2902
7687 6460 2902
7687 6460 2902
7687 6460 2902
7687 6460 2902
7687 6460 2902
7687 6460 2902
7687 6460 2902
7687 6460 2902
7687 6460 2902
7947 7969 2902
7947 7969 2902
7947 7969 2902
7947 7969 2902
7947 7969 2902
7947 7969 2902
7947 7969 2902
7947 7969 2902
7947 7969 2902
7947 7969 2902
7947 7969 2902
7947 7969 2902
6328 6420 2903
6328 6420 2903
6328 6420 2903
6328 6420 2903
6328 6420 2903
6328 6420 2903
6328 6420 2903
6328 6420 2903
6328 6420 2903
6328 6420 2903
6328 6420 2903
6328 6420 2903
6328 6420 2903
6459 6596 2903
6459 6596 2903
6459 6596 2903
6459 6596 2903
6459 6596 2903
6459 6596 2903
6459 6596 2903
6459 6596 2903
6459 6596 2903
6459 6596 2903
6459 6596 2903
6459 6596 2903
7843 7661 2904
7843 7661 2904
7843 7661 2904
7843 7661 2904
7843 7661 2904
7843 7661 2904
7843 7661 2904
7843 7661 2904
7843 7661 2904
7843 7661 2904
7843 7661 2904
7843 7661 2904
6032 5985 2904
6032 5985 2904
6032 5985 2904
6032 5985 2904
6032 5985 2904
6032 5985 2904
6032 5985 2904
6032 5985 2904
6032 5985 2904
6032 5985 2904
6032 5985 2904
6032 5985 2904
6032 5985 2904
9615 7485 2904
9615 7485 2904
9615 7485 2904
9615 7485 2904
9615 7485 2904
9615 7485 2904
9615 7485 2904
9615 7485 2904
9615 7485 2904
9615 7485 2904
9615 7485 2904
9615 7485 2904
6552 7701 2904
6552 7701 2904
6552 7701 2904
6552 7701 2904
6552 7701 2904
6552 7701 2904
6552 7701 2904
6552 7701 2904
6552 7701 2904
6552 7701 2904
6552 7701 2904
6552 7701 2904
6552 7701 2904
6018 5378 2905
6018 5378 2905
6018 5378 2905
6018 5378 2905
6018 5378 2905
6018 5378 2905
6018 5378 2905
6018 5378 2905
6018 5378 2905
6018 5378 2905
6018 5378 2905
6018 5378 2905
6018 5378 2905
6582 6457 2905
6582 6457 2905
6582 6457 2905
6582 6457 2905
6582 6457 2905
6582 6457 2905
6582 6457 2905
6582 6457 2905
6582 6457 2905
6582 6457 2905
6582 6457 2905
6582 6457 2905
7938 7712 2905
7938 7712 2905
7938 7712 2905
7938 7712 2905
7938 7712 2905
7938 7712 2905
7938 7712 2905
7938 7712 2905
7938 7712 2905
7938 7712 2905
7938 7712 2905
7938 7712 2905
5430 7765 2905
5430 7765 2905
5430 7765 2905
5430 7765 2905
5430 7765 2905
5430 7765 2905
5430 7765 2905
5430 7765 2905
5430 7765 2905
5430 7765 2905
5430 7765 2905
5430 7765 2905
7916 7675 2905
7916 7675 2905
7916 7675 2905
7916 7675 2905
7916 7675 2905
7916 7675 2905
7916 7675 2905
7916 7675 2905
7916 7675 2905
7916 7675 2905
7916 7675 2905
7916 7675 2905
7498 6330 2905
7498 6330 2905
7498 6330 2905
7498 6330 2905
7498 6330 2905
7498 6330 2905
7498 6330 2905
7498 6330 2905
7498 6330 2905
7498 6330 2905
7498 6330 2905
7498 6330 2905
5398 7766 2905
5398 7766 2905
5398 7766 2905
5398 7766 2905
5398 7766 2905
5398 7766 2905
5398 7766 2905
5398 7766 2905
5398 7766 2905
5398 7766 2905
5398 7766 2905
5398 7766 2905
5398 7766 2905
9157 5263 2906
9157 5263 2906
9157 5263 2906
9157 5263 2906
9157 5263 2906
9157 5263 2906
9157 5263 2906
9157 5263 2906
9157 5263 2906
9157 5263 2906
9157 5263 2906
9157 5263 2906
9157 5263 2906
6609 7946 2906
6609 7946 2906
6609 7946 2906
6609 7946 2906
6609 7946 2906
6609 7946 2906
6609 7946 2906
6609 7946 2906
6609 7946 2906
6609 7946 2906
6609 7946 2906
6609 7946 2906
6609 7946 2906
8468 7700 2906
8468 7700 2906
8468 7700 2906
8468 7700 2906
8468 7700 2906
8468 7700 2906
8468 7700 2906
8468 7700 2906
8468 7700 2906
8468 7700 2906
8468 7700 2906
8468 7700 2906
6450 6566 2906
6450 6566 2906
6450 6566 2906
6450 6566 2906
6450 6566 2906
6450 6566 2906
6450 6566 2906
6450 6566 2906
6450 6566 2906
6450 6566 2906
6450 6566 2906
6450 6566 2906
7940 8473 2906
7940 8473 2906
7940 8473 2906
7940 8473 2906
7940 8473 2906
7940 8473 2906
7940 8473 2906
7940 8473 2906
7940 8473 2906
7940 8473 2906
7940 8473 2906
7940 8473 2906
7833 7746 2906
7833 7746 2906
7833 7746 2906
7833 7746 2906
7833 7746 2906
7833 7746 2906
7833 7746 2906
7833 7746 2906
7833 7746 2906
7833 7746 2906
7833 7746 2906
7833 7746 2906
7833 7746 2906
5400 5354 2906
5400 5354 2906
5400 5354 2906
5400 5354 2906
5400 5354 2906
5400 5354 2906
5400 5354 2906
5400 5354 2906
5400 5354 2906
5400 5354 2906
5400 5354 2906
5400 5354 2906
5400 5354 2906
8467 5426 2906
8467 5426 2906
8467 5426 2906
8467 5426 2906
8467 5426 2906
8467 5426 2906
8467 5426 2906
8467 5426 2906
8467 5426 2906
8467 5426 2906
8467 5426 2906
8467 5426 2906
5278 5534 2907
5278 5534 2907
5278 5534 2907
5278 5534 2907
5278 5534 2907
5278 5534 2907
5278 5534 2907
5278 5534 2907
5278 5534 2907
5278 5534 2907
5278 5534 2907
5278 5534 2907
5278 5534 2907
8450 5382 2907
8450 5382 2907
8450 5382 2907
8450 5382 2907
8450 5382 2907
8450 5382 2907
8450 5382 2907
8450 5382 2907
8450 5382 2907
8450 5382 2907
8450 5382 2907
8450 5382 2907
8450 5382 2907
6557 8450 2908
6557 8450 2908
6557 8450 2908
6557 8450 2908
6557 8450 2908
6557 8450 2908
6557 8450 2908
6557 8450 2908
6557 8450 2908
6557 8450 2908
6557 8450 2908
6557 8450 2908
6038 7701 2908
6038 7701 2908
6038 7701 2908
6038 7701 2908
6038 7701 2908
6038 7701 2908
6038 7701 2908
6038 7701 2908
6038 7701 2908
6038 7701 2908
6038 7701 2908
6038 7701 2908
6038 7701 2908
7745 7798 2908
7745 7798 2908
7745 7798 2908
7745 7798 2908
7745 7798 2908
7745 7798 2908
7745 7798 2908
7745 7798 2908
7745 7798 2908
7745 7798 2908
7745 7798 2908
7745 7798 2908
8459 7704 2908
8459 7704 2908
8459 7704 2908
8459 7704 2908
8459 7704 2908
8459 7704 2908
8459 7704 2908
8459 7704 2908
8459 7704 2908
8459 7704 2908
8459 7704 2908
8459 7704 2908
8459 7704 2908
7939 7709 2908
7939 7709 2908
7939 7709 2908
7939 7709 2908
7939 7709 2908
7939 7709 2908
7939 7709 2908
7939 7709 2908
7939 7709 2908
7939 7709 2908
7939 7709 2908
7939 7709 2908
7760 8458 2909
7760 8458 2909
7760 8458 2909
7760 8458 2909
7760 8458 2909
7760 8458 2909
7760 8458 2909
7760 8458 2909
7760 8458 2909
7760 8458 2909
7760 8458 2909
7760 8458 2909
7760 8458 2909
5475 5278 2909
5475 5278 2909
5475 5278 2909
5475 5278 2909
5475 5278 2909
5475 5278 2909
5475 5278 2909
5475 5278 2909
5475 5278 2909
5475 5278 2909
5475 5278 2909
5475 5278 2909
8769 5403 2909
8769 5403 2909
8769 5403 2909
8769 5403 2909
8769 5403 2909
8769 5403 2909
8769 5403 2909
8769 5403 2909
8769 5403 2909
8769 5403 2909
8769 5403 2909
8769 5403 2909
8769 5403 2909
6352 8699 2909
6352 8699 2909
6352 8699 2909
6352 8699 2909
6352 8699 2909
6352 8699 2909
6352 8699 2909
6352 8699 2909
6352 8699 2909
6352 8699 2909
6352 8699 2909
6352 8699 2909
6352 8699 2909
7763 6566 2909
7763 6566 2909
7763 6566 2909
7763 6566 2909
7763 6566 2909
7763 6566 2909
7763 6566 2909
7763 6566 2909
7763 6566 2909
7763 6566 2909
7763 6566 2909
7763 6566 2909
8470 7780 2910
8470 7780 2910
8470 7780 2910
8470 7780 2910
8470 7780 2910
8470 7780 2910
8470 7780 2910
8470 7780 2910
8470 7780 2910
8470 7780 2910
8470 7780 2910
8470 7780 2910
8470 7780 2910
7688 7759 2910
7688 7759 2910
7688 7759 2910
7688 7759 2910
7688 7759 2910
7688 7759 2910
7688 7759 2910
7688 7759 2910
7688 7759 2910
7688 7759 2910
7688 7759 2910
7688 7759 2910
7688 7759 2910
7740 8467 2910
7740 8467 2910
7740 8467 2910
7740 8467 2910
7740 8467 2910
7740 8467 2910
7740 8467 2910
7740 8467 2910
7740 8467 2910
7740 8467 2910
7740 8467 2910
7740 8467 2910
7994 7774 2910
7994 7774 2910
7994 7774 2910
7994 7774 2910
7994 7774 2910
7994 7774 2910
7994 7774 2910
7994 7774 2910
7994 7774 2910
7994 7774 2910
7994 7774 2910
7994 7774 2910
5989 5444 2910
5989 5444 2910
5989 5444 2910
5989 5444 2910
5989 5444 2910
5989 5444 2910
5989 5444 2910
5989 5444 2910
5989 5444 2910
5989 5444 2910
5989 5444 2910
5989 5444 2910
5390 5437 2911
5390 5437 2911
5390 5437 2911
5390 5437 2911
5390 5437 2911
5390 5437 2911
5390 5437 2911
5390 5437 2911
5390 5437 2911
5390 5437 2911
5390 5437 2911
5390 5437 2911
5390 5437 2911
6534 5925 2911
6534 5925 2911
6534 5925 2911
6534 5925 2911
6534 5925 2911
6534 5925 2911
6534 5925 2911
6534 5925 2911
6534 5925 2911
6534 5925 2911
6534 5925 2911
6534 5925 2911
6534 5925 2911
6549 6593 2911
6549 6593 2911
6549 6593 2911
6549 6593 2911
6549 6593 2911
6549 6593 2911
6549 6593 2911
6549 6593 2911
6549 6593 2911
6549 6593 2911
6549 6593 2911
6549 6593 2911
5277 5349 2911
5277 5349 2911
5277 5349 2911
5277 5349 2911
5277 5349 2911
5277 5349 2911
5277 5349 2911
5277 5349 2911
5277 5349 2911
5277 5349 2911
5277 5349 2911
5277 5349 2911
6507 5924 2912
6507 5924 2912
6507 5924 2912
6507 5924 2912
6507 5924 2912
6507 5924 2912
6507 5924 2912
6507 5924 2912
6507 5924 2912
6507 5924 2912
6507 5924 2912
6507 5924 2912
8438 5420 2912
8438 5420 2912
8438 5420 2912
8438 5420 2912
8438 5420 2912
8438 5420 2912
8438 5420 2912
8438 5420 2912
8438 5420 2912
8438 5420 2912
8438 5420 2912
8438 5420 2912
8463 6568 2913
8463 6568 2913
8463 6568 2913
8463 6568 2913
8463 6568 2913
8463 6568 2913
8463 6568 2913
8463 6568 2913
8463 6568 2913
8463 6568 2913
8463 6568 2913
8463 6568 2913
5358 5297 2913
5358 5297 2913
5358 5297 2913
5358 5297 2913
5358 5297 2913
5358 5297 2913
5358 5297 2913
5358 5297 2913
5358 5297 2913
5358 5297 2913
5358 5297 2913
5358 5297 2913
6387 6348 2913
6387 6348 2913
6387 6348 2913
6387 6348 2913
6387 6348 2913
6387 6348 2913
6387 6348 2913
6387 6348 2913
6387 6348 2913
6387 6348 2913
6387 6348 2913
6387 6348 2913
8759 5275 2913
8759 5275 2913
8759 5275 2913
8759 5275 2913
8759 5275 2913
8759 5275 2913
8759 5275 2913
8759 5275 2913
8759 5275 2913
8759 5275 2913
8759 5275 2913
8759 5275 2913
7944 7915 2914
7944 7915 2914
7944 7915 2914
7944 7915 2914
7944 7915 2914
7944 7915 2914
7944 7915 2914
7944 7915 2914
7944 7915 2914
7944 7915 2914
7944 7915 2914
7944 7915 2914
7944 7915 2914
6486 9605 2914
6486 9605 2914
6486 9605 2914
6486 9605 2914
6486 9605 2914
6486 9605 2914
6486 9605 2914
6486 9605 2914
6486 9605 2914
6486 9605 2914
6486 9605 2914
6486 9605 2914
9228 8758 2915
9228 8758 2915
9228 8758 2915
9228 8758 2915
9228 8758 2915
9228 8758 2915
9228 8758 2915
9228 8758 2915
9228 8758 2915
9228 8758 2915
9228 8758 2915
9228 8758 2915
9228 8758 2915
5263 9143 2915
5263 9143 2915
5263 9143 2915
5263 9143 2915
5263 9143 2915
5263 9143 2915
5263 9143 2915
5263 9143 2915
5263 9143 2915
5263 9143 2915
5263 9143 2915
5263 9143 2915
8464 6584 2916
8464 6584 2916
8464 6584 2916
8464 6584 2916
8464 6584 2916
8464 6584 2916
8464 6584 2916
8464 6584 2916
8464 6584 2916
8464 6584 2916
8464 6584 2916
8464 6584 2916
8464 6584 2916
5444 5290 2916
5444 5290 2916
5444 5290 2916
5444 5290 2916
5444 5290 2916
5444 5290 2916
5444 5290 2916
5444 5290 2916
5444 5290 2916
5444 5290 2916
5444 5290 2916
5444 5290 2916
5444 5290 2916
5277 5375 2916
5277 5375 2916
5277 5375 2916
5277 5375 2916
5277 5375 2916
5277 5375 2916
5277 5375 2916
5277 5375 2916
5277 5375 2916
5277 5375 2916
5277 5375 2916
5277 5375 2916
5255 9157 2916
5255 9157 2916
5255 9157 2916
5255 9157 2916
5255 9157 2916
5255 9157 2916
5255 9157 2916
5255 9157 2916
5255 9157 2916
5255 9157 2916
5255 9157 2916
5255 9157 2916
5287 5535 2917
5287 5535 2917
5287 5535 2917
5287 5535 2917
5287 5535 2917
5287 5535 2917
5287 5535 2917
5287 5535 2917
5287 5535 2917
5287 5535 2917
5287 5535 2917
5287 5535 2917
5287 5535 2917
8782 5252 2917
8782 5252 2917
8782 5252 2917
8782 5252 2917
8782 5252 2917
8782 5252 2917
8782 5252 2917
8782 5252 2917
8782 5252 2917
8782 5252 2917
8782 5252 2917
8782 5252 2917
7723 6588 2917
7723 6588 2917
7723 6588 2917
7723 6588 2917
7723 6588 2917
7723 6588 2917
7723 6588 2917
7723 6588 2917
7723 6588 2917
7723 6588 2917
7723 6588 2917
7723 6588 2917
7723 6588 2917
5374 5388 2918
5374 5388 2918
5374 5388 2918
5374 5388 2918
5374 5388 2918
5374 5388 2918
5374 5388 2918
5374 5388 2918
5374 5388 2918
5374 5388 2918
5374 5388 2918
5374 5388 2918
5374 5388 2918
6387 8768 2918
6387 8768 2918
6387 8768 2918
6387 8768 2918
6387 8768 2918
6387 8768 2918
6387 8768 2918
6387 8768 2918
6387 8768 2918
6387 8768 2918
6387 8768 2918
6387 8768 2918
6387 8768 2918
8760 5307 2918
8760 5307 2918
8760 5307 2918
8760 5307 2918
8760 5307 2918
8760 5307 2918
8760 5307 2918
8760 5307 2918
8760 5307 2918
8760 5307 2918
8760 5307 2918
8760 5307 2918
6459 6560 2918
6459 6560 2918
6459 6560 2918
6459 6560 2918
6459 6560 2918
6459 6560 2918
6459 6560 2918
6459 6560 2918
6459 6560 2918
6459 6560 2918
6459 6560 2918
6459 6560 2918
7771 7751 2918
7771 7751 2918
7771 7751 2918
7771 7751 2918
7771 7751 2918
7771 7751 2918
7771 7751 2918
7771 7751 2918
7771 7751 2918
7771 7751 2918
7771 7751 2918
7771 7751 2918
7771 7751 2918
5400 8434 2918
5400 8434 2918
5400 8434 2918
5400 8434 2918
5400 8434 2918
5400 8434 2918
5400 8434 2918
5400 8434 2918
5400 8434 2918
5400 8434 2918
5400 8434 2918
5400 8434 2918
5320 8826 2919
5320 8826 2919
5320 8826 2919
5320 8826 2919
5320 8826 2919
5320 8826 2919
5320 8826 2919
5320 8826 2919
5320 8826 2919
5320 8826 2919
5320 8826 2919
5320 8826 2919
6548 8663 2921
6548 8663 2921
6548 8663 2921
6548 8663 2921
6548 8663 2921
6548 8663 2921
6548 8663 2921
6548 8663 2921
6548 8663 2921
6548 8663 2921
6548 8663 2921
6548 8663 2921
6548 8663 2921
7918 7760 2921
7918 7760 2921
7918 7760 2921
7918 7760 2921
7918 7760 2921
7918 7760 2921
7918 7760 2921
7918 7760 2921
7918 7760 2921
7918 7760 2921
7918 7760 2921
7918 7760 2921
7860 7866 2921
7860 7866 2921
7860 7866 2921
7860 7866 2921
7860 7866 2921
7860 7866 2921
7860 7866 2921
7860 7866 2921
7860 7866 2921
7860 7866 2921
7860 7866 2921
7860 7866 2921
6503 6570 2922
6503 6570 2922
6503 6570 2922
6503 6570 2922
6503 6570 2922
6503 6570 2922
6503 6570 2922
6503 6570 2922
6503 6570 2922
6503 6570 2922
6503 6570 2922
6503 6570 2922
8478 7698 2922
8478 7698 2922
8478 7698 2922
8478 7698 2922
8478 7698 2922
8478 7698 2922
8478 7698 2922
8478 7698 2922
8478 7698 2922
8478 7698 2922
8478 7698 2922
8478 7698 2922
8478 7698 2922
5359 6532 2922
5359 6532 2922
5359 6532 2922
5359 6532 2922
5359 6532 2922
5359 6532 2922
5359 6532 2922
5359 6532 2922
5359 6532 2922
5359 6532 2922
5359 6532 2922
5359 6532 2922
7687 7780 2923
7687 7780 2923
7687 7780 2923
7687 7780 2923
7687 7780 2923
7687 7780 2923
7687 7780 2923
7687 7780 2923
7687 7780 2923
7687 7780 2923
7687 7780 2923
7687 7780 2923
7687 7780 2923
8817 5338 2923
8817 5338 2923
8817 5338 2923
8817 5338 2923
8817 5338 2923
8817 5338 2923
8817 5338 2923
8817 5338 2923
8817 5338 2923
8817 5338 2923
8817 5338 2923
8817 5338 2923
7513 9658 2923
7513 9658 2923
7513 9658 2923
7513 9658 2923
7513 9658 2923
7513 9658 2923
7513 9658 2923
7513 9658 2923
7513 9658 2923
7513 9658 2923
7513 9658 2923
7513 9658 2923
7513 9658 2923
6571 6566 2923
6571 6566 2923
6571 6566 2923
6571 6566 2923
6571 6566 2923
6571 6566 2923
6571 6566 2923
6571 6566 2923
6571 6566 2923
6571 6566 2923
6571 6566 2923
6571 6566 2923
6571 6566 2923
9150 9632 2924
9150 9632 2924
9150 9632 2924
9150 9632 2924
9150 9632 2924
9150 9632 2924
9150 9632 2924
9150 9632 2924
9150 9632 2924
9150 9632 2924
9150 9632 2924
9150 9632 2924
8749 8760 2924
8749 8760 2924
8749 8760 2924
8749 8760 2924
8749 8760 2924
8749 8760 2924
8749 8760 2924
8749 8760 2924
8749 8760 2924
8749 8760 2924
8749 8760 2924
8749 8760 2924
6575 8436 2924
6575 8436 2924
6575 8436 2924
6575 8436 2924
6575 8436 2924
6575 8436 2924
6575 8436 2924
6575 8436 2924
6575 8436 2924
6575 8436 2924
6575 8436 2924
6575 8436 2924
6575 8436 2924
7949 5985 2924
7949 5985 2924
7949 5985 2924
7949 5985 2924
7949 5985 2924
7949 5985 2924
7949 5985 2924
7949 5985 2924
7949 5985 2924
7949 5985 2924
7949 5985 2924
7949 5985 2924
7949 5985 2924
8432 6602 2924
8432 6602 2924
8432 6602 2924
8432 6602 2924
8432 6602 2924
8432 6602 2924
8432 6602 2924
8432 6602 2924
8432 6602 2924
8432 6602 2924
8432 6602 2924
8432 6602 2924
8432 6602 2924
8434 5412 2924
8434 5412 2924
8434 5412 2924
8434 5412 2924
8434 5412 2924
8434 5412 2924
8434 5412 2924
8434 5412 2924
8434 5412 2924
8434 5412 2924
8434 5412 2924
8434 5412 2924
8434 5412 2924
5530 5398 2924
5530 5398 2924
5530 5398 2924
5530 5398 2924
5530 5398 2924
5530 5398 2924
5530 5398 2924
5530 5398 2924
5530 5398 2924
5530 5398 2924
5530 5398 2924
5530 5398 2924
5530 5398 2924
6454 7677 2925
6454 7677 2925
6454 7677 2925
6454 7677 2925
6454 7677 2925
6454 7677 2925
6454 7677 2925
6454 7677 2925
6454 7677 2925
6454 7677 2925
6454 7677 2925
6454 7677 2925
6549 7711 2925
6549 7711 2925
6549 7711 2925
6549 7711 2925
6549 7711 2925
6549 7711 2925
6549 7711 2925
6549 7711 2925
6549 7711 2925
6549 7711 2925
6549 7711 2925
6549 7711 2925
6549 7711 2925
7747 7967 2925
7747 7967 2925
7747 7967 2925
7747 7967 2925
7747 7967 2925
7747 7967 2925
7747 7967 2925
7747 7967 2925
7747 7967 2925
7747 7967 2925
7747 7967 2925
7747 7967 2925
7747 7967 2925
8773 8449 2926
8773 8449 2926
8773 8449 2926
8773 8449 2926
8773 8449 2926
8773 8449 2926
8773 8449 2926
8773 8449 2926
8773 8449 2926
8773 8449 2926
8773 8449 2926
8773 8449 2926
8773 8449 2926
6436 7856 2926
6436 7856 2926
6436 7856 2926
6436 7856 2926
6436 7856 2926
6436 7856 2926
6436 7856 2926
6436 7856 2926
6436 7856 2926
6436 7856 2926
6436 7856 2926
6436 7856 2926
6436 7856 2926
5996 7715 2926
5996 7715 2926
5996 7715 2926
5996 7715 2926
5996 7715 2926
5996 7715 2926
5996 7715 2926
5996 7715 2926
5996 7715 2926
5996 7715 2926
5996 7715 2926
5996 7715 2926
6552 5358 2926
6552 5358 2926
6552 5358 2926
6552 5358 2926
6552 5358 2926
6552 5358 2926
6552 5358 2926
6552 5358 2926
6552 5358 2926
6552 5358 2926
6552 5358 2926
6552 5358 2926
6552 5358 2926
8476 7752 2926
8476 7752 2926
8476 7752 2926
8476 7752 2926
8476 7752 2926
8476 7752 2926
8476 7752 2926
8476 7752 2926
8476 7752 2926
8476 7752 2926
8476 7752 2926
8476 7752 2926
6556 8436 2926
6556 8436 2926
6556 8436 2926
6556 8436 2926
6556 8436 2926
6556 8436 2926
6556 8436 2926
6556 8436 2926
6556 8436 2926
6556 8436 2926
6556 8436 2926
6556 8436 2926
6602 5924 2926
6602 5924 2926
6602 5924 2926
6602 5924 2926
6602 5924 2926
6602 5924 2926
6602 5924 2926
6602 5924 2926
6602 5924 2926
6602 5924 2926
6602 5924 2926
6602 5924 2926
7770 6558 2927
7770 6558 2927
7770 6558 2927
7770 6558 2927
7770 6558 2927
7770 6558 2927
7770 6558 2927
7770 6558 2927
7770 6558 2927
7770 6558 2927
7770 6558 2927
7770 6558 2927
7716 7740 2927
7716 7740 2927
7716 7740 2927
7716 7740 2927
7716 7740 2927
7716 7740 2927
7716 7740 2927
7716 7740 2927
7716 7740 2927
7716 7740 2927
7716 7740 2927
7716 7740 2927
7716 7740 2927
5400 6590 2927
5400 6590 2927
5400 6590 2927
5400 6590 2927
5400 6590 2927
5400 6590 2927
5400 6590 2927
5400 6590 2927
5400 6590 2927
5400 6590 2927
5400 6590 2927
5400 6590 2927
5564 6084 2928
5564 6084 2928
5564 6084 2928
5564 6084 2928
5564 6084 2928
5564 6084 2928
5564 6084 2928
5564 6084 2928
5564 6084 2928
5564 6084 2928
5564 6084 2928
5564 6084 2928
5564 6084 2928
5425 8443 2928
5425 8443 2928
5425 8443 2928
5425 8443 2928
5425 8443 2928
5425 8443 2928
5425 8443 2928
5425 8443 2928
5425 8443 2928
5425 8443 2928
5425 8443 2928
5425 8443 2928
5358 5278 2928
5358 5278 2928
5358 5278 2928
5358 5278 2928
5358 5278 2928
5358 5278 2928
5358 5278 2928
5358 5278 2928
5358 5278 2928
5358 5278 2928
5358 5278 2928
5358 5278 2928
5358 5278 2928
7939 6057 2928
7939 6057 2928
7939 6057 2928
7939 6057 2928
7939 6057 2928
7939 6057 2928
7939 6057 2928
7939 6057 2928
7939 6057 2928
7939 6057 2928
7939 6057 2928
7939 6057 2928
7939 6057 2928
5359 5533 2928
5359 5533 2928
5359 5533 2928
5359 5533 2928
5359 5533 2928
5359 5533 2928
5359 5533 2928
5359 5533 2928
5359 5533 2928
5359 5533 2928
5359 5533 2928
5359 5533 2928
5359 5533 2928
6563 6547 2929
6563 6547 2929
6563 6547 2929
6563 6547 2929
6563 6547 2929
6563 6547 2929
6563 6547 2929
6563 6547 2929
6563 6547 2929
6563 6547 2929
6563 6547 2929
6563 6547 2929
6579 8452 2929
6579 8452 2929
6579 8452 2929
6579 8452 2929
6579 8452 2929
6579 8452 2929
6579 8452 2929
6579 8452 2929
6579 8452 2929
6579 8452 2929
6579 8452 2929
6579 8452 2929
6579 8452 2929
8820 5469 2929
8820 5469 2929
8820 5469 2929
8820 5469 2929
8820 5469 2929
8820 5469 2929
8820 5469 2929
8820 5469 2929
8820 5469 2929
8820 5469 2929
8820 5469 2929
8820 5469 2929
8820 5469 2929
9629 6607 2929
9629 6607 2929
9629 6607 2929
9629 6607 2929
9629 6607 2929
9629 6607 2929
9629 6607 2929
9629 6607 2929
9629 6607 2929
9629 6607 2929
9629 6607 2929
9629 6607 2929
9629 6607 2929
7709 5391 2929
7709 5391 2929
7709 5391 2929
7709 5391 2929
7709 5391 2929
7709 5391 2929
7709 5391 2929
7709 5391 2929
7709 5391 2929
7709 5391 2929
7709 5391 2929
7709 5391 2929
7709 5391 2929
6328 6474 2930
6328 6474 2930
6328 6474 2930
6328 6474 2930
6328 6474 2930
6328 6474 2930
6328 6474 2930
6328 6474 2930
6328 6474 2930
6328 6474 2930
6328 6474 2930
6328 6474 2930
5488 5332 2930
5488 5332 2930
5488 5332 2930
5488 5332 2930
5488 5332 2930
5488 5332 2930
5488 5332 2930
5488 5332 2930
5488 5332 2930
5488 5332 2930
5488 5332 2930
5488 5332 2930
7778 6602 2931
7778 6602 2931
7778 6602 2931
7778 6602 2931
7778 6602 2931
7778 6602 2931
7778 6602 2931
7778 6602 2931
7778 6602 2931
7778 6602 2931
7778 6602 2931
7778 6602 2931
7778 6602 2931
6588 5985 2931
6588 5985 2931
6588 5985 2931
6588 5985 2931
6588 5985 2931
6588 5985 2931
6588 5985 2931
6588 5985 2931
6588 5985 2931
6588 5985 2931
6588 5985 2931
6588 5985 2931
7942 7687 2931
7942 7687 2931
7942 7687 2931
7942 7687 2931
7942 7687 2931
7942 7687 2931
7942 7687 2931
7942 7687 2931
7942 7687 2931
7942 7687 2931
7942 7687 2931
7942 7687 2931
7942 7687 2931
6574 7785 2931
6574 7785 2931
6574 7785 2931
6574 7785 2931
6574 7785 2931
6574 7785 2931
6574 7785 2931
6574 7785 2931
6574 7785 2931
6574 7785 2931
6574 7785 2931
6574 7785 2931
7760 7692 2931
7760 7692 2931
7760 7692 2931
7760 7692 2931
7760 7692 2931
7760 7692 2931
7760 7692 2931
7760 7692 2931
7760 7692 2931
7760 7692 2931
7760 7692 2931
7760 7692 2931
7760 7692 2931
8462 7716 2932
8462 7716 2932
8462 7716 2932
8462 7716 2932
8462 7716 2932
8462 7716 2932
8462 7716 2932
8462 7716 2932
8462 7716 2932
8462 7716 2932
8462 7716 2932
8462 7716 2932
8462 7716 2932
9273 9154 2932
9273 9154 2932
9273 9154 2932
9273 9154 2932
9273 9154 2932
9273 9154 2932
9273 9154 2932
9273 9154 2932
9273 9154 2932
9273 9154 2932
9273 9154 2932
9273 9154 2932
7921 7783 2932
7921 7783 2932
7921 7783 2932
7921 7783 2932
7921 7783 2932
7921 7783 2932
7921 7783 2932
7921 7783 2932
7921 7783 2932
7921 7783 2932
7921 7783 2932
7921 7783 2932
7921 7783 2932
5519 5444 2933
5519 5444 2933
5519 5444 2933
5519 5444 2933
5519 5444 2933
5519 5444 2933
5519 5444 2933
5519 5444 2933
5519 5444 2933
5519 5444 2933
5519 5444 2933
5519 5444 2933
5519 5444 2933
6582 8457 2934
6582 8457 2934
6582 8457 2934
6582 8457 2934
6582 8457 2934
6582 8457 2934
6582 8457 2934
6582 8457 2934
6582 8457 2934
6582 8457 2934
6582 8457 2934
6582 8457 2934
6582 8457 2934
5925 7725 2934
5925 7725 2934
5925 7725 2934
5925 7725 2934
5925 7725 2934
5925 7725 2934
5925 7725 2934
5925 7725 2934
5925 7725 2934
5925 7725 2934
5925 7725 2934
5925 7725 2934
5925 7725 2934
7881 7730 2934
7881 7730 2934
7881 7730 2934
7881 7730 2934
7881 7730 2934
7881 7730 2934
7881 7730 2934
7881 7730 2934
7881 7730 2934
7881 7730 2934
7881 7730 2934
7881 7730 2934
7881 7730 2934
8375 7840 2935
8375 7840 2935
8375 7840 2935
8375 7840 2935
8375 7840 2935
8375 7840 2935
8375 7840 2935
8375 7840 2935
8375 7840 2935
8375 7840 2935
8375 7840 2935
8375 7840 2935
8447 6538 2935
8447 6538 2935
8447 6538 2935
8447 6538 2935
8447 6538 2935
8447 6538 2935
8447 6538 2935
8447 6538 2935
8447 6538 2935
8447 6538 2935
8447 6538 2935
8447 6538 2935
6585 8434 2935
6585 8434 2935
6585 8434 2935
6585 8434 2935
6585 8434 2935
6585 8434 2935
6585 8434 2935
6585 8434 2935
6585 8434 2935
6585 8434 2935
6585 8434 2935
6585 8434 2935
6585 8434 2935
6060 7717 2935
6060 7717 2935
6060 7717 2935
6060 7717 2935
6060 7717 2935
6060 7717 2935
6060 7717 2935
6060 7717 2935
6060 7717 2935
6060 7717 2935
6060 7717 2935
6060 7717 2935
6426 7699 2936
6426 7699 2936
6426 7699 2936
6426 7699 2936
6426 7699 2936
6426 7699 2936
6426 7699 2936
6426 7699 2936
6426 7699 2936
6426 7699 2936
6426 7699 2936
6426 7699 2936
6426 7699 2936
5460 5474 2936
5460 5474 2936
5460 5474 2936
5460 5474 2936
5460 5474 2936
5460 5474 2936
5460 5474 2936
5460 5474 2936
5460 5474 2936
5460 5474 2936
5460 5474 2936
5460 5474 2936
6590 6598 2937
6590 6598 2937
6590 6598 2937
6590 6598 2937
6590 6598 2937
6590 6598 2937
6590 6598 2937
6590 6598 2937
6590 6598 2937
6590 6598 2937
6590 6598 2937
6590 6598 2937
6555 6345 2937
6555 6345 2937
6555 6345 2937
6555 6345 2937
6555 6345 2937
6555 6345 2937
6555 6345 2937
6555 6345 2937
6555 6345 2937
6555 6345 2937
6555 6345 2937
6555 6345 2937
6555 6345 2937
7837 7912 2937
7837 7912 2937
7837 7912 2937
7837 7912 2937
7837 7912 2937
7837 7912 2937
7837 7912 2937
7837 7912 2937
7837 7912 2937
7837 7912 2937
7837 7912 2937
7837 7912 2937
6597 6570 2937
6597 6570 2937
6597 6570 2937
6597 6570 2937
6597 6570 2937
6597 6570 2937
6597 6570 2937
6597 6570 2937
6597 6570 2937
6597 6570 2937
6597 6570 2937
6597 6570 2937
5987 7705 2938
5987 7705 2938
5987 7705 2938
5987 7705 2938
5987 7705 2938
5987 7705 2938
5987 7705 2938
5987 7705 2938
5987 7705 2938
5987 7705 2938
5987 7705 2938
5987 7705 2938
5260 8457 2938
5260 8457 2938
5260 8457 2938
5260 8457 2938
5260 8457 2938
5260 8457 2938
5260 8457 2938
5260 8457 2938
5260 8457 2938
5260 8457 2938
5260 8457 2938
5260 8457 2938
5591 5275 2939
5591 5275 2939
5591 5275 2939
5591 5275 2939
5591 5275 2939
5591 5275 2939
5591 5275 2939
5591 5275 2939
5591 5275 2939
5591 5275 2939
5591 5275 2939
5591 5275 2939
5591 5275 2939
7704 7922 2939
7704 7922 2939
7704 7922 2939
7704 7922 2939
7704 7922 2939
7704 7922 2939
7704 7922 2939
7704 7922 2939
7704 7922 2939
7704 7922 2939
7704 7922 2939
7704 7922 2939
7701 6533 2939
7701 6533 2939
7701 6533 2939
7701 6533 2939
7701 6533 2939
7701 6533 2939
7701 6533 2939
7701 6533 2939
7701 6533 2939
7701 6533 2939
7701 6533 2939
7701 6533 2939
7701 6533 2939
5320 5277 2939
5320 5277 2939
5320 5277 2939
5320 5277 2939
5320 5277 2939
5320 5277 2939
5320 5277 2939
5320 5277 2939
5320 5277 2939
5320 5277 2939
5320 5277 2939
5320 5277 2939
5320 5277 2939
8479 7756 2939
8479 7756 2939
8479 7756 2939
8479 7756 2939
8479 7756 2939
8479 7756 2939
8479 7756 2939
8479 7756 2939
8479 7756 2939
8479 7756 2939
8479 7756 2939
8479 7756 2939
5268 6545 2940
5268 6545 2940
5268 6545 2940
5268 6545 2940
5268 6545 2940
5268 6545 2940
5268 6545 2940
5268 6545 2940
5268 6545 2940
5268 6545 2940
5268 6545 2940
5268 6545 2940
6557 5245 2940
6557 5245 2940
6557 5245 2940
6557 5245 2940
6557 5245 2940
6557 5245 2940
6557 5245 2940
6557 5245 2940
6557 5245 2940
6557 5245 2940
6557 5245 2940
6557 5245 2940
6557 5245 2940
8431 6348 2941
8431 6348 2941
8431 6348 2941
8431 6348 2941
8431 6348 2941
8431 6348 2941
8431 6348 2941
8431 6348 2941
8431 6348 2941
8431 6348 2941
8431 6348 2941
8431 6348 2941
8431 6348 2941
7909 8466 2941
7909 8466 2941
7909 8466 2941
7909 8466 2941
7909 8466 2941
7909 8466 2941
7909 8466 2941
7909 8466 2941
7909 8466 2941
7909 8466 2941
7909 8466 2941
7909 8466 2941
7453 6494 2941
7453 6494 2941
7453 6494 2941
7453 6494 2941
7453 6494 2941
7453 6494 2941
7453 6494 2941
7453 6494 2941
7453 6494 2941
7453 6494 2941
7453 6494 2941
7453 6494 2941
7635 7869 2942
7635 7869 2942
7635 7869 2942
7635 7869 2942
7635 7869 2942
7635 7869 2942
7635 7869 2942
7635 7869 2942
7635 7869 2942
7635 7869 2942
7635 7869 2942
7635 7869 2942
7635 7869 2942
6419 7713 2942
6419 7713 2942
6419 7713 2942
6419 7713 2942
6419 7713 2942
6419 7713 2942
6419 7713 2942
6419 7713 2942
6419 7713 2942
6419 7713 2942
6419 7713 2942
6419 7713 2942
6419 7713 2942
8705 6560 2942
8705 6560 2942
8705 6560 2942
8705 6560 2942
8705 6560 2942
8705 6560 2942
8705 6560 2942
8705 6560 2942
8705 6560 2942
8705 6560 2942
8705 6560 2942
8705 6560 2942
6558 5358 2942
6558 5358 2942
6558 5358 2942
6558 5358 2942
6558 5358 2942
6558 5358 2942
6558 5358 2942
6558 5358 2942
6558 5358 2942
6558 5358 2942
6558 5358 2942
6558 5358 2942
7462 6465 2942
7462 6465 2942
7462 6465 2942
7462 6465 2942
7462 6465 2942
7462 6465 2942
7462 6465 2942
7462 6465 2942
7462 6465 2942
7462 6465 2942
7462 6465 2942
7462 6465 2942
7792 7929 2942
7792 7929 2942
7792 7929 2942
7792 7929 2942
7792 7929 2942
7792 7929 2942
7792 7929 2942
7792 7929 2942
7792 7929 2942
7792 7929 2942
7792 7929 2942
7792 7929 2942
7792 7929 2942
7751 7719 2942
7751 7719 2942
7751 7719 2942
7751 7719 2942
7751 7719 2942
7751 7719 2942
7751 7719 2942
7751 7719 2942
7751 7719 2942
7751 7719 2942
7751 7719 2942
7751 7719 2942
7751 7719 2942
8354 7970 2942
8354 7970 2942
8354 7970 2942
8354 7970 2942
8354 7970 2942
8354 7970 2942
8354 7970 2942
8354 7970 2942
8354 7970 2942
8354 7970 2942
8354 7970 2942
8354 7970 2942
8354 7970 2942
7711 6410 2942
7711 6410 2942
7711 6410 2942
7711 6410 2942
7711 6410 2942
7711 6410 2942
7711 6410 2942
7711 6410 2942
7711 6410 2942
7711 6410 2942
7711 6410 2942
7711 6410 2942
7711 6410 2942
7675 6320 2943
7675 6320 2943
7675 6320 2943
7675 6320 2943
7675 6320 2943
7675 6320 2943
7675 6320 2943
7675 6320 2943
7675 6320 2943
7675 6320 2943
7675 6320 2943
7675 6320 2943
5298 5533 2943
5298 5533 2943
5298 5533 2943
5298 5533 2943
5298 5533 2943
5298 5533 2943
5298 5533 2943
5298 5533 2943
5298 5533 2943
5298 5533 2943
5298 5533 2943
5298 5533 2943
5452 5331 2944
5452 5331 2944
5452 5331 2944
5452 5331 2944
5452 5331 2944
5452 5331 2944
5452 5331 2944
5452 5331 2944
5452 5331 2944
5452 5331 2944
5452 5331 2944
5452 5331 2944
7922 7676 2944
7922 7676 2944
7922 7676 2944
7922 7676 2944
7922 7676 2944
7922 7676 2944
7922 7676 2944
7922 7676 2944
7922 7676 2944
7922 7676 2944
7922 7676 2944
7922 7676 2944
7922 7676 2944
8456 6565 2944
8456 6565 2944
8456 6565 2944
8456 6565 2944
8456 6565 2944
8456 6565 2944
8456 6565 2944
8456 6565 2944
8456 6565 2944
8456 6565 2944
8456 6565 2944
8456 6565 2944
8453 7723 2945
8453 7723 2945
8453 7723 2945
8453 7723 2945
8453 7723 2945
8453 7723 2945
8453 7723 2945
8453 7723 2945
8453 7723 2945
8453 7723 2945
8453 7723 2945
8453 7723 2945
8448 5412 2945
8448 5412 2945
8448 5412 2945
8448 5412 2945
8448 5412 2945
8448 5412 2945
8448 5412 2945
8448 5412 2945
8448 5412 2945
8448 5412 2945
8448 5412 2945
8448 5412 2945
8447 6606 2945
8447 6606 2945
8447 6606 2945
8447 6606 2945
8447 6606 2945
8447 6606 2945
8447 6606 2945
8447 6606 2945
8447 6606 2945
8447 6606 2945
8447 6606 2945
8447 6606 2945
6081 5998 2945
6081 5998 2945
6081 5998 2945
6081 5998 2945
6081 5998 2945
6081 5998 2945
6081 5998 2945
6081 5998 2945
6081 5998 2945
6081 5998 2945
6081 5998 2945
6081 5998 2945
6081 5998 2945
7907 7904 2945
7907 7904 2945
7907 7904 2945
7907 7904 2945
7907 7904 2945
7907 7904 2945
7907 7904 2945
7907 7904 2945
7907 7904 2945
7907 7904 2945
7907 7904 2945
7907 7904 2945
7907 7904 2945
7781 7690 2946
7781 7690 2946
7781 7690 2946
7781 7690 2946
7781 7690 2946
7781 7690 2946
7781 7690 2946
7781 7690 2946
7781 7690 2946
7781 7690 2946
7781 7690 2946
7781 7690 2946
7889 8371 2946
7889 8371 2946
7889 8371 2946
7889 8371 2946
7889 8371 2946
7889 8371 2946
7889 8371 2946
7889 8371 2946
7889 8371 2946
7889 8371 2946
7889 8371 2946
7889 8371 2946
7889 8371 2946
6548 6538 2946
6548 6538 2946
6548 6538 2946
6548 6538 2946
6548 6538 2946
6548 6538 2946
6548 6538 2946
6548 6538 2946
6548 6538 2946
6548 6538 2946
6548 6538 2946
6548 6538 2946
6548 6538 2946
5303 5462 2946
5303 5462 2946
5303 5462 2946
5303 5462 2946
5303 5462 2946
5303 5462 2946
5303 5462 2946
5303 5462 2946
5303 5462 2946
5303 5462 2946
5303 5462 2946
5303 5462 2946
8372 7862 2946
8372 7862 2946
8372 7862 2946
8372 7862 2946
8372 7862 2946
8372 7862 2946
8372 7862 2946
8372 7862 2946
8372 7862 2946
8372 7862 2946
8372 7862 2946
8372 7862 2946
5430 8470 2946
5430 8470 2946
5430 8470 2946
5430 8470 2946
5430 8470 2946
5430 8470 2946
5430 8470 2946
5430 8470 2946
5430 8470 2946
5430 8470 2946
5430 8470 2946
5430 8470 2946
5430 8470 2946
6355 6460 2947
6355 6460 2947
6355 6460 2947
6355 6460 2947
6355 6460 2947
6355 6460 2947
6355 6460 2947
6355 6460 2947
6355 6460 2947
6355 6460 2947
6355 6460 2947
6355 6460 2947
5307 5413 2947
5307 5413 2947
5307 5413 2947
5307 5413 2947
5307 5413 2947
5307 5413 2947
5307 5413 2947
5307 5413 2947
5307 5413 2947
5307 5413 2947
5307 5413 2947
5307 5413 2947
5307 5413 2947
6327 7496 2947
6327 7496 2947
6327 7496 2947
6327 7496 2947
6327 7496 2947
6327 7496 2947
6327 7496 2947
6327 7496 2947
6327 7496 2947
6327 7496 2947
6327 7496 2947
6327 7496 2947
6609 5391 2947
6609 5391 2947
6609 5391 2947
6609 5391 2947
6609 5391 2947
6609 5391 2947
6609 5391 2947
6609 5391 2947
6609 5391 2947
6609 5391 2947
6609 5391 2947
6609 5391 2947
8381 7840 2948
8381 7840 2948
8381 7840 2948
8381 7840 2948
8381 7840 2948
8381 7840 2948
8381 7840 2948
8381 7840 2948
8381 7840 2948
8381 7840 2948
8381 7840 2948
8381 7840 2948
8381 7840 2948
5397 8434 2948
5397 8434 2948
5397 8434 2948
5397 8434 2948
5397 8434 2948
5397 8434 2948
5397 8434 2948
5397 8434 2948
5397 8434 2948
5397 8434 2948
5397 8434 2948
5397 8434 2948
5397 8434 2948
7748 7768 2948
7748 7768 2948
7748 7768 2948
7748 7768 2948
7748 7768 2948
7748 7768 2948
7748 7768 2948
7748 7768 2948
7748 7768 2948
7748 7768 2948
7748 7768 2948
7748 7768 2948
7748 7768 2948
7971 7694 2949
7971 7694 2949
7971 7694 2949
7971 7694 2949
7971 7694 2949
7971 7694 2949
7971 7694 2949
7971 7694 2949
7971 7694 2949
7971 7694 2949
7971 7694 2949
7971 7694 2949
7971 7694 2949
6583 8445 2949
6583 8445 2949
6583 8445 2949
6583 8445 2949
6583 8445 2949
6583 8445 2949
6583 8445 2949
6583 8445 2949
6583 8445 2949
6583 8445 2949
6583 8445 2949
6583 8445 2949
6607 5375 2950
6607 5375 2950
6607 5375 2950
6607 5375 2950
6607 5375 2950
6607 5375 2950
6607 5375 2950
6607 5375 2950
6607 5375 2950
6607 5375 2950
6607 5375 2950
6607 5375 2950
5396 6052 2950
5396 6052 2950
5396 6052 2950
5396 6052 2950
5396 6052 2950
5396 6052 2950
5396 6052 2950
5396 6052 2950
5396 6052 2950
5396 6052 2950
5396 6052 2950
5396 6052 2950
5396 6052 2950
7915 7835 2951
7915 7835 2951
7915 7835 2951
7915 7835 2951
7915 7835 2951
7915 7835 2951
7915 7835 2951
7915 7835 2951
7915 7835 2951
7915 7835 2951
7915 7835 2951
7915 7835 2951
7915 7835 2951
5994 5445 2951
5994 5445 2951
5994 5445 2951
5994 5445 2951
5994 5445 2951
5994 5445 2951
5994 5445 2951
5994 5445 2951
5994 5445 2951
5994 5445 2951
5994 5445 2951
5994 5445 2951
5994 5445 2951
6576 6588 2951
6576 6588 2951
6576 6588 2951
6576 6588 2951
6576 6588 2951
6576 6588 2951
6576 6588 2951
6576 6588 2951
6576 6588 2951
6576 6588 2951
6576 6588 2951
6576 6588 2951
7697 7713 2951
7697 7713 2951
7697 7713 2951
7697 7713 2951
7697 7713 2951
7697 7713 2951
7697 7713 2951
7697 7713 2951
7697 7713 2951
7697 7713 2951
7697 7713 2951
7697 7713 2951
7697 7713 2951
6058 8480 2951
6058 8480 2951
6058 8480 2951
6058 8480 2951
6058 8480 2951
6058 8480 2951
6058 8480 2951
6058 8480 2951
6058 8480 2951
6058 8480 2951
6058 8480 2951
6058 8480 2951
6544 6595 2951
6544 6595 2951
6544 6595 2951
6544 6595 2951
6544 6595 2951
6544 6595 2951
6544 6595 2951
6544 6595 2951
6544 6595 2951
6544 6595 2951
6544 6595 2951
6544 6595 2951
6592 7717 2952
6592 7717 2952
6592 7717 2952
6592 7717 2952
6592 7717 2952
6592 7717 2952
6592 7717 2952
6592 7717 2952
6592 7717 2952
6592 7717 2952
6592 7717 2952
6592 7717 2952
6592 7717 2952
6499 7635 2952
6499 7635 2952
6499 7635 2952
6499 7635 2952
6499 7635 2952
6499 7635 2952
6499 7635 2952
6499 7635 2952
6499 7635 2952
6499 7635 2952
6499 7635 2952
6499 7635 2952
6499 7635 2952
8762 6344 2952
8762 6344 2952
8762 6344 2952
8762 6344 2952
8762 6344 2952
8762 6344 2952
8762 6344 2952
8762 6344 2952
8762 6344 2952
8762 6344 2952
8762 6344 2952
8762 6344 2952
5255 8755 2952
5255 8755 2952
5255 8755 2952
5255 8755 2952
5255 8755 2952
5255 8755 2952
5255 8755 2952
5255 8755 2952
5255 8755 2952
5255 8755 2952
5255 8755 2952
5255 8755 2952
5255 8755 2952
6513 6595 2952
6513 6595 2952
6513 6595 2952
6513 6595 2952
6513 6595 2952
6513 6595 2952
6513 6595 2952
6513 6595 2952
6513 6595 2952
6513 6595 2952
6513 6595 2952
6513 6595 2952
6007 8446 2952
6007 8446 2952
6007 8446 2952
6007 8446 2952
6007 8446 2952
6007 8446 2952
6007 8446 2952
6007 8446 2952
6007 8446 2952
6007 8446 2952
6007 8446 2952
6007 8446 2952
6603 6554 2952
6603 6554 2952
6603 6554 2952
6603 6554 2952
6603 6554 2952
6603 6554 2952
6603 6554 2952
6603 6554 2952
6603 6554 2952
6603 6554 2952
6603 6554 2952
6603 6554 2952
6603 6554 2952
7705 7823 2952
7705 7823 2952
7705 7823 2952
7705 7823 2952
7705 7823 2952
7705 7823 2952
7705 7823 2952
7705 7823 2952
7705 7823 2952
7705 7823 2952
7705 7823 2952
7705 7823 2952
7705 7823 2952
6309 7677 2953
6309 7677 2953
6309 7677 2953
6309 7677 2953
6309 7677 2953
6309 7677 2953
6309 7677 2953
6309 7677 2953
6309 7677 2953
6309 7677 2953
6309 7677 2953
6309 7677 2953
6309 7677 2953
7633 7725 2953
7633 7725 2953
7633 7725 2953
7633 7725 2953
7633 7725 2953
7633 7725 2953
7633 7725 2953
7633 7725 2953
7633 7725 2953
7633 7725 2953
7633 7725 2953
7633 7725 2953
7633 7725 2953
7862 7834 2953
7862 7834 2953
7862 7834 2953
7862 7834 2953
7862 7834 2953
7862 7834 2953
7862 7834 2953
7862 7834 2953
7862 7834 2953
7862 7834 2953
7862 7834 2953
7862 7834 2953
9606 7691 2954
9606 7691 2954
9606 7691 2954
9606 7691 2954
9606 7691 2954
9606 7691 2954
9606 7691 2954
9606 7691 2954
9606 7691 2954
9606 7691 2954
9606 7691 2954
9606 7691 2954
9197 5279 2954
9197 5279 2954
9197 5279 2954
9197 5279 2954
9197 5279 2954
9197 5279 2954
9197 5279 2954
9197 5279 2954
9197 5279 2954
9197 5279 2954
9197 5279 2954
9197 5279 2954
9197 5279 2954
6549 8452 2954
6549 8452 2954
6549 8452 2954
6549 8452 2954
6549 8452 2954
6549 8452 2954
6549 8452 2954
6549 8452 2954
6549 8452 2954
6549 8452 2954
6549 8452 2954
6549 8452 2954
6592 7776 2955
6592 7776 2955
6592 7776 2955
6592 7776 2955
6592 7776 2955
6592 7776 2955
6592 7776 2955
6592 7776 2955
6592 7776 2955
6592 7776 2955
6592 7776 2955
6592 7776 2955
6592 7707 2955
6592 7707 2955
6592 7707 2955
6592 7707 2955
6592 7707 2955
6592 7707 2955
6592 7707 2955
6592 7707 2955
6592 7707 2955
6592 7707 2955
6592 7707 2955
6592 7707 2955
6592 7707 2955
6612 5396 2955
6612 5396 2955
6612 5396 2955
6612 5396 2955
6612 5396 2955
6612 5396 2955
6612 5396 2955
6612 5396 2955
6612 5396 2955
6612 5396 2955
6612 5396 2955
6612 5396 2955
7948 7967 2955
7948 7967 2955
7948 7967 2955
7948 7967 2955
7948 7967 2955
7948 7967 2955
7948 7967 2955
7948 7967 2955
7948 7967 2955
7948 7967 2955
7948 7967 2955
7948 7967 2955
8431 5440 2956
8431 5440 2956
8431 5440 2956
8431 5440 2956
8431 5440 2956
8431 5440 2956
8431 5440 2956
8431 5440 2956
8431 5440 2956
8431 5440 2956
8431 5440 2956
8431 5440 2956
8431 5440 2956
7762 6568 2956
7762 6568 2956
7762 6568 2956
7762 6568 2956
7762 6568 2956
7762 6568 2956
7762 6568 2956
7762 6568 2956
7762 6568 2956
7762 6568 2956
7762 6568 2956
7762 6568 2956
6022 5537 2956
6022 5537 2956
6022 5537 2956
6022 5537 2956
6022 5537 2956
6022 5537 2956
6022 5537 2956
6022 5537 2956
6022 5537 2956
6022 5537 2956
6022 5537 2956
6022 5537 2956
5282 5991 2957
5282 5991 2957
5282 5991 2957
5282 5991 2957
5282 5991 2957
5282 5991 2957
5282 5991 2957
5282 5991 2957
5282 5991 2957
5282 5991 2957
5282 5991 2957
5282 5991 2957
7738 6609 2957
7738 6609 2957
7738 6609 2957
7738 6609 2957
7738 6609 2957
7738 6609 2957
7738 6609 2957
7738 6609 2957
7738 6609 2957
7738 6609 2957
7738 6609 2957
7738 6609 2957
7718 5993 2957
7718 5993 2957
7718 5993 2957
7718 5993 2957
7718 5993 2957
7718 5993 2957
7718 5993 2957
7718 5993 2957
7718 5993 2957
7718 5993 2957
7718 5993 2957
7718 5993 2957
7718 5993 2957
8456 7780 2957
8456 7780 2957
8456 7780 2957
8456 7780 2957
8456 7780 2957
8456 7780 2957
8456 7780 2957
8456 7780 2957
8456 7780 2957
8456 7780 2957
8456 7780 2957
8456 7780 2957
8456 7780 2957
6601 6458 2957
6601 6458 2957
6601 6458 2957
6601 6458 2957
6601 6458 2957
6601 6458 2957
6601 6458 2957
6601 6458 2957
6601 6458 2957
6601 6458 2957
6601 6458 2957
6601 6458 2957
5257 6613 2957
5257 6613 2957
5257 6613 2957
5257 6613 2957
5257 6613 2957
5257 6613 2957
5257 6613 2957
5257 6613 2957
5257 6613 2957
5257 6613 2957
5257 6613 2957
5257 6613 2957
5257 6613 2957
6335 7493 2958
6335 7493 2958
6335 7493 2958
6335 7493 2958
6335 7493 2958
6335 7493 2958
6335 7493 2958
6335 7493 2958
6335 7493 2958
6335 7493 2958
6335 7493 2958
6335 7493 2958
6335 7493 2958
6513 7747 2958
6513 7747 2958
6513 7747 2958
6513 7747 2958
6513 7747 2958
6513 7747 2958
6513 7747 2958
6513 7747 2958
6513 7747 2958
6513 7747 2958
6513 7747 2958
6513 7747 2958
6513 7747 2958
6031 5398 2959
6031 5398 2959
6031 5398 2959
6031 5398 2959
6031 5398 2959
6031 5398 2959
6031 5398 2959
6031 5398 2959
6031 5398 2959
6031 5398 2959
6031 5398 2959
6031 5398 2959
6031 5398 2959
5261 5547 2959
5261 5547 2959
5261 5547 2959
5261 5547 2959
5261 5547 2959
5261 5547 2959
5261 5547 2959
5261 5547 2959
5261 5547 2959
5261 5547 2959
5261 5547 2959
5261 5547 2959
5261 5547 2959
5278 8437 2959
5278 8437 2959
5278 8437 2959
5278 8437 2959
5278 8437 2959
5278 8437 2959
5278 8437 2959
5278 8437 2959
5278 8437 2959
5278 8437 2959
5278 8437 2959
5278 8437 2959
5278 8437 2959
7500 7796 2959
7500 7796 2959
7500 7796 2959
7500 7796 2959
7500 7796 2959
7500 7796 2959
7500 7796 2959
7500 7796 2959
7500 7796 2959
7500 7796 2959
7500 7796 2959
7500 7796 2959
7500 7796 2959
6508 6604 2959
6508 6604 2959
6508 6604 2959
6508 6604 2959
6508 6604 2959
6508 6604 2959
6508 6604 2959
6508 6604 2959
6508 6604 2959
6508 6604 2959
6508 6604 2959
6508 6604 2959
6546 6451 2959
6546 6451 2959
6546 6451 2959
6546 6451 2959
6546 6451 2959
6546 6451 2959
6546 6451 2959
6546 6451 2959
6546 6451 2959
6546 6451 2959
6546 6451 2959
6546 6451 2959
7969 7877 2959
7969 7877 2959
7969 7877 2959
7969 7877 2959
7969 7877 2959
7969 7877 2959
7969 7877 2959
7969 7877 2959
7969 7877 2959
7969 7877 2959
7969 7877 2959
7969 7877 2959
7969 7877 2959
8474 5386 2959
8474 5386 2959
8474 5386 2959
8474 5386 2959
8474 5386 2959
8474 5386 2959
8474 5386 2959
8474 5386 2959
8474 5386 2959
8474 5386 2959
8474 5386 2959
8474 5386 2959
6444 7750 2960
6444 7750 2960
6444 7750 2960
6444 7750 2960
6444 7750 2960
6444 7750 2960
6444 7750 2960
6444 7750 2960
6444 7750 2960
6444 7750 2960
6444 7750 2960
6444 7750 2960
6444 7750 2960
5358 6026 2960
5358 6026 2960
5358 6026 2960
5358 6026 2960
5358 6026 2960
5358 6026 2960
5358 6026 2960
5358 6026 2960
5358 6026 2960
5358 6026 2960
5358 6026 2960
5358 6026 2960
5358 6026 2960
6018 6114 2961
6018 6114 2961
6018 6114 2961
6018 6114 2961
6018 6114 2961
6018 6114 2961
6018 6114 2961
6018 6114 2961
6018 6114 2961
6018 6114 2961
6018 6114 2961
6018 6114 2961
6018 6114 2961
7906 7805 2961
7906 7805 2961
7906 7805 2961
7906 7805 2961
7906 7805 2961
7906 7805 2961
7906 7805 2961
7906 7805 2961
7906 7805 2961
7906 7805 2961
7906 7805 2961
7906 7805 2961
7906 7805 2961
5450 5444 2961
5450 5444 2961
5450 5444 2961
5450 5444 2961
5450 5444 2961
5450 5444 2961
5450 5444 2961
5450 5444 2961
5450 5444 2961
5450 5444 2961
5450 5444 2961
5450 5444 2961
5450 5444 2961
8462 6582 2961
8462 6582 2961
8462 6582 2961
8462 6582 2961
8462 6582 2961
8462 6582 2961
8462 6582 2961
8462 6582 2961
8462 6582 2961
8462 6582 2961
8462 6582 2961
8462 6582 2961
6601 6515 2961
6601 6515 2961
6601 6515 2961
6601 6515 2961
6601 6515 2961
6601 6515 2961
6601 6515 2961
6601 6515 2961
6601 6515 2961
6601 6515 2961
6601 6515 2961
6601 6515 2961
5425 8436 2962
5425 8436 2962
5425 8436 2962
5425 8436 2962
5425 8436 2962
5425 8436 2962
5425 8436 2962
5425 8436 2962
5425 8436 2962
5425 8436 2962
5425 8436 2962
5425 8436 2962
5425 8436 2962
5922 7708 2962
5922 7708 2962
5922 7708 2962
5922 7708 2962
5922 7708 2962
5922 7708 2962
5922 7708 2962
5922 7708 2962
5922 7708 2962
5922 7708 2962
5922 7708 2962
5922 7708 2962
5922 7708 2962
8710 8436 2962
8710 8436 2962
8710 8436 2962
8710 8436 2962
8710 8436 2962
8710 8436 2962
8710 8436 2962
8710 8436 2962
8710 8436 2962
8710 8436 2962
8710 8436 2962
8710 8436 2962
5358 6597 2962
5358 6597 2962
5358 6597 2962
5358 6597 2962
5358 6597 2962
5358 6597 2962
5358 6597 2962
5358 6597 2962
5358 6597 2962
5358 6597 2962
5358 6597 2962
5358 6597 2962
7680 7834 2962
7680 7834 2962
7680 7834 2962
7680 7834 2962
7680 7834 2962
7680 7834 2962
7680 7834 2962
7680 7834 2962
7680 7834 2962
7680 7834 2962
7680 7834 2962
7680 7834 2962
7680 7834 2962
7772 7712 2962
7772 7712 2962
7772 7712 2962
7772 7712 2962
7772 7712 2962
7772 7712 2962
7772 7712 2962
7772 7712 2962
7772 7712 2962
7772 7712 2962
7772 7712 2962
7772 7712 2962
7772 7712 2962
5443 5519 2963
5443 5519 2963
5443 5519 2963
5443 5519 2963
5443 5519 2963
5443 5519 2963
5443 5519 2963
5443 5519 2963
5443 5519 2963
5443 5519 2963
5443 5519 2963
5443 5519 2963
8472 7934 2963
8472 7934 2963
8472 7934 2963
8472 7934 2963
8472 7934 2963
8472 7934 2963
8472 7934 2963
8472 7934 2963
8472 7934 2963
8472 7934 2963
8472 7934 2963
8472 7934 2963
8472 7934 2963
8462 7690 2963
8462 7690 2963
8462 7690 2963
8462 7690 2963
8462 7690 2963
8462 7690 2963
8462 7690 2963
8462 7690 2963
8462 7690 2963
8462 7690 2963
8462 7690 2963
8462 7690 2963
8462 7690 2963
6556 8458 2964
6556 8458 2964
6556 8458 2964
6556 8458 2964
6556 8458 2964
6556 8458 2964
6556 8458 2964
6556 8458 2964
6556 8458 2964
6556 8458 2964
6556 8458 2964
6556 8458 2964
6556 8458 2964
7490 6500 2965
7490 6500 2965
7490 6500 2965
7490 6500 2965
7490 6500 2965
7490 6500 2965
7490 6500 2965
7490 6500 2965
7490 6500 2965
7490 6500 2965
7490 6500 2965
7490 6500 2965
9230 8744 2965
9230 8744 2965
9230 8744 2965
9230 8744 2965
9230 8744 2965
9230 8744 2965
9230 8744 2965
9230 8744 2965
9230 8744 2965
9230 8744 2965
9230 8744 2965
9230 8744 2965
8455 6036 2966
8455 6036 2966
8455 6036 2966
8455 6036 2966
8455 6036 2966
8455 6036 2966
8455 6036 2966
8455 6036 2966
8455 6036 2966
8455 6036 2966
8455 6036 2966
8455 6036 2966
6602 7732 2967
6602 7732 2967
6602 7732 2967
6602 7732 2967
6602 7732 2967
6602 7732 2967
6602 7732 2967
6602 7732 2967
6602 7732 2967
6602 7732 2967
6602 7732 2967
6602 7732 2967
6602 7732 2967
5413 5251 2967
5413 5251 2967
5413 5251 2967
5413 5251 2967
5413 5251 2967
5413 5251 2967
5413 5251 2967
5413 5251 2967
5413 5251 2967
5413 5251 2967
5413 5251 2967
5413 5251 2967
5437 5259 2967
5437 5259 2967
5437 5259 2967
5437 5259 2967
5437 5259 2967
5437 5259 2967
5437 5259 2967
5437 5259 2967
5437 5259 2967
5437 5259 2967
5437 5259 2967
5437 5259 2967
7479 6498 2967
7479 6498 2967
7479 6498 2967
7479 6498 2967
7479 6498 2967
7479 6498 2967
7479 6498 2967
7479 6498 2967
7479 6498 2967
7479 6498 2967
7479 6498 2967
7479 6498 2967
7479 6498 2967
8447 5285 2968
8447 5285 2968
8447 5285 2968
8447 5285 2968
8447 5285 2968
8447 5285 2968
8447 5285 2968
8447 5285 2968
8447 5285 2968
8447 5285 2968
8447 5285 2968
8447 5285 2968
8447 5285 2968
5307 5266 2969
5307 5266 2969
5307 5266 2969
5307 5266 2969
5307 5266 2969
5307 5266 2969
5307 5266 2969
5307 5266 2969
5307 5266 2969
5307 5266 2969
5307 5266 2969
5307 5266 2969
5260 8453 2969
5260 8453 2969
5260 8453 2969
5260 8453 2969
5260 8453 2969
5260 8453 2969
5260 8453 2969
5260 8453 2969
5260 8453 2969
5260 8453 2969
5260 8453 2969
5260 8453 2969
8402 5361 2969
8402 5361 2969
8402 5361 2969
8402 5361 2969
8402 5361 2969
8402 5361 2969
8402 5361 2969
8402 5361 2969
8402 5361 2969
8402 5361 2969
8402 5361 2969
8402 5361 2969
5552 5507 2970
5552 5507 2970
5552 5507 2970
5552 5507 2970
5552 5507 2970
5552 5507 2970
5552 5507 2970
5552 5507 2970
5552 5507 2970
5552 5507 2970
5552 5507 2970
5552 5507 2970
5320 5272 2970
5320 5272 2970
5320 5272 2970
5320 5272 2970
5320 5272 2970
5320 5272 2970
5320 5272 2970
5320 5272 2970
5320 5272 2970
5320 5272 2970
5320 5272 2970
5320 5272 2970
5320 5272 2970
5993 7706 2971
5993 7706 2971
5993 7706 2971
5993 7706 2971
5993 7706 2971
5993 7706 2971
5993 7706 2971
5993 7706 2971
5993 7706 2971
5993 7706 2971
5993 7706 2971
5993 7706 2971
5993 7706 2971
7664 6473 2971
7664 6473 2971
7664 6473 2971
7664 6473 2971
7664 6473 2971
7664 6473 2971
7664 6473 2971
7664 6473 2971
7664 6473 2971
7664 6473 2971
7664 6473 2971
7664 6473 2971
7664 6473 2971
5398 8453 2972
5398 8453 2972
5398 8453 2972
5398 8453 2972
5398 8453 2972
5398 8453 2972
5398 8453 2972
5398 8453 2972
5398 8453 2972
5398 8453 2972
5398 8453 2972
5398 8453 2972
5398 8453 2972
6472 7504 2972
6472 7504 2972
6472 7504 2972
6472 7504 2972
6472 7504 2972
6472 7504 2972
6472 7504 2972
6472 7504 2972
6472 7504 2972
6472 7504 2972
6472 7504 2972
6472 7504 2972
8455 6552 2972
8455 6552 2972
8455 6552 2972
8455 6552 2972
8455 6552 2972
8455 6552 2972
8455 6552 2972
8455 6552 2972
8455 6552 2972
8455 6552 2972
8455 6552 2972
8455 6552 2972
8455 6552 2972
7661 7882 2973
7661 7882 2973
7661 7882 2973
7661 7882 2973
7661 7882 2973
7661 7882 2973
7661 7882 2973
7661 7882 2973
7661 7882 2973
7661 7882 2973
7661 7882 2973
7661 7882 2973
7743 7723 2973
7743 7723 2973
7743 7723 2973
7743 7723 2973
7743 7723 2973
7743 7723 2973
7743 7723 2973
7743 7723 2973
7743 7723 2973
7743 7723 2973
7743 7723 2973
7743 7723 2973
8445 6602 2973
8445 6602 2973
8445 6602 2973
8445 6602 2973
8445 6602 2973
8445 6602 2973
8445 6602 2973
8445 6602 2973
8445 6602 2973
8445 6602 2973
8445 6602 2973
8445 6602 2973
8445 6602 2973
5272 5282 2974
5272 5282 2974
5272 5282 2974
5272 5282 2974
5272 5282 2974
5272 5282 2974
5272 5282 2974
5272 5282 2974
5272 5282 2974
5272 5282 2974
5272 5282 2974
5272 5282 2974
6461 6454 2974
6461 6454 2974
6461 6454 2974
6461 6454 2974
6461 6454 2974
6461 6454 2974
6461 6454 2974
6461 6454 2974
6461 6454 2974
6461 6454 2974
6461 6454 2974
6461 6454 2974
6546 8453 2974
6546 8453 2974
6546 8453 2974
6546 8453 2974
6546 8453 2974
6546 8453 2974
6546 8453 2974
6546 8453 2974
6546 8453 2974
6546 8453 2974
6546 8453 2974
6546 8453 2974
6546 8453 2974
6564 5258 2974
6564 5258 2974
6564 5258 2974
6564 5258 2974
6564 5258 2974
6564 5258 2974
6564 5258 2974
6564 5258 2974
6564 5258 2974
6564 5258 2974
6564 5258 2974
6564 5258 2974
6564 5258 2974
7676 6525 2975
7676 6525 2975
7676 6525 2975
7676 6525 2975
7676 6525 2975
7676 6525 2975
7676 6525 2975
7676 6525 2975
7676 6525 2975
7676 6525 2975
7676 6525 2975
7676 6525 2975
7676 6525 2975
6546 5251 2975
6546 5251 2975
6546 5251 2975
6546 5251 2975
6546 5251 2975
6546 5251 2975
6546 5251 2975
6546 5251 2975
6546 5251 2975
6546 5251 2975
6546 5251 2975
6546 5251 2975
7722 5259 2975
7722 5259 2975
7722 5259 2975
7722 5259 2975
7722 5259 2975
7722 5259 2975
7722 5259 2975
7722 5259 2975
7722 5259 2975
7722 5259 2975
7722 5259 2975
7722 5259 2975
5272 9226 2975
5272 9226 2975
5272 9226 2975
5272 9226 2975
5272 9226 2975
5272 9226 2975
5272 9226 2975
5272 9226 2975
5272 9226 2975
5272 9226 2975
5272 9226 2975
5272 9226 2975
8767 8757 2975
8767 8757 2975
8767 8757 2975
8767 8757 2975
8767 8757 2975
8767 8757 2975
8767 8757 2975
8767 8757 2975
8767 8757 2975
8767 8757 2975
8767 8757 2975
8767 8757 2975
8767 8757 2975
6449 6310 2975
6449 6310 2975
6449 6310 2975
6449 6310 2975
6449 6310 2975
6449 6310 2975
6449 6310 2975
6449 6310 2975
6449 6310 2975
6449 6310 2975
6449 6310 2975
6449 6310 2975
5413 5453 2976
5413 5453 2976
5413 5453 2976
5413 5453 2976
5413 5453 2976
5413 5453 2976
5413 5453 2976
5413 5453 2976
5413 5453 2976
5413 5453 2976
5413 5453 2976
5413 5453 2976
8458 6057 2976
8458 6057 2976
8458 6057 2976
8458 6057 2976
8458 6057 2976
8458 6057 2976
8458 6057 2976
8458 6057 2976
8458 6057 2976
8458 6057 2976
8458 6057 2976
8458 6057 2976
7819 7942 2977
7819 7942 2977
7819 7942 2977
7819 7942 2977
7819 7942 2977
7819 7942 2977
7819 7942 2977
7819 7942 2977
7819 7942 2977
7819 7942 2977
7819 7942 2977
7819 7942 2977
7819 7942 2977
7975 7866 2977
7975 7866 2977
7975 7866 2977
7975 7866 2977
7975 7866 2977
7975 7866 2977
7975 7866 2977
7975 7866 2977
7975 7866 2977
7975 7866 2977
7975 7866 2977
7975 7866 2977
7975 7866 2977
7928 7800 2977
7928 7800 2977
7928 7800 2977
7928 7800 2977
7928 7800 2977
7928 7800 2977
7928 7800 2977
7928 7800 2977
7928 7800 2977
7928 7800 2977
7928 7800 2977
7928 7800 2977
7928 7800 2977
7688 7634 2978
7688 7634 2978
7688 7634 2978
7688 7634 2978
7688 7634 2978
7688 7634 2978
7688 7634 2978
7688 7634 2978
7688 7634 2978
7688 7634 2978
7688 7634 2978
7688 7634 2978
7688 7634 2978
8444 6605 2978
8444 6605 2978
8444 6605 2978
8444 6605 2978
8444 6605 2978
8444 6605 2978
8444 6605 2978
8444 6605 2978
8444 6605 2978
8444 6605 2978
8444 6605 2978
8444 6605 2978
8444 6605 2978
6027 9539 2978
6027 9539 2978
6027 9539 2978
6027 9539 2978
6027 9539 2978
6027 9539 2978
6027 9539 2978
6027 9539 2978
6027 9539 2978
6027 9539 2978
6027 9539 2978
6027 9539 2978
6564 8438 2978
6564 8438 2978
6564 8438 2978
6564 8438 2978
6564 8438 2978
6564 8438 2978
6564 8438 2978
6564 8438 2978
6564 8438 2978
6564 8438 2978
6564 8438 2978
6564 8438 2978
6595 6566 2979
6595 6566 2979
6595 6566 2979
6595 6566 2979
6595 6566 2979
6595 6566 2979
6595 6566 2979
6595 6566 2979
6595 6566 2979
6595 6566 2979
6595 6566 2979
6595 6566 2979
6595 6566 2979
8455 5413 2979
8455 5413 2979
8455 5413 2979
8455 5413 2979
8455 5413 2979
8455 5413 2979
8455 5413 2979
8455 5413 2979
8455 5413 2979
8455 5413 2979
8455 5413 2979
8455 5413 2979
8455 5413 2979
6334 7460 2980
6334 7460 2980
6334 7460 2980
6334 7460 2980
6334 7460 2980
6334 7460 2980
6334 7460 2980
6334 7460 2980
6334 7460 2980
6334 7460 2980
6334 7460 2980
6334 7460 2980
7962 7781 2980
7962 7781 2980
7962 7781 2980
7962 7781 2980
7962 7781 2980
7962 7781 2980
7962 7781 2980
7962 7781 2980
7962 7781 2980
7962 7781 2980
7962 7781 2980
7962 7781 2980
7740 8459 2980
7740 8459 2980
7740 8459 2980
7740 8459 2980
7740 8459 2980
7740 8459 2980
7740 8459 2980
7740 8459 2980
7740 8459 2980
7740 8459 2980
7740 8459 2980
7740 8459 2980
7740 8459 2980
6524 7676 2980
6524 7676 2980
6524 7676 2980
6524 7676 2980
6524 7676 2980
6524 7676 2980
6524 7676 2980
6524 7676 2980
6524 7676 2980
6524 7676 2980
6524 7676 2980
6524 7676 2980
6524 7676 2980
5276 5366 2980
5276 5366 2980
5276 5366 2980
5276 5366 2980
5276 5366 2980
5276 5366 2980
5276 5366 2980
5276 5366 2980
5276 5366 2980
5276 5366 2980
5276 5366 2980
5276 5366 2980
7676 6483 2980
7676 6483 2980
7676 6483 2980
7676 6483 2980
7676 6483 2980
7676 6483 2980
7676 6483 2980
7676 6483 2980
7676 6483 2980
7676 6483 2980
7676 6483 2980
7676 6483 2980
7676 6483 2980
7691 6536 2980
7691 6536 2980
7691 6536 2980
7691 6536 2980
7691 6536 2980
7691 6536 2980
7691 6536 2980
7691 6536 2980
7691 6536 2980
7691 6536 2980
7691 6536 2980
7691 6536 2980
6042 7704 2980
6042 7704 2980
6042 7704 2980
6042 7704 2980
6042 7704 2980
6042 7704 2980
6042 7704 2980
6042 7704 2980
6042 7704 2980
6042 7704 2980
6042 7704 2980
6042 7704 2980
6042 7704 2980
7907 7674 2980
7907 7674 2980
7907 7674 2980
7907 7674 2980
7907 7674 2980
7907 7674 2980
7907 7674 2980
7907 7674 2980
7907 7674 2980
7907 7674 2980
7907 7674 2980
7907 7674 2980
8476 7942 2980
8476 7942 2980
8476 7942 2980
8476 7942 2980
8476 7942 2980
8476 7942 2980
8476 7942 2980
8476 7942 2980
8476 7942 2980
8476 7942 2980
8476 7942 2980
8476 7942 2980
8476 7942 2980
7774 7968 2980
7774 7968 2980
7774 7968 2980
7774 7968 2980
7774 7968 2980
7774 7968 2980
7774 7968 2980
7774 7968 2980
7774 7968 2980
7774 7968 2980
7774 7968 2980
7774 7968 2980
7774 7968 2980
7454 7667 2981
7454 7667 2981
7454 7667 2981
7454 7667 2981
7454 7667 2981
7454 7667 2981
7454 7667 2981
7454 7667 2981
7454 7667 2981
7454 7667 2981
7454 7667 2981
7454 7667 2981
7454 7667 2981
8762 5355 2981
8762 5355 2981
8762 5355 2981
8762 5355 2981
8762 5355 2981
8762 5355 2981
8762 5355 2981
8762 5355 2981
8762 5355 2981
8762 5355 2981
8762 5355 2981
8762 5355 2981
7667 7480 2981
7667 7480 2981
7667 7480 2981
7667 7480 2981
7667 7480 2981
7667 7480 2981
7667 7480 2981
7667 7480 2981
7667 7480 2981
7667 7480 2981
7667 7480 2981
7667 7480 2981
7710 5386 2981
7710 5386 2981
7710 5386 2981
7710 5386 2981
7710 5386 2981
7710 5386 2981
7710 5386 2981
7710 5386 2981
7710 5386 2981
7710 5386 2981
7710 5386 2981
7710 5386 2981
6599 8439 2981
6599 8439 2981
6599 8439 2981
6599 8439 2981
6599 8439 2981
6599 8439 2981
6599 8439 2981
6599 8439 2981
6599 8439 2981
6599 8439 2981
6599 8439 2981
6599 8439 2981
5279 9157 2981
5279 9157 2981
5279 9157 2981
5279 9157 2981
5279 9157 2981
5279 9157 2981
5279 9157 2981
5279 9157 2981
5279 9157 2981
5279 9157 2981
5279 9157 2981
5279 9157 2981
5279 9157 2981
6581 6483 2981
6581 6483 2981
6581 6483 2981
6581 6483 2981
6581 6483 2981
6581 6483 2981
6581 6483 2981
6581 6483 2981
6581 6483 2981
6581 6483 2981
6581 6483 2981
6581 6483 2981
6581 6483 2981
7879 7864 2981
7879 7864 2981
7879 7864 2981
7879 7864 2981
7879 7864 2981
7879 7864 2981
7879 7864 2981
7879 7864 2981
7879 7864 2981
7879 7864 2981
7879 7864 2981
7879 7864 2981
5413 8454 2982
5413 8454 2982
5413 8454 2982
5413 8454 2982
5413 8454 2982
5413 8454 2982
5413 8454 2982
5413 8454 2982
5413 8454 2982
5413 8454 2982
5413 8454 2982
5413 8454 2982
7964 7744 2982
7964 7744 2982
7964 7744 2982
7964 7744 2982
7964 7744 2982
7964 7744 2982
7964 7744 2982
7964 7744 2982
7964 7744 2982
7964 7744 2982
7964 7744 2982
7964 7744 2982
7964 7744 2982
6538 6498 2983
6538 6498 2983
6538 6498 2983
6538 6498 2983
6538 6498 2983
6538 6498 2983
6538 6498 2983
6538 6498 2983
6538 6498 2983
6538 6498 2983
6538 6498 2983
6538 6498 2983
7914 9672 2983
7914 9672 2983
7914 9672 2983
7914 9672 2983
7914 9672 2983
7914 9672 2983
7914 9672 2983
7914 9672 2983
7914 9672 2983
7914 9672 2983
7914 9672 2983
7914 9672 2983
5542 5355 2983
5542 5355 2983
5542 5355 2983
5542 5355 2983
5542 5355 2983
5542 5355 2983
5542 5355 2983
5542 5355 2983
5542 5355 2983
5542 5355 2983
5542 5355 2983
5542 5355 2983
5542 5355 2983
5380 5985 2983
5380 5985 2983
5380 5985 2983
5380 5985 2983
5380 5985 2983
5380 5985 2983
5380 5985 2983
5380 5985 2983
5380 5985 2983
5380 5985 2983
5380 5985 2983
5380 5985 2983
7813 7789 2983
7813 7789 2983
7813 7789 2983
7813 7789 2983
7813 7789 2983
7813 7789 2983
7813 7789 2983
7813 7789 2983
7813 7789 2983
7813 7789 2983
7813 7789 2983
7813 7789 2983
8756 9267 2983
8756 9267 2983
8756 9267 2983
8756 9267 2983
8756 9267 2983
8756 9267 2983
8756 9267 2983
8756 9267 2983
8756 9267 2983
8756 9267 2983
8756 9267 2983
8756 9267 2983
8756 9267 2983
6562 6613 2984
6562 6613 2984
6562 6613 2984
6562 6613 2984
6562 6613 2984
6562 6613 2984
6562 6613 2984
6562 6613 2984
6562 6613 2984
6562 6613 2984
6562 6613 2984
6562 6613 2984
6562 6613 2984
8475 5986 2984
8475 5986 2984
8475 5986 2984
8475 5986 2984
8475 5986 2984
8475 5986 2984
8475 5986 2984
8475 5986 2984
8475 5986 2984
8475 5986 2984
8475 5986 2984
8475 5986 2984
8755 9145 2984
8755 9145 2984
8755 9145 2984
8755 9145 2984
8755 9145 2984
8755 9145 2984
8755 9145 2984
8755 9145 2984
8755 9145 2984
8755 9145 2984
8755 9145 2984
8755 9145 2984
8755 9145 2984
5255 6541 2984
5255 6541 2984
5255 6541 2984
5255 6541 2984
5255 6541 2984
5255 6541 2984
5255 6541 2984
5255 6541 2984
5255 6541 2984
5255 6541 2984
5255 6541 2984
5255 6541 2984
7633 7654 2984
7633 7654 2984
7633 7654 2984
7633 7654 2984
7633 7654 2984
7633 7654 2984
7633 7654 2984
7633 7654 2984
7633 7654 2984
7633 7654 2984
7633 7654 2984
7633 7654 2984
7633 7654 2984
5486 5514 2984
5486 5514 2984
5486 5514 2984
5486 5514 2984
5486 5514 2984
5486 5514 2984
5486 5514 2984
5486 5514 2984
5486 5514 2984
5486 5514 2984
5486 5514 2984
5486 5514 2984
7748 7678 2985
7748 7678 2985
7748 7678 2985
7748 7678 2985
7748 7678 2985
7748 7678 2985
7748 7678 2985
7748 7678 2985
7748 7678 2985
7748 7678 2985
7748 7678 2985
7748 7678 2985
7748 7678 2985
8464 6582 2985
8464 6582 2985
8464 6582 2985
8464 6582 2985
8464 6582 2985
8464 6582 2985
8464 6582 2985
8464 6582 2985
8464 6582 2985
8464 6582 2985
8464 6582 2985
8464 6582 2985
6548 7762 2985
6548 7762 2985
6548 7762 2985
6548 7762 2985
6548 7762 2985
6548 7762 2985
6548 7762 2985
6548 7762 2985
6548 7762 2985
6548 7762 2985
6548 7762 2985
6548 7762 2985
6548 7762 2985
6450 7677 2985
6450 7677 2985
6450 7677 2985
6450 7677 2985
6450 7677 2985
6450 7677 2985
6450 7677 2985
6450 7677 2985
6450 7677 2985
6450 7677 2985
6450 7677 2985
6450 7677 2985
7748 7757 2985
7748 7757 2985
7748 7757 2985
7748 7757 2985
7748 7757 2985
7748 7757 2985
7748 7757 2985
7748 7757 2985
7748 7757 2985
7748 7757 2985
7748 7757 2985
7748 7757 2985
7748 7757 2985
6544 6605 2985
6544 6605 2985
6544 6605 2985
6544 6605 2985
6544 6605 2985
6544 6605 2985
6544 6605 2985
6544 6605 2985
6544 6605 2985
6544 6605 2985
6544 6605 2985
6544 6605 2985
5363 7692 2986
5363 7692 2986
5363 7692 2986
5363 7692 2986
5363 7692 2986
5363 7692 2986
5363 7692 2986
5363 7692 2986
5363 7692 2986
5363 7692 2986
5363 7692 2986
5363 7692 2986
7687 7842 2986
7687 7842 2986
7687 7842 2986
7687 7842 2986
7687 7842 2986
7687 7842 2986
7687 7842 2986
7687 7842 2986
7687 7842 2986
7687 7842 2986
7687 7842 2986
7687 7842 2986
7490 7519 2986
7490 7519 2986
7490 7519 2986
7490 7519 2986
7490 7519 2986
7490 7519 2986
7490 7519 2986
7490 7519 2986
7490 7519 2986
7490 7519 2986
7490 7519 2986
7490 7519 2986
8760 5365 2986
8760 5365 2986
8760 5365 2986
8760 5365 2986
8760 5365 2986
8760 5365 2986
8760 5365 2986
8760 5365 2986
8760 5365 2986
8760 5365 2986
8760 5365 2986
8760 5365 2986
8442 8453 2986
8442 8453 2986
8442 8453 2986
8442 8453 2986
8442 8453 2986
8442 8453 2986
8442 8453 2986
8442 8453 2986
8442 8453 2986
8442 8453 2986
8442 8453 2986
8442 8453 2986
8442 8453 2986
5483 9754 2987
5483 9754 2987
5483 9754 2987
5483 9754 2987
5483 9754 2987
5483 9754 2987
5483 9754 2987
5483 9754 2987
5483 9754 2987
5483 9754 2987
5483 9754 2987
5483 9754 2987
7740 7881 2987
7740 7881 2987
7740 7881 2987
7740 7881 2987
7740 7881 2987
7740 7881 2987
7740 7881 2987
7740 7881 2987
7740 7881 2987
7740 7881 2987
7740 7881 2987
7740 7881 2987
7740 7881 2987
8786 5275 2987
8786 5275 2987
8786 5275 2987
8786 5275 2987
8786 5275 2987
8786 5275 2987
8786 5275 2987
8786 5275 2987
8786 5275 2987
8786 5275 2987
8786 5275 2987
8786 5275 2987
8786 5275 2987
9176 5342 2988
9176 5342 2988
9176 5342 2988
9176 5342 2988
9176 5342 2988
9176 5342 2988
9176 5342 2988
9176 5342 2988
9176 5342 2988
9176 5342 2988
9176 5342 2988
9176 5342 2988
9176 5342 2988
5998 5366 2988
5998 5366 2988
5998 5366 2988
5998 5366 2988
5998 5366 2988
5998 5366 2988
5998 5366 2988
5998 5366 2988
5998 5366 2988
5998 5366 2988
5998 5366 2988
5998 5366 2988
9161 9147 2989
9161 9147 2989
9161 9147 2989
9161 9147 2989
9161 9147 2989
9161 9147 2989
9161 9147 2989
9161 9147 2989
9161 9147 2989
9161 9147 2989
9161 9147 2989
9161 9147 2989
9161 9147 2989
7938 6043 2990
7938 6043 2990
7938 6043 2990
7938 6043 2990
7938 6043 2990
7938 6043 2990
7938 6043 2990
7938 6043 2990
7938 6043 2990
7938 6043 2990
7938 6043 2990
7938 6043 2990
7938 6043 2990
8678 6456 2991
8678 6456 2991
8678 6456 2991
8678 6456 2991
8678 6456 2991
8678 6456 2991
8678 6456 2991
8678 6456 2991
8678 6456 2991
8678 6456 2991
8678 6456 2991
8678 6456 2991
8678 6456 2991
5433 5507 2991
5433 5507 2991
5433 5507 2991
5433 5507 2991
5433 5507 2991
5433 5507 2991
5433 5507 2991
5433 5507 2991
5433 5507 2991
5433 5507 2991
5433 5507 2991
5433 5507 2991
7786 8474 2991
7786 8474 2991
7786 8474 2991
7786 8474 2991
7786 8474 2991
7786 8474 2991
7786 8474 2991
7786 8474 2991
7786 8474 2991
7786 8474 2991
7786 8474 2991
7786 8474 2991
5364 6590 2991
5364 6590 2991
5364 6590 2991
5364 6590 2991
5364 6590 2991
5364 6590 2991
5364 6590 2991
5364 6590 2991
5364 6590 2991
5364 6590 2991
5364 6590 2991
5364 6590 2991
5364 6590 2991
7755 9668 2991
7755 9668 2991
7755 9668 2991
7755 9668 2991
7755 9668 2991
7755 9668 2991
7755 9668 2991
7755 9668 2991
7755 9668 2991
7755 9668 2991
7755 9668 2991
7755 9668 2991
7755 9668 2991
7847 7644 2991
7847 7644 2991
7847 7644 2991
7847 7644 2991
7847 7644 2991
7847 7644 2991
7847 7644 2991
7847 7644 2991
7847 7644 2991
7847 7644 2991
7847 7644 2991
7847 7644 2991
7847 7644 2991
6043 7943 2992
6043 7943 2992
6043 7943 2992
6043 7943 2992
6043 7943 2992
6043 7943 2992
6043 7943 2992
6043 7943 2992
6043 7943 2992
6043 7943 2992
6043 7943 2992
6043 7943 2992
6601 7763 2992
6601 7763 2992
6601 7763 2992
6601 7763 2992
6601 7763 2992
6601 7763 2992
6601 7763 2992
6601 7763 2992
6601 7763 2992
6601 7763 2992
6601 7763 2992
6601 7763 2992
6601 7763 2992
6552 7725 2992
6552 7725 2992
6552 7725 2992
6552 7725 2992
6552 7725 2992
6552 7725 2992
6552 7725 2992
6552 7725 2992
6552 7725 2992
6552 7725 2992
6552 7725 2992
6552 7725 2992
6552 7725 2992
5985 5268 2993
5985 5268 2993
5985 5268 2993
5985 5268 2993
5985 5268 2993
5985 5268 2993
5985 5268 2993
5985 5268 2993
5985 5268 2993
5985 5268 2993
5985 5268 2993
5985 5268 2993
5985 5268 2993
5535 6033 2993
5535 6033 2993
5535 6033 2993
5535 6033 2993
5535 6033 2993
5535 6033 2993
5535 6033 2993
5535 6033 2993
5535 6033 2993
5535 6033 2993
5535 6033 2993
5535 6033 2993
5535 6033 2993
7700 8459 2993
7700 8459 2993
7700 8459 2993
7700 8459 2993
7700 8459 2993
7700 8459 2993
7700 8459 2993
7700 8459 2993
7700 8459 2993
7700 8459 2993
7700 8459 2993
7700 8459 2993
7700 8459 2993
8455 6384 2994
8455 6384 2994
8455 6384 2994
8455 6384 2994
8455 6384 2994
8455 6384 2994
8455 6384 2994
8455 6384 2994
8455 6384 2994
8455 6384 2994
8455 6384 2994
8455 6384 2994
6510 6564 2994
6510 6564 2994
6510 6564 2994
6510 6564 2994
6510 6564 2994
6510 6564 2994
6510 6564 2994
6510 6564 2994
6510 6564 2994
6510 6564 2994
6510 6564 2994
6510 6564 2994
6510 6564 2994
6495 7515 2994
6495 7515 2994
6495 7515 2994
6495 7515 2994
6495 7515 2994
6495 7515 2994
6495 7515 2994
6495 7515 2994
6495 7515 2994
6495 7515 2994
6495 7515 2994
6495 7515 2994
8710 5290 2994
8710 5290 2994
8710 5290 2994
8710 5290 2994
8710 5290 2994
8710 5290 2994
8710 5290 2994
8710 5290 2994
8710 5290 2994
8710 5290 2994
8710 5290 2994
8710 5290 2994
7723 5991 2994
7723 5991 2994
7723 5991 2994
7723 5991 2994
7723 5991 2994
7723 5991 2994
7723 5991 2994
7723 5991 2994
7723 5991 2994
7723 5991 2994
7723 5991 2994
7723 5991 2994
7723 5991 2994
7726 7807 2994
7726 7807 2994
7726 7807 2994
7726 7807 2994
7726 7807 2994
7726 7807 2994
7726 7807 2994
7726 7807 2994
7726 7807 2994
7726 7807 2994
7726 7807 2994
7726 7807 2994
7726 7807 2994
6527 6546 2994
6527 6546 2994
6527 6546 2994
6527 6546 2994
6527 6546 2994
6527 6546 2994
6527 6546 2994
6527 6546 2994
6527 6546 2994
6527 6546 2994
6527 6546 2994
6527 6546 2994
5382 8757 2995
5382 8757 2995
5382 8757 2995
5382 8757 2995
5382 8757 2995
5382 8757 2995
5382 8757 2995
5382 8757 2995
5382 8757 2995
5382 8757 2995
5382 8757 2995
5382 8757 2995
5382 8757 2995
8448 7692 2995
8448 7692 2995
8448 7692 2995
8448 7692 2995
8448 7692 2995
8448 7692 2995
8448 7692 2995
8448 7692 2995
8448 7692 2995
8448 7692 2995
8448 7692 2995
8448 7692 2995
5243 5269 2995
5243 5269 2995
5243 5269 2995
5243 5269 2995
5243 5269 2995
5243 5269 2995
5243 5269 2995
5243 5269 2995
5243 5269 2995
5243 5269 2995
5243 5269 2995
5243 5269 2995
5243 5269 2995
6541 6375 2995
6541 6375 2995
6541 6375 2995
6541 6375 2995
6541 6375 2995
6541 6375 2995
6541 6375 2995
6541 6375 2995
6541 6375 2995
6541 6375 2995
6541 6375 2995
6541 6375 2995
6541 6375 2995
5575 5310 2996
5575 5310 2996
5575 5310 2996
5575 5310 2996
5575 5310 2996
5575 5310 2996
5575 5310 2996
5575 5310 2996
5575 5310 2996
5575 5310 2996
5575 5310 2996
5575 5310 2996
5333 8755 2996
5333 8755 2996
5333 8755 2996
5333 8755 2996
5333 8755 2996
5333 8755 2996
5333 8755 2996
5333 8755 2996
5333 8755 2996
5333 8755 2996
5333 8755 2996
5333 8755 2996
8762 5337 2996
8762 5337 2996
8762 5337 2996
8762 5337 2996
8762 5337 2996
8762 5337 2996
8762 5337 2996
8762 5337 2996
8762 5337 2996
8762 5337 2996
8762 5337 2996
8762 5337 2996
7797 7746 2996
7797 7746 2996
7797 7746 2996
7797 7746 2996
7797 7746 2996
7797 7746 2996
7797 7746 2996
7797 7746 2996
7797 7746 2996
7797 7746 2996
7797 7746 2996
7797 7746 2996
5986 5361 2997
5986 5361 2997
5986 5361 2997
5986 5361 2997
5986 5361 2997
5986 5361 2997
5986 5361 2997
5986 5361 2997
5986 5361 2997
5986 5361 2997
5986 5361 2997
5986 5361 2997
5986 5361 2997
5442 5259 2997
5442 5259 2997
5442 5259 2997
5442 5259 2997
5442 5259 2997
5442 5259 2997
5442 5259 2997
5442 5259 2997
5442 5259 2997
5442 5259 2997
5442 5259 2997
5442 5259 2997
5442 5259 2997
5576 5328 2997
5576 5328 2997
5576 5328 2997
5576 5328 2997
5576 5328 2997
5576 5328 2997
5576 5328 2997
5576 5328 2997
5576 5328 2997
5576 5328 2997
5576 5328 2997
5576 5328 2997
7769 6018 2997
7769 6018 2997
7769 6018 2997
7769 6018 2997
7769 6018 2997
7769 6018 2997
7769 6018 2997
7769 6018 2997
7769 6018 2997
7769 6018 2997
7769 6018 2997
7769 6018 2997
5323 5515 2997
5323 5515 2997
5323 5515 2997
5323 5515 2997
5323 5515 2997
5323 5515 2997
5323 5515 2997
5323 5515 2997
5323 5515 2997
5323 5515 2997
5323 5515 2997
5323 5515 2997
7948 7970 2997
7948 7970 2997
7948 7970 2997
7948 7970 2997
7948 7970 2997
7948 7970 2997
7948 7970 2997
7948 7970 2997
7948 7970 2997
7948 7970 2997
7948 7970 2997
7948 7970 2997
8438 5992 2998
8438 5992 2998
8438 5992 2998
8438 5992 2998
8438 5992 2998
8438 5992 2998
8438 5992 2998
8438 5992 2998
8438 5992 2998
8438 5992 2998
8438 5992 2998
8438 5992 2998
8438 5992 2998
7724 5387 2998
7724 5387 2998
7724 5387 2998
7724 5387 2998
7724 5387 2998
7724 5387 2998
7724 5387 2998
7724 5387 2998
7724 5387 2998
7724 5387 2998
7724 5387 2998
7724 5387 2998
7724 5387 2998
6606 6570 2998
6606 6570 2998
6606 6570 2998
6606 6570 2998
6606 6570 2998
6606 6570 2998
6606 6570 2998
6606 6570 2998
6606 6570 2998
6606 6570 2998
6606 6570 2998
6606 6570 2998
5461 8825 2999
5461 8825 2999
5461 8825 2999
5461 8825 2999
5461 8825 2999
5461 8825 2999
5461 8825 2999
5461 8825 2999
5461 8825 2999
5461 8825 2999
5461 8825 2999
5461 8825 2999
6041 5431 2999
6041 5431 2999
6041 5431 2999
6041 5431 2999
6041 5431 2999
6041 5431 2999
6041 5431 2999
6041 5431 2999
6041 5431 2999
6041 5431 2999
6041 5431 2999
6041 5431 2999
9177 8833 3000
9177 8833 3000
9177 8833 3000
9177 8833 3000
9177 8833 3000
9177 8833 3000
9177 8833 3000
9177 8833 3000
9177 8833 3000
9177 8833 3000
9177 8833 3000
9177 8833 3000
8435 6532 3000
8435 6532 3000
8435 6532 3000
8435 6532 3000
8435 6532 3000
8435 6532 3000
8435 6532 3000
8435 6532 3000
8435 6532 3000
8435 6532 3000
8435 6532 3000
8435 6532 3000
8435 6532 3000
5447 5259 3000
5447 5259 3000
5447 5259 3000
5447 5259 3000
5447 5259 3000
5447 5259 3000
5447 5259 3000
5447 5259 3000
5447 5259 3000
5447 5259 3000
5447 5259 3000
5447 5259 3000
5447 5259 3000
7773 6041 3001
7773 6041 3001
7773 6041 3001
7773 6041 3001
7773 6041 3001
7773 6041 3001
7773 6041 3001
7773 6041 3001
7773 6041 3001
7773 6041 3001
7773 6041 3001
7773 6041 3001
5271 5456 3001
5271 5456 3001
5271 5456 3001
5271 5456 3001
5271 5456 3001
5271 5456 3001
5271 5456 3001
5271 5456 3001
5271 5456 3001
5271 5456 3001
5271 5456 3001
5271 5456 3001
5271 5456 3001
5354 6566 3001
5354 6566 3001
5354 6566 3001
5354 6566 3001
5354 6566 3001
5354 6566 3001
5354 6566 3001
5354 6566 3001
5354 6566 3001
5354 6566 3001
5354 6566 3001
5354 6566 3001
5354 6566 3001
7900 7818 3002
7900 7818 3002
7900 7818 3002
7900 7818 3002
7900 7818 3002
7900 7818 3002
7900 7818 3002
7900 7818 3002
7900 7818 3002
7900 7818 3002
7900 7818 3002
7900 7818 3002
7900 7818 3002
6590 8481 3002
6590 8481 3002
6590 8481 3002
6590 8481 3002
6590 8481 3002
6590 8481 3002
6590 8481 3002
6590 8481 3002
6590 8481 3002
6590 8481 3002
6590 8481 3002
6590 8481 3002
6590 8481 3002
5282 9262 3002
5282 9262 3002
5282 9262 3002
5282 9262 3002
5282 9262 3002
5282 9262 3002
5282 9262 3002
5282 9262 3002
5282 9262 3002
5282 9262 3002
5282 9262 3002
5282 9262 3002
5282 9262 3002
5443 5383 3002
5443 5383 3002
5443 5383 3002
5443 5383 3002
5443 5383 3002
5443 5383 3002
5443 5383 3002
5443 5383 3002
5443 5383 3002
5443 5383 3002
5443 5383 3002
5443 5383 3002
5443 5383 3002
5321 5299 3002
5321 5299 3002
5321 5299 3002
5321 5299 3002
5321 5299 3002
5321 5299 3002
5321 5299 3002
5321 5299 3002
5321 5299 3002
5321 5299 3002
5321 5299 3002
5321 5299 3002
5321 5299 3002
7519 7659 3002
7519 7659 3002
7519 7659 3002
7519 7659 3002
7519 7659 3002
7519 7659 3002
7519 7659 3002
7519 7659 3002
7519 7659 3002
7519 7659 3002
7519 7659 3002
7519 7659 3002
7519 7659 3002
5374 5396 3003
5374 5396 3003
5374 5396 3003
5374 5396 3003
5374 5396 3003
5374 5396 3003
5374 5396 3003
5374 5396 3003
5374 5396 3003
5374 5396 3003
5374 5396 3003
5374 5396 3003
9193 5272 3003
9193 5272 3003
9193 5272 3003
9193 5272 3003
9193 5272 3003
9193 5272 3003
9193 5272 3003
9193 5272 3003
9193 5272 3003
9193 5272 3003
9193 5272 3003
9193 5272 3003
7656 7519 3004
7656 7519 3004
7656 7519 3004
7656 7519 3004
7656 7519 3004
7656 7519 3004
7656 7519 3004
7656 7519 3004
7656 7519 3004
7656 7519 3004
7656 7519 3004
7656 7519 3004
6588 9672 3005
6588 9672 3005
6588 9672 3005
6588 9672 3005
6588 9672 3005
6588 9672 3005
6588 9672 3005
6588 9672 3005
6588 9672 3005
6588 9672 3005
6588 9672 3005
6588 9672 3005
6588 9672 3005
6444 7941 3006
6444 7941 3006
6444 7941 3006
6444 7941 3006
6444 7941 3006
6444 7941 3006
6444 7941 3006
6444 7941 3006
6444 7941 3006
6444 7941 3006
6444 7941 3006
6444 7941 3006
6444 7941 3006
6380 6359 3006
6380 6359 3006
6380 6359 3006
6380 6359 3006
6380 6359 3006
6380 6359 3006
6380 6359 3006
6380 6359 3006
6380 6359 3006
6380 6359 3006
6380 6359 3006
6380 6359 3006
6380 6359 3006
7969 8367 3006
7969 8367 3006
7969 8367 3006
7969 8367 3006
7969 8367 3006
7969 8367 3006
7969 8367 3006
7969 8367 3006
7969 8367 3006
7969 8367 3006
7969 8367 3006
7969 8367 3006
7969 8367 3006
7730 7724 3006
7730 7724 3006
7730 7724 3006
7730 7724 3006
7730 7724 3006
7730 7724 3006
7730 7724 3006
7730 7724 3006
7730 7724 3006
7730 7724 3006
7730 7724 3006
7730 7724 3006
7730 7724 3006
8381 6440 3006
8381 6440 3006
8381 6440 3006
8381 6440 3006
8381 6440 3006
8381 6440 3006
8381 6440 3006
8381 6440 3006
8381 6440 3006
8381 6440 3006
8381 6440 3006
8381 6440 3006
5443 5994 3007
5443 5994 3007
5443 5994 3007
5443 5994 3007
5443 5994 3007
5443 5994 3007
5443 5994 3007
5443 5994 3007
5443 5994 3007
5443 5994 3007
5443 5994 3007
5443 5994 3007
5443 5994 3007
6543 6451 3007
6543 6451 3007
6543 6451 3007
6543 6451 3007
6543 6451 3007
6543 6451 3007
6543 6451 3007
6543 6451 3007
6543 6451 3007
6543 6451 3007
6543 6451 3007
6543 6451 3007
7690 7775 3007
7690 7775 3007
7690 7775 3007
7690 7775 3007
7690 7775 3007
7690 7775 3007
7690 7775 3007
7690 7775 3007
7690 7775 3007
7690 7775 3007
7690 7775 3007
7690 7775 3007
7690 7775 3007
5517 5552 3007
5517 5552 3007
5517 5552 3007
5517 5552 3007
5517 5552 3007
5517 5552 3007
5517 5552 3007
5517 5552 3007
5517 5552 3007
5517 5552 3007
5517 5552 3007
5517 5552 3007
8750 5519 3008
8750 5519 3008
8750 5519 3008
8750 5519 3008
8750 5519 3008
8750 5519 3008
8750 5519 3008
8750 5519 3008
8750 5519 3008
8750 5519 3008
8750 5519 3008
8750 5519 3008
5378 5986 3008
5378 5986 3008
5378 5986 3008
5378 5986 3008
5378 5986 3008
5378 5986 3008
5378 5986 3008
5378 5986 3008
5378 5986 3008
5378 5986 3008
5378 5986 3008
5378 5986 3008
5378 5986 3008
5435 5415 3008
5435 5415 3008
5435 5415 3008
5435 5415 3008
5435 5415 3008
5435 5415 3008
5435 5415 3008
5435 5415 3008
5435 5415 3008
5435 5415 3008
5435 5415 3008
5435 5415 3008
5442 5293 3008
5442 5293 3008
5442 5293 3008
5442 5293 3008
5442 5293 3008
5442 5293 3008
5442 5293 3008
5442 5293 3008
5442 5293 3008
5442 5293 3008
5442 5293 3008
5442 5293 3008
5442 5985 3008
5442 5985 3008
5442 5985 3008
5442 5985 3008
5442 5985 3008
5442 5985 3008
5442 5985 3008
5442 5985 3008
5442 5985 3008
5442 5985 3008
5442 5985 3008
5442 5985 3008
7901 6444 3009
7901 6444 3009
7901 6444 3009
7901 6444 3009
7901 6444 3009
7901 6444 3009
7901 6444 3009
7901 6444 3009
7901 6444 3009
7901 6444 3009
7901 6444 3009
7901 6444 3009
6589 7703 3009
6589 7703 3009
6589 7703 3009
6589 7703 3009
6589 7703 3009
6589 7703 3009
6589 7703 3009
6589 7703 3009
6589 7703 3009
6589 7703 3009
6589 7703 3009
6589 7703 3009
6489 6579 3009
6489 6579 3009
6489 6579 3009
6489 6579 3009
6489 6579 3009
6489 6579 3009
6489 6579 3009
6489 6579 3009
6489 6579 3009
6489 6579 3009
6489 6579 3009
6489 6579 3009
8459 5359 3009
8459 5359 3009
8459 5359 3009
8459 5359 3009
8459 5359 3009
8459 5359 3009
8459 5359 3009
8459 5359 3009
8459 5359 3009
8459 5359 3009
8459 5359 3009
8459 5359 3009
5320 9161 3010
5320 9161 3010
5320 9161 3010
5320 9161 3010
5320 9161 3010
5320 9161 3010
5320 9161 3010
5320 9161 3010
5320 9161 3010
5320 9161 3010
5320 9161 3010
5320 9161 3010
6388 6361 3010
6388 6361 3010
6388 6361 3010
6388 6361 3010
6388 6361 3010
6388 6361 3010
6388 6361 3010
6388 6361 3010
6388 6361 3010
6388 6361 3010
6388 6361 3010
6388 6361 3010
7754 8474 3011
7754 8474 3011
7754 8474 3011
7754 8474 3011
7754 8474 3011
7754 8474 3011
7754 8474 3011
7754 8474 3011
7754 8474 3011
7754 8474 3011
7754 8474 3011
7754 8474 3011
7689 6509 3011
7689 6509 3011
7689 6509 3011
7689 6509 3011
7689 6509 3011
7689 6509 3011
7689 6509 3011
7689 6509 3011
7689 6509 3011
7689 6509 3011
7689 6509 3011
7689 6509 3011
7689 6509 3011
6584 7712 3012
6584 7712 3012
6584 7712 3012
6584 7712 3012
6584 7712 3012
6584 7712 3012
6584 7712 3012
6584 7712 3012
6584 7712 3012
6584 7712 3012
6584 7712 3012
6584 7712 3012
7668 7676 3012
7668 7676 3012
7668 7676 3012
7668 7676 3012
7668 7676 3012
7668 7676 3012
7668 7676 3012
7668 7676 3012
7668 7676 3012
7668 7676 3012
7668 7676 3012
7668 7676 3012
7668 7676 3012
6596 8462 3012
6596 8462 3012
6596 8462 3012
6596 8462 3012
6596 8462 3012
6596 8462 3012
6596 8462 3012
6596 8462 3012
6596 8462 3012
6596 8462 3012
6596 8462 3012
6596 8462 3012
6596 8462 3012
5397 5446 3013
5397 5446 3013
5397 5446 3013
5397 5446 3013
5397 5446 3013
5397 5446 3013
5397 5446 3013
5397 5446 3013
5397 5446 3013
5397 5446 3013
5397 5446 3013
5397 5446 3013
5397 5446 3013
6591 7686 3013
6591 7686 3013
6591 7686 3013
6591 7686 3013
6591 7686 3013
6591 7686 3013
6591 7686 3013
6591 7686 3013
6591 7686 3013
6591 7686 3013
6591 7686 3013
6591 7686 3013
6591 7686 3013
6327 6424 3013
6327 6424 3013
6327 6424 3013
6327 6424 3013
6327 6424 3013
6327 6424 3013
6327 6424 3013
6327 6424 3013
6327 6424 3013
6327 6424 3013
6327 6424 3013
6327 6424 3013
5358 5405 3013
5358 5405 3013
5358 5405 3013
5358 5405 3013
5358 5405 3013
5358 5405 3013
5358 5405 3013
5358 5405 3013
5358 5405 3013
5358 5405 3013
5358 5405 3013
5358 5405 3013
5358 5405 3013
5320 5405 3015
5320 5405 3015
5320 5405 3015
5320 5405 3015
5320 5405 3015
5320 5405 3015
5320 5405 3015
5320 5405 3015
5320 5405 3015
5320 5405 3015
5320 5405 3015
5320 5405 3015
5320 5405 3015
9672 7812 3015
9672 7812 3015
9672 7812 3015
9672 7812 3015
9672 7812 3015
9672 7812 3015
9672 7812 3015
9672 7812 3015
9672 7812 3015
9672 7812 3015
9672 7812 3015
9672 7812 3015
9672 7812 3015
7834 7673 3015
7834 7673 3015
7834 7673 3015
7834 7673 3015
7834 7673 3015
7834 7673 3015
7834 7673 3015
7834 7673 3015
7834 7673 3015
7834 7673 3015
7834 7673 3015
7834 7673 3015
5445 5300 3015
5445 5300 3015
5445 5300 3015
5445 5300 3015
5445 5300 3015
5445 5300 3015
5445 5300 3015
5445 5300 3015
5445 5300 3015
5445 5300 3015
5445 5300 3015
5445 5300 3015
5445 5300 3015
8434 6537 3016
8434 6537 3016
8434 6537 3016
8434 6537 3016
8434 6537 3016
8434 6537 3016
8434 6537 3016
8434 6537 3016
8434 6537 3016
8434 6537 3016
8434 6537 3016
8434 6537 3016
5565 6031 3016
5565 6031 3016
5565 6031 3016
5565 6031 3016
5565 6031 3016
5565 6031 3016
5565 6031 3016
5565 6031 3016
5565 6031 3016
5565 6031 3016
5565 6031 3016
5565 6031 3016
5403 6564 3016
5403 6564 3016
5403 6564 3016
5403 6564 3016
5403 6564 3016
5403 6564 3016
5403 6564 3016
5403 6564 3016
5403 6564 3016
5403 6564 3016
5403 6564 3016
5403 6564 3016
6583 7710 3017
6583 7710 3017
6583 7710 3017
6583 7710 3017
6583 7710 3017
6583 7710 3017
6583 7710 3017
6583 7710 3017
6583 7710 3017
6583 7710 3017
6583 7710 3017
6583 7710 3017
6583 7710 3017
6521 6472 3017
6521 6472 3017
6521 6472 3017
6521 6472 3017
6521 6472 3017
6521 6472 3017
6521 6472 3017
6521 6472 3017
6521 6472 3017
6521 6472 3017
6521 6472 3017
6521 6472 3017
6521 6472 3017
6586 7684 3017
6586 7684 3017
6586 7684 3017
6586 7684 3017
6586 7684 3017
6586 7684 3017
6586 7684 3017
6586 7684 3017
6586 7684 3017
6586 7684 3017
6586 7684 3017
6586 7684 3017
6586 7684 3017
6566 8452 3018
6566 8452 3018
6566 8452 3018
6566 8452 3018
6566 8452 3018
6566 8452 3018
6566 8452 3018
6566 8452 3018
6566 8452 3018
6566 8452 3018
6566 8452 3018
6566 8452 3018
8456 5368 3018
8456 5368 3018
8456 5368 3018
8456 5368 3018
8456 5368 3018
8456 5368 3018
8456 5368 3018
8456 5368 3018
8456 5368 3018
8456 5368 3018
8456 5368 3018
8456 5368 3018
8456 5368 3018
8474 5424 3019
8474 5424 3019
8474 5424 3019
8474 5424 3019
8474 5424 3019
8474 5424 3019
8474 5424 3019
8474 5424 3019
8474 5424 3019
8474 5424 3019
8474 5424 3019
8474 5424 3019
9595 7688 3019
9595 7688 3019
9595 7688 3019
9595 7688 3019
9595 7688 3019
9595 7688 3019
9595 7688 3019
9595 7688 3019
9595 7688 3019
9595 7688 3019
9595 7688 3019
9595 7688 3019
9595 7688 3019
6542 7732 3019
6542 7732 3019
6542 7732 3019
6542 7732 3019
6542 7732 3019
6542 7732 3019
6542 7732 3019
6542 7732 3019
6542 7732 3019
6542 7732 3019
6542 7732 3019
6542 7732 3019
6542 7732 3019
6608 8436 3019
6608 8436 3019
6608 8436 3019
6608 8436 3019
6608 8436 3019
6608 8436 3019
6608 8436 3019
6608 8436 3019
6608 8436 3019
6608 8436 3019
6608 8436 3019
6608 8436 3019
5418 6531 3019
5418 6531 3019
5418 6531 3019
5418 6531 3019
5418 6531 3019
5418 6531 3019
5418 6531 3019
5418 6531 3019
5418 6531 3019
5418 6531 3019
5418 6531 3019
5418 6531 3019
5418 6531 3019
6543 5257 3020
6543 5257 3020
6543 5257 3020
6543 5257 3020
6543 5257 3020
6543 5257 3020
6543 5257 3020
6543 5257 3020
6543 5257 3020
6543 5257 3020
6543 5257 3020
6543 5257 3020
8680 6566 3020
8680 6566 3020
8680 6566 3020
8680 6566 3020
8680 6566 3020
8680 6566 3020
8680 6566 3020
8680 6566 3020
8680 6566 3020
8680 6566 3020
8680 6566 3020
8680 6566 3020
5447 9257 3020
5447 9257 3020
5447 9257 3020
5447 9257 3020
5447 9257 3020
5447 9257 3020
5447 9257 3020
5447 9257 3020
5447 9257 3020
5447 9257 3020
5447 9257 3020
5447 9257 3020
5283 8455 3020
5283 8455 3020
5283 8455 3020
5283 8455 3020
5283 8455 3020
5283 8455 3020
5283 8455 3020
5283 8455 3020
5283 8455 3020
5283 8455 3020
5283 8455 3020
5283 8455 3020
5283 8455 3020
6593 6608 3021
6593 6608 3021
6593 6608 3021
6593 6608 3021
6593 6608 3021
6593 6608 3021
6593 6608 3021
6593 6608 3021
6593 6608 3021
6593 6608 3021
6593 6608 3021
6593 6608 3021
5488 5316 3023
5488 5316 3023
5488 5316 3023
5488 5316 3023
5488 5316 3023
5488 5316 3023
5488 5316 3023
5488 5316 3023
5488 5316 3023
5488 5316 3023
5488 5316 3023
5488 5316 3023
5488 5316 3023
7687 6448 3023
7687 6448 3023
7687 6448 3023
7687 6448 3023
7687 6448 3023
7687 6448 3023
7687 6448 3023
7687 6448 3023
7687 6448 3023
7687 6448 3023
7687 6448 3023
7687 6448 3023
7687 6448 3023
5582 5465 3024
5582 5465 3024
5582 5465 3024
5582 5465 3024
5582 5465 3024
5582 5465 3024
5582 5465 3024
5582 5465 3024
5582 5465 3024
5582 5465 3024
5582 5465 3024
5582 5465 3024
5500 8746 3025
5500 8746 3025
5500 8746 3025
5500 8746 3025
5500 8746 3025
5500 8746 3025
5500 8746 3025
5500 8746 3025
5500 8746 3025
5500 8746 3025
5500 8746 3025
5500 8746 3025
5500 8746 3025
7769 7687 3025
7769 7687 3025
7769 7687 3025
7769 7687 3025
7769 7687 3025
7769 7687 3025
7769 7687 3025
7769 7687 3025
7769 7687 3025
7769 7687 3025
7769 7687 3025
7769 7687 3025
7769 7687 3025
6591 6451 3026
6591 6451 3026
6591 6451 3026
6591 6451 3026
6591 6451 3026
6591 6451 3026
6591 6451 3026
6591 6451 3026
6591 6451 3026
6591 6451 3026
6591 6451 3026
6591 6451 3026
6580 5996 3026
6580 5996 3026
6580 5996 3026
6580 5996 3026
6580 5996 3026
6580 5996 3026
6580 5996 3026
6580 5996 3026
6580 5996 3026
6580 5996 3026
6580 5996 3026
6580 5996 3026
6566 7755 3026
6566 7755 3026
6566 7755 3026
6566 7755 3026
6566 7755 3026
6566 7755 3026
6566 7755 3026
6566 7755 3026
6566 7755 3026
6566 7755 3026
6566 7755 3026
6566 7755 3026
7481 7478 3027
7481 7478 3027
7481 7478 3027
7481 7478 3027
7481 7478 3027
7481 7478 3027
7481 7478 3027
7481 7478 3027
7481 7478 3027
7481 7478 3027
7481 7478 3027
7481 7478 3027
6344 8767 3027
6344 8767 3027
6344 8767 3027
6344 8767 3027
6344 8767 3027
6344 8767 3027
6344 8767 3027
6344 8767 3027
6344 8767 3027
6344 8767 3027
6344 8767 3027
6344 8767 3027
5805 5545 3027
5805 5545 3027
5805 5545 3027
5805 5545 3027
5805 5545 3027
5805 5545 3027
5805 5545 3027
5805 5545 3027
5805 5545 3027
5805 5545 3027
5805 5545 3027
5805 5545 3027
9257 5456 3028
9257 5456 3028
9257 5456 3028
9257 5456 3028
9257 5456 3028
9257 5456 3028
9257 5456 3028
9257 5456 3028
9257 5456 3028
9257 5456 3028
9257 5456 3028
9257 5456 3028
5252 6545 3030
5252 6545 3030
5252 6545 3030
5252 6545 3030
5252 6545 3030
5252 6545 3030
5252 6545 3030
5252 6545 3030
5252 6545 3030
5252 6545 3030
5252 6545 3030
5252 6545 3030
5534 5354 3030
5534 5354 3030
5534 5354 3030
5534 5354 3030
5534 5354 3030
5534 5354 3030
5534 5354 3030
5534 5354 3030
5534 5354 3030
5534 5354 3030
5534 5354 3030
5534 5354 3030
5534 5354 3030
6589 8438 3030
6589 8438 3030
6589 8438 3030
6589 8438 3030
6589 8438 3030
6589 8438 3030
6589 8438 3030
6589 8438 3030
6589 8438 3030
6589 8438 3030
6589 8438 3030
6589 8438 3030
6589 8438 3030
7694 6571 3031
7694 6571 3031
7694 6571 3031
7694 6571 3031
7694 6571 3031
7694 6571 3031
7694 6571 3031
7694 6571 3031
7694 6571 3031
7694 6571 3031
7694 6571 3031
7694 6571 3031
5387 8438 3031
5387 8438 3031
5387 8438 3031
5387 8438 3031
5387 8438 3031
5387 8438 3031
5387 8438 3031
5387 8438 3031
5387 8438 3031
5387 8438 3031
5387 8438 3031
5387 8438 3031
5387 8438 3031
6532 7739 3031
6532 7739 3031
6532 7739 3031
6532 7739 3031
6532 7739 3031
6532 7739 3031
6532 7739 3031
6532 7739 3031
6532 7739 3031
6532 7739 3031
6532 7739 3031
6532 7739 3031
6532 7739 3031
9143 9158 3033
9143 9158 3033
9143 9158 3033
9143 9158 3033
9143 9158 3033
9143 9158 3033
9143 9158 3033
9143 9158 3033
9143 9158 3033
9143 9158 3033
9143 9158 3033
9143 9158 3033
9143 9158 3033
9181 9231 3035
9181 9231 3035
9181 9231 3035
9181 9231 3035
9181 9231 3035
9181 9231 3035
9181 9231 3035
9181 9231 3035
9181 9231 3035
9181 9231 3035
9181 9231 3035
9181 9231 3035
9181 9231 3035
8455 6407 3036
8455 6407 3036
8455 6407 3036
8455 6407 3036
8455 6407 3036
8455 6407 3036
8455 6407 3036
8455 6407 3036
8455 6407 3036
8455 6407 3036
8455 6407 3036
8455 6407 3036
5574 6096 3036
5574 6096 3036
5574 6096 3036
5574 6096 3036
5574 6096 3036
5574 6096 3036
5574 6096 3036
5574 6096 3036
5574 6096 3036
5574 6096 3036
5574 6096 3036
5574 6096 3036
5574 6096 3036
7687 6583 3036
7687 6583 3036
7687 6583 3036
7687 6583 3036
7687 6583 3036
7687 6583 3036
7687 6583 3036
7687 6583 3036
7687 6583 3036
7687 6583 3036
7687 6583 3036
7687 6583 3036
7687 6583 3036
6508 7758 3036
6508 7758 3036
6508 7758 3036
6508 7758 3036
6508 7758 3036
6508 7758 3036
6508 7758 3036
6508 7758 3036
6508 7758 3036
6508 7758 3036
6508 7758 3036
6508 7758 3036
8449 5256 3038
8449 5256 3038
8449 5256 3038
8449 5256 3038
8449 5256 3038
8449 5256 3038
8449 5256 3038
8449 5256 3038
8449 5256 3038
8449 5256 3038
8449 5256 3038
8449 5256 3038
8449 5256 3038
6547 8775 3040
6547 8775 3040
6547 8775 3040
6547 8775 3040
6547 8775 3040
6547 8775 3040
6547 8775 3040
6547 8775 3040
6547 8775 3040
6547 8775 3040
6547 8775 3040
6547 8775 3040
6468 7486 3041
6468 7486 3041
6468 7486 3041
6468 7486 3041
6468 7486 3041
6468 7486 3041
6468 7486 3041
6468 7486 3041
6468 7486 3041
6468 7486 3041
6468 7486 3041
6468 7486 3041
7667 7499 3043
7667 7499 3043
7667 7499 3043
7667 7499 3043
7667 7499 3043
7667 7499 3043
7667 7499 3043
7667 7499 3043
7667 7499 3043
7667 7499 3043
7667 7499 3043
7667 7499 3043
5386 6538 3045
5386 6538 3045
5386 6538 3045
5386 6538 3045
5386 6538 3045
5386 6538 3045
5386 6538 3045
5386 6538 3045
5386 6538 3045
5386 6538 3045
5386 6538 3045
5386 6538 3045
7688 7926 3048
7688 7926 3048
7688 7926 3048
7688 7926 3048
7688 7926 3048
7688 7926 3048
7688 7926 3048
7688 7926 3048
7688 7926 3048
7688 7926 3048
7688 7926 3048
7688 7926 3048
5435 9154 3049
5435 9154 3049
5435 9154 3049
5435 9154 3049
5435 9154 3049
5435 9154 3049
5435 9154 3049
5435 9154 3049
5435 9154 3049
5435 9154 3049
5435 9154 3049
5435 9154 3049
5435 9154 3049
9154 9143 3050
9154 9143 3050
9154 9143 3050
9154 9143 3050
9154 9143 3050
9154 9143 3050
9154 9143 3050
9154 9143 3050
9154 9143 3050
9154 9143 3050
9154 9143 3050
9154 9143 3050
9154 9143 3050
6582 6555 3051
6582 6555 3051
6582 6555 3051
6582 6555 3051
6582 6555 3051
6582 6555 3051
6582 6555 3051
6582 6555 3051
6582 6555 3051
6582 6555 3051
6582 6555 3051
6582 6555 3051
8462 6549 3054
8462 6549 3054
8462 6549 3054
8462 6549 3054
8462 6549 3054
8462 6549 3054
8462 6549 3054
8462 6549 3054
8462 6549 3054
8462 6549 3054
8462 6549 3054
8462 6549 3054
5320 5545 3055
5320 5545 3055
5320 5545 3055
5320 5545 3055
5320 5545 3055
5320 5545 3055
5320 5545 3055
5320 5545 3055
5320 5545 3055
5320 5545 3055
5320 5545 3055
5320 5545 3055
5320 5545 3055
7914 7677 3069
7914 7677 3069
7914 7677 3069
7914 7677 3069
7914 7677 3069
7914 7677 3069
7914 7677 3069
7914 7677 3069
7914 7677 3069
7914 7677 3069
7914 7677 3069
7914 7677 3069
7914 7677 3069
6557 6001 3070
6557 6001 3070
6557 6001 3070
6557 6001 3070
6557 6001 3070
6557 6001 3070
6557 6001 3070
6557 6001 3070
6557 6001 3070
6557 6001 3070
6557 6001 3070
6557 6001 3070
6557 6001 3070
6544 6607 3070
6544 6607 3070
6544 6607 3070
6544 6607 3070
6544 6607 3070
6544 6607 3070
6544 6607 3070
6544 6607 3070
6544 6607 3070
6544 6607 3070
6544 6607 3070
6544 6607 3070
6544 6607 3070
6535 6517 3071
6535 6517 3071
6535 6517 3071
6535 6517 3071
6535 6517 3071
6535 6517 3071
6535 6517 3071
6535 6517 3071
6535 6517 3071
6535 6517 3071
6535 6517 3071
6535 6517 3071
6535 6517 3071
8823 5275 3072
8823 5275 3072
8823 5275 3072
8823 5275 3072
8823 5275 3072
8823 5275 3072
8823 5275 3072
8823 5275 3072
8823 5275 3072
8823 5275 3072
8823 5275 3072
8823 5275 3072
8823 5275 3072
8682 6534 3079
8682 6534 3079
8682 6534 3079
8682 6534 3079
8682 6534 3079
8682 6534 3079
8682 6534 3079
8682 6534 3079
8682 6534 3079
8682 6534 3079
8682 6534 3079
8682 6534 3079
6548 6584 3079
6548 6584 3079
6548 6584 3079
6548 6584 3079
6548 6584 3079
6548 6584 3079
6548 6584 3079
6548 6584 3079
6548 6584 3079
6548 6584 3079
6548 6584 3079
6548 6584 3079
6548 6584 3079
8755 5278 3080
8755 5278 3080
8755 5278 3080
8755 5278 3080
8755 5278 3080
8755 5278 3080
8755 5278 3080
8755 5278 3080
8755 5278 3080
8755 5278 3080
8755 5278 3080
8755 5278 3080
8755 5278 3080
5560 5524 3080
5560 5524 3080
5560 5524 3080
5560 5524 3080
5560 5524 3080
5560 5524 3080
5560 5524 3080
5560 5524 3080
5560 5524 3080
5560 5524 3080
5560 5524 3080
5560 5524 3080
5358 5283 3080
5358 5283 3080
5358 5283 3080
5358 5283 3080
5358 5283 3080
5358 5283 3080
5358 5283 3080
5358 5283 3080
5358 5283 3080
5358 5283 3080
5358 5283 3080
5358 5283 3080
5358 5283 3080
7795 7840 3080
7795 7840 3080
7795 7840 3080
7795 7840 3080
7795 7840 3080
7795 7840 3080
7795 7840 3080
7795 7840 3080
7795 7840 3080
7795 7840 3080
7795 7840 3080
7795 7840 3080
7795 7840 3080
7941 8454 3081
7941 8454 3081
7941 8454 3081
7941 8454 3081
7941 8454 3081
7941 8454 3081
7941 8454 3081
7941 8454 3081
7941 8454 3081
7941 8454 3081
7941 8454 3081
7941 8454 3081
7941 8454 3081
5359 5405 3081
5359 5405 3081
5359 5405 3081
5359 5405 3081
5359 5405 3081
5359 5405 3081
5359 5405 3081
5359 5405 3081
5359 5405 3081
5359 5405 3081
5359 5405 3081
5359 5405 3081
8456 6597 3082
8456 6597 3082
8456 6597 3082
8456 6597 3082
8456 6597 3082
8456 6597 3082
8456 6597 3082
8456 6597 3082
8456 6597 3082
8456 6597 3082
8456 6597 3082
8456 6597 3082
6532 7678 3082
6532 7678 3082
6532 7678 3082
6532 7678 3082
6532 7678 3082
6532 7678 3082
6532 7678 3082
6532 7678 3082
6532 7678 3082
6532 7678 3082
6532 7678 3082
6532 7678 3082
6532 7678 3082
5430 5360 3082
5430 5360 3082
5430 5360 3082
5430 5360 3082
5430 5360 3082
5430 5360 3082
5430 5360 3082
5430 5360 3082
5430 5360 3082
5430 5360 3082
5430 5360 3082
5430 5360 3082
5430 5360 3082
6613 6595 3083
6613 6595 3083
6613 6595 3083
6613 6595 3083
6613 6595 3083
6613 6595 3083
6613 6595 3083
6613 6595 3083
6613 6595 3083
6613 6595 3083
6613 6595 3083
6613 6595 3083
6613 6595 3083
5271 5419 3083
5271 5419 3083
5271 5419 3083
5271 5419 3083
5271 5419 3083
5271 5419 3083
5271 5419 3083
5271 5419 3083
5271 5419 3083
5271 5419 3083
5271 5419 3083
5271 5419 3083
6430 6572 3083
6430 6572 3083
6430 6572 3083
6430 6572 3083
6430 6572 3083
6430 6572 3083
6430 6572 3083
6430 6572 3083
6430 6572 3083
6430 6572 3083
6430 6572 3083
6430 6572 3083
6512 6584 3085
6512 6584 3085
6512 6584 3085
6512 6584 3085
6512 6584 3085
6512 6584 3085
6512 6584 3085
6512 6584 3085
6512 6584 3085
6512 6584 3085
6512 6584 3085
6512 6584 3085
5419 8450 3086
5419 8450 3086
5419 8450 3086
5419 8450 3086
5419 8450 3086
5419 8450 3086
5419 8450 3086
5419 8450 3086
5419 8450 3086
5419 8450 3086
5419 8450 3086
5419 8450 3086
5419 8450 3086
5383 8456 3086
5383 8456 3086
5383 8456 3086
5383 8456 3086
5383 8456 3086
5383 8456 3086
5383 8456 3086
5383 8456 3086
5383 8456 3086
5383 8456 3086
5383 8456 3086
5383 8456 3086
5383 8456 3086
7918 7830 3086
7918 7830 3086
7918 7830 3086
7918 7830 3086
7918 7830 3086
7918 7830 3086
7918 7830 3086
7918 7830 3086
7918 7830 3086
7918 7830 3086
7918 7830 3086
7918 7830 3086
7918 7830 3086
7902 7918 3087
7902 7918 3087
7902 7918 3087
7902 7918 3087
7902 7918 3087
7902 7918 3087
7902 7918 3087
7902 7918 3087
7902 7918 3087
7902 7918 3087
7902 7918 3087
7902 7918 3087
6075 7712 3088
6075 7712 3088
6075 7712 3088
6075 7712 3088
6075 7712 3088
6075 7712 3088
6075 7712 3088
6075 7712 3088
6075 7712 3088
6075 7712 3088
6075 7712 3088
6075 7712 3088
6075 7712 3088
8458 6566 3088
8458 6566 3088
8458 6566 3088
8458 6566 3088
8458 6566 3088
8458 6566 3088
8458 6566 3088
8458 6566 3088
8458 6566 3088
8458 6566 3088
8458 6566 3088
8458 6566 3088
8458 6566 3088
7943 7968 3088
7943 7968 3088
7943 7968 3088
7943 7968 3088
7943 7968 3088
7943 7968 3088
7943 7968 3088
7943 7968 3088
7943 7968 3088
7943 7968 3088
7943 7968 3088
7943 7968 3088
6471 7741 3089
6471 7741 3089
6471 7741 3089
6471 7741 3089
6471 7741 3089
6471 7741 3089
6471 7741 3089
6471 7741 3089
6471 7741 3089
6471 7741 3089
6471 7741 3089
6471 7741 3089
7967 7812 3089
7967 7812 3089
7967 7812 3089
7967 7812 3089
7967 7812 3089
7967 7812 3089
7967 7812 3089
7967 7812 3089
7967 7812 3089
7967 7812 3089
7967 7812 3089
7967 7812 3089
7749 6590 3090
7749 6590 3090
7749 6590 3090
7749 6590 3090
7749 6590 3090
7749 6590 3090
7749 6590 3090
7749 6590 3090
7749 6590 3090
7749 6590 3090
7749 6590 3090
7749 6590 3090
7749 6590 3090
5284 5547 3090
5284 5547 3090
5284 5547 3090
5284 5547 3090
5284 5547 3090
5284 5547 3090
5284 5547 3090
5284 5547 3090
5284 5547 3090
5284 5547 3090
5284 5547 3090
5284 5547 3090
7786 6600 3091
7786 6600 3091
7786 6600 3091
7786 6600 3091
7786 6600 3091
7786 6600 3091
7786 6600 3091
7786 6600 3091
7786 6600 3091
7786 6600 3091
7786 6600 3091
7786 6600 3091
5260 6387 3091
5260 6387 3091
5260 6387 3091
5260 6387 3091
5260 6387 3091
5260 6387 3091
5260 6387 3091
5260 6387 3091
5260 6387 3091
5260 6387 3091
5260 6387 3091
5260 6387 3091
5260 6387 3091
7694 7778 3091
7694 7778 3091
7694 7778 3091
7694 7778 3091
7694 7778 3091
7694 7778 3091
7694 7778 3091
7694 7778 3091
7694 7778 3091
7694 7778 3091
7694 7778 3091
7694 7778 3091
6355 6593 3092
6355 6593 3092
6355 6593 3092
6355 6593 3092
6355 6593 3092
6355 6593 3092
6355 6593 3092
6355 6593 3092
6355 6593 3092
6355 6593 3092
6355 6593 3092
6355 6593 3092
6355 6593 3092
8436 6590 3092
8436 6590 3092
8436 6590 3092
8436 6590 3092
8436 6590 3092
8436 6590 3092
8436 6590 3092
8436 6590 3092
8436 6590 3092
8436 6590 3092
8436 6590 3092
8436 6590 3092
6380 5354 3092
6380 5354 3092
6380 5354 3092
6380 5354 3092
6380 5354 3092
6380 5354 3092
6380 5354 3092
6380 5354 3092
6380 5354 3092
6380 5354 3092
6380 5354 3092
6380 5354 3092
6380 5354 3092
7914 7695 3092
7914 7695 3092
7914 7695 3092
7914 7695 3092
7914 7695 3092
7914 7695 3092
7914 7695 3092
7914 7695 3092
7914 7695 3092
7914 7695 3092
7914 7695 3092
7914 7695 3092
7914 7695 3092
7748 7882 3092
7748 7882 3092
7748 7882 3092
7748 7882 3092
7748 7882 3092
7748 7882 3092
7748 7882 3092
7748 7882 3092
7748 7882 3092
7748 7882 3092
7748 7882 3092
7748 7882 3092
7748 7882 3092
7451 6502 3093
7451 6502 3093
7451 6502 3093
7451 6502 3093
7451 6502 3093
7451 6502 3093
7451 6502 3093
7451 6502 3093
7451 6502 3093
7451 6502 3093
7451 6502 3093
7451 6502 3093
7451 6502 3093
7776 7968 3093
7776 7968 3093
7776 7968 3093
7776 7968 3093
7776 7968 3093
7776 7968 3093
7776 7968 3093
7776 7968 3093
7776 7968 3093
7776 7968 3093
7776 7968 3093
7776 7968 3093
5533 5462 3093
5533 5462 3093
5533 5462 3093
5533 5462 3093
5533 5462 3093
5533 5462 3093
5533 5462 3093
5533 5462 3093
5533 5462 3093
5533 5462 3093
5533 5462 3093
5533 5462 3093
5295 9226 3093
5295 9226 3093
5295 9226 3093
5295 9226 3093
5295 9226 3093
5295 9226 3093
5295 9226 3093
5295 9226 3093
5295 9226 3093
5295 9226 3093
5295 9226 3093
5295 9226 3093
6600 6530 3093
6600 6530 3093
6600 6530 3093
6600 6530 3093
6600 6530 3093
6600 6530 3093
6600 6530 3093
6600 6530 3093
6600 6530 3093
6600 6530 3093
6600 6530 3093
6600 6530 3093
7927 7774 3094
7927 7774 3094
7927 7774 3094
7927 7774 3094
7927 7774 3094
7927 7774 3094
7927 7774 3094
7927 7774 3094
7927 7774 3094
7927 7774 3094
7927 7774 3094
7927 7774 3094
7927 7774 3094
6494 7683 3097
6494 7683 3097
6494 7683 3097
6494 7683 3097
6494 7683 3097
6494 7683 3097
6494 7683 3097
6494 7683 3097
6494 7683 3097
6494 7683 3097
6494 7683 3097
6494 7683 3097
6494 7683 3097
6011 5990 3098
6011 5990 3098
6011 5990 3098
6011 5990 3098
6011 5990 3098
6011 5990 3098
6011 5990 3098
6011 5990 3098
6011 5990 3098
6011 5990 3098
6011 5990 3098
6011 5990 3098
6011 5990 3098
8481 7723 3098
8481 7723 3098
8481 7723 3098
8481 7723 3098
8481 7723 3098
8481 7723 3098
8481 7723 3098
8481 7723 3098
8481 7723 3098
8481 7723 3098
8481 7723 3098
8481 7723 3098
7917 7987 3099
7917 7987 3099
7917 7987 3099
7917 7987 3099
7917 7987 3099
7917 7987 3099
7917 7987 3099
7917 7987 3099
7917 7987 3099
7917 7987 3099
7917 7987 3099
7917 7987 3099
6553 6045 3100
6553 6045 3100
6553 6045 3100
6553 6045 3100
6553 6045 3100
6553 6045 3100
6553 6045 3100
6553 6045 3100
6553 6045 3100
6553 6045 3100
6553 6045 3100
6553 6045 3100
6553 6045 3100
7822 7700 3101
7822 7700 3101
7822 7700 3101
7822 7700 3101
7822 7700 3101
7822 7700 3101
7822 7700 3101
7822 7700 3101
7822 7700 3101
7822 7700 3101
7822 7700 3101
7822 7700 3101
7761 7632 3101
7761 7632 3101
7761 7632 3101
7761 7632 3101
7761 7632 3101
7761 7632 3101
7761 7632 3101
7761 7632 3101
7761 7632 3101
7761 7632 3101
7761 7632 3101
7761 7632 3101
5254 5434 3101
5254 5434 3101
5254 5434 3101
5254 5434 3101
5254 5434 3101
5254 5434 3101
5254 5434 3101
5254 5434 3101
5254 5434 3101
5254 5434 3101
5254 5434 3101
5254 5434 3101
5254 5434 3101
8458 5390 3102
8458 5390 3102
8458 5390 3102
8458 5390 3102
8458 5390 3102
8458 5390 3102
8458 5390 3102
8458 5390 3102
8458 5390 3102
8458 5390 3102
8458 5390 3102
8458 5390 3102
8458 5390 3102
5510 5335 3102
5510 5335 3102
5510 5335 3102
5510 5335 3102
5510 5335 3102
5510 5335 3102
5510 5335 3102
5510 5335 3102
5510 5335 3102
5510 5335 3102
5510 5335 3102
5510 5335 3102
5510 5335 3102
7688 7739 3103
7688 7739 3103
7688 7739 3103
7688 7739 3103
7688 7739 3103
7688 7739 3103
7688 7739 3103
7688 7739 3103
7688 7739 3103
7688 7739 3103
7688 7739 3103
7688 7739 3103
7904 7828 3105
7904 7828 3105
7904 7828 3105
7904 7828 3105
7904 7828 3105
7904 7828 3105
7904 7828 3105
7904 7828 3105
7904 7828 3105
7904 7828 3105
7904 7828 3105
7904 7828 3105
7725 5411 3105
7725 5411 3105
7725 5411 3105
7725 5411 3105
7725 5411 3105
7725 5411 3105
7725 5411 3105
7725 5411 3105
7725 5411 3105
7725 5411 3105
7725 5411 3105
7725 5411 3105
6041 5383 3105
6041 5383 3105
6041 5383 3105
6041 5383 3105
6041 5383 3105
6041 5383 3105
6041 5383 3105
6041 5383 3105
6041 5383 3105
6041 5383 3105
6041 5383 3105
6041 5383 3105
6041 5383 3105
5385 6565 3106
5385 6565 3106
5385 6565 3106
5385 6565 3106
5385 6565 3106
5385 6565 3106
5385 6565 3106
5385 6565 3106
5385 6565 3106
5385 6565 3106
5385 6565 3106
5385 6565 3106
5385 6565 3106
6543 6603 3284
6543 6603 3284
6543 6603 3284
6543 6603 3284
6543 6603 3284
6543 6603 3284
6543 6603 3284
6543 6603 3284
6543 6603 3284
6543 6603 3284
6543 6603 3284
6543 6603 3284
5433 6038 3288
5433 6038 3288
5433 6038 3288
5433 6038 3288
5433 6038 3288
5433 6038 3288
5433 6038 3288
5433 6038 3288
5433 6038 3288
5433 6038 3288
5433 6038 3288
5433 6038 3288
5433 6038 3288
8768 6390 3394
8768 6390 3394
8768 6390 3394
8768 6390 3394
8768 6390 3394
8768 6390 3394
8768 6390 3394
8768 6390 3394
8768 6390 3394
8768 6390 3394
8768 6390 3394
8768 6390 3394
5564 5316 3418
5564 5316 3418
5564 5316 3418
5564 5316 3418
5564 5316 3418
5564 5316 3418
5564 5316 3418
5564 5316 3418
5564 5316 3418
5564 5316 3418
5564 5316 3418
5564 5316 3418
6543 7762 3423
6543 7762 3423
6543 7762 3423
6543 7762 3423
6543 7762 3423
6543 7762 3423
6543 7762 3423
6543 7762 3423
6543 7762 3423
6543 7762 3423
6543 7762 3423
6543 7762 3423
5283 5526 3440
5283 5526 3440
5283 5526 3440
5283 5526 3440
5283 5526 3440
5283 5526 3440
5283 5526 3440
5283 5526 3440
5283 5526 3440
5283 5526 3440
5283 5526 3440
5283 5526 3440
5283 5526 3440
7762 5378 3485
7762 5378 3485
7762 5378 3485
7762 5378 3485
7762 5378 3485
7762 5378 3485
7762 5378 3485
7762 5378 3485
7762 5378 3485
7762 5378 3485
7762 5378 3485
7762 5378 3485
5446 9757 3511
5446 9757 3511
5446 9757 3511
5446 9757 3511
5446 9757 3511
5446 9757 3511
5446 9757 3511
5446 9757 3511
5446 9757 3511
5446 9757 3511
5446 9757 3511
5446 9757 3511
5533 6033 3600
5533 6033 3600
5533 6033 3600
5533 6033 3600
5533 6033 3600
5533 6033 3600
5533 6033 3600
5533 6033 3600
5533 6033 3600
5533 6033 3600
5533 6033 3600
5533 6033 3600
5533 6033 3600
