6418 5283 0
6418 5283 0
6418 5283 0
6418 5283 0
6418 5283 0
6418 5283 0
6418 5283 0
6418 5283 0
6418 5283 0
6418 5283 0
6418 5283 0
6418 5283 0
5410 8443 0
5410 8443 0
5410 8443 0
5410 8443 0
5410 8443 0
5410 8443 0
5410 8443 0
5410 8443 0
5410 8443 0
5410 8443 0
5410 8443 0
5410 8443 0
8760 5402 1
8760 5402 1
8760 5402 1
8760 5402 1
8760 5402 1
8760 5402 1
8760 5402 1
8760 5402 1
8760 5402 1
8760 5402 1
8760 5402 1
8760 5402 1
8707 9155 1
8707 9155 1
8707 9155 1
8707 9155 1
8707 9155 1
8707 9155 1
8707 9155 1
8707 9155 1
8707 9155 1
8707 9155 1
8707 9155 1
8707 9155 1
5552 5457 1
5552 5457 1
5552 5457 1
5552 5457 1
5552 5457 1
5552 5457 1
5552 5457 1
5552 5457 1
5552 5457 1
5552 5457 1
5552 5457 1
5552 5457 1
5552 5457 1
7692 7685 1
7692 7685 1
7692 7685 1
7692 7685 1
7692 7685 1
7692 7685 1
7692 7685 1
7692 7685 1
7692 7685 1
7692 7685 1
7692 7685 1
7692 7685 1
5386 5541 2
5386 5541 2
5386 5541 2
5386 5541 2
5386 5541 2
5386 5541 2
5386 5541 2
5386 5541 2
5386 5541 2
5386 5541 2
5386 5541 2
5386 5541 2
7715 5393 3
7715 5393 3
7715 5393 3
7715 5393 3
7715 5393 3
7715 5393 3
7715 5393 3
7715 5393 3
7715 5393 3
7715 5393 3
7715 5393 3
7715 5393 3
6038 7914 5
6038 7914 5
6038 7914 5
6038 7914 5
6038 7914 5
6038 7914 5
6038 7914 5
6038 7914 5
6038 7914 5
6038 7914 5
6038 7914 5
6038 7914 5
6038 7914 5
5386 7707 6
5386 7707 6
5386 7707 6
5386 7707 6
5386 7707 6
5386 7707 6
5386 7707 6
5386 7707 6
5386 7707 6
5386 7707 6
5386 7707 6
5386 7707 6
7664 6461 6
7664 6461 6
7664 6461 6
7664 6461 6
7664 6461 6
7664 6461 6
7664 6461 6
7664 6461 6
7664 6461 6
7664 6461 6
7664 6461 6
7664 6461 6
7664 6461 6
5265 5438 6
5265 5438 6
5265 5438 6
5265 5438 6
5265 5438 6
5265 5438 6
5265 5438 6
5265 5438 6
5265 5438 6
5265 5438 6
5265 5438 6
5265 5438 6
5265 5438 6
8790 5258 7
8790 5258 7
8790 5258 7
8790 5258 7
8790 5258 7
8790 5258 7
8790 5258 7
8790 5258 7
8790 5258 7
8790 5258 7
8790 5258 7
8790 5258 7
8790 5258 7
6352 6460 9
6352 6460 9
6352 6460 9
6352 6460 9
6352 6460 9
6352 6460 9
6352 6460 9
6352 6460 9
6352 6460 9
6352 6460 9
6352 6460 9
6352 6460 9
6352 6460 9
6369 6409 12
6369 6409 12
6369 6409 12
6369 6409 12
6369 6409 12
6369 6409 12
6369 6409 12
6369 6409 12
6369 6409 12
6369 6409 12
6369 6409 12
6369 6409 12
7727 7936 12
7727 7936 12
7727 7936 12
7727 7936 12
7727 7936 12
7727 7936 12
7727 7936 12
7727 7936 12
7727 7936 12
7727 7936 12
7727 7936 12
7727 7936 12
7727 7936 12
6609 5358 14
6609 5358 14
6609 5358 14
6609 5358 14
6609 5358 14
6609 5358 14
6609 5358 14
6609 5358 14
6609 5358 14
6609 5358 14
6609 5358 14
6609 5358 14
8706 9158 16
8706 9158 16
8706 9158 16
8706 9158 16
8706 9158 16
8706 9158 16
8706 9158 16
8706 9158 16
8706 9158 16
8706 9158 16
8706 9158 16
8706 9158 16
8706 9158 16
5427 6038 17
5427 6038 17
5427 6038 17
5427 6038 17
5427 6038 17
5427 6038 17
5427 6038 17
5427 6038 17
5427 6038 17
5427 6038 17
5427 6038 17
5427 6038 17
5427 6038 17
6503 7730 17
6503 7730 17
6503 7730 17
6503 7730 17
6503 7730 17
6503 7730 17
6503 7730 17
6503 7730 17
6503 7730 17
6503 7730 17
6503 7730 17
6503 7730 17
7664 6536 17
7664 6536 17
7664 6536 17
7664 6536 17
7664 6536 17
7664 6536 17
7664 6536 17
7664 6536 17
7664 6536 17
7664 6536 17
7664 6536 17
7664 6536 17
7664 6536 17
5413 5270 18
5413 5270 18
5413 5270 18
5413 5270 18
5413 5270 18
5413 5270 18
5413 5270 18
5413 5270 18
5413 5270 18
5413 5270 18
5413 5270 18
5413 5270 18
5413 5270 18
5284 5548 22
5284 5548 22
5284 5548 22
5284 5548 22
5284 5548 22
5284 5548 22
5284 5548 22
5284 5548 22
5284 5548 22
5284 5548 22
5284 5548 22
5284 5548 22
5284 5548 22
6400 6365 22
6400 6365 22
6400 6365 22
6400 6365 22
6400 6365 22
6400 6365 22
6400 6365 22
6400 6365 22
6400 6365 22
6400 6365 22
6400 6365 22
6400 6365 22
6400 6365 22
6379 6543 25
6379 6543 25
6379 6543 25
6379 6543 25
6379 6543 25
6379 6543 25
6379 6543 25
6379 6543 25
6379 6543 25
6379 6543 25
6379 6543 25
6379 6543 25
6379 6543 25
6597 8437 26
6597 8437 26
6597 8437 26
6597 8437 26
6597 8437 26
6597 8437 26
6597 8437 26
6597 8437 26
6597 8437 26
6597 8437 26
6597 8437 26
6597 8437 26
8452 7761 26
8452 7761 26
8452 7761 26
8452 7761 26
8452 7761 26
8452 7761 26
8452 7761 26
8452 7761 26
8452 7761 26
8452 7761 26
8452 7761 26
8452 7761 26
8452 7761 26
7760 7728 27
7760 7728 27
7760 7728 27
7760 7728 27
7760 7728 27
7760 7728 27
7760 7728 27
7760 7728 27
7760 7728 27
7760 7728 27
7760 7728 27
7760 7728 27
7760 7728 27
7907 7779 28
7907 7779 28
7907 7779 28
7907 7779 28
7907 7779 28
7907 7779 28
7907 7779 28
7907 7779 28
7907 7779 28
7907 7779 28
7907 7779 28
7907 7779 28
5254 5410 29
5254 5410 29
5254 5410 29
5254 5410 29
5254 5410 29
5254 5410 29
5254 5410 29
5254 5410 29
5254 5410 29
5254 5410 29
5254 5410 29
5254 5410 29
7786 6580 33
7786 6580 33
7786 6580 33
7786 6580 33
7786 6580 33
7786 6580 33
7786 6580 33
7786 6580 33
7786 6580 33
7786 6580 33
7786 6580 33
7786 6580 33
7786 6580 33
6460 6508 33
6460 6508 33
6460 6508 33
6460 6508 33
6460 6508 33
6460 6508 33
6460 6508 33
6460 6508 33
6460 6508 33
6460 6508 33
6460 6508 33
6460 6508 33
6460 6508 33
5390 5382 35
5390 5382 35
5390 5382 35
5390 5382 35
5390 5382 35
5390 5382 35
5390 5382 35
5390 5382 35
5390 5382 35
5390 5382 35
5390 5382 35
5390 5382 35
5358 5291 39
5358 5291 39
5358 5291 39
5358 5291 39
5358 5291 39
5358 5291 39
5358 5291 39
5358 5291 39
5358 5291 39
5358 5291 39
5358 5291 39
5358 5291 39
6595 6003 41
6595 6003 41
6595 6003 41
6595 6003 41
6595 6003 41
6595 6003 41
6595 6003 41
6595 6003 41
6595 6003 41
6595 6003 41
6595 6003 41
6595 6003 41
7748 7760 46
7748 7760 46
7748 7760 46
7748 7760 46
7748 7760 46
7748 7760 46
7748 7760 46
7748 7760 46
7748 7760 46
7748 7760 46
7748 7760 46
7748 7760 46
7748 7760 46
6610 6548 48
6610 6548 48
6610 6548 48
6610 6548 48
6610 6548 48
6610 6548 48
6610 6548 48
6610 6548 48
6610 6548 48
6610 6548 48
6610 6548 48
6610 6548 48
6610 6548 48
5285 5547 49
5285 5547 49
5285 5547 49
5285 5547 49
5285 5547 49
5285 5547 49
5285 5547 49
5285 5547 49
5285 5547 49
5285 5547 49
5285 5547 49
5285 5547 49
7750 7812 53
7750 7812 53
7750 7812 53
7750 7812 53
7750 7812 53
7750 7812 53
7750 7812 53
7750 7812 53
7750 7812 53
7750 7812 53
7750 7812 53
7750 7812 53
7768 5366 65
7768 5366 65
7768 5366 65
7768 5366 65
7768 5366 65
7768 5366 65
7768 5366 65
7768 5366 65
7768 5366 65
7768 5366 65
7768 5366 65
7768 5366 65
5543 5389 69
5543 5389 69
5543 5389 69
5543 5389 69
5543 5389 69
5543 5389 69
5543 5389 69
5543 5389 69
5543 5389 69
5543 5389 69
5543 5389 69
5543 5389 69
5543 5389 69
5379 5544 69
5379 5544 69
5379 5544 69
5379 5544 69
5379 5544 69
5379 5544 69
5379 5544 69
5379 5544 69
5379 5544 69
5379 5544 69
5379 5544 69
5379 5544 69
6027 8446 77
6027 8446 77
6027 8446 77
6027 8446 77
6027 8446 77
6027 8446 77
6027 8446 77
6027 8446 77
6027 8446 77
6027 8446 77
6027 8446 77
6027 8446 77
6027 8446 77
6587 7728 78
6587 7728 78
6587 7728 78
6587 7728 78
6587 7728 78
6587 7728 78
6587 7728 78
6587 7728 78
6587 7728 78
6587 7728 78
6587 7728 78
6587 7728 78
5986 8663 78
5986 8663 78
5986 8663 78
5986 8663 78
5986 8663 78
5986 8663 78
5986 8663 78
5986 8663 78
5986 8663 78
5986 8663 78
5986 8663 78
5986 8663 78
7825 7737 80
7825 7737 80
7825 7737 80
7825 7737 80
7825 7737 80
7825 7737 80
7825 7737 80
7825 7737 80
7825 7737 80
7825 7737 80
7825 7737 80
7825 7737 80
6457 6520 80
6457 6520 80
6457 6520 80
6457 6520 80
6457 6520 80
6457 6520 80
6457 6520 80
6457 6520 80
6457 6520 80
6457 6520 80
6457 6520 80
6457 6520 80
6537 6486 80
6537 6486 80
6537 6486 80
6537 6486 80
6537 6486 80
6537 6486 80
6537 6486 80
6537 6486 80
6537 6486 80
6537 6486 80
6537 6486 80
6537 6486 80
7776 7766 81
7776 7766 81
7776 7766 81
7776 7766 81
7776 7766 81
7776 7766 81
7776 7766 81
7776 7766 81
7776 7766 81
7776 7766 81
7776 7766 81
7776 7766 81
6007 5354 84
6007 5354 84
6007 5354 84
6007 5354 84
6007 5354 84
6007 5354 84
6007 5354 84
6007 5354 84
6007 5354 84
6007 5354 84
6007 5354 84
6007 5354 84
6007 5354 84
5280 9155 88
5280 9155 88
5280 9155 88
5280 9155 88
5280 9155 88
5280 9155 88
5280 9155 88
5280 9155 88
5280 9155 88
5280 9155 88
5280 9155 88
5280 9155 88
5280 9155 88
7682 7708 88
7682 7708 88
7682 7708 88
7682 7708 88
7682 7708 88
7682 7708 88
7682 7708 88
7682 7708 88
7682 7708 88
7682 7708 88
7682 7708 88
7682 7708 88
5990 5353 88
5990 5353 88
5990 5353 88
5990 5353 88
5990 5353 88
5990 5353 88
5990 5353 88
5990 5353 88
5990 5353 88
5990 5353 88
5990 5353 88
5990 5353 88
5990 5353 88
5530 6005 89
5530 6005 89
5530 6005 89
5530 6005 89
5530 6005 89
5530 6005 89
5530 6005 89
5530 6005 89
5530 6005 89
5530 6005 89
5530 6005 89
5530 6005 89
5530 6005 89
7668 6450 92
7668 6450 92
7668 6450 92
7668 6450 92
7668 6450 92
7668 6450 92
7668 6450 92
7668 6450 92
7668 6450 92
7668 6450 92
7668 6450 92
7668 6450 92
7668 6450 92
6407 8680 92
6407 8680 92
6407 8680 92
6407 8680 92
6407 8680 92
6407 8680 92
6407 8680 92
6407 8680 92
6407 8680 92
6407 8680 92
6407 8680 92
6407 8680 92
6407 8680 92
5533 5259 92
5533 5259 92
5533 5259 92
5533 5259 92
5533 5259 92
5533 5259 92
5533 5259 92
5533 5259 92
5533 5259 92
5533 5259 92
5533 5259 92
5533 5259 92
6582 7723 93
6582 7723 93
6582 7723 93
6582 7723 93
6582 7723 93
6582 7723 93
6582 7723 93
6582 7723 93
6582 7723 93
6582 7723 93
6582 7723 93
6582 7723 93
6582 7723 93
6602 9671 93
6602 9671 93
6602 9671 93
6602 9671 93
6602 9671 93
6602 9671 93
6602 9671 93
6602 9671 93
6602 9671 93
6602 9671 93
6602 9671 93
6602 9671 93
6602 9671 93
7706 6551 93
7706 6551 93
7706 6551 93
7706 6551 93
7706 6551 93
7706 6551 93
7706 6551 93
7706 6551 93
7706 6551 93
7706 6551 93
7706 6551 93
7706 6551 93
7706 6551 93
6541 6517 94
6541 6517 94
6541 6517 94
6541 6517 94
6541 6517 94
6541 6517 94
6541 6517 94
6541 6517 94
6541 6517 94
6541 6517 94
6541 6517 94
6541 6517 94
7747 6510 95
7747 6510 95
7747 6510 95
7747 6510 95
7747 6510 95
7747 6510 95
7747 6510 95
7747 6510 95
7747 6510 95
7747 6510 95
7747 6510 95
7747 6510 95
7747 6510 95
7692 7682 96
7692 7682 96
7692 7682 96
7692 7682 96
7692 7682 96
7692 7682 96
7692 7682 96
7692 7682 96
7692 7682 96
7692 7682 96
7692 7682 96
7692 7682 96
6352 5244 96
6352 5244 96
6352 5244 96
6352 5244 96
6352 5244 96
6352 5244 96
6352 5244 96
6352 5244 96
6352 5244 96
6352 5244 96
6352 5244 96
6352 5244 96
6541 8462 97
6541 8462 97
6541 8462 97
6541 8462 97
6541 8462 97
6541 8462 97
6541 8462 97
6541 8462 97
6541 8462 97
6541 8462 97
6541 8462 97
6541 8462 97
6541 8462 97
6418 6601 99
6418 6601 99
6418 6601 99
6418 6601 99
6418 6601 99
6418 6601 99
6418 6601 99
6418 6601 99
6418 6601 99
6418 6601 99
6418 6601 99
6418 6601 99
6418 6601 99
7696 7683 99
7696 7683 99
7696 7683 99
7696 7683 99
7696 7683 99
7696 7683 99
7696 7683 99
7696 7683 99
7696 7683 99
7696 7683 99
7696 7683 99
7696 7683 99
7696 7683 99
7938 8470 100
7938 8470 100
7938 8470 100
7938 8470 100
7938 8470 100
7938 8470 100
7938 8470 100
7938 8470 100
7938 8470 100
7938 8470 100
7938 8470 100
7938 8470 100
7938 8470 100
7704 7761 100
7704 7761 100
7704 7761 100
7704 7761 100
7704 7761 100
7704 7761 100
7704 7761 100
7704 7761 100
7704 7761 100
7704 7761 100
7704 7761 100
7704 7761 100
7704 7761 100
7914 7991 102
7914 7991 102
7914 7991 102
7914 7991 102
7914 7991 102
7914 7991 102
7914 7991 102
7914 7991 102
7914 7991 102
7914 7991 102
7914 7991 102
7914 7991 102
5257 9148 103
5257 9148 103
5257 9148 103
5257 9148 103
5257 9148 103
5257 9148 103
5257 9148 103
5257 9148 103
5257 9148 103
5257 9148 103
5257 9148 103
5257 9148 103
5257 9148 103
7758 5397 104
7758 5397 104
7758 5397 104
7758 5397 104
7758 5397 104
7758 5397 104
7758 5397 104
7758 5397 104
7758 5397 104
7758 5397 104
7758 5397 104
7758 5397 104
6549 6533 104
6549 6533 104
6549 6533 104
6549 6533 104
6549 6533 104
6549 6533 104
6549 6533 104
6549 6533 104
6549 6533 104
6549 6533 104
6549 6533 104
6549 6533 104
5923 7504 104
5923 7504 104
5923 7504 104
5923 7504 104
5923 7504 104
5923 7504 104
5923 7504 104
5923 7504 104
5923 7504 104
5923 7504 104
5923 7504 104
5923 7504 104
7717 7917 105
7717 7917 105
7717 7917 105
7717 7917 105
7717 7917 105
7717 7917 105
7717 7917 105
7717 7917 105
7717 7917 105
7717 7917 105
7717 7917 105
7717 7917 105
7717 7917 105
5444 8461 105
5444 8461 105
5444 8461 105
5444 8461 105
5444 8461 105
5444 8461 105
5444 8461 105
5444 8461 105
5444 8461 105
5444 8461 105
5444 8461 105
5444 8461 105
5444 8461 105
7745 6496 106
7745 6496 106
7745 6496 106
7745 6496 106
7745 6496 106
7745 6496 106
7745 6496 106
7745 6496 106
7745 6496 106
7745 6496 106
7745 6496 106
7745 6496 106
7745 6496 106
5291 5253 107
5291 5253 107
5291 5253 107
5291 5253 107
5291 5253 107
5291 5253 107
5291 5253 107
5291 5253 107
5291 5253 107
5291 5253 107
5291 5253 107
5291 5253 107
6353 6432 108
6353 6432 108
6353 6432 108
6353 6432 108
6353 6432 108
6353 6432 108
6353 6432 108
6353 6432 108
6353 6432 108
6353 6432 108
6353 6432 108
6353 6432 108
6581 6552 108
6581 6552 108
6581 6552 108
6581 6552 108
6581 6552 108
6581 6552 108
6581 6552 108
6581 6552 108
6581 6552 108
6581 6552 108
6581 6552 108
6581 6552 108
5433 5354 108
5433 5354 108
5433 5354 108
5433 5354 108
5433 5354 108
5433 5354 108
5433 5354 108
5433 5354 108
5433 5354 108
5433 5354 108
5433 5354 108
5433 5354 108
5991 5403 108
5991 5403 108
5991 5403 108
5991 5403 108
5991 5403 108
5991 5403 108
5991 5403 108
5991 5403 108
5991 5403 108
5991 5403 108
5991 5403 108
5991 5403 108
6044 8437 109
6044 8437 109
6044 8437 109
6044 8437 109
6044 8437 109
6044 8437 109
6044 8437 109
6044 8437 109
6044 8437 109
6044 8437 109
6044 8437 109
6044 8437 109
6044 8437 109
5280 5532 110
5280 5532 110
5280 5532 110
5280 5532 110
5280 5532 110
5280 5532 110
5280 5532 110
5280 5532 110
5280 5532 110
5280 5532 110
5280 5532 110
5280 5532 110
7728 7881 110
7728 7881 110
7728 7881 110
7728 7881 110
7728 7881 110
7728 7881 110
7728 7881 110
7728 7881 110
7728 7881 110
7728 7881 110
7728 7881 110
7728 7881 110
7728 7881 110
7761 8443 111
7761 8443 111
7761 8443 111
7761 8443 111
7761 8443 111
7761 8443 111
7761 8443 111
7761 8443 111
7761 8443 111
7761 8443 111
7761 8443 111
7761 8443 111
7761 8443 111
5541 8473 112
5541 8473 112
5541 8473 112
5541 8473 112
5541 8473 112
5541 8473 112
5541 8473 112
5541 8473 112
5541 8473 112
5541 8473 112
5541 8473 112
5541 8473 112
7748 8465 112
7748 8465 112
7748 8465 112
7748 8465 112
7748 8465 112
7748 8465 112
7748 8465 112
7748 8465 112
7748 8465 112
7748 8465 112
7748 8465 112
7748 8465 112
5282 8457 112
5282 8457 112
5282 8457 112
5282 8457 112
5282 8457 112
5282 8457 112
5282 8457 112
5282 8457 112
5282 8457 112
5282 8457 112
5282 8457 112
5282 8457 112
7702 6602 113
7702 6602 113
7702 6602 113
7702 6602 113
7702 6602 113
7702 6602 113
7702 6602 113
7702 6602 113
7702 6602 113
7702 6602 113
7702 6602 113
7702 6602 113
7702 6602 113
5399 8451 114
5399 8451 114
5399 8451 114
5399 8451 114
5399 8451 114
5399 8451 114
5399 8451 114
5399 8451 114
5399 8451 114
5399 8451 114
5399 8451 114
5399 8451 114
7700 6606 115
7700 6606 115
7700 6606 115
7700 6606 115
7700 6606 115
7700 6606 115
7700 6606 115
7700 6606 115
7700 6606 115
7700 6606 115
7700 6606 115
7700 6606 115
7700 6606 115
7936 7768 115
7936 7768 115
7936 7768 115
7936 7768 115
7936 7768 115
7936 7768 115
7936 7768 115
7936 7768 115
7936 7768 115
7936 7768 115
7936 7768 115
7936 7768 115
5446 6012 117
5446 6012 117
5446 6012 117
5446 6012 117
5446 6012 117
5446 6012 117
5446 6012 117
5446 6012 117
5446 6012 117
5446 6012 117
5446 6012 117
5446 6012 117
5382 5418 117
5382 5418 117
5382 5418 117
5382 5418 117
5382 5418 117
5382 5418 117
5382 5418 117
5382 5418 117
5382 5418 117
5382 5418 117
5382 5418 117
5382 5418 117
5382 5418 117
8455 6539 118
8455 6539 118
8455 6539 118
8455 6539 118
8455 6539 118
8455 6539 118
8455 6539 118
8455 6539 118
8455 6539 118
8455 6539 118
8455 6539 118
8455 6539 118
6081 6024 121
6081 6024 121
6081 6024 121
6081 6024 121
6081 6024 121
6081 6024 121
6081 6024 121
6081 6024 121
6081 6024 121
6081 6024 121
6081 6024 121
6081 6024 121
7700 7769 121
7700 7769 121
7700 7769 121
7700 7769 121
7700 7769 121
7700 7769 121
7700 7769 121
7700 7769 121
7700 7769 121
7700 7769 121
7700 7769 121
7700 7769 121
6506 7806 121
6506 7806 121
6506 7806 121
6506 7806 121
6506 7806 121
6506 7806 121
6506 7806 121
6506 7806 121
6506 7806 121
6506 7806 121
6506 7806 121
6506 7806 121
5354 6610 121
5354 6610 121
5354 6610 121
5354 6610 121
5354 6610 121
5354 6610 121
5354 6610 121
5354 6610 121
5354 6610 121
5354 6610 121
5354 6610 121
5354 6610 121
8444 6560 122
8444 6560 122
8444 6560 122
8444 6560 122
8444 6560 122
8444 6560 122
8444 6560 122
8444 6560 122
8444 6560 122
8444 6560 122
8444 6560 122
8444 6560 122
6020 6591 125
6020 6591 125
6020 6591 125
6020 6591 125
6020 6591 125
6020 6591 125
6020 6591 125
6020 6591 125
6020 6591 125
6020 6591 125
6020 6591 125
6020 6591 125
6020 6591 125
8431 6562 125
8431 6562 125
8431 6562 125
8431 6562 125
8431 6562 125
8431 6562 125
8431 6562 125
8431 6562 125
8431 6562 125
8431 6562 125
8431 6562 125
8431 6562 125
8431 6562 125
5438 8437 125
5438 8437 125
5438 8437 125
5438 8437 125
5438 8437 125
5438 8437 125
5438 8437 125
5438 8437 125
5438 8437 125
5438 8437 125
5438 8437 125
5438 8437 125
5438 8437 125
6574 6602 126
6574 6602 126
6574 6602 126
6574 6602 126
6574 6602 126
6574 6602 126
6574 6602 126
6574 6602 126
6574 6602 126
6574 6602 126
6574 6602 126
6574 6602 126
6574 6602 126
7737 7783 129
7737 7783 129
7737 7783 129
7737 7783 129
7737 7783 129
7737 7783 129
7737 7783 129
7737 7783 129
7737 7783 129
7737 7783 129
7737 7783 129
7737 7783 129
5358 5291 129
5358 5291 129
5358 5291 129
5358 5291 129
5358 5291 129
5358 5291 129
5358 5291 129
5358 5291 129
5358 5291 129
5358 5291 129
5358 5291 129
5358 5291 129
6582 8436 130
6582 8436 130
6582 8436 130
6582 8436 130
6582 8436 130
6582 8436 130
6582 8436 130
6582 8436 130
6582 8436 130
6582 8436 130
6582 8436 130
6582 8436 130
6582 8436 130
5270 5283 130
5270 5283 130
5270 5283 130
5270 5283 130
5270 5283 130
5270 5283 130
5270 5283 130
5270 5283 130
5270 5283 130
5270 5283 130
5270 5283 130
5270 5283 130
5270 5283 130
6589 7762 132
6589 7762 132
6589 7762 132
6589 7762 132
6589 7762 132
6589 7762 132
6589 7762 132
6589 7762 132
6589 7762 132
6589 7762 132
6589 7762 132
6589 7762 132
5259 5413 134
5259 5413 134
5259 5413 134
5259 5413 134
5259 5413 134
5259 5413 134
5259 5413 134
5259 5413 134
5259 5413 134
5259 5413 134
5259 5413 134
5259 5413 134
6604 5924 134
6604 5924 134
6604 5924 134
6604 5924 134
6604 5924 134
6604 5924 134
6604 5924 134
6604 5924 134
6604 5924 134
6604 5924 134
6604 5924 134
6604 5924 134
6453 7687 135
6453 7687 135
6453 7687 135
6453 7687 135
6453 7687 135
6453 7687 135
6453 7687 135
6453 7687 135
6453 7687 135
6453 7687 135
6453 7687 135
6453 7687 135
6604 5924 135
6604 5924 135
6604 5924 135
6604 5924 135
6604 5924 135
6604 5924 135
6604 5924 135
6604 5924 135
6604 5924 135
6604 5924 135
6604 5924 135
6604 5924 135
5359 8673 137
5359 8673 137
5359 8673 137
5359 8673 137
5359 8673 137
5359 8673 137
5359 8673 137
5359 8673 137
5359 8673 137
5359 8673 137
5359 8673 137
5359 8673 137
7784 7717 137
7784 7717 137
7784 7717 137
7784 7717 137
7784 7717 137
7784 7717 137
7784 7717 137
7784 7717 137
7784 7717 137
7784 7717 137
7784 7717 137
7784 7717 137
8462 6596 137
8462 6596 137
8462 6596 137
8462 6596 137
8462 6596 137
8462 6596 137
8462 6596 137
8462 6596 137
8462 6596 137
8462 6596 137
8462 6596 137
8462 6596 137
8763 8434 138
8763 8434 138
8763 8434 138
8763 8434 138
8763 8434 138
8763 8434 138
8763 8434 138
8763 8434 138
8763 8434 138
8763 8434 138
8763 8434 138
8763 8434 138
8763 8434 138
5446 5410 138
5446 5410 138
5446 5410 138
5446 5410 138
5446 5410 138
5446 5410 138
5446 5410 138
5446 5410 138
5446 5410 138
5446 5410 138
5446 5410 138
5446 5410 138
5924 6524 139
5924 6524 139
5924 6524 139
5924 6524 139
5924 6524 139
5924 6524 139
5924 6524 139
5924 6524 139
5924 6524 139
5924 6524 139
5924 6524 139
5924 6524 139
5924 6524 139
5417 9754 139
5417 9754 139
5417 9754 139
5417 9754 139
5417 9754 139
5417 9754 139
5417 9754 139
5417 9754 139
5417 9754 139
5417 9754 139
5417 9754 139
5417 9754 139
6348 6544 140
6348 6544 140
6348 6544 140
6348 6544 140
6348 6544 140
6348 6544 140
6348 6544 140
6348 6544 140
6348 6544 140
6348 6544 140
6348 6544 140
6348 6544 140
6348 6544 140
8436 6595 140
8436 6595 140
8436 6595 140
8436 6595 140
8436 6595 140
8436 6595 140
8436 6595 140
8436 6595 140
8436 6595 140
8436 6595 140
8436 6595 140
8436 6595 140
7749 6590 141
7749 6590 141
7749 6590 141
7749 6590 141
7749 6590 141
7749 6590 141
7749 6590 141
7749 6590 141
7749 6590 141
7749 6590 141
7749 6590 141
7749 6590 141
6525 6568 141
6525 6568 141
6525 6568 141
6525 6568 141
6525 6568 141
6525 6568 141
6525 6568 141
6525 6568 141
6525 6568 141
6525 6568 141
6525 6568 141
6525 6568 141
7687 6505 141
7687 6505 141
7687 6505 141
7687 6505 141
7687 6505 141
7687 6505 141
7687 6505 141
7687 6505 141
7687 6505 141
7687 6505 141
7687 6505 141
7687 6505 141
7687 6505 141
5990 6597 141
5990 6597 141
5990 6597 141
5990 6597 141
5990 6597 141
5990 6597 141
5990 6597 141
5990 6597 141
5990 6597 141
5990 6597 141
5990 6597 141
5990 6597 141
6450 7669 142
6450 7669 142
6450 7669 142
6450 7669 142
6450 7669 142
6450 7669 142
6450 7669 142
6450 7669 142
6450 7669 142
6450 7669 142
6450 7669 142
6450 7669 142
6450 7669 142
6541 6526 142
6541 6526 142
6541 6526 142
6541 6526 142
6541 6526 142
6541 6526 142
6541 6526 142
6541 6526 142
6541 6526 142
6541 6526 142
6541 6526 142
6541 6526 142
7715 5393 143
7715 5393 143
7715 5393 143
7715 5393 143
7715 5393 143
7715 5393 143
7715 5393 143
7715 5393 143
7715 5393 143
7715 5393 143
7715 5393 143
7715 5393 143
7696 7683 144
7696 7683 144
7696 7683 144
7696 7683 144
7696 7683 144
7696 7683 144
7696 7683 144
7696 7683 144
7696 7683 144
7696 7683 144
7696 7683 144
7696 7683 144
7763 6561 144
7763 6561 144
7763 6561 144
7763 6561 144
7763 6561 144
7763 6561 144
7763 6561 144
7763 6561 144
7763 6561 144
7763 6561 144
7763 6561 144
7763 6561 144
6381 5359 145
6381 5359 145
6381 5359 145
6381 5359 145
6381 5359 145
6381 5359 145
6381 5359 145
6381 5359 145
6381 5359 145
6381 5359 145
6381 5359 145
6381 5359 145
6381 5359 145
6409 6534 145
6409 6534 145
6409 6534 145
6409 6534 145
6409 6534 145
6409 6534 145
6409 6534 145
6409 6534 145
6409 6534 145
6409 6534 145
6409 6534 145
6409 6534 145
6409 6534 145
5265 5395 146
5265 5395 146
5265 5395 146
5265 5395 146
5265 5395 146
5265 5395 146
5265 5395 146
5265 5395 146
5265 5395 146
5265 5395 146
5265 5395 146
5265 5395 146
5265 5395 146
7919 7784 146
7919 7784 146
7919 7784 146
7919 7784 146
7919 7784 146
7919 7784 146
7919 7784 146
7919 7784 146
7919 7784 146
7919 7784 146
7919 7784 146
7919 7784 146
7919 7784 146
5537 5442 146
5537 5442 146
5537 5442 146
5537 5442 146
5537 5442 146
5537 5442 146
5537 5442 146
5537 5442 146
5537 5442 146
5537 5442 146
5537 5442 146
5537 5442 146
6586 8462 146
6586 8462 146
6586 8462 146
6586 8462 146
6586 8462 146
6586 8462 146
6586 8462 146
6586 8462 146
6586 8462 146
6586 8462 146
6586 8462 146
6586 8462 146
8461 5924 146
8461 5924 146
8461 5924 146
8461 5924 146
8461 5924 146
8461 5924 146
8461 5924 146
8461 5924 146
8461 5924 146
8461 5924 146
8461 5924 146
8461 5924 146
8461 5924 146
5259 5418 147
5259 5418 147
5259 5418 147
5259 5418 147
5259 5418 147
5259 5418 147
5259 5418 147
5259 5418 147
5259 5418 147
5259 5418 147
5259 5418 147
5259 5418 147
5259 5418 147
5363 6558 147
5363 6558 147
5363 6558 147
5363 6558 147
5363 6558 147
5363 6558 147
5363 6558 147
5363 6558 147
5363 6558 147
5363 6558 147
5363 6558 147
5363 6558 147
5363 6558 147
7726 6556 149
7726 6556 149
7726 6556 149
7726 6556 149
7726 6556 149
7726 6556 149
7726 6556 149
7726 6556 149
7726 6556 149
7726 6556 149
7726 6556 149
7726 6556 149
5370 5447 151
5370 5447 151
5370 5447 151
5370 5447 151
5370 5447 151
5370 5447 151
5370 5447 151
5370 5447 151
5370 5447 151
5370 5447 151
5370 5447 151
5370 5447 151
5370 5447 151
6519 7757 151
6519 7757 151
6519 7757 151
6519 7757 151
6519 7757 151
6519 7757 151
6519 7757 151
6519 7757 151
6519 7757 151
6519 7757 151
6519 7757 151
6519 7757 151
5270 5445 152
5270 5445 152
5270 5445 152
5270 5445 152
5270 5445 152
5270 5445 152
5270 5445 152
5270 5445 152
5270 5445 152
5270 5445 152
5270 5445 152
5270 5445 152
8434 6563 153
8434 6563 153
8434 6563 153
8434 6563 153
8434 6563 153
8434 6563 153
8434 6563 153
8434 6563 153
8434 6563 153
8434 6563 153
8434 6563 153
8434 6563 153
6542 6363 153
6542 6363 153
6542 6363 153
6542 6363 153
6542 6363 153
6542 6363 153
6542 6363 153
6542 6363 153
6542 6363 153
6542 6363 153
6542 6363 153
6542 6363 153
5366 6558 154
5366 6558 154
5366 6558 154
5366 6558 154
5366 6558 154
5366 6558 154
5366 6558 154
5366 6558 154
5366 6558 154
5366 6558 154
5366 6558 154
5366 6558 154
5366 6558 154
6596 6418 154
6596 6418 154
6596 6418 154
6596 6418 154
6596 6418 154
6596 6418 154
6596 6418 154
6596 6418 154
6596 6418 154
6596 6418 154
6596 6418 154
6596 6418 154
6596 6418 154
6486 7504 155
6486 7504 155
6486 7504 155
6486 7504 155
6486 7504 155
6486 7504 155
6486 7504 155
6486 7504 155
6486 7504 155
6486 7504 155
6486 7504 155
6486 7504 155
6560 8456 155
6560 8456 155
6560 8456 155
6560 8456 155
6560 8456 155
6560 8456 155
6560 8456 155
6560 8456 155
6560 8456 155
6560 8456 155
6560 8456 155
6560 8456 155
7761 7684 155
7761 7684 155
7761 7684 155
7761 7684 155
7761 7684 155
7761 7684 155
7761 7684 155
7761 7684 155
7761 7684 155
7761 7684 155
7761 7684 155
7761 7684 155
7761 7684 155
6005 8465 156
6005 8465 156
6005 8465 156
6005 8465 156
6005 8465 156
6005 8465 156
6005 8465 156
6005 8465 156
6005 8465 156
6005 8465 156
6005 8465 156
6005 8465 156
6005 8465 156
8446 5424 156
8446 5424 156
8446 5424 156
8446 5424 156
8446 5424 156
8446 5424 156
8446 5424 156
8446 5424 156
8446 5424 156
8446 5424 156
8446 5424 156
8446 5424 156
8446 5424 156
6569 6606 156
6569 6606 156
6569 6606 156
6569 6606 156
6569 6606 156
6569 6606 156
6569 6606 156
6569 6606 156
6569 6606 156
6569 6606 156
6569 6606 156
6569 6606 156
6569 6606 156
7751 7687 157
7751 7687 157
7751 7687 157
7751 7687 157
7751 7687 157
7751 7687 157
7751 7687 157
7751 7687 157
7751 7687 157
7751 7687 157
7751 7687 157
7751 7687 157
7751 7687 157
5395 8436 157
5395 8436 157
5395 8436 157
5395 8436 157
5395 8436 157
5395 8436 157
5395 8436 157
5395 8436 157
5395 8436 157
5395 8436 157
5395 8436 157
5395 8436 157
5395 8436 157
6387 6543 157
6387 6543 157
6387 6543 157
6387 6543 157
6387 6543 157
6387 6543 157
6387 6543 157
6387 6543 157
6387 6543 157
6387 6543 157
6387 6543 157
6387 6543 157
6387 6543 157
8431 8682 157
8431 8682 157
8431 8682 157
8431 8682 157
8431 8682 157
8431 8682 157
8431 8682 157
8431 8682 157
8431 8682 157
8431 8682 157
8431 8682 157
8431 8682 157
8458 6567 157
8458 6567 157
8458 6567 157
8458 6567 157
8458 6567 157
8458 6567 157
8458 6567 157
8458 6567 157
8458 6567 157
8458 6567 157
8458 6567 157
8458 6567 157
8458 6567 157
7723 6380 158
7723 6380 158
7723 6380 158
7723 6380 158
7723 6380 158
7723 6380 158
7723 6380 158
7723 6380 158
7723 6380 158
7723 6380 158
7723 6380 158
7723 6380 158
7723 6380 158
6589 8455 158
6589 8455 158
6589 8455 158
6589 8455 158
6589 8455 158
6589 8455 158
6589 8455 158
6589 8455 158
6589 8455 158
6589 8455 158
6589 8455 158
6589 8455 158
6589 8455 158
7914 7709 158
7914 7709 158
7914 7709 158
7914 7709 158
7914 7709 158
7914 7709 158
7914 7709 158
7914 7709 158
7914 7709 158
7914 7709 158
7914 7709 158
7914 7709 158
7914 7709 158
6018 5259 159
6018 5259 159
6018 5259 159
6018 5259 159
6018 5259 159
6018 5259 159
6018 5259 159
6018 5259 159
6018 5259 159
6018 5259 159
6018 5259 159
6018 5259 159
6498 6452 160
6498 6452 160
6498 6452 160
6498 6452 160
6498 6452 160
6498 6452 160
6498 6452 160
6498 6452 160
6498 6452 160
6498 6452 160
6498 6452 160
6498 6452 160
5358 5420 160
5358 5420 160
5358 5420 160
5358 5420 160
5358 5420 160
5358 5420 160
5358 5420 160
5358 5420 160
5358 5420 160
5358 5420 160
5358 5420 160
5358 5420 160
5390 6405 162
5390 6405 162
5390 6405 162
5390 6405 162
5390 6405 162
5390 6405 162
5390 6405 162
5390 6405 162
5390 6405 162
5390 6405 162
5390 6405 162
5390 6405 162
5390 6405 162
8685 8770 164
8685 8770 164
8685 8770 164
8685 8770 164
8685 8770 164
8685 8770 164
8685 8770 164
8685 8770 164
8685 8770 164
8685 8770 164
8685 8770 164
8685 8770 164
6558 5364 164
6558 5364 164
6558 5364 164
6558 5364 164
6558 5364 164
6558 5364 164
6558 5364 164
6558 5364 164
6558 5364 164
6558 5364 164
6558 5364 164
6558 5364 164
8475 6002 165
8475 6002 165
8475 6002 165
8475 6002 165
8475 6002 165
8475 6002 165
8475 6002 165
8475 6002 165
8475 6002 165
8475 6002 165
8475 6002 165
8475 6002 165
7948 6604 165
7948 6604 165
7948 6604 165
7948 6604 165
7948 6604 165
7948 6604 165
7948 6604 165
7948 6604 165
7948 6604 165
7948 6604 165
7948 6604 165
7948 6604 165
5243 5544 166
5243 5544 166
5243 5544 166
5243 5544 166
5243 5544 166
5243 5544 166
5243 5544 166
5243 5544 166
5243 5544 166
5243 5544 166
5243 5544 166
5243 5544 166
6557 7726 167
6557 7726 167
6557 7726 167
6557 7726 167
6557 7726 167
6557 7726 167
6557 7726 167
6557 7726 167
6557 7726 167
6557 7726 167
6557 7726 167
6557 7726 167
6557 7726 167
7684 6309 167
7684 6309 167
7684 6309 167
7684 6309 167
7684 6309 167
7684 6309 167
7684 6309 167
7684 6309 167
7684 6309 167
7684 6309 167
7684 6309 167
7684 6309 167
7684 6309 167
5291 5284 167
5291 5284 167
5291 5284 167
5291 5284 167
5291 5284 167
5291 5284 167
5291 5284 167
5291 5284 167
5291 5284 167
5291 5284 167
5291 5284 167
5291 5284 167
8451 6544 168
8451 6544 168
8451 6544 168
8451 6544 168
8451 6544 168
8451 6544 168
8451 6544 168
8451 6544 168
8451 6544 168
8451 6544 168
8451 6544 168
8451 6544 168
8451 6544 168
6041 5359 170
6041 5359 170
6041 5359 170
6041 5359 170
6041 5359 170
6041 5359 170
6041 5359 170
6041 5359 170
6041 5359 170
6041 5359 170
6041 5359 170
6041 5359 170
6041 5359 170
7718 6591 170
7718 6591 170
7718 6591 170
7718 6591 170
7718 6591 170
7718 6591 170
7718 6591 170
7718 6591 170
7718 6591 170
7718 6591 170
7718 6591 170
7718 6591 170
5359 8452 171
5359 8452 171
5359 8452 171
5359 8452 171
5359 8452 171
5359 8452 171
5359 8452 171
5359 8452 171
5359 8452 171
5359 8452 171
5359 8452 171
5359 8452 171
5359 8452 171
6589 5396 171
6589 5396 171
6589 5396 171
6589 5396 171
6589 5396 171
6589 5396 171
6589 5396 171
6589 5396 171
6589 5396 171
6589 5396 171
6589 5396 171
6589 5396 171
6580 7705 172
6580 7705 172
6580 7705 172
6580 7705 172
6580 7705 172
6580 7705 172
6580 7705 172
6580 7705 172
6580 7705 172
6580 7705 172
6580 7705 172
6580 7705 172
8448 5355 173
8448 5355 173
8448 5355 173
8448 5355 173
8448 5355 173
8448 5355 173
8448 5355 173
8448 5355 173
8448 5355 173
8448 5355 173
8448 5355 173
8448 5355 173
5278 6611 173
5278 6611 173
5278 6611 173
5278 6611 173
5278 6611 173
5278 6611 173
5278 6611 173
5278 6611 173
5278 6611 173
5278 6611 173
5278 6611 173
5278 6611 173
6365 6579 174
6365 6579 174
6365 6579 174
6365 6579 174
6365 6579 174
6365 6579 174
6365 6579 174
6365 6579 174
6365 6579 174
6365 6579 174
6365 6579 174
6365 6579 174
6365 6579 174
6352 6538 176
6352 6538 176
6352 6538 176
6352 6538 176
6352 6538 176
6352 6538 176
6352 6538 176
6352 6538 176
6352 6538 176
6352 6538 176
6352 6538 176
6352 6538 176
6352 6538 176
6583 8436 176
6583 8436 176
6583 8436 176
6583 8436 176
6583 8436 176
6583 8436 176
6583 8436 176
6583 8436 176
6583 8436 176
6583 8436 176
6583 8436 176
6583 8436 176
6541 6532 178
6541 6532 178
6541 6532 178
6541 6532 178
6541 6532 178
6541 6532 178
6541 6532 178
6541 6532 178
6541 6532 178
6541 6532 178
6541 6532 178
6541 6532 178
6541 6532 178
7710 6530 179
7710 6530 179
7710 6530 179
7710 6530 179
7710 6530 179
7710 6530 179
7710 6530 179
7710 6530 179
7710 6530 179
7710 6530 179
7710 6530 179
7710 6530 179
6572 6359 180
6572 6359 180
6572 6359 180
6572 6359 180
6572 6359 180
6572 6359 180
6572 6359 180
6572 6359 180
6572 6359 180
6572 6359 180
6572 6359 180
6572 6359 180
7705 6525 180
7705 6525 180
7705 6525 180
7705 6525 180
7705 6525 180
7705 6525 180
7705 6525 180
7705 6525 180
7705 6525 180
7705 6525 180
7705 6525 180
7705 6525 180
7683 7737 181
7683 7737 181
7683 7737 181
7683 7737 181
7683 7737 181
7683 7737 181
7683 7737 181
7683 7737 181
7683 7737 181
7683 7737 181
7683 7737 181
7683 7737 181
7683 7737 181
8444 8464 182
8444 8464 182
8444 8464 182
8444 8464 182
8444 8464 182
8444 8464 182
8444 8464 182
8444 8464 182
8444 8464 182
8444 8464 182
8444 8464 182
8444 8464 182
8444 8464 182
5390 8475 183
5390 8475 183
5390 8475 183
5390 8475 183
5390 8475 183
5390 8475 183
5390 8475 183
5390 8475 183
5390 8475 183
5390 8475 183
5390 8475 183
5390 8475 183
5390 8475 183
7744 7803 185
7744 7803 185
7744 7803 185
7744 7803 185
7744 7803 185
7744 7803 185
7744 7803 185
7744 7803 185
7744 7803 185
7744 7803 185
7744 7803 185
7744 7803 185
8459 6039 186
8459 6039 186
8459 6039 186
8459 6039 186
8459 6039 186
8459 6039 186
8459 6039 186
8459 6039 186
8459 6039 186
8459 6039 186
8459 6039 186
8459 6039 186
6409 6605 191
6409 6605 191
6409 6605 191
6409 6605 191
6409 6605 191
6409 6605 191
6409 6605 191
6409 6605 191
6409 6605 191
6409 6605 191
6409 6605 191
6409 6605 191
6409 6605 191
6560 8452 191
6560 8452 191
6560 8452 191
6560 8452 191
6560 8452 191
6560 8452 191
6560 8452 191
6560 8452 191
6560 8452 191
6560 8452 191
6560 8452 191
6560 8452 191
6560 8452 191
6500 6457 192
6500 6457 192
6500 6457 192
6500 6457 192
6500 6457 192
6500 6457 192
6500 6457 192
6500 6457 192
6500 6457 192
6500 6457 192
6500 6457 192
6500 6457 192
6500 6457 192
6359 6448 192
6359 6448 192
6359 6448 192
6359 6448 192
6359 6448 192
6359 6448 192
6359 6448 192
6359 6448 192
6359 6448 192
6359 6448 192
6359 6448 192
6359 6448 192
6561 5354 194
6561 5354 194
6561 5354 194
6561 5354 194
6561 5354 194
6561 5354 194
6561 5354 194
6561 5354 194
6561 5354 194
6561 5354 194
6561 5354 194
6561 5354 194
6038 7777 200
6038 7777 200
6038 7777 200
6038 7777 200
6038 7777 200
6038 7777 200
6038 7777 200
6038 7777 200
6038 7777 200
6038 7777 200
6038 7777 200
6038 7777 200
6544 8437 202
6544 8437 202
6544 8437 202
6544 8437 202
6544 8437 202
6544 8437 202
6544 8437 202
6544 8437 202
6544 8437 202
6544 8437 202
6544 8437 202
6544 8437 202
6544 8437 202
6517 7698 202
6517 7698 202
6517 7698 202
6517 7698 202
6517 7698 202
6517 7698 202
6517 7698 202
6517 7698 202
6517 7698 202
6517 7698 202
6517 7698 202
6517 7698 202
5251 6009 203
5251 6009 203
5251 6009 203
5251 6009 203
5251 6009 203
5251 6009 203
5251 6009 203
5251 6009 203
5251 6009 203
5251 6009 203
5251 6009 203
5251 6009 203
5251 6009 203
5358 6602 212
5358 6602 212
5358 6602 212
5358 6602 212
5358 6602 212
5358 6602 212
5358 6602 212
5358 6602 212
5358 6602 212
5358 6602 212
5358 6602 212
5358 6602 212
5290 5359 215
5290 5359 215
5290 5359 215
5290 5359 215
5290 5359 215
5290 5359 215
5290 5359 215
5290 5359 215
5290 5359 215
5290 5359 215
5290 5359 215
5290 5359 215
7934 7834 219
7934 7834 219
7934 7834 219
7934 7834 219
7934 7834 219
7934 7834 219
7934 7834 219
7934 7834 219
7934 7834 219
7934 7834 219
7934 7834 219
7934 7834 219
5523 5295 221
5523 5295 221
5523 5295 221
5523 5295 221
5523 5295 221
5523 5295 221
5523 5295 221
5523 5295 221
5523 5295 221
5523 5295 221
5523 5295 221
5523 5295 221
6612 5375 221
6612 5375 221
6612 5375 221
6612 5375 221
6612 5375 221
6612 5375 221
6612 5375 221
6612 5375 221
6612 5375 221
6612 5375 221
6612 5375 221
6612 5375 221
6544 7697 234
6544 7697 234
6544 7697 234
6544 7697 234
6544 7697 234
6544 7697 234
6544 7697 234
6544 7697 234
6544 7697 234
6544 7697 234
6544 7697 234
6544 7697 234
6048 6031 240
6048 6031 240
6048 6031 240
6048 6031 240
6048 6031 240
6048 6031 240
6048 6031 240
6048 6031 240
6048 6031 240
6048 6031 240
6048 6031 240
6048 6031 240
6048 6031 240
6544 7698 242
6544 7698 242
6544 7698 242
6544 7698 242
6544 7698 242
6544 7698 242
6544 7698 242
6544 7698 242
6544 7698 242
6544 7698 242
6544 7698 242
6544 7698 242
7711 6585 242
7711 6585 242
7711 6585 242
7711 6585 242
7711 6585 242
7711 6585 242
7711 6585 242
7711 6585 242
7711 6585 242
7711 6585 242
7711 6585 242
7711 6585 242
7711 6585 242
7758 8466 242
7758 8466 242
7758 8466 242
7758 8466 242
7758 8466 242
7758 8466 242
7758 8466 242
7758 8466 242
7758 8466 242
7758 8466 242
7758 8466 242
7758 8466 242
7724 6577 242
7724 6577 242
7724 6577 242
7724 6577 242
7724 6577 242
7724 6577 242
7724 6577 242
7724 6577 242
7724 6577 242
7724 6577 242
7724 6577 242
7724 6577 242
7719 7700 243
7719 7700 243
7719 7700 243
7719 7700 243
7719 7700 243
7719 7700 243
7719 7700 243
7719 7700 243
7719 7700 243
7719 7700 243
7719 7700 243
7719 7700 243
7782 7766 244
7782 7766 244
7782 7766 244
7782 7766 244
7782 7766 244
7782 7766 244
7782 7766 244
7782 7766 244
7782 7766 244
7782 7766 244
7782 7766 244
7782 7766 244
7782 7766 244
7780 7970 244
7780 7970 244
7780 7970 244
7780 7970 244
7780 7970 244
7780 7970 244
7780 7970 244
7780 7970 244
7780 7970 244
7780 7970 244
7780 7970 244
7780 7970 244
7780 7970 244
9635 6591 244
9635 6591 244
9635 6591 244
9635 6591 244
9635 6591 244
9635 6591 244
9635 6591 244
9635 6591 244
9635 6591 244
9635 6591 244
9635 6591 244
9635 6591 244
9635 6591 244
6546 8451 245
6546 8451 245
6546 8451 245
6546 8451 245
6546 8451 245
6546 8451 245
6546 8451 245
6546 8451 245
6546 8451 245
6546 8451 245
6546 8451 245
6546 8451 245
6546 8451 245
6544 6594 245
6544 6594 245
6544 6594 245
6544 6594 245
6544 6594 245
6544 6594 245
6544 6594 245
6544 6594 245
6544 6594 245
6544 6594 245
6544 6594 245
6544 6594 245
6544 6594 245
5280 5552 246
5280 5552 246
5280 5552 246
5280 5552 246
5280 5552 246
5280 5552 246
5280 5552 246
5280 5552 246
5280 5552 246
5280 5552 246
5280 5552 246
5280 5552 246
5280 5552 246
6544 7715 246
6544 7715 246
6544 7715 246
6544 7715 246
6544 7715 246
6544 7715 246
6544 7715 246
6544 7715 246
6544 7715 246
6544 7715 246
6544 7715 246
6544 7715 246
6544 7715 246
6054 5354 247
6054 5354 247
6054 5354 247
6054 5354 247
6054 5354 247
6054 5354 247
6054 5354 247
6054 5354 247
6054 5354 247
6054 5354 247
6054 5354 247
6054 5354 247
6532 7677 248
6532 7677 248
6532 7677 248
6532 7677 248
6532 7677 248
6532 7677 248
6532 7677 248
6532 7677 248
6532 7677 248
6532 7677 248
6532 7677 248
6532 7677 248
7819 7693 250
7819 7693 250
7819 7693 250
7819 7693 250
7819 7693 250
7819 7693 250
7819 7693 250
7819 7693 250
7819 7693 250
7819 7693 250
7819 7693 250
7819 7693 250
7819 7693 250
7837 7746 250
7837 7746 250
7837 7746 250
7837 7746 250
7837 7746 250
7837 7746 250
7837 7746 250
7837 7746 250
7837 7746 250
7837 7746 250
7837 7746 250
7837 7746 250
5259 8461 251
5259 8461 251
5259 8461 251
5259 8461 251
5259 8461 251
5259 8461 251
5259 8461 251
5259 8461 251
5259 8461 251
5259 8461 251
5259 8461 251
5259 8461 251
5259 8461 251
5361 8453 251
5361 8453 251
5361 8453 251
5361 8453 251
5361 8453 251
5361 8453 251
5361 8453 251
5361 8453 251
5361 8453 251
5361 8453 251
5361 8453 251
5361 8453 251
5361 8453 251
6041 5390 251
6041 5390 251
6041 5390 251
6041 5390 251
6041 5390 251
6041 5390 251
6041 5390 251
6041 5390 251
6041 5390 251
6041 5390 251
6041 5390 251
6041 5390 251
5532 5269 252
5532 5269 252
5532 5269 252
5532 5269 252
5532 5269 252
5532 5269 252
5532 5269 252
5532 5269 252
5532 5269 252
5532 5269 252
5532 5269 252
5532 5269 252
5532 5269 252
6531 6602 252
6531 6602 252
6531 6602 252
6531 6602 252
6531 6602 252
6531 6602 252
6531 6602 252
6531 6602 252
6531 6602 252
6531 6602 252
6531 6602 252
6531 6602 252
6531 6602 252
8436 5279 252
8436 5279 252
8436 5279 252
8436 5279 252
8436 5279 252
8436 5279 252
8436 5279 252
8436 5279 252
8436 5279 252
8436 5279 252
8436 5279 252
8436 5279 252
7785 5922 253
7785 5922 253
7785 5922 253
7785 5922 253
7785 5922 253
7785 5922 253
7785 5922 253
7785 5922 253
7785 5922 253
7785 5922 253
7785 5922 253
7785 5922 253
7785 5922 253
7736 7833 253
7736 7833 253
7736 7833 253
7736 7833 253
7736 7833 253
7736 7833 253
7736 7833 253
7736 7833 253
7736 7833 253
7736 7833 253
7736 7833 253
7736 7833 253
7736 7833 253
7944 7749 254
7944 7749 254
7944 7749 254
7944 7749 254
7944 7749 254
7944 7749 254
7944 7749 254
7944 7749 254
7944 7749 254
7944 7749 254
7944 7749 254
7944 7749 254
7944 7749 254
5366 8454 254
5366 8454 254
5366 8454 254
5366 8454 254
5366 8454 254
5366 8454 254
5366 8454 254
5366 8454 254
5366 8454 254
5366 8454 254
5366 8454 254
5366 8454 254
5366 8454 254
5279 8441 255
5279 8441 255
5279 8441 255
5279 8441 255
5279 8441 255
5279 8441 255
5279 8441 255
5279 8441 255
5279 8441 255
5279 8441 255
5279 8441 255
5279 8441 255
7711 6582 256
7711 6582 256
7711 6582 256
7711 6582 256
7711 6582 256
7711 6582 256
7711 6582 256
7711 6582 256
7711 6582 256
7711 6582 256
7711 6582 256
7711 6582 256
7711 6582 256
8682 6524 256
8682 6524 256
8682 6524 256
8682 6524 256
8682 6524 256
8682 6524 256
8682 6524 256
8682 6524 256
8682 6524 256
8682 6524 256
8682 6524 256
8682 6524 256
6034 8452 256
6034 8452 256
6034 8452 256
6034 8452 256
6034 8452 256
6034 8452 256
6034 8452 256
6034 8452 256
6034 8452 256
6034 8452 256
6034 8452 256
6034 8452 256
7846 7826 257
7846 7826 257
7846 7826 257
7846 7826 257
7846 7826 257
7846 7826 257
7846 7826 257
7846 7826 257
7846 7826 257
7846 7826 257
7846 7826 257
7846 7826 257
7846 7826 257
5356 8445 259
5356 8445 259
5356 8445 259
5356 8445 259
5356 8445 259
5356 8445 259
5356 8445 259
5356 8445 259
5356 8445 259
5356 8445 259
5356 8445 259
5356 8445 259
5255 5448 260
5255 5448 260
5255 5448 260
5255 5448 260
5255 5448 260
5255 5448 260
5255 5448 260
5255 5448 260
5255 5448 260
5255 5448 260
5255 5448 260
5255 5448 260
5255 5448 260
8431 8452 260
8431 8452 260
8431 8452 260
8431 8452 260
8431 8452 260
8431 8452 260
8431 8452 260
8431 8452 260
8431 8452 260
8431 8452 260
8431 8452 260
8431 8452 260
5394 7718 261
5394 7718 261
5394 7718 261
5394 7718 261
5394 7718 261
5394 7718 261
5394 7718 261
5394 7718 261
5394 7718 261
5394 7718 261
5394 7718 261
5394 7718 261
5394 7718 261
5360 6017 261
5360 6017 261
5360 6017 261
5360 6017 261
5360 6017 261
5360 6017 261
5360 6017 261
5360 6017 261
5360 6017 261
5360 6017 261
5360 6017 261
5360 6017 261
6543 8452 261
6543 8452 261
6543 8452 261
6543 8452 261
6543 8452 261
6543 8452 261
6543 8452 261
6543 8452 261
6543 8452 261
6543 8452 261
6543 8452 261
6543 8452 261
6543 8452 261
7934 7881 261
7934 7881 261
7934 7881 261
7934 7881 261
7934 7881 261
7934 7881 261
7934 7881 261
7934 7881 261
7934 7881 261
7934 7881 261
7934 7881 261
7934 7881 261
7934 7881 261
7829 6440 261
7829 6440 261
7829 6440 261
7829 6440 261
7829 6440 261
7829 6440 261
7829 6440 261
7829 6440 261
7829 6440 261
7829 6440 261
7829 6440 261
7829 6440 261
7951 6600 261
7951 6600 261
7951 6600 261
7951 6600 261
7951 6600 261
7951 6600 261
7951 6600 261
7951 6600 261
7951 6600 261
7951 6600 261
7951 6600 261
7951 6600 261
7951 6600 261
6521 6432 262
6521 6432 262
6521 6432 262
6521 6432 262
6521 6432 262
6521 6432 262
6521 6432 262
6521 6432 262
6521 6432 262
6521 6432 262
6521 6432 262
6521 6432 262
5362 5445 262
5362 5445 262
5362 5445 262
5362 5445 262
5362 5445 262
5362 5445 262
5362 5445 262
5362 5445 262
5362 5445 262
5362 5445 262
5362 5445 262
5362 5445 262
7923 7732 262
7923 7732 262
7923 7732 262
7923 7732 262
7923 7732 262
7923 7732 262
7923 7732 262
7923 7732 262
7923 7732 262
7923 7732 262
7923 7732 262
7923 7732 262
7923 7732 262
5259 5310 262
5259 5310 262
5259 5310 262
5259 5310 262
5259 5310 262
5259 5310 262
5259 5310 262
5259 5310 262
5259 5310 262
5259 5310 262
5259 5310 262
5259 5310 262
6509 7675 263
6509 7675 263
6509 7675 263
6509 7675 263
6509 7675 263
6509 7675 263
6509 7675 263
6509 7675 263
6509 7675 263
6509 7675 263
6509 7675 263
6509 7675 263
6509 7675 263
8459 5387 264
8459 5387 264
8459 5387 264
8459 5387 264
8459 5387 264
8459 5387 264
8459 5387 264
8459 5387 264
8459 5387 264
8459 5387 264
8459 5387 264
8459 5387 264
7787 8470 264
7787 8470 264
7787 8470 264
7787 8470 264
7787 8470 264
7787 8470 264
7787 8470 264
7787 8470 264
7787 8470 264
7787 8470 264
7787 8470 264
7787 8470 264
7787 8470 264
5354 8769 264
5354 8769 264
5354 8769 264
5354 8769 264
5354 8769 264
5354 8769 264
5354 8769 264
5354 8769 264
5354 8769 264
5354 8769 264
5354 8769 264
5354 8769 264
5354 8769 264
7965 7724 265
7965 7724 265
7965 7724 265
7965 7724 265
7965 7724 265
7965 7724 265
7965 7724 265
7965 7724 265
7965 7724 265
7965 7724 265
7965 7724 265
7965 7724 265
7965 7724 265
5358 6592 265
5358 6592 265
5358 6592 265
5358 6592 265
5358 6592 265
5358 6592 265
5358 6592 265
5358 6592 265
5358 6592 265
5358 6592 265
5358 6592 265
5358 6592 265
5421 8463 266
5421 8463 266
5421 8463 266
5421 8463 266
5421 8463 266
5421 8463 266
5421 8463 266
5421 8463 266
5421 8463 266
5421 8463 266
5421 8463 266
5421 8463 266
5421 8463 266
6597 7769 267
6597 7769 267
6597 7769 267
6597 7769 267
6597 7769 267
6597 7769 267
6597 7769 267
6597 7769 267
6597 7769 267
6597 7769 267
6597 7769 267
6597 7769 267
6597 7769 267
6543 5360 268
6543 5360 268
6543 5360 268
6543 5360 268
6543 5360 268
6543 5360 268
6543 5360 268
6543 5360 268
6543 5360 268
6543 5360 268
6543 5360 268
6543 5360 268
7745 6569 268
7745 6569 268
7745 6569 268
7745 6569 268
7745 6569 268
7745 6569 268
7745 6569 268
7745 6569 268
7745 6569 268
7745 6569 268
7745 6569 268
7745 6569 268
5279 9145 269
5279 9145 269
5279 9145 269
5279 9145 269
5279 9145 269
5279 9145 269
5279 9145 269
5279 9145 269
5279 9145 269
5279 9145 269
5279 9145 269
5279 9145 269
5279 9145 269
5990 7753 271
5990 7753 271
5990 7753 271
5990 7753 271
5990 7753 271
5990 7753 271
5990 7753 271
5990 7753 271
5990 7753 271
5990 7753 271
5990 7753 271
5990 7753 271
8761 5308 271
8761 5308 271
8761 5308 271
8761 5308 271
8761 5308 271
8761 5308 271
8761 5308 271
8761 5308 271
8761 5308 271
8761 5308 271
8761 5308 271
8761 5308 271
8761 5308 271
5355 6606 272
5355 6606 272
5355 6606 272
5355 6606 272
5355 6606 272
5355 6606 272
5355 6606 272
5355 6606 272
5355 6606 272
5355 6606 272
5355 6606 272
5355 6606 272
7681 6583 272
7681 6583 272
7681 6583 272
7681 6583 272
7681 6583 272
7681 6583 272
7681 6583 272
7681 6583 272
7681 6583 272
7681 6583 272
7681 6583 272
7681 6583 272
7681 6583 272
6048 6019 272
6048 6019 272
6048 6019 272
6048 6019 272
6048 6019 272
6048 6019 272
6048 6019 272
6048 6019 272
6048 6019 272
6048 6019 272
6048 6019 272
6048 6019 272
6048 6019 272
5549 5400 273
5549 5400 273
5549 5400 273
5549 5400 273
5549 5400 273
5549 5400 273
5549 5400 273
5549 5400 273
5549 5400 273
5549 5400 273
5549 5400 273
5549 5400 273
5549 5400 273
7825 7757 274
7825 7757 274
7825 7757 274
7825 7757 274
7825 7757 274
7825 7757 274
7825 7757 274
7825 7757 274
7825 7757 274
7825 7757 274
7825 7757 274
7825 7757 274
8449 5376 275
8449 5376 275
8449 5376 275
8449 5376 275
8449 5376 275
8449 5376 275
8449 5376 275
8449 5376 275
8449 5376 275
8449 5376 275
8449 5376 275
8449 5376 275
5401 6053 275
5401 6053 275
5401 6053 275
5401 6053 275
5401 6053 275
5401 6053 275
5401 6053 275
5401 6053 275
5401 6053 275
5401 6053 275
5401 6053 275
5401 6053 275
6460 7684 275
6460 7684 275
6460 7684 275
6460 7684 275
6460 7684 275
6460 7684 275
6460 7684 275
6460 7684 275
6460 7684 275
6460 7684 275
6460 7684 275
6460 7684 275
6460 7684 275
5388 6609 275
5388 6609 275
5388 6609 275
5388 6609 275
5388 6609 275
5388 6609 275
5388 6609 275
5388 6609 275
5388 6609 275
5388 6609 275
5388 6609 275
5388 6609 275
5388 6609 275
6448 6562 275
6448 6562 275
6448 6562 275
6448 6562 275
6448 6562 275
6448 6562 275
6448 6562 275
6448 6562 275
6448 6562 275
6448 6562 275
6448 6562 275
6448 6562 275
6448 6562 275
6371 6508 276
6371 6508 276
6371 6508 276
6371 6508 276
6371 6508 276
6371 6508 276
6371 6508 276
6371 6508 276
6371 6508 276
6371 6508 276
6371 6508 276
6371 6508 276
5279 8768 278
5279 8768 278
5279 8768 278
5279 8768 278
5279 8768 278
5279 8768 278
5279 8768 278
5279 8768 278
5279 8768 278
5279 8768 278
5279 8768 278
5279 8768 278
8461 6565 278
8461 6565 278
8461 6565 278
8461 6565 278
8461 6565 278
8461 6565 278
8461 6565 278
8461 6565 278
8461 6565 278
8461 6565 278
8461 6565 278
8461 6565 278
8461 6565 278
6461 7492 278
6461 7492 278
6461 7492 278
6461 7492 278
6461 7492 278
6461 7492 278
6461 7492 278
6461 7492 278
6461 7492 278
6461 7492 278
6461 7492 278
6461 7492 278
6461 7492 278
6523 7726 279
6523 7726 279
6523 7726 279
6523 7726 279
6523 7726 279
6523 7726 279
6523 7726 279
6523 7726 279
6523 7726 279
6523 7726 279
6523 7726 279
6523 7726 279
5264 8450 279
5264 8450 279
5264 8450 279
5264 8450 279
5264 8450 279
5264 8450 279
5264 8450 279
5264 8450 279
5264 8450 279
5264 8450 279
5264 8450 279
5264 8450 279
6080 7987 279
6080 7987 279
6080 7987 279
6080 7987 279
6080 7987 279
6080 7987 279
6080 7987 279
6080 7987 279
6080 7987 279
6080 7987 279
6080 7987 279
6080 7987 279
6080 7987 279
7751 8456 279
7751 8456 279
7751 8456 279
7751 8456 279
7751 8456 279
7751 8456 279
7751 8456 279
7751 8456 279
7751 8456 279
7751 8456 279
7751 8456 279
7751 8456 279
7751 8456 279
6508 7665 280
6508 7665 280
6508 7665 280
6508 7665 280
6508 7665 280
6508 7665 280
6508 7665 280
6508 7665 280
6508 7665 280
6508 7665 280
6508 7665 280
6508 7665 280
5359 7714 280
5359 7714 280
5359 7714 280
5359 7714 280
5359 7714 280
5359 7714 280
5359 7714 280
5359 7714 280
5359 7714 280
5359 7714 280
5359 7714 280
5359 7714 280
6538 7701 282
6538 7701 282
6538 7701 282
6538 7701 282
6538 7701 282
6538 7701 282
6538 7701 282
6538 7701 282
6538 7701 282
6538 7701 282
6538 7701 282
6538 7701 282
6538 7701 282
5358 9524 282
5358 9524 282
5358 9524 282
5358 9524 282
5358 9524 282
5358 9524 282
5358 9524 282
5358 9524 282
5358 9524 282
5358 9524 282
5358 9524 282
5358 9524 282
5358 9524 282
5368 6419 283
5368 6419 283
5368 6419 283
5368 6419 283
5368 6419 283
5368 6419 283
5368 6419 283
5368 6419 283
5368 6419 283
5368 6419 283
5368 6419 283
5368 6419 283
7807 5923 283
7807 5923 283
7807 5923 283
7807 5923 283
7807 5923 283
7807 5923 283
7807 5923 283
7807 5923 283
7807 5923 283
7807 5923 283
7807 5923 283
7807 5923 283
7807 5923 283
8432 5308 283
8432 5308 283
8432 5308 283
8432 5308 283
8432 5308 283
8432 5308 283
8432 5308 283
8432 5308 283
8432 5308 283
8432 5308 283
8432 5308 283
8432 5308 283
8432 5308 283
7783 5989 283
7783 5989 283
7783 5989 283
7783 5989 283
7783 5989 283
7783 5989 283
7783 5989 283
7783 5989 283
7783 5989 283
7783 5989 283
7783 5989 283
7783 5989 283
7783 5989 283
5374 8451 283
5374 8451 283
5374 8451 283
5374 8451 283
5374 8451 283
5374 8451 283
5374 8451 283
5374 8451 283
5374 8451 283
5374 8451 283
5374 8451 283
5374 8451 283
5374 8451 283
6460 6382 283
6460 6382 283
6460 6382 283
6460 6382 283
6460 6382 283
6460 6382 283
6460 6382 283
6460 6382 283
6460 6382 283
6460 6382 283
6460 6382 283
6460 6382 283
6460 6382 283
6045 5368 285
6045 5368 285
6045 5368 285
6045 5368 285
6045 5368 285
6045 5368 285
6045 5368 285
6045 5368 285
6045 5368 285
6045 5368 285
6045 5368 285
6045 5368 285
6045 5368 285
7776 7820 285
7776 7820 285
7776 7820 285
7776 7820 285
7776 7820 285
7776 7820 285
7776 7820 285
7776 7820 285
7776 7820 285
7776 7820 285
7776 7820 285
7776 7820 285
6588 6411 286
6588 6411 286
6588 6411 286
6588 6411 286
6588 6411 286
6588 6411 286
6588 6411 286
6588 6411 286
6588 6411 286
6588 6411 286
6588 6411 286
6588 6411 286
6581 6555 286
6581 6555 286
6581 6555 286
6581 6555 286
6581 6555 286
6581 6555 286
6581 6555 286
6581 6555 286
6581 6555 286
6581 6555 286
6581 6555 286
6581 6555 286
6581 6555 286
5401 5443 286
5401 5443 286
5401 5443 286
5401 5443 286
5401 5443 286
5401 5443 286
5401 5443 286
5401 5443 286
5401 5443 286
5401 5443 286
5401 5443 286
5401 5443 286
5401 5443 286
5358 5405 287
5358 5405 287
5358 5405 287
5358 5405 287
5358 5405 287
5358 5405 287
5358 5405 287
5358 5405 287
5358 5405 287
5358 5405 287
5358 5405 287
5358 5405 287
5358 5405 287
6448 7731 287
6448 7731 287
6448 7731 287
6448 7731 287
6448 7731 287
6448 7731 287
6448 7731 287
6448 7731 287
6448 7731 287
6448 7731 287
6448 7731 287
6448 7731 287
8762 5275 288
8762 5275 288
8762 5275 288
8762 5275 288
8762 5275 288
8762 5275 288
8762 5275 288
8762 5275 288
8762 5275 288
8762 5275 288
8762 5275 288
8762 5275 288
8762 5275 288
5413 5359 288
5413 5359 288
5413 5359 288
5413 5359 288
5413 5359 288
5413 5359 288
5413 5359 288
5413 5359 288
5413 5359 288
5413 5359 288
5413 5359 288
5413 5359 288
5413 5359 288
9630 6560 288
9630 6560 288
9630 6560 288
9630 6560 288
9630 6560 288
9630 6560 288
9630 6560 288
9630 6560 288
9630 6560 288
9630 6560 288
9630 6560 288
9630 6560 288
9630 6560 288
7889 7761 288
7889 7761 288
7889 7761 288
7889 7761 288
7889 7761 288
7889 7761 288
7889 7761 288
7889 7761 288
7889 7761 288
7889 7761 288
7889 7761 288
7889 7761 288
6460 6583 289
6460 6583 289
6460 6583 289
6460 6583 289
6460 6583 289
6460 6583 289
6460 6583 289
6460 6583 289
6460 6583 289
6460 6583 289
6460 6583 289
6460 6583 289
5389 5275 289
5389 5275 289
5389 5275 289
5389 5275 289
5389 5275 289
5389 5275 289
5389 5275 289
5389 5275 289
5389 5275 289
5389 5275 289
5389 5275 289
5389 5275 289
5314 5263 290
5314 5263 290
5314 5263 290
5314 5263 290
5314 5263 290
5314 5263 290
5314 5263 290
5314 5263 290
5314 5263 290
5314 5263 290
5314 5263 290
5314 5263 290
5314 5263 290
6574 6565 290
6574 6565 290
6574 6565 290
6574 6565 290
6574 6565 290
6574 6565 290
6574 6565 290
6574 6565 290
6574 6565 290
6574 6565 290
6574 6565 290
6574 6565 290
7691 6559 290
7691 6559 290
7691 6559 290
7691 6559 290
7691 6559 290
7691 6559 290
7691 6559 290
7691 6559 290
7691 6559 290
7691 6559 290
7691 6559 290
7691 6559 290
7753 6521 291
7753 6521 291
7753 6521 291
7753 6521 291
7753 6521 291
7753 6521 291
7753 6521 291
7753 6521 291
7753 6521 291
7753 6521 291
7753 6521 291
7753 6521 291
6606 6581 291
6606 6581 291
6606 6581 291
6606 6581 291
6606 6581 291
6606 6581 291
6606 6581 291
6606 6581 291
6606 6581 291
6606 6581 291
6606 6581 291
6606 6581 291
6606 6581 291
7687 6587 291
7687 6587 291
7687 6587 291
7687 6587 291
7687 6587 291
7687 6587 291
7687 6587 291
7687 6587 291
7687 6587 291
7687 6587 291
7687 6587 291
7687 6587 291
5382 6059 292
5382 6059 292
5382 6059 292
5382 6059 292
5382 6059 292
5382 6059 292
5382 6059 292
5382 6059 292
5382 6059 292
5382 6059 292
5382 6059 292
5382 6059 292
9147 5261 292
9147 5261 292
9147 5261 292
9147 5261 292
9147 5261 292
9147 5261 292
9147 5261 292
9147 5261 292
9147 5261 292
9147 5261 292
9147 5261 292
9147 5261 292
6588 7718 292
6588 7718 292
6588 7718 292
6588 7718 292
6588 7718 292
6588 7718 292
6588 7718 292
6588 7718 292
6588 7718 292
6588 7718 292
6588 7718 292
6588 7718 292
6588 7718 292
7927 8472 293
7927 8472 293
7927 8472 293
7927 8472 293
7927 8472 293
7927 8472 293
7927 8472 293
7927 8472 293
7927 8472 293
7927 8472 293
7927 8472 293
7927 8472 293
7927 8472 293
6570 6593 293
6570 6593 293
6570 6593 293
6570 6593 293
6570 6593 293
6570 6593 293
6570 6593 293
6570 6593 293
6570 6593 293
6570 6593 293
6570 6593 293
6570 6593 293
6037 7703 293
6037 7703 293
6037 7703 293
6037 7703 293
6037 7703 293
6037 7703 293
6037 7703 293
6037 7703 293
6037 7703 293
6037 7703 293
6037 7703 293
6037 7703 293
6590 7777 294
6590 7777 294
6590 7777 294
6590 7777 294
6590 7777 294
6590 7777 294
6590 7777 294
6590 7777 294
6590 7777 294
6590 7777 294
6590 7777 294
6590 7777 294
6512 7719 296
6512 7719 296
6512 7719 296
6512 7719 296
6512 7719 296
6512 7719 296
6512 7719 296
6512 7719 296
6512 7719 296
6512 7719 296
6512 7719 296
6512 7719 296
7929 7965 296
7929 7965 296
7929 7965 296
7929 7965 296
7929 7965 296
7929 7965 296
7929 7965 296
7929 7965 296
7929 7965 296
7929 7965 296
7929 7965 296
7929 7965 296
7929 7965 296
6593 6607 296
6593 6607 296
6593 6607 296
6593 6607 296
6593 6607 296
6593 6607 296
6593 6607 296
6593 6607 296
6593 6607 296
6593 6607 296
6593 6607 296
6593 6607 296
7726 6589 297
7726 6589 297
7726 6589 297
7726 6589 297
7726 6589 297
7726 6589 297
7726 6589 297
7726 6589 297
7726 6589 297
7726 6589 297
7726 6589 297
7726 6589 297
7925 7716 297
7925 7716 297
7925 7716 297
7925 7716 297
7925 7716 297
7925 7716 297
7925 7716 297
7925 7716 297
7925 7716 297
7925 7716 297
7925 7716 297
7925 7716 297
7700 8449 297
7700 8449 297
7700 8449 297
7700 8449 297
7700 8449 297
7700 8449 297
7700 8449 297
7700 8449 297
7700 8449 297
7700 8449 297
7700 8449 297
7700 8449 297
7700 8449 297
6431 6578 297
6431 6578 297
6431 6578 297
6431 6578 297
6431 6578 297
6431 6578 297
6431 6578 297
6431 6578 297
6431 6578 297
6431 6578 297
6431 6578 297
6431 6578 297
5925 7680 297
5925 7680 297
5925 7680 297
5925 7680 297
5925 7680 297
5925 7680 297
5925 7680 297
5925 7680 297
5925 7680 297
5925 7680 297
5925 7680 297
5925 7680 297
5925 7680 297
5363 6548 298
5363 6548 298
5363 6548 298
5363 6548 298
5363 6548 298
5363 6548 298
5363 6548 298
5363 6548 298
5363 6548 298
5363 6548 298
5363 6548 298
5363 6548 298
5259 8454 298
5259 8454 298
5259 8454 298
5259 8454 298
5259 8454 298
5259 8454 298
5259 8454 298
5259 8454 298
5259 8454 298
5259 8454 298
5259 8454 298
5259 8454 298
5259 8454 298
7719 5387 298
7719 5387 298
7719 5387 298
7719 5387 298
7719 5387 298
7719 5387 298
7719 5387 298
7719 5387 298
7719 5387 298
7719 5387 298
7719 5387 298
7719 5387 298
7719 5387 298
6044 5413 299
6044 5413 299
6044 5413 299
6044 5413 299
6044 5413 299
6044 5413 299
6044 5413 299
6044 5413 299
6044 5413 299
6044 5413 299
6044 5413 299
6044 5413 299
9160 5274 299
9160 5274 299
9160 5274 299
9160 5274 299
9160 5274 299
9160 5274 299
9160 5274 299
9160 5274 299
9160 5274 299
9160 5274 299
9160 5274 299
9160 5274 299
9160 5274 299
6596 8437 300
6596 8437 300
6596 8437 300
6596 8437 300
6596 8437 300
6596 8437 300
6596 8437 300
6596 8437 300
6596 8437 300
6596 8437 300
6596 8437 300
6596 8437 300
8671 6364 301
8671 6364 301
8671 6364 301
8671 6364 301
8671 6364 301
8671 6364 301
8671 6364 301
8671 6364 301
8671 6364 301
8671 6364 301
8671 6364 301
8671 6364 301
8671 6364 301
8458 6548 302
8458 6548 302
8458 6548 302
8458 6548 302
8458 6548 302
8458 6548 302
8458 6548 302
8458 6548 302
8458 6548 302
8458 6548 302
8458 6548 302
8458 6548 302
7937 7693 302
7937 7693 302
7937 7693 302
7937 7693 302
7937 7693 302
7937 7693 302
7937 7693 302
7937 7693 302
7937 7693 302
7937 7693 302
7937 7693 302
7937 7693 302
7937 7693 302
7759 5418 303
7759 5418 303
7759 5418 303
7759 5418 303
7759 5418 303
7759 5418 303
7759 5418 303
7759 5418 303
7759 5418 303
7759 5418 303
7759 5418 303
7759 5418 303
7731 6608 303
7731 6608 303
7731 6608 303
7731 6608 303
7731 6608 303
7731 6608 303
7731 6608 303
7731 6608 303
7731 6608 303
7731 6608 303
7731 6608 303
7731 6608 303
7731 6608 303
6531 5359 304
6531 5359 304
6531 5359 304
6531 5359 304
6531 5359 304
6531 5359 304
6531 5359 304
6531 5359 304
6531 5359 304
6531 5359 304
6531 5359 304
6531 5359 304
5386 5358 304
5386 5358 304
5386 5358 304
5386 5358 304
5386 5358 304
5386 5358 304
5386 5358 304
5386 5358 304
5386 5358 304
5386 5358 304
5386 5358 304
5386 5358 304
7677 7916 305
7677 7916 305
7677 7916 305
7677 7916 305
7677 7916 305
7677 7916 305
7677 7916 305
7677 7916 305
7677 7916 305
7677 7916 305
7677 7916 305
7677 7916 305
7719 7634 305
7719 7634 305
7719 7634 305
7719 7634 305
7719 7634 305
7719 7634 305
7719 7634 305
7719 7634 305
7719 7634 305
7719 7634 305
7719 7634 305
7719 7634 305
7746 6441 305
7746 6441 305
7746 6441 305
7746 6441 305
7746 6441 305
7746 6441 305
7746 6441 305
7746 6441 305
7746 6441 305
7746 6441 305
7746 6441 305
7746 6441 305
7746 6441 305
6538 5387 306
6538 5387 306
6538 5387 306
6538 5387 306
6538 5387 306
6538 5387 306
6538 5387 306
6538 5387 306
6538 5387 306
6538 5387 306
6538 5387 306
6538 5387 306
6597 5358 306
6597 5358 306
6597 5358 306
6597 5358 306
6597 5358 306
6597 5358 306
6597 5358 306
6597 5358 306
6597 5358 306
6597 5358 306
6597 5358 306
6597 5358 306
7762 6042 306
7762 6042 306
7762 6042 306
7762 6042 306
7762 6042 306
7762 6042 306
7762 6042 306
7762 6042 306
7762 6042 306
7762 6042 306
7762 6042 306
7762 6042 306
7762 6042 306
6461 7666 306
6461 7666 306
6461 7666 306
6461 7666 306
6461 7666 306
6461 7666 306
6461 7666 306
6461 7666 306
6461 7666 306
6461 7666 306
6461 7666 306
6461 7666 306
5385 5259 308
5385 5259 308
5385 5259 308
5385 5259 308
5385 5259 308
5385 5259 308
5385 5259 308
5385 5259 308
5385 5259 308
5385 5259 308
5385 5259 308
5385 5259 308
5991 5424 308
5991 5424 308
5991 5424 308
5991 5424 308
5991 5424 308
5991 5424 308
5991 5424 308
5991 5424 308
5991 5424 308
5991 5424 308
5991 5424 308
5991 5424 308
5991 5424 308
5996 8437 310
5996 8437 310
5996 8437 310
5996 8437 310
5996 8437 310
5996 8437 310
5996 8437 310
5996 8437 310
5996 8437 310
5996 8437 310
5996 8437 310
5996 8437 310
5996 8437 310
6465 6450 310
6465 6450 310
6465 6450 310
6465 6450 310
6465 6450 310
6465 6450 310
6465 6450 310
6465 6450 310
6465 6450 310
6465 6450 310
6465 6450 310
6465 6450 310
6465 6450 310
6378 8437 310
6378 8437 310
6378 8437 310
6378 8437 310
6378 8437 310
6378 8437 310
6378 8437 310
6378 8437 310
6378 8437 310
6378 8437 310
6378 8437 310
6378 8437 310
8443 7692 310
8443 7692 310
8443 7692 310
8443 7692 310
8443 7692 310
8443 7692 310
8443 7692 310
8443 7692 310
8443 7692 310
8443 7692 310
8443 7692 310
8443 7692 310
8767 5262 310
8767 5262 310
8767 5262 310
8767 5262 310
8767 5262 310
8767 5262 310
8767 5262 310
8767 5262 310
8767 5262 310
8767 5262 310
8767 5262 310
8767 5262 310
5254 5406 311
5254 5406 311
5254 5406 311
5254 5406 311
5254 5406 311
5254 5406 311
5254 5406 311
5254 5406 311
5254 5406 311
5254 5406 311
5254 5406 311
5254 5406 311
5254 5406 311
5438 5282 311
5438 5282 311
5438 5282 311
5438 5282 311
5438 5282 311
5438 5282 311
5438 5282 311
5438 5282 311
5438 5282 311
5438 5282 311
5438 5282 311
5438 5282 311
7775 7922 312
7775 7922 312
7775 7922 312
7775 7922 312
7775 7922 312
7775 7922 312
7775 7922 312
7775 7922 312
7775 7922 312
7775 7922 312
7775 7922 312
7775 7922 312
7775 7922 312
7943 7634 312
7943 7634 312
7943 7634 312
7943 7634 312
7943 7634 312
7943 7634 312
7943 7634 312
7943 7634 312
7943 7634 312
7943 7634 312
7943 7634 312
7943 7634 312
6366 7688 312
6366 7688 312
6366 7688 312
6366 7688 312
6366 7688 312
6366 7688 312
6366 7688 312
6366 7688 312
6366 7688 312
6366 7688 312
6366 7688 312
6366 7688 312
6366 7688 312
7840 7927 313
7840 7927 313
7840 7927 313
7840 7927 313
7840 7927 313
7840 7927 313
7840 7927 313
7840 7927 313
7840 7927 313
7840 7927 313
7840 7927 313
7840 7927 313
6494 9615 313
6494 9615 313
6494 9615 313
6494 9615 313
6494 9615 313
6494 9615 313
6494 9615 313
6494 9615 313
6494 9615 313
6494 9615 313
6494 9615 313
6494 9615 313
5399 5387 314
5399 5387 314
5399 5387 314
5399 5387 314
5399 5387 314
5399 5387 314
5399 5387 314
5399 5387 314
5399 5387 314
5399 5387 314
5399 5387 314
5399 5387 314
6601 8450 315
6601 8450 315
6601 8450 315
6601 8450 315
6601 8450 315
6601 8450 315
6601 8450 315
6601 8450 315
6601 8450 315
6601 8450 315
6601 8450 315
6601 8450 315
5251 8452 315
5251 8452 315
5251 8452 315
5251 8452 315
5251 8452 315
5251 8452 315
5251 8452 315
5251 8452 315
5251 8452 315
5251 8452 315
5251 8452 315
5251 8452 315
5251 8452 315
7729 7835 316
7729 7835 316
7729 7835 316
7729 7835 316
7729 7835 316
7729 7835 316
7729 7835 316
7729 7835 316
7729 7835 316
7729 7835 316
7729 7835 316
7729 7835 316
7755 7973 317
7755 7973 317
7755 7973 317
7755 7973 317
7755 7973 317
7755 7973 317
7755 7973 317
7755 7973 317
7755 7973 317
7755 7973 317
7755 7973 317
7755 7973 317
7755 7973 317
7917 7889 318
7917 7889 318
7917 7889 318
7917 7889 318
7917 7889 318
7917 7889 318
7917 7889 318
7917 7889 318
7917 7889 318
7917 7889 318
7917 7889 318
7917 7889 318
7917 7889 318
6573 6409 319
6573 6409 319
6573 6409 319
6573 6409 319
6573 6409 319
6573 6409 319
6573 6409 319
6573 6409 319
6573 6409 319
6573 6409 319
6573 6409 319
6573 6409 319
6582 6555 319
6582 6555 319
6582 6555 319
6582 6555 319
6582 6555 319
6582 6555 319
6582 6555 319
6582 6555 319
6582 6555 319
6582 6555 319
6582 6555 319
6582 6555 319
6582 6555 319
6525 6598 320
6525 6598 320
6525 6598 320
6525 6598 320
6525 6598 320
6525 6598 320
6525 6598 320
6525 6598 320
6525 6598 320
6525 6598 320
6525 6598 320
6525 6598 320
6525 6598 320
5252 6012 322
5252 6012 322
5252 6012 322
5252 6012 322
5252 6012 322
5252 6012 322
5252 6012 322
5252 6012 322
5252 6012 322
5252 6012 322
5252 6012 322
5252 6012 322
6006 8468 323
6006 8468 323
6006 8468 323
6006 8468 323
6006 8468 323
6006 8468 323
6006 8468 323
6006 8468 323
6006 8468 323
6006 8468 323
6006 8468 323
6006 8468 323
6602 7688 325
6602 7688 325
6602 7688 325
6602 7688 325
6602 7688 325
6602 7688 325
6602 7688 325
6602 7688 325
6602 7688 325
6602 7688 325
6602 7688 325
6602 7688 325
6602 7688 325
8682 8436 326
8682 8436 326
8682 8436 326
8682 8436 326
8682 8436 326
8682 8436 326
8682 8436 326
8682 8436 326
8682 8436 326
8682 8436 326
8682 8436 326
8682 8436 326
6587 8436 326
6587 8436 326
6587 8436 326
6587 8436 326
6587 8436 326
6587 8436 326
6587 8436 326
6587 8436 326
6587 8436 326
6587 8436 326
6587 8436 326
6587 8436 326
8462 6547 326
8462 6547 326
8462 6547 326
8462 6547 326
8462 6547 326
8462 6547 326
8462 6547 326
8462 6547 326
8462 6547 326
8462 6547 326
8462 6547 326
8462 6547 326
8462 6547 326
6521 6564 327
6521 6564 327
6521 6564 327
6521 6564 327
6521 6564 327
6521 6564 327
6521 6564 327
6521 6564 327
6521 6564 327
6521 6564 327
6521 6564 327
6521 6564 327
5354 5261 327
5354 5261 327
5354 5261 327
5354 5261 327
5354 5261 327
5354 5261 327
5354 5261 327
5354 5261 327
5354 5261 327
5354 5261 327
5354 5261 327
5354 5261 327
7765 6521 327
7765 6521 327
7765 6521 327
7765 6521 327
7765 6521 327
7765 6521 327
7765 6521 327
7765 6521 327
7765 6521 327
7765 6521 327
7765 6521 327
7765 6521 327
7765 6521 327
5924 6588 328
5924 6588 328
5924 6588 328
5924 6588 328
5924 6588 328
5924 6588 328
5924 6588 328
5924 6588 328
5924 6588 328
5924 6588 328
5924 6588 328
5924 6588 328
5924 6588 328
7925 7784 329
7925 7784 329
7925 7784 329
7925 7784 329
7925 7784 329
7925 7784 329
7925 7784 329
7925 7784 329
7925 7784 329
7925 7784 329
7925 7784 329
7925 7784 329
7770 6559 329
7770 6559 329
7770 6559 329
7770 6559 329
7770 6559 329
7770 6559 329
7770 6559 329
7770 6559 329
7770 6559 329
7770 6559 329
7770 6559 329
7770 6559 329
6544 5257 329
6544 5257 329
6544 5257 329
6544 5257 329
6544 5257 329
6544 5257 329
6544 5257 329
6544 5257 329
6544 5257 329
6544 5257 329
6544 5257 329
6544 5257 329
6544 5257 329
6351 6428 329
6351 6428 329
6351 6428 329
6351 6428 329
6351 6428 329
6351 6428 329
6351 6428 329
6351 6428 329
6351 6428 329
6351 6428 329
6351 6428 329
6351 6428 329
6351 6428 329
6602 5420 329
6602 5420 329
6602 5420 329
6602 5420 329
6602 5420 329
6602 5420 329
6602 5420 329
6602 5420 329
6602 5420 329
6602 5420 329
6602 5420 329
6602 5420 329
7693 6567 331
7693 6567 331
7693 6567 331
7693 6567 331
7693 6567 331
7693 6567 331
7693 6567 331
7693 6567 331
7693 6567 331
7693 6567 331
7693 6567 331
7693 6567 331
5988 5279 331
5988 5279 331
5988 5279 331
5988 5279 331
5988 5279 331
5988 5279 331
5988 5279 331
5988 5279 331
5988 5279 331
5988 5279 331
5988 5279 331
5988 5279 331
5988 5279 331
5405 5275 331
5405 5275 331
5405 5275 331
5405 5275 331
5405 5275 331
5405 5275 331
5405 5275 331
5405 5275 331
5405 5275 331
5405 5275 331
5405 5275 331
5405 5275 331
5279 5309 332
5279 5309 332
5279 5309 332
5279 5309 332
5279 5309 332
5279 5309 332
5279 5309 332
5279 5309 332
5279 5309 332
5279 5309 332
5279 5309 332
5279 5309 332
6541 8672 332
6541 8672 332
6541 8672 332
6541 8672 332
6541 8672 332
6541 8672 332
6541 8672 332
6541 8672 332
6541 8672 332
6541 8672 332
6541 8672 332
6541 8672 332
6541 8672 332
5410 8457 333
5410 8457 333
5410 8457 333
5410 8457 333
5410 8457 333
5410 8457 333
5410 8457 333
5410 8457 333
5410 8457 333
5410 8457 333
5410 8457 333
5410 8457 333
5410 8457 333
6575 6544 333
6575 6544 333
6575 6544 333
6575 6544 333
6575 6544 333
6575 6544 333
6575 6544 333
6575 6544 333
6575 6544 333
6575 6544 333
6575 6544 333
6575 6544 333
7695 6610 334
7695 6610 334
7695 6610 334
7695 6610 334
7695 6610 334
7695 6610 334
7695 6610 334
7695 6610 334
7695 6610 334
7695 6610 334
7695 6610 334
7695 6610 334
5252 8448 334
5252 8448 334
5252 8448 334
5252 8448 334
5252 8448 334
5252 8448 334
5252 8448 334
5252 8448 334
5252 8448 334
5252 8448 334
5252 8448 334
5252 8448 334
5252 8448 334
5995 7779 334
5995 7779 334
5995 7779 334
5995 7779 334
5995 7779 334
5995 7779 334
5995 7779 334
5995 7779 334
5995 7779 334
5995 7779 334
5995 7779 334
5995 7779 334
6573 7723 334
6573 7723 334
6573 7723 334
6573 7723 334
6573 7723 334
6573 7723 334
6573 7723 334
6573 7723 334
6573 7723 334
6573 7723 334
6573 7723 334
6573 7723 334
8710 5260 335
8710 5260 335
8710 5260 335
8710 5260 335
8710 5260 335
8710 5260 335
8710 5260 335
8710 5260 335
8710 5260 335
8710 5260 335
8710 5260 335
8710 5260 335
5990 5390 335
5990 5390 335
5990 5390 335
5990 5390 335
5990 5390 335
5990 5390 335
5990 5390 335
5990 5390 335
5990 5390 335
5990 5390 335
5990 5390 335
5990 5390 335
5444 5994 335
5444 5994 335
5444 5994 335
5444 5994 335
5444 5994 335
5444 5994 335
5444 5994 335
5444 5994 335
5444 5994 335
5444 5994 335
5444 5994 335
5444 5994 335
5439 5290 337
5439 5290 337
5439 5290 337
5439 5290 337
5439 5290 337
5439 5290 337
5439 5290 337
5439 5290 337
5439 5290 337
5439 5290 337
5439 5290 337
5439 5290 337
5439 5290 337
6579 6557 337
6579 6557 337
6579 6557 337
6579 6557 337
6579 6557 337
6579 6557 337
6579 6557 337
6579 6557 337
6579 6557 337
6579 6557 337
6579 6557 337
6579 6557 337
6009 8465 337
6009 8465 337
6009 8465 337
6009 8465 337
6009 8465 337
6009 8465 337
6009 8465 337
6009 8465 337
6009 8465 337
6009 8465 337
6009 8465 337
6009 8465 337
6009 8465 337
5925 6506 338
5925 6506 338
5925 6506 338
5925 6506 338
5925 6506 338
5925 6506 338
5925 6506 338
5925 6506 338
5925 6506 338
5925 6506 338
5925 6506 338
5925 6506 338
7747 6606 338
7747 6606 338
7747 6606 338
7747 6606 338
7747 6606 338
7747 6606 338
7747 6606 338
7747 6606 338
7747 6606 338
7747 6606 338
7747 6606 338
7747 6606 338
7747 6606 338
7737 7689 338
7737 7689 338
7737 7689 338
7737 7689 338
7737 7689 338
7737 7689 338
7737 7689 338
7737 7689 338
7737 7689 338
7737 7689 338
7737 7689 338
7737 7689 338
5253 6351 338
5253 6351 338
5253 6351 338
5253 6351 338
5253 6351 338
5253 6351 338
5253 6351 338
5253 6351 338
5253 6351 338
5253 6351 338
5253 6351 338
5253 6351 338
5253 6351 338
7725 7687 339
7725 7687 339
7725 7687 339
7725 7687 339
7725 7687 339
7725 7687 339
7725 7687 339
7725 7687 339
7725 7687 339
7725 7687 339
7725 7687 339
7725 7687 339
6408 5360 339
6408 5360 339
6408 5360 339
6408 5360 339
6408 5360 339
6408 5360 339
6408 5360 339
6408 5360 339
6408 5360 339
6408 5360 339
6408 5360 339
6408 5360 339
6408 5360 339
7702 6557 339
7702 6557 339
7702 6557 339
7702 6557 339
7702 6557 339
7702 6557 339
7702 6557 339
7702 6557 339
7702 6557 339
7702 6557 339
7702 6557 339
7702 6557 339
7755 7828 339
7755 7828 339
7755 7828 339
7755 7828 339
7755 7828 339
7755 7828 339
7755 7828 339
7755 7828 339
7755 7828 339
7755 7828 339
7755 7828 339
7755 7828 339
6578 6587 339
6578 6587 339
6578 6587 339
6578 6587 339
6578 6587 339
6578 6587 339
6578 6587 339
6578 6587 339
6578 6587 339
6578 6587 339
6578 6587 339
6578 6587 339
6578 6587 339
7688 7674 339
7688 7674 339
7688 7674 339
7688 7674 339
7688 7674 339
7688 7674 339
7688 7674 339
7688 7674 339
7688 7674 339
7688 7674 339
7688 7674 339
7688 7674 339
9156 5258 339
9156 5258 339
9156 5258 339
9156 5258 339
9156 5258 339
9156 5258 339
9156 5258 339
9156 5258 339
9156 5258 339
9156 5258 339
9156 5258 339
9156 5258 339
9156 5258 339
6566 6002 339
6566 6002 339
6566 6002 339
6566 6002 339
6566 6002 339
6566 6002 339
6566 6002 339
6566 6002 339
6566 6002 339
6566 6002 339
6566 6002 339
6566 6002 339
6566 6002 339
5283 5442 340
5283 5442 340
5283 5442 340
5283 5442 340
5283 5442 340
5283 5442 340
5283 5442 340
5283 5442 340
5283 5442 340
5283 5442 340
5283 5442 340
5283 5442 340
6579 6506 340
6579 6506 340
6579 6506 340
6579 6506 340
6579 6506 340
6579 6506 340
6579 6506 340
6579 6506 340
6579 6506 340
6579 6506 340
6579 6506 340
6579 6506 340
6579 6506 340
6572 7755 341
6572 7755 341
6572 7755 341
6572 7755 341
6572 7755 341
6572 7755 341
6572 7755 341
6572 7755 341
6572 7755 341
6572 7755 341
6572 7755 341
6572 7755 341
7751 6577 341
7751 6577 341
7751 6577 341
7751 6577 341
7751 6577 341
7751 6577 341
7751 6577 341
7751 6577 341
7751 6577 341
7751 6577 341
7751 6577 341
7751 6577 341
7751 6577 341
5251 8761 341
5251 8761 341
5251 8761 341
5251 8761 341
5251 8761 341
5251 8761 341
5251 8761 341
5251 8761 341
5251 8761 341
5251 8761 341
5251 8761 341
5251 8761 341
7698 6561 342
7698 6561 342
7698 6561 342
7698 6561 342
7698 6561 342
7698 6561 342
7698 6561 342
7698 6561 342
7698 6561 342
7698 6561 342
7698 6561 342
7698 6561 342
6460 7676 342
6460 7676 342
6460 7676 342
6460 7676 342
6460 7676 342
6460 7676 342
6460 7676 342
6460 7676 342
6460 7676 342
6460 7676 342
6460 7676 342
6460 7676 342
6599 6381 343
6599 6381 343
6599 6381 343
6599 6381 343
6599 6381 343
6599 6381 343
6599 6381 343
6599 6381 343
6599 6381 343
6599 6381 343
6599 6381 343
6599 6381 343
6560 6601 343
6560 6601 343
6560 6601 343
6560 6601 343
6560 6601 343
6560 6601 343
6560 6601 343
6560 6601 343
6560 6601 343
6560 6601 343
6560 6601 343
6560 6601 343
6560 6601 343
6426 7688 344
6426 7688 344
6426 7688 344
6426 7688 344
6426 7688 344
6426 7688 344
6426 7688 344
6426 7688 344
6426 7688 344
6426 7688 344
6426 7688 344
6426 7688 344
7770 7687 344
7770 7687 344
7770 7687 344
7770 7687 344
7770 7687 344
7770 7687 344
7770 7687 344
7770 7687 344
7770 7687 344
7770 7687 344
7770 7687 344
7770 7687 344
7770 7687 344
5284 8447 345
5284 8447 345
5284 8447 345
5284 8447 345
5284 8447 345
5284 8447 345
5284 8447 345
5284 8447 345
5284 8447 345
5284 8447 345
5284 8447 345
5284 8447 345
7683 6575 347
7683 6575 347
7683 6575 347
7683 6575 347
7683 6575 347
7683 6575 347
7683 6575 347
7683 6575 347
7683 6575 347
7683 6575 347
7683 6575 347
7683 6575 347
7683 6575 347
6572 6381 348
6572 6381 348
6572 6381 348
6572 6381 348
6572 6381 348
6572 6381 348
6572 6381 348
6572 6381 348
6572 6381 348
6572 6381 348
6572 6381 348
6572 6381 348
6572 6381 348
6544 6450 348
6544 6450 348
6544 6450 348
6544 6450 348
6544 6450 348
6544 6450 348
6544 6450 348
6544 6450 348
6544 6450 348
6544 6450 348
6544 6450 348
6544 6450 348
5370 5262 350
5370 5262 350
5370 5262 350
5370 5262 350
5370 5262 350
5370 5262 350
5370 5262 350
5370 5262 350
5370 5262 350
5370 5262 350
5370 5262 350
5370 5262 350
5370 5262 350
5391 5419 351
5391 5419 351
5391 5419 351
5391 5419 351
5391 5419 351
5391 5419 351
5391 5419 351
5391 5419 351
5391 5419 351
5391 5419 351
5391 5419 351
5391 5419 351
5391 5419 351
7742 7937 352
7742 7937 352
7742 7937 352
7742 7937 352
7742 7937 352
7742 7937 352
7742 7937 352
7742 7937 352
7742 7937 352
7742 7937 352
7742 7937 352
7742 7937 352
7742 7937 352
6418 8444 352
6418 8444 352
6418 8444 352
6418 8444 352
6418 8444 352
6418 8444 352
6418 8444 352
6418 8444 352
6418 8444 352
6418 8444 352
6418 8444 352
6418 8444 352
6418 8444 352
5391 6009 352
5391 6009 352
5391 6009 352
5391 6009 352
5391 6009 352
5391 6009 352
5391 6009 352
5391 6009 352
5391 6009 352
5391 6009 352
5391 6009 352
5391 6009 352
8790 8434 353
8790 8434 353
8790 8434 353
8790 8434 353
8790 8434 353
8790 8434 353
8790 8434 353
8790 8434 353
8790 8434 353
8790 8434 353
8790 8434 353
8790 8434 353
7721 5390 353
7721 5390 353
7721 5390 353
7721 5390 353
7721 5390 353
7721 5390 353
7721 5390 353
7721 5390 353
7721 5390 353
7721 5390 353
7721 5390 353
7721 5390 353
7721 5390 353
6560 6525 353
6560 6525 353
6560 6525 353
6560 6525 353
6560 6525 353
6560 6525 353
6560 6525 353
6560 6525 353
6560 6525 353
6560 6525 353
6560 6525 353
6560 6525 353
6603 6564 355
6603 6564 355
6603 6564 355
6603 6564 355
6603 6564 355
6603 6564 355
6603 6564 355
6603 6564 355
6603 6564 355
6603 6564 355
6603 6564 355
6603 6564 355
7723 6595 355
7723 6595 355
7723 6595 355
7723 6595 355
7723 6595 355
7723 6595 355
7723 6595 355
7723 6595 355
7723 6595 355
7723 6595 355
7723 6595 355
7723 6595 355
5431 5261 357
5431 5261 357
5431 5261 357
5431 5261 357
5431 5261 357
5431 5261 357
5431 5261 357
5431 5261 357
5431 5261 357
5431 5261 357
5431 5261 357
5431 5261 357
7700 7713 357
7700 7713 357
7700 7713 357
7700 7713 357
7700 7713 357
7700 7713 357
7700 7713 357
7700 7713 357
7700 7713 357
7700 7713 357
7700 7713 357
7700 7713 357
6415 8673 358
6415 8673 358
6415 8673 358
6415 8673 358
6415 8673 358
6415 8673 358
6415 8673 358
6415 8673 358
6415 8673 358
6415 8673 358
6415 8673 358
6415 8673 358
6383 8438 359
6383 8438 359
6383 8438 359
6383 8438 359
6383 8438 359
6383 8438 359
6383 8438 359
6383 8438 359
6383 8438 359
6383 8438 359
6383 8438 359
6383 8438 359
6383 8438 359
7754 7944 359
7754 7944 359
7754 7944 359
7754 7944 359
7754 7944 359
7754 7944 359
7754 7944 359
7754 7944 359
7754 7944 359
7754 7944 359
7754 7944 359
7754 7944 359
7754 7944 359
7772 5391 359
7772 5391 359
7772 5391 359
7772 5391 359
7772 5391 359
7772 5391 359
7772 5391 359
7772 5391 359
7772 5391 359
7772 5391 359
7772 5391 359
7772 5391 359
5363 6549 360
5363 6549 360
5363 6549 360
5363 6549 360
5363 6549 360
5363 6549 360
5363 6549 360
5363 6549 360
5363 6549 360
5363 6549 360
5363 6549 360
5363 6549 360
7689 6431 361
7689 6431 361
7689 6431 361
7689 6431 361
7689 6431 361
7689 6431 361
7689 6431 361
7689 6431 361
7689 6431 361
7689 6431 361
7689 6431 361
7689 6431 361
7689 6431 361
6542 7760 361
6542 7760 361
6542 7760 361
6542 7760 361
6542 7760 361
6542 7760 361
6542 7760 361
6542 7760 361
6542 7760 361
6542 7760 361
6542 7760 361
6542 7760 361
6542 7760 361
5279 9154 362
5279 9154 362
5279 9154 362
5279 9154 362
5279 9154 362
5279 9154 362
5279 9154 362
5279 9154 362
5279 9154 362
5279 9154 362
5279 9154 362
5279 9154 362
8474 8477 362
8474 8477 362
8474 8477 362
8474 8477 362
8474 8477 362
8474 8477 362
8474 8477 362
8474 8477 362
8474 8477 362
8474 8477 362
8474 8477 362
8474 8477 362
8474 8477 362
7756 6564 364
7756 6564 364
7756 6564 364
7756 6564 364
7756 6564 364
7756 6564 364
7756 6564 364
7756 6564 364
7756 6564 364
7756 6564 364
7756 6564 364
7756 6564 364
6534 6594 364
6534 6594 364
6534 6594 364
6534 6594 364
6534 6594 364
6534 6594 364
6534 6594 364
6534 6594 364
6534 6594 364
6534 6594 364
6534 6594 364
6534 6594 364
6534 6594 364
6595 5391 365
6595 5391 365
6595 5391 365
6595 5391 365
6595 5391 365
6595 5391 365
6595 5391 365
6595 5391 365
6595 5391 365
6595 5391 365
6595 5391 365
6595 5391 365
6595 5391 365
6042 7914 366
6042 7914 366
6042 7914 366
6042 7914 366
6042 7914 366
6042 7914 366
6042 7914 366
6042 7914 366
6042 7914 366
6042 7914 366
6042 7914 366
6042 7914 366
6042 7914 366
5409 5433 368
5409 5433 368
5409 5433 368
5409 5433 368
5409 5433 368
5409 5433 368
5409 5433 368
5409 5433 368
5409 5433 368
5409 5433 368
5409 5433 368
5409 5433 368
6573 7731 369
6573 7731 369
6573 7731 369
6573 7731 369
6573 7731 369
6573 7731 369
6573 7731 369
6573 7731 369
6573 7731 369
6573 7731 369
6573 7731 369
6573 7731 369
7784 6581 370
7784 6581 370
7784 6581 370
7784 6581 370
7784 6581 370
7784 6581 370
7784 6581 370
7784 6581 370
7784 6581 370
7784 6581 370
7784 6581 370
7784 6581 370
7784 6581 370
6535 6381 370
6535 6381 370
6535 6381 370
6535 6381 370
6535 6381 370
6535 6381 370
6535 6381 370
6535 6381 370
6535 6381 370
6535 6381 370
6535 6381 370
6535 6381 370
6535 6381 370
6569 6501 372
6569 6501 372
6569 6501 372
6569 6501 372
6569 6501 372
6569 6501 372
6569 6501 372
6569 6501 372
6569 6501 372
6569 6501 372
6569 6501 372
6569 6501 372
6569 6501 372
8461 6554 372
8461 6554 372
8461 6554 372
8461 6554 372
8461 6554 372
8461 6554 372
8461 6554 372
8461 6554 372
8461 6554 372
8461 6554 372
8461 6554 372
8461 6554 372
7772 7692 373
7772 7692 373
7772 7692 373
7772 7692 373
7772 7692 373
7772 7692 373
7772 7692 373
7772 7692 373
7772 7692 373
7772 7692 373
7772 7692 373
7772 7692 373
7772 7692 373
8445 5355 378
8445 5355 378
8445 5355 378
8445 5355 378
8445 5355 378
8445 5355 378
8445 5355 378
8445 5355 378
8445 5355 378
8445 5355 378
8445 5355 378
8445 5355 378
8445 5355 378
6361 6407 380
6361 6407 380
6361 6407 380
6361 6407 380
6361 6407 380
6361 6407 380
6361 6407 380
6361 6407 380
6361 6407 380
6361 6407 380
6361 6407 380
6361 6407 380
6361 6407 380
5361 5280 395
5361 5280 395
5361 5280 395
5361 5280 395
5361 5280 395
5361 5280 395
5361 5280 395
5361 5280 395
5361 5280 395
5361 5280 395
5361 5280 395
5361 5280 395
5361 5280 395
5377 8432 400
5377 8432 400
5377 8432 400
5377 8432 400
5377 8432 400
5377 8432 400
5377 8432 400
5377 8432 400
5377 8432 400
5377 8432 400
5377 8432 400
5377 8432 400
5377 8432 400
7948 7763 428
7948 7763 428
7948 7763 428
7948 7763 428
7948 7763 428
7948 7763 428
7948 7763 428
7948 7763 428
7948 7763 428
7948 7763 428
7948 7763 428
7948 7763 428
7948 7763 428
8476 5389 430
8476 5389 430
8476 5389 430
8476 5389 430
8476 5389 430
8476 5389 430
8476 5389 430
8476 5389 430
8476 5389 430
8476 5389 430
8476 5389 430
8476 5389 430
6045 8446 433
6045 8446 433
6045 8446 433
6045 8446 433
6045 8446 433
6045 8446 433
6045 8446 433
6045 8446 433
6045 8446 433
6045 8446 433
6045 8446 433
6045 8446 433
6544 6605 433
6544 6605 433
6544 6605 433
6544 6605 433
6544 6605 433
6544 6605 433
6544 6605 433
6544 6605 433
6544 6605 433
6544 6605 433
6544 6605 433
6544 6605 433
9146 8439 434
9146 8439 434
9146 8439 434
9146 8439 434
9146 8439 434
9146 8439 434
9146 8439 434
9146 8439 434
9146 8439 434
9146 8439 434
9146 8439 434
9146 8439 434
5353 6541 436
5353 6541 436
5353 6541 436
5353 6541 436
5353 6541 436
5353 6541 436
5353 6541 436
5353 6541 436
5353 6541 436
5353 6541 436
5353 6541 436
5353 6541 436
7691 7759 437
7691 7759 437
7691 7759 437
7691 7759 437
7691 7759 437
7691 7759 437
7691 7759 437
7691 7759 437
7691 7759 437
7691 7759 437
7691 7759 437
7691 7759 437
6003 6596 437
6003 6596 437
6003 6596 437
6003 6596 437
6003 6596 437
6003 6596 437
6003 6596 437
6003 6596 437
6003 6596 437
6003 6596 437
6003 6596 437
6003 6596 437
6003 6596 437
6516 6579 437
6516 6579 437
6516 6579 437
6516 6579 437
6516 6579 437
6516 6579 437
6516 6579 437
6516 6579 437
6516 6579 437
6516 6579 437
6516 6579 437
6516 6579 437
6496 7702 437
6496 7702 437
6496 7702 437
6496 7702 437
6496 7702 437
6496 7702 437
6496 7702 437
6496 7702 437
6496 7702 437
6496 7702 437
6496 7702 437
6496 7702 437
8431 6557 438
8431 6557 438
8431 6557 438
8431 6557 438
8431 6557 438
8431 6557 438
8431 6557 438
8431 6557 438
8431 6557 438
8431 6557 438
8431 6557 438
8431 6557 438
8431 6557 438
6575 6359 438
6575 6359 438
6575 6359 438
6575 6359 438
6575 6359 438
6575 6359 438
6575 6359 438
6575 6359 438
6575 6359 438
6575 6359 438
6575 6359 438
6575 6359 438
7721 6595 438
7721 6595 438
7721 6595 438
7721 6595 438
7721 6595 438
7721 6595 438
7721 6595 438
7721 6595 438
7721 6595 438
7721 6595 438
7721 6595 438
7721 6595 438
7820 7754 438
7820 7754 438
7820 7754 438
7820 7754 438
7820 7754 438
7820 7754 438
7820 7754 438
7820 7754 438
7820 7754 438
7820 7754 438
7820 7754 438
7820 7754 438
6042 8455 439
6042 8455 439
6042 8455 439
6042 8455 439
6042 8455 439
6042 8455 439
6042 8455 439
6042 8455 439
6042 8455 439
6042 8455 439
6042 8455 439
6042 8455 439
6496 7745 439
6496 7745 439
6496 7745 439
6496 7745 439
6496 7745 439
6496 7745 439
6496 7745 439
6496 7745 439
6496 7745 439
6496 7745 439
6496 7745 439
6496 7745 439
7784 7767 440
7784 7767 440
7784 7767 440
7784 7767 440
7784 7767 440
7784 7767 440
7784 7767 440
7784 7767 440
7784 7767 440
7784 7767 440
7784 7767 440
7784 7767 440
5433 8464 441
5433 8464 441
5433 8464 441
5433 8464 441
5433 8464 441
5433 8464 441
5433 8464 441
5433 8464 441
5433 8464 441
5433 8464 441
5433 8464 441
5433 8464 441
8436 6609 441
8436 6609 441
8436 6609 441
8436 6609 441
8436 6609 441
8436 6609 441
8436 6609 441
8436 6609 441
8436 6609 441
8436 6609 441
8436 6609 441
8436 6609 441
8436 6609 441
6592 7687 442
6592 7687 442
6592 7687 442
6592 7687 442
6592 7687 442
6592 7687 442
6592 7687 442
6592 7687 442
6592 7687 442
6592 7687 442
6592 7687 442
6592 7687 442
6592 7687 442
6384 6605 444
6384 6605 444
6384 6605 444
6384 6605 444
6384 6605 444
6384 6605 444
6384 6605 444
6384 6605 444
6384 6605 444
6384 6605 444
6384 6605 444
6384 6605 444
6384 6605 444
5401 8456 445
5401 8456 445
5401 8456 445
5401 8456 445
5401 8456 445
5401 8456 445
5401 8456 445
5401 8456 445
5401 8456 445
5401 8456 445
5401 8456 445
5401 8456 445
6485 6427 446
6485 6427 446
6485 6427 446
6485 6427 446
6485 6427 446
6485 6427 446
6485 6427 446
6485 6427 446
6485 6427 446
6485 6427 446
6485 6427 446
6485 6427 446
8672 6601 446
8672 6601 446
8672 6601 446
8672 6601 446
8672 6601 446
8672 6601 446
8672 6601 446
8672 6601 446
8672 6601 446
8672 6601 446
8672 6601 446
8672 6601 446
6543 7768 447
6543 7768 447
6543 7768 447
6543 7768 447
6543 7768 447
6543 7768 447
6543 7768 447
6543 7768 447
6543 7768 447
6543 7768 447
6543 7768 447
6543 7768 447
6543 7768 447
6589 5361 447
6589 5361 447
6589 5361 447
6589 5361 447
6589 5361 447
6589 5361 447
6589 5361 447
6589 5361 447
6589 5361 447
6589 5361 447
6589 5361 447
6589 5361 447
6589 5361 447
8774 6405 447
8774 6405 447
8774 6405 447
8774 6405 447
8774 6405 447
8774 6405 447
8774 6405 447
8774 6405 447
8774 6405 447
8774 6405 447
8774 6405 447
8774 6405 447
8774 6405 447
6064 7771 447
6064 7771 447
6064 7771 447
6064 7771 447
6064 7771 447
6064 7771 447
6064 7771 447
6064 7771 447
6064 7771 447
6064 7771 447
6064 7771 447
6064 7771 447
6570 7706 448
6570 7706 448
6570 7706 448
6570 7706 448
6570 7706 448
6570 7706 448
6570 7706 448
6570 7706 448
6570 7706 448
6570 7706 448
6570 7706 448
6570 7706 448
6542 6350 448
6542 6350 448
6542 6350 448
6542 6350 448
6542 6350 448
6542 6350 448
6542 6350 448
6542 6350 448
6542 6350 448
6542 6350 448
6542 6350 448
6542 6350 448
6542 6350 448
6543 7765 448
6543 7765 448
6543 7765 448
6543 7765 448
6543 7765 448
6543 7765 448
6543 7765 448
6543 7765 448
6543 7765 448
6543 7765 448
6543 7765 448
6543 7765 448
6540 7765 449
6540 7765 449
6540 7765 449
6540 7765 449
6540 7765 449
6540 7765 449
6540 7765 449
6540 7765 449
6540 7765 449
6540 7765 449
6540 7765 449
6540 7765 449
6539 5267 450
6539 5267 450
6539 5267 450
6539 5267 450
6539 5267 450
6539 5267 450
6539 5267 450
6539 5267 450
6539 5267 450
6539 5267 450
6539 5267 450
6539 5267 450
6539 5267 450
6496 6521 450
6496 6521 450
6496 6521 450
6496 6521 450
6496 6521 450
6496 6521 450
6496 6521 450
6496 6521 450
6496 6521 450
6496 6521 450
6496 6521 450
6496 6521 450
6369 6508 450
6369 6508 450
6369 6508 450
6369 6508 450
6369 6508 450
6369 6508 450
6369 6508 450
6369 6508 450
6369 6508 450
6369 6508 450
6369 6508 450
6369 6508 450
6369 6508 450
7934 7740 450
7934 7740 450
7934 7740 450
7934 7740 450
7934 7740 450
7934 7740 450
7934 7740 450
7934 7740 450
7934 7740 450
7934 7740 450
7934 7740 450
7934 7740 450
7774 7961 451
7774 7961 451
7774 7961 451
7774 7961 451
7774 7961 451
7774 7961 451
7774 7961 451
7774 7961 451
7774 7961 451
7774 7961 451
7774 7961 451
7774 7961 451
7774 7961 451
5358 5286 452
5358 5286 452
5358 5286 452
5358 5286 452
5358 5286 452
5358 5286 452
5358 5286 452
5358 5286 452
5358 5286 452
5358 5286 452
5358 5286 452
5358 5286 452
5358 5286 452
8436 6606 452
8436 6606 452
8436 6606 452
8436 6606 452
8436 6606 452
8436 6606 452
8436 6606 452
8436 6606 452
8436 6606 452
8436 6606 452
8436 6606 452
8436 6606 452
6606 7683 452
6606 7683 452
6606 7683 452
6606 7683 452
6606 7683 452
6606 7683 452
6606 7683 452
6606 7683 452
6606 7683 452
6606 7683 452
6606 7683 452
6606 7683 452
6306 6549 453
6306 6549 453
6306 6549 453
6306 6549 453
6306 6549 453
6306 6549 453
6306 6549 453
6306 6549 453
6306 6549 453
6306 6549 453
6306 6549 453
6306 6549 453
6524 6560 453
6524 6560 453
6524 6560 453
6524 6560 453
6524 6560 453
6524 6560 453
6524 6560 453
6524 6560 453
6524 6560 453
6524 6560 453
6524 6560 453
6524 6560 453
6524 6560 453
6607 8436 453
6607 8436 453
6607 8436 453
6607 8436 453
6607 8436 453
6607 8436 453
6607 8436 453
6607 8436 453
6607 8436 453
6607 8436 453
6607 8436 453
6607 8436 453
5358 5281 453
5358 5281 453
5358 5281 453
5358 5281 453
5358 5281 453
5358 5281 453
5358 5281 453
5358 5281 453
5358 5281 453
5358 5281 453
5358 5281 453
5358 5281 453
5358 5281 453
7940 6602 453
7940 6602 453
7940 6602 453
7940 6602 453
7940 6602 453
7940 6602 453
7940 6602 453
7940 6602 453
7940 6602 453
7940 6602 453
7940 6602 453
7940 6602 453
6537 7700 454
6537 7700 454
6537 7700 454
6537 7700 454
6537 7700 454
6537 7700 454
6537 7700 454
6537 7700 454
6537 7700 454
6537 7700 454
6537 7700 454
6537 7700 454
6537 7700 454
7749 8467 454
7749 8467 454
7749 8467 454
7749 8467 454
7749 8467 454
7749 8467 454
7749 8467 454
7749 8467 454
7749 8467 454
7749 8467 454
7749 8467 454
7749 8467 454
6526 7695 454
6526 7695 454
6526 7695 454
6526 7695 454
6526 7695 454
6526 7695 454
6526 7695 454
6526 7695 454
6526 7695 454
6526 7695 454
6526 7695 454
6526 7695 454
5280 9146 454
5280 9146 454
5280 9146 454
5280 9146 454
5280 9146 454
5280 9146 454
5280 9146 454
5280 9146 454
5280 9146 454
5280 9146 454
5280 9146 454
5280 9146 454
5280 9146 454
7633 7887 455
7633 7887 455
7633 7887 455
7633 7887 455
7633 7887 455
7633 7887 455
7633 7887 455
7633 7887 455
7633 7887 455
7633 7887 455
7633 7887 455
7633 7887 455
7633 7887 455
7824 7974 455
7824 7974 455
7824 7974 455
7824 7974 455
7824 7974 455
7824 7974 455
7824 7974 455
7824 7974 455
7824 7974 455
7824 7974 455
7824 7974 455
7824 7974 455
7824 7974 455
7743 7732 457
7743 7732 457
7743 7732 457
7743 7732 457
7743 7732 457
7743 7732 457
7743 7732 457
7743 7732 457
7743 7732 457
7743 7732 457
7743 7732 457
7743 7732 457
5991 5415 458
5991 5415 458
5991 5415 458
5991 5415 458
5991 5415 458
5991 5415 458
5991 5415 458
5991 5415 458
5991 5415 458
5991 5415 458
5991 5415 458
5991 5415 458
5991 5415 458
5410 8458 458
5410 8458 458
5410 8458 458
5410 8458 458
5410 8458 458
5410 8458 458
5410 8458 458
5410 8458 458
5410 8458 458
5410 8458 458
5410 8458 458
5410 8458 458
5410 8458 458
6549 6363 458
6549 6363 458
6549 6363 458
6549 6363 458
6549 6363 458
6549 6363 458
6549 6363 458
6549 6363 458
6549 6363 458
6549 6363 458
6549 6363 458
6549 6363 458
6549 6363 458
5358 8453 459
5358 8453 459
5358 8453 459
5358 8453 459
5358 8453 459
5358 8453 459
5358 8453 459
5358 8453 459
5358 8453 459
5358 8453 459
5358 8453 459
5358 8453 459
6549 6606 459
6549 6606 459
6549 6606 459
6549 6606 459
6549 6606 459
6549 6606 459
6549 6606 459
6549 6606 459
6549 6606 459
6549 6606 459
6549 6606 459
6549 6606 459
9146 8435 459
9146 8435 459
9146 8435 459
9146 8435 459
9146 8435 459
9146 8435 459
9146 8435 459
9146 8435 459
9146 8435 459
9146 8435 459
9146 8435 459
9146 8435 459
9146 8435 459
5259 5445 460
5259 5445 460
5259 5445 460
5259 5445 460
5259 5445 460
5259 5445 460
5259 5445 460
5259 5445 460
5259 5445 460
5259 5445 460
5259 5445 460
5259 5445 460
5259 5445 460
5261 5260 460
5261 5260 460
5261 5260 460
5261 5260 460
5261 5260 460
5261 5260 460
5261 5260 460
5261 5260 460
5261 5260 460
5261 5260 460
5261 5260 460
5261 5260 460
6521 8452 461
6521 8452 461
6521 8452 461
6521 8452 461
6521 8452 461
6521 8452 461
6521 8452 461
6521 8452 461
6521 8452 461
6521 8452 461
6521 8452 461
6521 8452 461
7835 7748 461
7835 7748 461
7835 7748 461
7835 7748 461
7835 7748 461
7835 7748 461
7835 7748 461
7835 7748 461
7835 7748 461
7835 7748 461
7835 7748 461
7835 7748 461
7835 7748 461
7759 6590 461
7759 6590 461
7759 6590 461
7759 6590 461
7759 6590 461
7759 6590 461
7759 6590 461
7759 6590 461
7759 6590 461
7759 6590 461
7759 6590 461
7759 6590 461
7759 6590 461
5998 7773 462
5998 7773 462
5998 7773 462
5998 7773 462
5998 7773 462
5998 7773 462
5998 7773 462
5998 7773 462
5998 7773 462
5998 7773 462
5998 7773 462
5998 7773 462
7674 7676 463
7674 7676 463
7674 7676 463
7674 7676 463
7674 7676 463
7674 7676 463
7674 7676 463
7674 7676 463
7674 7676 463
7674 7676 463
7674 7676 463
7674 7676 463
7699 6613 463
7699 6613 463
7699 6613 463
7699 6613 463
7699 6613 463
7699 6613 463
7699 6613 463
7699 6613 463
7699 6613 463
7699 6613 463
7699 6613 463
7699 6613 463
6032 8462 464
6032 8462 464
6032 8462 464
6032 8462 464
6032 8462 464
6032 8462 464
6032 8462 464
6032 8462 464
6032 8462 464
6032 8462 464
6032 8462 464
6032 8462 464
7944 7750 464
7944 7750 464
7944 7750 464
7944 7750 464
7944 7750 464
7944 7750 464
7944 7750 464
7944 7750 464
7944 7750 464
7944 7750 464
7944 7750 464
7944 7750 464
7944 7750 464
5358 5309 464
5358 5309 464
5358 5309 464
5358 5309 464
5358 5309 464
5358 5309 464
5358 5309 464
5358 5309 464
5358 5309 464
5358 5309 464
5358 5309 464
5358 5309 464
5358 5309 464
8457 5256 465
8457 5256 465
8457 5256 465
8457 5256 465
8457 5256 465
8457 5256 465
8457 5256 465
8457 5256 465
8457 5256 465
8457 5256 465
8457 5256 465
8457 5256 465
6572 7763 465
6572 7763 465
6572 7763 465
6572 7763 465
6572 7763 465
6572 7763 465
6572 7763 465
6572 7763 465
6572 7763 465
6572 7763 465
6572 7763 465
6572 7763 465
6572 7763 465
8473 5378 466
8473 5378 466
8473 5378 466
8473 5378 466
8473 5378 466
8473 5378 466
8473 5378 466
8473 5378 466
8473 5378 466
8473 5378 466
8473 5378 466
8473 5378 466
8472 6002 466
8472 6002 466
8472 6002 466
8472 6002 466
8472 6002 466
8472 6002 466
8472 6002 466
8472 6002 466
8472 6002 466
8472 6002 466
8472 6002 466
8472 6002 466
9661 9668 467
9661 9668 467
9661 9668 467
9661 9668 467
9661 9668 467
9661 9668 467
9661 9668 467
9661 9668 467
9661 9668 467
9661 9668 467
9661 9668 467
9661 9668 467
7947 6024 468
7947 6024 468
7947 6024 468
7947 6024 468
7947 6024 468
7947 6024 468
7947 6024 468
7947 6024 468
7947 6024 468
7947 6024 468
7947 6024 468
7947 6024 468
8431 6591 469
8431 6591 469
8431 6591 469
8431 6591 469
8431 6591 469
8431 6591 469
8431 6591 469
8431 6591 469
8431 6591 469
8431 6591 469
8431 6591 469
8431 6591 469
8431 6591 469
8431 9523 469
8431 9523 469
8431 9523 469
8431 9523 469
8431 9523 469
8431 9523 469
8431 9523 469
8431 9523 469
8431 9523 469
8431 9523 469
8431 9523 469
8431 9523 469
8458 7676 470
8458 7676 470
8458 7676 470
8458 7676 470
8458 7676 470
8458 7676 470
8458 7676 470
8458 7676 470
8458 7676 470
8458 7676 470
8458 7676 470
8458 7676 470
7834 7744 470
7834 7744 470
7834 7744 470
7834 7744 470
7834 7744 470
7834 7744 470
7834 7744 470
7834 7744 470
7834 7744 470
7834 7744 470
7834 7744 470
7834 7744 470
7834 7744 470
5433 5259 470
5433 5259 470
5433 5259 470
5433 5259 470
5433 5259 470
5433 5259 470
5433 5259 470
5433 5259 470
5433 5259 470
5433 5259 470
5433 5259 470
5433 5259 470
5433 5259 470
7814 7745 471
7814 7745 471
7814 7745 471
7814 7745 471
7814 7745 471
7814 7745 471
7814 7745 471
7814 7745 471
7814 7745 471
7814 7745 471
7814 7745 471
7814 7745 471
5998 5370 471
5998 5370 471
5998 5370 471
5998 5370 471
5998 5370 471
5998 5370 471
5998 5370 471
5998 5370 471
5998 5370 471
5998 5370 471
5998 5370 471
5998 5370 471
5358 8459 472
5358 8459 472
5358 8459 472
5358 8459 472
5358 8459 472
5358 8459 472
5358 8459 472
5358 8459 472
5358 8459 472
5358 8459 472
5358 8459 472
5358 8459 472
9154 5256 472
9154 5256 472
9154 5256 472
9154 5256 472
9154 5256 472
9154 5256 472
9154 5256 472
9154 5256 472
9154 5256 472
9154 5256 472
9154 5256 472
9154 5256 472
6541 8683 472
6541 8683 472
6541 8683 472
6541 8683 472
6541 8683 472
6541 8683 472
6541 8683 472
6541 8683 472
6541 8683 472
6541 8683 472
6541 8683 472
6541 8683 472
6541 8683 472
6506 9615 472
6506 9615 472
6506 9615 472
6506 9615 472
6506 9615 472
6506 9615 472
6506 9615 472
6506 9615 472
6506 9615 472
6506 9615 472
6506 9615 472
6506 9615 472
6506 9615 472
7668 9596 472
7668 9596 472
7668 9596 472
7668 9596 472
7668 9596 472
7668 9596 472
7668 9596 472
7668 9596 472
7668 9596 472
7668 9596 472
7668 9596 472
7668 9596 472
7699 6605 474
7699 6605 474
7699 6605 474
7699 6605 474
7699 6605 474
7699 6605 474
7699 6605 474
7699 6605 474
7699 6605 474
7699 6605 474
7699 6605 474
7699 6605 474
7699 6605 474
5419 5444 474
5419 5444 474
5419 5444 474
5419 5444 474
5419 5444 474
5419 5444 474
5419 5444 474
5419 5444 474
5419 5444 474
5419 5444 474
5419 5444 474
5419 5444 474
5278 6590 474
5278 6590 474
5278 6590 474
5278 6590 474
5278 6590 474
5278 6590 474
5278 6590 474
5278 6590 474
5278 6590 474
5278 6590 474
5278 6590 474
5278 6590 474
6552 8462 474
6552 8462 474
6552 8462 474
6552 8462 474
6552 8462 474
6552 8462 474
6552 8462 474
6552 8462 474
6552 8462 474
6552 8462 474
6552 8462 474
6552 8462 474
6552 8462 474
5366 6001 475
5366 6001 475
5366 6001 475
5366 6001 475
5366 6001 475
5366 6001 475
5366 6001 475
5366 6001 475
5366 6001 475
5366 6001 475
5366 6001 475
5366 6001 475
5366 6001 475
8469 8437 475
8469 8437 475
8469 8437 475
8469 8437 475
8469 8437 475
8469 8437 475
8469 8437 475
8469 8437 475
8469 8437 475
8469 8437 475
8469 8437 475
8469 8437 475
7969 7994 476
7969 7994 476
7969 7994 476
7969 7994 476
7969 7994 476
7969 7994 476
7969 7994 476
7969 7994 476
7969 7994 476
7969 7994 476
7969 7994 476
7969 7994 476
7969 7994 476
6538 7684 476
6538 7684 476
6538 7684 476
6538 7684 476
6538 7684 476
6538 7684 476
6538 7684 476
6538 7684 476
6538 7684 476
6538 7684 476
6538 7684 476
6538 7684 476
5356 9634 476
5356 9634 476
5356 9634 476
5356 9634 476
5356 9634 476
5356 9634 476
5356 9634 476
5356 9634 476
5356 9634 476
5356 9634 476
5356 9634 476
5356 9634 476
7699 6602 476
7699 6602 476
7699 6602 476
7699 6602 476
7699 6602 476
7699 6602 476
7699 6602 476
7699 6602 476
7699 6602 476
7699 6602 476
7699 6602 476
7699 6602 476
6486 6579 477
6486 6579 477
6486 6579 477
6486 6579 477
6486 6579 477
6486 6579 477
6486 6579 477
6486 6579 477
6486 6579 477
6486 6579 477
6486 6579 477
6486 6579 477
6486 6579 477
8436 5255 478
8436 5255 478
8436 5255 478
8436 5255 478
8436 5255 478
8436 5255 478
8436 5255 478
8436 5255 478
8436 5255 478
8436 5255 478
8436 5255 478
8436 5255 478
8436 5255 478
7949 6609 478
7949 6609 478
7949 6609 478
7949 6609 478
7949 6609 478
7949 6609 478
7949 6609 478
7949 6609 478
7949 6609 478
7949 6609 478
7949 6609 478
7949 6609 478
7949 6609 478
6365 6535 479
6365 6535 479
6365 6535 479
6365 6535 479
6365 6535 479
6365 6535 479
6365 6535 479
6365 6535 479
6365 6535 479
6365 6535 479
6365 6535 479
6365 6535 479
6365 6535 479
7822 7698 480
7822 7698 480
7822 7698 480
7822 7698 480
7822 7698 480
7822 7698 480
7822 7698 480
7822 7698 480
7822 7698 480
7822 7698 480
7822 7698 480
7822 7698 480
8437 6544 481
8437 6544 481
8437 6544 481
8437 6544 481
8437 6544 481
8437 6544 481
8437 6544 481
8437 6544 481
8437 6544 481
8437 6544 481
8437 6544 481
8437 6544 481
5286 8444 481
5286 8444 481
5286 8444 481
5286 8444 481
5286 8444 481
5286 8444 481
5286 8444 481
5286 8444 481
5286 8444 481
5286 8444 481
5286 8444 481
5286 8444 481
5286 8444 481
6496 6451 481
6496 6451 481
6496 6451 481
6496 6451 481
6496 6451 481
6496 6451 481
6496 6451 481
6496 6451 481
6496 6451 481
6496 6451 481
6496 6451 481
6496 6451 481
6496 6451 481
8438 6593 481
8438 6593 481
8438 6593 481
8438 6593 481
8438 6593 481
8438 6593 481
8438 6593 481
8438 6593 481
8438 6593 481
8438 6593 481
8438 6593 481
8438 6593 481
8438 6593 481
8767 5438 481
8767 5438 481
8767 5438 481
8767 5438 481
8767 5438 481
8767 5438 481
8767 5438 481
8767 5438 481
8767 5438 481
8767 5438 481
8767 5438 481
8767 5438 481
8767 5438 481
6594 8437 482
6594 8437 482
6594 8437 482
6594 8437 482
6594 8437 482
6594 8437 482
6594 8437 482
6594 8437 482
6594 8437 482
6594 8437 482
6594 8437 482
6594 8437 482
6416 8663 483
6416 8663 483
6416 8663 483
6416 8663 483
6416 8663 483
6416 8663 483
6416 8663 483
6416 8663 483
6416 8663 483
6416 8663 483
6416 8663 483
6416 8663 483
7708 5357 483
7708 5357 483
7708 5357 483
7708 5357 483
7708 5357 483
7708 5357 483
7708 5357 483
7708 5357 483
7708 5357 483
7708 5357 483
7708 5357 483
7708 5357 483
5430 5384 483
5430 5384 483
5430 5384 483
5430 5384 483
5430 5384 483
5430 5384 483
5430 5384 483
5430 5384 483
5430 5384 483
5430 5384 483
5430 5384 483
5430 5384 483
5430 5384 483
5388 6600 484
5388 6600 484
5388 6600 484
5388 6600 484
5388 6600 484
5388 6600 484
5388 6600 484
5388 6600 484
5388 6600 484
5388 6600 484
5388 6600 484
5388 6600 484
5388 6600 484
6594 6552 484
6594 6552 484
6594 6552 484
6594 6552 484
6594 6552 484
6594 6552 484
6594 6552 484
6594 6552 484
6594 6552 484
6594 6552 484
6594 6552 484
6594 6552 484
7688 7719 484
7688 7719 484
7688 7719 484
7688 7719 484
7688 7719 484
7688 7719 484
7688 7719 484
7688 7719 484
7688 7719 484
7688 7719 484
7688 7719 484
7688 7719 484
7688 7719 484
7734 6517 485
7734 6517 485
7734 6517 485
7734 6517 485
7734 6517 485
7734 6517 485
7734 6517 485
7734 6517 485
7734 6517 485
7734 6517 485
7734 6517 485
7734 6517 485
6459 7675 487
6459 7675 487
6459 7675 487
6459 7675 487
6459 7675 487
6459 7675 487
6459 7675 487
6459 7675 487
6459 7675 487
6459 7675 487
6459 7675 487
6459 7675 487
6459 7675 487
5412 8457 487
5412 8457 487
5412 8457 487
5412 8457 487
5412 8457 487
5412 8457 487
5412 8457 487
5412 8457 487
5412 8457 487
5412 8457 487
5412 8457 487
5412 8457 487
5412 8457 487
7740 7814 487
7740 7814 487
7740 7814 487
7740 7814 487
7740 7814 487
7740 7814 487
7740 7814 487
7740 7814 487
7740 7814 487
7740 7814 487
7740 7814 487
7740 7814 487
7740 7814 487
7769 7917 487
7769 7917 487
7769 7917 487
7769 7917 487
7769 7917 487
7769 7917 487
7769 7917 487
7769 7917 487
7769 7917 487
7769 7917 487
7769 7917 487
7769 7917 487
7916 7845 488
7916 7845 488
7916 7845 488
7916 7845 488
7916 7845 488
7916 7845 488
7916 7845 488
7916 7845 488
7916 7845 488
7916 7845 488
7916 7845 488
7916 7845 488
7916 7845 488
6019 5442 489
6019 5442 489
6019 5442 489
6019 5442 489
6019 5442 489
6019 5442 489
6019 5442 489
6019 5442 489
6019 5442 489
6019 5442 489
6019 5442 489
6019 5442 489
7729 8458 489
7729 8458 489
7729 8458 489
7729 8458 489
7729 8458 489
7729 8458 489
7729 8458 489
7729 8458 489
7729 8458 489
7729 8458 489
7729 8458 489
7729 8458 489
5256 5443 489
5256 5443 489
5256 5443 489
5256 5443 489
5256 5443 489
5256 5443 489
5256 5443 489
5256 5443 489
5256 5443 489
5256 5443 489
5256 5443 489
5256 5443 489
6597 6554 489
6597 6554 489
6597 6554 489
6597 6554 489
6597 6554 489
6597 6554 489
6597 6554 489
6597 6554 489
6597 6554 489
6597 6554 489
6597 6554 489
6597 6554 489
6597 6554 489
7807 6496 490
7807 6496 490
7807 6496 490
7807 6496 490
7807 6496 490
7807 6496 490
7807 6496 490
7807 6496 490
7807 6496 490
7807 6496 490
7807 6496 490
7807 6496 490
7807 6496 490
7926 7938 490
7926 7938 490
7926 7938 490
7926 7938 490
7926 7938 490
7926 7938 490
7926 7938 490
7926 7938 490
7926 7938 490
7926 7938 490
7926 7938 490
7926 7938 490
7926 7938 490
5358 5301 490
5358 5301 490
5358 5301 490
5358 5301 490
5358 5301 490
5358 5301 490
5358 5301 490
5358 5301 490
5358 5301 490
5358 5301 490
5358 5301 490
5358 5301 490
5358 5301 490
7715 7734 491
7715 7734 491
7715 7734 491
7715 7734 491
7715 7734 491
7715 7734 491
7715 7734 491
7715 7734 491
7715 7734 491
7715 7734 491
7715 7734 491
7715 7734 491
9606 6569 491
9606 6569 491
9606 6569 491
9606 6569 491
9606 6569 491
9606 6569 491
9606 6569 491
9606 6569 491
9606 6569 491
9606 6569 491
9606 6569 491
9606 6569 491
5370 8453 491
5370 8453 491
5370 8453 491
5370 8453 491
5370 8453 491
5370 8453 491
5370 8453 491
5370 8453 491
5370 8453 491
5370 8453 491
5370 8453 491
5370 8453 491
5370 8453 491
5257 6600 491
5257 6600 491
5257 6600 491
5257 6600 491
5257 6600 491
5257 6600 491
5257 6600 491
5257 6600 491
5257 6600 491
5257 6600 491
5257 6600 491
5257 6600 491
5257 6600 491
7702 6597 491
7702 6597 491
7702 6597 491
7702 6597 491
7702 6597 491
7702 6597 491
7702 6597 491
7702 6597 491
7702 6597 491
7702 6597 491
7702 6597 491
7702 6597 491
7702 6597 491
6598 8466 492
6598 8466 492
6598 8466 492
6598 8466 492
6598 8466 492
6598 8466 492
6598 8466 492
6598 8466 492
6598 8466 492
6598 8466 492
6598 8466 492
6598 8466 492
6598 8466 492
6605 5391 492
6605 5391 492
6605 5391 492
6605 5391 492
6605 5391 492
6605 5391 492
6605 5391 492
6605 5391 492
6605 5391 492
6605 5391 492
6605 5391 492
6605 5391 492
5301 5354 493
5301 5354 493
5301 5354 493
5301 5354 493
5301 5354 493
5301 5354 493
5301 5354 493
5301 5354 493
5301 5354 493
5301 5354 493
5301 5354 493
5301 5354 493
5301 5354 493
8473 6588 494
8473 6588 494
8473 6588 494
8473 6588 494
8473 6588 494
8473 6588 494
8473 6588 494
8473 6588 494
8473 6588 494
8473 6588 494
8473 6588 494
8473 6588 494
6531 6398 494
6531 6398 494
6531 6398 494
6531 6398 494
6531 6398 494
6531 6398 494
6531 6398 494
6531 6398 494
6531 6398 494
6531 6398 494
6531 6398 494
6531 6398 494
6531 6398 494
7751 6586 496
7751 6586 496
7751 6586 496
7751 6586 496
7751 6586 496
7751 6586 496
7751 6586 496
7751 6586 496
7751 6586 496
7751 6586 496
7751 6586 496
7751 6586 496
5388 7770 496
5388 7770 496
5388 7770 496
5388 7770 496
5388 7770 496
5388 7770 496
5388 7770 496
5388 7770 496
5388 7770 496
5388 7770 496
5388 7770 496
5388 7770 496
5388 7770 496
5280 8761 497
5280 8761 497
5280 8761 497
5280 8761 497
5280 8761 497
5280 8761 497
5280 8761 497
5280 8761 497
5280 8761 497
5280 8761 497
5280 8761 497
5280 8761 497
5280 8761 497
5444 5307 497
5444 5307 497
5444 5307 497
5444 5307 497
5444 5307 497
5444 5307 497
5444 5307 497
5444 5307 497
5444 5307 497
5444 5307 497
5444 5307 497
5444 5307 497
5444 5307 497
6562 6511 497
6562 6511 497
6562 6511 497
6562 6511 497
6562 6511 497
6562 6511 497
6562 6511 497
6562 6511 497
6562 6511 497
6562 6511 497
6562 6511 497
6562 6511 497
6581 6414 498
6581 6414 498
6581 6414 498
6581 6414 498
6581 6414 498
6581 6414 498
6581 6414 498
6581 6414 498
6581 6414 498
6581 6414 498
6581 6414 498
6581 6414 498
8476 6597 498
8476 6597 498
8476 6597 498
8476 6597 498
8476 6597 498
8476 6597 498
8476 6597 498
8476 6597 498
8476 6597 498
8476 6597 498
8476 6597 498
8476 6597 498
7733 6491 498
7733 6491 498
7733 6491 498
7733 6491 498
7733 6491 498
7733 6491 498
7733 6491 498
7733 6491 498
7733 6491 498
7733 6491 498
7733 6491 498
7733 6491 498
7720 6595 499
7720 6595 499
7720 6595 499
7720 6595 499
7720 6595 499
7720 6595 499
7720 6595 499
7720 6595 499
7720 6595 499
7720 6595 499
7720 6595 499
7720 6595 499
8444 5270 499
8444 5270 499
8444 5270 499
8444 5270 499
8444 5270 499
8444 5270 499
8444 5270 499
8444 5270 499
8444 5270 499
8444 5270 499
8444 5270 499
8444 5270 499
8444 5270 499
7695 6552 499
7695 6552 499
7695 6552 499
7695 6552 499
7695 6552 499
7695 6552 499
7695 6552 499
7695 6552 499
7695 6552 499
7695 6552 499
7695 6552 499
7695 6552 499
7695 6552 499
6558 6536 500
6558 6536 500
6558 6536 500
6558 6536 500
6558 6536 500
6558 6536 500
6558 6536 500
6558 6536 500
6558 6536 500
6558 6536 500
6558 6536 500
6558 6536 500
7773 6054 500
7773 6054 500
7773 6054 500
7773 6054 500
7773 6054 500
7773 6054 500
7773 6054 500
7773 6054 500
7773 6054 500
7773 6054 500
7773 6054 500
7773 6054 500
7773 6054 500
7730 6452 501
7730 6452 501
7730 6452 501
7730 6452 501
7730 6452 501
7730 6452 501
7730 6452 501
7730 6452 501
7730 6452 501
7730 6452 501
7730 6452 501
7730 6452 501
7688 7773 501
7688 7773 501
7688 7773 501
7688 7773 501
7688 7773 501
7688 7773 501
7688 7773 501
7688 7773 501
7688 7773 501
7688 7773 501
7688 7773 501
7688 7773 501
5434 5295 503
5434 5295 503
5434 5295 503
5434 5295 503
5434 5295 503
5434 5295 503
5434 5295 503
5434 5295 503
5434 5295 503
5434 5295 503
5434 5295 503
5434 5295 503
7676 6609 503
7676 6609 503
7676 6609 503
7676 6609 503
7676 6609 503
7676 6609 503
7676 6609 503
7676 6609 503
7676 6609 503
7676 6609 503
7676 6609 503
7676 6609 503
7676 6609 503
7719 6517 504
7719 6517 504
7719 6517 504
7719 6517 504
7719 6517 504
7719 6517 504
7719 6517 504
7719 6517 504
7719 6517 504
7719 6517 504
7719 6517 504
7719 6517 504
6595 6523 504
6595 6523 504
6595 6523 504
6595 6523 504
6595 6523 504
6595 6523 504
6595 6523 504
6595 6523 504
6595 6523 504
6595 6523 504
6595 6523 504
6595 6523 504
7774 7997 504
7774 7997 504
7774 7997 504
7774 7997 504
7774 7997 504
7774 7997 504
7774 7997 504
7774 7997 504
7774 7997 504
7774 7997 504
7774 7997 504
7774 7997 504
7924 7954 504
7924 7954 504
7924 7954 504
7924 7954 504
7924 7954 504
7924 7954 504
7924 7954 504
7924 7954 504
7924 7954 504
7924 7954 504
7924 7954 504
7924 7954 504
7924 7954 504
6582 7763 505
6582 7763 505
6582 7763 505
6582 7763 505
6582 7763 505
6582 7763 505
6582 7763 505
6582 7763 505
6582 7763 505
6582 7763 505
6582 7763 505
6582 7763 505
6582 7763 505
8481 7704 505
8481 7704 505
8481 7704 505
8481 7704 505
8481 7704 505
8481 7704 505
8481 7704 505
8481 7704 505
8481 7704 505
8481 7704 505
8481 7704 505
8481 7704 505
8481 7704 505
6494 6489 506
6494 6489 506
6494 6489 506
6494 6489 506
6494 6489 506
6494 6489 506
6494 6489 506
6494 6489 506
6494 6489 506
6494 6489 506
6494 6489 506
6494 6489 506
7729 7908 507
7729 7908 507
7729 7908 507
7729 7908 507
7729 7908 507
7729 7908 507
7729 7908 507
7729 7908 507
7729 7908 507
7729 7908 507
7729 7908 507
7729 7908 507
7729 7908 507
6589 6532 508
6589 6532 508
6589 6532 508
6589 6532 508
6589 6532 508
6589 6532 508
6589 6532 508
6589 6532 508
6589 6532 508
6589 6532 508
6589 6532 508
6589 6532 508
6589 6532 508
8403 5366 508
8403 5366 508
8403 5366 508
8403 5366 508
8403 5366 508
8403 5366 508
8403 5366 508
8403 5366 508
8403 5366 508
8403 5366 508
8403 5366 508
8403 5366 508
6557 7729 508
6557 7729 508
6557 7729 508
6557 7729 508
6557 7729 508
6557 7729 508
6557 7729 508
6557 7729 508
6557 7729 508
6557 7729 508
6557 7729 508
6557 7729 508
6557 7729 508
6561 8438 509
6561 8438 509
6561 8438 509
6561 8438 509
6561 8438 509
6561 8438 509
6561 8438 509
6561 8438 509
6561 8438 509
6561 8438 509
6561 8438 509
6561 8438 509
7687 6613 509
7687 6613 509
7687 6613 509
7687 6613 509
7687 6613 509
7687 6613 509
7687 6613 509
7687 6613 509
7687 6613 509
7687 6613 509
7687 6613 509
7687 6613 509
7687 6613 509
6563 8464 509
6563 8464 509
6563 8464 509
6563 8464 509
6563 8464 509
6563 8464 509
6563 8464 509
6563 8464 509
6563 8464 509
6563 8464 509
6563 8464 509
6563 8464 509
6563 8464 509
5383 6006 512
5383 6006 512
5383 6006 512
5383 6006 512
5383 6006 512
5383 6006 512
5383 6006 512
5383 6006 512
5383 6006 512
5383 6006 512
5383 6006 512
5383 6006 512
6449 7664 512
6449 7664 512
6449 7664 512
6449 7664 512
6449 7664 512
6449 7664 512
6449 7664 512
6449 7664 512
6449 7664 512
6449 7664 512
6449 7664 512
6449 7664 512
5994 5259 512
5994 5259 512
5994 5259 512
5994 5259 512
5994 5259 512
5994 5259 512
5994 5259 512
5994 5259 512
5994 5259 512
5994 5259 512
5994 5259 512
5994 5259 512
5994 5259 512
5391 8459 512
5391 8459 512
5391 8459 512
5391 8459 512
5391 8459 512
5391 8459 512
5391 8459 512
5391 8459 512
5391 8459 512
5391 8459 512
5391 8459 512
5391 8459 512
7927 7782 512
7927 7782 512
7927 7782 512
7927 7782 512
7927 7782 512
7927 7782 512
7927 7782 512
7927 7782 512
7927 7782 512
7927 7782 512
7927 7782 512
7927 7782 512
6031 6002 512
6031 6002 512
6031 6002 512
6031 6002 512
6031 6002 512
6031 6002 512
6031 6002 512
6031 6002 512
6031 6002 512
6031 6002 512
6031 6002 512
6031 6002 512
6031 6002 512
5447 5357 513
5447 5357 513
5447 5357 513
5447 5357 513
5447 5357 513
5447 5357 513
5447 5357 513
5447 5357 513
5447 5357 513
5447 5357 513
5447 5357 513
5447 5357 513
5442 5359 513
5442 5359 513
5442 5359 513
5442 5359 513
5442 5359 513
5442 5359 513
5442 5359 513
5442 5359 513
5442 5359 513
5442 5359 513
5442 5359 513
5442 5359 513
5442 5359 513
8480 8002 513
8480 8002 513
8480 8002 513
8480 8002 513
8480 8002 513
8480 8002 513
8480 8002 513
8480 8002 513
8480 8002 513
8480 8002 513
8480 8002 513
8480 8002 513
5354 8452 515
5354 8452 515
5354 8452 515
5354 8452 515
5354 8452 515
5354 8452 515
5354 8452 515
5354 8452 515
5354 8452 515
5354 8452 515
5354 8452 515
5354 8452 515
5354 8452 515
5256 5458 515
5256 5458 515
5256 5458 515
5256 5458 515
5256 5458 515
5256 5458 515
5256 5458 515
5256 5458 515
5256 5458 515
5256 5458 515
5256 5458 515
5256 5458 515
5256 5458 515
6037 8440 515
6037 8440 515
6037 8440 515
6037 8440 515
6037 8440 515
6037 8440 515
6037 8440 515
6037 8440 515
6037 8440 515
6037 8440 515
6037 8440 515
6037 8440 515
7938 8474 516
7938 8474 516
7938 8474 516
7938 8474 516
7938 8474 516
7938 8474 516
7938 8474 516
7938 8474 516
7938 8474 516
7938 8474 516
7938 8474 516
7938 8474 516
7938 8474 516
6582 6514 516
6582 6514 516
6582 6514 516
6582 6514 516
6582 6514 516
6582 6514 516
6582 6514 516
6582 6514 516
6582 6514 516
6582 6514 516
6582 6514 516
6582 6514 516
6537 8682 516
6537 8682 516
6537 8682 516
6537 8682 516
6537 8682 516
6537 8682 516
6537 8682 516
6537 8682 516
6537 8682 516
6537 8682 516
6537 8682 516
6537 8682 516
6537 8682 516
7755 7687 517
7755 7687 517
7755 7687 517
7755 7687 517
7755 7687 517
7755 7687 517
7755 7687 517
7755 7687 517
7755 7687 517
7755 7687 517
7755 7687 517
7755 7687 517
7755 7687 517
5366 8470 517
5366 8470 517
5366 8470 517
5366 8470 517
5366 8470 517
5366 8470 517
5366 8470 517
5366 8470 517
5366 8470 517
5366 8470 517
5366 8470 517
5366 8470 517
5390 6597 518
5390 6597 518
5390 6597 518
5390 6597 518
5390 6597 518
5390 6597 518
5390 6597 518
5390 6597 518
5390 6597 518
5390 6597 518
5390 6597 518
5390 6597 518
6019 5526 518
6019 5526 518
6019 5526 518
6019 5526 518
6019 5526 518
6019 5526 518
6019 5526 518
6019 5526 518
6019 5526 518
6019 5526 518
6019 5526 518
6019 5526 518
6019 5526 518
7700 7915 518
7700 7915 518
7700 7915 518
7700 7915 518
7700 7915 518
7700 7915 518
7700 7915 518
7700 7915 518
7700 7915 518
7700 7915 518
7700 7915 518
7700 7915 518
5440 5990 519
5440 5990 519
5440 5990 519
5440 5990 519
5440 5990 519
5440 5990 519
5440 5990 519
5440 5990 519
5440 5990 519
5440 5990 519
5440 5990 519
5440 5990 519
8459 8435 519
8459 8435 519
8459 8435 519
8459 8435 519
8459 8435 519
8459 8435 519
8459 8435 519
8459 8435 519
8459 8435 519
8459 8435 519
8459 8435 519
8459 8435 519
8459 8435 519
6596 7761 519
6596 7761 519
6596 7761 519
6596 7761 519
6596 7761 519
6596 7761 519
6596 7761 519
6596 7761 519
6596 7761 519
6596 7761 519
6596 7761 519
6596 7761 519
6596 7761 519
6096 6052 520
6096 6052 520
6096 6052 520
6096 6052 520
6096 6052 520
6096 6052 520
6096 6052 520
6096 6052 520
6096 6052 520
6096 6052 520
6096 6052 520
6096 6052 520
5405 8436 520
5405 8436 520
5405 8436 520
5405 8436 520
5405 8436 520
5405 8436 520
5405 8436 520
5405 8436 520
5405 8436 520
5405 8436 520
5405 8436 520
5405 8436 520
5405 8436 520
6599 8468 520
6599 8468 520
6599 8468 520
6599 8468 520
6599 8468 520
6599 8468 520
6599 8468 520
6599 8468 520
6599 8468 520
6599 8468 520
6599 8468 520
6599 8468 520
6584 6385 521
6584 6385 521
6584 6385 521
6584 6385 521
6584 6385 521
6584 6385 521
6584 6385 521
6584 6385 521
6584 6385 521
6584 6385 521
6584 6385 521
6584 6385 521
6584 6385 521
5446 5259 522
5446 5259 522
5446 5259 522
5446 5259 522
5446 5259 522
5446 5259 522
5446 5259 522
5446 5259 522
5446 5259 522
5446 5259 522
5446 5259 522
5446 5259 522
5446 5259 522
8461 6552 522
8461 6552 522
8461 6552 522
8461 6552 522
8461 6552 522
8461 6552 522
8461 6552 522
8461 6552 522
8461 6552 522
8461 6552 522
8461 6552 522
8461 6552 522
6483 6305 523
6483 6305 523
6483 6305 523
6483 6305 523
6483 6305 523
6483 6305 523
6483 6305 523
6483 6305 523
6483 6305 523
6483 6305 523
6483 6305 523
6483 6305 523
6576 6497 523
6576 6497 523
6576 6497 523
6576 6497 523
6576 6497 523
6576 6497 523
6576 6497 523
6576 6497 523
6576 6497 523
6576 6497 523
6576 6497 523
6576 6497 523
6576 6497 523
6582 8438 523
6582 8438 523
6582 8438 523
6582 8438 523
6582 8438 523
6582 8438 523
6582 8438 523
6582 8438 523
6582 8438 523
6582 8438 523
6582 8438 523
6582 8438 523
6582 8438 523
7690 6575 524
7690 6575 524
7690 6575 524
7690 6575 524
7690 6575 524
7690 6575 524
7690 6575 524
7690 6575 524
7690 6575 524
7690 6575 524
7690 6575 524
7690 6575 524
7690 6575 524
6419 6557 524
6419 6557 524
6419 6557 524
6419 6557 524
6419 6557 524
6419 6557 524
6419 6557 524
6419 6557 524
6419 6557 524
6419 6557 524
6419 6557 524
6419 6557 524
6419 6557 524
7688 6562 524
7688 6562 524
7688 6562 524
7688 6562 524
7688 6562 524
7688 6562 524
7688 6562 524
7688 6562 524
7688 6562 524
7688 6562 524
7688 6562 524
7688 6562 524
7688 6562 524
7718 6450 524
7718 6450 524
7718 6450 524
7718 6450 524
7718 6450 524
7718 6450 524
7718 6450 524
7718 6450 524
7718 6450 524
7718 6450 524
7718 6450 524
7718 6450 524
7718 6450 524
7749 6533 524
7749 6533 524
7749 6533 524
7749 6533 524
7749 6533 524
7749 6533 524
7749 6533 524
7749 6533 524
7749 6533 524
7749 6533 524
7749 6533 524
7749 6533 524
5358 5308 525
5358 5308 525
5358 5308 525
5358 5308 525
5358 5308 525
5358 5308 525
5358 5308 525
5358 5308 525
5358 5308 525
5358 5308 525
5358 5308 525
5358 5308 525
5358 5308 525
6038 6543 525
6038 6543 525
6038 6543 525
6038 6543 525
6038 6543 525
6038 6543 525
6038 6543 525
6038 6543 525
6038 6543 525
6038 6543 525
6038 6543 525
6038 6543 525
6031 5400 525
6031 5400 525
6031 5400 525
6031 5400 525
6031 5400 525
6031 5400 525
6031 5400 525
6031 5400 525
6031 5400 525
6031 5400 525
6031 5400 525
6031 5400 525
6031 5400 525
6583 6407 526
6583 6407 526
6583 6407 526
6583 6407 526
6583 6407 526
6583 6407 526
6583 6407 526
6583 6407 526
6583 6407 526
6583 6407 526
6583 6407 526
6583 6407 526
7786 6024 526
7786 6024 526
7786 6024 526
7786 6024 526
7786 6024 526
7786 6024 526
7786 6024 526
7786 6024 526
7786 6024 526
7786 6024 526
7786 6024 526
7786 6024 526
7786 6024 526
6513 7711 526
6513 7711 526
6513 7711 526
6513 7711 526
6513 7711 526
6513 7711 526
6513 7711 526
6513 7711 526
6513 7711 526
6513 7711 526
6513 7711 526
6513 7711 526
6513 7711 526
6528 6542 526
6528 6542 526
6528 6542 526
6528 6542 526
6528 6542 526
6528 6542 526
6528 6542 526
6528 6542 526
6528 6542 526
6528 6542 526
6528 6542 526
6528 6542 526
6528 6542 526
6013 5353 527
6013 5353 527
6013 5353 527
6013 5353 527
6013 5353 527
6013 5353 527
6013 5353 527
6013 5353 527
6013 5353 527
6013 5353 527
6013 5353 527
6013 5353 527
6013 5353 527
8464 7774 527
8464 7774 527
8464 7774 527
8464 7774 527
8464 7774 527
8464 7774 527
8464 7774 527
8464 7774 527
8464 7774 527
8464 7774 527
8464 7774 527
8464 7774 527
7776 7919 527
7776 7919 527
7776 7919 527
7776 7919 527
7776 7919 527
7776 7919 527
7776 7919 527
7776 7919 527
7776 7919 527
7776 7919 527
7776 7919 527
7776 7919 527
7776 7919 527
8450 5363 527
8450 5363 527
8450 5363 527
8450 5363 527
8450 5363 527
8450 5363 527
8450 5363 527
8450 5363 527
8450 5363 527
8450 5363 527
8450 5363 527
8450 5363 527
8450 5363 527
7752 8468 527
7752 8468 527
7752 8468 527
7752 8468 527
7752 8468 527
7752 8468 527
7752 8468 527
7752 8468 527
7752 8468 527
7752 8468 527
7752 8468 527
7752 8468 527
5996 5425 527
5996 5425 527
5996 5425 527
5996 5425 527
5996 5425 527
5996 5425 527
5996 5425 527
5996 5425 527
5996 5425 527
5996 5425 527
5996 5425 527
5996 5425 527
6531 8436 528
6531 8436 528
6531 8436 528
6531 8436 528
6531 8436 528
6531 8436 528
6531 8436 528
6531 8436 528
6531 8436 528
6531 8436 528
6531 8436 528
6531 8436 528
6556 7756 528
6556 7756 528
6556 7756 528
6556 7756 528
6556 7756 528
6556 7756 528
6556 7756 528
6556 7756 528
6556 7756 528
6556 7756 528
6556 7756 528
6556 7756 528
7717 7683 529
7717 7683 529
7717 7683 529
7717 7683 529
7717 7683 529
7717 7683 529
7717 7683 529
7717 7683 529
7717 7683 529
7717 7683 529
7717 7683 529
7717 7683 529
7717 7683 529
6527 6542 529
6527 6542 529
6527 6542 529
6527 6542 529
6527 6542 529
6527 6542 529
6527 6542 529
6527 6542 529
6527 6542 529
6527 6542 529
6527 6542 529
6527 6542 529
8002 7729 530
8002 7729 530
8002 7729 530
8002 7729 530
8002 7729 530
8002 7729 530
8002 7729 530
8002 7729 530
8002 7729 530
8002 7729 530
8002 7729 530
8002 7729 530
5361 5285 530
5361 5285 530
5361 5285 530
5361 5285 530
5361 5285 530
5361 5285 530
5361 5285 530
5361 5285 530
5361 5285 530
5361 5285 530
5361 5285 530
5361 5285 530
5448 5253 531
5448 5253 531
5448 5253 531
5448 5253 531
5448 5253 531
5448 5253 531
5448 5253 531
5448 5253 531
5448 5253 531
5448 5253 531
5448 5253 531
5448 5253 531
5448 5253 531
7676 6544 531
7676 6544 531
7676 6544 531
7676 6544 531
7676 6544 531
7676 6544 531
7676 6544 531
7676 6544 531
7676 6544 531
7676 6544 531
7676 6544 531
7676 6544 531
7686 6506 531
7686 6506 531
7686 6506 531
7686 6506 531
7686 6506 531
7686 6506 531
7686 6506 531
7686 6506 531
7686 6506 531
7686 6506 531
7686 6506 531
7686 6506 531
7686 6506 531
5388 8469 531
5388 8469 531
5388 8469 531
5388 8469 531
5388 8469 531
5388 8469 531
5388 8469 531
5388 8469 531
5388 8469 531
5388 8469 531
5388 8469 531
5388 8469 531
5388 8469 531
6593 6511 532
6593 6511 532
6593 6511 532
6593 6511 532
6593 6511 532
6593 6511 532
6593 6511 532
6593 6511 532
6593 6511 532
6593 6511 532
6593 6511 532
6593 6511 532
6041 5542 533
6041 5542 533
6041 5542 533
6041 5542 533
6041 5542 533
6041 5542 533
6041 5542 533
6041 5542 533
6041 5542 533
6041 5542 533
6041 5542 533
6041 5542 533
6041 5542 533
5268 6548 533
5268 6548 533
5268 6548 533
5268 6548 533
5268 6548 533
5268 6548 533
5268 6548 533
5268 6548 533
5268 6548 533
5268 6548 533
5268 6548 533
5268 6548 533
5268 6548 533
6602 7732 533
6602 7732 533
6602 7732 533
6602 7732 533
6602 7732 533
6602 7732 533
6602 7732 533
6602 7732 533
6602 7732 533
6602 7732 533
6602 7732 533
6602 7732 533
7675 7814 533
7675 7814 533
7675 7814 533
7675 7814 533
7675 7814 533
7675 7814 533
7675 7814 533
7675 7814 533
7675 7814 533
7675 7814 533
7675 7814 533
7675 7814 533
7675 7814 533
6566 5390 534
6566 5390 534
6566 5390 534
6566 5390 534
6566 5390 534
6566 5390 534
6566 5390 534
6566 5390 534
6566 5390 534
6566 5390 534
6566 5390 534
6566 5390 534
5990 6548 534
5990 6548 534
5990 6548 534
5990 6548 534
5990 6548 534
5990 6548 534
5990 6548 534
5990 6548 534
5990 6548 534
5990 6548 534
5990 6548 534
5990 6548 534
5990 6548 534
6558 5386 535
6558 5386 535
6558 5386 535
6558 5386 535
6558 5386 535
6558 5386 535
6558 5386 535
6558 5386 535
6558 5386 535
6558 5386 535
6558 5386 535
6558 5386 535
7753 8454 535
7753 8454 535
7753 8454 535
7753 8454 535
7753 8454 535
7753 8454 535
7753 8454 535
7753 8454 535
7753 8454 535
7753 8454 535
7753 8454 535
7753 8454 535
7753 8454 535
5384 6407 535
5384 6407 535
5384 6407 535
5384 6407 535
5384 6407 535
5384 6407 535
5384 6407 535
5384 6407 535
5384 6407 535
5384 6407 535
5384 6407 535
5384 6407 535
5384 6407 535
6387 5359 536
6387 5359 536
6387 5359 536
6387 5359 536
6387 5359 536
6387 5359 536
6387 5359 536
6387 5359 536
6387 5359 536
6387 5359 536
6387 5359 536
6387 5359 536
6387 5359 536
5400 6042 536
5400 6042 536
5400 6042 536
5400 6042 536
5400 6042 536
5400 6042 536
5400 6042 536
5400 6042 536
5400 6042 536
5400 6042 536
5400 6042 536
5400 6042 536
5400 6042 536
7782 6024 536
7782 6024 536
7782 6024 536
7782 6024 536
7782 6024 536
7782 6024 536
7782 6024 536
7782 6024 536
7782 6024 536
7782 6024 536
7782 6024 536
7782 6024 536
7825 7787 536
7825 7787 536
7825 7787 536
7825 7787 536
7825 7787 536
7825 7787 536
7825 7787 536
7825 7787 536
7825 7787 536
7825 7787 536
7825 7787 536
7825 7787 536
8695 6387 537
8695 6387 537
8695 6387 537
8695 6387 537
8695 6387 537
8695 6387 537
8695 6387 537
8695 6387 537
8695 6387 537
8695 6387 537
8695 6387 537
8695 6387 537
8695 6387 537
6602 7781 537
6602 7781 537
6602 7781 537
6602 7781 537
6602 7781 537
6602 7781 537
6602 7781 537
6602 7781 537
6602 7781 537
6602 7781 537
6602 7781 537
6602 7781 537
6416 6536 537
6416 6536 537
6416 6536 537
6416 6536 537
6416 6536 537
6416 6536 537
6416 6536 537
6416 6536 537
6416 6536 537
6416 6536 537
6416 6536 537
6416 6536 537
7948 7768 538
7948 7768 538
7948 7768 538
7948 7768 538
7948 7768 538
7948 7768 538
7948 7768 538
7948 7768 538
7948 7768 538
7948 7768 538
7948 7768 538
7948 7768 538
7948 7768 538
8436 8685 538
8436 8685 538
8436 8685 538
8436 8685 538
8436 8685 538
8436 8685 538
8436 8685 538
8436 8685 538
8436 8685 538
8436 8685 538
8436 8685 538
8436 8685 538
5280 8445 538
5280 8445 538
5280 8445 538
5280 8445 538
5280 8445 538
5280 8445 538
5280 8445 538
5280 8445 538
5280 8445 538
5280 8445 538
5280 8445 538
5280 8445 538
7715 5359 538
7715 5359 538
7715 5359 538
7715 5359 538
7715 5359 538
7715 5359 538
7715 5359 538
7715 5359 538
7715 5359 538
7715 5359 538
7715 5359 538
7715 5359 538
5991 5259 539
5991 5259 539
5991 5259 539
5991 5259 539
5991 5259 539
5991 5259 539
5991 5259 539
5991 5259 539
5991 5259 539
5991 5259 539
5991 5259 539
5991 5259 539
5991 5259 539
6044 6595 539
6044 6595 539
6044 6595 539
6044 6595 539
6044 6595 539
6044 6595 539
6044 6595 539
6044 6595 539
6044 6595 539
6044 6595 539
6044 6595 539
6044 6595 539
6044 6595 539
6549 5391 540
6549 5391 540
6549 5391 540
6549 5391 540
6549 5391 540
6549 5391 540
6549 5391 540
6549 5391 540
6549 5391 540
6549 5391 540
6549 5391 540
6549 5391 540
5442 5986 542
5442 5986 542
5442 5986 542
5442 5986 542
5442 5986 542
5442 5986 542
5442 5986 542
5442 5986 542
5442 5986 542
5442 5986 542
5442 5986 542
5442 5986 542
5442 5986 542
5445 8766 542
5445 8766 542
5445 8766 542
5445 8766 542
5445 8766 542
5445 8766 542
5445 8766 542
5445 8766 542
5445 8766 542
5445 8766 542
5445 8766 542
5445 8766 542
5356 6610 543
5356 6610 543
5356 6610 543
5356 6610 543
5356 6610 543
5356 6610 543
5356 6610 543
5356 6610 543
5356 6610 543
5356 6610 543
5356 6610 543
5356 6610 543
7699 5995 544
7699 5995 544
7699 5995 544
7699 5995 544
7699 5995 544
7699 5995 544
7699 5995 544
7699 5995 544
7699 5995 544
7699 5995 544
7699 5995 544
7699 5995 544
5414 8768 544
5414 8768 544
5414 8768 544
5414 8768 544
5414 8768 544
5414 8768 544
5414 8768 544
5414 8768 544
5414 8768 544
5414 8768 544
5414 8768 544
5414 8768 544
5414 8768 544
7919 7762 545
7919 7762 545
7919 7762 545
7919 7762 545
7919 7762 545
7919 7762 545
7919 7762 545
7919 7762 545
7919 7762 545
7919 7762 545
7919 7762 545
7919 7762 545
5359 5276 545
5359 5276 545
5359 5276 545
5359 5276 545
5359 5276 545
5359 5276 545
5359 5276 545
5359 5276 545
5359 5276 545
5359 5276 545
5359 5276 545
5359 5276 545
5359 5276 545
9661 6461 546
9661 6461 546
9661 6461 546
9661 6461 546
9661 6461 546
9661 6461 546
9661 6461 546
9661 6461 546
9661 6461 546
9661 6461 546
9661 6461 546
9661 6461 546
6031 8464 546
6031 8464 546
6031 8464 546
6031 8464 546
6031 8464 546
6031 8464 546
6031 8464 546
6031 8464 546
6031 8464 546
6031 8464 546
6031 8464 546
6031 8464 546
7704 7830 547
7704 7830 547
7704 7830 547
7704 7830 547
7704 7830 547
7704 7830 547
7704 7830 547
7704 7830 547
7704 7830 547
7704 7830 547
7704 7830 547
7704 7830 547
7773 8475 549
7773 8475 549
7773 8475 549
7773 8475 549
7773 8475 549
7773 8475 549
7773 8475 549
7773 8475 549
7773 8475 549
7773 8475 549
7773 8475 549
7773 8475 549
6595 6488 550
6595 6488 550
6595 6488 550
6595 6488 550
6595 6488 550
6595 6488 550
6595 6488 550
6595 6488 550
6595 6488 550
6595 6488 550
6595 6488 550
6595 6488 550
6595 6488 550
5458 5251 550
5458 5251 550
5458 5251 550
5458 5251 550
5458 5251 550
5458 5251 550
5458 5251 550
5458 5251 550
5458 5251 550
5458 5251 550
5458 5251 550
5458 5251 550
8445 5370 550
8445 5370 550
8445 5370 550
8445 5370 550
8445 5370 550
8445 5370 550
8445 5370 550
8445 5370 550
8445 5370 550
8445 5370 550
8445 5370 550
8445 5370 550
8445 5370 550
5365 8450 552
5365 8450 552
5365 8450 552
5365 8450 552
5365 8450 552
5365 8450 552
5365 8450 552
5365 8450 552
5365 8450 552
5365 8450 552
5365 8450 552
5365 8450 552
5413 5986 552
5413 5986 552
5413 5986 552
5413 5986 552
5413 5986 552
5413 5986 552
5413 5986 552
5413 5986 552
5413 5986 552
5413 5986 552
5413 5986 552
5413 5986 552
6515 7632 553
6515 7632 553
6515 7632 553
6515 7632 553
6515 7632 553
6515 7632 553
6515 7632 553
6515 7632 553
6515 7632 553
6515 7632 553
6515 7632 553
6515 7632 553
8470 5364 553
8470 5364 553
8470 5364 553
8470 5364 553
8470 5364 553
8470 5364 553
8470 5364 553
8470 5364 553
8470 5364 553
8470 5364 553
8470 5364 553
8470 5364 553
7715 5359 553
7715 5359 553
7715 5359 553
7715 5359 553
7715 5359 553
7715 5359 553
7715 5359 553
7715 5359 553
7715 5359 553
7715 5359 553
7715 5359 553
7715 5359 553
8449 8466 553
8449 8466 553
8449 8466 553
8449 8466 553
8449 8466 553
8449 8466 553
8449 8466 553
8449 8466 553
8449 8466 553
8449 8466 553
8449 8466 553
8449 8466 553
7916 7947 555
7916 7947 555
7916 7947 555
7916 7947 555
7916 7947 555
7916 7947 555
7916 7947 555
7916 7947 555
7916 7947 555
7916 7947 555
7916 7947 555
7916 7947 555
6507 7757 555
6507 7757 555
6507 7757 555
6507 7757 555
6507 7757 555
6507 7757 555
6507 7757 555
6507 7757 555
6507 7757 555
6507 7757 555
6507 7757 555
6507 7757 555
6543 6570 555
6543 6570 555
6543 6570 555
6543 6570 555
6543 6570 555
6543 6570 555
6543 6570 555
6543 6570 555
6543 6570 555
6543 6570 555
6543 6570 555
6543 6570 555
6543 6570 555
8440 7696 555
8440 7696 555
8440 7696 555
8440 7696 555
8440 7696 555
8440 7696 555
8440 7696 555
8440 7696 555
8440 7696 555
8440 7696 555
8440 7696 555
8440 7696 555
8440 7696 555
6592 7772 557
6592 7772 557
6592 7772 557
6592 7772 557
6592 7772 557
6592 7772 557
6592 7772 557
6592 7772 557
6592 7772 557
6592 7772 557
6592 7772 557
6592 7772 557
6592 7772 557
7914 8462 557
7914 8462 557
7914 8462 557
7914 8462 557
7914 8462 557
7914 8462 557
7914 8462 557
7914 8462 557
7914 8462 557
7914 8462 557
7914 8462 557
7914 8462 557
6509 6409 559
6509 6409 559
6509 6409 559
6509 6409 559
6509 6409 559
6509 6409 559
6509 6409 559
6509 6409 559
6509 6409 559
6509 6409 559
6509 6409 559
6509 6409 559
6580 8683 561
6580 8683 561
6580 8683 561
6580 8683 561
6580 8683 561
6580 8683 561
6580 8683 561
6580 8683 561
6580 8683 561
6580 8683 561
6580 8683 561
6580 8683 561
6542 7759 561
6542 7759 561
6542 7759 561
6542 7759 561
6542 7759 561
6542 7759 561
6542 7759 561
6542 7759 561
6542 7759 561
6542 7759 561
6542 7759 561
6542 7759 561
6575 6357 564
6575 6357 564
6575 6357 564
6575 6357 564
6575 6357 564
6575 6357 564
6575 6357 564
6575 6357 564
6575 6357 564
6575 6357 564
6575 6357 564
6575 6357 564
6531 5392 566
6531 5392 566
6531 5392 566
6531 5392 566
6531 5392 566
6531 5392 566
6531 5392 566
6531 5392 566
6531 5392 566
6531 5392 566
6531 5392 566
6531 5392 566
6010 5371 566
6010 5371 566
6010 5371 566
6010 5371 566
6010 5371 566
6010 5371 566
6010 5371 566
6010 5371 566
6010 5371 566
6010 5371 566
6010 5371 566
6010 5371 566
6010 5371 566
6608 5433 566
6608 5433 566
6608 5433 566
6608 5433 566
6608 5433 566
6608 5433 566
6608 5433 566
6608 5433 566
6608 5433 566
6608 5433 566
6608 5433 566
6608 5433 566
6019 6051 566
6019 6051 566
6019 6051 566
6019 6051 566
6019 6051 566
6019 6051 566
6019 6051 566
6019 6051 566
6019 6051 566
6019 6051 566
6019 6051 566
6019 6051 566
6019 6051 566
6584 6588 568
6584 6588 568
6584 6588 568
6584 6588 568
6584 6588 568
6584 6588 568
6584 6588 568
6584 6588 568
6584 6588 568
6584 6588 568
6584 6588 568
6584 6588 568
6584 6588 568
6043 6013 568
6043 6013 568
6043 6013 568
6043 6013 568
6043 6013 568
6043 6013 568
6043 6013 568
6043 6013 568
6043 6013 568
6043 6013 568
6043 6013 568
6043 6013 568
5990 6552 569
5990 6552 569
5990 6552 569
5990 6552 569
5990 6552 569
5990 6552 569
5990 6552 569
5990 6552 569
5990 6552 569
5990 6552 569
5990 6552 569
5990 6552 569
6018 7783 570
6018 7783 570
6018 7783 570
6018 7783 570
6018 7783 570
6018 7783 570
6018 7783 570
6018 7783 570
6018 7783 570
6018 7783 570
6018 7783 570
6018 7783 570
6018 7783 570
5364 6552 573
5364 6552 573
5364 6552 573
5364 6552 573
5364 6552 573
5364 6552 573
5364 6552 573
5364 6552 573
5364 6552 573
5364 6552 573
5364 6552 573
5364 6552 573
5364 6552 573
5356 6387 578
5356 6387 578
5356 6387 578
5356 6387 578
5356 6387 578
5356 6387 578
5356 6387 578
5356 6387 578
5356 6387 578
5356 6387 578
5356 6387 578
5356 6387 578
7786 6606 580
7786 6606 580
7786 6606 580
7786 6606 580
7786 6606 580
7786 6606 580
7786 6606 580
7786 6606 580
7786 6606 580
7786 6606 580
7786 6606 580
7786 6606 580
6031 5404 586
6031 5404 586
6031 5404 586
6031 5404 586
6031 5404 586
6031 5404 586
6031 5404 586
6031 5404 586
6031 5404 586
6031 5404 586
6031 5404 586
6031 5404 586
6031 5404 586
6582 6387 588
6582 6387 588
6582 6387 588
6582 6387 588
6582 6387 588
6582 6387 588
6582 6387 588
6582 6387 588
6582 6387 588
6582 6387 588
6582 6387 588
6582 6387 588
6582 6387 588
8431 6380 591
8431 6380 591
8431 6380 591
8431 6380 591
8431 6380 591
8431 6380 591
8431 6380 591
8431 6380 591
8431 6380 591
8431 6380 591
8431 6380 591
8431 6380 591
8760 5440 605
8760 5440 605
8760 5440 605
8760 5440 605
8760 5440 605
8760 5440 605
8760 5440 605
8760 5440 605
8760 5440 605
8760 5440 605
8760 5440 605
8760 5440 605
8760 5440 605
7721 6579 616
7721 6579 616
7721 6579 616
7721 6579 616
7721 6579 616
7721 6579 616
7721 6579 616
7721 6579 616
7721 6579 616
7721 6579 616
7721 6579 616
7721 6579 616
7721 6579 616
6549 7723 616
6549 7723 616
6549 7723 616
6549 7723 616
6549 7723 616
6549 7723 616
6549 7723 616
6549 7723 616
6549 7723 616
6549 7723 616
6549 7723 616
6549 7723 616
6549 7723 616
6544 7707 617
6544 7707 617
6544 7707 617
6544 7707 617
6544 7707 617
6544 7707 617
6544 7707 617
6544 7707 617
6544 7707 617
6544 7707 617
6544 7707 617
6544 7707 617
6544 7707 617
6549 6573 620
6549 6573 620
6549 6573 620
6549 6573 620
6549 6573 620
6549 6573 620
6549 6573 620
6549 6573 620
6549 6573 620
6549 6573 620
6549 6573 620
6549 6573 620
6544 6608 621
6544 6608 621
6544 6608 621
6544 6608 621
6544 6608 621
6544 6608 621
6544 6608 621
6544 6608 621
6544 6608 621
6544 6608 621
6544 6608 621
6544 6608 621
5426 6591 621
5426 6591 621
5426 6591 621
5426 6591 621
5426 6591 621
5426 6591 621
5426 6591 621
5426 6591 621
5426 6591 621
5426 6591 621
5426 6591 621
5426 6591 621
5426 6591 621
7922 7724 623
7922 7724 623
7922 7724 623
7922 7724 623
7922 7724 623
7922 7724 623
7922 7724 623
7922 7724 623
7922 7724 623
7922 7724 623
7922 7724 623
7922 7724 623
7922 7724 623
5259 5405 625
5259 5405 625
5259 5405 625
5259 5405 625
5259 5405 625
5259 5405 625
5259 5405 625
5259 5405 625
5259 5405 625
5259 5405 625
5259 5405 625
5259 5405 625
8459 5354 625
8459 5354 625
8459 5354 625
8459 5354 625
8459 5354 625
8459 5354 625
8459 5354 625
8459 5354 625
8459 5354 625
8459 5354 625
8459 5354 625
8459 5354 625
6604 6583 626
6604 6583 626
6604 6583 626
6604 6583 626
6604 6583 626
6604 6583 626
6604 6583 626
6604 6583 626
6604 6583 626
6604 6583 626
6604 6583 626
6604 6583 626
6604 6583 626
6451 6471 627
6451 6471 627
6451 6471 627
6451 6471 627
6451 6471 627
6451 6471 627
6451 6471 627
6451 6471 627
6451 6471 627
6451 6471 627
6451 6471 627
6451 6471 627
6451 6471 627
5358 8451 627
5358 8451 627
5358 8451 627
5358 8451 627
5358 8451 627
5358 8451 627
5358 8451 627
5358 8451 627
5358 8451 627
5358 8451 627
5358 8451 627
5358 8451 627
5358 8451 627
6491 9606 629
6491 9606 629
6491 9606 629
6491 9606 629
6491 9606 629
6491 9606 629
6491 9606 629
6491 9606 629
6491 9606 629
6491 9606 629
6491 9606 629
6491 9606 629
8468 7688 629
8468 7688 629
8468 7688 629
8468 7688 629
8468 7688 629
8468 7688 629
8468 7688 629
8468 7688 629
8468 7688 629
8468 7688 629
8468 7688 629
8468 7688 629
8468 7688 629
6549 6593 629
6549 6593 629
6549 6593 629
6549 6593 629
6549 6593 629
6549 6593 629
6549 6593 629
6549 6593 629
6549 6593 629
6549 6593 629
6549 6593 629
6549 6593 629
6549 6593 629
7664 6521 629
7664 6521 629
7664 6521 629
7664 6521 629
7664 6521 629
7664 6521 629
7664 6521 629
7664 6521 629
7664 6521 629
7664 6521 629
7664 6521 629
7664 6521 629
7664 6521 629
7940 7760 630
7940 7760 630
7940 7760 630
7940 7760 630
7940 7760 630
7940 7760 630
7940 7760 630
7940 7760 630
7940 7760 630
7940 7760 630
7940 7760 630
7940 7760 630
7940 7760 630
7943 7716 630
7943 7716 630
7943 7716 630
7943 7716 630
7943 7716 630
7943 7716 630
7943 7716 630
7943 7716 630
7943 7716 630
7943 7716 630
7943 7716 630
7943 7716 630
8478 7693 630
8478 7693 630
8478 7693 630
8478 7693 630
8478 7693 630
8478 7693 630
8478 7693 630
8478 7693 630
8478 7693 630
8478 7693 630
8478 7693 630
8478 7693 630
8478 7693 630
6002 7767 632
6002 7767 632
6002 7767 632
6002 7767 632
6002 7767 632
6002 7767 632
6002 7767 632
6002 7767 632
6002 7767 632
6002 7767 632
6002 7767 632
6002 7767 632
7694 6562 632
7694 6562 632
7694 6562 632
7694 6562 632
7694 6562 632
7694 6562 632
7694 6562 632
7694 6562 632
7694 6562 632
7694 6562 632
7694 6562 632
7694 6562 632
6018 5987 633
6018 5987 633
6018 5987 633
6018 5987 633
6018 5987 633
6018 5987 633
6018 5987 633
6018 5987 633
6018 5987 633
6018 5987 633
6018 5987 633
6018 5987 633
7728 7845 635
7728 7845 635
7728 7845 635
7728 7845 635
7728 7845 635
7728 7845 635
7728 7845 635
7728 7845 635
7728 7845 635
7728 7845 635
7728 7845 635
7728 7845 635
7728 7845 635
5257 6548 636
5257 6548 636
5257 6548 636
5257 6548 636
5257 6548 636
5257 6548 636
5257 6548 636
5257 6548 636
5257 6548 636
5257 6548 636
5257 6548 636
5257 6548 636
5257 6548 636
5409 6592 636
5409 6592 636
5409 6592 636
5409 6592 636
5409 6592 636
5409 6592 636
5409 6592 636
5409 6592 636
5409 6592 636
5409 6592 636
5409 6592 636
5409 6592 636
7786 7767 637
7786 7767 637
7786 7767 637
7786 7767 637
7786 7767 637
7786 7767 637
7786 7767 637
7786 7767 637
7786 7767 637
7786 7767 637
7786 7767 637
7786 7767 637
7786 7767 637
7670 5924 637
7670 5924 637
7670 5924 637
7670 5924 637
7670 5924 637
7670 5924 637
7670 5924 637
7670 5924 637
7670 5924 637
7670 5924 637
7670 5924 637
7670 5924 637
5397 8461 637
5397 8461 637
5397 8461 637
5397 8461 637
5397 8461 637
5397 8461 637
5397 8461 637
5397 8461 637
5397 8461 637
5397 8461 637
5397 8461 637
5397 8461 637
6387 5370 637
6387 5370 637
6387 5370 637
6387 5370 637
6387 5370 637
6387 5370 637
6387 5370 637
6387 5370 637
6387 5370 637
6387 5370 637
6387 5370 637
6387 5370 637
5403 5255 639
5403 5255 639
5403 5255 639
5403 5255 639
5403 5255 639
5403 5255 639
5403 5255 639
5403 5255 639
5403 5255 639
5403 5255 639
5403 5255 639
5403 5255 639
5403 5255 639
6543 6600 640
6543 6600 640
6543 6600 640
6543 6600 640
6543 6600 640
6543 6600 640
6543 6600 640
6543 6600 640
6543 6600 640
6543 6600 640
6543 6600 640
6543 6600 640
7845 7928 640
7845 7928 640
7845 7928 640
7845 7928 640
7845 7928 640
7845 7928 640
7845 7928 640
7845 7928 640
7845 7928 640
7845 7928 640
7845 7928 640
7845 7928 640
8663 5276 640
8663 5276 640
8663 5276 640
8663 5276 640
8663 5276 640
8663 5276 640
8663 5276 640
8663 5276 640
8663 5276 640
8663 5276 640
8663 5276 640
8663 5276 640
7836 7749 640
7836 7749 640
7836 7749 640
7836 7749 640
7836 7749 640
7836 7749 640
7836 7749 640
7836 7749 640
7836 7749 640
7836 7749 640
7836 7749 640
7836 7749 640
7836 7749 640
6011 6566 640
6011 6566 640
6011 6566 640
6011 6566 640
6011 6566 640
6011 6566 640
6011 6566 640
6011 6566 640
6011 6566 640
6011 6566 640
6011 6566 640
6011 6566 640
8459 7706 641
8459 7706 641
8459 7706 641
8459 7706 641
8459 7706 641
8459 7706 641
8459 7706 641
8459 7706 641
8459 7706 641
8459 7706 641
8459 7706 641
8459 7706 641
6043 7731 641
6043 7731 641
6043 7731 641
6043 7731 641
6043 7731 641
6043 7731 641
6043 7731 641
6043 7731 641
6043 7731 641
6043 7731 641
6043 7731 641
6043 7731 641
6043 7731 641
5432 5354 641
5432 5354 641
5432 5354 641
5432 5354 641
5432 5354 641
5432 5354 641
5432 5354 641
5432 5354 641
5432 5354 641
5432 5354 641
5432 5354 641
5432 5354 641
5432 5354 641
7830 7752 642
7830 7752 642
7830 7752 642
7830 7752 642
7830 7752 642
7830 7752 642
7830 7752 642
7830 7752 642
7830 7752 642
7830 7752 642
7830 7752 642
7830 7752 642
7830 7752 642
5266 5417 642
5266 5417 642
5266 5417 642
5266 5417 642
5266 5417 642
5266 5417 642
5266 5417 642
5266 5417 642
5266 5417 642
5266 5417 642
5266 5417 642
5266 5417 642
8459 7688 644
8459 7688 644
8459 7688 644
8459 7688 644
8459 7688 644
8459 7688 644
8459 7688 644
8459 7688 644
8459 7688 644
8459 7688 644
8459 7688 644
8459 7688 644
8459 7688 644
6538 6612 644
6538 6612 644
6538 6612 644
6538 6612 644
6538 6612 644
6538 6612 644
6538 6612 644
6538 6612 644
6538 6612 644
6538 6612 644
6538 6612 644
6538 6612 644
6538 6612 644
6045 5377 645
6045 5377 645
6045 5377 645
6045 5377 645
6045 5377 645
6045 5377 645
6045 5377 645
6045 5377 645
6045 5377 645
6045 5377 645
6045 5377 645
6045 5377 645
6045 5377 645
5986 7755 645
5986 7755 645
5986 7755 645
5986 7755 645
5986 7755 645
5986 7755 645
5986 7755 645
5986 7755 645
5986 7755 645
5986 7755 645
5986 7755 645
5986 7755 645
5258 6547 646
5258 6547 646
5258 6547 646
5258 6547 646
5258 6547 646
5258 6547 646
5258 6547 646
5258 6547 646
5258 6547 646
5258 6547 646
5258 6547 646
5258 6547 646
5258 6547 646
8678 6582 647
8678 6582 647
8678 6582 647
8678 6582 647
8678 6582 647
8678 6582 647
8678 6582 647
8678 6582 647
8678 6582 647
8678 6582 647
8678 6582 647
8678 6582 647
8444 6595 647
8444 6595 647
8444 6595 647
8444 6595 647
8444 6595 647
8444 6595 647
8444 6595 647
8444 6595 647
8444 6595 647
8444 6595 647
8444 6595 647
8444 6595 647
6542 5359 647
6542 5359 647
6542 5359 647
6542 5359 647
6542 5359 647
6542 5359 647
6542 5359 647
6542 5359 647
6542 5359 647
6542 5359 647
6542 5359 647
6542 5359 647
6461 6504 648
6461 6504 648
6461 6504 648
6461 6504 648
6461 6504 648
6461 6504 648
6461 6504 648
6461 6504 648
6461 6504 648
6461 6504 648
6461 6504 648
6461 6504 648
6461 6504 648
6024 5428 648
6024 5428 648
6024 5428 648
6024 5428 648
6024 5428 648
6024 5428 648
6024 5428 648
6024 5428 648
6024 5428 648
6024 5428 648
6024 5428 648
6024 5428 648
6024 5428 648
5256 5436 649
5256 5436 649
5256 5436 649
5256 5436 649
5256 5436 649
5256 5436 649
5256 5436 649
5256 5436 649
5256 5436 649
5256 5436 649
5256 5436 649
5256 5436 649
5256 5436 649
5545 6038 650
5545 6038 650
5545 6038 650
5545 6038 650
5545 6038 650
5545 6038 650
5545 6038 650
5545 6038 650
5545 6038 650
5545 6038 650
5545 6038 650
5545 6038 650
5545 6038 650
6538 6508 650
6538 6508 650
6538 6508 650
6538 6508 650
6538 6508 650
6538 6508 650
6538 6508 650
6538 6508 650
6538 6508 650
6538 6508 650
6538 6508 650
6538 6508 650
7941 7717 650
7941 7717 650
7941 7717 650
7941 7717 650
7941 7717 650
7941 7717 650
7941 7717 650
7941 7717 650
7941 7717 650
7941 7717 650
7941 7717 650
7941 7717 650
7749 6612 651
7749 6612 651
7749 6612 651
7749 6612 651
7749 6612 651
7749 6612 651
7749 6612 651
7749 6612 651
7749 6612 651
7749 6612 651
7749 6612 651
7749 6612 651
5399 7715 651
5399 7715 651
5399 7715 651
5399 7715 651
5399 7715 651
5399 7715 651
5399 7715 651
5399 7715 651
5399 7715 651
5399 7715 651
5399 7715 651
5399 7715 651
5399 7715 651
6564 6455 651
6564 6455 651
6564 6455 651
6564 6455 651
6564 6455 651
6564 6455 651
6564 6455 651
6564 6455 651
6564 6455 651
6564 6455 651
6564 6455 651
6564 6455 651
6564 6455 651
8475 6056 651
8475 6056 651
8475 6056 651
8475 6056 651
8475 6056 651
8475 6056 651
8475 6056 651
8475 6056 651
8475 6056 651
8475 6056 651
8475 6056 651
8475 6056 651
7691 8449 652
7691 8449 652
7691 8449 652
7691 8449 652
7691 8449 652
7691 8449 652
7691 8449 652
7691 8449 652
7691 8449 652
7691 8449 652
7691 8449 652
7691 8449 652
5987 5428 652
5987 5428 652
5987 5428 652
5987 5428 652
5987 5428 652
5987 5428 652
5987 5428 652
5987 5428 652
5987 5428 652
5987 5428 652
5987 5428 652
5987 5428 652
5987 5428 652
8452 8432 652
8452 8432 652
8452 8432 652
8452 8432 652
8452 8432 652
8452 8432 652
8452 8432 652
8452 8432 652
8452 8432 652
8452 8432 652
8452 8432 652
8452 8432 652
8452 8432 652
5358 6592 653
5358 6592 653
5358 6592 653
5358 6592 653
5358 6592 653
5358 6592 653
5358 6592 653
5358 6592 653
5358 6592 653
5358 6592 653
5358 6592 653
5358 6592 653
7678 7739 654
7678 7739 654
7678 7739 654
7678 7739 654
7678 7739 654
7678 7739 654
7678 7739 654
7678 7739 654
7678 7739 654
7678 7739 654
7678 7739 654
7678 7739 654
7751 8453 654
7751 8453 654
7751 8453 654
7751 8453 654
7751 8453 654
7751 8453 654
7751 8453 654
7751 8453 654
7751 8453 654
7751 8453 654
7751 8453 654
7751 8453 654
7751 8453 654
7683 7698 655
7683 7698 655
7683 7698 655
7683 7698 655
7683 7698 655
7683 7698 655
7683 7698 655
7683 7698 655
7683 7698 655
7683 7698 655
7683 7698 655
7683 7698 655
7683 7698 655
7718 6559 655
7718 6559 655
7718 6559 655
7718 6559 655
7718 6559 655
7718 6559 655
7718 6559 655
7718 6559 655
7718 6559 655
7718 6559 655
7718 6559 655
7718 6559 655
7718 6559 655
7691 7785 656
7691 7785 656
7691 7785 656
7691 7785 656
7691 7785 656
7691 7785 656
7691 7785 656
7691 7785 656
7691 7785 656
7691 7785 656
7691 7785 656
7691 7785 656
8459 7696 656
8459 7696 656
8459 7696 656
8459 7696 656
8459 7696 656
8459 7696 656
8459 7696 656
8459 7696 656
8459 7696 656
8459 7696 656
8459 7696 656
8459 7696 656
6549 6521 656
6549 6521 656
6549 6521 656
6549 6521 656
6549 6521 656
6549 6521 656
6549 6521 656
6549 6521 656
6549 6521 656
6549 6521 656
6549 6521 656
6549 6521 656
6549 6521 656
7723 8457 657
7723 8457 657
7723 8457 657
7723 8457 657
7723 8457 657
7723 8457 657
7723 8457 657
7723 8457 657
7723 8457 657
7723 8457 657
7723 8457 657
7723 8457 657
8459 6594 657
8459 6594 657
8459 6594 657
8459 6594 657
8459 6594 657
8459 6594 657
8459 6594 657
8459 6594 657
8459 6594 657
8459 6594 657
8459 6594 657
8459 6594 657
7763 8443 658
7763 8443 658
7763 8443 658
7763 8443 658
7763 8443 658
7763 8443 658
7763 8443 658
7763 8443 658
7763 8443 658
7763 8443 658
7763 8443 658
7763 8443 658
7763 8443 658
7757 6050 660
7757 6050 660
7757 6050 660
7757 6050 660
7757 6050 660
7757 6050 660
7757 6050 660
7757 6050 660
7757 6050 660
7757 6050 660
7757 6050 660
7757 6050 660
6609 6554 660
6609 6554 660
6609 6554 660
6609 6554 660
6609 6554 660
6609 6554 660
6609 6554 660
6609 6554 660
6609 6554 660
6609 6554 660
6609 6554 660
6609 6554 660
6562 8677 660
6562 8677 660
6562 8677 660
6562 8677 660
6562 8677 660
6562 8677 660
6562 8677 660
6562 8677 660
6562 8677 660
6562 8677 660
6562 8677 660
6562 8677 660
6562 8677 660
5270 5438 660
5270 5438 660
5270 5438 660
5270 5438 660
5270 5438 660
5270 5438 660
5270 5438 660
5270 5438 660
5270 5438 660
5270 5438 660
5270 5438 660
5270 5438 660
5413 5256 660
5413 5256 660
5413 5256 660
5413 5256 660
5413 5256 660
5413 5256 660
5413 5256 660
5413 5256 660
5413 5256 660
5413 5256 660
5413 5256 660
5413 5256 660
8474 5353 661
8474 5353 661
8474 5353 661
8474 5353 661
8474 5353 661
8474 5353 661
8474 5353 661
8474 5353 661
8474 5353 661
8474 5353 661
8474 5353 661
8474 5353 661
5353 8675 663
5353 8675 663
5353 8675 663
5353 8675 663
5353 8675 663
5353 8675 663
5353 8675 663
5353 8675 663
5353 8675 663
5353 8675 663
5353 8675 663
5353 8675 663
5353 8675 663
5309 5262 663
5309 5262 663
5309 5262 663
5309 5262 663
5309 5262 663
5309 5262 663
5309 5262 663
5309 5262 663
5309 5262 663
5309 5262 663
5309 5262 663
5309 5262 663
7843 7739 663
7843 7739 663
7843 7739 663
7843 7739 663
7843 7739 663
7843 7739 663
7843 7739 663
7843 7739 663
7843 7739 663
7843 7739 663
7843 7739 663
7843 7739 663
7843 7739 663
6605 8468 663
6605 8468 663
6605 8468 663
6605 8468 663
6605 8468 663
6605 8468 663
6605 8468 663
6605 8468 663
6605 8468 663
6605 8468 663
6605 8468 663
6605 8468 663
5413 5985 663
5413 5985 663
5413 5985 663
5413 5985 663
5413 5985 663
5413 5985 663
5413 5985 663
5413 5985 663
5413 5985 663
5413 5985 663
5413 5985 663
5413 5985 663
5413 5985 663
5271 5447 663
5271 5447 663
5271 5447 663
5271 5447 663
5271 5447 663
5271 5447 663
5271 5447 663
5271 5447 663
5271 5447 663
5271 5447 663
5271 5447 663
5271 5447 663
6607 5371 664
6607 5371 664
6607 5371 664
6607 5371 664
6607 5371 664
6607 5371 664
6607 5371 664
6607 5371 664
6607 5371 664
6607 5371 664
6607 5371 664
6607 5371 664
5389 5425 664
5389 5425 664
5389 5425 664
5389 5425 664
5389 5425 664
5389 5425 664
5389 5425 664
5389 5425 664
5389 5425 664
5389 5425 664
5389 5425 664
5389 5425 664
6420 7687 664
6420 7687 664
6420 7687 664
6420 7687 664
6420 7687 664
6420 7687 664
6420 7687 664
6420 7687 664
6420 7687 664
6420 7687 664
6420 7687 664
6420 7687 664
5263 8777 665
5263 8777 665
5263 8777 665
5263 8777 665
5263 8777 665
5263 8777 665
5263 8777 665
5263 8777 665
5263 8777 665
5263 8777 665
5263 8777 665
5263 8777 665
5263 8777 665
5996 5444 665
5996 5444 665
5996 5444 665
5996 5444 665
5996 5444 665
5996 5444 665
5996 5444 665
5996 5444 665
5996 5444 665
5996 5444 665
5996 5444 665
5996 5444 665
5392 5295 665
5392 5295 665
5392 5295 665
5392 5295 665
5392 5295 665
5392 5295 665
5392 5295 665
5392 5295 665
5392 5295 665
5392 5295 665
5392 5295 665
5392 5295 665
5993 7696 666
5993 7696 666
5993 7696 666
5993 7696 666
5993 7696 666
5993 7696 666
5993 7696 666
5993 7696 666
5993 7696 666
5993 7696 666
5993 7696 666
5993 7696 666
5993 7696 666
5261 6419 666
5261 6419 666
5261 6419 666
5261 6419 666
5261 6419 666
5261 6419 666
5261 6419 666
5261 6419 666
5261 6419 666
5261 6419 666
5261 6419 666
5261 6419 666
5261 6419 666
8458 7676 666
8458 7676 666
8458 7676 666
8458 7676 666
8458 7676 666
8458 7676 666
8458 7676 666
8458 7676 666
8458 7676 666
8458 7676 666
8458 7676 666
8458 7676 666
7698 6607 666
7698 6607 666
7698 6607 666
7698 6607 666
7698 6607 666
7698 6607 666
7698 6607 666
7698 6607 666
7698 6607 666
7698 6607 666
7698 6607 666
7698 6607 666
7698 6607 666
5426 8402 667
5426 8402 667
5426 8402 667
5426 8402 667
5426 8402 667
5426 8402 667
5426 8402 667
5426 8402 667
5426 8402 667
5426 8402 667
5426 8402 667
5426 8402 667
5426 8402 667
6096 6010 667
6096 6010 667
6096 6010 667
6096 6010 667
6096 6010 667
6096 6010 667
6096 6010 667
6096 6010 667
6096 6010 667
6096 6010 667
6096 6010 667
6096 6010 667
7730 7823 667
7730 7823 667
7730 7823 667
7730 7823 667
7730 7823 667
7730 7823 667
7730 7823 667
7730 7823 667
7730 7823 667
7730 7823 667
7730 7823 667
7730 7823 667
6491 6511 668
6491 6511 668
6491 6511 668
6491 6511 668
6491 6511 668
6491 6511 668
6491 6511 668
6491 6511 668
6491 6511 668
6491 6511 668
6491 6511 668
6491 6511 668
6486 9615 668
6486 9615 668
6486 9615 668
6486 9615 668
6486 9615 668
6486 9615 668
6486 9615 668
6486 9615 668
6486 9615 668
6486 9615 668
6486 9615 668
6486 9615 668
6486 9615 668
7926 7939 669
7926 7939 669
7926 7939 669
7926 7939 669
7926 7939 669
7926 7939 669
7926 7939 669
7926 7939 669
7926 7939 669
7926 7939 669
7926 7939 669
7926 7939 669
7926 7939 669
8468 7727 669
8468 7727 669
8468 7727 669
8468 7727 669
8468 7727 669
8468 7727 669
8468 7727 669
8468 7727 669
8468 7727 669
8468 7727 669
8468 7727 669
8468 7727 669
8468 7727 669
6585 6578 670
6585 6578 670
6585 6578 670
6585 6578 670
6585 6578 670
6585 6578 670
6585 6578 670
6585 6578 670
6585 6578 670
6585 6578 670
6585 6578 670
6585 6578 670
7771 7916 670
7771 7916 670
7771 7916 670
7771 7916 670
7771 7916 670
7771 7916 670
7771 7916 670
7771 7916 670
7771 7916 670
7771 7916 670
7771 7916 670
7771 7916 670
7771 7916 670
7693 6588 670
7693 6588 670
7693 6588 670
7693 6588 670
7693 6588 670
7693 6588 670
7693 6588 670
7693 6588 670
7693 6588 670
7693 6588 670
7693 6588 670
7693 6588 670
6563 6599 670
6563 6599 670
6563 6599 670
6563 6599 670
6563 6599 670
6563 6599 670
6563 6599 670
6563 6599 670
6563 6599 670
6563 6599 670
6563 6599 670
6563 6599 670
6438 7954 671
6438 7954 671
6438 7954 671
6438 7954 671
6438 7954 671
6438 7954 671
6438 7954 671
6438 7954 671
6438 7954 671
6438 7954 671
6438 7954 671
6438 7954 671
6438 7954 671
8443 5530 671
8443 5530 671
8443 5530 671
8443 5530 671
8443 5530 671
8443 5530 671
8443 5530 671
8443 5530 671
8443 5530 671
8443 5530 671
8443 5530 671
8443 5530 671
7693 6554 672
7693 6554 672
7693 6554 672
7693 6554 672
7693 6554 672
7693 6554 672
7693 6554 672
7693 6554 672
7693 6554 672
7693 6554 672
7693 6554 672
7693 6554 672
5375 8461 672
5375 8461 672
5375 8461 672
5375 8461 672
5375 8461 672
5375 8461 672
5375 8461 672
5375 8461 672
5375 8461 672
5375 8461 672
5375 8461 672
5375 8461 672
8450 8402 672
8450 8402 672
8450 8402 672
8450 8402 672
8450 8402 672
8450 8402 672
8450 8402 672
8450 8402 672
8450 8402 672
8450 8402 672
8450 8402 672
8450 8402 672
5426 8451 672
5426 8451 672
5426 8451 672
5426 8451 672
5426 8451 672
5426 8451 672
5426 8451 672
5426 8451 672
5426 8451 672
5426 8451 672
5426 8451 672
5426 8451 672
5426 8451 672
7747 6572 672
7747 6572 672
7747 6572 672
7747 6572 672
7747 6572 672
7747 6572 672
7747 6572 672
7747 6572 672
7747 6572 672
7747 6572 672
7747 6572 672
7747 6572 672
7747 6572 672
7710 7785 673
7710 7785 673
7710 7785 673
7710 7785 673
7710 7785 673
7710 7785 673
7710 7785 673
7710 7785 673
7710 7785 673
7710 7785 673
7710 7785 673
7710 7785 673
5263 8431 673
5263 8431 673
5263 8431 673
5263 8431 673
5263 8431 673
5263 8431 673
5263 8431 673
5263 8431 673
5263 8431 673
5263 8431 673
5263 8431 673
5263 8431 673
5263 8431 673
7770 7917 673
7770 7917 673
7770 7917 673
7770 7917 673
7770 7917 673
7770 7917 673
7770 7917 673
7770 7917 673
7770 7917 673
7770 7917 673
7770 7917 673
7770 7917 673
7770 7917 673
7803 7909 673
7803 7909 673
7803 7909 673
7803 7909 673
7803 7909 673
7803 7909 673
7803 7909 673
7803 7909 673
7803 7909 673
7803 7909 673
7803 7909 673
7803 7909 673
8682 6556 673
8682 6556 673
8682 6556 673
8682 6556 673
8682 6556 673
8682 6556 673
8682 6556 673
8682 6556 673
8682 6556 673
8682 6556 673
8682 6556 673
8682 6556 673
8682 6556 673
6602 6517 673
6602 6517 673
6602 6517 673
6602 6517 673
6602 6517 673
6602 6517 673
6602 6517 673
6602 6517 673
6602 6517 673
6602 6517 673
6602 6517 673
6602 6517 673
5283 6565 673
5283 6565 673
5283 6565 673
5283 6565 673
5283 6565 673
5283 6565 673
5283 6565 673
5283 6565 673
5283 6565 673
5283 6565 673
5283 6565 673
5283 6565 673
5283 6565 673
8682 8436 674
8682 8436 674
8682 8436 674
8682 8436 674
8682 8436 674
8682 8436 674
8682 8436 674
8682 8436 674
8682 8436 674
8682 8436 674
8682 8436 674
8682 8436 674
5448 5397 674
5448 5397 674
5448 5397 674
5448 5397 674
5448 5397 674
5448 5397 674
5448 5397 674
5448 5397 674
5448 5397 674
5448 5397 674
5448 5397 674
5448 5397 674
5924 7845 674
5924 7845 674
5924 7845 674
5924 7845 674
5924 7845 674
5924 7845 674
5924 7845 674
5924 7845 674
5924 7845 674
5924 7845 674
5924 7845 674
5924 7845 674
5924 7845 674
7690 6552 675
7690 6552 675
7690 6552 675
7690 6552 675
7690 6552 675
7690 6552 675
7690 6552 675
7690 6552 675
7690 6552 675
7690 6552 675
7690 6552 675
7690 6552 675
7723 8438 675
7723 8438 675
7723 8438 675
7723 8438 675
7723 8438 675
7723 8438 675
7723 8438 675
7723 8438 675
7723 8438 675
7723 8438 675
7723 8438 675
7723 8438 675
7723 8438 675
5358 5991 676
5358 5991 676
5358 5991 676
5358 5991 676
5358 5991 676
5358 5991 676
5358 5991 676
5358 5991 676
5358 5991 676
5358 5991 676
5358 5991 676
5358 5991 676
5283 9145 676
5283 9145 676
5283 9145 676
5283 9145 676
5283 9145 676
5283 9145 676
5283 9145 676
5283 9145 676
5283 9145 676
5283 9145 676
5283 9145 676
5283 9145 676
5986 5425 676
5986 5425 676
5986 5425 676
5986 5425 676
5986 5425 676
5986 5425 676
5986 5425 676
5986 5425 676
5986 5425 676
5986 5425 676
5986 5425 676
5986 5425 676
5986 5425 676
6461 6498 676
6461 6498 676
6461 6498 676
6461 6498 676
6461 6498 676
6461 6498 676
6461 6498 676
6461 6498 676
6461 6498 676
6461 6498 676
6461 6498 676
6461 6498 676
6461 6498 676
8462 7948 676
8462 7948 676
8462 7948 676
8462 7948 676
8462 7948 676
8462 7948 676
8462 7948 676
8462 7948 676
8462 7948 676
8462 7948 676
8462 7948 676
8462 7948 676
5391 6532 676
5391 6532 676
5391 6532 676
5391 6532 676
5391 6532 676
5391 6532 676
5391 6532 676
5391 6532 676
5391 6532 676
5391 6532 676
5391 6532 676
5391 6532 676
5391 6532 676
7824 7745 677
7824 7745 677
7824 7745 677
7824 7745 677
7824 7745 677
7824 7745 677
7824 7745 677
7824 7745 677
7824 7745 677
7824 7745 677
7824 7745 677
7824 7745 677
7824 7745 677
5385 5359 677
5385 5359 677
5385 5359 677
5385 5359 677
5385 5359 677
5385 5359 677
5385 5359 677
5385 5359 677
5385 5359 677
5385 5359 677
5385 5359 677
5385 5359 677
5385 5359 677
6365 6575 677
6365 6575 677
6365 6575 677
6365 6575 677
6365 6575 677
6365 6575 677
6365 6575 677
6365 6575 677
6365 6575 677
6365 6575 677
6365 6575 677
6365 6575 677
6365 6575 677
7682 7695 678
7682 7695 678
7682 7695 678
7682 7695 678
7682 7695 678
7682 7695 678
7682 7695 678
7682 7695 678
7682 7695 678
7682 7695 678
7682 7695 678
7682 7695 678
7682 7695 678
6554 5251 678
6554 5251 678
6554 5251 678
6554 5251 678
6554 5251 678
6554 5251 678
6554 5251 678
6554 5251 678
6554 5251 678
6554 5251 678
6554 5251 678
6554 5251 678
6554 5251 678
5411 6591 678
5411 6591 678
5411 6591 678
5411 6591 678
5411 6591 678
5411 6591 678
5411 6591 678
5411 6591 678
5411 6591 678
5411 6591 678
5411 6591 678
5411 6591 678
5411 6591 678
5417 7765 679
5417 7765 679
5417 7765 679
5417 7765 679
5417 7765 679
5417 7765 679
5417 7765 679
5417 7765 679
5417 7765 679
5417 7765 679
5417 7765 679
5417 7765 679
7732 8465 679
7732 8465 679
7732 8465 679
7732 8465 679
7732 8465 679
7732 8465 679
7732 8465 679
7732 8465 679
7732 8465 679
7732 8465 679
7732 8465 679
7732 8465 679
7732 8465 679
7753 7818 679
7753 7818 679
7753 7818 679
7753 7818 679
7753 7818 679
7753 7818 679
7753 7818 679
7753 7818 679
7753 7818 679
7753 7818 679
7753 7818 679
7753 7818 679
7739 6515 679
7739 6515 679
7739 6515 679
7739 6515 679
7739 6515 679
7739 6515 679
7739 6515 679
7739 6515 679
7739 6515 679
7739 6515 679
7739 6515 679
7739 6515 679
9524 5258 680
9524 5258 680
9524 5258 680
9524 5258 680
9524 5258 680
9524 5258 680
9524 5258 680
9524 5258 680
9524 5258 680
9524 5258 680
9524 5258 680
9524 5258 680
7717 6449 680
7717 6449 680
7717 6449 680
7717 6449 680
7717 6449 680
7717 6449 680
7717 6449 680
7717 6449 680
7717 6449 680
7717 6449 680
7717 6449 680
7717 6449 680
7747 6601 681
7747 6601 681
7747 6601 681
7747 6601 681
7747 6601 681
7747 6601 681
7747 6601 681
7747 6601 681
7747 6601 681
7747 6601 681
7747 6601 681
7747 6601 681
7747 6601 681
5254 9145 681
5254 9145 681
5254 9145 681
5254 9145 681
5254 9145 681
5254 9145 681
5254 9145 681
5254 9145 681
5254 9145 681
5254 9145 681
5254 9145 681
5254 9145 681
5254 9145 681
8684 6534 681
8684 6534 681
8684 6534 681
8684 6534 681
8684 6534 681
8684 6534 681
8684 6534 681
8684 6534 681
8684 6534 681
8684 6534 681
8684 6534 681
8684 6534 681
7747 6602 681
7747 6602 681
7747 6602 681
7747 6602 681
7747 6602 681
7747 6602 681
7747 6602 681
7747 6602 681
7747 6602 681
7747 6602 681
7747 6602 681
7747 6602 681
7720 5359 681
7720 5359 681
7720 5359 681
7720 5359 681
7720 5359 681
7720 5359 681
7720 5359 681
7720 5359 681
7720 5359 681
7720 5359 681
7720 5359 681
7720 5359 681
7720 5359 681
6595 8436 681
6595 8436 681
6595 8436 681
6595 8436 681
6595 8436 681
6595 8436 681
6595 8436 681
6595 8436 681
6595 8436 681
6595 8436 681
6595 8436 681
6595 8436 681
8465 5359 682
8465 5359 682
8465 5359 682
8465 5359 682
8465 5359 682
8465 5359 682
8465 5359 682
8465 5359 682
8465 5359 682
8465 5359 682
8465 5359 682
8465 5359 682
8465 5359 682
5996 7769 685
5996 7769 685
5996 7769 685
5996 7769 685
5996 7769 685
5996 7769 685
5996 7769 685
5996 7769 685
5996 7769 685
5996 7769 685
5996 7769 685
5996 7769 685
8447 6407 685
8447 6407 685
8447 6407 685
8447 6407 685
8447 6407 685
8447 6407 685
8447 6407 685
8447 6407 685
8447 6407 685
8447 6407 685
8447 6407 685
8447 6407 685
8447 6407 685
6498 7699 686
6498 7699 686
6498 7699 686
6498 7699 686
6498 7699 686
6498 7699 686
6498 7699 686
6498 7699 686
6498 7699 686
6498 7699 686
6498 7699 686
6498 7699 686
6498 7699 686
8431 6530 686
8431 6530 686
8431 6530 686
8431 6530 686
8431 6530 686
8431 6530 686
8431 6530 686
8431 6530 686
8431 6530 686
8431 6530 686
8431 6530 686
8431 6530 686
5393 7759 687
5393 7759 687
5393 7759 687
5393 7759 687
5393 7759 687
5393 7759 687
5393 7759 687
5393 7759 687
5393 7759 687
5393 7759 687
5393 7759 687
5393 7759 687
5359 8696 687
5359 8696 687
5359 8696 687
5359 8696 687
5359 8696 687
5359 8696 687
5359 8696 687
5359 8696 687
5359 8696 687
5359 8696 687
5359 8696 687
5359 8696 687
6597 6533 687
6597 6533 687
6597 6533 687
6597 6533 687
6597 6533 687
6597 6533 687
6597 6533 687
6597 6533 687
6597 6533 687
6597 6533 687
6597 6533 687
6597 6533 687
6597 6533 687
6601 7690 688
6601 7690 688
6601 7690 688
6601 7690 688
6601 7690 688
6601 7690 688
6601 7690 688
6601 7690 688
6601 7690 688
6601 7690 688
6601 7690 688
6601 7690 688
6601 7690 688
7817 7929 688
7817 7929 688
7817 7929 688
7817 7929 688
7817 7929 688
7817 7929 688
7817 7929 688
7817 7929 688
7817 7929 688
7817 7929 688
7817 7929 688
7817 7929 688
7817 7929 688
7739 7782 689
7739 7782 689
7739 7782 689
7739 7782 689
7739 7782 689
7739 7782 689
7739 7782 689
7739 7782 689
7739 7782 689
7739 7782 689
7739 7782 689
7739 7782 689
7739 7782 689
5390 7763 690
5390 7763 690
5390 7763 690
5390 7763 690
5390 7763 690
5390 7763 690
5390 7763 690
5390 7763 690
5390 7763 690
5390 7763 690
5390 7763 690
5390 7763 690
5390 7763 690
6555 6355 690
6555 6355 690
6555 6355 690
6555 6355 690
6555 6355 690
6555 6355 690
6555 6355 690
6555 6355 690
6555 6355 690
6555 6355 690
6555 6355 690
6555 6355 690
6033 8447 691
6033 8447 691
6033 8447 691
6033 8447 691
6033 8447 691
6033 8447 691
6033 8447 691
6033 8447 691
6033 8447 691
6033 8447 691
6033 8447 691
6033 8447 691
6033 8447 691
9156 5279 691
9156 5279 691
9156 5279 691
9156 5279 691
9156 5279 691
9156 5279 691
9156 5279 691
9156 5279 691
9156 5279 691
9156 5279 691
9156 5279 691
9156 5279 691
8769 5308 691
8769 5308 691
8769 5308 691
8769 5308 691
8769 5308 691
8769 5308 691
8769 5308 691
8769 5308 691
8769 5308 691
8769 5308 691
8769 5308 691
8769 5308 691
8769 5308 691
7699 7913 692
7699 7913 692
7699 7913 692
7699 7913 692
7699 7913 692
7699 7913 692
7699 7913 692
7699 7913 692
7699 7913 692
7699 7913 692
7699 7913 692
7699 7913 692
5282 8459 693
5282 8459 693
5282 8459 693
5282 8459 693
5282 8459 693
5282 8459 693
5282 8459 693
5282 8459 693
5282 8459 693
5282 8459 693
5282 8459 693
5282 8459 693
5443 5396 694
5443 5396 694
5443 5396 694
5443 5396 694
5443 5396 694
5443 5396 694
5443 5396 694
5443 5396 694
5443 5396 694
5443 5396 694
5443 5396 694
5443 5396 694
5443 5396 694
6584 7683 694
6584 7683 694
6584 7683 694
6584 7683 694
6584 7683 694
6584 7683 694
6584 7683 694
6584 7683 694
6584 7683 694
6584 7683 694
6584 7683 694
6584 7683 694
7687 7678 695
7687 7678 695
7687 7678 695
7687 7678 695
7687 7678 695
7687 7678 695
7687 7678 695
7687 7678 695
7687 7678 695
7687 7678 695
7687 7678 695
7687 7678 695
7687 7678 695
7694 6560 695
7694 6560 695
7694 6560 695
7694 6560 695
7694 6560 695
7694 6560 695
7694 6560 695
7694 6560 695
7694 6560 695
7694 6560 695
7694 6560 695
7694 6560 695
8481 7961 696
8481 7961 696
8481 7961 696
8481 7961 696
8481 7961 696
8481 7961 696
8481 7961 696
8481 7961 696
8481 7961 696
8481 7961 696
8481 7961 696
8481 7961 696
7968 7910 697
7968 7910 697
7968 7910 697
7968 7910 697
7968 7910 697
7968 7910 697
7968 7910 697
7968 7910 697
7968 7910 697
7968 7910 697
7968 7910 697
7968 7910 697
7699 6505 697
7699 6505 697
7699 6505 697
7699 6505 697
7699 6505 697
7699 6505 697
7699 6505 697
7699 6505 697
7699 6505 697
7699 6505 697
7699 6505 697
7699 6505 697
7699 6505 697
7971 7948 698
7971 7948 698
7971 7948 698
7971 7948 698
7971 7948 698
7971 7948 698
7971 7948 698
7971 7948 698
7971 7948 698
7971 7948 698
7971 7948 698
7971 7948 698
7971 7948 698
7819 7694 698
7819 7694 698
7819 7694 698
7819 7694 698
7819 7694 698
7819 7694 698
7819 7694 698
7819 7694 698
7819 7694 698
7819 7694 698
7819 7694 698
7819 7694 698
7819 7694 698
7757 6602 699
7757 6602 699
7757 6602 699
7757 6602 699
7757 6602 699
7757 6602 699
7757 6602 699
7757 6602 699
7757 6602 699
7757 6602 699
7757 6602 699
7757 6602 699
9606 6407 700
9606 6407 700
9606 6407 700
9606 6407 700
9606 6407 700
9606 6407 700
9606 6407 700
9606 6407 700
9606 6407 700
9606 6407 700
9606 6407 700
9606 6407 700
9606 6407 700
5429 8464 700
5429 8464 700
5429 8464 700
5429 8464 700
5429 8464 700
5429 8464 700
5429 8464 700
5429 8464 700
5429 8464 700
5429 8464 700
5429 8464 700
5429 8464 700
5429 8464 700
5446 5410 701
5446 5410 701
5446 5410 701
5446 5410 701
5446 5410 701
5446 5410 701
5446 5410 701
5446 5410 701
5446 5410 701
5446 5410 701
5446 5410 701
5446 5410 701
6355 6416 701
6355 6416 701
6355 6416 701
6355 6416 701
6355 6416 701
6355 6416 701
6355 6416 701
6355 6416 701
6355 6416 701
6355 6416 701
6355 6416 701
6355 6416 701
5392 9754 702
5392 9754 702
5392 9754 702
5392 9754 702
5392 9754 702
5392 9754 702
5392 9754 702
5392 9754 702
5392 9754 702
5392 9754 702
5392 9754 702
5392 9754 702
6344 8768 702
6344 8768 702
6344 8768 702
6344 8768 702
6344 8768 702
6344 8768 702
6344 8768 702
6344 8768 702
6344 8768 702
6344 8768 702
6344 8768 702
6344 8768 702
6344 8768 702
7701 7835 702
7701 7835 702
7701 7835 702
7701 7835 702
7701 7835 702
7701 7835 702
7701 7835 702
7701 7835 702
7701 7835 702
7701 7835 702
7701 7835 702
7701 7835 702
7701 7835 702
5417 7719 704
5417 7719 704
5417 7719 704
5417 7719 704
5417 7719 704
5417 7719 704
5417 7719 704
5417 7719 704
5417 7719 704
5417 7719 704
5417 7719 704
5417 7719 704
6524 7725 704
6524 7725 704
6524 7725 704
6524 7725 704
6524 7725 704
6524 7725 704
6524 7725 704
6524 7725 704
6524 7725 704
6524 7725 704
6524 7725 704
6524 7725 704
6524 7725 704
5384 8437 704
5384 8437 704
5384 8437 704
5384 8437 704
5384 8437 704
5384 8437 704
5384 8437 704
5384 8437 704
5384 8437 704
5384 8437 704
5384 8437 704
5384 8437 704
5416 5256 707
5416 5256 707
5416 5256 707
5416 5256 707
5416 5256 707
5416 5256 707
5416 5256 707
5416 5256 707
5416 5256 707
5416 5256 707
5416 5256 707
5416 5256 707
5416 5256 707
6501 7738 707
6501 7738 707
6501 7738 707
6501 7738 707
6501 7738 707
6501 7738 707
6501 7738 707
6501 7738 707
6501 7738 707
6501 7738 707
6501 7738 707
6501 7738 707
8710 5291 707
8710 5291 707
8710 5291 707
8710 5291 707
8710 5291 707
8710 5291 707
8710 5291 707
8710 5291 707
8710 5291 707
8710 5291 707
8710 5291 707
8710 5291 707
5443 5292 708
5443 5292 708
5443 5292 708
5443 5292 708
5443 5292 708
5443 5292 708
5443 5292 708
5443 5292 708
5443 5292 708
5443 5292 708
5443 5292 708
5443 5292 708
7725 7942 710
7725 7942 710
7725 7942 710
7725 7942 710
7725 7942 710
7725 7942 710
7725 7942 710
7725 7942 710
7725 7942 710
7725 7942 710
7725 7942 710
7725 7942 710
7725 7942 710
5410 8457 710
5410 8457 710
5410 8457 710
5410 8457 710
5410 8457 710
5410 8457 710
5410 8457 710
5410 8457 710
5410 8457 710
5410 8457 710
5410 8457 710
5410 8457 710
6450 8680 711
6450 8680 711
6450 8680 711
6450 8680 711
6450 8680 711
6450 8680 711
6450 8680 711
6450 8680 711
6450 8680 711
6450 8680 711
6450 8680 711
6450 8680 711
6450 8680 711
6599 7713 711
6599 7713 711
6599 7713 711
6599 7713 711
6599 7713 711
6599 7713 711
6599 7713 711
6599 7713 711
6599 7713 711
6599 7713 711
6599 7713 711
6599 7713 711
5272 5388 711
5272 5388 711
5272 5388 711
5272 5388 711
5272 5388 711
5272 5388 711
5272 5388 711
5272 5388 711
5272 5388 711
5272 5388 711
5272 5388 711
5272 5388 711
5272 5388 711
7690 6383 713
7690 6383 713
7690 6383 713
7690 6383 713
7690 6383 713
7690 6383 713
7690 6383 713
7690 6383 713
7690 6383 713
7690 6383 713
7690 6383 713
7690 6383 713
7688 7963 713
7688 7963 713
7688 7963 713
7688 7963 713
7688 7963 713
7688 7963 713
7688 7963 713
7688 7963 713
7688 7963 713
7688 7963 713
7688 7963 713
7688 7963 713
8759 5242 713
8759 5242 713
8759 5242 713
8759 5242 713
8759 5242 713
8759 5242 713
8759 5242 713
8759 5242 713
8759 5242 713
8759 5242 713
8759 5242 713
8759 5242 713
6497 6333 713
6497 6333 713
6497 6333 713
6497 6333 713
6497 6333 713
6497 6333 713
6497 6333 713
6497 6333 713
6497 6333 713
6497 6333 713
6497 6333 713
6497 6333 713
7751 6440 714
7751 6440 714
7751 6440 714
7751 6440 714
7751 6440 714
7751 6440 714
7751 6440 714
7751 6440 714
7751 6440 714
7751 6440 714
7751 6440 714
7751 6440 714
7676 6468 714
7676 6468 714
7676 6468 714
7676 6468 714
7676 6468 714
7676 6468 714
7676 6468 714
7676 6468 714
7676 6468 714
7676 6468 714
7676 6468 714
7676 6468 714
6544 7684 714
6544 7684 714
6544 7684 714
6544 7684 714
6544 7684 714
6544 7684 714
6544 7684 714
6544 7684 714
6544 7684 714
6544 7684 714
6544 7684 714
6544 7684 714
6544 7684 714
7688 7940 715
7688 7940 715
7688 7940 715
7688 7940 715
7688 7940 715
7688 7940 715
7688 7940 715
7688 7940 715
7688 7940 715
7688 7940 715
7688 7940 715
7688 7940 715
7688 7940 715
5260 6556 716
5260 6556 716
5260 6556 716
5260 6556 716
5260 6556 716
5260 6556 716
5260 6556 716
5260 6556 716
5260 6556 716
5260 6556 716
5260 6556 716
5260 6556 716
8445 8471 716
8445 8471 716
8445 8471 716
8445 8471 716
8445 8471 716
8445 8471 716
8445 8471 716
8445 8471 716
8445 8471 716
8445 8471 716
8445 8471 716
8445 8471 716
7492 6471 716
7492 6471 716
7492 6471 716
7492 6471 716
7492 6471 716
7492 6471 716
7492 6471 716
7492 6471 716
7492 6471 716
7492 6471 716
7492 6471 716
7492 6471 716
8480 7946 716
8480 7946 716
8480 7946 716
8480 7946 716
8480 7946 716
8480 7946 716
8480 7946 716
8480 7946 716
8480 7946 716
8480 7946 716
8480 7946 716
8480 7946 716
6025 5427 717
6025 5427 717
6025 5427 717
6025 5427 717
6025 5427 717
6025 5427 717
6025 5427 717
6025 5427 717
6025 5427 717
6025 5427 717
6025 5427 717
6025 5427 717
6510 6483 717
6510 6483 717
6510 6483 717
6510 6483 717
6510 6483 717
6510 6483 717
6510 6483 717
6510 6483 717
6510 6483 717
6510 6483 717
6510 6483 717
6510 6483 717
6572 6543 718
6572 6543 718
6572 6543 718
6572 6543 718
6572 6543 718
6572 6543 718
6572 6543 718
6572 6543 718
6572 6543 718
6572 6543 718
6572 6543 718
6572 6543 718
9146 5275 718
9146 5275 718
9146 5275 718
9146 5275 718
9146 5275 718
9146 5275 718
9146 5275 718
9146 5275 718
9146 5275 718
9146 5275 718
9146 5275 718
9146 5275 718
9146 5275 718
6594 7787 718
6594 7787 718
6594 7787 718
6594 7787 718
6594 7787 718
6594 7787 718
6594 7787 718
6594 7787 718
6594 7787 718
6594 7787 718
6594 7787 718
6594 7787 718
6560 5358 718
6560 5358 718
6560 5358 718
6560 5358 718
6560 5358 718
6560 5358 718
6560 5358 718
6560 5358 718
6560 5358 718
6560 5358 718
6560 5358 718
6560 5358 718
5257 8453 718
5257 8453 718
5257 8453 718
5257 8453 718
5257 8453 718
5257 8453 718
5257 8453 718
5257 8453 718
5257 8453 718
5257 8453 718
5257 8453 718
5257 8453 718
5257 8453 718
9154 5258 719
9154 5258 719
9154 5258 719
9154 5258 719
9154 5258 719
9154 5258 719
9154 5258 719
9154 5258 719
9154 5258 719
9154 5258 719
9154 5258 719
9154 5258 719
6586 7759 719
6586 7759 719
6586 7759 719
6586 7759 719
6586 7759 719
6586 7759 719
6586 7759 719
6586 7759 719
6586 7759 719
6586 7759 719
6586 7759 719
6586 7759 719
5400 6591 719
5400 6591 719
5400 6591 719
5400 6591 719
5400 6591 719
5400 6591 719
5400 6591 719
5400 6591 719
5400 6591 719
5400 6591 719
5400 6591 719
5400 6591 719
5400 6591 719
6048 5432 719
6048 5432 719
6048 5432 719
6048 5432 719
6048 5432 719
6048 5432 719
6048 5432 719
6048 5432 719
6048 5432 719
6048 5432 719
6048 5432 719
6048 5432 719
7915 7759 719
7915 7759 719
7915 7759 719
7915 7759 719
7915 7759 719
7915 7759 719
7915 7759 719
7915 7759 719
7915 7759 719
7915 7759 719
7915 7759 719
7915 7759 719
7915 7759 719
6455 7713 720
6455 7713 720
6455 7713 720
6455 7713 720
6455 7713 720
6455 7713 720
6455 7713 720
6455 7713 720
6455 7713 720
6455 7713 720
6455 7713 720
6455 7713 720
6602 6537 720
6602 6537 720
6602 6537 720
6602 6537 720
6602 6537 720
6602 6537 720
6602 6537 720
6602 6537 720
6602 6537 720
6602 6537 720
6602 6537 720
6602 6537 720
5551 5283 721
5551 5283 721
5551 5283 721
5551 5283 721
5551 5283 721
5551 5283 721
5551 5283 721
5551 5283 721
5551 5283 721
5551 5283 721
5551 5283 721
5551 5283 721
5522 5261 722
5522 5261 722
5522 5261 722
5522 5261 722
5522 5261 722
5522 5261 722
5522 5261 722
5522 5261 722
5522 5261 722
5522 5261 722
5522 5261 722
5522 5261 722
5522 5261 722
5353 6409 723
5353 6409 723
5353 6409 723
5353 6409 723
5353 6409 723
5353 6409 723
5353 6409 723
5353 6409 723
5353 6409 723
5353 6409 723
5353 6409 723
5353 6409 723
5353 6409 723
7927 7782 723
7927 7782 723
7927 7782 723
7927 7782 723
7927 7782 723
7927 7782 723
7927 7782 723
7927 7782 723
7927 7782 723
7927 7782 723
7927 7782 723
7927 7782 723
5412 5259 723
5412 5259 723
5412 5259 723
5412 5259 723
5412 5259 723
5412 5259 723
5412 5259 723
5412 5259 723
5412 5259 723
5412 5259 723
5412 5259 723
5412 5259 723
5412 5259 723
7761 6564 724
7761 6564 724
7761 6564 724
7761 6564 724
7761 6564 724
7761 6564 724
7761 6564 724
7761 6564 724
7761 6564 724
7761 6564 724
7761 6564 724
7761 6564 724
7761 6564 724
7786 7709 724
7786 7709 724
7786 7709 724
7786 7709 724
7786 7709 724
7786 7709 724
7786 7709 724
7786 7709 724
7786 7709 724
7786 7709 724
7786 7709 724
7786 7709 724
7786 7709 724
6448 6381 725
6448 6381 725
6448 6381 725
6448 6381 725
6448 6381 725
6448 6381 725
6448 6381 725
6448 6381 725
6448 6381 725
6448 6381 725
6448 6381 725
6448 6381 725
6448 6381 725
8448 7768 726
8448 7768 726
8448 7768 726
8448 7768 726
8448 7768 726
8448 7768 726
8448 7768 726
8448 7768 726
8448 7768 726
8448 7768 726
8448 7768 726
8448 7768 726
8683 8696 726
8683 8696 726
8683 8696 726
8683 8696 726
8683 8696 726
8683 8696 726
8683 8696 726
8683 8696 726
8683 8696 726
8683 8696 726
8683 8696 726
8683 8696 726
8683 8696 726
6544 6384 727
6544 6384 727
6544 6384 727
6544 6384 727
6544 6384 727
6544 6384 727
6544 6384 727
6544 6384 727
6544 6384 727
6544 6384 727
6544 6384 727
6544 6384 727
6544 6384 727
7737 6490 727
7737 6490 727
7737 6490 727
7737 6490 727
7737 6490 727
7737 6490 727
7737 6490 727
7737 6490 727
7737 6490 727
7737 6490 727
7737 6490 727
7737 6490 727
6053 7707 727
6053 7707 727
6053 7707 727
6053 7707 727
6053 7707 727
6053 7707 727
6053 7707 727
6053 7707 727
6053 7707 727
6053 7707 727
6053 7707 727
6053 7707 727
6053 7707 727
8472 7721 727
8472 7721 727
8472 7721 727
8472 7721 727
8472 7721 727
8472 7721 727
8472 7721 727
8472 7721 727
8472 7721 727
8472 7721 727
8472 7721 727
8472 7721 727
6581 7708 727
6581 7708 727
6581 7708 727
6581 7708 727
6581 7708 727
6581 7708 727
6581 7708 727
6581 7708 727
6581 7708 727
6581 7708 727
6581 7708 727
6581 7708 727
6581 7708 727
8442 6004 727
8442 6004 727
8442 6004 727
8442 6004 727
8442 6004 727
8442 6004 727
8442 6004 727
8442 6004 727
8442 6004 727
8442 6004 727
8442 6004 727
8442 6004 727
7914 7787 728
7914 7787 728
7914 7787 728
7914 7787 728
7914 7787 728
7914 7787 728
7914 7787 728
7914 7787 728
7914 7787 728
7914 7787 728
7914 7787 728
7914 7787 728
7748 7718 729
7748 7718 729
7748 7718 729
7748 7718 729
7748 7718 729
7748 7718 729
7748 7718 729
7748 7718 729
7748 7718 729
7748 7718 729
7748 7718 729
7748 7718 729
8431 9532 729
8431 9532 729
8431 9532 729
8431 9532 729
8431 9532 729
8431 9532 729
8431 9532 729
8431 9532 729
8431 9532 729
8431 9532 729
8431 9532 729
8431 9532 729
8431 9532 729
6576 8459 729
6576 8459 729
6576 8459 729
6576 8459 729
6576 8459 729
6576 8459 729
6576 8459 729
6576 8459 729
6576 8459 729
6576 8459 729
6576 8459 729
6576 8459 729
6576 8459 729
7887 7907 730
7887 7907 730
7887 7907 730
7887 7907 730
7887 7907 730
7887 7907 730
7887 7907 730
7887 7907 730
7887 7907 730
7887 7907 730
7887 7907 730
7887 7907 730
8454 5420 730
8454 5420 730
8454 5420 730
8454 5420 730
8454 5420 730
8454 5420 730
8454 5420 730
8454 5420 730
8454 5420 730
8454 5420 730
8454 5420 730
8454 5420 730
7731 7812 731
7731 7812 731
7731 7812 731
7731 7812 731
7731 7812 731
7731 7812 731
7731 7812 731
7731 7812 731
7731 7812 731
7731 7812 731
7731 7812 731
7731 7812 731
7702 7708 732
7702 7708 732
7702 7708 732
7702 7708 732
7702 7708 732
7702 7708 732
7702 7708 732
7702 7708 732
7702 7708 732
7702 7708 732
7702 7708 732
7702 7708 732
7702 7708 732
9520 8434 733
9520 8434 733
9520 8434 733
9520 8434 733
9520 8434 733
9520 8434 733
9520 8434 733
9520 8434 733
9520 8434 733
9520 8434 733
9520 8434 733
9520 8434 733
9520 8434 733
6588 7761 734
6588 7761 734
6588 7761 734
6588 7761 734
6588 7761 734
6588 7761 734
6588 7761 734
6588 7761 734
6588 7761 734
6588 7761 734
6588 7761 734
6588 7761 734
6588 7761 734
5371 9158 734
5371 9158 734
5371 9158 734
5371 9158 734
5371 9158 734
5371 9158 734
5371 9158 734
5371 9158 734
5371 9158 734
5371 9158 734
5371 9158 734
5371 9158 734
6067 7943 735
6067 7943 735
6067 7943 735
6067 7943 735
6067 7943 735
6067 7943 735
6067 7943 735
6067 7943 735
6067 7943 735
6067 7943 735
6067 7943 735
6067 7943 735
5358 6590 735
5358 6590 735
5358 6590 735
5358 6590 735
5358 6590 735
5358 6590 735
5358 6590 735
5358 6590 735
5358 6590 735
5358 6590 735
5358 6590 735
5358 6590 735
6612 5419 736
6612 5419 736
6612 5419 736
6612 5419 736
6612 5419 736
6612 5419 736
6612 5419 736
6612 5419 736
6612 5419 736
6612 5419 736
6612 5419 736
6612 5419 736
6612 5419 736
6557 5391 737
6557 5391 737
6557 5391 737
6557 5391 737
6557 5391 737
6557 5391 737
6557 5391 737
6557 5391 737
6557 5391 737
6557 5391 737
6557 5391 737
6557 5391 737
6535 6540 737
6535 6540 737
6535 6540 737
6535 6540 737
6535 6540 737
6535 6540 737
6535 6540 737
6535 6540 737
6535 6540 737
6535 6540 737
6535 6540 737
6535 6540 737
6535 6540 737
7709 6564 737
7709 6564 737
7709 6564 737
7709 6564 737
7709 6564 737
7709 6564 737
7709 6564 737
7709 6564 737
7709 6564 737
7709 6564 737
7709 6564 737
7709 6564 737
7709 6564 737
6038 5522 737
6038 5522 737
6038 5522 737
6038 5522 737
6038 5522 737
6038 5522 737
6038 5522 737
6038 5522 737
6038 5522 737
6038 5522 737
6038 5522 737
6038 5522 737
6038 5522 737
7737 7723 738
7737 7723 738
7737 7723 738
7737 7723 738
7737 7723 738
7737 7723 738
7737 7723 738
7737 7723 738
7737 7723 738
7737 7723 738
7737 7723 738
7737 7723 738
6027 6602 738
6027 6602 738
6027 6602 738
6027 6602 738
6027 6602 738
6027 6602 738
6027 6602 738
6027 6602 738
6027 6602 738
6027 6602 738
6027 6602 738
6027 6602 738
6027 6602 738
6600 5989 739
6600 5989 739
6600 5989 739
6600 5989 739
6600 5989 739
6600 5989 739
6600 5989 739
6600 5989 739
6600 5989 739
6600 5989 739
6600 5989 739
6600 5989 739
8475 7775 739
8475 7775 739
8475 7775 739
8475 7775 739
8475 7775 739
8475 7775 739
8475 7775 739
8475 7775 739
8475 7775 739
8475 7775 739
8475 7775 739
8475 7775 739
8680 5244 739
8680 5244 739
8680 5244 739
8680 5244 739
8680 5244 739
8680 5244 739
8680 5244 739
8680 5244 739
8680 5244 739
8680 5244 739
8680 5244 739
8680 5244 739
7827 7675 739
7827 7675 739
7827 7675 739
7827 7675 739
7827 7675 739
7827 7675 739
7827 7675 739
7827 7675 739
7827 7675 739
7827 7675 739
7827 7675 739
7827 7675 739
8437 6530 740
8437 6530 740
8437 6530 740
8437 6530 740
8437 6530 740
8437 6530 740
8437 6530 740
8437 6530 740
8437 6530 740
8437 6530 740
8437 6530 740
8437 6530 740
8437 6530 740
6599 6609 740
6599 6609 740
6599 6609 740
6599 6609 740
6599 6609 740
6599 6609 740
6599 6609 740
6599 6609 740
6599 6609 740
6599 6609 740
6599 6609 740
6599 6609 740
6019 5442 740
6019 5442 740
6019 5442 740
6019 5442 740
6019 5442 740
6019 5442 740
6019 5442 740
6019 5442 740
6019 5442 740
6019 5442 740
6019 5442 740
6019 5442 740
6019 5442 740
8432 6561 741
8432 6561 741
8432 6561 741
8432 6561 741
8432 6561 741
8432 6561 741
8432 6561 741
8432 6561 741
8432 6561 741
8432 6561 741
8432 6561 741
8432 6561 741
7702 6604 742
7702 6604 742
7702 6604 742
7702 6604 742
7702 6604 742
7702 6604 742
7702 6604 742
7702 6604 742
7702 6604 742
7702 6604 742
7702 6604 742
7702 6604 742
5421 8449 742
5421 8449 742
5421 8449 742
5421 8449 742
5421 8449 742
5421 8449 742
5421 8449 742
5421 8449 742
5421 8449 742
5421 8449 742
5421 8449 742
5421 8449 742
5996 5414 743
5996 5414 743
5996 5414 743
5996 5414 743
5996 5414 743
5996 5414 743
5996 5414 743
5996 5414 743
5996 5414 743
5996 5414 743
5996 5414 743
5996 5414 743
5996 5414 743
7758 8464 744
7758 8464 744
7758 8464 744
7758 8464 744
7758 8464 744
7758 8464 744
7758 8464 744
7758 8464 744
7758 8464 744
7758 8464 744
7758 8464 744
7758 8464 744
7758 8464 744
7691 7761 744
7691 7761 744
7691 7761 744
7691 7761 744
7691 7761 744
7691 7761 744
7691 7761 744
7691 7761 744
7691 7761 744
7691 7761 744
7691 7761 744
7691 7761 744
5282 5430 745
5282 5430 745
5282 5430 745
5282 5430 745
5282 5430 745
5282 5430 745
5282 5430 745
5282 5430 745
5282 5430 745
5282 5430 745
5282 5430 745
5282 5430 745
5413 5289 746
5413 5289 746
5413 5289 746
5413 5289 746
5413 5289 746
5413 5289 746
5413 5289 746
5413 5289 746
5413 5289 746
5413 5289 746
5413 5289 746
5413 5289 746
5413 5289 746
5359 6595 746
5359 6595 746
5359 6595 746
5359 6595 746
5359 6595 746
5359 6595 746
5359 6595 746
5359 6595 746
5359 6595 746
5359 6595 746
5359 6595 746
5359 6595 746
5359 6595 746
6543 6510 746
6543 6510 746
6543 6510 746
6543 6510 746
6543 6510 746
6543 6510 746
6543 6510 746
6543 6510 746
6543 6510 746
6543 6510 746
6543 6510 746
6543 6510 746
6543 6510 746
6012 5360 747
6012 5360 747
6012 5360 747
6012 5360 747
6012 5360 747
6012 5360 747
6012 5360 747
6012 5360 747
6012 5360 747
6012 5360 747
6012 5360 747
6012 5360 747
7715 5364 748
7715 5364 748
7715 5364 748
7715 5364 748
7715 5364 748
7715 5364 748
7715 5364 748
7715 5364 748
7715 5364 748
7715 5364 748
7715 5364 748
7715 5364 748
7715 5364 748
6582 7685 748
6582 7685 748
6582 7685 748
6582 7685 748
6582 7685 748
6582 7685 748
6582 7685 748
6582 7685 748
6582 7685 748
6582 7685 748
6582 7685 748
6582 7685 748
6582 7685 748
6608 5375 748
6608 5375 748
6608 5375 748
6608 5375 748
6608 5375 748
6608 5375 748
6608 5375 748
6608 5375 748
6608 5375 748
6608 5375 748
6608 5375 748
6608 5375 748
5280 5413 748
5280 5413 748
5280 5413 748
5280 5413 748
5280 5413 748
5280 5413 748
5280 5413 748
5280 5413 748
5280 5413 748
5280 5413 748
5280 5413 748
5280 5413 748
5280 5413 748
6009 5391 749
6009 5391 749
6009 5391 749
6009 5391 749
6009 5391 749
6009 5391 749
6009 5391 749
6009 5391 749
6009 5391 749
6009 5391 749
6009 5391 749
6009 5391 749
6009 5391 749
5410 5990 749
5410 5990 749
5410 5990 749
5410 5990 749
5410 5990 749
5410 5990 749
5410 5990 749
5410 5990 749
5410 5990 749
5410 5990 749
5410 5990 749
5410 5990 749
5256 9159 749
5256 9159 749
5256 9159 749
5256 9159 749
5256 9159 749
5256 9159 749
5256 9159 749
5256 9159 749
5256 9159 749
5256 9159 749
5256 9159 749
5256 9159 749
6611 5427 750
6611 5427 750
6611 5427 750
6611 5427 750
6611 5427 750
6611 5427 750
6611 5427 750
6611 5427 750
6611 5427 750
6611 5427 750
6611 5427 750
6611 5427 750
6569 7775 750
6569 7775 750
6569 7775 750
6569 7775 750
6569 7775 750
6569 7775 750
6569 7775 750
6569 7775 750
6569 7775 750
6569 7775 750
6569 7775 750
6569 7775 750
6569 7775 750
8432 6538 751
8432 6538 751
8432 6538 751
8432 6538 751
8432 6538 751
8432 6538 751
8432 6538 751
8432 6538 751
8432 6538 751
8432 6538 751
8432 6538 751
8432 6538 751
8432 6538 751
8456 5358 752
8456 5358 752
8456 5358 752
8456 5358 752
8456 5358 752
8456 5358 752
8456 5358 752
8456 5358 752
8456 5358 752
8456 5358 752
8456 5358 752
8456 5358 752
8456 5358 752
8434 5276 753
8434 5276 753
8434 5276 753
8434 5276 753
8434 5276 753
8434 5276 753
8434 5276 753
8434 5276 753
8434 5276 753
8434 5276 753
8434 5276 753
8434 5276 753
7701 6538 754
7701 6538 754
7701 6538 754
7701 6538 754
7701 6538 754
7701 6538 754
7701 6538 754
7701 6538 754
7701 6538 754
7701 6538 754
7701 6538 754
7701 6538 754
7701 6538 754
6506 6363 754
6506 6363 754
6506 6363 754
6506 6363 754
6506 6363 754
6506 6363 754
6506 6363 754
6506 6363 754
6506 6363 754
6506 6363 754
6506 6363 754
6506 6363 754
6506 6363 754
7728 7759 755
7728 7759 755
7728 7759 755
7728 7759 755
7728 7759 755
7728 7759 755
7728 7759 755
7728 7759 755
7728 7759 755
7728 7759 755
7728 7759 755
7728 7759 755
5446 6002 755
5446 6002 755
5446 6002 755
5446 6002 755
5446 6002 755
5446 6002 755
5446 6002 755
5446 6002 755
5446 6002 755
5446 6002 755
5446 6002 755
5446 6002 755
7491 6449 755
7491 6449 755
7491 6449 755
7491 6449 755
7491 6449 755
7491 6449 755
7491 6449 755
7491 6449 755
7491 6449 755
7491 6449 755
7491 6449 755
7491 6449 755
5263 8699 755
5263 8699 755
5263 8699 755
5263 8699 755
5263 8699 755
5263 8699 755
5263 8699 755
5263 8699 755
5263 8699 755
5263 8699 755
5263 8699 755
5263 8699 755
6457 6550 756
6457 6550 756
6457 6550 756
6457 6550 756
6457 6550 756
6457 6550 756
6457 6550 756
6457 6550 756
6457 6550 756
6457 6550 756
6457 6550 756
6457 6550 756
6457 6550 756
8438 6537 757
8438 6537 757
8438 6537 757
8438 6537 757
8438 6537 757
8438 6537 757
8438 6537 757
8438 6537 757
8438 6537 757
8438 6537 757
8438 6537 757
8438 6537 757
8438 6537 757
7785 7717 758
7785 7717 758
7785 7717 758
7785 7717 758
7785 7717 758
7785 7717 758
7785 7717 758
7785 7717 758
7785 7717 758
7785 7717 758
7785 7717 758
7785 7717 758
7785 7717 758
5283 5534 760
5283 5534 760
5283 5534 760
5283 5534 760
5283 5534 760
5283 5534 760
5283 5534 760
5283 5534 760
5283 5534 760
5283 5534 760
5283 5534 760
5283 5534 760
6517 7754 761
6517 7754 761
6517 7754 761
6517 7754 761
6517 7754 761
6517 7754 761
6517 7754 761
6517 7754 761
6517 7754 761
6517 7754 761
6517 7754 761
6517 7754 761
6517 7754 761
5410 5297 761
5410 5297 761
5410 5297 761
5410 5297 761
5410 5297 761
5410 5297 761
5410 5297 761
5410 5297 761
5410 5297 761
5410 5297 761
5410 5297 761
5410 5297 761
5410 5297 761
6605 8436 762
6605 8436 762
6605 8436 762
6605 8436 762
6605 8436 762
6605 8436 762
6605 8436 762
6605 8436 762
6605 8436 762
6605 8436 762
6605 8436 762
6605 8436 762
5358 8673 763
5358 8673 763
5358 8673 763
5358 8673 763
5358 8673 763
5358 8673 763
5358 8673 763
5358 8673 763
5358 8673 763
5358 8673 763
5358 8673 763
5358 8673 763
6560 5359 763
6560 5359 763
6560 5359 763
6560 5359 763
6560 5359 763
6560 5359 763
6560 5359 763
6560 5359 763
6560 5359 763
6560 5359 763
6560 5359 763
6560 5359 763
6560 5359 763
5411 5995 765
5411 5995 765
5411 5995 765
5411 5995 765
5411 5995 765
5411 5995 765
5411 5995 765
5411 5995 765
5411 5995 765
5411 5995 765
5411 5995 765
5411 5995 765
6543 8437 768
6543 8437 768
6543 8437 768
6543 8437 768
6543 8437 768
6543 8437 768
6543 8437 768
6543 8437 768
6543 8437 768
6543 8437 768
6543 8437 768
6543 8437 768
6543 8437 768
5424 5395 769
5424 5395 769
5424 5395 769
5424 5395 769
5424 5395 769
5424 5395 769
5424 5395 769
5424 5395 769
5424 5395 769
5424 5395 769
5424 5395 769
5424 5395 769
5424 5395 769
5438 6011 771
5438 6011 771
5438 6011 771
5438 6011 771
5438 6011 771
5438 6011 771
5438 6011 771
5438 6011 771
5438 6011 771
5438 6011 771
5438 6011 771
5438 6011 771
5438 5258 771
5438 5258 771
5438 5258 771
5438 5258 771
5438 5258 771
5438 5258 771
5438 5258 771
5438 5258 771
5438 5258 771
5438 5258 771
5438 5258 771
5438 5258 771
5438 5258 771
8436 6002 772
8436 6002 772
8436 6002 772
8436 6002 772
8436 6002 772
8436 6002 772
8436 6002 772
8436 6002 772
8436 6002 772
8436 6002 772
8436 6002 772
8436 6002 772
8436 6002 772
8446 6418 773
8446 6418 773
8446 6418 773
8446 6418 773
8446 6418 773
8446 6418 773
8446 6418 773
8446 6418 773
8446 6418 773
8446 6418 773
8446 6418 773
8446 6418 773
5533 6012 774
5533 6012 774
5533 6012 774
5533 6012 774
5533 6012 774
5533 6012 774
5533 6012 774
5533 6012 774
5533 6012 774
5533 6012 774
5533 6012 774
5533 6012 774
5533 6012 774
5259 5533 776
5259 5533 776
5259 5533 776
5259 5533 776
5259 5533 776
5259 5533 776
5259 5533 776
5259 5533 776
5259 5533 776
5259 5533 776
5259 5533 776
5259 5533 776
9157 5287 776
9157 5287 776
9157 5287 776
9157 5287 776
9157 5287 776
9157 5287 776
9157 5287 776
9157 5287 776
9157 5287 776
9157 5287 776
9157 5287 776
9157 5287 776
9157 5287 776
6578 6359 776
6578 6359 776
6578 6359 776
6578 6359 776
6578 6359 776
6578 6359 776
6578 6359 776
6578 6359 776
6578 6359 776
6578 6359 776
6578 6359 776
6578 6359 776
6578 6359 776
8431 6548 776
8431 6548 776
8431 6548 776
8431 6548 776
8431 6548 776
8431 6548 776
8431 6548 776
8431 6548 776
8431 6548 776
8431 6548 776
8431 6548 776
8431 6548 776
8431 6548 776
5546 5280 777
5546 5280 777
5546 5280 777
5546 5280 777
5546 5280 777
5546 5280 777
5546 5280 777
5546 5280 777
5546 5280 777
5546 5280 777
5546 5280 777
5546 5280 777
5411 5277 780
5411 5277 780
5411 5277 780
5411 5277 780
5411 5277 780
5411 5277 780
5411 5277 780
5411 5277 780
5411 5277 780
5411 5277 780
5411 5277 780
5411 5277 780
5411 5277 780
5406 8761 780
5406 8761 780
5406 8761 780
5406 8761 780
5406 8761 780
5406 8761 780
5406 8761 780
5406 8761 780
5406 8761 780
5406 8761 780
5406 8761 780
5406 8761 780
5406 8761 780
7947 6045 785
7947 6045 785
7947 6045 785
7947 6045 785
7947 6045 785
7947 6045 785
7947 6045 785
7947 6045 785
7947 6045 785
7947 6045 785
7947 6045 785
7947 6045 785
7947 6045 785
9160 5315 789
9160 5315 789
9160 5315 789
9160 5315 789
9160 5315 789
9160 5315 789
9160 5315 789
9160 5315 789
9160 5315 789
9160 5315 789
9160 5315 789
9160 5315 789
6372 6354 793
6372 6354 793
6372 6354 793
6372 6354 793
6372 6354 793
6372 6354 793
6372 6354 793
6372 6354 793
6372 6354 793
6372 6354 793
6372 6354 793
6372 6354 793
8443 8699 797
8443 8699 797
8443 8699 797
8443 8699 797
8443 8699 797
8443 8699 797
8443 8699 797
8443 8699 797
8443 8699 797
8443 8699 797
8443 8699 797
8443 8699 797
8443 8699 797
8450 6575 801
8450 6575 801
8450 6575 801
8450 6575 801
8450 6575 801
8450 6575 801
8450 6575 801
8450 6575 801
8450 6575 801
8450 6575 801
8450 6575 801
8450 6575 801
6450 8680 805
6450 8680 805
6450 8680 805
6450 8680 805
6450 8680 805
6450 8680 805
6450 8680 805
6450 8680 805
6450 8680 805
6450 8680 805
6450 8680 805
6450 8680 805
6450 8680 805
7676 6460 806
7676 6460 806
7676 6460 806
7676 6460 806
7676 6460 806
7676 6460 806
7676 6460 806
7676 6460 806
7676 6460 806
7676 6460 806
7676 6460 806
7676 6460 806
6406 5359 809
6406 5359 809
6406 5359 809
6406 5359 809
6406 5359 809
6406 5359 809
6406 5359 809
6406 5359 809
6406 5359 809
6406 5359 809
6406 5359 809
6406 5359 809
6406 5359 809
5388 8436 814
5388 8436 814
5388 8436 814
5388 8436 814
5388 8436 814
5388 8436 814
5388 8436 814
5388 8436 814
5388 8436 814
5388 8436 814
5388 8436 814
5388 8436 814
5254 8705 821
5254 8705 821
5254 8705 821
5254 8705 821
5254 8705 821
5254 8705 821
5254 8705 821
5254 8705 821
5254 8705 821
5254 8705 821
5254 8705 821
5254 8705 821
7760 6555 823
7760 6555 823
7760 6555 823
7760 6555 823
7760 6555 823
7760 6555 823
7760 6555 823
7760 6555 823
7760 6555 823
7760 6555 823
7760 6555 823
7760 6555 823
7936 7940 824
7936 7940 824
7936 7940 824
7936 7940 824
7936 7940 824
7936 7940 824
7936 7940 824
7936 7940 824
7936 7940 824
7936 7940 824
7936 7940 824
7936 7940 824
7936 7940 824
7754 6612 827
7754 6612 827
7754 6612 827
7754 6612 827
7754 6612 827
7754 6612 827
7754 6612 827
7754 6612 827
7754 6612 827
7754 6612 827
7754 6612 827
7754 6612 827
7754 6612 827
7815 7970 827
7815 7970 827
7815 7970 827
7815 7970 827
7815 7970 827
7815 7970 827
7815 7970 827
7815 7970 827
7815 7970 827
7815 7970 827
7815 7970 827
7815 7970 827
5991 5447 831
5991 5447 831
5991 5447 831
5991 5447 831
5991 5447 831
5991 5447 831
5991 5447 831
5991 5447 831
5991 5447 831
5991 5447 831
5991 5447 831
5991 5447 831
5991 5447 831
6612 5376 832
6612 5376 832
6612 5376 832
6612 5376 832
6612 5376 832
6612 5376 832
6612 5376 832
6612 5376 832
6612 5376 832
6612 5376 832
6612 5376 832
6612 5376 832
7686 6449 834
7686 6449 834
7686 6449 834
7686 6449 834
7686 6449 834
7686 6449 834
7686 6449 834
7686 6449 834
7686 6449 834
7686 6449 834
7686 6449 834
7686 6449 834
7780 6588 838
7780 6588 838
7780 6588 838
7780 6588 838
7780 6588 838
7780 6588 838
7780 6588 838
7780 6588 838
7780 6588 838
7780 6588 838
7780 6588 838
7780 6588 838
7780 6588 838
7951 7942 839
7951 7942 839
7951 7942 839
7951 7942 839
7951 7942 839
7951 7942 839
7951 7942 839
7951 7942 839
7951 7942 839
7951 7942 839
7951 7942 839
7951 7942 839
6012 5354 839
6012 5354 839
6012 5354 839
6012 5354 839
6012 5354 839
6012 5354 839
6012 5354 839
6012 5354 839
6012 5354 839
6012 5354 839
6012 5354 839
6012 5354 839
6012 5354 839
6411 6455 840
6411 6455 840
6411 6455 840
6411 6455 840
6411 6455 840
6411 6455 840
6411 6455 840
6411 6455 840
6411 6455 840
6411 6455 840
6411 6455 840
6411 6455 840
6411 6455 840
8452 7706 840
8452 7706 840
8452 7706 840
8452 7706 840
8452 7706 840
8452 7706 840
8452 7706 840
8452 7706 840
8452 7706 840
8452 7706 840
8452 7706 840
8452 7706 840
7780 5999 841
7780 5999 841
7780 5999 841
7780 5999 841
7780 5999 841
7780 5999 841
7780 5999 841
7780 5999 841
7780 5999 841
7780 5999 841
7780 5999 841
7780 5999 841
7780 5999 841
6549 7676 842
6549 7676 842
6549 7676 842
6549 7676 842
6549 7676 842
6549 7676 842
6549 7676 842
6549 7676 842
6549 7676 842
6549 7676 842
6549 7676 842
6549 7676 842
6549 7676 842
7719 8439 842
7719 8439 842
7719 8439 842
7719 8439 842
7719 8439 842
7719 8439 842
7719 8439 842
7719 8439 842
7719 8439 842
7719 8439 842
7719 8439 842
7719 8439 842
5453 5402 845
5453 5402 845
5453 5402 845
5453 5402 845
5453 5402 845
5453 5402 845
5453 5402 845
5453 5402 845
5453 5402 845
5453 5402 845
5453 5402 845
5453 5402 845
5453 5402 845
5534 5397 846
5534 5397 846
5534 5397 846
5534 5397 846
5534 5397 846
5534 5397 846
5534 5397 846
5534 5397 846
5534 5397 846
5534 5397 846
5534 5397 846
5534 5397 846
7737 7668 849
7737 7668 849
7737 7668 849
7737 7668 849
7737 7668 849
7737 7668 849
7737 7668 849
7737 7668 849
7737 7668 849
7737 7668 849
7737 7668 849
7737 7668 849
6518 7713 850
6518 7713 850
6518 7713 850
6518 7713 850
6518 7713 850
6518 7713 850
6518 7713 850
6518 7713 850
6518 7713 850
6518 7713 850
6518 7713 850
6518 7713 850
6523 6557 851
6523 6557 851
6523 6557 851
6523 6557 851
6523 6557 851
6523 6557 851
6523 6557 851
6523 6557 851
6523 6557 851
6523 6557 851
6523 6557 851
6523 6557 851
7687 6562 851
7687 6562 851
7687 6562 851
7687 6562 851
7687 6562 851
7687 6562 851
7687 6562 851
7687 6562 851
7687 6562 851
7687 6562 851
7687 6562 851
7687 6562 851
7687 6562 851
5262 5454 851
5262 5454 851
5262 5454 851
5262 5454 851
5262 5454 851
5262 5454 851
5262 5454 851
5262 5454 851
5262 5454 851
5262 5454 851
5262 5454 851
5262 5454 851
5993 6591 851
5993 6591 851
5993 6591 851
5993 6591 851
5993 6591 851
5993 6591 851
5993 6591 851
5993 6591 851
5993 6591 851
5993 6591 851
5993 6591 851
5993 6591 851
5993 6591 851
7773 7691 852
7773 7691 852
7773 7691 852
7773 7691 852
7773 7691 852
7773 7691 852
7773 7691 852
7773 7691 852
7773 7691 852
7773 7691 852
7773 7691 852
7773 7691 852
8434 8673 853
8434 8673 853
8434 8673 853
8434 8673 853
8434 8673 853
8434 8673 853
8434 8673 853
8434 8673 853
8434 8673 853
8434 8673 853
8434 8673 853
8434 8673 853
8447 5425 853
8447 5425 853
8447 5425 853
8447 5425 853
8447 5425 853
8447 5425 853
8447 5425 853
8447 5425 853
8447 5425 853
8447 5425 853
8447 5425 853
8447 5425 853
8447 5425 853
5552 5279 854
5552 5279 854
5552 5279 854
5552 5279 854
5552 5279 854
5552 5279 854
5552 5279 854
5552 5279 854
5552 5279 854
5552 5279 854
5552 5279 854
5552 5279 854
5552 5279 854
6514 7820 854
6514 7820 854
6514 7820 854
6514 7820 854
6514 7820 854
6514 7820 854
6514 7820 854
6514 7820 854
6514 7820 854
6514 7820 854
6514 7820 854
6514 7820 854
6514 7820 854
6544 5385 855
6544 5385 855
6544 5385 855
6544 5385 855
6544 5385 855
6544 5385 855
6544 5385 855
6544 5385 855
6544 5385 855
6544 5385 855
6544 5385 855
6544 5385 855
6544 8434 855
6544 8434 855
6544 8434 855
6544 8434 855
6544 8434 855
6544 8434 855
6544 8434 855
6544 8434 855
6544 8434 855
6544 8434 855
6544 8434 855
6544 8434 855
6612 5283 855
6612 5283 855
6612 5283 855
6612 5283 855
6612 5283 855
6612 5283 855
6612 5283 855
6612 5283 855
6612 5283 855
6612 5283 855
6612 5283 855
6612 5283 855
6019 5537 856
6019 5537 856
6019 5537 856
6019 5537 856
6019 5537 856
6019 5537 856
6019 5537 856
6019 5537 856
6019 5537 856
6019 5537 856
6019 5537 856
6019 5537 856
6543 6579 856
6543 6579 856
6543 6579 856
6543 6579 856
6543 6579 856
6543 6579 856
6543 6579 856
6543 6579 856
6543 6579 856
6543 6579 856
6543 6579 856
6543 6579 856
6543 6579 856
5359 8678 856
5359 8678 856
5359 8678 856
5359 8678 856
5359 8678 856
5359 8678 856
5359 8678 856
5359 8678 856
5359 8678 856
5359 8678 856
5359 8678 856
5359 8678 856
5359 8678 856
6365 6562 857
6365 6562 857
6365 6562 857
6365 6562 857
6365 6562 857
6365 6562 857
6365 6562 857
6365 6562 857
6365 6562 857
6365 6562 857
6365 6562 857
6365 6562 857
6365 6562 857
8431 5366 859
8431 5366 859
8431 5366 859
8431 5366 859
8431 5366 859
8431 5366 859
8431 5366 859
8431 5366 859
8431 5366 859
8431 5366 859
8431 5366 859
8431 5366 859
8431 5366 859
7968 7730 859
7968 7730 859
7968 7730 859
7968 7730 859
7968 7730 859
7968 7730 859
7968 7730 859
7968 7730 859
7968 7730 859
7968 7730 859
7968 7730 859
7968 7730 859
7968 7730 859
8471 5419 860
8471 5419 860
8471 5419 860
8471 5419 860
8471 5419 860
8471 5419 860
8471 5419 860
8471 5419 860
8471 5419 860
8471 5419 860
8471 5419 860
8471 5419 860
8471 5419 860
7702 6383 860
7702 6383 860
7702 6383 860
7702 6383 860
7702 6383 860
7702 6383 860
7702 6383 860
7702 6383 860
7702 6383 860
7702 6383 860
7702 6383 860
7702 6383 860
7784 7705 860
7784 7705 860
7784 7705 860
7784 7705 860
7784 7705 860
7784 7705 860
7784 7705 860
7784 7705 860
7784 7705 860
7784 7705 860
7784 7705 860
7784 7705 860
6010 5392 861
6010 5392 861
6010 5392 861
6010 5392 861
6010 5392 861
6010 5392 861
6010 5392 861
6010 5392 861
6010 5392 861
6010 5392 861
6010 5392 861
6010 5392 861
6010 5392 861
8705 8436 861
8705 8436 861
8705 8436 861
8705 8436 861
8705 8436 861
8705 8436 861
8705 8436 861
8705 8436 861
8705 8436 861
8705 8436 861
8705 8436 861
8705 8436 861
7751 7676 862
7751 7676 862
7751 7676 862
7751 7676 862
7751 7676 862
7751 7676 862
7751 7676 862
7751 7676 862
7751 7676 862
7751 7676 862
7751 7676 862
7751 7676 862
7751 7676 862
6428 6407 862
6428 6407 862
6428 6407 862
6428 6407 862
6428 6407 862
6428 6407 862
6428 6407 862
6428 6407 862
6428 6407 862
6428 6407 862
6428 6407 862
6428 6407 862
8768 8757 863
8768 8757 863
8768 8757 863
8768 8757 863
8768 8757 863
8768 8757 863
8768 8757 863
8768 8757 863
8768 8757 863
8768 8757 863
8768 8757 863
8768 8757 863
7491 6494 863
7491 6494 863
7491 6494 863
7491 6494 863
7491 6494 863
7491 6494 863
7491 6494 863
7491 6494 863
7491 6494 863
7491 6494 863
7491 6494 863
7491 6494 863
8712 5279 863
8712 5279 863
8712 5279 863
8712 5279 863
8712 5279 863
8712 5279 863
8712 5279 863
8712 5279 863
8712 5279 863
8712 5279 863
8712 5279 863
8712 5279 863
8461 6050 864
8461 6050 864
8461 6050 864
8461 6050 864
8461 6050 864
8461 6050 864
8461 6050 864
8461 6050 864
8461 6050 864
8461 6050 864
8461 6050 864
8461 6050 864
8461 6050 864
5358 8445 864
5358 8445 864
5358 8445 864
5358 8445 864
5358 8445 864
5358 8445 864
5358 8445 864
5358 8445 864
5358 8445 864
5358 8445 864
5358 8445 864
5358 8445 864
5358 8445 864
6549 6519 865
6549 6519 865
6549 6519 865
6549 6519 865
6549 6519 865
6549 6519 865
6549 6519 865
6549 6519 865
6549 6519 865
6549 6519 865
6549 6519 865
6549 6519 865
5275 5544 866
5275 5544 866
5275 5544 866
5275 5544 866
5275 5544 866
5275 5544 866
5275 5544 866
5275 5544 866
5275 5544 866
5275 5544 866
5275 5544 866
5275 5544 866
7739 7812 866
7739 7812 866
7739 7812 866
7739 7812 866
7739 7812 866
7739 7812 866
7739 7812 866
7739 7812 866
7739 7812 866
7739 7812 866
7739 7812 866
7739 7812 866
6550 8768 867
6550 8768 867
6550 8768 867
6550 8768 867
6550 8768 867
6550 8768 867
6550 8768 867
6550 8768 867
6550 8768 867
6550 8768 867
6550 8768 867
6550 8768 867
6550 8768 867
6048 6590 867
6048 6590 867
6048 6590 867
6048 6590 867
6048 6590 867
6048 6590 867
6048 6590 867
6048 6590 867
6048 6590 867
6048 6590 867
6048 6590 867
6048 6590 867
5354 8668 868
5354 8668 868
5354 8668 868
5354 8668 868
5354 8668 868
5354 8668 868
5354 8668 868
5354 8668 868
5354 8668 868
5354 8668 868
5354 8668 868
5354 8668 868
7690 7724 869
7690 7724 869
7690 7724 869
7690 7724 869
7690 7724 869
7690 7724 869
7690 7724 869
7690 7724 869
7690 7724 869
7690 7724 869
7690 7724 869
7690 7724 869
7690 7724 869
8464 5391 869
8464 5391 869
8464 5391 869
8464 5391 869
8464 5391 869
8464 5391 869
8464 5391 869
8464 5391 869
8464 5391 869
8464 5391 869
8464 5391 869
8464 5391 869
6409 6460 870
6409 6460 870
6409 6460 870
6409 6460 870
6409 6460 870
6409 6460 870
6409 6460 870
6409 6460 870
6409 6460 870
6409 6460 870
6409 6460 870
6409 6460 870
6409 6460 870
6541 6508 872
6541 6508 872
6541 6508 872
6541 6508 872
6541 6508 872
6541 6508 872
6541 6508 872
6541 6508 872
6541 6508 872
6541 6508 872
6541 6508 872
6541 6508 872
7632 8478 872
7632 8478 872
7632 8478 872
7632 8478 872
7632 8478 872
7632 8478 872
7632 8478 872
7632 8478 872
7632 8478 872
7632 8478 872
7632 8478 872
7632 8478 872
7632 8478 872
7709 7686 873
7709 7686 873
7709 7686 873
7709 7686 873
7709 7686 873
7709 7686 873
7709 7686 873
7709 7686 873
7709 7686 873
7709 7686 873
7709 7686 873
7709 7686 873
7709 7686 873
7909 7700 873
7909 7700 873
7909 7700 873
7909 7700 873
7909 7700 873
7909 7700 873
7909 7700 873
7909 7700 873
7909 7700 873
7909 7700 873
7909 7700 873
7909 7700 873
7909 7700 873
6307 8680 873
6307 8680 873
6307 8680 873
6307 8680 873
6307 8680 873
6307 8680 873
6307 8680 873
6307 8680 873
6307 8680 873
6307 8680 873
6307 8680 873
6307 8680 873
6307 8680 873
5427 5990 874
5427 5990 874
5427 5990 874
5427 5990 874
5427 5990 874
5427 5990 874
5427 5990 874
5427 5990 874
5427 5990 874
5427 5990 874
5427 5990 874
5427 5990 874
5427 5990 874
5380 9146 875
5380 9146 875
5380 9146 875
5380 9146 875
5380 9146 875
5380 9146 875
5380 9146 875
5380 9146 875
5380 9146 875
5380 9146 875
5380 9146 875
5380 9146 875
5380 9146 875
7720 7740 875
7720 7740 875
7720 7740 875
7720 7740 875
7720 7740 875
7720 7740 875
7720 7740 875
7720 7740 875
7720 7740 875
7720 7740 875
7720 7740 875
7720 7740 875
7720 7740 875
7881 5924 875
7881 5924 875
7881 5924 875
7881 5924 875
7881 5924 875
7881 5924 875
7881 5924 875
7881 5924 875
7881 5924 875
7881 5924 875
7881 5924 875
7881 5924 875
7881 5924 875
7664 7679 877
7664 7679 877
7664 7679 877
7664 7679 877
7664 7679 877
7664 7679 877
7664 7679 877
7664 7679 877
7664 7679 877
7664 7679 877
7664 7679 877
7664 7679 877
5389 9534 877
5389 9534 877
5389 9534 877
5389 9534 877
5389 9534 877
5389 9534 877
5389 9534 877
5389 9534 877
5389 9534 877
5389 9534 877
5389 9534 877
5389 9534 877
7665 7702 878
7665 7702 878
7665 7702 878
7665 7702 878
7665 7702 878
7665 7702 878
7665 7702 878
7665 7702 878
7665 7702 878
7665 7702 878
7665 7702 878
7665 7702 878
7806 7834 880
7806 7834 880
7806 7834 880
7806 7834 880
7806 7834 880
7806 7834 880
7806 7834 880
7806 7834 880
7806 7834 880
7806 7834 880
7806 7834 880
7806 7834 880
7806 7834 880
7697 8449 881
7697 8449 881
7697 8449 881
7697 8449 881
7697 8449 881
7697 8449 881
7697 8449 881
7697 8449 881
7697 8449 881
7697 8449 881
7697 8449 881
7697 8449 881
7697 8449 881
5544 5996 881
5544 5996 881
5544 5996 881
5544 5996 881
5544 5996 881
5544 5996 881
5544 5996 881
5544 5996 881
5544 5996 881
5544 5996 881
5544 5996 881
5544 5996 881
5547 5418 881
5547 5418 881
5547 5418 881
5547 5418 881
5547 5418 881
5547 5418 881
5547 5418 881
5547 5418 881
5547 5418 881
5547 5418 881
5547 5418 881
5547 5418 881
5547 5418 881
5365 6533 881
5365 6533 881
5365 6533 881
5365 6533 881
5365 6533 881
5365 6533 881
5365 6533 881
5365 6533 881
5365 6533 881
5365 6533 881
5365 6533 881
5365 6533 881
7635 7693 883
7635 7693 883
7635 7693 883
7635 7693 883
7635 7693 883
7635 7693 883
7635 7693 883
7635 7693 883
7635 7693 883
7635 7693 883
7635 7693 883
7635 7693 883
8768 5265 883
8768 5265 883
8768 5265 883
8768 5265 883
8768 5265 883
8768 5265 883
8768 5265 883
8768 5265 883
8768 5265 883
8768 5265 883
8768 5265 883
8768 5265 883
7633 7758 884
7633 7758 884
7633 7758 884
7633 7758 884
7633 7758 884
7633 7758 884
7633 7758 884
7633 7758 884
7633 7758 884
7633 7758 884
7633 7758 884
7633 7758 884
6580 6406 886
6580 6406 886
6580 6406 886
6580 6406 886
6580 6406 886
6580 6406 886
6580 6406 886
6580 6406 886
6580 6406 886
6580 6406 886
6580 6406 886
6580 6406 886
7924 5922 886
7924 5922 886
7924 5922 886
7924 5922 886
7924 5922 886
7924 5922 886
7924 5922 886
7924 5922 886
7924 5922 886
7924 5922 886
7924 5922 886
7924 5922 886
7737 6594 887
7737 6594 887
7737 6594 887
7737 6594 887
7737 6594 887
7737 6594 887
7737 6594 887
7737 6594 887
7737 6594 887
7737 6594 887
7737 6594 887
7737 6594 887
7737 6594 887
6531 7696 889
6531 7696 889
6531 7696 889
6531 7696 889
6531 7696 889
6531 7696 889
6531 7696 889
6531 7696 889
6531 7696 889
6531 7696 889
6531 7696 889
6531 7696 889
8431 9524 889
8431 9524 889
8431 9524 889
8431 9524 889
8431 9524 889
8431 9524 889
8431 9524 889
8431 9524 889
8431 9524 889
8431 9524 889
8431 9524 889
8431 9524 889
8431 9524 889
6062 6074 890
6062 6074 890
6062 6074 890
6062 6074 890
6062 6074 890
6062 6074 890
6062 6074 890
6062 6074 890
6062 6074 890
6062 6074 890
6062 6074 890
6062 6074 890
6591 7730 890
6591 7730 890
6591 7730 890
6591 7730 890
6591 7730 890
6591 7730 890
6591 7730 890
6591 7730 890
6591 7730 890
6591 7730 890
6591 7730 890
6591 7730 890
6591 7730 890
6009 5256 890
6009 5256 890
6009 5256 890
6009 5256 890
6009 5256 890
6009 5256 890
6009 5256 890
6009 5256 890
6009 5256 890
6009 5256 890
6009 5256 890
6009 5256 890
6009 5256 890
8684 6543 893
8684 6543 893
8684 6543 893
8684 6543 893
8684 6543 893
8684 6543 893
8684 6543 893
8684 6543 893
8684 6543 893
8684 6543 893
8684 6543 893
8684 6543 893
8684 6543 893
7837 7732 894
7837 7732 894
7837 7732 894
7837 7732 894
7837 7732 894
7837 7732 894
7837 7732 894
7837 7732 894
7837 7732 894
7837 7732 894
7837 7732 894
7837 7732 894
7837 7732 894
5990 6543 894
5990 6543 894
5990 6543 894
5990 6543 894
5990 6543 894
5990 6543 894
5990 6543 894
5990 6543 894
5990 6543 894
5990 6543 894
5990 6543 894
5990 6543 894
5990 6543 894
6381 5258 896
6381 5258 896
6381 5258 896
6381 5258 896
6381 5258 896
6381 5258 896
6381 5258 896
6381 5258 896
6381 5258 896
6381 5258 896
6381 5258 896
6381 5258 896
9518 8439 897
9518 8439 897
9518 8439 897
9518 8439 897
9518 8439 897
9518 8439 897
9518 8439 897
9518 8439 897
9518 8439 897
9518 8439 897
9518 8439 897
9518 8439 897
8450 7692 897
8450 7692 897
8450 7692 897
8450 7692 897
8450 7692 897
8450 7692 897
8450 7692 897
8450 7692 897
8450 7692 897
8450 7692 897
8450 7692 897
8450 7692 897
5371 5457 897
5371 5457 897
5371 5457 897
5371 5457 897
5371 5457 897
5371 5457 897
5371 5457 897
5371 5457 897
5371 5457 897
5371 5457 897
5371 5457 897
5371 5457 897
7702 6586 899
7702 6586 899
7702 6586 899
7702 6586 899
7702 6586 899
7702 6586 899
7702 6586 899
7702 6586 899
7702 6586 899
7702 6586 899
7702 6586 899
7702 6586 899
8704 8434 899
8704 8434 899
8704 8434 899
8704 8434 899
8704 8434 899
8704 8434 899
8704 8434 899
8704 8434 899
8704 8434 899
8704 8434 899
8704 8434 899
8704 8434 899
6323 9615 899
6323 9615 899
6323 9615 899
6323 9615 899
6323 9615 899
6323 9615 899
6323 9615 899
6323 9615 899
6323 9615 899
6323 9615 899
6323 9615 899
6323 9615 899
6323 9615 899
5998 6601 900
5998 6601 900
5998 6601 900
5998 6601 900
5998 6601 900
5998 6601 900
5998 6601 900
5998 6601 900
5998 6601 900
5998 6601 900
5998 6601 900
5998 6601 900
5998 6601 900
5288 5436 901
5288 5436 901
5288 5436 901
5288 5436 901
5288 5436 901
5288 5436 901
5288 5436 901
5288 5436 901
5288 5436 901
5288 5436 901
5288 5436 901
5288 5436 901
5288 5436 901
6549 6532 901
6549 6532 901
6549 6532 901
6549 6532 901
6549 6532 901
6549 6532 901
6549 6532 901
6549 6532 901
6549 6532 901
6549 6532 901
6549 6532 901
6549 6532 901
5280 8761 901
5280 8761 901
5280 8761 901
5280 8761 901
5280 8761 901
5280 8761 901
5280 8761 901
5280 8761 901
5280 8761 901
5280 8761 901
5280 8761 901
5280 8761 901
5280 8761 901
7749 7634 901
7749 7634 901
7749 7634 901
7749 7634 901
7749 7634 901
7749 7634 901
7749 7634 901
7749 7634 901
7749 7634 901
7749 7634 901
7749 7634 901
7749 7634 901
7714 7692 901
7714 7692 901
7714 7692 901
7714 7692 901
7714 7692 901
7714 7692 901
7714 7692 901
7714 7692 901
7714 7692 901
7714 7692 901
7714 7692 901
7714 7692 901
7714 7692 901
7700 6488 901
7700 6488 901
7700 6488 901
7700 6488 901
7700 6488 901
7700 6488 901
7700 6488 901
7700 6488 901
7700 6488 901
7700 6488 901
7700 6488 901
7700 6488 901
7700 6488 901
6306 8680 902
6306 8680 902
6306 8680 902
6306 8680 902
6306 8680 902
6306 8680 902
6306 8680 902
6306 8680 902
6306 8680 902
6306 8680 902
6306 8680 902
6306 8680 902
6306 8680 902
6561 6362 902
6561 6362 902
6561 6362 902
6561 6362 902
6561 6362 902
6561 6362 902
6561 6362 902
6561 6362 902
6561 6362 902
6561 6362 902
6561 6362 902
6561 6362 902
6561 6362 902
7706 8457 902
7706 8457 902
7706 8457 902
7706 8457 902
7706 8457 902
7706 8457 902
7706 8457 902
7706 8457 902
7706 8457 902
7706 8457 902
7706 8457 902
7706 8457 902
7706 8457 902
8445 6598 903
8445 6598 903
8445 6598 903
8445 6598 903
8445 6598 903
8445 6598 903
8445 6598 903
8445 6598 903
8445 6598 903
8445 6598 903
8445 6598 903
8445 6598 903
8445 6598 903
6387 6523 903
6387 6523 903
6387 6523 903
6387 6523 903
6387 6523 903
6387 6523 903
6387 6523 903
6387 6523 903
6387 6523 903
6387 6523 903
6387 6523 903
6387 6523 903
6387 6523 903
7774 6441 903
7774 6441 903
7774 6441 903
7774 6441 903
7774 6441 903
7774 6441 903
7774 6441 903
7774 6441 903
7774 6441 903
7774 6441 903
7774 6441 903
7774 6441 903
6509 7672 903
6509 7672 903
6509 7672 903
6509 7672 903
6509 7672 903
6509 7672 903
6509 7672 903
6509 7672 903
6509 7672 903
6509 7672 903
6509 7672 903
6509 7672 903
6490 6571 904
6490 6571 904
6490 6571 904
6490 6571 904
6490 6571 904
6490 6571 904
6490 6571 904
6490 6571 904
6490 6571 904
6490 6571 904
6490 6571 904
6490 6571 904
6490 6571 904
8435 6532 904
8435 6532 904
8435 6532 904
8435 6532 904
8435 6532 904
8435 6532 904
8435 6532 904
8435 6532 904
8435 6532 904
8435 6532 904
8435 6532 904
8435 6532 904
6603 5388 904
6603 5388 904
6603 5388 904
6603 5388 904
6603 5388 904
6603 5388 904
6603 5388 904
6603 5388 904
6603 5388 904
6603 5388 904
6603 5388 904
6603 5388 904
5374 5392 904
5374 5392 904
5374 5392 904
5374 5392 904
5374 5392 904
5374 5392 904
5374 5392 904
5374 5392 904
5374 5392 904
5374 5392 904
5374 5392 904
5374 5392 904
6596 6002 904
6596 6002 904
6596 6002 904
6596 6002 904
6596 6002 904
6596 6002 904
6596 6002 904
6596 6002 904
6596 6002 904
6596 6002 904
6596 6002 904
6596 6002 904
8765 5258 905
8765 5258 905
8765 5258 905
8765 5258 905
8765 5258 905
8765 5258 905
8765 5258 905
8765 5258 905
8765 5258 905
8765 5258 905
8765 5258 905
8765 5258 905
7942 7743 905
7942 7743 905
7942 7743 905
7942 7743 905
7942 7743 905
7942 7743 905
7942 7743 905
7942 7743 905
7942 7743 905
7942 7743 905
7942 7743 905
7942 7743 905
6606 6575 906
6606 6575 906
6606 6575 906
6606 6575 906
6606 6575 906
6606 6575 906
6606 6575 906
6606 6575 906
6606 6575 906
6606 6575 906
6606 6575 906
6606 6575 906
6606 6575 906
9158 5264 906
9158 5264 906
9158 5264 906
9158 5264 906
9158 5264 906
9158 5264 906
9158 5264 906
9158 5264 906
9158 5264 906
9158 5264 906
9158 5264 906
9158 5264 906
6560 5390 909
6560 5390 909
6560 5390 909
6560 5390 909
6560 5390 909
6560 5390 909
6560 5390 909
6560 5390 909
6560 5390 909
6560 5390 909
6560 5390 909
6560 5390 909
5370 5544 909
5370 5544 909
5370 5544 909
5370 5544 909
5370 5544 909
5370 5544 909
5370 5544 909
5370 5544 909
5370 5544 909
5370 5544 909
5370 5544 909
5370 5544 909
6607 5359 909
6607 5359 909
6607 5359 909
6607 5359 909
6607 5359 909
6607 5359 909
6607 5359 909
6607 5359 909
6607 5359 909
6607 5359 909
6607 5359 909
6607 5359 909
7676 6528 910
7676 6528 910
7676 6528 910
7676 6528 910
7676 6528 910
7676 6528 910
7676 6528 910
7676 6528 910
7676 6528 910
7676 6528 910
7676 6528 910
7676 6528 910
5534 5389 910
5534 5389 910
5534 5389 910
5534 5389 910
5534 5389 910
5534 5389 910
5534 5389 910
5534 5389 910
5534 5389 910
5534 5389 910
5534 5389 910
5534 5389 910
5534 5389 910
8458 5358 911
8458 5358 911
8458 5358 911
8458 5358 911
8458 5358 911
8458 5358 911
8458 5358 911
8458 5358 911
8458 5358 911
8458 5358 911
8458 5358 911
8458 5358 911
7635 7701 911
7635 7701 911
7635 7701 911
7635 7701 911
7635 7701 911
7635 7701 911
7635 7701 911
7635 7701 911
7635 7701 911
7635 7701 911
7635 7701 911
7635 7701 911
7635 7701 911
6586 6408 912
6586 6408 912
6586 6408 912
6586 6408 912
6586 6408 912
6586 6408 912
6586 6408 912
6586 6408 912
6586 6408 912
6586 6408 912
6586 6408 912
6586 6408 912
6586 6408 912
6564 7688 912
6564 7688 912
6564 7688 912
6564 7688 912
6564 7688 912
6564 7688 912
6564 7688 912
6564 7688 912
6564 7688 912
6564 7688 912
6564 7688 912
6564 7688 912
6359 7692 912
6359 7692 912
6359 7692 912
6359 7692 912
6359 7692 912
6359 7692 912
6359 7692 912
6359 7692 912
6359 7692 912
6359 7692 912
6359 7692 912
6359 7692 912
6359 7692 912
6506 7676 912
6506 7676 912
6506 7676 912
6506 7676 912
6506 7676 912
6506 7676 912
6506 7676 912
6506 7676 912
6506 7676 912
6506 7676 912
6506 7676 912
6506 7676 912
6506 7676 912
8470 7698 913
8470 7698 913
8470 7698 913
8470 7698 913
8470 7698 913
8470 7698 913
8470 7698 913
8470 7698 913
8470 7698 913
8470 7698 913
8470 7698 913
8470 7698 913
8470 7698 913
6597 6003 914
6597 6003 914
6597 6003 914
6597 6003 914
6597 6003 914
6597 6003 914
6597 6003 914
6597 6003 914
6597 6003 914
6597 6003 914
6597 6003 914
6597 6003 914
5549 6020 914
5549 6020 914
5549 6020 914
5549 6020 914
5549 6020 914
5549 6020 914
5549 6020 914
5549 6020 914
5549 6020 914
5549 6020 914
5549 6020 914
5549 6020 914
5549 6020 914
8680 6523 915
8680 6523 915
8680 6523 915
8680 6523 915
8680 6523 915
8680 6523 915
8680 6523 915
8680 6523 915
8680 6523 915
8680 6523 915
8680 6523 915
8680 6523 915
8439 6601 915
8439 6601 915
8439 6601 915
8439 6601 915
8439 6601 915
8439 6601 915
8439 6601 915
8439 6601 915
8439 6601 915
8439 6601 915
8439 6601 915
8439 6601 915
8439 6601 915
7718 6529 915
7718 6529 915
7718 6529 915
7718 6529 915
7718 6529 915
7718 6529 915
7718 6529 915
7718 6529 915
7718 6529 915
7718 6529 915
7718 6529 915
7718 6529 915
7718 6529 915
5996 7948 915
5996 7948 915
5996 7948 915
5996 7948 915
5996 7948 915
5996 7948 915
5996 7948 915
5996 7948 915
5996 7948 915
5996 7948 915
5996 7948 915
5996 7948 915
5996 7948 915
6547 5418 915
6547 5418 915
6547 5418 915
6547 5418 915
6547 5418 915
6547 5418 915
6547 5418 915
6547 5418 915
6547 5418 915
6547 5418 915
6547 5418 915
6547 5418 915
6547 5418 915
5359 5525 916
5359 5525 916
5359 5525 916
5359 5525 916
5359 5525 916
5359 5525 916
5359 5525 916
5359 5525 916
5359 5525 916
5359 5525 916
5359 5525 916
5359 5525 916
5359 5525 916
5392 5537 916
5392 5537 916
5392 5537 916
5392 5537 916
5392 5537 916
5392 5537 916
5392 5537 916
5392 5537 916
5392 5537 916
5392 5537 916
5392 5537 916
5392 5537 916
5392 5537 916
5374 5359 916
5374 5359 916
5374 5359 916
5374 5359 916
5374 5359 916
5374 5359 916
5374 5359 916
5374 5359 916
5374 5359 916
5374 5359 916
5374 5359 916
5374 5359 916
5374 5359 916
7782 9534 916
7782 9534 916
7782 9534 916
7782 9534 916
7782 9534 916
7782 9534 916
7782 9534 916
7782 9534 916
7782 9534 916
7782 9534 916
7782 9534 916
7782 9534 916
7782 9534 916
5280 5359 917
5280 5359 917
5280 5359 917
5280 5359 917
5280 5359 917
5280 5359 917
5280 5359 917
5280 5359 917
5280 5359 917
5280 5359 917
5280 5359 917
5280 5359 917
5280 5359 917
5365 5276 918
5365 5276 918
5365 5276 918
5365 5276 918
5365 5276 918
5365 5276 918
5365 5276 918
5365 5276 918
5365 5276 918
5365 5276 918
5365 5276 918
5365 5276 918
5365 5276 918
6538 6505 918
6538 6505 918
6538 6505 918
6538 6505 918
6538 6505 918
6538 6505 918
6538 6505 918
6538 6505 918
6538 6505 918
6538 6505 918
6538 6505 918
6538 6505 918
7686 6511 918
7686 6511 918
7686 6511 918
7686 6511 918
7686 6511 918
7686 6511 918
7686 6511 918
7686 6511 918
7686 6511 918
7686 6511 918
7686 6511 918
7686 6511 918
6011 6566 918
6011 6566 918
6011 6566 918
6011 6566 918
6011 6566 918
6011 6566 918
6011 6566 918
6011 6566 918
6011 6566 918
6011 6566 918
6011 6566 918
6011 6566 918
6011 6566 918
8471 8450 919
8471 8450 919
8471 8450 919
8471 8450 919
8471 8450 919
8471 8450 919
8471 8450 919
8471 8450 919
8471 8450 919
8471 8450 919
8471 8450 919
8471 8450 919
8471 8450 919
6581 8470 920
6581 8470 920
6581 8470 920
6581 8470 920
6581 8470 920
6581 8470 920
6581 8470 920
6581 8470 920
6581 8470 920
6581 8470 920
6581 8470 920
6581 8470 920
7784 7986 920
7784 7986 920
7784 7986 920
7784 7986 920
7784 7986 920
7784 7986 920
7784 7986 920
7784 7986 920
7784 7986 920
7784 7986 920
7784 7986 920
7784 7986 920
6603 8453 921
6603 8453 921
6603 8453 921
6603 8453 921
6603 8453 921
6603 8453 921
6603 8453 921
6603 8453 921
6603 8453 921
6603 8453 921
6603 8453 921
6603 8453 921
6603 8453 921
7912 7781 921
7912 7781 921
7912 7781 921
7912 7781 921
7912 7781 921
7912 7781 921
7912 7781 921
7912 7781 921
7912 7781 921
7912 7781 921
7912 7781 921
7912 7781 921
7732 6533 921
7732 6533 921
7732 6533 921
7732 6533 921
7732 6533 921
7732 6533 921
7732 6533 921
7732 6533 921
7732 6533 921
7732 6533 921
7732 6533 921
7732 6533 921
7732 6533 921
8774 5243 923
8774 5243 923
8774 5243 923
8774 5243 923
8774 5243 923
8774 5243 923
8774 5243 923
8774 5243 923
8774 5243 923
8774 5243 923
8774 5243 923
8774 5243 923
8774 5243 923
6380 8680 923
6380 8680 923
6380 8680 923
6380 8680 923
6380 8680 923
6380 8680 923
6380 8680 923
6380 8680 923
6380 8680 923
6380 8680 923
6380 8680 923
6380 8680 923
5358 5440 923
5358 5440 923
5358 5440 923
5358 5440 923
5358 5440 923
5358 5440 923
5358 5440 923
5358 5440 923
5358 5440 923
5358 5440 923
5358 5440 923
5358 5440 923
9518 6529 925
9518 6529 925
9518 6529 925
9518 6529 925
9518 6529 925
9518 6529 925
9518 6529 925
9518 6529 925
9518 6529 925
9518 6529 925
9518 6529 925
9518 6529 925
6010 7781 925
6010 7781 925
6010 7781 925
6010 7781 925
6010 7781 925
6010 7781 925
6010 7781 925
6010 7781 925
6010 7781 925
6010 7781 925
6010 7781 925
6010 7781 925
6010 7781 925
8436 6543 926
8436 6543 926
8436 6543 926
8436 6543 926
8436 6543 926
8436 6543 926
8436 6543 926
8436 6543 926
8436 6543 926
8436 6543 926
8436 6543 926
8436 6543 926
5358 6543 927
5358 6543 927
5358 6543 927
5358 6543 927
5358 6543 927
5358 6543 927
5358 6543 927
5358 6543 927
5358 6543 927
5358 6543 927
5358 6543 927
5358 6543 927
6544 6525 928
6544 6525 928
6544 6525 928
6544 6525 928
6544 6525 928
6544 6525 928
6544 6525 928
6544 6525 928
6544 6525 928
6544 6525 928
6544 6525 928
6544 6525 928
6544 6525 928
5371 6565 928
5371 6565 928
5371 6565 928
5371 6565 928
5371 6565 928
5371 6565 928
5371 6565 928
5371 6565 928
5371 6565 928
5371 6565 928
5371 6565 928
5371 6565 928
5371 6565 928
7751 6585 929
7751 6585 929
7751 6585 929
7751 6585 929
7751 6585 929
7751 6585 929
7751 6585 929
7751 6585 929
7751 6585 929
7751 6585 929
7751 6585 929
7751 6585 929
7751 6585 929
6038 6003 929
6038 6003 929
6038 6003 929
6038 6003 929
6038 6003 929
6038 6003 929
6038 6003 929
6038 6003 929
6038 6003 929
6038 6003 929
6038 6003 929
6038 6003 929
6038 6003 929
7770 7715 930
7770 7715 930
7770 7715 930
7770 7715 930
7770 7715 930
7770 7715 930
7770 7715 930
7770 7715 930
7770 7715 930
7770 7715 930
7770 7715 930
7770 7715 930
7770 7715 930
7784 6022 931
7784 6022 931
7784 6022 931
7784 6022 931
7784 6022 931
7784 6022 931
7784 6022 931
7784 6022 931
7784 6022 931
7784 6022 931
7784 6022 931
7784 6022 931
6462 7664 931
6462 7664 931
6462 7664 931
6462 7664 931
6462 7664 931
6462 7664 931
6462 7664 931
6462 7664 931
6462 7664 931
6462 7664 931
6462 7664 931
6462 7664 931
6462 7664 931
5379 5376 932
5379 5376 932
5379 5376 932
5379 5376 932
5379 5376 932
5379 5376 932
5379 5376 932
5379 5376 932
5379 5376 932
5379 5376 932
5379 5376 932
5379 5376 932
5379 5376 932
5270 5533 933
5270 5533 933
5270 5533 933
5270 5533 933
5270 5533 933
5270 5533 933
5270 5533 933
5270 5533 933
5270 5533 933
5270 5533 933
5270 5533 933
5270 5533 933
7940 7728 933
7940 7728 933
7940 7728 933
7940 7728 933
7940 7728 933
7940 7728 933
7940 7728 933
7940 7728 933
7940 7728 933
7940 7728 933
7940 7728 933
7940 7728 933
7700 6564 933
7700 6564 933
7700 6564 933
7700 6564 933
7700 6564 933
7700 6564 933
7700 6564 933
7700 6564 933
7700 6564 933
7700 6564 933
7700 6564 933
7700 6564 933
7700 6564 933
5284 5412 933
5284 5412 933
5284 5412 933
5284 5412 933
5284 5412 933
5284 5412 933
5284 5412 933
5284 5412 933
5284 5412 933
5284 5412 933
5284 5412 933
5284 5412 933
5284 5412 933
6310 6472 933
6310 6472 933
6310 6472 933
6310 6472 933
6310 6472 933
6310 6472 933
6310 6472 933
6310 6472 933
6310 6472 933
6310 6472 933
6310 6472 933
6310 6472 933
6602 5389 934
6602 5389 934
6602 5389 934
6602 5389 934
6602 5389 934
6602 5389 934
6602 5389 934
6602 5389 934
6602 5389 934
6602 5389 934
6602 5389 934
6602 5389 934
6019 5393 934
6019 5393 934
6019 5393 934
6019 5393 934
6019 5393 934
6019 5393 934
6019 5393 934
6019 5393 934
6019 5393 934
6019 5393 934
6019 5393 934
6019 5393 934
5281 6541 934
5281 6541 934
5281 6541 934
5281 6541 934
5281 6541 934
5281 6541 934
5281 6541 934
5281 6541 934
5281 6541 934
5281 6541 934
5281 6541 934
5281 6541 934
5281 6541 934
7803 7739 934
7803 7739 934
7803 7739 934
7803 7739 934
7803 7739 934
7803 7739 934
7803 7739 934
7803 7739 934
7803 7739 934
7803 7739 934
7803 7739 934
7803 7739 934
7677 6525 935
7677 6525 935
7677 6525 935
7677 6525 935
7677 6525 935
7677 6525 935
7677 6525 935
7677 6525 935
7677 6525 935
7677 6525 935
7677 6525 935
7677 6525 935
5255 5308 936
5255 5308 936
5255 5308 936
5255 5308 936
5255 5308 936
5255 5308 936
5255 5308 936
5255 5308 936
5255 5308 936
5255 5308 936
5255 5308 936
5255 5308 936
5255 5308 936
6613 8477 936
6613 8477 936
6613 8477 936
6613 8477 936
6613 8477 936
6613 8477 936
6613 8477 936
6613 8477 936
6613 8477 936
6613 8477 936
6613 8477 936
6613 8477 936
7971 7759 936
7971 7759 936
7971 7759 936
7971 7759 936
7971 7759 936
7971 7759 936
7971 7759 936
7971 7759 936
7971 7759 936
7971 7759 936
7971 7759 936
7971 7759 936
5399 5986 937
5399 5986 937
5399 5986 937
5399 5986 937
5399 5986 937
5399 5986 937
5399 5986 937
5399 5986 937
5399 5986 937
5399 5986 937
5399 5986 937
5399 5986 937
6557 6553 937
6557 6553 937
6557 6553 937
6557 6553 937
6557 6553 937
6557 6553 937
6557 6553 937
6557 6553 937
6557 6553 937
6557 6553 937
6557 6553 937
6557 6553 937
5288 9153 937
5288 9153 937
5288 9153 937
5288 9153 937
5288 9153 937
5288 9153 937
5288 9153 937
5288 9153 937
5288 9153 937
5288 9153 937
5288 9153 937
5288 9153 937
5288 9153 937
5427 5282 937
5427 5282 937
5427 5282 937
5427 5282 937
5427 5282 937
5427 5282 937
5427 5282 937
5427 5282 937
5427 5282 937
5427 5282 937
5427 5282 937
5427 5282 937
5427 5282 937
5262 6010 938
5262 6010 938
5262 6010 938
5262 6010 938
5262 6010 938
5262 6010 938
5262 6010 938
5262 6010 938
5262 6010 938
5262 6010 938
5262 6010 938
5262 6010 938
5262 6010 938
6561 7724 939
6561 7724 939
6561 7724 939
6561 7724 939
6561 7724 939
6561 7724 939
6561 7724 939
6561 7724 939
6561 7724 939
6561 7724 939
6561 7724 939
6561 7724 939
6561 7724 939
6508 6464 940
6508 6464 940
6508 6464 940
6508 6464 940
6508 6464 940
6508 6464 940
6508 6464 940
6508 6464 940
6508 6464 940
6508 6464 940
6508 6464 940
6508 6464 940
5288 5527 941
5288 5527 941
5288 5527 941
5288 5527 941
5288 5527 941
5288 5527 941
5288 5527 941
5288 5527 941
5288 5527 941
5288 5527 941
5288 5527 941
5288 5527 941
6590 5375 943
6590 5375 943
6590 5375 943
6590 5375 943
6590 5375 943
6590 5375 943
6590 5375 943
6590 5375 943
6590 5375 943
6590 5375 943
6590 5375 943
6590 5375 943
6527 6470 943
6527 6470 943
6527 6470 943
6527 6470 943
6527 6470 943
6527 6470 943
6527 6470 943
6527 6470 943
6527 6470 943
6527 6470 943
6527 6470 943
6527 6470 943
6527 6470 943
5360 5436 943
5360 5436 943
5360 5436 943
5360 5436 943
5360 5436 943
5360 5436 943
5360 5436 943
5360 5436 943
5360 5436 943
5360 5436 943
5360 5436 943
5360 5436 943
7934 7835 944
7934 7835 944
7934 7835 944
7934 7835 944
7934 7835 944
7934 7835 944
7934 7835 944
7934 7835 944
7934 7835 944
7934 7835 944
7934 7835 944
7934 7835 944
7934 7835 944
7782 5395 946
7782 5395 946
7782 5395 946
7782 5395 946
7782 5395 946
7782 5395 946
7782 5395 946
7782 5395 946
7782 5395 946
7782 5395 946
7782 5395 946
7782 5395 946
6584 6592 948
6584 6592 948
6584 6592 948
6584 6592 948
6584 6592 948
6584 6592 948
6584 6592 948
6584 6592 948
6584 6592 948
6584 6592 948
6584 6592 948
6584 6592 948
6569 6553 952
6569 6553 952
6569 6553 952
6569 6553 952
6569 6553 952
6569 6553 952
6569 6553 952
6569 6553 952
6569 6553 952
6569 6553 952
6569 6553 952
6569 6553 952
5269 9146 953
5269 9146 953
5269 9146 953
5269 9146 953
5269 9146 953
5269 9146 953
5269 9146 953
5269 9146 953
5269 9146 953
5269 9146 953
5269 9146 953
5269 9146 953
5269 9146 953
5410 8461 2297
5410 8461 2297
5410 8461 2297
5410 8461 2297
5410 8461 2297
5410 8461 2297
5410 8461 2297
5410 8461 2297
5410 8461 2297
5410 8461 2297
5410 8461 2297
5410 8461 2297
6542 6455 2297
6542 6455 2297
6542 6455 2297
6542 6455 2297
6542 6455 2297
6542 6455 2297
6542 6455 2297
6542 6455 2297
6542 6455 2297
6542 6455 2297
6542 6455 2297
6542 6455 2297
6542 6455 2297
5356 5420 2301
5356 5420 2301
5356 5420 2301
5356 5420 2301
5356 5420 2301
5356 5420 2301
5356 5420 2301
5356 5420 2301
5356 5420 2301
5356 5420 2301
5356 5420 2301
5356 5420 2301
5356 5420 2301
8678 6576 2316
8678 6576 2316
8678 6576 2316
8678 6576 2316
8678 6576 2316
8678 6576 2316
8678 6576 2316
8678 6576 2316
8678 6576 2316
8678 6576 2316
8678 6576 2316
8678 6576 2316
8678 6576 2316
6491 7686 2330
6491 7686 2330
6491 7686 2330
6491 7686 2330
6491 7686 2330
6491 7686 2330
6491 7686 2330
6491 7686 2330
6491 7686 2330
6491 7686 2330
6491 7686 2330
6491 7686 2330
6491 7686 2330
7687 6463 2332
7687 6463 2332
7687 6463 2332
7687 6463 2332
7687 6463 2332
7687 6463 2332
7687 6463 2332
7687 6463 2332
7687 6463 2332
7687 6463 2332
7687 6463 2332
7687 6463 2332
7687 6463 2332
5354 9158 2342
5354 9158 2342
5354 9158 2342
5354 9158 2342
5354 9158 2342
5354 9158 2342
5354 9158 2342
5354 9158 2342
5354 9158 2342
5354 9158 2342
5354 9158 2342
5354 9158 2342
5354 9158 2342
8446 8705 2343
8446 8705 2343
8446 8705 2343
8446 8705 2343
8446 8705 2343
8446 8705 2343
8446 8705 2343
8446 8705 2343
8446 8705 2343
8446 8705 2343
8446 8705 2343
8446 8705 2343
8446 8705 2343
6556 6398 2345
6556 6398 2345
6556 6398 2345
6556 6398 2345
6556 6398 2345
6556 6398 2345
6556 6398 2345
6556 6398 2345
6556 6398 2345
6556 6398 2345
6556 6398 2345
6556 6398 2345
7776 5985 2345
7776 5985 2345
7776 5985 2345
7776 5985 2345
7776 5985 2345
7776 5985 2345
7776 5985 2345
7776 5985 2345
7776 5985 2345
7776 5985 2345
7776 5985 2345
7776 5985 2345
7776 5985 2345
7686 7814 2354
7686 7814 2354
7686 7814 2354
7686 7814 2354
7686 7814 2354
7686 7814 2354
7686 7814 2354
7686 7814 2354
7686 7814 2354
7686 7814 2354
7686 7814 2354
7686 7814 2354
8480 7731 2354
8480 7731 2354
8480 7731 2354
8480 7731 2354
8480 7731 2354
8480 7731 2354
8480 7731 2354
8480 7731 2354
8480 7731 2354
8480 7731 2354
8480 7731 2354
8480 7731 2354
6450 6550 2355
6450 6550 2355
6450 6550 2355
6450 6550 2355
6450 6550 2355
6450 6550 2355
6450 6550 2355
6450 6550 2355
6450 6550 2355
6450 6550 2355
6450 6550 2355
6450 6550 2355
6450 6550 2355
7690 6517 2355
7690 6517 2355
7690 6517 2355
7690 6517 2355
7690 6517 2355
7690 6517 2355
7690 6517 2355
7690 6517 2355
7690 6517 2355
7690 6517 2355
7690 6517 2355
7690 6517 2355
7690 6517 2355
6532 7740 2356
6532 7740 2356
6532 7740 2356
6532 7740 2356
6532 7740 2356
6532 7740 2356
6532 7740 2356
6532 7740 2356
6532 7740 2356
6532 7740 2356
6532 7740 2356
6532 7740 2356
6607 7716 2356
6607 7716 2356
6607 7716 2356
6607 7716 2356
6607 7716 2356
6607 7716 2356
6607 7716 2356
6607 7716 2356
6607 7716 2356
6607 7716 2356
6607 7716 2356
6607 7716 2356
6607 7716 2356
6543 8680 2357
6543 8680 2357
6543 8680 2357
6543 8680 2357
6543 8680 2357
6543 8680 2357
6543 8680 2357
6543 8680 2357
6543 8680 2357
6543 8680 2357
6543 8680 2357
6543 8680 2357
5292 5252 2360
5292 5252 2360
5292 5252 2360
5292 5252 2360
5292 5252 2360
5292 5252 2360
5292 5252 2360
5292 5252 2360
5292 5252 2360
5292 5252 2360
5292 5252 2360
5292 5252 2360
5292 5252 2360
8463 7715 2360
8463 7715 2360
8463 7715 2360
8463 7715 2360
8463 7715 2360
8463 7715 2360
8463 7715 2360
8463 7715 2360
8463 7715 2360
8463 7715 2360
8463 7715 2360
8463 7715 2360
8463 7715 2360
6589 8680 2361
6589 8680 2361
6589 8680 2361
6589 8680 2361
6589 8680 2361
6589 8680 2361
6589 8680 2361
6589 8680 2361
6589 8680 2361
6589 8680 2361
6589 8680 2361
6589 8680 2361
5363 6557 2363
5363 6557 2363
5363 6557 2363
5363 6557 2363
5363 6557 2363
5363 6557 2363
5363 6557 2363
5363 6557 2363
5363 6557 2363
5363 6557 2363
5363 6557 2363
5363 6557 2363
5363 6557 2363
7943 6055 2363
7943 6055 2363
7943 6055 2363
7943 6055 2363
7943 6055 2363
7943 6055 2363
7943 6055 2363
7943 6055 2363
7943 6055 2363
7943 6055 2363
7943 6055 2363
7943 6055 2363
5283 8455 2364
5283 8455 2364
5283 8455 2364
5283 8455 2364
5283 8455 2364
5283 8455 2364
5283 8455 2364
5283 8455 2364
5283 8455 2364
5283 8455 2364
5283 8455 2364
5283 8455 2364
5283 8455 2364
5254 5444 2364
5254 5444 2364
5254 5444 2364
5254 5444 2364
5254 5444 2364
5254 5444 2364
5254 5444 2364
5254 5444 2364
5254 5444 2364
5254 5444 2364
5254 5444 2364
5254 5444 2364
6038 6562 2365
6038 6562 2365
6038 6562 2365
6038 6562 2365
6038 6562 2365
6038 6562 2365
6038 6562 2365
6038 6562 2365
6038 6562 2365
6038 6562 2365
6038 6562 2365
6038 6562 2365
6038 6562 2365
8458 6566 2365
8458 6566 2365
8458 6566 2365
8458 6566 2365
8458 6566 2365
8458 6566 2365
8458 6566 2365
8458 6566 2365
8458 6566 2365
8458 6566 2365
8458 6566 2365
8458 6566 2365
8458 6566 2365
5261 8434 2365
5261 8434 2365
5261 8434 2365
5261 8434 2365
5261 8434 2365
5261 8434 2365
5261 8434 2365
5261 8434 2365
5261 8434 2365
5261 8434 2365
5261 8434 2365
5261 8434 2365
5261 8434 2365
6586 5924 2366
6586 5924 2366
6586 5924 2366
6586 5924 2366
6586 5924 2366
6586 5924 2366
6586 5924 2366
6586 5924 2366
6586 5924 2366
6586 5924 2366
6586 5924 2366
6586 5924 2366
6586 5924 2366
5358 6387 2366
5358 6387 2366
5358 6387 2366
5358 6387 2366
5358 6387 2366
5358 6387 2366
5358 6387 2366
5358 6387 2366
5358 6387 2366
5358 6387 2366
5358 6387 2366
5358 6387 2366
5358 6387 2366
7724 6521 2367
7724 6521 2367
7724 6521 2367
7724 6521 2367
7724 6521 2367
7724 6521 2367
7724 6521 2367
7724 6521 2367
7724 6521 2367
7724 6521 2367
7724 6521 2367
7724 6521 2367
7724 6521 2367
8459 7750 2367
8459 7750 2367
8459 7750 2367
8459 7750 2367
8459 7750 2367
8459 7750 2367
8459 7750 2367
8459 7750 2367
8459 7750 2367
8459 7750 2367
8459 7750 2367
8459 7750 2367
6523 7713 2369
6523 7713 2369
6523 7713 2369
6523 7713 2369
6523 7713 2369
6523 7713 2369
6523 7713 2369
6523 7713 2369
6523 7713 2369
6523 7713 2369
6523 7713 2369
6523 7713 2369
6523 7713 2369
7803 7666 2369
7803 7666 2369
7803 7666 2369
7803 7666 2369
7803 7666 2369
7803 7666 2369
7803 7666 2369
7803 7666 2369
7803 7666 2369
7803 7666 2369
7803 7666 2369
7803 7666 2369
7772 8462 2370
7772 8462 2370
7772 8462 2370
7772 8462 2370
7772 8462 2370
7772 8462 2370
7772 8462 2370
7772 8462 2370
7772 8462 2370
7772 8462 2370
7772 8462 2370
7772 8462 2370
5441 5985 2370
5441 5985 2370
5441 5985 2370
5441 5985 2370
5441 5985 2370
5441 5985 2370
5441 5985 2370
5441 5985 2370
5441 5985 2370
5441 5985 2370
5441 5985 2370
5441 5985 2370
5392 6597 2372
5392 6597 2372
5392 6597 2372
5392 6597 2372
5392 6597 2372
5392 6597 2372
5392 6597 2372
5392 6597 2372
5392 6597 2372
5392 6597 2372
5392 6597 2372
5392 6597 2372
6557 8683 2372
6557 8683 2372
6557 8683 2372
6557 8683 2372
6557 8683 2372
6557 8683 2372
6557 8683 2372
6557 8683 2372
6557 8683 2372
6557 8683 2372
6557 8683 2372
6557 8683 2372
6557 8683 2372
7690 6543 2373
7690 6543 2373
7690 6543 2373
7690 6543 2373
7690 6543 2373
7690 6543 2373
7690 6543 2373
7690 6543 2373
7690 6543 2373
7690 6543 2373
7690 6543 2373
7690 6543 2373
6508 7819 2373
6508 7819 2373
6508 7819 2373
6508 7819 2373
6508 7819 2373
6508 7819 2373
6508 7819 2373
6508 7819 2373
6508 7819 2373
6508 7819 2373
6508 7819 2373
6508 7819 2373
6508 7819 2373
8434 5422 2374
8434 5422 2374
8434 5422 2374
8434 5422 2374
8434 5422 2374
8434 5422 2374
8434 5422 2374
8434 5422 2374
8434 5422 2374
8434 5422 2374
8434 5422 2374
8434 5422 2374
8434 5422 2374
5358 6557 2374
5358 6557 2374
5358 6557 2374
5358 6557 2374
5358 6557 2374
5358 6557 2374
5358 6557 2374
5358 6557 2374
5358 6557 2374
5358 6557 2374
5358 6557 2374
5358 6557 2374
6585 8704 2376
6585 8704 2376
6585 8704 2376
6585 8704 2376
6585 8704 2376
6585 8704 2376
6585 8704 2376
6585 8704 2376
6585 8704 2376
6585 8704 2376
6585 8704 2376
6585 8704 2376
6585 8704 2376
8455 6550 2378
8455 6550 2378
8455 6550 2378
8455 6550 2378
8455 6550 2378
8455 6550 2378
8455 6550 2378
8455 6550 2378
8455 6550 2378
8455 6550 2378
8455 6550 2378
8455 6550 2378
8455 6556 2378
8455 6556 2378
8455 6556 2378
8455 6556 2378
8455 6556 2378
8455 6556 2378
8455 6556 2378
8455 6556 2378
8455 6556 2378
8455 6556 2378
8455 6556 2378
8455 6556 2378
8455 6556 2378
5385 7716 2379
5385 7716 2379
5385 7716 2379
5385 7716 2379
5385 7716 2379
5385 7716 2379
5385 7716 2379
5385 7716 2379
5385 7716 2379
5385 7716 2379
5385 7716 2379
5385 7716 2379
6042 5391 2380
6042 5391 2380
6042 5391 2380
6042 5391 2380
6042 5391 2380
6042 5391 2380
6042 5391 2380
6042 5391 2380
6042 5391 2380
6042 5391 2380
6042 5391 2380
6042 5391 2380
6042 5391 2380
5999 5423 2381
5999 5423 2381
5999 5423 2381
5999 5423 2381
5999 5423 2381
5999 5423 2381
5999 5423 2381
5999 5423 2381
5999 5423 2381
5999 5423 2381
5999 5423 2381
5999 5423 2381
5999 5423 2381
6009 7783 2382
6009 7783 2382
6009 7783 2382
6009 7783 2382
6009 7783 2382
6009 7783 2382
6009 7783 2382
6009 7783 2382
6009 7783 2382
6009 7783 2382
6009 7783 2382
6009 7783 2382
5537 5281 2382
5537 5281 2382
5537 5281 2382
5537 5281 2382
5537 5281 2382
5537 5281 2382
5537 5281 2382
5537 5281 2382
5537 5281 2382
5537 5281 2382
5537 5281 2382
5537 5281 2382
5537 5281 2382
5378 8461 2382
5378 8461 2382
5378 8461 2382
5378 8461 2382
5378 8461 2382
5378 8461 2382
5378 8461 2382
5378 8461 2382
5378 8461 2382
5378 8461 2382
5378 8461 2382
5378 8461 2382
5378 8461 2382
5395 6543 2383
5395 6543 2383
5395 6543 2383
5395 6543 2383
5395 6543 2383
5395 6543 2383
5395 6543 2383
5395 6543 2383
5395 6543 2383
5395 6543 2383
5395 6543 2383
5395 6543 2383
6491 6455 2383
6491 6455 2383
6491 6455 2383
6491 6455 2383
6491 6455 2383
6491 6455 2383
6491 6455 2383
6491 6455 2383
6491 6455 2383
6491 6455 2383
6491 6455 2383
6491 6455 2383
6491 6455 2383
5379 9155 2383
5379 9155 2383
5379 9155 2383
5379 9155 2383
5379 9155 2383
5379 9155 2383
5379 9155 2383
5379 9155 2383
5379 9155 2383
5379 9155 2383
5379 9155 2383
5379 9155 2383
7926 5924 2383
7926 5924 2383
7926 5924 2383
7926 5924 2383
7926 5924 2383
7926 5924 2383
7926 5924 2383
7926 5924 2383
7926 5924 2383
7926 5924 2383
7926 5924 2383
7926 5924 2383
8436 8698 2383
8436 8698 2383
8436 8698 2383
8436 8698 2383
8436 8698 2383
8436 8698 2383
8436 8698 2383
8436 8698 2383
8436 8698 2383
8436 8698 2383
8436 8698 2383
8436 8698 2383
8436 8698 2383
6585 8705 2384
6585 8705 2384
6585 8705 2384
6585 8705 2384
6585 8705 2384
6585 8705 2384
6585 8705 2384
6585 8705 2384
6585 8705 2384
6585 8705 2384
6585 8705 2384
6585 8705 2384
6585 8705 2384
6506 6523 2385
6506 6523 2385
6506 6523 2385
6506 6523 2385
6506 6523 2385
6506 6523 2385
6506 6523 2385
6506 6523 2385
6506 6523 2385
6506 6523 2385
6506 6523 2385
6506 6523 2385
6563 8436 2385
6563 8436 2385
6563 8436 2385
6563 8436 2385
6563 8436 2385
6563 8436 2385
6563 8436 2385
6563 8436 2385
6563 8436 2385
6563 8436 2385
6563 8436 2385
6563 8436 2385
7768 8437 2388
7768 8437 2388
7768 8437 2388
7768 8437 2388
7768 8437 2388
7768 8437 2388
7768 8437 2388
7768 8437 2388
7768 8437 2388
7768 8437 2388
7768 8437 2388
7768 8437 2388
7768 8437 2388
7840 7773 2388
7840 7773 2388
7840 7773 2388
7840 7773 2388
7840 7773 2388
7840 7773 2388
7840 7773 2388
7840 7773 2388
7840 7773 2388
7840 7773 2388
7840 7773 2388
7840 7773 2388
7962 6037 2388
7962 6037 2388
7962 6037 2388
7962 6037 2388
7962 6037 2388
7962 6037 2388
7962 6037 2388
7962 6037 2388
7962 6037 2388
7962 6037 2388
7962 6037 2388
7962 6037 2388
7962 6037 2388
5394 6591 2389
5394 6591 2389
5394 6591 2389
5394 6591 2389
5394 6591 2389
5394 6591 2389
5394 6591 2389
5394 6591 2389
5394 6591 2389
5394 6591 2389
5394 6591 2389
5394 6591 2389
5394 6591 2389
9524 8443 2390
9524 8443 2390
9524 8443 2390
9524 8443 2390
9524 8443 2390
9524 8443 2390
9524 8443 2390
9524 8443 2390
9524 8443 2390
9524 8443 2390
9524 8443 2390
9524 8443 2390
5280 8770 2390
5280 8770 2390
5280 8770 2390
5280 8770 2390
5280 8770 2390
5280 8770 2390
5280 8770 2390
5280 8770 2390
5280 8770 2390
5280 8770 2390
5280 8770 2390
5280 8770 2390
8434 6563 2392
8434 6563 2392
8434 6563 2392
8434 6563 2392
8434 6563 2392
8434 6563 2392
8434 6563 2392
8434 6563 2392
8434 6563 2392
8434 6563 2392
8434 6563 2392
8434 6563 2392
5429 8462 2392
5429 8462 2392
5429 8462 2392
5429 8462 2392
5429 8462 2392
5429 8462 2392
5429 8462 2392
5429 8462 2392
5429 8462 2392
5429 8462 2392
5429 8462 2392
5429 8462 2392
5355 8453 2393
5355 8453 2393
5355 8453 2393
5355 8453 2393
5355 8453 2393
5355 8453 2393
5355 8453 2393
5355 8453 2393
5355 8453 2393
5355 8453 2393
5355 8453 2393
5355 8453 2393
5355 8453 2393
6531 6364 2394
6531 6364 2394
6531 6364 2394
6531 6364 2394
6531 6364 2394
6531 6364 2394
6531 6364 2394
6531 6364 2394
6531 6364 2394
6531 6364 2394
6531 6364 2394
6531 6364 2394
6531 6364 2394
6560 5252 2395
6560 5252 2395
6560 5252 2395
6560 5252 2395
6560 5252 2395
6560 5252 2395
6560 5252 2395
6560 5252 2395
6560 5252 2395
6560 5252 2395
6560 5252 2395
6560 5252 2395
8450 6414 2395
8450 6414 2395
8450 6414 2395
8450 6414 2395
8450 6414 2395
8450 6414 2395
8450 6414 2395
8450 6414 2395
8450 6414 2395
8450 6414 2395
8450 6414 2395
8450 6414 2395
7697 6604 2395
7697 6604 2395
7697 6604 2395
7697 6604 2395
7697 6604 2395
7697 6604 2395
7697 6604 2395
7697 6604 2395
7697 6604 2395
7697 6604 2395
7697 6604 2395
7697 6604 2395
8431 8456 2395
8431 8456 2395
8431 8456 2395
8431 8456 2395
8431 8456 2395
8431 8456 2395
8431 8456 2395
8431 8456 2395
8431 8456 2395
8431 8456 2395
8431 8456 2395
8431 8456 2395
7881 7750 2396
7881 7750 2396
7881 7750 2396
7881 7750 2396
7881 7750 2396
7881 7750 2396
7881 7750 2396
7881 7750 2396
7881 7750 2396
7881 7750 2396
7881 7750 2396
7881 7750 2396
7881 7750 2396
5353 5290 2396
5353 5290 2396
5353 5290 2396
5353 5290 2396
5353 5290 2396
5353 5290 2396
5353 5290 2396
5353 5290 2396
5353 5290 2396
5353 5290 2396
5353 5290 2396
5353 5290 2396
7844 7737 2396
7844 7737 2396
7844 7737 2396
7844 7737 2396
7844 7737 2396
7844 7737 2396
7844 7737 2396
7844 7737 2396
7844 7737 2396
7844 7737 2396
7844 7737 2396
7844 7737 2396
6419 6398 2397
6419 6398 2397
6419 6398 2397
6419 6398 2397
6419 6398 2397
6419 6398 2397
6419 6398 2397
6419 6398 2397
6419 6398 2397
6419 6398 2397
6419 6398 2397
6419 6398 2397
8673 6541 2398
8673 6541 2398
8673 6541 2398
8673 6541 2398
8673 6541 2398
8673 6541 2398
8673 6541 2398
8673 6541 2398
8673 6541 2398
8673 6541 2398
8673 6541 2398
8673 6541 2398
7755 6542 2400
7755 6542 2400
7755 6542 2400
7755 6542 2400
7755 6542 2400
7755 6542 2400
7755 6542 2400
7755 6542 2400
7755 6542 2400
7755 6542 2400
7755 6542 2400
7755 6542 2400
7755 6542 2400
7691 7675 2400
7691 7675 2400
7691 7675 2400
7691 7675 2400
7691 7675 2400
7691 7675 2400
7691 7675 2400
7691 7675 2400
7691 7675 2400
7691 7675 2400
7691 7675 2400
7691 7675 2400
7690 6452 2400
7690 6452 2400
7690 6452 2400
7690 6452 2400
7690 6452 2400
7690 6452 2400
7690 6452 2400
7690 6452 2400
7690 6452 2400
7690 6452 2400
7690 6452 2400
7690 6452 2400
7690 6452 2400
5294 5354 2401
5294 5354 2401
5294 5354 2401
5294 5354 2401
5294 5354 2401
5294 5354 2401
5294 5354 2401
5294 5354 2401
5294 5354 2401
5294 5354 2401
5294 5354 2401
5294 5354 2401
7843 6438 2401
7843 6438 2401
7843 6438 2401
7843 6438 2401
7843 6438 2401
7843 6438 2401
7843 6438 2401
7843 6438 2401
7843 6438 2401
7843 6438 2401
7843 6438 2401
7843 6438 2401
7843 6438 2401
7700 6585 2401
7700 6585 2401
7700 6585 2401
7700 6585 2401
7700 6585 2401
7700 6585 2401
7700 6585 2401
7700 6585 2401
7700 6585 2401
7700 6585 2401
7700 6585 2401
7700 6585 2401
6586 8438 2402
6586 8438 2402
6586 8438 2402
6586 8438 2402
6586 8438 2402
6586 8438 2402
6586 8438 2402
6586 8438 2402
6586 8438 2402
6586 8438 2402
6586 8438 2402
6586 8438 2402
5417 9761 2402
5417 9761 2402
5417 9761 2402
5417 9761 2402
5417 9761 2402
5417 9761 2402
5417 9761 2402
5417 9761 2402
5417 9761 2402
5417 9761 2402
5417 9761 2402
5417 9761 2402
6010 8452 2403
6010 8452 2403
6010 8452 2403
6010 8452 2403
6010 8452 2403
6010 8452 2403
6010 8452 2403
6010 8452 2403
6010 8452 2403
6010 8452 2403
6010 8452 2403
6010 8452 2403
7936 7844 2404
7936 7844 2404
7936 7844 2404
7936 7844 2404
7936 7844 2404
7936 7844 2404
7936 7844 2404
7936 7844 2404
7936 7844 2404
7936 7844 2404
7936 7844 2404
7936 7844 2404
7936 7844 2404
6380 5257 2404
6380 5257 2404
6380 5257 2404
6380 5257 2404
6380 5257 2404
6380 5257 2404
6380 5257 2404
6380 5257 2404
6380 5257 2404
6380 5257 2404
6380 5257 2404
6380 5257 2404
6380 5257 2404
6019 5457 2404
6019 5457 2404
6019 5457 2404
6019 5457 2404
6019 5457 2404
6019 5457 2404
6019 5457 2404
6019 5457 2404
6019 5457 2404
6019 5457 2404
6019 5457 2404
6019 5457 2404
6580 7916 2404
6580 7916 2404
6580 7916 2404
6580 7916 2404
6580 7916 2404
6580 7916 2404
6580 7916 2404
6580 7916 2404
6580 7916 2404
6580 7916 2404
6580 7916 2404
6580 7916 2404
6580 7916 2404
8446 6597 2405
8446 6597 2405
8446 6597 2405
8446 6597 2405
8446 6597 2405
8446 6597 2405
8446 6597 2405
8446 6597 2405
8446 6597 2405
8446 6597 2405
8446 6597 2405
8446 6597 2405
8446 6597 2405
5358 6532 2406
5358 6532 2406
5358 6532 2406
5358 6532 2406
5358 6532 2406
5358 6532 2406
5358 6532 2406
5358 6532 2406
5358 6532 2406
5358 6532 2406
5358 6532 2406
5358 6532 2406
5358 6532 2406
8436 7725 2406
8436 7725 2406
8436 7725 2406
8436 7725 2406
8436 7725 2406
8436 7725 2406
8436 7725 2406
8436 7725 2406
8436 7725 2406
8436 7725 2406
8436 7725 2406
8436 7725 2406
8436 7725 2406
6529 8468 2407
6529 8468 2407
6529 8468 2407
6529 8468 2407
6529 8468 2407
6529 8468 2407
6529 8468 2407
6529 8468 2407
6529 8468 2407
6529 8468 2407
6529 8468 2407
6529 8468 2407
6561 8704 2407
6561 8704 2407
6561 8704 2407
6561 8704 2407
6561 8704 2407
6561 8704 2407
6561 8704 2407
6561 8704 2407
6561 8704 2407
6561 8704 2407
6561 8704 2407
6561 8704 2407
5365 6556 2407
5365 6556 2407
5365 6556 2407
5365 6556 2407
5365 6556 2407
5365 6556 2407
5365 6556 2407
5365 6556 2407
5365 6556 2407
5365 6556 2407
5365 6556 2407
5365 6556 2407
5365 6556 2407
6525 6378 2408
6525 6378 2408
6525 6378 2408
6525 6378 2408
6525 6378 2408
6525 6378 2408
6525 6378 2408
6525 6378 2408
6525 6378 2408
6525 6378 2408
6525 6378 2408
6525 6378 2408
7703 8454 2411
7703 8454 2411
7703 8454 2411
7703 8454 2411
7703 8454 2411
7703 8454 2411
7703 8454 2411
7703 8454 2411
7703 8454 2411
7703 8454 2411
7703 8454 2411
7703 8454 2411
8471 6608 2411
8471 6608 2411
8471 6608 2411
8471 6608 2411
8471 6608 2411
8471 6608 2411
8471 6608 2411
8471 6608 2411
8471 6608 2411
8471 6608 2411
8471 6608 2411
8471 6608 2411
5419 7711 2411
5419 7711 2411
5419 7711 2411
5419 7711 2411
5419 7711 2411
5419 7711 2411
5419 7711 2411
5419 7711 2411
5419 7711 2411
5419 7711 2411
5419 7711 2411
5419 7711 2411
6081 5358 2412
6081 5358 2412
6081 5358 2412
6081 5358 2412
6081 5358 2412
6081 5358 2412
6081 5358 2412
6081 5358 2412
6081 5358 2412
6081 5358 2412
6081 5358 2412
6081 5358 2412
6081 5358 2412
6545 5244 2412
6545 5244 2412
6545 5244 2412
6545 5244 2412
6545 5244 2412
6545 5244 2412
6545 5244 2412
6545 5244 2412
6545 5244 2412
6545 5244 2412
6545 5244 2412
6545 5244 2412
6545 5244 2412
5457 5418 2413
5457 5418 2413
5457 5418 2413
5457 5418 2413
5457 5418 2413
5457 5418 2413
5457 5418 2413
5457 5418 2413
5457 5418 2413
5457 5418 2413
5457 5418 2413
5457 5418 2413
5457 5418 2413
5445 8451 2413
5445 8451 2413
5445 8451 2413
5445 8451 2413
5445 8451 2413
5445 8451 2413
5445 8451 2413
5445 8451 2413
5445 8451 2413
5445 8451 2413
5445 8451 2413
5445 8451 2413
6378 6476 2414
6378 6476 2414
6378 6476 2414
6378 6476 2414
6378 6476 2414
6378 6476 2414
6378 6476 2414
6378 6476 2414
6378 6476 2414
6378 6476 2414
6378 6476 2414
6378 6476 2414
6378 6476 2414
5993 7692 2417
5993 7692 2417
5993 7692 2417
5993 7692 2417
5993 7692 2417
5993 7692 2417
5993 7692 2417
5993 7692 2417
5993 7692 2417
5993 7692 2417
5993 7692 2417
5993 7692 2417
8467 7916 2419
8467 7916 2419
8467 7916 2419
8467 7916 2419
8467 7916 2419
8467 7916 2419
8467 7916 2419
8467 7916 2419
8467 7916 2419
8467 7916 2419
8467 7916 2419
8467 7916 2419
7676 7776 2420
7676 7776 2420
7676 7776 2420
7676 7776 2420
7676 7776 2420
7676 7776 2420
7676 7776 2420
7676 7776 2420
7676 7776 2420
7676 7776 2420
7676 7776 2420
7676 7776 2420
5358 5309 2421
5358 5309 2421
5358 5309 2421
5358 5309 2421
5358 5309 2421
5358 5309 2421
5358 5309 2421
5358 5309 2421
5358 5309 2421
5358 5309 2421
5358 5309 2421
5358 5309 2421
5358 5309 2421
5292 9153 2423
5292 9153 2423
5292 9153 2423
5292 9153 2423
5292 9153 2423
5292 9153 2423
5292 9153 2423
5292 9153 2423
5292 9153 2423
5292 9153 2423
5292 9153 2423
5292 9153 2423
8443 6601 2424
8443 6601 2424
8443 6601 2424
8443 6601 2424
8443 6601 2424
8443 6601 2424
8443 6601 2424
8443 6601 2424
8443 6601 2424
8443 6601 2424
8443 6601 2424
8443 6601 2424
6548 5374 2424
6548 5374 2424
6548 5374 2424
6548 5374 2424
6548 5374 2424
6548 5374 2424
6548 5374 2424
6548 5374 2424
6548 5374 2424
6548 5374 2424
6548 5374 2424
6548 5374 2424
6508 7760 2427
6508 7760 2427
6508 7760 2427
6508 7760 2427
6508 7760 2427
6508 7760 2427
6508 7760 2427
6508 7760 2427
6508 7760 2427
6508 7760 2427
6508 7760 2427
6508 7760 2427
6508 7760 2427
6579 7781 2428
6579 7781 2428
6579 7781 2428
6579 7781 2428
6579 7781 2428
6579 7781 2428
6579 7781 2428
6579 7781 2428
6579 7781 2428
6579 7781 2428
6579 7781 2428
6579 7781 2428
6424 6513 2429
6424 6513 2429
6424 6513 2429
6424 6513 2429
6424 6513 2429
6424 6513 2429
6424 6513 2429
6424 6513 2429
6424 6513 2429
6424 6513 2429
6424 6513 2429
6424 6513 2429
6424 6513 2429
8433 8445 2430
8433 8445 2430
8433 8445 2430
8433 8445 2430
8433 8445 2430
8433 8445 2430
8433 8445 2430
8433 8445 2430
8433 8445 2430
8433 8445 2430
8433 8445 2430
8433 8445 2430
8433 8445 2430
5387 7696 2431
5387 7696 2431
5387 7696 2431
5387 7696 2431
5387 7696 2431
5387 7696 2431
5387 7696 2431
5387 7696 2431
5387 7696 2431
5387 7696 2431
5387 7696 2431
5387 7696 2431
6383 6606 2432
6383 6606 2432
6383 6606 2432
6383 6606 2432
6383 6606 2432
6383 6606 2432
6383 6606 2432
6383 6606 2432
6383 6606 2432
6383 6606 2432
6383 6606 2432
6383 6606 2432
6383 6606 2432
6543 7685 2432
6543 7685 2432
6543 7685 2432
6543 7685 2432
6543 7685 2432
6543 7685 2432
6543 7685 2432
6543 7685 2432
6543 7685 2432
6543 7685 2432
6543 7685 2432
6543 7685 2432
6543 7685 2432
7688 7842 2433
7688 7842 2433
7688 7842 2433
7688 7842 2433
7688 7842 2433
7688 7842 2433
7688 7842 2433
7688 7842 2433
7688 7842 2433
7688 7842 2433
7688 7842 2433
7688 7842 2433
7688 7842 2433
6602 6382 2434
6602 6382 2434
6602 6382 2434
6602 6382 2434
6602 6382 2434
6602 6382 2434
6602 6382 2434
6602 6382 2434
6602 6382 2434
6602 6382 2434
6602 6382 2434
6602 6382 2434
7750 7680 2436
7750 7680 2436
7750 7680 2436
7750 7680 2436
7750 7680 2436
7750 7680 2436
7750 7680 2436
7750 7680 2436
7750 7680 2436
7750 7680 2436
7750 7680 2436
7750 7680 2436
7750 7680 2436
7691 6384 2436
7691 6384 2436
7691 6384 2436
7691 6384 2436
7691 6384 2436
7691 6384 2436
7691 6384 2436
7691 6384 2436
7691 6384 2436
7691 6384 2436
7691 6384 2436
7691 6384 2436
7691 6384 2436
8762 5243 2437
8762 5243 2437
8762 5243 2437
8762 5243 2437
8762 5243 2437
8762 5243 2437
8762 5243 2437
8762 5243 2437
8762 5243 2437
8762 5243 2437
8762 5243 2437
8762 5243 2437
6503 6579 2437
6503 6579 2437
6503 6579 2437
6503 6579 2437
6503 6579 2437
6503 6579 2437
6503 6579 2437
6503 6579 2437
6503 6579 2437
6503 6579 2437
6503 6579 2437
6503 6579 2437
6563 8444 2438
6563 8444 2438
6563 8444 2438
6563 8444 2438
6563 8444 2438
6563 8444 2438
6563 8444 2438
6563 8444 2438
6563 8444 2438
6563 8444 2438
6563 8444 2438
6563 8444 2438
5432 5445 2439
5432 5445 2439
5432 5445 2439
5432 5445 2439
5432 5445 2439
5432 5445 2439
5432 5445 2439
5432 5445 2439
5432 5445 2439
5432 5445 2439
5432 5445 2439
5432 5445 2439
5432 5445 2439
8474 7770 2439
8474 7770 2439
8474 7770 2439
8474 7770 2439
8474 7770 2439
8474 7770 2439
8474 7770 2439
8474 7770 2439
8474 7770 2439
8474 7770 2439
8474 7770 2439
8474 7770 2439
5412 5396 2440
5412 5396 2440
5412 5396 2440
5412 5396 2440
5412 5396 2440
5412 5396 2440
5412 5396 2440
5412 5396 2440
5412 5396 2440
5412 5396 2440
5412 5396 2440
5412 5396 2440
5412 5396 2440
7768 6011 2440
7768 6011 2440
7768 6011 2440
7768 6011 2440
7768 6011 2440
7768 6011 2440
7768 6011 2440
7768 6011 2440
7768 6011 2440
7768 6011 2440
7768 6011 2440
7768 6011 2440
6611 6582 2440
6611 6582 2440
6611 6582 2440
6611 6582 2440
6611 6582 2440
6611 6582 2440
6611 6582 2440
6611 6582 2440
6611 6582 2440
6611 6582 2440
6611 6582 2440
6611 6582 2440
6449 6382 2442
6449 6382 2442
6449 6382 2442
6449 6382 2442
6449 6382 2442
6449 6382 2442
6449 6382 2442
6449 6382 2442
6449 6382 2442
6449 6382 2442
6449 6382 2442
6449 6382 2442
6449 6382 2442
8462 6002 2442
8462 6002 2442
8462 6002 2442
8462 6002 2442
8462 6002 2442
8462 6002 2442
8462 6002 2442
8462 6002 2442
8462 6002 2442
8462 6002 2442
8462 6002 2442
8462 6002 2442
8462 6002 2442
6529 6518 2445
6529 6518 2445
6529 6518 2445
6529 6518 2445
6529 6518 2445
6529 6518 2445
6529 6518 2445
6529 6518 2445
6529 6518 2445
6529 6518 2445
6529 6518 2445
6529 6518 2445
6529 6518 2445
6531 7759 2445
6531 7759 2445
6531 7759 2445
6531 7759 2445
6531 7759 2445
6531 7759 2445
6531 7759 2445
6531 7759 2445
6531 7759 2445
6531 7759 2445
6531 7759 2445
6531 7759 2445
6563 7765 2446
6563 7765 2446
6563 7765 2446
6563 7765 2446
6563 7765 2446
6563 7765 2446
6563 7765 2446
6563 7765 2446
6563 7765 2446
6563 7765 2446
6563 7765 2446
6563 7765 2446
5392 6014 2446
5392 6014 2446
5392 6014 2446
5392 6014 2446
5392 6014 2446
5392 6014 2446
5392 6014 2446
5392 6014 2446
5392 6014 2446
5392 6014 2446
5392 6014 2446
5392 6014 2446
5392 6014 2446
6380 6511 2447
6380 6511 2447
6380 6511 2447
6380 6511 2447
6380 6511 2447
6380 6511 2447
6380 6511 2447
6380 6511 2447
6380 6511 2447
6380 6511 2447
6380 6511 2447
6380 6511 2447
6380 6511 2447
5277 8770 2447
5277 8770 2447
5277 8770 2447
5277 8770 2447
5277 8770 2447
5277 8770 2447
5277 8770 2447
5277 8770 2447
5277 8770 2447
5277 8770 2447
5277 8770 2447
5277 8770 2447
5277 8770 2447
8472 7690 2448
8472 7690 2448
8472 7690 2448
8472 7690 2448
8472 7690 2448
8472 7690 2448
8472 7690 2448
8472 7690 2448
8472 7690 2448
8472 7690 2448
8472 7690 2448
8472 7690 2448
8440 5990 2449
8440 5990 2449
8440 5990 2449
8440 5990 2449
8440 5990 2449
8440 5990 2449
8440 5990 2449
8440 5990 2449
8440 5990 2449
8440 5990 2449
8440 5990 2449
8440 5990 2449
7943 6596 2450
7943 6596 2450
7943 6596 2450
7943 6596 2450
7943 6596 2450
7943 6596 2450
7943 6596 2450
7943 6596 2450
7943 6596 2450
7943 6596 2450
7943 6596 2450
7943 6596 2450
7943 6596 2450
8467 7915 2452
8467 7915 2452
8467 7915 2452
8467 7915 2452
8467 7915 2452
8467 7915 2452
8467 7915 2452
8467 7915 2452
8467 7915 2452
8467 7915 2452
8467 7915 2452
8467 7915 2452
5392 5435 2452
5392 5435 2452
5392 5435 2452
5392 5435 2452
5392 5435 2452
5392 5435 2452
5392 5435 2452
5392 5435 2452
5392 5435 2452
5392 5435 2452
5392 5435 2452
5392 5435 2452
5392 5435 2452
7677 6461 2453
7677 6461 2453
7677 6461 2453
7677 6461 2453
7677 6461 2453
7677 6461 2453
7677 6461 2453
7677 6461 2453
7677 6461 2453
7677 6461 2453
7677 6461 2453
7677 6461 2453
7677 6461 2453
6543 6585 2453
6543 6585 2453
6543 6585 2453
6543 6585 2453
6543 6585 2453
6543 6585 2453
6543 6585 2453
6543 6585 2453
6543 6585 2453
6543 6585 2453
6543 6585 2453
6543 6585 2453
6543 6585 2453
6507 6552 2453
6507 6552 2453
6507 6552 2453
6507 6552 2453
6507 6552 2453
6507 6552 2453
6507 6552 2453
6507 6552 2453
6507 6552 2453
6507 6552 2453
6507 6552 2453
6507 6552 2453
7968 7702 2453
7968 7702 2453
7968 7702 2453
7968 7702 2453
7968 7702 2453
7968 7702 2453
7968 7702 2453
7968 7702 2453
7968 7702 2453
7968 7702 2453
7968 7702 2453
7968 7702 2453
7968 7702 2453
7684 7728 2454
7684 7728 2454
7684 7728 2454
7684 7728 2454
7684 7728 2454
7684 7728 2454
7684 7728 2454
7684 7728 2454
7684 7728 2454
7684 7728 2454
7684 7728 2454
7684 7728 2454
7756 6045 2454
7756 6045 2454
7756 6045 2454
7756 6045 2454
7756 6045 2454
7756 6045 2454
7756 6045 2454
7756 6045 2454
7756 6045 2454
7756 6045 2454
7756 6045 2454
7756 6045 2454
5266 8695 2454
5266 8695 2454
5266 8695 2454
5266 8695 2454
5266 8695 2454
5266 8695 2454
5266 8695 2454
5266 8695 2454
5266 8695 2454
5266 8695 2454
5266 8695 2454
5266 8695 2454
8467 5391 2455
8467 5391 2455
8467 5391 2455
8467 5391 2455
8467 5391 2455
8467 5391 2455
8467 5391 2455
8467 5391 2455
8467 5391 2455
8467 5391 2455
8467 5391 2455
8467 5391 2455
8467 5391 2455
6537 6347 2457
6537 6347 2457
6537 6347 2457
6537 6347 2457
6537 6347 2457
6537 6347 2457
6537 6347 2457
6537 6347 2457
6537 6347 2457
6537 6347 2457
6537 6347 2457
6537 6347 2457
7840 7745 2459
7840 7745 2459
7840 7745 2459
7840 7745 2459
7840 7745 2459
7840 7745 2459
7840 7745 2459
7840 7745 2459
7840 7745 2459
7840 7745 2459
7840 7745 2459
7840 7745 2459
6515 7700 2462
6515 7700 2462
6515 7700 2462
6515 7700 2462
6515 7700 2462
6515 7700 2462
6515 7700 2462
6515 7700 2462
6515 7700 2462
6515 7700 2462
6515 7700 2462
6515 7700 2462
7758 6039 2462
7758 6039 2462
7758 6039 2462
7758 6039 2462
7758 6039 2462
7758 6039 2462
7758 6039 2462
7758 6039 2462
7758 6039 2462
7758 6039 2462
7758 6039 2462
7758 6039 2462
7758 6039 2462
6577 6408 2462
6577 6408 2462
6577 6408 2462
6577 6408 2462
6577 6408 2462
6577 6408 2462
6577 6408 2462
6577 6408 2462
6577 6408 2462
6577 6408 2462
6577 6408 2462
6577 6408 2462
6577 6408 2462
6574 8463 2463
6574 8463 2463
6574 8463 2463
6574 8463 2463
6574 8463 2463
6574 8463 2463
6574 8463 2463
6574 8463 2463
6574 8463 2463
6574 8463 2463
6574 8463 2463
6574 8463 2463
6574 8463 2463
8432 6348 2463
8432 6348 2463
8432 6348 2463
8432 6348 2463
8432 6348 2463
8432 6348 2463
8432 6348 2463
8432 6348 2463
8432 6348 2463
8432 6348 2463
8432 6348 2463
8432 6348 2463
6562 6548 2465
6562 6548 2465
6562 6548 2465
6562 6548 2465
6562 6548 2465
6562 6548 2465
6562 6548 2465
6562 6548 2465
6562 6548 2465
6562 6548 2465
6562 6548 2465
6562 6548 2465
7935 7704 2467
7935 7704 2467
7935 7704 2467
7935 7704 2467
7935 7704 2467
7935 7704 2467
7935 7704 2467
7935 7704 2467
7935 7704 2467
7935 7704 2467
7935 7704 2467
7935 7704 2467
6536 6491 2468
6536 6491 2468
6536 6491 2468
6536 6491 2468
6536 6491 2468
6536 6491 2468
6536 6491 2468
6536 6491 2468
6536 6491 2468
6536 6491 2468
6536 6491 2468
6536 6491 2468
6536 6491 2468
6566 5389 2469
6566 5389 2469
6566 5389 2469
6566 5389 2469
6566 5389 2469
6566 5389 2469
6566 5389 2469
6566 5389 2469
6566 5389 2469
6566 5389 2469
6566 5389 2469
6566 5389 2469
6587 5358 2470
6587 5358 2470
6587 5358 2470
6587 5358 2470
6587 5358 2470
6587 5358 2470
6587 5358 2470
6587 5358 2470
6587 5358 2470
6587 5358 2470
6587 5358 2470
6587 5358 2470
6587 5358 2470
6419 6557 2471
6419 6557 2471
6419 6557 2471
6419 6557 2471
6419 6557 2471
6419 6557 2471
6419 6557 2471
6419 6557 2471
6419 6557 2471
6419 6557 2471
6419 6557 2471
6419 6557 2471
6419 6557 2471
7702 6559 2474
7702 6559 2474
7702 6559 2474
7702 6559 2474
7702 6559 2474
7702 6559 2474
7702 6559 2474
7702 6559 2474
7702 6559 2474
7702 6559 2474
7702 6559 2474
7702 6559 2474
7702 6559 2474
6323 6459 2485
6323 6459 2485
6323 6459 2485
6323 6459 2485
6323 6459 2485
6323 6459 2485
6323 6459 2485
6323 6459 2485
6323 6459 2485
6323 6459 2485
6323 6459 2485
6323 6459 2485
6323 6459 2485
5263 5272 2492
5263 5272 2492
5263 5272 2492
5263 5272 2492
5263 5272 2492
5263 5272 2492
5263 5272 2492
5263 5272 2492
5263 5272 2492
5263 5272 2492
5263 5272 2492
5263 5272 2492
5263 5272 2492
8461 8446 2516
8461 8446 2516
8461 8446 2516
8461 8446 2516
8461 8446 2516
8461 8446 2516
8461 8446 2516
8461 8446 2516
8461 8446 2516
8461 8446 2516
8461 8446 2516
8461 8446 2516
7743 6607 2519
7743 6607 2519
7743 6607 2519
7743 6607 2519
7743 6607 2519
7743 6607 2519
7743 6607 2519
7743 6607 2519
7743 6607 2519
7743 6607 2519
7743 6607 2519
7743 6607 2519
7743 6607 2519
8431 8453 2519
8431 8453 2519
8431 8453 2519
8431 8453 2519
8431 8453 2519
8431 8453 2519
8431 8453 2519
8431 8453 2519
8431 8453 2519
8431 8453 2519
8431 8453 2519
8431 8453 2519
8458 5358 2521
8458 5358 2521
8458 5358 2521
8458 5358 2521
8458 5358 2521
8458 5358 2521
8458 5358 2521
8458 5358 2521
8458 5358 2521
8458 5358 2521
8458 5358 2521
8458 5358 2521
6610 6408 2522
6610 6408 2522
6610 6408 2522
6610 6408 2522
6610 6408 2522
6610 6408 2522
6610 6408 2522
6610 6408 2522
6610 6408 2522
6610 6408 2522
6610 6408 2522
6610 6408 2522
7785 7771 2523
7785 7771 2523
7785 7771 2523
7785 7771 2523
7785 7771 2523
7785 7771 2523
7785 7771 2523
7785 7771 2523
7785 7771 2523
7785 7771 2523
7785 7771 2523
7785 7771 2523
7785 7771 2523
5263 8786 2525
5263 8786 2525
5263 8786 2525
5263 8786 2525
5263 8786 2525
5263 8786 2525
5263 8786 2525
5263 8786 2525
5263 8786 2525
5263 8786 2525
5263 8786 2525
5263 8786 2525
5263 8786 2525
6544 8677 2525
6544 8677 2525
6544 8677 2525
6544 8677 2525
6544 8677 2525
6544 8677 2525
6544 8677 2525
6544 8677 2525
6544 8677 2525
6544 8677 2525
6544 8677 2525
6544 8677 2525
6546 7691 2526
6546 7691 2526
6546 7691 2526
6546 7691 2526
6546 7691 2526
6546 7691 2526
6546 7691 2526
6546 7691 2526
6546 7691 2526
6546 7691 2526
6546 7691 2526
6546 7691 2526
6546 7691 2526
5375 5242 2526
5375 5242 2526
5375 5242 2526
5375 5242 2526
5375 5242 2526
5375 5242 2526
5375 5242 2526
5375 5242 2526
5375 5242 2526
5375 5242 2526
5375 5242 2526
5375 5242 2526
7809 6594 2526
7809 6594 2526
7809 6594 2526
7809 6594 2526
7809 6594 2526
7809 6594 2526
7809 6594 2526
7809 6594 2526
7809 6594 2526
7809 6594 2526
7809 6594 2526
7809 6594 2526
7809 6594 2526
6382 5258 2527
6382 5258 2527
6382 5258 2527
6382 5258 2527
6382 5258 2527
6382 5258 2527
6382 5258 2527
6382 5258 2527
6382 5258 2527
6382 5258 2527
6382 5258 2527
6382 5258 2527
6382 5258 2527
6563 6397 2527
6563 6397 2527
6563 6397 2527
6563 6397 2527
6563 6397 2527
6563 6397 2527
6563 6397 2527
6563 6397 2527
6563 6397 2527
6563 6397 2527
6563 6397 2527
6563 6397 2527
6563 6397 2527
5260 8774 2528
5260 8774 2528
5260 8774 2528
5260 8774 2528
5260 8774 2528
5260 8774 2528
5260 8774 2528
5260 8774 2528
5260 8774 2528
5260 8774 2528
5260 8774 2528
5260 8774 2528
5260 8774 2528
8455 5354 2528
8455 5354 2528
8455 5354 2528
8455 5354 2528
8455 5354 2528
8455 5354 2528
8455 5354 2528
8455 5354 2528
8455 5354 2528
8455 5354 2528
8455 5354 2528
8455 5354 2528
8455 5354 2528
8468 6031 2529
8468 6031 2529
8468 6031 2529
8468 6031 2529
8468 6031 2529
8468 6031 2529
8468 6031 2529
8468 6031 2529
8468 6031 2529
8468 6031 2529
8468 6031 2529
8468 6031 2529
8468 6031 2529
5359 7713 2529
5359 7713 2529
5359 7713 2529
5359 7713 2529
5359 7713 2529
5359 7713 2529
5359 7713 2529
5359 7713 2529
5359 7713 2529
5359 7713 2529
5359 7713 2529
5359 7713 2529
5359 7713 2529
6541 8677 2529
6541 8677 2529
6541 8677 2529
6541 8677 2529
6541 8677 2529
6541 8677 2529
6541 8677 2529
6541 8677 2529
6541 8677 2529
6541 8677 2529
6541 8677 2529
6541 8677 2529
8479 6596 2529
8479 6596 2529
8479 6596 2529
8479 6596 2529
8479 6596 2529
8479 6596 2529
8479 6596 2529
8479 6596 2529
8479 6596 2529
8479 6596 2529
8479 6596 2529
8479 6596 2529
8479 6596 2529
6549 6605 2530
6549 6605 2530
6549 6605 2530
6549 6605 2530
6549 6605 2530
6549 6605 2530
6549 6605 2530
6549 6605 2530
6549 6605 2530
6549 6605 2530
6549 6605 2530
6549 6605 2530
5254 9634 2530
5254 9634 2530
5254 9634 2530
5254 9634 2530
5254 9634 2530
5254 9634 2530
5254 9634 2530
5254 9634 2530
5254 9634 2530
5254 9634 2530
5254 9634 2530
5254 9634 2530
5254 9634 2530
5358 8459 2530
5358 8459 2530
5358 8459 2530
5358 8459 2530
5358 8459 2530
5358 8459 2530
5358 8459 2530
5358 8459 2530
5358 8459 2530
5358 8459 2530
5358 8459 2530
5358 8459 2530
6048 7763 2531
6048 7763 2531
6048 7763 2531
6048 7763 2531
6048 7763 2531
6048 7763 2531
6048 7763 2531
6048 7763 2531
6048 7763 2531
6048 7763 2531
6048 7763 2531
6048 7763 2531
6048 7763 2531
8462 8477 2531
8462 8477 2531
8462 8477 2531
8462 8477 2531
8462 8477 2531
8462 8477 2531
8462 8477 2531
8462 8477 2531
8462 8477 2531
8462 8477 2531
8462 8477 2531
8462 8477 2531
5265 5409 2532
5265 5409 2532
5265 5409 2532
5265 5409 2532
5265 5409 2532
5265 5409 2532
5265 5409 2532
5265 5409 2532
5265 5409 2532
5265 5409 2532
5265 5409 2532
5265 5409 2532
5265 5409 2532
6602 7690 2533
6602 7690 2533
6602 7690 2533
6602 7690 2533
6602 7690 2533
6602 7690 2533
6602 7690 2533
6602 7690 2533
6602 7690 2533
6602 7690 2533
6602 7690 2533
6602 7690 2533
6602 7690 2533
7683 5925 2533
7683 5925 2533
7683 5925 2533
7683 5925 2533
7683 5925 2533
7683 5925 2533
7683 5925 2533
7683 5925 2533
7683 5925 2533
7683 5925 2533
7683 5925 2533
7683 5925 2533
7683 5925 2533
7973 7819 2533
7973 7819 2533
7973 7819 2533
7973 7819 2533
7973 7819 2533
7973 7819 2533
7973 7819 2533
7973 7819 2533
7973 7819 2533
7973 7819 2533
7973 7819 2533
7973 7819 2533
7973 7819 2533
6527 6478 2534
6527 6478 2534
6527 6478 2534
6527 6478 2534
6527 6478 2534
6527 6478 2534
6527 6478 2534
6527 6478 2534
6527 6478 2534
6527 6478 2534
6527 6478 2534
6527 6478 2534
6527 6478 2534
6575 8680 2534
6575 8680 2534
6575 8680 2534
6575 8680 2534
6575 8680 2534
6575 8680 2534
6575 8680 2534
6575 8680 2534
6575 8680 2534
6575 8680 2534
6575 8680 2534
6575 8680 2534
6575 8680 2534
8455 5416 2535
8455 5416 2535
8455 5416 2535
8455 5416 2535
8455 5416 2535
8455 5416 2535
8455 5416 2535
8455 5416 2535
8455 5416 2535
8455 5416 2535
8455 5416 2535
8455 5416 2535
5301 5264 2537
5301 5264 2537
5301 5264 2537
5301 5264 2537
5301 5264 2537
5301 5264 2537
5301 5264 2537
5301 5264 2537
5301 5264 2537
5301 5264 2537
5301 5264 2537
5301 5264 2537
5301 5264 2537
6345 5276 2537
6345 5276 2537
6345 5276 2537
6345 5276 2537
6345 5276 2537
6345 5276 2537
6345 5276 2537
6345 5276 2537
6345 5276 2537
6345 5276 2537
6345 5276 2537
6345 5276 2537
8455 6554 2537
8455 6554 2537
8455 6554 2537
8455 6554 2537
8455 6554 2537
8455 6554 2537
8455 6554 2537
8455 6554 2537
8455 6554 2537
8455 6554 2537
8455 6554 2537
8455 6554 2537
8455 6554 2537
8455 7694 2538
8455 7694 2538
8455 7694 2538
8455 7694 2538
8455 7694 2538
8455 7694 2538
8455 7694 2538
8455 7694 2538
8455 7694 2538
8455 7694 2538
8455 7694 2538
8455 7694 2538
7675 6562 2539
7675 6562 2539
7675 6562 2539
7675 6562 2539
7675 6562 2539
7675 6562 2539
7675 6562 2539
7675 6562 2539
7675 6562 2539
7675 6562 2539
7675 6562 2539
7675 6562 2539
7675 6562 2539
7779 7745 2539
7779 7745 2539
7779 7745 2539
7779 7745 2539
7779 7745 2539
7779 7745 2539
7779 7745 2539
7779 7745 2539
7779 7745 2539
7779 7745 2539
7779 7745 2539
7779 7745 2539
7779 7745 2539
5385 8473 2540
5385 8473 2540
5385 8473 2540
5385 8473 2540
5385 8473 2540
5385 8473 2540
5385 8473 2540
5385 8473 2540
5385 8473 2540
5385 8473 2540
5385 8473 2540
5385 8473 2540
5385 8473 2540
6544 6537 2540
6544 6537 2540
6544 6537 2540
6544 6537 2540
6544 6537 2540
6544 6537 2540
6544 6537 2540
6544 6537 2540
6544 6537 2540
6544 6537 2540
6544 6537 2540
6544 6537 2540
6544 6537 2540
5267 8673 2540
5267 8673 2540
5267 8673 2540
5267 8673 2540
5267 8673 2540
5267 8673 2540
5267 8673 2540
5267 8673 2540
5267 8673 2540
5267 8673 2540
5267 8673 2540
5267 8673 2540
5267 8673 2540
6519 7689 2540
6519 7689 2540
6519 7689 2540
6519 7689 2540
6519 7689 2540
6519 7689 2540
6519 7689 2540
6519 7689 2540
6519 7689 2540
6519 7689 2540
6519 7689 2540
6519 7689 2540
6519 7689 2540
8476 5390 2540
8476 5390 2540
8476 5390 2540
8476 5390 2540
8476 5390 2540
8476 5390 2540
8476 5390 2540
8476 5390 2540
8476 5390 2540
8476 5390 2540
8476 5390 2540
8476 5390 2540
6577 6590 2540
6577 6590 2540
6577 6590 2540
6577 6590 2540
6577 6590 2540
6577 6590 2540
6577 6590 2540
6577 6590 2540
6577 6590 2540
6577 6590 2540
6577 6590 2540
6577 6590 2540
8769 5287 2540
8769 5287 2540
8769 5287 2540
8769 5287 2540
8769 5287 2540
8769 5287 2540
8769 5287 2540
8769 5287 2540
8769 5287 2540
8769 5287 2540
8769 5287 2540
8769 5287 2540
8769 5287 2540
7739 7824 2541
7739 7824 2541
7739 7824 2541
7739 7824 2541
7739 7824 2541
7739 7824 2541
7739 7824 2541
7739 7824 2541
7739 7824 2541
7739 7824 2541
7739 7824 2541
7739 7824 2541
7739 7824 2541
7915 8471 2541
7915 8471 2541
7915 8471 2541
7915 8471 2541
7915 8471 2541
7915 8471 2541
7915 8471 2541
7915 8471 2541
7915 8471 2541
7915 8471 2541
7915 8471 2541
7915 8471 2541
7915 8471 2541
8457 7719 2542
8457 7719 2542
8457 7719 2542
8457 7719 2542
8457 7719 2542
8457 7719 2542
8457 7719 2542
8457 7719 2542
8457 7719 2542
8457 7719 2542
8457 7719 2542
8457 7719 2542
8457 7719 2542
5359 5287 2542
5359 5287 2542
5359 5287 2542
5359 5287 2542
5359 5287 2542
5359 5287 2542
5359 5287 2542
5359 5287 2542
5359 5287 2542
5359 5287 2542
5359 5287 2542
5359 5287 2542
6549 6346 2543
6549 6346 2543
6549 6346 2543
6549 6346 2543
6549 6346 2543
6549 6346 2543
6549 6346 2543
6549 6346 2543
6549 6346 2543
6549 6346 2543
6549 6346 2543
6549 6346 2543
6544 7726 2543
6544 7726 2543
6544 7726 2543
6544 7726 2543
6544 7726 2543
6544 7726 2543
6544 7726 2543
6544 7726 2543
6544 7726 2543
6544 7726 2543
6544 7726 2543
6544 7726 2543
6544 7726 2543
6550 6578 2543
6550 6578 2543
6550 6578 2543
6550 6578 2543
6550 6578 2543
6550 6578 2543
6550 6578 2543
6550 6578 2543
6550 6578 2543
6550 6578 2543
6550 6578 2543
6550 6578 2543
6550 6578 2543
7771 6577 2544
7771 6577 2544
7771 6577 2544
7771 6577 2544
7771 6577 2544
7771 6577 2544
7771 6577 2544
7771 6577 2544
7771 6577 2544
7771 6577 2544
7771 6577 2544
7771 6577 2544
7771 6577 2544
5527 5406 2544
5527 5406 2544
5527 5406 2544
5527 5406 2544
5527 5406 2544
5527 5406 2544
5527 5406 2544
5527 5406 2544
5527 5406 2544
5527 5406 2544
5527 5406 2544
5527 5406 2544
6567 6605 2544
6567 6605 2544
6567 6605 2544
6567 6605 2544
6567 6605 2544
6567 6605 2544
6567 6605 2544
6567 6605 2544
6567 6605 2544
6567 6605 2544
6567 6605 2544
6567 6605 2544
6567 6605 2544
6041 6568 2544
6041 6568 2544
6041 6568 2544
6041 6568 2544
6041 6568 2544
6041 6568 2544
6041 6568 2544
6041 6568 2544
6041 6568 2544
6041 6568 2544
6041 6568 2544
6041 6568 2544
5527 5395 2544
5527 5395 2544
5527 5395 2544
5527 5395 2544
5527 5395 2544
5527 5395 2544
5527 5395 2544
5527 5395 2544
5527 5395 2544
5527 5395 2544
5527 5395 2544
5527 5395 2544
5527 5395 2544
6613 7703 2544
6613 7703 2544
6613 7703 2544
6613 7703 2544
6613 7703 2544
6613 7703 2544
6613 7703 2544
6613 7703 2544
6613 7703 2544
6613 7703 2544
6613 7703 2544
6613 7703 2544
6519 7700 2544
6519 7700 2544
6519 7700 2544
6519 7700 2544
6519 7700 2544
6519 7700 2544
6519 7700 2544
6519 7700 2544
6519 7700 2544
6519 7700 2544
6519 7700 2544
6519 7700 2544
5411 6545 2545
5411 6545 2545
5411 6545 2545
5411 6545 2545
5411 6545 2545
5411 6545 2545
5411 6545 2545
5411 6545 2545
5411 6545 2545
5411 6545 2545
5411 6545 2545
5411 6545 2545
5411 6545 2545
5433 7712 2545
5433 7712 2545
5433 7712 2545
5433 7712 2545
5433 7712 2545
5433 7712 2545
5433 7712 2545
5433 7712 2545
5433 7712 2545
5433 7712 2545
5433 7712 2545
5433 7712 2545
5433 7712 2545
7692 8441 2545
7692 8441 2545
7692 8441 2545
7692 8441 2545
7692 8441 2545
7692 8441 2545
7692 8441 2545
7692 8441 2545
7692 8441 2545
7692 8441 2545
7692 8441 2545
7692 8441 2545
7967 7779 2545
7967 7779 2545
7967 7779 2545
7967 7779 2545
7967 7779 2545
7967 7779 2545
7967 7779 2545
7967 7779 2545
7967 7779 2545
7967 7779 2545
7967 7779 2545
7967 7779 2545
6537 8450 2546
6537 8450 2546
6537 8450 2546
6537 8450 2546
6537 8450 2546
6537 8450 2546
6537 8450 2546
6537 8450 2546
6537 8450 2546
6537 8450 2546
6537 8450 2546
6537 8450 2546
5283 9632 2547
5283 9632 2547
5283 9632 2547
5283 9632 2547
5283 9632 2547
5283 9632 2547
5283 9632 2547
5283 9632 2547
5283 9632 2547
5283 9632 2547
5283 9632 2547
5283 9632 2547
5283 9632 2547
7689 7916 2547
7689 7916 2547
7689 7916 2547
7689 7916 2547
7689 7916 2547
7689 7916 2547
7689 7916 2547
7689 7916 2547
7689 7916 2547
7689 7916 2547
7689 7916 2547
7689 7916 2547
7821 7704 2547
7821 7704 2547
7821 7704 2547
7821 7704 2547
7821 7704 2547
7821 7704 2547
7821 7704 2547
7821 7704 2547
7821 7704 2547
7821 7704 2547
7821 7704 2547
7821 7704 2547
7821 7704 2547
7781 6594 2547
7781 6594 2547
7781 6594 2547
7781 6594 2547
7781 6594 2547
7781 6594 2547
7781 6594 2547
7781 6594 2547
7781 6594 2547
7781 6594 2547
7781 6594 2547
7781 6594 2547
7781 6594 2547
6531 6366 2548
6531 6366 2548
6531 6366 2548
6531 6366 2548
6531 6366 2548
6531 6366 2548
6531 6366 2548
6531 6366 2548
6531 6366 2548
6531 6366 2548
6531 6366 2548
6531 6366 2548
7940 7718 2548
7940 7718 2548
7940 7718 2548
7940 7718 2548
7940 7718 2548
7940 7718 2548
7940 7718 2548
7940 7718 2548
7940 7718 2548
7940 7718 2548
7940 7718 2548
7940 7718 2548
7940 7718 2548
6591 5391 2548
6591 5391 2548
6591 5391 2548
6591 5391 2548
6591 5391 2548
6591 5391 2548
6591 5391 2548
6591 5391 2548
6591 5391 2548
6591 5391 2548
6591 5391 2548
6591 5391 2548
6591 5391 2548
5408 5987 2548
5408 5987 2548
5408 5987 2548
5408 5987 2548
5408 5987 2548
5408 5987 2548
5408 5987 2548
5408 5987 2548
5408 5987 2548
5408 5987 2548
5408 5987 2548
5408 5987 2548
5408 5987 2548
7761 6542 2548
7761 6542 2548
7761 6542 2548
7761 6542 2548
7761 6542 2548
7761 6542 2548
7761 6542 2548
7761 6542 2548
7761 6542 2548
7761 6542 2548
7761 6542 2548
7761 6542 2548
7761 6542 2548
6355 6454 2548
6355 6454 2548
6355 6454 2548
6355 6454 2548
6355 6454 2548
6355 6454 2548
6355 6454 2548
6355 6454 2548
6355 6454 2548
6355 6454 2548
6355 6454 2548
6355 6454 2548
8446 6601 2549
8446 6601 2549
8446 6601 2549
8446 6601 2549
8446 6601 2549
8446 6601 2549
8446 6601 2549
8446 6601 2549
8446 6601 2549
8446 6601 2549
8446 6601 2549
8446 6601 2549
8446 6601 2549
6517 7690 2549
6517 7690 2549
6517 7690 2549
6517 7690 2549
6517 7690 2549
6517 7690 2549
6517 7690 2549
6517 7690 2549
6517 7690 2549
6517 7690 2549
6517 7690 2549
6517 7690 2549
7754 7686 2550
7754 7686 2550
7754 7686 2550
7754 7686 2550
7754 7686 2550
7754 7686 2550
7754 7686 2550
7754 7686 2550
7754 7686 2550
7754 7686 2550
7754 7686 2550
7754 7686 2550
6544 7724 2551
6544 7724 2551
6544 7724 2551
6544 7724 2551
6544 7724 2551
6544 7724 2551
6544 7724 2551
6544 7724 2551
6544 7724 2551
6544 7724 2551
6544 7724 2551
6544 7724 2551
7920 8473 2551
7920 8473 2551
7920 8473 2551
7920 8473 2551
7920 8473 2551
7920 8473 2551
7920 8473 2551
7920 8473 2551
7920 8473 2551
7920 8473 2551
7920 8473 2551
7920 8473 2551
5534 6057 2552
5534 6057 2552
5534 6057 2552
5534 6057 2552
5534 6057 2552
5534 6057 2552
5534 6057 2552
5534 6057 2552
5534 6057 2552
5534 6057 2552
5534 6057 2552
5534 6057 2552
5534 6057 2552
6562 6398 2552
6562 6398 2552
6562 6398 2552
6562 6398 2552
6562 6398 2552
6562 6398 2552
6562 6398 2552
6562 6398 2552
6562 6398 2552
6562 6398 2552
6562 6398 2552
6562 6398 2552
5358 6001 2553
5358 6001 2553
5358 6001 2553
5358 6001 2553
5358 6001 2553
5358 6001 2553
5358 6001 2553
5358 6001 2553
5358 6001 2553
5358 6001 2553
5358 6001 2553
5358 6001 2553
5384 5369 2553
5384 5369 2553
5384 5369 2553
5384 5369 2553
5384 5369 2553
5384 5369 2553
5384 5369 2553
5384 5369 2553
5384 5369 2553
5384 5369 2553
5384 5369 2553
5384 5369 2553
7767 7703 2553
7767 7703 2553
7767 7703 2553
7767 7703 2553
7767 7703 2553
7767 7703 2553
7767 7703 2553
7767 7703 2553
7767 7703 2553
7767 7703 2553
7767 7703 2553
7767 7703 2553
7776 7686 2554
7776 7686 2554
7776 7686 2554
7776 7686 2554
7776 7686 2554
7776 7686 2554
7776 7686 2554
7776 7686 2554
7776 7686 2554
7776 7686 2554
7776 7686 2554
7776 7686 2554
7776 7686 2554
7946 7773 2555
7946 7773 2555
7946 7773 2555
7946 7773 2555
7946 7773 2555
7946 7773 2555
7946 7773 2555
7946 7773 2555
7946 7773 2555
7946 7773 2555
7946 7773 2555
7946 7773 2555
7946 7773 2555
6575 8704 2556
6575 8704 2556
6575 8704 2556
6575 8704 2556
6575 8704 2556
6575 8704 2556
6575 8704 2556
6575 8704 2556
6575 8704 2556
6575 8704 2556
6575 8704 2556
6575 8704 2556
6575 8704 2556
7700 6607 2556
7700 6607 2556
7700 6607 2556
7700 6607 2556
7700 6607 2556
7700 6607 2556
7700 6607 2556
7700 6607 2556
7700 6607 2556
7700 6607 2556
7700 6607 2556
7700 6607 2556
7700 6607 2556
6607 7688 2558
6607 7688 2558
6607 7688 2558
6607 7688 2558
6607 7688 2558
6607 7688 2558
6607 7688 2558
6607 7688 2558
6607 7688 2558
6607 7688 2558
6607 7688 2558
6607 7688 2558
6607 7688 2558
8770 5386 2558
8770 5386 2558
8770 5386 2558
8770 5386 2558
8770 5386 2558
8770 5386 2558
8770 5386 2558
8770 5386 2558
8770 5386 2558
8770 5386 2558
8770 5386 2558
8770 5386 2558
6538 6397 2560
6538 6397 2560
6538 6397 2560
6538 6397 2560
6538 6397 2560
6538 6397 2560
6538 6397 2560
6538 6397 2560
6538 6397 2560
6538 6397 2560
6538 6397 2560
6538 6397 2560
6538 6397 2560
7948 7750 2564
7948 7750 2564
7948 7750 2564
7948 7750 2564
7948 7750 2564
7948 7750 2564
7948 7750 2564
7948 7750 2564
7948 7750 2564
7948 7750 2564
7948 7750 2564
7948 7750 2564
7947 7931 2564
7947 7931 2564
7947 7931 2564
7947 7931 2564
7947 7931 2564
7947 7931 2564
7947 7931 2564
7947 7931 2564
7947 7931 2564
7947 7931 2564
7947 7931 2564
7947 7931 2564
7947 7931 2564
7934 7829 2564
7934 7829 2564
7934 7829 2564
7934 7829 2564
7934 7829 2564
7934 7829 2564
7934 7829 2564
7934 7829 2564
7934 7829 2564
7934 7829 2564
7934 7829 2564
7934 7829 2564
7772 7700 2565
7772 7700 2565
7772 7700 2565
7772 7700 2565
7772 7700 2565
7772 7700 2565
7772 7700 2565
7772 7700 2565
7772 7700 2565
7772 7700 2565
7772 7700 2565
7772 7700 2565
7772 7700 2565
6455 6546 2565
6455 6546 2565
6455 6546 2565
6455 6546 2565
6455 6546 2565
6455 6546 2565
6455 6546 2565
6455 6546 2565
6455 6546 2565
6455 6546 2565
6455 6546 2565
6455 6546 2565
6455 6546 2565
5527 5377 2566
5527 5377 2566
5527 5377 2566
5527 5377 2566
5527 5377 2566
5527 5377 2566
5527 5377 2566
5527 5377 2566
5527 5377 2566
5527 5377 2566
5527 5377 2566
5527 5377 2566
5527 5377 2566
5393 8446 2567
5393 8446 2567
5393 8446 2567
5393 8446 2567
5393 8446 2567
5393 8446 2567
5393 8446 2567
5393 8446 2567
5393 8446 2567
5393 8446 2567
5393 8446 2567
5393 8446 2567
6548 5260 2567
6548 5260 2567
6548 5260 2567
6548 5260 2567
6548 5260 2567
6548 5260 2567
6548 5260 2567
6548 5260 2567
6548 5260 2567
6548 5260 2567
6548 5260 2567
6548 5260 2567
6548 5260 2567
7732 7725 2569
7732 7725 2569
7732 7725 2569
7732 7725 2569
7732 7725 2569
7732 7725 2569
7732 7725 2569
7732 7725 2569
7732 7725 2569
7732 7725 2569
7732 7725 2569
7732 7725 2569
7732 7725 2569
6522 8670 2569
6522 8670 2569
6522 8670 2569
6522 8670 2569
6522 8670 2569
6522 8670 2569
6522 8670 2569
6522 8670 2569
6522 8670 2569
6522 8670 2569
6522 8670 2569
6522 8670 2569
6522 8670 2569
5413 6038 2569
5413 6038 2569
5413 6038 2569
5413 6038 2569
5413 6038 2569
5413 6038 2569
5413 6038 2569
5413 6038 2569
5413 6038 2569
5413 6038 2569
5413 6038 2569
5413 6038 2569
5413 6038 2569
5284 6344 2571
5284 6344 2571
5284 6344 2571
5284 6344 2571
5284 6344 2571
5284 6344 2571
5284 6344 2571
5284 6344 2571
5284 6344 2571
5284 6344 2571
5284 6344 2571
5284 6344 2571
5284 6344 2571
6497 6520 2571
6497 6520 2571
6497 6520 2571
6497 6520 2571
6497 6520 2571
6497 6520 2571
6497 6520 2571
6497 6520 2571
6497 6520 2571
6497 6520 2571
6497 6520 2571
6497 6520 2571
6497 6520 2571
7781 8457 2571
7781 8457 2571
7781 8457 2571
7781 8457 2571
7781 8457 2571
7781 8457 2571
7781 8457 2571
7781 8457 2571
7781 8457 2571
7781 8457 2571
7781 8457 2571
7781 8457 2571
7781 8457 2571
7758 6575 2571
7758 6575 2571
7758 6575 2571
7758 6575 2571
7758 6575 2571
7758 6575 2571
7758 6575 2571
7758 6575 2571
7758 6575 2571
7758 6575 2571
7758 6575 2571
7758 6575 2571
7758 6575 2571
7916 7841 2571
7916 7841 2571
7916 7841 2571
7916 7841 2571
7916 7841 2571
7916 7841 2571
7916 7841 2571
7916 7841 2571
7916 7841 2571
7916 7841 2571
7916 7841 2571
7916 7841 2571
7916 7841 2571
5392 5381 2571
5392 5381 2571
5392 5381 2571
5392 5381 2571
5392 5381 2571
5392 5381 2571
5392 5381 2571
5392 5381 2571
5392 5381 2571
5392 5381 2571
5392 5381 2571
5392 5381 2571
5392 5381 2571
6584 8440 2572
6584 8440 2572
6584 8440 2572
6584 8440 2572
6584 8440 2572
6584 8440 2572
6584 8440 2572
6584 8440 2572
6584 8440 2572
6584 8440 2572
6584 8440 2572
6584 8440 2572
5363 6602 2572
5363 6602 2572
5363 6602 2572
5363 6602 2572
5363 6602 2572
5363 6602 2572
5363 6602 2572
5363 6602 2572
5363 6602 2572
5363 6602 2572
5363 6602 2572
5363 6602 2572
5363 6602 2572
7947 7841 2573
7947 7841 2573
7947 7841 2573
7947 7841 2573
7947 7841 2573
7947 7841 2573
7947 7841 2573
7947 7841 2573
7947 7841 2573
7947 7841 2573
7947 7841 2573
7947 7841 2573
7687 7830 2573
7687 7830 2573
7687 7830 2573
7687 7830 2573
7687 7830 2573
7687 7830 2573
7687 7830 2573
7687 7830 2573
7687 7830 2573
7687 7830 2573
7687 7830 2573
7687 7830 2573
7687 7830 2573
7710 6566 2574
7710 6566 2574
7710 6566 2574
7710 6566 2574
7710 6566 2574
7710 6566 2574
7710 6566 2574
7710 6566 2574
7710 6566 2574
7710 6566 2574
7710 6566 2574
7710 6566 2574
7710 6566 2574
6580 9631 2574
6580 9631 2574
6580 9631 2574
6580 9631 2574
6580 9631 2574
6580 9631 2574
6580 9631 2574
6580 9631 2574
6580 9631 2574
6580 9631 2574
6580 9631 2574
6580 9631 2574
6580 9631 2574
7687 7715 2574
7687 7715 2574
7687 7715 2574
7687 7715 2574
7687 7715 2574
7687 7715 2574
7687 7715 2574
7687 7715 2574
7687 7715 2574
7687 7715 2574
7687 7715 2574
7687 7715 2574
7687 7715 2574
6446 6536 2575
6446 6536 2575
6446 6536 2575
6446 6536 2575
6446 6536 2575
6446 6536 2575
6446 6536 2575
6446 6536 2575
6446 6536 2575
6446 6536 2575
6446 6536 2575
6446 6536 2575
6560 8677 2575
6560 8677 2575
6560 8677 2575
6560 8677 2575
6560 8677 2575
6560 8677 2575
6560 8677 2575
6560 8677 2575
6560 8677 2575
6560 8677 2575
6560 8677 2575
6560 8677 2575
7723 6517 2576
7723 6517 2576
7723 6517 2576
7723 6517 2576
7723 6517 2576
7723 6517 2576
7723 6517 2576
7723 6517 2576
7723 6517 2576
7723 6517 2576
7723 6517 2576
7723 6517 2576
6005 8442 2577
6005 8442 2577
6005 8442 2577
6005 8442 2577
6005 8442 2577
6005 8442 2577
6005 8442 2577
6005 8442 2577
6005 8442 2577
6005 8442 2577
6005 8442 2577
6005 8442 2577
6005 8442 2577
7755 8466 2577
7755 8466 2577
7755 8466 2577
7755 8466 2577
7755 8466 2577
7755 8466 2577
7755 8466 2577
7755 8466 2577
7755 8466 2577
7755 8466 2577
7755 8466 2577
7755 8466 2577
7755 8466 2577
6541 6398 2578
6541 6398 2578
6541 6398 2578
6541 6398 2578
6541 6398 2578
6541 6398 2578
6541 6398 2578
6541 6398 2578
6541 6398 2578
6541 6398 2578
6541 6398 2578
6541 6398 2578
6541 6398 2578
7964 7744 2578
7964 7744 2578
7964 7744 2578
7964 7744 2578
7964 7744 2578
7964 7744 2578
7964 7744 2578
7964 7744 2578
7964 7744 2578
7964 7744 2578
7964 7744 2578
7964 7744 2578
6588 7768 2578
6588 7768 2578
6588 7768 2578
6588 7768 2578
6588 7768 2578
6588 7768 2578
6588 7768 2578
6588 7768 2578
6588 7768 2578
6588 7768 2578
6588 7768 2578
6588 7768 2578
6588 7768 2578
7926 7943 2579
7926 7943 2579
7926 7943 2579
7926 7943 2579
7926 7943 2579
7926 7943 2579
7926 7943 2579
7926 7943 2579
7926 7943 2579
7926 7943 2579
7926 7943 2579
7926 7943 2579
5413 6022 2579
5413 6022 2579
5413 6022 2579
5413 6022 2579
5413 6022 2579
5413 6022 2579
5413 6022 2579
5413 6022 2579
5413 6022 2579
5413 6022 2579
5413 6022 2579
5413 6022 2579
5413 6022 2579
7749 6505 2579
7749 6505 2579
7749 6505 2579
7749 6505 2579
7749 6505 2579
7749 6505 2579
7749 6505 2579
7749 6505 2579
7749 6505 2579
7749 6505 2579
7749 6505 2579
7749 6505 2579
7750 7938 2579
7750 7938 2579
7750 7938 2579
7750 7938 2579
7750 7938 2579
7750 7938 2579
7750 7938 2579
7750 7938 2579
7750 7938 2579
7750 7938 2579
7750 7938 2579
7750 7938 2579
7750 7938 2579
5256 5307 2579
5256 5307 2579
5256 5307 2579
5256 5307 2579
5256 5307 2579
5256 5307 2579
5256 5307 2579
5256 5307 2579
5256 5307 2579
5256 5307 2579
5256 5307 2579
5256 5307 2579
5256 5307 2579
6545 8766 2581
6545 8766 2581
6545 8766 2581
6545 8766 2581
6545 8766 2581
6545 8766 2581
6545 8766 2581
6545 8766 2581
6545 8766 2581
6545 8766 2581
6545 8766 2581
6545 8766 2581
6545 8766 2581
8461 7724 2581
8461 7724 2581
8461 7724 2581
8461 7724 2581
8461 7724 2581
8461 7724 2581
8461 7724 2581
8461 7724 2581
8461 7724 2581
8461 7724 2581
8461 7724 2581
8461 7724 2581
8461 7724 2581
7665 7676 2582
7665 7676 2582
7665 7676 2582
7665 7676 2582
7665 7676 2582
7665 7676 2582
7665 7676 2582
7665 7676 2582
7665 7676 2582
7665 7676 2582
7665 7676 2582
7665 7676 2582
7745 7695 2583
7745 7695 2583
7745 7695 2583
7745 7695 2583
7745 7695 2583
7745 7695 2583
7745 7695 2583
7745 7695 2583
7745 7695 2583
7745 7695 2583
7745 7695 2583
7745 7695 2583
7907 7698 2583
7907 7698 2583
7907 7698 2583
7907 7698 2583
7907 7698 2583
7907 7698 2583
7907 7698 2583
7907 7698 2583
7907 7698 2583
7907 7698 2583
7907 7698 2583
7907 7698 2583
7693 7713 2583
7693 7713 2583
7693 7713 2583
7693 7713 2583
7693 7713 2583
7693 7713 2583
7693 7713 2583
7693 7713 2583
7693 7713 2583
7693 7713 2583
7693 7713 2583
7693 7713 2583
6582 8436 2584
6582 8436 2584
6582 8436 2584
6582 8436 2584
6582 8436 2584
6582 8436 2584
6582 8436 2584
6582 8436 2584
6582 8436 2584
6582 8436 2584
6582 8436 2584
6582 8436 2584
6582 8436 2584
6557 7676 2585
6557 7676 2585
6557 7676 2585
6557 7676 2585
6557 7676 2585
6557 7676 2585
6557 7676 2585
6557 7676 2585
6557 7676 2585
6557 7676 2585
6557 7676 2585
6557 7676 2585
6546 6507 2586
6546 6507 2586
6546 6507 2586
6546 6507 2586
6546 6507 2586
6546 6507 2586
6546 6507 2586
6546 6507 2586
6546 6507 2586
6546 6507 2586
6546 6507 2586
6546 6507 2586
5427 5258 2586
5427 5258 2586
5427 5258 2586
5427 5258 2586
5427 5258 2586
5427 5258 2586
5427 5258 2586
5427 5258 2586
5427 5258 2586
5427 5258 2586
5427 5258 2586
5427 5258 2586
6560 7761 2586
6560 7761 2586
6560 7761 2586
6560 7761 2586
6560 7761 2586
6560 7761 2586
6560 7761 2586
6560 7761 2586
6560 7761 2586
6560 7761 2586
6560 7761 2586
6560 7761 2586
7973 7737 2586
7973 7737 2586
7973 7737 2586
7973 7737 2586
7973 7737 2586
7973 7737 2586
7973 7737 2586
7973 7737 2586
7973 7737 2586
7973 7737 2586
7973 7737 2586
7973 7737 2586
7973 7737 2586
8705 5258 2587
8705 5258 2587
8705 5258 2587
8705 5258 2587
8705 5258 2587
8705 5258 2587
8705 5258 2587
8705 5258 2587
8705 5258 2587
8705 5258 2587
8705 5258 2587
8705 5258 2587
8705 5258 2587
5358 8457 2587
5358 8457 2587
5358 8457 2587
5358 8457 2587
5358 8457 2587
5358 8457 2587
5358 8457 2587
5358 8457 2587
5358 8457 2587
5358 8457 2587
5358 8457 2587
5358 8457 2587
7702 7960 2587
7702 7960 2587
7702 7960 2587
7702 7960 2587
7702 7960 2587
7702 7960 2587
7702 7960 2587
7702 7960 2587
7702 7960 2587
7702 7960 2587
7702 7960 2587
7702 7960 2587
7702 7960 2587
5275 5433 2589
5275 5433 2589
5275 5433 2589
5275 5433 2589
5275 5433 2589
5275 5433 2589
5275 5433 2589
5275 5433 2589
5275 5433 2589
5275 5433 2589
5275 5433 2589
5275 5433 2589
5275 5433 2589
6584 6494 2589
6584 6494 2589
6584 6494 2589
6584 6494 2589
6584 6494 2589
6584 6494 2589
6584 6494 2589
6584 6494 2589
6584 6494 2589
6584 6494 2589
6584 6494 2589
6584 6494 2589
8436 8673 2589
8436 8673 2589
8436 8673 2589
8436 8673 2589
8436 8673 2589
8436 8673 2589
8436 8673 2589
8436 8673 2589
8436 8673 2589
8436 8673 2589
8436 8673 2589
8436 8673 2589
6009 6545 2589
6009 6545 2589
6009 6545 2589
6009 6545 2589
6009 6545 2589
6009 6545 2589
6009 6545 2589
6009 6545 2589
6009 6545 2589
6009 6545 2589
6009 6545 2589
6009 6545 2589
6009 6545 2589
7890 7944 2590
7890 7944 2590
7890 7944 2590
7890 7944 2590
7890 7944 2590
7890 7944 2590
7890 7944 2590
7890 7944 2590
7890 7944 2590
7890 7944 2590
7890 7944 2590
7890 7944 2590
7700 6507 2590
7700 6507 2590
7700 6507 2590
7700 6507 2590
7700 6507 2590
7700 6507 2590
7700 6507 2590
7700 6507 2590
7700 6507 2590
7700 6507 2590
7700 6507 2590
7700 6507 2590
7700 6507 2590
6530 6359 2591
6530 6359 2591
6530 6359 2591
6530 6359 2591
6530 6359 2591
6530 6359 2591
6530 6359 2591
6530 6359 2591
6530 6359 2591
6530 6359 2591
6530 6359 2591
6530 6359 2591
6530 6359 2591
7723 7691 2592
7723 7691 2592
7723 7691 2592
7723 7691 2592
7723 7691 2592
7723 7691 2592
7723 7691 2592
7723 7691 2592
7723 7691 2592
7723 7691 2592
7723 7691 2592
7723 7691 2592
7708 7956 2592
7708 7956 2592
7708 7956 2592
7708 7956 2592
7708 7956 2592
7708 7956 2592
7708 7956 2592
7708 7956 2592
7708 7956 2592
7708 7956 2592
7708 7956 2592
7708 7956 2592
6031 8464 2592
6031 8464 2592
6031 8464 2592
6031 8464 2592
6031 8464 2592
6031 8464 2592
6031 8464 2592
6031 8464 2592
6031 8464 2592
6031 8464 2592
6031 8464 2592
6031 8464 2592
6031 8464 2592
8705 6553 2593
8705 6553 2593
8705 6553 2593
8705 6553 2593
8705 6553 2593
8705 6553 2593
8705 6553 2593
8705 6553 2593
8705 6553 2593
8705 6553 2593
8705 6553 2593
8705 6553 2593
8705 6553 2593
5405 5353 2593
5405 5353 2593
5405 5353 2593
5405 5353 2593
5405 5353 2593
5405 5353 2593
5405 5353 2593
5405 5353 2593
5405 5353 2593
5405 5353 2593
5405 5353 2593
5405 5353 2593
5405 5353 2593
6592 6407 2593
6592 6407 2593
6592 6407 2593
6592 6407 2593
6592 6407 2593
6592 6407 2593
6592 6407 2593
6592 6407 2593
6592 6407 2593
6592 6407 2593
6592 6407 2593
6592 6407 2593
7782 6600 2594
7782 6600 2594
7782 6600 2594
7782 6600 2594
7782 6600 2594
7782 6600 2594
7782 6600 2594
7782 6600 2594
7782 6600 2594
7782 6600 2594
7782 6600 2594
7782 6600 2594
7772 6613 2594
7772 6613 2594
7772 6613 2594
7772 6613 2594
7772 6613 2594
7772 6613 2594
7772 6613 2594
7772 6613 2594
7772 6613 2594
7772 6613 2594
7772 6613 2594
7772 6613 2594
7772 6613 2594
6583 6554 2594
6583 6554 2594
6583 6554 2594
6583 6554 2594
6583 6554 2594
6583 6554 2594
6583 6554 2594
6583 6554 2594
6583 6554 2594
6583 6554 2594
6583 6554 2594
6583 6554 2594
6583 6554 2594
7769 6595 2595
7769 6595 2595
7769 6595 2595
7769 6595 2595
7769 6595 2595
7769 6595 2595
7769 6595 2595
7769 6595 2595
7769 6595 2595
7769 6595 2595
7769 6595 2595
7769 6595 2595
6465 6452 2596
6465 6452 2596
6465 6452 2596
6465 6452 2596
6465 6452 2596
6465 6452 2596
6465 6452 2596
6465 6452 2596
6465 6452 2596
6465 6452 2596
6465 6452 2596
6465 6452 2596
7979 7774 2596
7979 7774 2596
7979 7774 2596
7979 7774 2596
7979 7774 2596
7979 7774 2596
7979 7774 2596
7979 7774 2596
7979 7774 2596
7979 7774 2596
7979 7774 2596
7979 7774 2596
7979 7774 2596
7940 7922 2597
7940 7922 2597
7940 7922 2597
7940 7922 2597
7940 7922 2597
7940 7922 2597
7940 7922 2597
7940 7922 2597
7940 7922 2597
7940 7922 2597
7940 7922 2597
7940 7922 2597
8435 5252 2597
8435 5252 2597
8435 5252 2597
8435 5252 2597
8435 5252 2597
8435 5252 2597
8435 5252 2597
8435 5252 2597
8435 5252 2597
8435 5252 2597
8435 5252 2597
8435 5252 2597
8435 5252 2597
7918 7767 2597
7918 7767 2597
7918 7767 2597
7918 7767 2597
7918 7767 2597
7918 7767 2597
7918 7767 2597
7918 7767 2597
7918 7767 2597
7918 7767 2597
7918 7767 2597
7918 7767 2597
7709 6557 2598
7709 6557 2598
7709 6557 2598
7709 6557 2598
7709 6557 2598
7709 6557 2598
7709 6557 2598
7709 6557 2598
7709 6557 2598
7709 6557 2598
7709 6557 2598
7709 6557 2598
5410 5353 2598
5410 5353 2598
5410 5353 2598
5410 5353 2598
5410 5353 2598
5410 5353 2598
5410 5353 2598
5410 5353 2598
5410 5353 2598
5410 5353 2598
5410 5353 2598
5410 5353 2598
5410 5353 2598
6351 6431 2598
6351 6431 2598
6351 6431 2598
6351 6431 2598
6351 6431 2598
6351 6431 2598
6351 6431 2598
6351 6431 2598
6351 6431 2598
6351 6431 2598
6351 6431 2598
6351 6431 2598
6546 6375 2599
6546 6375 2599
6546 6375 2599
6546 6375 2599
6546 6375 2599
6546 6375 2599
6546 6375 2599
6546 6375 2599
6546 6375 2599
6546 6375 2599
6546 6375 2599
6546 6375 2599
6546 6375 2599
7702 8450 2599
7702 8450 2599
7702 8450 2599
7702 8450 2599
7702 8450 2599
7702 8450 2599
7702 8450 2599
7702 8450 2599
7702 8450 2599
7702 8450 2599
7702 8450 2599
7702 8450 2599
7634 7917 2600
7634 7917 2600
7634 7917 2600
7634 7917 2600
7634 7917 2600
7634 7917 2600
7634 7917 2600
7634 7917 2600
7634 7917 2600
7634 7917 2600
7634 7917 2600
7634 7917 2600
7634 7917 2600
9528 6534 2601
9528 6534 2601
9528 6534 2601
9528 6534 2601
9528 6534 2601
9528 6534 2601
9528 6534 2601
9528 6534 2601
9528 6534 2601
9528 6534 2601
9528 6534 2601
9528 6534 2601
9528 6534 2601
8459 8438 2601
8459 8438 2601
8459 8438 2601
8459 8438 2601
8459 8438 2601
8459 8438 2601
8459 8438 2601
8459 8438 2601
8459 8438 2601
8459 8438 2601
8459 8438 2601
8459 8438 2601
8459 8438 2601
7786 8467 2602
7786 8467 2602
7786 8467 2602
7786 8467 2602
7786 8467 2602
7786 8467 2602
7786 8467 2602
7786 8467 2602
7786 8467 2602
7786 8467 2602
7786 8467 2602
7786 8467 2602
7786 8467 2602
5356 6344 2604
5356 6344 2604
5356 6344 2604
5356 6344 2604
5356 6344 2604
5356 6344 2604
5356 6344 2604
5356 6344 2604
5356 6344 2604
5356 6344 2604
5356 6344 2604
5356 6344 2604
6306 6323 2604
6306 6323 2604
6306 6323 2604
6306 6323 2604
6306 6323 2604
6306 6323 2604
6306 6323 2604
6306 6323 2604
6306 6323 2604
6306 6323 2604
6306 6323 2604
6306 6323 2604
6306 6323 2604
5447 5257 2604
5447 5257 2604
5447 5257 2604
5447 5257 2604
5447 5257 2604
5447 5257 2604
5447 5257 2604
5447 5257 2604
5447 5257 2604
5447 5257 2604
5447 5257 2604
5447 5257 2604
6388 6365 2604
6388 6365 2604
6388 6365 2604
6388 6365 2604
6388 6365 2604
6388 6365 2604
6388 6365 2604
6388 6365 2604
6388 6365 2604
6388 6365 2604
6388 6365 2604
6388 6365 2604
5925 7814 2606
5925 7814 2606
5925 7814 2606
5925 7814 2606
5925 7814 2606
5925 7814 2606
5925 7814 2606
5925 7814 2606
5925 7814 2606
5925 7814 2606
5925 7814 2606
5925 7814 2606
5925 7814 2606
9152 8696 2606
9152 8696 2606
9152 8696 2606
9152 8696 2606
9152 8696 2606
9152 8696 2606
9152 8696 2606
9152 8696 2606
9152 8696 2606
9152 8696 2606
9152 8696 2606
9152 8696 2606
9152 8696 2606
5278 9146 2606
5278 9146 2606
5278 9146 2606
5278 9146 2606
5278 9146 2606
5278 9146 2606
5278 9146 2606
5278 9146 2606
5278 9146 2606
5278 9146 2606
5278 9146 2606
5278 9146 2606
7754 7813 2607
7754 7813 2607
7754 7813 2607
7754 7813 2607
7754 7813 2607
7754 7813 2607
7754 7813 2607
7754 7813 2607
7754 7813 2607
7754 7813 2607
7754 7813 2607
7754 7813 2607
5262 5402 2607
5262 5402 2607
5262 5402 2607
5262 5402 2607
5262 5402 2607
5262 5402 2607
5262 5402 2607
5262 5402 2607
5262 5402 2607
5262 5402 2607
5262 5402 2607
5262 5402 2607
7762 7973 2608
7762 7973 2608
7762 7973 2608
7762 7973 2608
7762 7973 2608
7762 7973 2608
7762 7973 2608
7762 7973 2608
7762 7973 2608
7762 7973 2608
7762 7973 2608
7762 7973 2608
6448 6534 2608
6448 6534 2608
6448 6534 2608
6448 6534 2608
6448 6534 2608
6448 6534 2608
6448 6534 2608
6448 6534 2608
6448 6534 2608
6448 6534 2608
6448 6534 2608
6448 6534 2608
7927 6441 2609
7927 6441 2609
7927 6441 2609
7927 6441 2609
7927 6441 2609
7927 6441 2609
7927 6441 2609
7927 6441 2609
7927 6441 2609
7927 6441 2609
7927 6441 2609
7927 6441 2609
7927 6441 2609
6362 6572 2609
6362 6572 2609
6362 6572 2609
6362 6572 2609
6362 6572 2609
6362 6572 2609
6362 6572 2609
6362 6572 2609
6362 6572 2609
6362 6572 2609
6362 6572 2609
6362 6572 2609
5986 7948 2609
5986 7948 2609
5986 7948 2609
5986 7948 2609
5986 7948 2609
5986 7948 2609
5986 7948 2609
5986 7948 2609
5986 7948 2609
5986 7948 2609
5986 7948 2609
5986 7948 2609
5986 7948 2609
7819 6571 2609
7819 6571 2609
7819 6571 2609
7819 6571 2609
7819 6571 2609
7819 6571 2609
7819 6571 2609
7819 6571 2609
7819 6571 2609
7819 6571 2609
7819 6571 2609
7819 6571 2609
7819 6571 2609
8462 8479 2609
8462 8479 2609
8462 8479 2609
8462 8479 2609
8462 8479 2609
8462 8479 2609
8462 8479 2609
8462 8479 2609
8462 8479 2609
8462 8479 2609
8462 8479 2609
8462 8479 2609
6543 7701 2610
6543 7701 2610
6543 7701 2610
6543 7701 2610
6543 7701 2610
6543 7701 2610
6543 7701 2610
6543 7701 2610
6543 7701 2610
6543 7701 2610
6543 7701 2610
6543 7701 2610
6543 7701 2610
5272 5356 2610
5272 5356 2610
5272 5356 2610
5272 5356 2610
5272 5356 2610
5272 5356 2610
5272 5356 2610
5272 5356 2610
5272 5356 2610
5272 5356 2610
5272 5356 2610
5272 5356 2610
5272 5356 2610
5307 9158 2612
5307 9158 2612
5307 9158 2612
5307 9158 2612
5307 9158 2612
5307 9158 2612
5307 9158 2612
5307 9158 2612
5307 9158 2612
5307 9158 2612
5307 9158 2612
5307 9158 2612
5307 9158 2612
7782 7712 2613
7782 7712 2613
7782 7712 2613
7782 7712 2613
7782 7712 2613
7782 7712 2613
7782 7712 2613
7782 7712 2613
7782 7712 2613
7782 7712 2613
7782 7712 2613
7782 7712 2613
7782 7712 2613
6382 5282 2614
6382 5282 2614
6382 5282 2614
6382 5282 2614
6382 5282 2614
6382 5282 2614
6382 5282 2614
6382 5282 2614
6382 5282 2614
6382 5282 2614
6382 5282 2614
6382 5282 2614
7686 7828 2614
7686 7828 2614
7686 7828 2614
7686 7828 2614
7686 7828 2614
7686 7828 2614
7686 7828 2614
7686 7828 2614
7686 7828 2614
7686 7828 2614
7686 7828 2614
7686 7828 2614
6544 6569 2614
6544 6569 2614
6544 6569 2614
6544 6569 2614
6544 6569 2614
6544 6569 2614
6544 6569 2614
6544 6569 2614
6544 6569 2614
6544 6569 2614
6544 6569 2614
6544 6569 2614
6544 6569 2614
7744 7912 2614
7744 7912 2614
7744 7912 2614
7744 7912 2614
7744 7912 2614
7744 7912 2614
7744 7912 2614
7744 7912 2614
7744 7912 2614
7744 7912 2614
7744 7912 2614
7744 7912 2614
7744 7912 2614
5361 6610 2614
5361 6610 2614
5361 6610 2614
5361 6610 2614
5361 6610 2614
5361 6610 2614
5361 6610 2614
5361 6610 2614
5361 6610 2614
5361 6610 2614
5361 6610 2614
5361 6610 2614
7740 7970 2615
7740 7970 2615
7740 7970 2615
7740 7970 2615
7740 7970 2615
7740 7970 2615
7740 7970 2615
7740 7970 2615
7740 7970 2615
7740 7970 2615
7740 7970 2615
7740 7970 2615
7700 7845 2615
7700 7845 2615
7700 7845 2615
7700 7845 2615
7700 7845 2615
7700 7845 2615
7700 7845 2615
7700 7845 2615
7700 7845 2615
7700 7845 2615
7700 7845 2615
7700 7845 2615
7762 7704 2616
7762 7704 2616
7762 7704 2616
7762 7704 2616
7762 7704 2616
7762 7704 2616
7762 7704 2616
7762 7704 2616
7762 7704 2616
7762 7704 2616
7762 7704 2616
7762 7704 2616
6473 7682 2616
6473 7682 2616
6473 7682 2616
6473 7682 2616
6473 7682 2616
6473 7682 2616
6473 7682 2616
6473 7682 2616
6473 7682 2616
6473 7682 2616
6473 7682 2616
6473 7682 2616
6545 5423 2616
6545 5423 2616
6545 5423 2616
6545 5423 2616
6545 5423 2616
6545 5423 2616
6545 5423 2616
6545 5423 2616
6545 5423 2616
6545 5423 2616
6545 5423 2616
6545 5423 2616
6545 5423 2616
5283 6005 2617
5283 6005 2617
5283 6005 2617
5283 6005 2617
5283 6005 2617
5283 6005 2617
5283 6005 2617
5283 6005 2617
5283 6005 2617
5283 6005 2617
5283 6005 2617
5283 6005 2617
5283 6005 2617
6561 5359 2617
6561 5359 2617
6561 5359 2617
6561 5359 2617
6561 5359 2617
6561 5359 2617
6561 5359 2617
6561 5359 2617
6561 5359 2617
6561 5359 2617
6561 5359 2617
6561 5359 2617
6561 5359 2617
7829 7965 2617
7829 7965 2617
7829 7965 2617
7829 7965 2617
7829 7965 2617
7829 7965 2617
7829 7965 2617
7829 7965 2617
7829 7965 2617
7829 7965 2617
7829 7965 2617
7829 7965 2617
7829 7965 2617
5380 9146 2617
5380 9146 2617
5380 9146 2617
5380 9146 2617
5380 9146 2617
5380 9146 2617
5380 9146 2617
5380 9146 2617
5380 9146 2617
5380 9146 2617
5380 9146 2617
5380 9146 2617
5380 9146 2617
7747 7686 2618
7747 7686 2618
7747 7686 2618
7747 7686 2618
7747 7686 2618
7747 7686 2618
7747 7686 2618
7747 7686 2618
7747 7686 2618
7747 7686 2618
7747 7686 2618
7747 7686 2618
7747 7686 2618
7946 7744 2619
7946 7744 2619
7946 7744 2619
7946 7744 2619
7946 7744 2619
7946 7744 2619
7946 7744 2619
7946 7744 2619
7946 7744 2619
7946 7744 2619
7946 7744 2619
7946 7744 2619
7946 7744 2619
6003 5256 2619
6003 5256 2619
6003 5256 2619
6003 5256 2619
6003 5256 2619
6003 5256 2619
6003 5256 2619
6003 5256 2619
6003 5256 2619
6003 5256 2619
6003 5256 2619
6003 5256 2619
7695 6489 2620
7695 6489 2620
7695 6489 2620
7695 6489 2620
7695 6489 2620
7695 6489 2620
7695 6489 2620
7695 6489 2620
7695 6489 2620
7695 6489 2620
7695 6489 2620
7695 6489 2620
5258 6557 2620
5258 6557 2620
5258 6557 2620
5258 6557 2620
5258 6557 2620
5258 6557 2620
5258 6557 2620
5258 6557 2620
5258 6557 2620
5258 6557 2620
5258 6557 2620
5258 6557 2620
5258 6557 2620
5924 7723 2620
5924 7723 2620
5924 7723 2620
5924 7723 2620
5924 7723 2620
5924 7723 2620
5924 7723 2620
5924 7723 2620
5924 7723 2620
5924 7723 2620
5924 7723 2620
5924 7723 2620
5924 7723 2620
7684 5924 2620
7684 5924 2620
7684 5924 2620
7684 5924 2620
7684 5924 2620
7684 5924 2620
7684 5924 2620
7684 5924 2620
7684 5924 2620
7684 5924 2620
7684 5924 2620
7684 5924 2620
6514 7814 2620
6514 7814 2620
6514 7814 2620
6514 7814 2620
6514 7814 2620
6514 7814 2620
6514 7814 2620
6514 7814 2620
6514 7814 2620
6514 7814 2620
6514 7814 2620
6514 7814 2620
6514 7814 2620
7689 8476 2621
7689 8476 2621
7689 8476 2621
7689 8476 2621
7689 8476 2621
7689 8476 2621
7689 8476 2621
7689 8476 2621
7689 8476 2621
7689 8476 2621
7689 8476 2621
7689 8476 2621
7689 8476 2621
6543 7685 2622
6543 7685 2622
6543 7685 2622
6543 7685 2622
6543 7685 2622
6543 7685 2622
6543 7685 2622
6543 7685 2622
6543 7685 2622
6543 7685 2622
6543 7685 2622
6543 7685 2622
5526 5437 2622
5526 5437 2622
5526 5437 2622
5526 5437 2622
5526 5437 2622
5526 5437 2622
5526 5437 2622
5526 5437 2622
5526 5437 2622
5526 5437 2622
5526 5437 2622
5526 5437 2622
5359 6037 2622
5359 6037 2622
5359 6037 2622
5359 6037 2622
5359 6037 2622
5359 6037 2622
5359 6037 2622
5359 6037 2622
5359 6037 2622
5359 6037 2622
5359 6037 2622
5359 6037 2622
5376 5547 2623
5376 5547 2623
5376 5547 2623
5376 5547 2623
5376 5547 2623
5376 5547 2623
5376 5547 2623
5376 5547 2623
5376 5547 2623
5376 5547 2623
5376 5547 2623
5376 5547 2623
5376 5547 2623
7748 6517 2623
7748 6517 2623
7748 6517 2623
7748 6517 2623
7748 6517 2623
7748 6517 2623
7748 6517 2623
7748 6517 2623
7748 6517 2623
7748 6517 2623
7748 6517 2623
7748 6517 2623
7748 6517 2623
7705 6612 2623
7705 6612 2623
7705 6612 2623
7705 6612 2623
7705 6612 2623
7705 6612 2623
7705 6612 2623
7705 6612 2623
7705 6612 2623
7705 6612 2623
7705 6612 2623
7705 6612 2623
5419 5537 2624
5419 5537 2624
5419 5537 2624
5419 5537 2624
5419 5537 2624
5419 5537 2624
5419 5537 2624
5419 5537 2624
5419 5537 2624
5419 5537 2624
5419 5537 2624
5419 5537 2624
5419 5537 2624
5416 5551 2624
5416 5551 2624
5416 5551 2624
5416 5551 2624
5416 5551 2624
5416 5551 2624
5416 5551 2624
5416 5551 2624
5416 5551 2624
5416 5551 2624
5416 5551 2624
5416 5551 2624
7762 6538 2625
7762 6538 2625
7762 6538 2625
7762 6538 2625
7762 6538 2625
7762 6538 2625
7762 6538 2625
7762 6538 2625
7762 6538 2625
7762 6538 2625
7762 6538 2625
7762 6538 2625
7918 7732 2625
7918 7732 2625
7918 7732 2625
7918 7732 2625
7918 7732 2625
7918 7732 2625
7918 7732 2625
7918 7732 2625
7918 7732 2625
7918 7732 2625
7918 7732 2625
7918 7732 2625
7918 7732 2625
6415 7692 2625
6415 7692 2625
6415 7692 2625
6415 7692 2625
6415 7692 2625
6415 7692 2625
6415 7692 2625
6415 7692 2625
6415 7692 2625
6415 7692 2625
6415 7692 2625
6415 7692 2625
6415 7692 2625
6606 8469 2626
6606 8469 2626
6606 8469 2626
6606 8469 2626
6606 8469 2626
6606 8469 2626
6606 8469 2626
6606 8469 2626
6606 8469 2626
6606 8469 2626
6606 8469 2626
6606 8469 2626
6606 8469 2626
7692 6384 2626
7692 6384 2626
7692 6384 2626
7692 6384 2626
7692 6384 2626
7692 6384 2626
7692 6384 2626
7692 6384 2626
7692 6384 2626
7692 6384 2626
7692 6384 2626
7692 6384 2626
7692 6384 2626
6560 5383 2626
6560 5383 2626
6560 5383 2626
6560 5383 2626
6560 5383 2626
6560 5383 2626
6560 5383 2626
6560 5383 2626
6560 5383 2626
6560 5383 2626
6560 5383 2626
6560 5383 2626
5375 5269 2627
5375 5269 2627
5375 5269 2627
5375 5269 2627
5375 5269 2627
5375 5269 2627
5375 5269 2627
5375 5269 2627
5375 5269 2627
5375 5269 2627
5375 5269 2627
5375 5269 2627
7725 7943 2627
7725 7943 2627
7725 7943 2627
7725 7943 2627
7725 7943 2627
7725 7943 2627
7725 7943 2627
7725 7943 2627
7725 7943 2627
7725 7943 2627
7725 7943 2627
7725 7943 2627
5354 5267 2627
5354 5267 2627
5354 5267 2627
5354 5267 2627
5354 5267 2627
5354 5267 2627
5354 5267 2627
5354 5267 2627
5354 5267 2627
5354 5267 2627
5354 5267 2627
5354 5267 2627
5354 5267 2627
5993 5546 2629
5993 5546 2629
5993 5546 2629
5993 5546 2629
5993 5546 2629
5993 5546 2629
5993 5546 2629
5993 5546 2629
5993 5546 2629
5993 5546 2629
5993 5546 2629
5993 5546 2629
5995 5433 2629
5995 5433 2629
5995 5433 2629
5995 5433 2629
5995 5433 2629
5995 5433 2629
5995 5433 2629
5995 5433 2629
5995 5433 2629
5995 5433 2629
5995 5433 2629
5995 5433 2629
5995 5433 2629
8459 7939 2631
8459 7939 2631
8459 7939 2631
8459 7939 2631
8459 7939 2631
8459 7939 2631
8459 7939 2631
8459 7939 2631
8459 7939 2631
8459 7939 2631
8459 7939 2631
8459 7939 2631
6448 6324 2631
6448 6324 2631
6448 6324 2631
6448 6324 2631
6448 6324 2631
6448 6324 2631
6448 6324 2631
6448 6324 2631
6448 6324 2631
6448 6324 2631
6448 6324 2631
6448 6324 2631
6448 6324 2631
5429 5271 2631
5429 5271 2631
5429 5271 2631
5429 5271 2631
5429 5271 2631
5429 5271 2631
5429 5271 2631
5429 5271 2631
5429 5271 2631
5429 5271 2631
5429 5271 2631
5429 5271 2631
8464 7689 2632
8464 7689 2632
8464 7689 2632
8464 7689 2632
8464 7689 2632
8464 7689 2632
8464 7689 2632
8464 7689 2632
8464 7689 2632
8464 7689 2632
8464 7689 2632
8464 7689 2632
8464 7689 2632
5922 7942 2632
5922 7942 2632
5922 7942 2632
5922 7942 2632
5922 7942 2632
5922 7942 2632
5922 7942 2632
5922 7942 2632
5922 7942 2632
5922 7942 2632
5922 7942 2632
5922 7942 2632
5922 7942 2632
8467 5355 2633
8467 5355 2633
8467 5355 2633
8467 5355 2633
8467 5355 2633
8467 5355 2633
8467 5355 2633
8467 5355 2633
8467 5355 2633
8467 5355 2633
8467 5355 2633
8467 5355 2633
5364 6541 2633
5364 6541 2633
5364 6541 2633
5364 6541 2633
5364 6541 2633
5364 6541 2633
5364 6541 2633
5364 6541 2633
5364 6541 2633
5364 6541 2633
5364 6541 2633
5364 6541 2633
5993 8437 2634
5993 8437 2634
5993 8437 2634
5993 8437 2634
5993 8437 2634
5993 8437 2634
5993 8437 2634
5993 8437 2634
5993 8437 2634
5993 8437 2634
5993 8437 2634
5993 8437 2634
5993 8437 2634
5406 5273 2634
5406 5273 2634
5406 5273 2634
5406 5273 2634
5406 5273 2634
5406 5273 2634
5406 5273 2634
5406 5273 2634
5406 5273 2634
5406 5273 2634
5406 5273 2634
5406 5273 2634
5404 5438 2635
5404 5438 2635
5404 5438 2635
5404 5438 2635
5404 5438 2635
5404 5438 2635
5404 5438 2635
5404 5438 2635
5404 5438 2635
5404 5438 2635
5404 5438 2635
5404 5438 2635
7771 8450 2636
7771 8450 2636
7771 8450 2636
7771 8450 2636
7771 8450 2636
7771 8450 2636
7771 8450 2636
7771 8450 2636
7771 8450 2636
7771 8450 2636
7771 8450 2636
7771 8450 2636
7771 8450 2636
8462 6601 2636
8462 6601 2636
8462 6601 2636
8462 6601 2636
8462 6601 2636
8462 6601 2636
8462 6601 2636
8462 6601 2636
8462 6601 2636
8462 6601 2636
8462 6601 2636
8462 6601 2636
8462 6601 2636
6607 6567 2636
6607 6567 2636
6607 6567 2636
6607 6567 2636
6607 6567 2636
6607 6567 2636
6607 6567 2636
6607 6567 2636
6607 6567 2636
6607 6567 2636
6607 6567 2636
6607 6567 2636
6607 6567 2636
6384 6496 2637
6384 6496 2637
6384 6496 2637
6384 6496 2637
6384 6496 2637
6384 6496 2637
6384 6496 2637
6384 6496 2637
6384 6496 2637
6384 6496 2637
6384 6496 2637
6384 6496 2637
6384 6496 2637
7716 8437 2637
7716 8437 2637
7716 8437 2637
7716 8437 2637
7716 8437 2637
7716 8437 2637
7716 8437 2637
7716 8437 2637
7716 8437 2637
7716 8437 2637
7716 8437 2637
7716 8437 2637
7716 8437 2637
7751 7674 2637
7751 7674 2637
7751 7674 2637
7751 7674 2637
7751 7674 2637
7751 7674 2637
7751 7674 2637
7751 7674 2637
7751 7674 2637
7751 7674 2637
7751 7674 2637
7751 7674 2637
7751 7674 2637
7753 5385 2638
7753 5385 2638
7753 5385 2638
7753 5385 2638
7753 5385 2638
7753 5385 2638
7753 5385 2638
7753 5385 2638
7753 5385 2638
7753 5385 2638
7753 5385 2638
7753 5385 2638
7753 5385 2638
7709 5990 2638
7709 5990 2638
7709 5990 2638
7709 5990 2638
7709 5990 2638
7709 5990 2638
7709 5990 2638
7709 5990 2638
7709 5990 2638
7709 5990 2638
7709 5990 2638
7709 5990 2638
7709 5990 2638
9146 6387 2638
9146 6387 2638
9146 6387 2638
9146 6387 2638
9146 6387 2638
9146 6387 2638
9146 6387 2638
9146 6387 2638
9146 6387 2638
9146 6387 2638
9146 6387 2638
9146 6387 2638
7634 7925 2639
7634 7925 2639
7634 7925 2639
7634 7925 2639
7634 7925 2639
7634 7925 2639
7634 7925 2639
7634 7925 2639
7634 7925 2639
7634 7925 2639
7634 7925 2639
7634 7925 2639
7634 7925 2639
6556 7713 2639
6556 7713 2639
6556 7713 2639
6556 7713 2639
6556 7713 2639
6556 7713 2639
6556 7713 2639
6556 7713 2639
6556 7713 2639
6556 7713 2639
6556 7713 2639
6556 7713 2639
6556 7713 2639
6575 6607 2640
6575 6607 2640
6575 6607 2640
6575 6607 2640
6575 6607 2640
6575 6607 2640
6575 6607 2640
6575 6607 2640
6575 6607 2640
6575 6607 2640
6575 6607 2640
6575 6607 2640
6589 5254 2641
6589 5254 2641
6589 5254 2641
6589 5254 2641
6589 5254 2641
6589 5254 2641
6589 5254 2641
6589 5254 2641
6589 5254 2641
6589 5254 2641
6589 5254 2641
6589 5254 2641
6589 5254 2641
7700 7943 2641
7700 7943 2641
7700 7943 2641
7700 7943 2641
7700 7943 2641
7700 7943 2641
7700 7943 2641
7700 7943 2641
7700 7943 2641
7700 7943 2641
7700 7943 2641
7700 7943 2641
6541 5391 2642
6541 5391 2642
6541 5391 2642
6541 5391 2642
6541 5391 2642
6541 5391 2642
6541 5391 2642
6541 5391 2642
6541 5391 2642
6541 5391 2642
6541 5391 2642
6541 5391 2642
6541 5391 2642
5995 7776 2643
5995 7776 2643
5995 7776 2643
5995 7776 2643
5995 7776 2643
5995 7776 2643
5995 7776 2643
5995 7776 2643
5995 7776 2643
5995 7776 2643
5995 7776 2643
5995 7776 2643
5995 7776 2643
6593 6371 2643
6593 6371 2643
6593 6371 2643
6593 6371 2643
6593 6371 2643
6593 6371 2643
6593 6371 2643
6593 6371 2643
6593 6371 2643
6593 6371 2643
6593 6371 2643
6593 6371 2643
7676 6606 2644
7676 6606 2644
7676 6606 2644
7676 6606 2644
7676 6606 2644
7676 6606 2644
7676 6606 2644
7676 6606 2644
7676 6606 2644
7676 6606 2644
7676 6606 2644
7676 6606 2644
7689 9606 2646
7689 9606 2646
7689 9606 2646
7689 9606 2646
7689 9606 2646
7689 9606 2646
7689 9606 2646
7689 9606 2646
7689 9606 2646
7689 9606 2646
7689 9606 2646
7689 9606 2646
7689 9606 2646
6561 7717 2647
6561 7717 2647
6561 7717 2647
6561 7717 2647
6561 7717 2647
6561 7717 2647
6561 7717 2647
6561 7717 2647
6561 7717 2647
6561 7717 2647
6561 7717 2647
6561 7717 2647
7761 8463 2648
7761 8463 2648
7761 8463 2648
7761 8463 2648
7761 8463 2648
7761 8463 2648
7761 8463 2648
7761 8463 2648
7761 8463 2648
7761 8463 2648
7761 8463 2648
7761 8463 2648
6367 7690 2649
6367 7690 2649
6367 7690 2649
6367 7690 2649
6367 7690 2649
6367 7690 2649
6367 7690 2649
6367 7690 2649
6367 7690 2649
6367 7690 2649
6367 7690 2649
6367 7690 2649
6367 7690 2649
7719 7691 2649
7719 7691 2649
7719 7691 2649
7719 7691 2649
7719 7691 2649
7719 7691 2649
7719 7691 2649
7719 7691 2649
7719 7691 2649
7719 7691 2649
7719 7691 2649
7719 7691 2649
7719 7691 2649
7726 6575 2649
7726 6575 2649
7726 6575 2649
7726 6575 2649
7726 6575 2649
7726 6575 2649
7726 6575 2649
7726 6575 2649
7726 6575 2649
7726 6575 2649
7726 6575 2649
7726 6575 2649
7726 6575 2649
7732 6608 2649
7732 6608 2649
7732 6608 2649
7732 6608 2649
7732 6608 2649
7732 6608 2649
7732 6608 2649
7732 6608 2649
7732 6608 2649
7732 6608 2649
7732 6608 2649
7732 6608 2649
8712 5353 2650
8712 5353 2650
8712 5353 2650
8712 5353 2650
8712 5353 2650
8712 5353 2650
8712 5353 2650
8712 5353 2650
8712 5353 2650
8712 5353 2650
8712 5353 2650
8712 5353 2650
8712 5353 2650
6561 6613 2651
6561 6613 2651
6561 6613 2651
6561 6613 2651
6561 6613 2651
6561 6613 2651
6561 6613 2651
6561 6613 2651
6561 6613 2651
6561 6613 2651
6561 6613 2651
6561 6613 2651
5359 7723 2651
5359 7723 2651
5359 7723 2651
5359 7723 2651
5359 7723 2651
5359 7723 2651
5359 7723 2651
5359 7723 2651
5359 7723 2651
5359 7723 2651
5359 7723 2651
5359 7723 2651
6011 6054 2653
6011 6054 2653
6011 6054 2653
6011 6054 2653
6011 6054 2653
6011 6054 2653
6011 6054 2653
6011 6054 2653
6011 6054 2653
6011 6054 2653
6011 6054 2653
6011 6054 2653
8706 6548 2653
8706 6548 2653
8706 6548 2653
8706 6548 2653
8706 6548 2653
8706 6548 2653
8706 6548 2653
8706 6548 2653
8706 6548 2653
8706 6548 2653
8706 6548 2653
8706 6548 2653
6582 6460 2657
6582 6460 2657
6582 6460 2657
6582 6460 2657
6582 6460 2657
6582 6460 2657
6582 6460 2657
6582 6460 2657
6582 6460 2657
6582 6460 2657
6582 6460 2657
6582 6460 2657
6582 6460 2657
5369 5294 2664
5369 5294 2664
5369 5294 2664
5369 5294 2664
5369 5294 2664
5369 5294 2664
5369 5294 2664
5369 5294 2664
5369 5294 2664
5369 5294 2664
5369 5294 2664
5369 5294 2664
5369 5294 2664
7921 7718 2672
7921 7718 2672
7921 7718 2672
7921 7718 2672
7921 7718 2672
7921 7718 2672
7921 7718 2672
7921 7718 2672
7921 7718 2672
7921 7718 2672
7921 7718 2672
7921 7718 2672
7921 7718 2672
5356 5285 2687
5356 5285 2687
5356 5285 2687
5356 5285 2687
5356 5285 2687
5356 5285 2687
5356 5285 2687
5356 5285 2687
5356 5285 2687
5356 5285 2687
5356 5285 2687
5356 5285 2687
7686 6448 2697
7686 6448 2697
7686 6448 2697
7686 6448 2697
7686 6448 2697
7686 6448 2697
7686 6448 2697
7686 6448 2697
7686 6448 2697
7686 6448 2697
7686 6448 2697
7686 6448 2697
6544 6612 2698
6544 6612 2698
6544 6612 2698
6544 6612 2698
6544 6612 2698
6544 6612 2698
6544 6612 2698
6544 6612 2698
6544 6612 2698
6544 6612 2698
6544 6612 2698
6544 6612 2698
6544 6612 2698
5270 5399 2702
5270 5399 2702
5270 5399 2702
5270 5399 2702
5270 5399 2702
5270 5399 2702
5270 5399 2702
5270 5399 2702
5270 5399 2702
5270 5399 2702
5270 5399 2702
5270 5399 2702
7928 7693 2705
7928 7693 2705
7928 7693 2705
7928 7693 2705
7928 7693 2705
7928 7693 2705
7928 7693 2705
7928 7693 2705
7928 7693 2705
7928 7693 2705
7928 7693 2705
7928 7693 2705
7928 7693 2705
7668 7690 2709
7668 7690 2709
7668 7690 2709
7668 7690 2709
7668 7690 2709
7668 7690 2709
7668 7690 2709
7668 7690 2709
7668 7690 2709
7668 7690 2709
7668 7690 2709
7668 7690 2709
7668 7690 2709
6578 7664 2712
6578 7664 2712
6578 7664 2712
6578 7664 2712
6578 7664 2712
6578 7664 2712
6578 7664 2712
6578 7664 2712
6578 7664 2712
6578 7664 2712
6578 7664 2712
6578 7664 2712
6578 7664 2712
6409 6538 2712
6409 6538 2712
6409 6538 2712
6409 6538 2712
6409 6538 2712
6409 6538 2712
6409 6538 2712
6409 6538 2712
6409 6538 2712
6409 6538 2712
6409 6538 2712
6409 6538 2712
8467 6050 2712
8467 6050 2712
8467 6050 2712
8467 6050 2712
8467 6050 2712
8467 6050 2712
8467 6050 2712
8467 6050 2712
8467 6050 2712
8467 6050 2712
8467 6050 2712
8467 6050 2712
8467 6050 2712
6558 8677 2712
6558 8677 2712
6558 8677 2712
6558 8677 2712
6558 8677 2712
6558 8677 2712
6558 8677 2712
6558 8677 2712
6558 8677 2712
6558 8677 2712
6558 8677 2712
6558 8677 2712
7915 7688 2713
7915 7688 2713
7915 7688 2713
7915 7688 2713
7915 7688 2713
7915 7688 2713
7915 7688 2713
7915 7688 2713
7915 7688 2713
7915 7688 2713
7915 7688 2713
7915 7688 2713
7688 8474 2713
7688 8474 2713
7688 8474 2713
7688 8474 2713
7688 8474 2713
7688 8474 2713
7688 8474 2713
7688 8474 2713
7688 8474 2713
7688 8474 2713
7688 8474 2713
7688 8474 2713
6544 7700 2714
6544 7700 2714
6544 7700 2714
6544 7700 2714
6544 7700 2714
6544 7700 2714
6544 7700 2714
6544 7700 2714
6544 7700 2714
6544 7700 2714
6544 7700 2714
6544 7700 2714
6544 7700 2714
5259 5409 2714
5259 5409 2714
5259 5409 2714
5259 5409 2714
5259 5409 2714
5259 5409 2714
5259 5409 2714
5259 5409 2714
5259 5409 2714
5259 5409 2714
5259 5409 2714
5259 5409 2714
6544 6574 2714
6544 6574 2714
6544 6574 2714
6544 6574 2714
6544 6574 2714
6544 6574 2714
6544 6574 2714
6544 6574 2714
6544 6574 2714
6544 6574 2714
6544 6574 2714
6544 6574 2714
6345 8695 2715
6345 8695 2715
6345 8695 2715
6345 8695 2715
6345 8695 2715
6345 8695 2715
6345 8695 2715
6345 8695 2715
6345 8695 2715
6345 8695 2715
6345 8695 2715
6345 8695 2715
6345 8695 2715
6530 6416 2715
6530 6416 2715
6530 6416 2715
6530 6416 2715
6530 6416 2715
6530 6416 2715
6530 6416 2715
6530 6416 2715
6530 6416 2715
6530 6416 2715
6530 6416 2715
6530 6416 2715
6530 6416 2715
6549 6572 2716
6549 6572 2716
6549 6572 2716
6549 6572 2716
6549 6572 2716
6549 6572 2716
6549 6572 2716
6549 6572 2716
6549 6572 2716
6549 6572 2716
6549 6572 2716
6549 6572 2716
7973 8470 2716
7973 8470 2716
7973 8470 2716
7973 8470 2716
7973 8470 2716
7973 8470 2716
7973 8470 2716
7973 8470 2716
7973 8470 2716
7973 8470 2716
7973 8470 2716
7973 8470 2716
7973 8470 2716
6031 5396 2716
6031 5396 2716
6031 5396 2716
6031 5396 2716
6031 5396 2716
6031 5396 2716
6031 5396 2716
6031 5396 2716
6031 5396 2716
6031 5396 2716
6031 5396 2716
6031 5396 2716
6031 5396 2716
7910 7755 2717
7910 7755 2717
7910 7755 2717
7910 7755 2717
7910 7755 2717
7910 7755 2717
7910 7755 2717
7910 7755 2717
7910 7755 2717
7910 7755 2717
7910 7755 2717
7910 7755 2717
7910 7755 2717
6543 7762 2717
6543 7762 2717
6543 7762 2717
6543 7762 2717
6543 7762 2717
6543 7762 2717
6543 7762 2717
6543 7762 2717
6543 7762 2717
6543 7762 2717
6543 7762 2717
6543 7762 2717
6543 7762 2717
7942 7824 2718
7942 7824 2718
7942 7824 2718
7942 7824 2718
7942 7824 2718
7942 7824 2718
7942 7824 2718
7942 7824 2718
7942 7824 2718
7942 7824 2718
7942 7824 2718
7942 7824 2718
5278 5533 2718
5278 5533 2718
5278 5533 2718
5278 5533 2718
5278 5533 2718
5278 5533 2718
5278 5533 2718
5278 5533 2718
5278 5533 2718
5278 5533 2718
5278 5533 2718
5278 5533 2718
5278 5533 2718
6530 9518 2718
6530 9518 2718
6530 9518 2718
6530 9518 2718
6530 9518 2718
6530 9518 2718
6530 9518 2718
6530 9518 2718
6530 9518 2718
6530 9518 2718
6530 9518 2718
6530 9518 2718
7917 6603 2718
7917 6603 2718
7917 6603 2718
7917 6603 2718
7917 6603 2718
7917 6603 2718
7917 6603 2718
7917 6603 2718
7917 6603 2718
7917 6603 2718
7917 6603 2718
7917 6603 2718
7917 6603 2718
7772 6538 2719
7772 6538 2719
7772 6538 2719
7772 6538 2719
7772 6538 2719
7772 6538 2719
7772 6538 2719
7772 6538 2719
7772 6538 2719
7772 6538 2719
7772 6538 2719
7772 6538 2719
7781 6002 2720
7781 6002 2720
7781 6002 2720
7781 6002 2720
7781 6002 2720
7781 6002 2720
7781 6002 2720
7781 6002 2720
7781 6002 2720
7781 6002 2720
7781 6002 2720
7781 6002 2720
7781 6002 2720
7718 7912 2721
7718 7912 2721
7718 7912 2721
7718 7912 2721
7718 7912 2721
7718 7912 2721
7718 7912 2721
7718 7912 2721
7718 7912 2721
7718 7912 2721
7718 7912 2721
7718 7912 2721
7718 7912 2721
6010 8462 2722
6010 8462 2722
6010 8462 2722
6010 8462 2722
6010 8462 2722
6010 8462 2722
6010 8462 2722
6010 8462 2722
6010 8462 2722
6010 8462 2722
6010 8462 2722
6010 8462 2722
6010 8462 2722
8458 6598 2722
8458 6598 2722
8458 6598 2722
8458 6598 2722
8458 6598 2722
8458 6598 2722
8458 6598 2722
8458 6598 2722
8458 6598 2722
8458 6598 2722
8458 6598 2722
8458 6598 2722
8771 9158 2723
8771 9158 2723
8771 9158 2723
8771 9158 2723
8771 9158 2723
8771 9158 2723
8771 9158 2723
8771 9158 2723
8771 9158 2723
8771 9158 2723
8771 9158 2723
8771 9158 2723
6042 6610 2724
6042 6610 2724
6042 6610 2724
6042 6610 2724
6042 6610 2724
6042 6610 2724
6042 6610 2724
6042 6610 2724
6042 6610 2724
6042 6610 2724
6042 6610 2724
6042 6610 2724
6042 6610 2724
7726 5996 2724
7726 5996 2724
7726 5996 2724
7726 5996 2724
7726 5996 2724
7726 5996 2724
7726 5996 2724
7726 5996 2724
7726 5996 2724
7726 5996 2724
7726 5996 2724
7726 5996 2724
7908 7968 2724
7908 7968 2724
7908 7968 2724
7908 7968 2724
7908 7968 2724
7908 7968 2724
7908 7968 2724
7908 7968 2724
7908 7968 2724
7908 7968 2724
7908 7968 2724
7908 7968 2724
5430 5285 2725
5430 5285 2725
5430 5285 2725
5430 5285 2725
5430 5285 2725
5430 5285 2725
5430 5285 2725
5430 5285 2725
5430 5285 2725
5430 5285 2725
5430 5285 2725
5430 5285 2725
9147 5252 2725
9147 5252 2725
9147 5252 2725
9147 5252 2725
9147 5252 2725
9147 5252 2725
9147 5252 2725
9147 5252 2725
9147 5252 2725
9147 5252 2725
9147 5252 2725
9147 5252 2725
9147 5252 2725
8438 6606 2725
8438 6606 2725
8438 6606 2725
8438 6606 2725
8438 6606 2725
8438 6606 2725
8438 6606 2725
8438 6606 2725
8438 6606 2725
8438 6606 2725
8438 6606 2725
8438 6606 2725
8438 6606 2725
6533 8677 2725
6533 8677 2725
6533 8677 2725
6533 8677 2725
6533 8677 2725
6533 8677 2725
6533 8677 2725
6533 8677 2725
6533 8677 2725
6533 8677 2725
6533 8677 2725
6533 8677 2725
6533 8677 2725
6409 6560 2727
6409 6560 2727
6409 6560 2727
6409 6560 2727
6409 6560 2727
6409 6560 2727
6409 6560 2727
6409 6560 2727
6409 6560 2727
6409 6560 2727
6409 6560 2727
6409 6560 2727
6409 6560 2727
6002 6546 2727
6002 6546 2727
6002 6546 2727
6002 6546 2727
6002 6546 2727
6002 6546 2727
6002 6546 2727
6002 6546 2727
6002 6546 2727
6002 6546 2727
6002 6546 2727
6002 6546 2727
6529 8704 2727
6529 8704 2727
6529 8704 2727
6529 8704 2727
6529 8704 2727
6529 8704 2727
6529 8704 2727
6529 8704 2727
6529 8704 2727
6529 8704 2727
6529 8704 2727
6529 8704 2727
5991 8443 2728
5991 8443 2728
5991 8443 2728
5991 8443 2728
5991 8443 2728
5991 8443 2728
5991 8443 2728
5991 8443 2728
5991 8443 2728
5991 8443 2728
5991 8443 2728
5991 8443 2728
6351 6306 2728
6351 6306 2728
6351 6306 2728
6351 6306 2728
6351 6306 2728
6351 6306 2728
6351 6306 2728
6351 6306 2728
6351 6306 2728
6351 6306 2728
6351 6306 2728
6351 6306 2728
9154 8706 2729
9154 8706 2729
9154 8706 2729
9154 8706 2729
9154 8706 2729
9154 8706 2729
9154 8706 2729
9154 8706 2729
9154 8706 2729
9154 8706 2729
9154 8706 2729
9154 8706 2729
8468 7779 2729
8468 7779 2729
8468 7779 2729
8468 7779 2729
8468 7779 2729
8468 7779 2729
8468 7779 2729
8468 7779 2729
8468 7779 2729
8468 7779 2729
8468 7779 2729
8468 7779 2729
8468 7779 2729
5993 7772 2729
5993 7772 2729
5993 7772 2729
5993 7772 2729
5993 7772 2729
5993 7772 2729
5993 7772 2729
5993 7772 2729
5993 7772 2729
5993 7772 2729
5993 7772 2729
5993 7772 2729
5993 7772 2729
6059 8464 2730
6059 8464 2730
6059 8464 2730
6059 8464 2730
6059 8464 2730
6059 8464 2730
6059 8464 2730
6059 8464 2730
6059 8464 2730
6059 8464 2730
6059 8464 2730
6059 8464 2730
6059 8464 2730
5410 8435 2730
5410 8435 2730
5410 8435 2730
5410 8435 2730
5410 8435 2730
5410 8435 2730
5410 8435 2730
5410 8435 2730
5410 8435 2730
5410 8435 2730
5410 8435 2730
5410 8435 2730
5390 5541 2730
5390 5541 2730
5390 5541 2730
5390 5541 2730
5390 5541 2730
5390 5541 2730
5390 5541 2730
5390 5541 2730
5390 5541 2730
5390 5541 2730
5390 5541 2730
5390 5541 2730
5390 5541 2730
5244 5375 2731
5244 5375 2731
5244 5375 2731
5244 5375 2731
5244 5375 2731
5244 5375 2731
5244 5375 2731
5244 5375 2731
5244 5375 2731
5244 5375 2731
5244 5375 2731
5244 5375 2731
5255 8446 2731
5255 8446 2731
5255 8446 2731
5255 8446 2731
5255 8446 2731
5255 8446 2731
5255 8446 2731
5255 8446 2731
5255 8446 2731
5255 8446 2731
5255 8446 2731
5255 8446 2731
6549 7696 2732
6549 7696 2732
6549 7696 2732
6549 7696 2732
6549 7696 2732
6549 7696 2732
6549 7696 2732
6549 7696 2732
6549 7696 2732
6549 7696 2732
6549 7696 2732
6549 7696 2732
6583 6555 2732
6583 6555 2732
6583 6555 2732
6583 6555 2732
6583 6555 2732
6583 6555 2732
6583 6555 2732
6583 6555 2732
6583 6555 2732
6583 6555 2732
6583 6555 2732
6583 6555 2732
6583 6555 2732
6533 7706 2733
6533 7706 2733
6533 7706 2733
6533 7706 2733
6533 7706 2733
6533 7706 2733
6533 7706 2733
6533 7706 2733
6533 7706 2733
6533 7706 2733
6533 7706 2733
6533 7706 2733
6533 7706 2733
5991 7714 2734
5991 7714 2734
5991 7714 2734
5991 7714 2734
5991 7714 2734
5991 7714 2734
5991 7714 2734
5991 7714 2734
5991 7714 2734
5991 7714 2734
5991 7714 2734
5991 7714 2734
5991 7714 2734
7688 6603 2734
7688 6603 2734
7688 6603 2734
7688 6603 2734
7688 6603 2734
7688 6603 2734
7688 6603 2734
7688 6603 2734
7688 6603 2734
7688 6603 2734
7688 6603 2734
7688 6603 2734
5357 8672 2734
5357 8672 2734
5357 8672 2734
5357 8672 2734
5357 8672 2734
5357 8672 2734
5357 8672 2734
5357 8672 2734
5357 8672 2734
5357 8672 2734
5357 8672 2734
5357 8672 2734
7676 7718 2734
7676 7718 2734
7676 7718 2734
7676 7718 2734
7676 7718 2734
7676 7718 2734
7676 7718 2734
7676 7718 2734
7676 7718 2734
7676 7718 2734
7676 7718 2734
7676 7718 2734
6557 8705 2734
6557 8705 2734
6557 8705 2734
6557 8705 2734
6557 8705 2734
6557 8705 2734
6557 8705 2734
6557 8705 2734
6557 8705 2734
6557 8705 2734
6557 8705 2734
6557 8705 2734
7942 7829 2734
7942 7829 2734
7942 7829 2734
7942 7829 2734
7942 7829 2734
7942 7829 2734
7942 7829 2734
7942 7829 2734
7942 7829 2734
7942 7829 2734
7942 7829 2734
7942 7829 2734
7942 7829 2734
6011 5550 2735
6011 5550 2735
6011 5550 2735
6011 5550 2735
6011 5550 2735
6011 5550 2735
6011 5550 2735
6011 5550 2735
6011 5550 2735
6011 5550 2735
6011 5550 2735
6011 5550 2735
6011 5550 2735
7711 7728 2736
7711 7728 2736
7711 7728 2736
7711 7728 2736
7711 7728 2736
7711 7728 2736
7711 7728 2736
7711 7728 2736
7711 7728 2736
7711 7728 2736
7711 7728 2736
7711 7728 2736
7711 7728 2736
5374 9145 2736
5374 9145 2736
5374 9145 2736
5374 9145 2736
5374 9145 2736
5374 9145 2736
5374 9145 2736
5374 9145 2736
5374 9145 2736
5374 9145 2736
5374 9145 2736
5374 9145 2736
5374 9145 2736
7684 7672 2736
7684 7672 2736
7684 7672 2736
7684 7672 2736
7684 7672 2736
7684 7672 2736
7684 7672 2736
7684 7672 2736
7684 7672 2736
7684 7672 2736
7684 7672 2736
7684 7672 2736
7684 7672 2736
6561 8705 2736
6561 8705 2736
6561 8705 2736
6561 8705 2736
6561 8705 2736
6561 8705 2736
6561 8705 2736
6561 8705 2736
6561 8705 2736
6561 8705 2736
6561 8705 2736
6561 8705 2736
6561 8705 2736
7711 7691 2736
7711 7691 2736
7711 7691 2736
7711 7691 2736
7711 7691 2736
7711 7691 2736
7711 7691 2736
7711 7691 2736
7711 7691 2736
7711 7691 2736
7711 7691 2736
7711 7691 2736
5267 5275 2736
5267 5275 2736
5267 5275 2736
5267 5275 2736
5267 5275 2736
5267 5275 2736
5267 5275 2736
5267 5275 2736
5267 5275 2736
5267 5275 2736
5267 5275 2736
5267 5275 2736
6594 6592 2737
6594 6592 2737
6594 6592 2737
6594 6592 2737
6594 6592 2737
6594 6592 2737
6594 6592 2737
6594 6592 2737
6594 6592 2737
6594 6592 2737
6594 6592 2737
6594 6592 2737
5283 5291 2737
5283 5291 2737
5283 5291 2737
5283 5291 2737
5283 5291 2737
5283 5291 2737
5283 5291 2737
5283 5291 2737
5283 5291 2737
5283 5291 2737
5283 5291 2737
5283 5291 2737
5283 5291 2737
5280 9145 2737
5280 9145 2737
5280 9145 2737
5280 9145 2737
5280 9145 2737
5280 9145 2737
5280 9145 2737
5280 9145 2737
5280 9145 2737
5280 9145 2737
5280 9145 2737
5280 9145 2737
5280 9145 2737
5362 5413 2737
5362 5413 2737
5362 5413 2737
5362 5413 2737
5362 5413 2737
5362 5413 2737
5362 5413 2737
5362 5413 2737
5362 5413 2737
5362 5413 2737
5362 5413 2737
5362 5413 2737
6602 5256 2737
6602 5256 2737
6602 5256 2737
6602 5256 2737
6602 5256 2737
6602 5256 2737
6602 5256 2737
6602 5256 2737
6602 5256 2737
6602 5256 2737
6602 5256 2737
6602 5256 2737
7787 7719 2737
7787 7719 2737
7787 7719 2737
7787 7719 2737
7787 7719 2737
7787 7719 2737
7787 7719 2737
7787 7719 2737
7787 7719 2737
7787 7719 2737
7787 7719 2737
7787 7719 2737
5359 5412 2737
5359 5412 2737
5359 5412 2737
5359 5412 2737
5359 5412 2737
5359 5412 2737
5359 5412 2737
5359 5412 2737
5359 5412 2737
5359 5412 2737
5359 5412 2737
5359 5412 2737
7686 7716 2739
7686 7716 2739
7686 7716 2739
7686 7716 2739
7686 7716 2739
7686 7716 2739
7686 7716 2739
7686 7716 2739
7686 7716 2739
7686 7716 2739
7686 7716 2739
7686 7716 2739
7686 7716 2739
6351 6454 2740
6351 6454 2740
6351 6454 2740
6351 6454 2740
6351 6454 2740
6351 6454 2740
6351 6454 2740
6351 6454 2740
6351 6454 2740
6351 6454 2740
6351 6454 2740
6351 6454 2740
6351 6454 2740
7696 6602 2741
7696 6602 2741
7696 6602 2741
7696 6602 2741
7696 6602 2741
7696 6602 2741
7696 6602 2741
7696 6602 2741
7696 6602 2741
7696 6602 2741
7696 6602 2741
7696 6602 2741
7947 7887 2741
7947 7887 2741
7947 7887 2741
7947 7887 2741
7947 7887 2741
7947 7887 2741
7947 7887 2741
7947 7887 2741
7947 7887 2741
7947 7887 2741
7947 7887 2741
7947 7887 2741
6529 6535 2741
6529 6535 2741
6529 6535 2741
6529 6535 2741
6529 6535 2741
6529 6535 2741
6529 6535 2741
6529 6535 2741
6529 6535 2741
6529 6535 2741
6529 6535 2741
6529 6535 2741
6529 6535 2741
7963 7728 2743
7963 7728 2743
7963 7728 2743
7963 7728 2743
7963 7728 2743
7963 7728 2743
7963 7728 2743
7963 7728 2743
7963 7728 2743
7963 7728 2743
7963 7728 2743
7963 7728 2743
7963 7728 2743
8431 5285 2743
8431 5285 2743
8431 5285 2743
8431 5285 2743
8431 5285 2743
8431 5285 2743
8431 5285 2743
8431 5285 2743
8431 5285 2743
8431 5285 2743
8431 5285 2743
8431 5285 2743
8431 5285 2743
5398 8432 2743
5398 8432 2743
5398 8432 2743
5398 8432 2743
5398 8432 2743
5398 8432 2743
5398 8432 2743
5398 8432 2743
5398 8432 2743
5398 8432 2743
5398 8432 2743
5398 8432 2743
8436 5403 2743
8436 5403 2743
8436 5403 2743
8436 5403 2743
8436 5403 2743
8436 5403 2743
8436 5403 2743
8436 5403 2743
8436 5403 2743
8436 5403 2743
8436 5403 2743
8436 5403 2743
8436 5403 2743
7913 7686 2744
7913 7686 2744
7913 7686 2744
7913 7686 2744
7913 7686 2744
7913 7686 2744
7913 7686 2744
7913 7686 2744
7913 7686 2744
7913 7686 2744
7913 7686 2744
7913 7686 2744
7913 7686 2744
6579 8438 2745
6579 8438 2745
6579 8438 2745
6579 8438 2745
6579 8438 2745
6579 8438 2745
6579 8438 2745
6579 8438 2745
6579 8438 2745
6579 8438 2745
6579 8438 2745
6579 8438 2745
6509 6596 2746
6509 6596 2746
6509 6596 2746
6509 6596 2746
6509 6596 2746
6509 6596 2746
6509 6596 2746
6509 6596 2746
6509 6596 2746
6509 6596 2746
6509 6596 2746
6509 6596 2746
6509 6596 2746
5388 8440 2746
5388 8440 2746
5388 8440 2746
5388 8440 2746
5388 8440 2746
5388 8440 2746
5388 8440 2746
5388 8440 2746
5388 8440 2746
5388 8440 2746
5388 8440 2746
5388 8440 2746
6582 6612 2746
6582 6612 2746
6582 6612 2746
6582 6612 2746
6582 6612 2746
6582 6612 2746
6582 6612 2746
6582 6612 2746
6582 6612 2746
6582 6612 2746
6582 6612 2746
6582 6612 2746
6582 6612 2746
7675 6572 2746
7675 6572 2746
7675 6572 2746
7675 6572 2746
7675 6572 2746
7675 6572 2746
7675 6572 2746
7675 6572 2746
7675 6572 2746
7675 6572 2746
7675 6572 2746
7675 6572 2746
7675 6572 2746
6606 5378 2746
6606 5378 2746
6606 5378 2746
6606 5378 2746
6606 5378 2746
6606 5378 2746
6606 5378 2746
6606 5378 2746
6606 5378 2746
6606 5378 2746
6606 5378 2746
6606 5378 2746
5360 8449 2746
5360 8449 2746
5360 8449 2746
5360 8449 2746
5360 8449 2746
5360 8449 2746
5360 8449 2746
5360 8449 2746
5360 8449 2746
5360 8449 2746
5360 8449 2746
5360 8449 2746
5360 8449 2746
5265 5310 2746
5265 5310 2746
5265 5310 2746
5265 5310 2746
5265 5310 2746
5265 5310 2746
5265 5310 2746
5265 5310 2746
5265 5310 2746
5265 5310 2746
5265 5310 2746
5265 5310 2746
5265 5310 2746
8432 6565 2747
8432 6565 2747
8432 6565 2747
8432 6565 2747
8432 6565 2747
8432 6565 2747
8432 6565 2747
8432 6565 2747
8432 6565 2747
8432 6565 2747
8432 6565 2747
8432 6565 2747
9159 5275 2748
9159 5275 2748
9159 5275 2748
9159 5275 2748
9159 5275 2748
9159 5275 2748
9159 5275 2748
9159 5275 2748
9159 5275 2748
9159 5275 2748
9159 5275 2748
9159 5275 2748
9159 5275 2748
7742 7967 2748
7742 7967 2748
7742 7967 2748
7742 7967 2748
7742 7967 2748
7742 7967 2748
7742 7967 2748
7742 7967 2748
7742 7967 2748
7742 7967 2748
7742 7967 2748
7742 7967 2748
7718 7746 2749
7718 7746 2749
7718 7746 2749
7718 7746 2749
7718 7746 2749
7718 7746 2749
7718 7746 2749
7718 7746 2749
7718 7746 2749
7718 7746 2749
7718 7746 2749
7718 7746 2749
7718 7746 2749
6380 5258 2749
6380 5258 2749
6380 5258 2749
6380 5258 2749
6380 5258 2749
6380 5258 2749
6380 5258 2749
6380 5258 2749
6380 5258 2749
6380 5258 2749
6380 5258 2749
6380 5258 2749
6380 5258 2749
6450 7634 2749
6450 7634 2749
6450 7634 2749
6450 7634 2749
6450 7634 2749
6450 7634 2749
6450 7634 2749
6450 7634 2749
6450 7634 2749
6450 7634 2749
6450 7634 2749
6450 7634 2749
8669 5256 2750
8669 5256 2750
8669 5256 2750
8669 5256 2750
8669 5256 2750
8669 5256 2750
8669 5256 2750
8669 5256 2750
8669 5256 2750
8669 5256 2750
8669 5256 2750
8669 5256 2750
7834 7819 2750
7834 7819 2750
7834 7819 2750
7834 7819 2750
7834 7819 2750
7834 7819 2750
7834 7819 2750
7834 7819 2750
7834 7819 2750
7834 7819 2750
7834 7819 2750
7834 7819 2750
7834 7819 2750
7924 7784 2750
7924 7784 2750
7924 7784 2750
7924 7784 2750
7924 7784 2750
7924 7784 2750
7924 7784 2750
7924 7784 2750
7924 7784 2750
7924 7784 2750
7924 7784 2750
7924 7784 2750
8435 6406 2750
8435 6406 2750
8435 6406 2750
8435 6406 2750
8435 6406 2750
8435 6406 2750
8435 6406 2750
8435 6406 2750
8435 6406 2750
8435 6406 2750
8435 6406 2750
8435 6406 2750
8435 6406 2750
8476 7698 2750
8476 7698 2750
8476 7698 2750
8476 7698 2750
8476 7698 2750
8476 7698 2750
8476 7698 2750
8476 7698 2750
8476 7698 2750
8476 7698 2750
8476 7698 2750
8476 7698 2750
8476 7698 2750
6003 5380 2751
6003 5380 2751
6003 5380 2751
6003 5380 2751
6003 5380 2751
6003 5380 2751
6003 5380 2751
6003 5380 2751
6003 5380 2751
6003 5380 2751
6003 5380 2751
6003 5380 2751
6551 6536 2753
6551 6536 2753
6551 6536 2753
6551 6536 2753
6551 6536 2753
6551 6536 2753
6551 6536 2753
6551 6536 2753
6551 6536 2753
6551 6536 2753
6551 6536 2753
6551 6536 2753
6556 8437 2753
6556 8437 2753
6556 8437 2753
6556 8437 2753
6556 8437 2753
6556 8437 2753
6556 8437 2753
6556 8437 2753
6556 8437 2753
6556 8437 2753
6556 8437 2753
6556 8437 2753
6556 8437 2753
7807 7684 2753
7807 7684 2753
7807 7684 2753
7807 7684 2753
7807 7684 2753
7807 7684 2753
7807 7684 2753
7807 7684 2753
7807 7684 2753
7807 7684 2753
7807 7684 2753
7807 7684 2753
7774 6596 2753
7774 6596 2753
7774 6596 2753
7774 6596 2753
7774 6596 2753
7774 6596 2753
7774 6596 2753
7774 6596 2753
7774 6596 2753
7774 6596 2753
7774 6596 2753
7774 6596 2753
5261 5454 2754
5261 5454 2754
5261 5454 2754
5261 5454 2754
5261 5454 2754
5261 5454 2754
5261 5454 2754
5261 5454 2754
5261 5454 2754
5261 5454 2754
5261 5454 2754
5261 5454 2754
7678 7731 2756
7678 7731 2756
7678 7731 2756
7678 7731 2756
7678 7731 2756
7678 7731 2756
7678 7731 2756
7678 7731 2756
7678 7731 2756
7678 7731 2756
7678 7731 2756
7678 7731 2756
7678 7731 2756
7769 6573 2757
7769 6573 2757
7769 6573 2757
7769 6573 2757
7769 6573 2757
7769 6573 2757
7769 6573 2757
7769 6573 2757
7769 6573 2757
7769 6573 2757
7769 6573 2757
7769 6573 2757
6541 9528 2757
6541 9528 2757
6541 9528 2757
6541 9528 2757
6541 9528 2757
6541 9528 2757
6541 9528 2757
6541 9528 2757
6541 9528 2757
6541 9528 2757
6541 9528 2757
6541 9528 2757
6541 9528 2757
5358 5415 2758
5358 5415 2758
5358 5415 2758
5358 5415 2758
5358 5415 2758
5358 5415 2758
5358 5415 2758
5358 5415 2758
5358 5415 2758
5358 5415 2758
5358 5415 2758
5358 5415 2758
5358 5415 2758
5374 5363 2758
5374 5363 2758
5374 5363 2758
5374 5363 2758
5374 5363 2758
5374 5363 2758
5374 5363 2758
5374 5363 2758
5374 5363 2758
5374 5363 2758
5374 5363 2758
5374 5363 2758
6032 6037 2758
6032 6037 2758
6032 6037 2758
6032 6037 2758
6032 6037 2758
6032 6037 2758
6032 6037 2758
6032 6037 2758
6032 6037 2758
6032 6037 2758
6032 6037 2758
6032 6037 2758
6032 6037 2758
7744 7690 2759
7744 7690 2759
7744 7690 2759
7744 7690 2759
7744 7690 2759
7744 7690 2759
7744 7690 2759
7744 7690 2759
7744 7690 2759
7744 7690 2759
7744 7690 2759
7744 7690 2759
7674 7633 2759
7674 7633 2759
7674 7633 2759
7674 7633 2759
7674 7633 2759
7674 7633 2759
7674 7633 2759
7674 7633 2759
7674 7633 2759
7674 7633 2759
7674 7633 2759
7674 7633 2759
5398 5309 2760
5398 5309 2760
5398 5309 2760
5398 5309 2760
5398 5309 2760
5398 5309 2760
5398 5309 2760
5398 5309 2760
5398 5309 2760
5398 5309 2760
5398 5309 2760
5398 5309 2760
5243 6554 2760
5243 6554 2760
5243 6554 2760
5243 6554 2760
5243 6554 2760
5243 6554 2760
5243 6554 2760
5243 6554 2760
5243 6554 2760
5243 6554 2760
5243 6554 2760
5243 6554 2760
8436 8678 2761
8436 8678 2761
8436 8678 2761
8436 8678 2761
8436 8678 2761
8436 8678 2761
8436 8678 2761
8436 8678 2761
8436 8678 2761
8436 8678 2761
8436 8678 2761
8436 8678 2761
7835 7939 2761
7835 7939 2761
7835 7939 2761
7835 7939 2761
7835 7939 2761
7835 7939 2761
7835 7939 2761
7835 7939 2761
7835 7939 2761
7835 7939 2761
7835 7939 2761
7835 7939 2761
6499 6520 2762
6499 6520 2762
6499 6520 2762
6499 6520 2762
6499 6520 2762
6499 6520 2762
6499 6520 2762
6499 6520 2762
6499 6520 2762
6499 6520 2762
6499 6520 2762
6499 6520 2762
6499 6520 2762
6552 6537 2762
6552 6537 2762
6552 6537 2762
6552 6537 2762
6552 6537 2762
6552 6537 2762
6552 6537 2762
6552 6537 2762
6552 6537 2762
6552 6537 2762
6552 6537 2762
6552 6537 2762
8704 8438 2762
8704 8438 2762
8704 8438 2762
8704 8438 2762
8704 8438 2762
8704 8438 2762
8704 8438 2762
8704 8438 2762
8704 8438 2762
8704 8438 2762
8704 8438 2762
8704 8438 2762
6378 6460 2762
6378 6460 2762
6378 6460 2762
6378 6460 2762
6378 6460 2762
6378 6460 2762
6378 6460 2762
6378 6460 2762
6378 6460 2762
6378 6460 2762
6378 6460 2762
6378 6460 2762
5355 6590 2764
5355 6590 2764
5355 6590 2764
5355 6590 2764
5355 6590 2764
5355 6590 2764
5355 6590 2764
5355 6590 2764
5355 6590 2764
5355 6590 2764
5355 6590 2764
5355 6590 2764
5355 6590 2764
5402 8451 2764
5402 8451 2764
5402 8451 2764
5402 8451 2764
5402 8451 2764
5402 8451 2764
5402 8451 2764
5402 8451 2764
5402 8451 2764
5402 8451 2764
5402 8451 2764
5402 8451 2764
5402 8451 2764
9692 6553 2765
9692 6553 2765
9692 6553 2765
9692 6553 2765
9692 6553 2765
9692 6553 2765
9692 6553 2765
9692 6553 2765
9692 6553 2765
9692 6553 2765
9692 6553 2765
9692 6553 2765
5254 8675 2765
5254 8675 2765
5254 8675 2765
5254 8675 2765
5254 8675 2765
5254 8675 2765
5254 8675 2765
5254 8675 2765
5254 8675 2765
5254 8675 2765
5254 8675 2765
5254 8675 2765
5254 8675 2765
6542 6510 2766
6542 6510 2766
6542 6510 2766
6542 6510 2766
6542 6510 2766
6542 6510 2766
6542 6510 2766
6542 6510 2766
6542 6510 2766
6542 6510 2766
6542 6510 2766
6542 6510 2766
8464 6592 2767
8464 6592 2767
8464 6592 2767
8464 6592 2767
8464 6592 2767
8464 6592 2767
8464 6592 2767
8464 6592 2767
8464 6592 2767
8464 6592 2767
8464 6592 2767
8464 6592 2767
8464 6592 2767
5294 5401 2767
5294 5401 2767
5294 5401 2767
5294 5401 2767
5294 5401 2767
5294 5401 2767
5294 5401 2767
5294 5401 2767
5294 5401 2767
5294 5401 2767
5294 5401 2767
5294 5401 2767
5294 5401 2767
7927 8472 2768
7927 8472 2768
7927 8472 2768
7927 8472 2768
7927 8472 2768
7927 8472 2768
7927 8472 2768
7927 8472 2768
7927 8472 2768
7927 8472 2768
7927 8472 2768
7927 8472 2768
7927 8472 2768
7744 7768 2768
7744 7768 2768
7744 7768 2768
7744 7768 2768
7744 7768 2768
7744 7768 2768
7744 7768 2768
7744 7768 2768
7744 7768 2768
7744 7768 2768
7744 7768 2768
7744 7768 2768
8450 6345 2768
8450 6345 2768
8450 6345 2768
8450 6345 2768
8450 6345 2768
8450 6345 2768
8450 6345 2768
8450 6345 2768
8450 6345 2768
8450 6345 2768
8450 6345 2768
8450 6345 2768
8450 6345 2768
8465 5423 2768
8465 5423 2768
8465 5423 2768
8465 5423 2768
8465 5423 2768
8465 5423 2768
8465 5423 2768
8465 5423 2768
8465 5423 2768
8465 5423 2768
8465 5423 2768
8465 5423 2768
7887 7907 2769
7887 7907 2769
7887 7907 2769
7887 7907 2769
7887 7907 2769
7887 7907 2769
7887 7907 2769
7887 7907 2769
7887 7907 2769
7887 7907 2769
7887 7907 2769
7887 7907 2769
7887 7907 2769
7704 7938 2769
7704 7938 2769
7704 7938 2769
7704 7938 2769
7704 7938 2769
7704 7938 2769
7704 7938 2769
7704 7938 2769
7704 7938 2769
7704 7938 2769
7704 7938 2769
7704 7938 2769
7704 7938 2769
6449 6382 2769
6449 6382 2769
6449 6382 2769
6449 6382 2769
6449 6382 2769
6449 6382 2769
6449 6382 2769
6449 6382 2769
6449 6382 2769
6449 6382 2769
6449 6382 2769
6449 6382 2769
6378 8444 2770
6378 8444 2770
6378 8444 2770
6378 8444 2770
6378 8444 2770
6378 8444 2770
6378 8444 2770
6378 8444 2770
6378 8444 2770
6378 8444 2770
6378 8444 2770
6378 8444 2770
6537 8677 2771
6537 8677 2771
6537 8677 2771
6537 8677 2771
6537 8677 2771
6537 8677 2771
6537 8677 2771
6537 8677 2771
6537 8677 2771
6537 8677 2771
6537 8677 2771
6537 8677 2771
6537 8677 2771
6595 7740 2772
6595 7740 2772
6595 7740 2772
6595 7740 2772
6595 7740 2772
6595 7740 2772
6595 7740 2772
6595 7740 2772
6595 7740 2772
6595 7740 2772
6595 7740 2772
6595 7740 2772
6595 7740 2772
8447 5266 2772
8447 5266 2772
8447 5266 2772
8447 5266 2772
8447 5266 2772
8447 5266 2772
8447 5266 2772
8447 5266 2772
8447 5266 2772
8447 5266 2772
8447 5266 2772
8447 5266 2772
6563 8437 2772
6563 8437 2772
6563 8437 2772
6563 8437 2772
6563 8437 2772
6563 8437 2772
6563 8437 2772
6563 8437 2772
6563 8437 2772
6563 8437 2772
6563 8437 2772
6563 8437 2772
6563 8437 2772
5264 5390 2772
5264 5390 2772
5264 5390 2772
5264 5390 2772
5264 5390 2772
5264 5390 2772
5264 5390 2772
5264 5390 2772
5264 5390 2772
5264 5390 2772
5264 5390 2772
5264 5390 2772
5264 5390 2772
5263 8431 2773
5263 8431 2773
5263 8431 2773
5263 8431 2773
5263 8431 2773
5263 8431 2773
5263 8431 2773
5263 8431 2773
5263 8431 2773
5263 8431 2773
5263 8431 2773
5263 8431 2773
5263 8431 2773
7786 7934 2773
7786 7934 2773
7786 7934 2773
7786 7934 2773
7786 7934 2773
7786 7934 2773
7786 7934 2773
7786 7934 2773
7786 7934 2773
7786 7934 2773
7786 7934 2773
7786 7934 2773
5277 6555 2774
5277 6555 2774
5277 6555 2774
5277 6555 2774
5277 6555 2774
5277 6555 2774
5277 6555 2774
5277 6555 2774
5277 6555 2774
5277 6555 2774
5277 6555 2774
5277 6555 2774
7709 7690 2774
7709 7690 2774
7709 7690 2774
7709 7690 2774
7709 7690 2774
7709 7690 2774
7709 7690 2774
7709 7690 2774
7709 7690 2774
7709 7690 2774
7709 7690 2774
7709 7690 2774
7759 5925 2774
7759 5925 2774
7759 5925 2774
7759 5925 2774
7759 5925 2774
7759 5925 2774
7759 5925 2774
7759 5925 2774
7759 5925 2774
7759 5925 2774
7759 5925 2774
7759 5925 2774
7759 5925 2774
8435 9523 2774
8435 9523 2774
8435 9523 2774
8435 9523 2774
8435 9523 2774
8435 9523 2774
8435 9523 2774
8435 9523 2774
8435 9523 2774
8435 9523 2774
8435 9523 2774
8435 9523 2774
8435 9523 2774
6555 8474 2774
6555 8474 2774
6555 8474 2774
6555 8474 2774
6555 8474 2774
6555 8474 2774
6555 8474 2774
6555 8474 2774
6555 8474 2774
6555 8474 2774
6555 8474 2774
6555 8474 2774
6555 8474 2774
8444 5433 2774
8444 5433 2774
8444 5433 2774
8444 5433 2774
8444 5433 2774
8444 5433 2774
8444 5433 2774
8444 5433 2774
8444 5433 2774
8444 5433 2774
8444 5433 2774
8444 5433 2774
8449 6536 2776
8449 6536 2776
8449 6536 2776
8449 6536 2776
8449 6536 2776
8449 6536 2776
8449 6536 2776
8449 6536 2776
8449 6536 2776
8449 6536 2776
8449 6536 2776
8449 6536 2776
8449 6536 2776
5994 5391 2776
5994 5391 2776
5994 5391 2776
5994 5391 2776
5994 5391 2776
5994 5391 2776
5994 5391 2776
5994 5391 2776
5994 5391 2776
5994 5391 2776
5994 5391 2776
5994 5391 2776
8436 5290 2777
8436 5290 2777
8436 5290 2777
8436 5290 2777
8436 5290 2777
8436 5290 2777
8436 5290 2777
8436 5290 2777
8436 5290 2777
8436 5290 2777
8436 5290 2777
8436 5290 2777
5992 5381 2777
5992 5381 2777
5992 5381 2777
5992 5381 2777
5992 5381 2777
5992 5381 2777
5992 5381 2777
5992 5381 2777
5992 5381 2777
5992 5381 2777
5992 5381 2777
5992 5381 2777
5550 5425 2777
5550 5425 2777
5550 5425 2777
5550 5425 2777
5550 5425 2777
5550 5425 2777
5550 5425 2777
5550 5425 2777
5550 5425 2777
5550 5425 2777
5550 5425 2777
5550 5425 2777
6572 8468 2777
6572 8468 2777
6572 8468 2777
6572 8468 2777
6572 8468 2777
6572 8468 2777
6572 8468 2777
6572 8468 2777
6572 8468 2777
6572 8468 2777
6572 8468 2777
6572 8468 2777
8465 5360 2777
8465 5360 2777
8465 5360 2777
8465 5360 2777
8465 5360 2777
8465 5360 2777
8465 5360 2777
8465 5360 2777
8465 5360 2777
8465 5360 2777
8465 5360 2777
8465 5360 2777
7754 5395 2778
7754 5395 2778
7754 5395 2778
7754 5395 2778
7754 5395 2778
7754 5395 2778
7754 5395 2778
7754 5395 2778
7754 5395 2778
7754 5395 2778
7754 5395 2778
7754 5395 2778
7754 5395 2778
8432 5414 2778
8432 5414 2778
8432 5414 2778
8432 5414 2778
8432 5414 2778
8432 5414 2778
8432 5414 2778
8432 5414 2778
8432 5414 2778
8432 5414 2778
8432 5414 2778
8432 5414 2778
7740 7712 2778
7740 7712 2778
7740 7712 2778
7740 7712 2778
7740 7712 2778
7740 7712 2778
7740 7712 2778
7740 7712 2778
7740 7712 2778
7740 7712 2778
7740 7712 2778
7740 7712 2778
5257 6606 2778
5257 6606 2778
5257 6606 2778
5257 6606 2778
5257 6606 2778
5257 6606 2778
5257 6606 2778
5257 6606 2778
5257 6606 2778
5257 6606 2778
5257 6606 2778
5257 6606 2778
5434 5282 2779
5434 5282 2779
5434 5282 2779
5434 5282 2779
5434 5282 2779
5434 5282 2779
5434 5282 2779
5434 5282 2779
5434 5282 2779
5434 5282 2779
5434 5282 2779
5434 5282 2779
5434 5282 2779
6044 5445 2780
6044 5445 2780
6044 5445 2780
6044 5445 2780
6044 5445 2780
6044 5445 2780
6044 5445 2780
6044 5445 2780
6044 5445 2780
6044 5445 2780
6044 5445 2780
6044 5445 2780
6488 7687 2780
6488 7687 2780
6488 7687 2780
6488 7687 2780
6488 7687 2780
6488 7687 2780
6488 7687 2780
6488 7687 2780
6488 7687 2780
6488 7687 2780
6488 7687 2780
6488 7687 2780
6488 7687 2780
8451 7728 2781
8451 7728 2781
8451 7728 2781
8451 7728 2781
8451 7728 2781
8451 7728 2781
8451 7728 2781
8451 7728 2781
8451 7728 2781
8451 7728 2781
8451 7728 2781
8451 7728 2781
9158 5253 2781
9158 5253 2781
9158 5253 2781
9158 5253 2781
9158 5253 2781
9158 5253 2781
9158 5253 2781
9158 5253 2781
9158 5253 2781
9158 5253 2781
9158 5253 2781
9158 5253 2781
9158 5253 2781
6608 5988 2781
6608 5988 2781
6608 5988 2781
6608 5988 2781
6608 5988 2781
6608 5988 2781
6608 5988 2781
6608 5988 2781
6608 5988 2781
6608 5988 2781
6608 5988 2781
6608 5988 2781
6608 5988 2781
7733 7681 2781
7733 7681 2781
7733 7681 2781
7733 7681 2781
7733 7681 2781
7733 7681 2781
7733 7681 2781
7733 7681 2781
7733 7681 2781
7733 7681 2781
7733 7681 2781
7733 7681 2781
7733 7681 2781
6585 6576 2782
6585 6576 2782
6585 6576 2782
6585 6576 2782
6585 6576 2782
6585 6576 2782
6585 6576 2782
6585 6576 2782
6585 6576 2782
6585 6576 2782
6585 6576 2782
6585 6576 2782
5358 5377 2783
5358 5377 2783
5358 5377 2783
5358 5377 2783
5358 5377 2783
5358 5377 2783
5358 5377 2783
5358 5377 2783
5358 5377 2783
5358 5377 2783
5358 5377 2783
5358 5377 2783
6348 6460 2783
6348 6460 2783
6348 6460 2783
6348 6460 2783
6348 6460 2783
6348 6460 2783
6348 6460 2783
6348 6460 2783
6348 6460 2783
6348 6460 2783
6348 6460 2783
6348 6460 2783
5425 5388 2783
5425 5388 2783
5425 5388 2783
5425 5388 2783
5425 5388 2783
5425 5388 2783
5425 5388 2783
5425 5388 2783
5425 5388 2783
5425 5388 2783
5425 5388 2783
5425 5388 2783
6542 6606 2783
6542 6606 2783
6542 6606 2783
6542 6606 2783
6542 6606 2783
6542 6606 2783
6542 6606 2783
6542 6606 2783
6542 6606 2783
6542 6606 2783
6542 6606 2783
6542 6606 2783
5301 5254 2785
5301 5254 2785
5301 5254 2785
5301 5254 2785
5301 5254 2785
5301 5254 2785
5301 5254 2785
5301 5254 2785
5301 5254 2785
5301 5254 2785
5301 5254 2785
5301 5254 2785
7703 7923 2785
7703 7923 2785
7703 7923 2785
7703 7923 2785
7703 7923 2785
7703 7923 2785
7703 7923 2785
7703 7923 2785
7703 7923 2785
7703 7923 2785
7703 7923 2785
7703 7923 2785
7703 7923 2785
7707 7816 2785
7707 7816 2785
7707 7816 2785
7707 7816 2785
7707 7816 2785
7707 7816 2785
7707 7816 2785
7707 7816 2785
7707 7816 2785
7707 7816 2785
7707 7816 2785
7707 7816 2785
7707 7816 2785
5386 7754 2785
5386 7754 2785
5386 7754 2785
5386 7754 2785
5386 7754 2785
5386 7754 2785
5386 7754 2785
5386 7754 2785
5386 7754 2785
5386 7754 2785
5386 7754 2785
5386 7754 2785
7919 7737 2786
7919 7737 2786
7919 7737 2786
7919 7737 2786
7919 7737 2786
7919 7737 2786
7919 7737 2786
7919 7737 2786
7919 7737 2786
7919 7737 2786
7919 7737 2786
7919 7737 2786
7919 7737 2786
6593 7685 2786
6593 7685 2786
6593 7685 2786
6593 7685 2786
6593 7685 2786
6593 7685 2786
6593 7685 2786
6593 7685 2786
6593 7685 2786
6593 7685 2786
6593 7685 2786
6593 7685 2786
7700 7668 2786
7700 7668 2786
7700 7668 2786
7700 7668 2786
7700 7668 2786
7700 7668 2786
7700 7668 2786
7700 7668 2786
7700 7668 2786
7700 7668 2786
7700 7668 2786
7700 7668 2786
7708 6544 2787
7708 6544 2787
7708 6544 2787
7708 6544 2787
7708 6544 2787
7708 6544 2787
7708 6544 2787
7708 6544 2787
7708 6544 2787
7708 6544 2787
7708 6544 2787
7708 6544 2787
7708 6544 2787
6496 6461 2788
6496 6461 2788
6496 6461 2788
6496 6461 2788
6496 6461 2788
6496 6461 2788
6496 6461 2788
6496 6461 2788
6496 6461 2788
6496 6461 2788
6496 6461 2788
6496 6461 2788
6496 6461 2788
5285 8762 2788
5285 8762 2788
5285 8762 2788
5285 8762 2788
5285 8762 2788
5285 8762 2788
5285 8762 2788
5285 8762 2788
5285 8762 2788
5285 8762 2788
5285 8762 2788
5285 8762 2788
5285 8762 2788
5279 9148 2788
5279 9148 2788
5279 9148 2788
5279 9148 2788
5279 9148 2788
5279 9148 2788
5279 9148 2788
5279 9148 2788
5279 9148 2788
5279 9148 2788
5279 9148 2788
5279 9148 2788
5279 9148 2788
7922 7727 2788
7922 7727 2788
7922 7727 2788
7922 7727 2788
7922 7727 2788
7922 7727 2788
7922 7727 2788
7922 7727 2788
7922 7727 2788
7922 7727 2788
7922 7727 2788
7922 7727 2788
7971 7807 2788
7971 7807 2788
7971 7807 2788
7971 7807 2788
7971 7807 2788
7971 7807 2788
7971 7807 2788
7971 7807 2788
7971 7807 2788
7971 7807 2788
7971 7807 2788
7971 7807 2788
7690 6515 2789
7690 6515 2789
7690 6515 2789
7690 6515 2789
7690 6515 2789
7690 6515 2789
7690 6515 2789
7690 6515 2789
7690 6515 2789
7690 6515 2789
7690 6515 2789
7690 6515 2789
7690 6515 2789
5415 5990 2789
5415 5990 2789
5415 5990 2789
5415 5990 2789
5415 5990 2789
5415 5990 2789
5415 5990 2789
5415 5990 2789
5415 5990 2789
5415 5990 2789
5415 5990 2789
5415 5990 2789
6344 5985 2790
6344 5985 2790
6344 5985 2790
6344 5985 2790
6344 5985 2790
6344 5985 2790
6344 5985 2790
6344 5985 2790
6344 5985 2790
6344 5985 2790
6344 5985 2790
6344 5985 2790
7691 6555 2790
7691 6555 2790
7691 6555 2790
7691 6555 2790
7691 6555 2790
7691 6555 2790
7691 6555 2790
7691 6555 2790
7691 6555 2790
7691 6555 2790
7691 6555 2790
7691 6555 2790
7691 6555 2790
8768 5269 2790
8768 5269 2790
8768 5269 2790
8768 5269 2790
8768 5269 2790
8768 5269 2790
8768 5269 2790
8768 5269 2790
8768 5269 2790
8768 5269 2790
8768 5269 2790
8768 5269 2790
8768 5269 2790
5994 8436 2791
5994 8436 2791
5994 8436 2791
5994 8436 2791
5994 8436 2791
5994 8436 2791
5994 8436 2791
5994 8436 2791
5994 8436 2791
5994 8436 2791
5994 8436 2791
5994 8436 2791
5994 8436 2791
5254 5987 2793
5254 5987 2793
5254 5987 2793
5254 5987 2793
5254 5987 2793
5254 5987 2793
5254 5987 2793
5254 5987 2793
5254 5987 2793
5254 5987 2793
5254 5987 2793
5254 5987 2793
7731 7939 2793
7731 7939 2793
7731 7939 2793
7731 7939 2793
7731 7939 2793
7731 7939 2793
7731 7939 2793
7731 7939 2793
7731 7939 2793
7731 7939 2793
7731 7939 2793
7731 7939 2793
7780 7691 2794
7780 7691 2794
7780 7691 2794
7780 7691 2794
7780 7691 2794
7780 7691 2794
7780 7691 2794
7780 7691 2794
7780 7691 2794
7780 7691 2794
7780 7691 2794
7780 7691 2794
7725 6574 2795
7725 6574 2795
7725 6574 2795
7725 6574 2795
7725 6574 2795
7725 6574 2795
7725 6574 2795
7725 6574 2795
7725 6574 2795
7725 6574 2795
7725 6574 2795
7725 6574 2795
7725 6574 2795
8459 7916 2796
8459 7916 2796
8459 7916 2796
8459 7916 2796
8459 7916 2796
8459 7916 2796
8459 7916 2796
8459 7916 2796
8459 7916 2796
8459 7916 2796
8459 7916 2796
8459 7916 2796
8459 7916 2796
8760 5368 2797
8760 5368 2797
8760 5368 2797
8760 5368 2797
8760 5368 2797
8760 5368 2797
8760 5368 2797
8760 5368 2797
8760 5368 2797
8760 5368 2797
8760 5368 2797
8760 5368 2797
6031 5414 2797
6031 5414 2797
6031 5414 2797
6031 5414 2797
6031 5414 2797
6031 5414 2797
6031 5414 2797
6031 5414 2797
6031 5414 2797
6031 5414 2797
6031 5414 2797
6031 5414 2797
6031 5414 2797
6043 5542 2798
6043 5542 2798
6043 5542 2798
6043 5542 2798
6043 5542 2798
6043 5542 2798
6043 5542 2798
6043 5542 2798
6043 5542 2798
6043 5542 2798
6043 5542 2798
6043 5542 2798
5444 5990 2798
5444 5990 2798
5444 5990 2798
5444 5990 2798
5444 5990 2798
5444 5990 2798
5444 5990 2798
5444 5990 2798
5444 5990 2798
5444 5990 2798
5444 5990 2798
5444 5990 2798
6608 7698 2798
6608 7698 2798
6608 7698 2798
6608 7698 2798
6608 7698 2798
6608 7698 2798
6608 7698 2798
6608 7698 2798
6608 7698 2798
6608 7698 2798
6608 7698 2798
6608 7698 2798
6608 7698 2798
6351 6460 2798
6351 6460 2798
6351 6460 2798
6351 6460 2798
6351 6460 2798
6351 6460 2798
6351 6460 2798
6351 6460 2798
6351 6460 2798
6351 6460 2798
6351 6460 2798
6351 6460 2798
6351 6460 2798
5267 8447 2799
5267 8447 2799
5267 8447 2799
5267 8447 2799
5267 8447 2799
5267 8447 2799
5267 8447 2799
5267 8447 2799
5267 8447 2799
5267 8447 2799
5267 8447 2799
5267 8447 2799
5267 8447 2799
9144 5285 2799
9144 5285 2799
9144 5285 2799
9144 5285 2799
9144 5285 2799
9144 5285 2799
9144 5285 2799
9144 5285 2799
9144 5285 2799
9144 5285 2799
9144 5285 2799
9144 5285 2799
7801 7673 2802
7801 7673 2802
7801 7673 2802
7801 7673 2802
7801 7673 2802
7801 7673 2802
7801 7673 2802
7801 7673 2802
7801 7673 2802
7801 7673 2802
7801 7673 2802
7801 7673 2802
5315 5543 2802
5315 5543 2802
5315 5543 2802
5315 5543 2802
5315 5543 2802
5315 5543 2802
5315 5543 2802
5315 5543 2802
5315 5543 2802
5315 5543 2802
5315 5543 2802
5315 5543 2802
7769 6007 2802
7769 6007 2802
7769 6007 2802
7769 6007 2802
7769 6007 2802
7769 6007 2802
7769 6007 2802
7769 6007 2802
7769 6007 2802
7769 6007 2802
7769 6007 2802
7769 6007 2802
7735 7923 2803
7735 7923 2803
7735 7923 2803
7735 7923 2803
7735 7923 2803
7735 7923 2803
7735 7923 2803
7735 7923 2803
7735 7923 2803
7735 7923 2803
7735 7923 2803
7735 7923 2803
7735 7923 2803
7945 7731 2804
7945 7731 2804
7945 7731 2804
7945 7731 2804
7945 7731 2804
7945 7731 2804
7945 7731 2804
7945 7731 2804
7945 7731 2804
7945 7731 2804
7945 7731 2804
7945 7731 2804
7835 7687 2805
7835 7687 2805
7835 7687 2805
7835 7687 2805
7835 7687 2805
7835 7687 2805
7835 7687 2805
7835 7687 2805
7835 7687 2805
7835 7687 2805
7835 7687 2805
7835 7687 2805
5381 5359 2805
5381 5359 2805
5381 5359 2805
5381 5359 2805
5381 5359 2805
5381 5359 2805
5381 5359 2805
5381 5359 2805
5381 5359 2805
5381 5359 2805
5381 5359 2805
5381 5359 2805
7697 6597 2805
7697 6597 2805
7697 6597 2805
7697 6597 2805
7697 6597 2805
7697 6597 2805
7697 6597 2805
7697 6597 2805
7697 6597 2805
7697 6597 2805
7697 6597 2805
7697 6597 2805
7697 6597 2805
7911 7763 2805
7911 7763 2805
7911 7763 2805
7911 7763 2805
7911 7763 2805
7911 7763 2805
7911 7763 2805
7911 7763 2805
7911 7763 2805
7911 7763 2805
7911 7763 2805
7911 7763 2805
5994 7771 2805
5994 7771 2805
5994 7771 2805
5994 7771 2805
5994 7771 2805
5994 7771 2805
5994 7771 2805
5994 7771 2805
5994 7771 2805
5994 7771 2805
5994 7771 2805
5994 7771 2805
7951 8449 2805
7951 8449 2805
7951 8449 2805
7951 8449 2805
7951 8449 2805
7951 8449 2805
7951 8449 2805
7951 8449 2805
7951 8449 2805
7951 8449 2805
7951 8449 2805
7951 8449 2805
6529 7686 2806
6529 7686 2806
6529 7686 2806
6529 7686 2806
6529 7686 2806
6529 7686 2806
6529 7686 2806
6529 7686 2806
6529 7686 2806
6529 7686 2806
6529 7686 2806
6529 7686 2806
6529 7686 2806
5359 5414 2806
5359 5414 2806
5359 5414 2806
5359 5414 2806
5359 5414 2806
5359 5414 2806
5359 5414 2806
5359 5414 2806
5359 5414 2806
5359 5414 2806
5359 5414 2806
5359 5414 2806
5359 5414 2806
6612 5411 2806
6612 5411 2806
6612 5411 2806
6612 5411 2806
6612 5411 2806
6612 5411 2806
6612 5411 2806
6612 5411 2806
6612 5411 2806
6612 5411 2806
6612 5411 2806
6612 5411 2806
6612 5411 2806
6576 6564 2807
6576 6564 2807
6576 6564 2807
6576 6564 2807
6576 6564 2807
6576 6564 2807
6576 6564 2807
6576 6564 2807
6576 6564 2807
6576 6564 2807
6576 6564 2807
6576 6564 2807
6576 6564 2807
7919 7943 2808
7919 7943 2808
7919 7943 2808
7919 7943 2808
7919 7943 2808
7919 7943 2808
7919 7943 2808
7919 7943 2808
7919 7943 2808
7919 7943 2808
7919 7943 2808
7919 7943 2808
6558 6044 2808
6558 6044 2808
6558 6044 2808
6558 6044 2808
6558 6044 2808
6558 6044 2808
6558 6044 2808
6558 6044 2808
6558 6044 2808
6558 6044 2808
6558 6044 2808
6558 6044 2808
6558 6044 2808
7702 6577 2808
7702 6577 2808
7702 6577 2808
7702 6577 2808
7702 6577 2808
7702 6577 2808
7702 6577 2808
7702 6577 2808
7702 6577 2808
7702 6577 2808
7702 6577 2808
7702 6577 2808
7702 6577 2808
8762 8774 2809
8762 8774 2809
8762 8774 2809
8762 8774 2809
8762 8774 2809
8762 8774 2809
8762 8774 2809
8762 8774 2809
8762 8774 2809
8762 8774 2809
8762 8774 2809
8762 8774 2809
7738 6515 2809
7738 6515 2809
7738 6515 2809
7738 6515 2809
7738 6515 2809
7738 6515 2809
7738 6515 2809
7738 6515 2809
7738 6515 2809
7738 6515 2809
7738 6515 2809
7738 6515 2809
5261 5361 2810
5261 5361 2810
5261 5361 2810
5261 5361 2810
5261 5361 2810
5261 5361 2810
5261 5361 2810
5261 5361 2810
5261 5361 2810
5261 5361 2810
5261 5361 2810
5261 5361 2810
5424 8447 2812
5424 8447 2812
5424 8447 2812
5424 8447 2812
5424 8447 2812
5424 8447 2812
5424 8447 2812
5424 8447 2812
5424 8447 2812
5424 8447 2812
5424 8447 2812
5424 8447 2812
5424 8447 2812
6559 5353 2812
6559 5353 2812
6559 5353 2812
6559 5353 2812
6559 5353 2812
6559 5353 2812
6559 5353 2812
6559 5353 2812
6559 5353 2812
6559 5353 2812
6559 5353 2812
6559 5353 2812
5278 5422 2812
5278 5422 2812
5278 5422 2812
5278 5422 2812
5278 5422 2812
5278 5422 2812
5278 5422 2812
5278 5422 2812
5278 5422 2812
5278 5422 2812
5278 5422 2812
5278 5422 2812
5278 5422 2812
6407 8698 2812
6407 8698 2812
6407 8698 2812
6407 8698 2812
6407 8698 2812
6407 8698 2812
6407 8698 2812
6407 8698 2812
6407 8698 2812
6407 8698 2812
6407 8698 2812
6407 8698 2812
6407 8698 2812
5282 5402 2813
5282 5402 2813
5282 5402 2813
5282 5402 2813
5282 5402 2813
5282 5402 2813
5282 5402 2813
5282 5402 2813
5282 5402 2813
5282 5402 2813
5282 5402 2813
5282 5402 2813
7768 7753 2813
7768 7753 2813
7768 7753 2813
7768 7753 2813
7768 7753 2813
7768 7753 2813
7768 7753 2813
7768 7753 2813
7768 7753 2813
7768 7753 2813
7768 7753 2813
7768 7753 2813
7768 7753 2813
5417 6548 2813
5417 6548 2813
5417 6548 2813
5417 6548 2813
5417 6548 2813
5417 6548 2813
5417 6548 2813
5417 6548 2813
5417 6548 2813
5417 6548 2813
5417 6548 2813
5417 6548 2813
6487 7635 2814
6487 7635 2814
6487 7635 2814
6487 7635 2814
6487 7635 2814
6487 7635 2814
6487 7635 2814
6487 7635 2814
6487 7635 2814
6487 7635 2814
6487 7635 2814
6487 7635 2814
6487 7635 2814
7936 7686 2814
7936 7686 2814
7936 7686 2814
7936 7686 2814
7936 7686 2814
7936 7686 2814
7936 7686 2814
7936 7686 2814
7936 7686 2814
7936 7686 2814
7936 7686 2814
7936 7686 2814
5374 5260 2814
5374 5260 2814
5374 5260 2814
5374 5260 2814
5374 5260 2814
5374 5260 2814
5374 5260 2814
5374 5260 2814
5374 5260 2814
5374 5260 2814
5374 5260 2814
5374 5260 2814
8759 5254 2814
8759 5254 2814
8759 5254 2814
8759 5254 2814
8759 5254 2814
8759 5254 2814
8759 5254 2814
8759 5254 2814
8759 5254 2814
8759 5254 2814
8759 5254 2814
8759 5254 2814
7742 7727 2815
7742 7727 2815
7742 7727 2815
7742 7727 2815
7742 7727 2815
7742 7727 2815
7742 7727 2815
7742 7727 2815
7742 7727 2815
7742 7727 2815
7742 7727 2815
7742 7727 2815
6044 5432 2815
6044 5432 2815
6044 5432 2815
6044 5432 2815
6044 5432 2815
6044 5432 2815
6044 5432 2815
6044 5432 2815
6044 5432 2815
6044 5432 2815
6044 5432 2815
6044 5432 2815
5376 8768 2816
5376 8768 2816
5376 8768 2816
5376 8768 2816
5376 8768 2816
5376 8768 2816
5376 8768 2816
5376 8768 2816
5376 8768 2816
5376 8768 2816
5376 8768 2816
5376 8768 2816
5376 8768 2816
9146 5282 2817
9146 5282 2817
9146 5282 2817
9146 5282 2817
9146 5282 2817
9146 5282 2817
9146 5282 2817
9146 5282 2817
9146 5282 2817
9146 5282 2817
9146 5282 2817
9146 5282 2817
6513 9615 2818
6513 9615 2818
6513 9615 2818
6513 9615 2818
6513 9615 2818
6513 9615 2818
6513 9615 2818
6513 9615 2818
6513 9615 2818
6513 9615 2818
6513 9615 2818
6513 9615 2818
7775 7912 2818
7775 7912 2818
7775 7912 2818
7775 7912 2818
7775 7912 2818
7775 7912 2818
7775 7912 2818
7775 7912 2818
7775 7912 2818
7775 7912 2818
7775 7912 2818
7775 7912 2818
7775 7912 2818
8458 7757 2818
8458 7757 2818
8458 7757 2818
8458 7757 2818
8458 7757 2818
8458 7757 2818
8458 7757 2818
8458 7757 2818
8458 7757 2818
8458 7757 2818
8458 7757 2818
8458 7757 2818
8458 7757 2818
6359 6542 2818
6359 6542 2818
6359 6542 2818
6359 6542 2818
6359 6542 2818
6359 6542 2818
6359 6542 2818
6359 6542 2818
6359 6542 2818
6359 6542 2818
6359 6542 2818
6359 6542 2818
6359 6542 2818
6041 5410 2818
6041 5410 2818
6041 5410 2818
6041 5410 2818
6041 5410 2818
6041 5410 2818
6041 5410 2818
6041 5410 2818
6041 5410 2818
6041 5410 2818
6041 5410 2818
6041 5410 2818
7688 7768 2819
7688 7768 2819
7688 7768 2819
7688 7768 2819
7688 7768 2819
7688 7768 2819
7688 7768 2819
7688 7768 2819
7688 7768 2819
7688 7768 2819
7688 7768 2819
7688 7768 2819
7688 7768 2819
6611 6595 2819
6611 6595 2819
6611 6595 2819
6611 6595 2819
6611 6595 2819
6611 6595 2819
6611 6595 2819
6611 6595 2819
6611 6595 2819
6611 6595 2819
6611 6595 2819
6611 6595 2819
5398 5986 2819
5398 5986 2819
5398 5986 2819
5398 5986 2819
5398 5986 2819
5398 5986 2819
5398 5986 2819
5398 5986 2819
5398 5986 2819
5398 5986 2819
5398 5986 2819
5398 5986 2819
7691 8470 2819
7691 8470 2819
7691 8470 2819
7691 8470 2819
7691 8470 2819
7691 8470 2819
7691 8470 2819
7691 8470 2819
7691 8470 2819
7691 8470 2819
7691 8470 2819
7691 8470 2819
5422 5307 2819
5422 5307 2819
5422 5307 2819
5422 5307 2819
5422 5307 2819
5422 5307 2819
5422 5307 2819
5422 5307 2819
5422 5307 2819
5422 5307 2819
5422 5307 2819
5422 5307 2819
5422 5307 2819
5355 5293 2819
5355 5293 2819
5355 5293 2819
5355 5293 2819
5355 5293 2819
5355 5293 2819
5355 5293 2819
5355 5293 2819
5355 5293 2819
5355 5293 2819
5355 5293 2819
5355 5293 2819
5355 5293 2819
9146 5243 2820
9146 5243 2820
9146 5243 2820
9146 5243 2820
9146 5243 2820
9146 5243 2820
9146 5243 2820
9146 5243 2820
9146 5243 2820
9146 5243 2820
9146 5243 2820
9146 5243 2820
9146 5243 2820
7744 7780 2820
7744 7780 2820
7744 7780 2820
7744 7780 2820
7744 7780 2820
7744 7780 2820
7744 7780 2820
7744 7780 2820
7744 7780 2820
7744 7780 2820
7744 7780 2820
7744 7780 2820
7744 7780 2820
6496 7492 2820
6496 7492 2820
6496 7492 2820
6496 7492 2820
6496 7492 2820
6496 7492 2820
6496 7492 2820
6496 7492 2820
6496 7492 2820
6496 7492 2820
6496 7492 2820
6496 7492 2820
5292 8768 2822
5292 8768 2822
5292 8768 2822
5292 8768 2822
5292 8768 2822
5292 8768 2822
5292 8768 2822
5292 8768 2822
5292 8768 2822
5292 8768 2822
5292 8768 2822
5292 8768 2822
8462 5430 2822
8462 5430 2822
8462 5430 2822
8462 5430 2822
8462 5430 2822
8462 5430 2822
8462 5430 2822
8462 5430 2822
8462 5430 2822
8462 5430 2822
8462 5430 2822
8462 5430 2822
5430 5998 2822
5430 5998 2822
5430 5998 2822
5430 5998 2822
5430 5998 2822
5430 5998 2822
5430 5998 2822
5430 5998 2822
5430 5998 2822
5430 5998 2822
5430 5998 2822
5430 5998 2822
6447 6577 2822
6447 6577 2822
6447 6577 2822
6447 6577 2822
6447 6577 2822
6447 6577 2822
6447 6577 2822
6447 6577 2822
6447 6577 2822
6447 6577 2822
6447 6577 2822
6447 6577 2822
6447 6577 2822
6583 6486 2822
6583 6486 2822
6583 6486 2822
6583 6486 2822
6583 6486 2822
6583 6486 2822
6583 6486 2822
6583 6486 2822
6583 6486 2822
6583 6486 2822
6583 6486 2822
6583 6486 2822
6583 6486 2822
5374 5301 2823
5374 5301 2823
5374 5301 2823
5374 5301 2823
5374 5301 2823
5374 5301 2823
5374 5301 2823
5374 5301 2823
5374 5301 2823
5374 5301 2823
5374 5301 2823
5374 5301 2823
5374 5301 2823
5259 8781 2824
5259 8781 2824
5259 8781 2824
5259 8781 2824
5259 8781 2824
5259 8781 2824
5259 8781 2824
5259 8781 2824
5259 8781 2824
5259 8781 2824
5259 8781 2824
5259 8781 2824
6005 7756 2824
6005 7756 2824
6005 7756 2824
6005 7756 2824
6005 7756 2824
6005 7756 2824
6005 7756 2824
6005 7756 2824
6005 7756 2824
6005 7756 2824
6005 7756 2824
6005 7756 2824
6005 7756 2824
8431 8766 2825
8431 8766 2825
8431 8766 2825
8431 8766 2825
8431 8766 2825
8431 8766 2825
8431 8766 2825
8431 8766 2825
8431 8766 2825
8431 8766 2825
8431 8766 2825
8431 8766 2825
8431 8766 2825
7753 6451 2828
7753 6451 2828
7753 6451 2828
7753 6451 2828
7753 6451 2828
7753 6451 2828
7753 6451 2828
7753 6451 2828
7753 6451 2828
7753 6451 2828
7753 6451 2828
7753 6451 2828
7753 6451 2828
6383 6583 2828
6383 6583 2828
6383 6583 2828
6383 6583 2828
6383 6583 2828
6383 6583 2828
6383 6583 2828
6383 6583 2828
6383 6583 2828
6383 6583 2828
6383 6583 2828
6383 6583 2828
6383 6583 2828
6583 6564 2828
6583 6564 2828
6583 6564 2828
6583 6564 2828
6583 6564 2828
6583 6564 2828
6583 6564 2828
6583 6564 2828
6583 6564 2828
6583 6564 2828
6583 6564 2828
6583 6564 2828
6583 6564 2828
6551 6003 2829
6551 6003 2829
6551 6003 2829
6551 6003 2829
6551 6003 2829
6551 6003 2829
6551 6003 2829
6551 6003 2829
6551 6003 2829
6551 6003 2829
6551 6003 2829
6551 6003 2829
6551 6003 2829
7721 6017 2829
7721 6017 2829
7721 6017 2829
7721 6017 2829
7721 6017 2829
7721 6017 2829
7721 6017 2829
7721 6017 2829
7721 6017 2829
7721 6017 2829
7721 6017 2829
7721 6017 2829
6543 8679 2829
6543 8679 2829
6543 8679 2829
6543 8679 2829
6543 8679 2829
6543 8679 2829
6543 8679 2829
6543 8679 2829
6543 8679 2829
6543 8679 2829
6543 8679 2829
6543 8679 2829
6543 8679 2829
6532 6539 2831
6532 6539 2831
6532 6539 2831
6532 6539 2831
6532 6539 2831
6532 6539 2831
6532 6539 2831
6532 6539 2831
6532 6539 2831
6532 6539 2831
6532 6539 2831
6532 6539 2831
6534 7675 2832
6534 7675 2832
6534 7675 2832
6534 7675 2832
6534 7675 2832
6534 7675 2832
6534 7675 2832
6534 7675 2832
6534 7675 2832
6534 7675 2832
6534 7675 2832
6534 7675 2832
6536 8452 2832
6536 8452 2832
6536 8452 2832
6536 8452 2832
6536 8452 2832
6536 8452 2832
6536 8452 2832
6536 8452 2832
6536 8452 2832
6536 8452 2832
6536 8452 2832
6536 8452 2832
7760 5391 2835
7760 5391 2835
7760 5391 2835
7760 5391 2835
7760 5391 2835
7760 5391 2835
7760 5391 2835
7760 5391 2835
7760 5391 2835
7760 5391 2835
7760 5391 2835
7760 5391 2835
6542 6453 2836
6542 6453 2836
6542 6453 2836
6542 6453 2836
6542 6453 2836
6542 6453 2836
6542 6453 2836
6542 6453 2836
6542 6453 2836
6542 6453 2836
6542 6453 2836
6542 6453 2836
7709 6560 2836
7709 6560 2836
7709 6560 2836
7709 6560 2836
7709 6560 2836
7709 6560 2836
7709 6560 2836
7709 6560 2836
7709 6560 2836
7709 6560 2836
7709 6560 2836
7709 6560 2836
7709 6560 2836
7700 6561 2838
7700 6561 2838
7700 6561 2838
7700 6561 2838
7700 6561 2838
7700 6561 2838
7700 6561 2838
7700 6561 2838
7700 6561 2838
7700 6561 2838
7700 6561 2838
7700 6561 2838
7700 6561 2838
7699 7909 2838
7699 7909 2838
7699 7909 2838
7699 7909 2838
7699 7909 2838
7699 7909 2838
7699 7909 2838
7699 7909 2838
7699 7909 2838
7699 7909 2838
7699 7909 2838
7699 7909 2838
7699 7909 2838
6018 5360 2839
6018 5360 2839
6018 5360 2839
6018 5360 2839
6018 5360 2839
6018 5360 2839
6018 5360 2839
6018 5360 2839
6018 5360 2839
6018 5360 2839
6018 5360 2839
6018 5360 2839
6014 5278 2839
6014 5278 2839
6014 5278 2839
6014 5278 2839
6014 5278 2839
6014 5278 2839
6014 5278 2839
6014 5278 2839
6014 5278 2839
6014 5278 2839
6014 5278 2839
6014 5278 2839
6014 5278 2839
6567 6531 2839
6567 6531 2839
6567 6531 2839
6567 6531 2839
6567 6531 2839
6567 6531 2839
6567 6531 2839
6567 6531 2839
6567 6531 2839
6567 6531 2839
6567 6531 2839
6567 6531 2839
6567 6531 2839
6547 5356 2841
6547 5356 2841
6547 5356 2841
6547 5356 2841
6547 5356 2841
6547 5356 2841
6547 5356 2841
6547 5356 2841
6547 5356 2841
6547 5356 2841
6547 5356 2841
6547 5356 2841
7711 7912 2841
7711 7912 2841
7711 7912 2841
7711 7912 2841
7711 7912 2841
7711 7912 2841
7711 7912 2841
7711 7912 2841
7711 7912 2841
7711 7912 2841
7711 7912 2841
7711 7912 2841
7711 7912 2841
5397 6411 2841
5397 6411 2841
5397 6411 2841
5397 6411 2841
5397 6411 2841
5397 6411 2841
5397 6411 2841
5397 6411 2841
5397 6411 2841
5397 6411 2841
5397 6411 2841
5397 6411 2841
5397 6411 2841
6028 7762 2841
6028 7762 2841
6028 7762 2841
6028 7762 2841
6028 7762 2841
6028 7762 2841
6028 7762 2841
6028 7762 2841
6028 7762 2841
6028 7762 2841
6028 7762 2841
6028 7762 2841
6028 7762 2841
7780 7840 2841
7780 7840 2841
7780 7840 2841
7780 7840 2841
7780 7840 2841
7780 7840 2841
7780 7840 2841
7780 7840 2841
7780 7840 2841
7780 7840 2841
7780 7840 2841
7780 7840 2841
9146 5258 2842
9146 5258 2842
9146 5258 2842
9146 5258 2842
9146 5258 2842
9146 5258 2842
9146 5258 2842
9146 5258 2842
9146 5258 2842
9146 5258 2842
9146 5258 2842
9146 5258 2842
6032 5998 2842
6032 5998 2842
6032 5998 2842
6032 5998 2842
6032 5998 2842
6032 5998 2842
6032 5998 2842
6032 5998 2842
6032 5998 2842
6032 5998 2842
6032 5998 2842
6032 5998 2842
8466 5988 2842
8466 5988 2842
8466 5988 2842
8466 5988 2842
8466 5988 2842
8466 5988 2842
8466 5988 2842
8466 5988 2842
8466 5988 2842
8466 5988 2842
8466 5988 2842
8466 5988 2842
8466 5988 2842
7772 6609 2843
7772 6609 2843
7772 6609 2843
7772 6609 2843
7772 6609 2843
7772 6609 2843
7772 6609 2843
7772 6609 2843
7772 6609 2843
7772 6609 2843
7772 6609 2843
7772 6609 2843
5427 5278 2844
5427 5278 2844
5427 5278 2844
5427 5278 2844
5427 5278 2844
5427 5278 2844
5427 5278 2844
5427 5278 2844
5427 5278 2844
5427 5278 2844
5427 5278 2844
5427 5278 2844
6528 6427 2845
6528 6427 2845
6528 6427 2845
6528 6427 2845
6528 6427 2845
6528 6427 2845
6528 6427 2845
6528 6427 2845
6528 6427 2845
6528 6427 2845
6528 6427 2845
6528 6427 2845
6528 6427 2845
6608 7939 2846
6608 7939 2846
6608 7939 2846
6608 7939 2846
6608 7939 2846
6608 7939 2846
6608 7939 2846
6608 7939 2846
6608 7939 2846
6608 7939 2846
6608 7939 2846
6608 7939 2846
7726 7980 2846
7726 7980 2846
7726 7980 2846
7726 7980 2846
7726 7980 2846
7726 7980 2846
7726 7980 2846
7726 7980 2846
7726 7980 2846
7726 7980 2846
7726 7980 2846
7726 7980 2846
6594 7945 2846
6594 7945 2846
6594 7945 2846
6594 7945 2846
6594 7945 2846
6594 7945 2846
6594 7945 2846
6594 7945 2846
6594 7945 2846
6594 7945 2846
6594 7945 2846
6594 7945 2846
6594 7945 2846
6344 6351 2846
6344 6351 2846
6344 6351 2846
6344 6351 2846
6344 6351 2846
6344 6351 2846
6344 6351 2846
6344 6351 2846
6344 6351 2846
6344 6351 2846
6344 6351 2846
6344 6351 2846
6344 6351 2846
7707 6439 2847
7707 6439 2847
7707 6439 2847
7707 6439 2847
7707 6439 2847
7707 6439 2847
7707 6439 2847
7707 6439 2847
7707 6439 2847
7707 6439 2847
7707 6439 2847
7707 6439 2847
7707 6439 2847
6606 8466 2850
6606 8466 2850
6606 8466 2850
6606 8466 2850
6606 8466 2850
6606 8466 2850
6606 8466 2850
6606 8466 2850
6606 8466 2850
6606 8466 2850
6606 8466 2850
6606 8466 2850
6606 8466 2850
5260 5422 2852
5260 5422 2852
5260 5422 2852
5260 5422 2852
5260 5422 2852
5260 5422 2852
5260 5422 2852
5260 5422 2852
5260 5422 2852
5260 5422 2852
5260 5422 2852
5260 5422 2852
6418 6562 2854
6418 6562 2854
6418 6562 2854
6418 6562 2854
6418 6562 2854
6418 6562 2854
6418 6562 2854
6418 6562 2854
6418 6562 2854
6418 6562 2854
6418 6562 2854
6418 6562 2854
6418 6562 2854
6384 5257 2855
6384 5257 2855
6384 5257 2855
6384 5257 2855
6384 5257 2855
6384 5257 2855
6384 5257 2855
6384 5257 2855
6384 5257 2855
6384 5257 2855
6384 5257 2855
6384 5257 2855
6384 5257 2855
8467 5360 2857
8467 5360 2857
8467 5360 2857
8467 5360 2857
8467 5360 2857
8467 5360 2857
8467 5360 2857
8467 5360 2857
8467 5360 2857
8467 5360 2857
8467 5360 2857
8467 5360 2857
8467 5360 2857
6543 6583 2860
6543 6583 2860
6543 6583 2860
6543 6583 2860
6543 6583 2860
6543 6583 2860
6543 6583 2860
6543 6583 2860
6543 6583 2860
6543 6583 2860
6543 6583 2860
6543 6583 2860
6543 6583 2860
7686 7665 2861
7686 7665 2861
7686 7665 2861
7686 7665 2861
7686 7665 2861
7686 7665 2861
7686 7665 2861
7686 7665 2861
7686 7665 2861
7686 7665 2861
7686 7665 2861
7686 7665 2861
7723 6583 2862
7723 6583 2862
7723 6583 2862
7723 6583 2862
7723 6583 2862
7723 6583 2862
7723 6583 2862
7723 6583 2862
7723 6583 2862
7723 6583 2862
7723 6583 2862
7723 6583 2862
5262 8707 2864
5262 8707 2864
5262 8707 2864
5262 8707 2864
5262 8707 2864
5262 8707 2864
5262 8707 2864
5262 8707 2864
5262 8707 2864
5262 8707 2864
5262 8707 2864
5262 8707 2864
5262 8707 2864
6525 6589 2866
6525 6589 2866
6525 6589 2866
6525 6589 2866
6525 6589 2866
6525 6589 2866
6525 6589 2866
6525 6589 2866
6525 6589 2866
6525 6589 2866
6525 6589 2866
6525 6589 2866
5425 6005 2871
5425 6005 2871
5425 6005 2871
5425 6005 2871
5425 6005 2871
5425 6005 2871
5425 6005 2871
5425 6005 2871
5425 6005 2871
5425 6005 2871
5425 6005 2871
5425 6005 2871
5425 6005 2871
6511 7694 2878
6511 7694 2878
6511 7694 2878
6511 7694 2878
6511 7694 2878
6511 7694 2878
6511 7694 2878
6511 7694 2878
6511 7694 2878
6511 7694 2878
6511 7694 2878
6511 7694 2878
5244 8781 2879
5244 8781 2879
5244 8781 2879
5244 8781 2879
5244 8781 2879
5244 8781 2879
5244 8781 2879
5244 8781 2879
5244 8781 2879
5244 8781 2879
5244 8781 2879
5244 8781 2879
5244 8781 2879
8467 6022 2896
8467 6022 2896
8467 6022 2896
8467 6022 2896
8467 6022 2896
8467 6022 2896
8467 6022 2896
8467 6022 2896
8467 6022 2896
8467 6022 2896
8467 6022 2896
8467 6022 2896
8467 6022 2896
6047 7721 2896
6047 7721 2896
6047 7721 2896
6047 7721 2896
6047 7721 2896
6047 7721 2896
6047 7721 2896
6047 7721 2896
6047 7721 2896
6047 7721 2896
6047 7721 2896
6047 7721 2896
6511 6578 2897
6511 6578 2897
6511 6578 2897
6511 6578 2897
6511 6578 2897
6511 6578 2897
6511 6578 2897
6511 6578 2897
6511 6578 2897
6511 6578 2897
6511 6578 2897
6511 6578 2897
6549 6520 2898
6549 6520 2898
6549 6520 2898
6549 6520 2898
6549 6520 2898
6549 6520 2898
6549 6520 2898
6549 6520 2898
6549 6520 2898
6549 6520 2898
6549 6520 2898
6549 6520 2898
7712 5359 2899
7712 5359 2899
7712 5359 2899
7712 5359 2899
7712 5359 2899
7712 5359 2899
7712 5359 2899
7712 5359 2899
7712 5359 2899
7712 5359 2899
7712 5359 2899
7712 5359 2899
7980 7778 2899
7980 7778 2899
7980 7778 2899
7980 7778 2899
7980 7778 2899
7980 7778 2899
7980 7778 2899
7980 7778 2899
7980 7778 2899
7980 7778 2899
7980 7778 2899
7980 7778 2899
5992 6607 2900
5992 6607 2900
5992 6607 2900
5992 6607 2900
5992 6607 2900
5992 6607 2900
5992 6607 2900
5992 6607 2900
5992 6607 2900
5992 6607 2900
5992 6607 2900
5992 6607 2900
5992 6607 2900
6549 6507 2900
6549 6507 2900
6549 6507 2900
6549 6507 2900
6549 6507 2900
6549 6507 2900
6549 6507 2900
6549 6507 2900
6549 6507 2900
6549 6507 2900
6549 6507 2900
6549 6507 2900
6033 5361 2900
6033 5361 2900
6033 5361 2900
6033 5361 2900
6033 5361 2900
6033 5361 2900
6033 5361 2900
6033 5361 2900
6033 5361 2900
6033 5361 2900
6033 5361 2900
6033 5361 2900
5294 5383 2901
5294 5383 2901
5294 5383 2901
5294 5383 2901
5294 5383 2901
5294 5383 2901
5294 5383 2901
5294 5383 2901
5294 5383 2901
5294 5383 2901
5294 5383 2901
5294 5383 2901
5294 5383 2901
7686 6449 2904
7686 6449 2904
7686 6449 2904
7686 6449 2904
7686 6449 2904
7686 6449 2904
7686 6449 2904
7686 6449 2904
7686 6449 2904
7686 6449 2904
7686 6449 2904
7686 6449 2904
7686 6449 2904
7751 6610 2904
7751 6610 2904
7751 6610 2904
7751 6610 2904
7751 6610 2904
7751 6610 2904
7751 6610 2904
7751 6610 2904
7751 6610 2904
7751 6610 2904
7751 6610 2904
7751 6610 2904
7711 6594 2905
7711 6594 2905
7711 6594 2905
7711 6594 2905
7711 6594 2905
7711 6594 2905
7711 6594 2905
7711 6594 2905
7711 6594 2905
7711 6594 2905
7711 6594 2905
7711 6594 2905
7711 6594 2905
7676 6527 2905
7676 6527 2905
7676 6527 2905
7676 6527 2905
7676 6527 2905
7676 6527 2905
7676 6527 2905
7676 6527 2905
7676 6527 2905
7676 6527 2905
7676 6527 2905
7676 6527 2905
7676 6527 2905
9672 6569 2905
9672 6569 2905
9672 6569 2905
9672 6569 2905
9672 6569 2905
9672 6569 2905
9672 6569 2905
9672 6569 2905
9672 6569 2905
9672 6569 2905
9672 6569 2905
9672 6569 2905
9672 6569 2905
6541 6574 2905
6541 6574 2905
6541 6574 2905
6541 6574 2905
6541 6574 2905
6541 6574 2905
6541 6574 2905
6541 6574 2905
6541 6574 2905
6541 6574 2905
6541 6574 2905
6541 6574 2905
8437 5407 2906
8437 5407 2906
8437 5407 2906
8437 5407 2906
8437 5407 2906
8437 5407 2906
8437 5407 2906
8437 5407 2906
8437 5407 2906
8437 5407 2906
8437 5407 2906
8437 5407 2906
6516 7699 2907
6516 7699 2907
6516 7699 2907
6516 7699 2907
6516 7699 2907
6516 7699 2907
6516 7699 2907
6516 7699 2907
6516 7699 2907
6516 7699 2907
6516 7699 2907
6516 7699 2907
6516 7699 2907
8457 8441 2907
8457 8441 2907
8457 8441 2907
8457 8441 2907
8457 8441 2907
8457 8441 2907
8457 8441 2907
8457 8441 2907
8457 8441 2907
8457 8441 2907
8457 8441 2907
8457 8441 2907
8457 8441 2907
6544 6536 2907
6544 6536 2907
6544 6536 2907
6544 6536 2907
6544 6536 2907
6544 6536 2907
6544 6536 2907
6544 6536 2907
6544 6536 2907
6544 6536 2907
6544 6536 2907
6544 6536 2907
8478 7718 2909
8478 7718 2909
8478 7718 2909
8478 7718 2909
8478 7718 2909
8478 7718 2909
8478 7718 2909
8478 7718 2909
8478 7718 2909
8478 7718 2909
8478 7718 2909
8478 7718 2909
8478 7718 2909
6009 8443 2909
6009 8443 2909
6009 8443 2909
6009 8443 2909
6009 8443 2909
6009 8443 2909
6009 8443 2909
6009 8443 2909
6009 8443 2909
6009 8443 2909
6009 8443 2909
6009 8443 2909
6009 8443 2909
8476 5386 2910
8476 5386 2910
8476 5386 2910
8476 5386 2910
8476 5386 2910
8476 5386 2910
8476 5386 2910
8476 5386 2910
8476 5386 2910
8476 5386 2910
8476 5386 2910
8476 5386 2910
8476 5386 2910
5358 5521 2910
5358 5521 2910
5358 5521 2910
5358 5521 2910
5358 5521 2910
5358 5521 2910
5358 5521 2910
5358 5521 2910
5358 5521 2910
5358 5521 2910
5358 5521 2910
5358 5521 2910
5358 5521 2910
5359 8467 2910
5359 8467 2910
5359 8467 2910
5359 8467 2910
5359 8467 2910
5359 8467 2910
5359 8467 2910
5359 8467 2910
5359 8467 2910
5359 8467 2910
5359 8467 2910
5359 8467 2910
6530 7759 2911
6530 7759 2911
6530 7759 2911
6530 7759 2911
6530 7759 2911
6530 7759 2911
6530 7759 2911
6530 7759 2911
6530 7759 2911
6530 7759 2911
6530 7759 2911
6530 7759 2911
6530 7759 2911
5252 5287 2912
5252 5287 2912
5252 5287 2912
5252 5287 2912
5252 5287 2912
5252 5287 2912
5252 5287 2912
5252 5287 2912
5252 5287 2912
5252 5287 2912
5252 5287 2912
5252 5287 2912
5252 5287 2912
5430 8457 2912
5430 8457 2912
5430 8457 2912
5430 8457 2912
5430 8457 2912
5430 8457 2912
5430 8457 2912
5430 8457 2912
5430 8457 2912
5430 8457 2912
5430 8457 2912
5430 8457 2912
6344 9153 2912
6344 9153 2912
6344 9153 2912
6344 9153 2912
6344 9153 2912
6344 9153 2912
6344 9153 2912
6344 9153 2912
6344 9153 2912
6344 9153 2912
6344 9153 2912
6344 9153 2912
6344 9153 2912
6400 8456 2912
6400 8456 2912
6400 8456 2912
6400 8456 2912
6400 8456 2912
6400 8456 2912
6400 8456 2912
6400 8456 2912
6400 8456 2912
6400 8456 2912
6400 8456 2912
6400 8456 2912
6400 8456 2912
5550 5399 2912
5550 5399 2912
5550 5399 2912
5550 5399 2912
5550 5399 2912
5550 5399 2912
5550 5399 2912
5550 5399 2912
5550 5399 2912
5550 5399 2912
5550 5399 2912
5550 5399 2912
5550 5399 2912
6507 7695 2912
6507 7695 2912
6507 7695 2912
6507 7695 2912
6507 7695 2912
6507 7695 2912
6507 7695 2912
6507 7695 2912
6507 7695 2912
6507 7695 2912
6507 7695 2912
6507 7695 2912
6507 7695 2912
6551 5283 2913
6551 5283 2913
6551 5283 2913
6551 5283 2913
6551 5283 2913
6551 5283 2913
6551 5283 2913
6551 5283 2913
6551 5283 2913
6551 5283 2913
6551 5283 2913
6551 5283 2913
6510 6463 2913
6510 6463 2913
6510 6463 2913
6510 6463 2913
6510 6463 2913
6510 6463 2913
6510 6463 2913
6510 6463 2913
6510 6463 2913
6510 6463 2913
6510 6463 2913
6510 6463 2913
6510 6463 2913
6544 7694 2914
6544 7694 2914
6544 7694 2914
6544 7694 2914
6544 7694 2914
6544 7694 2914
6544 7694 2914
6544 7694 2914
6544 7694 2914
6544 7694 2914
6544 7694 2914
6544 7694 2914
6544 7694 2914
7943 7724 2914
7943 7724 2914
7943 7724 2914
7943 7724 2914
7943 7724 2914
7943 7724 2914
7943 7724 2914
7943 7724 2914
7943 7724 2914
7943 7724 2914
7943 7724 2914
7943 7724 2914
7943 7724 2914
7846 7707 2914
7846 7707 2914
7846 7707 2914
7846 7707 2914
7846 7707 2914
7846 7707 2914
7846 7707 2914
7846 7707 2914
7846 7707 2914
7846 7707 2914
7846 7707 2914
7846 7707 2914
7846 7707 2914
7938 7759 2914
7938 7759 2914
7938 7759 2914
7938 7759 2914
7938 7759 2914
7938 7759 2914
7938 7759 2914
7938 7759 2914
7938 7759 2914
7938 7759 2914
7938 7759 2914
7938 7759 2914
7946 7754 2916
7946 7754 2916
7946 7754 2916
7946 7754 2916
7946 7754 2916
7946 7754 2916
7946 7754 2916
7946 7754 2916
7946 7754 2916
7946 7754 2916
7946 7754 2916
7946 7754 2916
7946 7754 2916
8455 6599 2916
8455 6599 2916
8455 6599 2916
8455 6599 2916
8455 6599 2916
8455 6599 2916
8455 6599 2916
8455 6599 2916
8455 6599 2916
8455 6599 2916
8455 6599 2916
8455 6599 2916
6541 8437 2916
6541 8437 2916
6541 8437 2916
6541 8437 2916
6541 8437 2916
6541 8437 2916
6541 8437 2916
6541 8437 2916
6541 8437 2916
6541 8437 2916
6541 8437 2916
6541 8437 2916
7765 7939 2917
7765 7939 2917
7765 7939 2917
7765 7939 2917
7765 7939 2917
7765 7939 2917
7765 7939 2917
7765 7939 2917
7765 7939 2917
7765 7939 2917
7765 7939 2917
7765 7939 2917
8436 8464 2917
8436 8464 2917
8436 8464 2917
8436 8464 2917
8436 8464 2917
8436 8464 2917
8436 8464 2917
8436 8464 2917
8436 8464 2917
8436 8464 2917
8436 8464 2917
8436 8464 2917
6002 8450 2917
6002 8450 2917
6002 8450 2917
6002 8450 2917
6002 8450 2917
6002 8450 2917
6002 8450 2917
6002 8450 2917
6002 8450 2917
6002 8450 2917
6002 8450 2917
6002 8450 2917
6002 8450 2917
7807 5924 2917
7807 5924 2917
7807 5924 2917
7807 5924 2917
7807 5924 2917
7807 5924 2917
7807 5924 2917
7807 5924 2917
7807 5924 2917
7807 5924 2917
7807 5924 2917
7807 5924 2917
7689 8457 2918
7689 8457 2918
7689 8457 2918
7689 8457 2918
7689 8457 2918
7689 8457 2918
7689 8457 2918
7689 8457 2918
7689 8457 2918
7689 8457 2918
7689 8457 2918
7689 8457 2918
7689 8457 2918
5989 5428 2918
5989 5428 2918
5989 5428 2918
5989 5428 2918
5989 5428 2918
5989 5428 2918
5989 5428 2918
5989 5428 2918
5989 5428 2918
5989 5428 2918
5989 5428 2918
5989 5428 2918
5281 5417 2918
5281 5417 2918
5281 5417 2918
5281 5417 2918
5281 5417 2918
5281 5417 2918
5281 5417 2918
5281 5417 2918
5281 5417 2918
5281 5417 2918
5281 5417 2918
5281 5417 2918
5281 5417 2918
8445 5997 2918
8445 5997 2918
8445 5997 2918
8445 5997 2918
8445 5997 2918
8445 5997 2918
8445 5997 2918
8445 5997 2918
8445 5997 2918
8445 5997 2918
8445 5997 2918
8445 5997 2918
8445 5997 2918
8446 6593 2919
8446 6593 2919
8446 6593 2919
8446 6593 2919
8446 6593 2919
8446 6593 2919
8446 6593 2919
8446 6593 2919
8446 6593 2919
8446 6593 2919
8446 6593 2919
8446 6593 2919
8446 6593 2919
7676 6460 2920
7676 6460 2920
7676 6460 2920
7676 6460 2920
7676 6460 2920
7676 6460 2920
7676 6460 2920
7676 6460 2920
7676 6460 2920
7676 6460 2920
7676 6460 2920
7676 6460 2920
7676 6460 2920
7776 7739 2920
7776 7739 2920
7776 7739 2920
7776 7739 2920
7776 7739 2920
7776 7739 2920
7776 7739 2920
7776 7739 2920
7776 7739 2920
7776 7739 2920
7776 7739 2920
7776 7739 2920
7947 7704 2920
7947 7704 2920
7947 7704 2920
7947 7704 2920
7947 7704 2920
7947 7704 2920
7947 7704 2920
7947 7704 2920
7947 7704 2920
7947 7704 2920
7947 7704 2920
7947 7704 2920
7763 6589 2921
7763 6589 2921
7763 6589 2921
7763 6589 2921
7763 6589 2921
7763 6589 2921
7763 6589 2921
7763 6589 2921
7763 6589 2921
7763 6589 2921
7763 6589 2921
7763 6589 2921
5273 5434 2921
5273 5434 2921
5273 5434 2921
5273 5434 2921
5273 5434 2921
5273 5434 2921
5273 5434 2921
5273 5434 2921
5273 5434 2921
5273 5434 2921
5273 5434 2921
5273 5434 2921
5986 7731 2921
5986 7731 2921
5986 7731 2921
5986 7731 2921
5986 7731 2921
5986 7731 2921
5986 7731 2921
5986 7731 2921
5986 7731 2921
5986 7731 2921
5986 7731 2921
5986 7731 2921
5290 5525 2921
5290 5525 2921
5290 5525 2921
5290 5525 2921
5290 5525 2921
5290 5525 2921
5290 5525 2921
5290 5525 2921
5290 5525 2921
5290 5525 2921
5290 5525 2921
5290 5525 2921
8431 6538 2922
8431 6538 2922
8431 6538 2922
8431 6538 2922
8431 6538 2922
8431 6538 2922
8431 6538 2922
8431 6538 2922
8431 6538 2922
8431 6538 2922
8431 6538 2922
8431 6538 2922
5353 9634 2922
5353 9634 2922
5353 9634 2922
5353 9634 2922
5353 9634 2922
5353 9634 2922
5353 9634 2922
5353 9634 2922
5353 9634 2922
5353 9634 2922
5353 9634 2922
5353 9634 2922
6002 6544 2923
6002 6544 2923
6002 6544 2923
6002 6544 2923
6002 6544 2923
6002 6544 2923
6002 6544 2923
6002 6544 2923
6002 6544 2923
6002 6544 2923
6002 6544 2923
6002 6544 2923
6002 6544 2923
5263 8777 2924
5263 8777 2924
5263 8777 2924
5263 8777 2924
5263 8777 2924
5263 8777 2924
5263 8777 2924
5263 8777 2924
5263 8777 2924
5263 8777 2924
5263 8777 2924
5263 8777 2924
6363 6533 2924
6363 6533 2924
6363 6533 2924
6363 6533 2924
6363 6533 2924
6363 6533 2924
6363 6533 2924
6363 6533 2924
6363 6533 2924
6363 6533 2924
6363 6533 2924
6363 6533 2924
6363 6533 2924
6000 7780 2924
6000 7780 2924
6000 7780 2924
6000 7780 2924
6000 7780 2924
6000 7780 2924
6000 7780 2924
6000 7780 2924
6000 7780 2924
6000 7780 2924
6000 7780 2924
6000 7780 2924
6000 7780 2924
7688 6517 2925
7688 6517 2925
7688 6517 2925
7688 6517 2925
7688 6517 2925
7688 6517 2925
7688 6517 2925
7688 6517 2925
7688 6517 2925
7688 6517 2925
7688 6517 2925
7688 6517 2925
6409 6454 2925
6409 6454 2925
6409 6454 2925
6409 6454 2925
6409 6454 2925
6409 6454 2925
6409 6454 2925
6409 6454 2925
6409 6454 2925
6409 6454 2925
6409 6454 2925
6409 6454 2925
6022 7727 2926
6022 7727 2926
6022 7727 2926
6022 7727 2926
6022 7727 2926
6022 7727 2926
6022 7727 2926
6022 7727 2926
6022 7727 2926
6022 7727 2926
6022 7727 2926
6022 7727 2926
7833 7633 2926
7833 7633 2926
7833 7633 2926
7833 7633 2926
7833 7633 2926
7833 7633 2926
7833 7633 2926
7833 7633 2926
7833 7633 2926
7833 7633 2926
7833 7633 2926
7833 7633 2926
7752 8470 2926
7752 8470 2926
7752 8470 2926
7752 8470 2926
7752 8470 2926
7752 8470 2926
7752 8470 2926
7752 8470 2926
7752 8470 2926
7752 8470 2926
7752 8470 2926
7752 8470 2926
7752 8470 2926
7781 7778 2926
7781 7778 2926
7781 7778 2926
7781 7778 2926
7781 7778 2926
7781 7778 2926
7781 7778 2926
7781 7778 2926
7781 7778 2926
7781 7778 2926
7781 7778 2926
7781 7778 2926
7781 7778 2926
8446 7706 2926
8446 7706 2926
8446 7706 2926
8446 7706 2926
8446 7706 2926
8446 7706 2926
8446 7706 2926
8446 7706 2926
8446 7706 2926
8446 7706 2926
8446 7706 2926
8446 7706 2926
8446 7706 2926
7780 8465 2926
7780 8465 2926
7780 8465 2926
7780 8465 2926
7780 8465 2926
7780 8465 2926
7780 8465 2926
7780 8465 2926
7780 8465 2926
7780 8465 2926
7780 8465 2926
7780 8465 2926
7673 7908 2926
7673 7908 2926
7673 7908 2926
7673 7908 2926
7673 7908 2926
7673 7908 2926
7673 7908 2926
7673 7908 2926
7673 7908 2926
7673 7908 2926
7673 7908 2926
7673 7908 2926
6020 6612 2927
6020 6612 2927
6020 6612 2927
6020 6612 2927
6020 6612 2927
6020 6612 2927
6020 6612 2927
6020 6612 2927
6020 6612 2927
6020 6612 2927
6020 6612 2927
6020 6612 2927
6020 6612 2927
8462 6568 2927
8462 6568 2927
8462 6568 2927
8462 6568 2927
8462 6568 2927
8462 6568 2927
8462 6568 2927
8462 6568 2927
8462 6568 2927
8462 6568 2927
8462 6568 2927
8462 6568 2927
6507 7728 2928
6507 7728 2928
6507 7728 2928
6507 7728 2928
6507 7728 2928
6507 7728 2928
6507 7728 2928
6507 7728 2928
6507 7728 2928
6507 7728 2928
6507 7728 2928
6507 7728 2928
5987 5443 2928
5987 5443 2928
5987 5443 2928
5987 5443 2928
5987 5443 2928
5987 5443 2928
5987 5443 2928
5987 5443 2928
5987 5443 2928
5987 5443 2928
5987 5443 2928
5987 5443 2928
5387 5380 2928
5387 5380 2928
5387 5380 2928
5387 5380 2928
5387 5380 2928
5387 5380 2928
5387 5380 2928
5387 5380 2928
5387 5380 2928
5387 5380 2928
5387 5380 2928
5387 5380 2928
5537 5435 2929
5537 5435 2929
5537 5435 2929
5537 5435 2929
5537 5435 2929
5537 5435 2929
5537 5435 2929
5537 5435 2929
5537 5435 2929
5537 5435 2929
5537 5435 2929
5537 5435 2929
5537 5435 2929
7679 6529 2929
7679 6529 2929
7679 6529 2929
7679 6529 2929
7679 6529 2929
7679 6529 2929
7679 6529 2929
7679 6529 2929
7679 6529 2929
7679 6529 2929
7679 6529 2929
7679 6529 2929
7783 6009 2929
7783 6009 2929
7783 6009 2929
7783 6009 2929
7783 6009 2929
7783 6009 2929
7783 6009 2929
7783 6009 2929
7783 6009 2929
7783 6009 2929
7783 6009 2929
7783 6009 2929
8473 6613 2929
8473 6613 2929
8473 6613 2929
8473 6613 2929
8473 6613 2929
8473 6613 2929
8473 6613 2929
8473 6613 2929
8473 6613 2929
8473 6613 2929
8473 6613 2929
8473 6613 2929
8473 6613 2929
5534 5259 2930
5534 5259 2930
5534 5259 2930
5534 5259 2930
5534 5259 2930
5534 5259 2930
5534 5259 2930
5534 5259 2930
5534 5259 2930
5534 5259 2930
5534 5259 2930
5534 5259 2930
5534 5259 2930
6603 7687 2930
6603 7687 2930
6603 7687 2930
6603 7687 2930
6603 7687 2930
6603 7687 2930
6603 7687 2930
6603 7687 2930
6603 7687 2930
6603 7687 2930
6603 7687 2930
6603 7687 2930
6603 7687 2930
6406 6366 2931
6406 6366 2931
6406 6366 2931
6406 6366 2931
6406 6366 2931
6406 6366 2931
6406 6366 2931
6406 6366 2931
6406 6366 2931
6406 6366 2931
6406 6366 2931
6406 6366 2931
6406 6366 2931
5995 8440 2932
5995 8440 2932
5995 8440 2932
5995 8440 2932
5995 8440 2932
5995 8440 2932
5995 8440 2932
5995 8440 2932
5995 8440 2932
5995 8440 2932
5995 8440 2932
5995 8440 2932
5995 8440 2932
6562 8436 2932
6562 8436 2932
6562 8436 2932
6562 8436 2932
6562 8436 2932
6562 8436 2932
6562 8436 2932
6562 8436 2932
6562 8436 2932
6562 8436 2932
6562 8436 2932
6562 8436 2932
7668 6527 2932
7668 6527 2932
7668 6527 2932
7668 6527 2932
7668 6527 2932
7668 6527 2932
7668 6527 2932
7668 6527 2932
7668 6527 2932
7668 6527 2932
7668 6527 2932
7668 6527 2932
7668 6527 2932
6512 7806 2932
6512 7806 2932
6512 7806 2932
6512 7806 2932
6512 7806 2932
6512 7806 2932
6512 7806 2932
6512 7806 2932
6512 7806 2932
6512 7806 2932
6512 7806 2932
6512 7806 2932
5275 9148 2933
5275 9148 2933
5275 9148 2933
5275 9148 2933
5275 9148 2933
5275 9148 2933
5275 9148 2933
5275 9148 2933
5275 9148 2933
5275 9148 2933
5275 9148 2933
5275 9148 2933
5424 5409 2933
5424 5409 2933
5424 5409 2933
5424 5409 2933
5424 5409 2933
5424 5409 2933
5424 5409 2933
5424 5409 2933
5424 5409 2933
5424 5409 2933
5424 5409 2933
5424 5409 2933
5424 5409 2933
5414 8440 2933
5414 8440 2933
5414 8440 2933
5414 8440 2933
5414 8440 2933
5414 8440 2933
5414 8440 2933
5414 8440 2933
5414 8440 2933
5414 8440 2933
5414 8440 2933
5414 8440 2933
5414 8440 2933
5358 6589 2937
5358 6589 2937
5358 6589 2937
5358 6589 2937
5358 6589 2937
5358 6589 2937
5358 6589 2937
5358 6589 2937
5358 6589 2937
5358 6589 2937
5358 6589 2937
5358 6589 2937
5359 8453 2937
5359 8453 2937
5359 8453 2937
5359 8453 2937
5359 8453 2937
5359 8453 2937
5359 8453 2937
5359 8453 2937
5359 8453 2937
5359 8453 2937
5359 8453 2937
5359 8453 2937
6416 6563 2937
6416 6563 2937
6416 6563 2937
6416 6563 2937
6416 6563 2937
6416 6563 2937
6416 6563 2937
6416 6563 2937
6416 6563 2937
6416 6563 2937
6416 6563 2937
6416 6563 2937
6326 6486 2938
6326 6486 2938
6326 6486 2938
6326 6486 2938
6326 6486 2938
6326 6486 2938
6326 6486 2938
6326 6486 2938
6326 6486 2938
6326 6486 2938
6326 6486 2938
6326 6486 2938
6601 7739 2938
6601 7739 2938
6601 7739 2938
6601 7739 2938
6601 7739 2938
6601 7739 2938
6601 7739 2938
6601 7739 2938
6601 7739 2938
6601 7739 2938
6601 7739 2938
6601 7739 2938
5259 5273 2939
5259 5273 2939
5259 5273 2939
5259 5273 2939
5259 5273 2939
5259 5273 2939
5259 5273 2939
5259 5273 2939
5259 5273 2939
5259 5273 2939
5259 5273 2939
5259 5273 2939
5256 9158 2939
5256 9158 2939
5256 9158 2939
5256 9158 2939
5256 9158 2939
5256 9158 2939
5256 9158 2939
5256 9158 2939
5256 9158 2939
5256 9158 2939
5256 9158 2939
5256 9158 2939
7758 6601 2939
7758 6601 2939
7758 6601 2939
7758 6601 2939
7758 6601 2939
7758 6601 2939
7758 6601 2939
7758 6601 2939
7758 6601 2939
7758 6601 2939
7758 6601 2939
7758 6601 2939
7755 7844 2939
7755 7844 2939
7755 7844 2939
7755 7844 2939
7755 7844 2939
7755 7844 2939
7755 7844 2939
7755 7844 2939
7755 7844 2939
7755 7844 2939
7755 7844 2939
7755 7844 2939
6446 6496 2940
6446 6496 2940
6446 6496 2940
6446 6496 2940
6446 6496 2940
6446 6496 2940
6446 6496 2940
6446 6496 2940
6446 6496 2940
6446 6496 2940
6446 6496 2940
6446 6496 2940
6446 6496 2940
6511 9603 2940
6511 9603 2940
6511 9603 2940
6511 9603 2940
6511 9603 2940
6511 9603 2940
6511 9603 2940
6511 9603 2940
6511 9603 2940
6511 9603 2940
6511 9603 2940
6511 9603 2940
6511 9603 2940
7766 6582 2941
7766 6582 2941
7766 6582 2941
7766 6582 2941
7766 6582 2941
7766 6582 2941
7766 6582 2941
7766 6582 2941
7766 6582 2941
7766 6582 2941
7766 6582 2941
7766 6582 2941
7766 6582 2941
6542 6456 2941
6542 6456 2941
6542 6456 2941
6542 6456 2941
6542 6456 2941
6542 6456 2941
6542 6456 2941
6542 6456 2941
6542 6456 2941
6542 6456 2941
6542 6456 2941
6542 6456 2941
6542 6456 2941
8443 6602 2941
8443 6602 2941
8443 6602 2941
8443 6602 2941
8443 6602 2941
8443 6602 2941
8443 6602 2941
8443 6602 2941
8443 6602 2941
8443 6602 2941
8443 6602 2941
8443 6602 2941
7686 6452 2943
7686 6452 2943
7686 6452 2943
7686 6452 2943
7686 6452 2943
7686 6452 2943
7686 6452 2943
7686 6452 2943
7686 6452 2943
7686 6452 2943
7686 6452 2943
7686 6452 2943
7686 6452 2943
5396 7772 2943
5396 7772 2943
5396 7772 2943
5396 7772 2943
5396 7772 2943
5396 7772 2943
5396 7772 2943
5396 7772 2943
5396 7772 2943
5396 7772 2943
5396 7772 2943
5396 7772 2943
5396 7772 2943
7701 7889 2943
7701 7889 2943
7701 7889 2943
7701 7889 2943
7701 7889 2943
7701 7889 2943
7701 7889 2943
7701 7889 2943
7701 7889 2943
7701 7889 2943
7701 7889 2943
7701 7889 2943
5390 5369 2943
5390 5369 2943
5390 5369 2943
5390 5369 2943
5390 5369 2943
5390 5369 2943
5390 5369 2943
5390 5369 2943
5390 5369 2943
5390 5369 2943
5390 5369 2943
5390 5369 2943
5390 5369 2943
5392 5273 2943
5392 5273 2943
5392 5273 2943
5392 5273 2943
5392 5273 2943
5392 5273 2943
5392 5273 2943
5392 5273 2943
5392 5273 2943
5392 5273 2943
5392 5273 2943
5392 5273 2943
5392 5273 2943
5280 6001 2944
5280 6001 2944
5280 6001 2944
5280 6001 2944
5280 6001 2944
5280 6001 2944
5280 6001 2944
5280 6001 2944
5280 6001 2944
5280 6001 2944
5280 6001 2944
5280 6001 2944
5280 6001 2944
7809 6577 2944
7809 6577 2944
7809 6577 2944
7809 6577 2944
7809 6577 2944
7809 6577 2944
7809 6577 2944
7809 6577 2944
7809 6577 2944
7809 6577 2944
7809 6577 2944
7809 6577 2944
7809 6577 2944
7772 7731 2944
7772 7731 2944
7772 7731 2944
7772 7731 2944
7772 7731 2944
7772 7731 2944
7772 7731 2944
7772 7731 2944
7772 7731 2944
7772 7731 2944
7772 7731 2944
7772 7731 2944
8439 6558 2945
8439 6558 2945
8439 6558 2945
8439 6558 2945
8439 6558 2945
8439 6558 2945
8439 6558 2945
8439 6558 2945
8439 6558 2945
8439 6558 2945
8439 6558 2945
8439 6558 2945
6009 6042 2945
6009 6042 2945
6009 6042 2945
6009 6042 2945
6009 6042 2945
6009 6042 2945
6009 6042 2945
6009 6042 2945
6009 6042 2945
6009 6042 2945
6009 6042 2945
6009 6042 2945
5386 5405 2945
5386 5405 2945
5386 5405 2945
5386 5405 2945
5386 5405 2945
5386 5405 2945
5386 5405 2945
5386 5405 2945
5386 5405 2945
5386 5405 2945
5386 5405 2945
5386 5405 2945
5386 5405 2945
7722 6600 2946
7722 6600 2946
7722 6600 2946
7722 6600 2946
7722 6600 2946
7722 6600 2946
7722 6600 2946
7722 6600 2946
7722 6600 2946
7722 6600 2946
7722 6600 2946
7722 6600 2946
7722 6600 2946
6375 6344 2947
6375 6344 2947
6375 6344 2947
6375 6344 2947
6375 6344 2947
6375 6344 2947
6375 6344 2947
6375 6344 2947
6375 6344 2947
6375 6344 2947
6375 6344 2947
6375 6344 2947
5259 5297 2947
5259 5297 2947
5259 5297 2947
5259 5297 2947
5259 5297 2947
5259 5297 2947
5259 5297 2947
5259 5297 2947
5259 5297 2947
5259 5297 2947
5259 5297 2947
5259 5297 2947
5259 5297 2947
6537 6593 2947
6537 6593 2947
6537 6593 2947
6537 6593 2947
6537 6593 2947
6537 6593 2947
6537 6593 2947
6537 6593 2947
6537 6593 2947
6537 6593 2947
6537 6593 2947
6537 6593 2947
7762 8461 2948
7762 8461 2948
7762 8461 2948
7762 8461 2948
7762 8461 2948
7762 8461 2948
7762 8461 2948
7762 8461 2948
7762 8461 2948
7762 8461 2948
7762 8461 2948
7762 8461 2948
7762 8461 2948
7700 7940 2948
7700 7940 2948
7700 7940 2948
7700 7940 2948
7700 7940 2948
7700 7940 2948
7700 7940 2948
7700 7940 2948
7700 7940 2948
7700 7940 2948
7700 7940 2948
7700 7940 2948
6598 7777 2949
6598 7777 2949
6598 7777 2949
6598 7777 2949
6598 7777 2949
6598 7777 2949
6598 7777 2949
6598 7777 2949
6598 7777 2949
6598 7777 2949
6598 7777 2949
6598 7777 2949
6598 7777 2949
7690 7784 2949
7690 7784 2949
7690 7784 2949
7690 7784 2949
7690 7784 2949
7690 7784 2949
7690 7784 2949
7690 7784 2949
7690 7784 2949
7690 7784 2949
7690 7784 2949
7690 7784 2949
7690 7784 2949
6050 7706 2950
6050 7706 2950
6050 7706 2950
6050 7706 2950
6050 7706 2950
6050 7706 2950
6050 7706 2950
6050 7706 2950
6050 7706 2950
6050 7706 2950
6050 7706 2950
6050 7706 2950
6310 6472 2951
6310 6472 2951
6310 6472 2951
6310 6472 2951
6310 6472 2951
6310 6472 2951
6310 6472 2951
6310 6472 2951
6310 6472 2951
6310 6472 2951
6310 6472 2951
6310 6472 2951
6310 6472 2951
7776 5991 2951
7776 5991 2951
7776 5991 2951
7776 5991 2951
7776 5991 2951
7776 5991 2951
7776 5991 2951
7776 5991 2951
7776 5991 2951
7776 5991 2951
7776 5991 2951
7776 5991 2951
6380 5358 2952
6380 5358 2952
6380 5358 2952
6380 5358 2952
6380 5358 2952
6380 5358 2952
6380 5358 2952
6380 5358 2952
6380 5358 2952
6380 5358 2952
6380 5358 2952
6380 5358 2952
8455 7692 2952
8455 7692 2952
8455 7692 2952
8455 7692 2952
8455 7692 2952
8455 7692 2952
8455 7692 2952
8455 7692 2952
8455 7692 2952
8455 7692 2952
8455 7692 2952
8455 7692 2952
7825 7913 2952
7825 7913 2952
7825 7913 2952
7825 7913 2952
7825 7913 2952
7825 7913 2952
7825 7913 2952
7825 7913 2952
7825 7913 2952
7825 7913 2952
7825 7913 2952
7825 7913 2952
6543 5258 2952
6543 5258 2952
6543 5258 2952
6543 5258 2952
6543 5258 2952
6543 5258 2952
6543 5258 2952
6543 5258 2952
6543 5258 2952
6543 5258 2952
6543 5258 2952
6543 5258 2952
6543 5258 2952
6088 5402 2952
6088 5402 2952
6088 5402 2952
6088 5402 2952
6088 5402 2952
6088 5402 2952
6088 5402 2952
6088 5402 2952
6088 5402 2952
6088 5402 2952
6088 5402 2952
6088 5402 2952
7753 7745 2953
7753 7745 2953
7753 7745 2953
7753 7745 2953
7753 7745 2953
7753 7745 2953
7753 7745 2953
7753 7745 2953
7753 7745 2953
7753 7745 2953
7753 7745 2953
7753 7745 2953
7753 7745 2953
8467 5413 2953
8467 5413 2953
8467 5413 2953
8467 5413 2953
8467 5413 2953
8467 5413 2953
8467 5413 2953
8467 5413 2953
8467 5413 2953
8467 5413 2953
8467 5413 2953
8467 5413 2953
8442 5424 2954
8442 5424 2954
8442 5424 2954
8442 5424 2954
8442 5424 2954
8442 5424 2954
8442 5424 2954
8442 5424 2954
8442 5424 2954
8442 5424 2954
8442 5424 2954
8442 5424 2954
8442 5424 2954
7781 7700 2955
7781 7700 2955
7781 7700 2955
7781 7700 2955
7781 7700 2955
7781 7700 2955
7781 7700 2955
7781 7700 2955
7781 7700 2955
7781 7700 2955
7781 7700 2955
7781 7700 2955
7781 7700 2955
7690 7718 2955
7690 7718 2955
7690 7718 2955
7690 7718 2955
7690 7718 2955
7690 7718 2955
7690 7718 2955
7690 7718 2955
7690 7718 2955
7690 7718 2955
7690 7718 2955
7690 7718 2955
7690 7718 2955
6608 5361 2955
6608 5361 2955
6608 5361 2955
6608 5361 2955
6608 5361 2955
6608 5361 2955
6608 5361 2955
6608 5361 2955
6608 5361 2955
6608 5361 2955
6608 5361 2955
6608 5361 2955
6532 7772 2955
6532 7772 2955
6532 7772 2955
6532 7772 2955
6532 7772 2955
6532 7772 2955
6532 7772 2955
6532 7772 2955
6532 7772 2955
6532 7772 2955
6532 7772 2955
6532 7772 2955
6557 7676 2956
6557 7676 2956
6557 7676 2956
6557 7676 2956
6557 7676 2956
6557 7676 2956
6557 7676 2956
6557 7676 2956
6557 7676 2956
6557 7676 2956
6557 7676 2956
6557 7676 2956
6557 7676 2956
7691 5990 2957
7691 5990 2957
7691 5990 2957
7691 5990 2957
7691 5990 2957
7691 5990 2957
7691 5990 2957
7691 5990 2957
7691 5990 2957
7691 5990 2957
7691 5990 2957
7691 5990 2957
7691 5990 2957
6499 9615 2957
6499 9615 2957
6499 9615 2957
6499 9615 2957
6499 9615 2957
6499 9615 2957
6499 9615 2957
6499 9615 2957
6499 9615 2957
6499 9615 2957
6499 9615 2957
6499 9615 2957
5267 5395 2958
5267 5395 2958
5267 5395 2958
5267 5395 2958
5267 5395 2958
5267 5395 2958
5267 5395 2958
5267 5395 2958
5267 5395 2958
5267 5395 2958
5267 5395 2958
5267 5395 2958
8439 6562 2958
8439 6562 2958
8439 6562 2958
8439 6562 2958
8439 6562 2958
8439 6562 2958
8439 6562 2958
8439 6562 2958
8439 6562 2958
8439 6562 2958
8439 6562 2958
8439 6562 2958
8439 6562 2958
7692 6587 2958
7692 6587 2958
7692 6587 2958
7692 6587 2958
7692 6587 2958
7692 6587 2958
7692 6587 2958
7692 6587 2958
7692 6587 2958
7692 6587 2958
7692 6587 2958
7692 6587 2958
7692 6587 2958
7769 8448 2958
7769 8448 2958
7769 8448 2958
7769 8448 2958
7769 8448 2958
7769 8448 2958
7769 8448 2958
7769 8448 2958
7769 8448 2958
7769 8448 2958
7769 8448 2958
7769 8448 2958
7769 8448 2958
7697 8477 2959
7697 8477 2959
7697 8477 2959
7697 8477 2959
7697 8477 2959
7697 8477 2959
7697 8477 2959
7697 8477 2959
7697 8477 2959
7697 8477 2959
7697 8477 2959
7697 8477 2959
7697 8477 2959
6603 7783 2959
6603 7783 2959
6603 7783 2959
6603 7783 2959
6603 7783 2959
6603 7783 2959
6603 7783 2959
6603 7783 2959
6603 7783 2959
6603 7783 2959
6603 7783 2959
6603 7783 2959
5994 7755 2959
5994 7755 2959
5994 7755 2959
5994 7755 2959
5994 7755 2959
5994 7755 2959
5994 7755 2959
5994 7755 2959
5994 7755 2959
5994 7755 2959
5994 7755 2959
5994 7755 2959
7633 7724 2959
7633 7724 2959
7633 7724 2959
7633 7724 2959
7633 7724 2959
7633 7724 2959
7633 7724 2959
7633 7724 2959
7633 7724 2959
7633 7724 2959
7633 7724 2959
7633 7724 2959
7633 7724 2959
7832 5924 2959
7832 5924 2959
7832 5924 2959
7832 5924 2959
7832 5924 2959
7832 5924 2959
7832 5924 2959
7832 5924 2959
7832 5924 2959
7832 5924 2959
7832 5924 2959
7832 5924 2959
7832 5924 2959
5287 9157 2959
5287 9157 2959
5287 9157 2959
5287 9157 2959
5287 9157 2959
5287 9157 2959
5287 9157 2959
5287 9157 2959
5287 9157 2959
5287 9157 2959
5287 9157 2959
5287 9157 2959
6583 6549 2960
6583 6549 2960
6583 6549 2960
6583 6549 2960
6583 6549 2960
6583 6549 2960
6583 6549 2960
6583 6549 2960
6583 6549 2960
6583 6549 2960
6583 6549 2960
6583 6549 2960
6583 6549 2960
9146 5243 2960
9146 5243 2960
9146 5243 2960
9146 5243 2960
9146 5243 2960
9146 5243 2960
9146 5243 2960
9146 5243 2960
9146 5243 2960
9146 5243 2960
9146 5243 2960
9146 5243 2960
9146 5243 2960
7716 7784 2960
7716 7784 2960
7716 7784 2960
7716 7784 2960
7716 7784 2960
7716 7784 2960
7716 7784 2960
7716 7784 2960
7716 7784 2960
7716 7784 2960
7716 7784 2960
7716 7784 2960
6449 7704 2960
6449 7704 2960
6449 7704 2960
6449 7704 2960
6449 7704 2960
6449 7704 2960
6449 7704 2960
6449 7704 2960
6449 7704 2960
6449 7704 2960
6449 7704 2960
6449 7704 2960
8455 6566 2960
8455 6566 2960
8455 6566 2960
8455 6566 2960
8455 6566 2960
8455 6566 2960
8455 6566 2960
8455 6566 2960
8455 6566 2960
8455 6566 2960
8455 6566 2960
8455 6566 2960
8455 6566 2960
6359 6454 2960
6359 6454 2960
6359 6454 2960
6359 6454 2960
6359 6454 2960
6359 6454 2960
6359 6454 2960
6359 6454 2960
6359 6454 2960
6359 6454 2960
6359 6454 2960
6359 6454 2960
6359 6454 2960
6508 6499 2961
6508 6499 2961
6508 6499 2961
6508 6499 2961
6508 6499 2961
6508 6499 2961
6508 6499 2961
6508 6499 2961
6508 6499 2961
6508 6499 2961
6508 6499 2961
6508 6499 2961
6508 6499 2961
7676 7694 2961
7676 7694 2961
7676 7694 2961
7676 7694 2961
7676 7694 2961
7676 7694 2961
7676 7694 2961
7676 7694 2961
7676 7694 2961
7676 7694 2961
7676 7694 2961
7676 7694 2961
7676 7694 2961
8760 5289 2962
8760 5289 2962
8760 5289 2962
8760 5289 2962
8760 5289 2962
8760 5289 2962
8760 5289 2962
8760 5289 2962
8760 5289 2962
8760 5289 2962
8760 5289 2962
8760 5289 2962
7699 7724 2962
7699 7724 2962
7699 7724 2962
7699 7724 2962
7699 7724 2962
7699 7724 2962
7699 7724 2962
7699 7724 2962
7699 7724 2962
7699 7724 2962
7699 7724 2962
7699 7724 2962
7699 7724 2962
7912 8485 2962
7912 8485 2962
7912 8485 2962
7912 8485 2962
7912 8485 2962
7912 8485 2962
7912 8485 2962
7912 8485 2962
7912 8485 2962
7912 8485 2962
7912 8485 2962
7912 8485 2962
5272 5356 2963
5272 5356 2963
5272 5356 2963
5272 5356 2963
5272 5356 2963
5272 5356 2963
5272 5356 2963
5272 5356 2963
5272 5356 2963
5272 5356 2963
5272 5356 2963
5272 5356 2963
5272 5356 2963
7710 7707 2963
7710 7707 2963
7710 7707 2963
7710 7707 2963
7710 7707 2963
7710 7707 2963
7710 7707 2963
7710 7707 2963
7710 7707 2963
7710 7707 2963
7710 7707 2963
7710 7707 2963
5283 8447 2964
5283 8447 2964
5283 8447 2964
5283 8447 2964
5283 8447 2964
5283 8447 2964
5283 8447 2964
5283 8447 2964
5283 8447 2964
5283 8447 2964
5283 8447 2964
5283 8447 2964
6542 6508 2964
6542 6508 2964
6542 6508 2964
6542 6508 2964
6542 6508 2964
6542 6508 2964
6542 6508 2964
6542 6508 2964
6542 6508 2964
6542 6508 2964
6542 6508 2964
6542 6508 2964
6542 6508 2964
5287 8439 2967
5287 8439 2967
5287 8439 2967
5287 8439 2967
5287 8439 2967
5287 8439 2967
5287 8439 2967
5287 8439 2967
5287 8439 2967
5287 8439 2967
5287 8439 2967
5287 8439 2967
5287 8439 2967
7679 7677 2968
7679 7677 2968
7679 7677 2968
7679 7677 2968
7679 7677 2968
7679 7677 2968
7679 7677 2968
7679 7677 2968
7679 7677 2968
7679 7677 2968
7679 7677 2968
7679 7677 2968
7679 7677 2968
5994 6594 2968
5994 6594 2968
5994 6594 2968
5994 6594 2968
5994 6594 2968
5994 6594 2968
5994 6594 2968
5994 6594 2968
5994 6594 2968
5994 6594 2968
5994 6594 2968
5994 6594 2968
6590 7754 2970
6590 7754 2970
6590 7754 2970
6590 7754 2970
6590 7754 2970
6590 7754 2970
6590 7754 2970
6590 7754 2970
6590 7754 2970
6590 7754 2970
6590 7754 2970
6590 7754 2970
6010 8468 2970
6010 8468 2970
6010 8468 2970
6010 8468 2970
6010 8468 2970
6010 8468 2970
6010 8468 2970
6010 8468 2970
6010 8468 2970
6010 8468 2970
6010 8468 2970
6010 8468 2970
5367 8435 2971
5367 8435 2971
5367 8435 2971
5367 8435 2971
5367 8435 2971
5367 8435 2971
5367 8435 2971
5367 8435 2971
5367 8435 2971
5367 8435 2971
5367 8435 2971
5367 8435 2971
5367 8435 2971
5399 5255 2971
5399 5255 2971
5399 5255 2971
5399 5255 2971
5399 5255 2971
5399 5255 2971
5399 5255 2971
5399 5255 2971
5399 5255 2971
5399 5255 2971
5399 5255 2971
5399 5255 2971
5925 7675 2971
5925 7675 2971
5925 7675 2971
5925 7675 2971
5925 7675 2971
5925 7675 2971
5925 7675 2971
5925 7675 2971
5925 7675 2971
5925 7675 2971
5925 7675 2971
5925 7675 2971
5925 7675 2971
7701 7761 2971
7701 7761 2971
7701 7761 2971
7701 7761 2971
7701 7761 2971
7701 7761 2971
7701 7761 2971
7701 7761 2971
7701 7761 2971
7701 7761 2971
7701 7761 2971
7701 7761 2971
7748 6605 2972
7748 6605 2972
7748 6605 2972
7748 6605 2972
7748 6605 2972
7748 6605 2972
7748 6605 2972
7748 6605 2972
7748 6605 2972
7748 6605 2972
7748 6605 2972
7748 6605 2972
7748 6605 2972
7680 7814 2972
7680 7814 2972
7680 7814 2972
7680 7814 2972
7680 7814 2972
7680 7814 2972
7680 7814 2972
7680 7814 2972
7680 7814 2972
7680 7814 2972
7680 7814 2972
7680 7814 2972
7680 7814 2972
7909 7814 2972
7909 7814 2972
7909 7814 2972
7909 7814 2972
7909 7814 2972
7909 7814 2972
7909 7814 2972
7909 7814 2972
7909 7814 2972
7909 7814 2972
7909 7814 2972
7909 7814 2972
5442 5353 2972
5442 5353 2972
5442 5353 2972
5442 5353 2972
5442 5353 2972
5442 5353 2972
5442 5353 2972
5442 5353 2972
5442 5353 2972
5442 5353 2972
5442 5353 2972
5442 5353 2972
6378 6475 2973
6378 6475 2973
6378 6475 2973
6378 6475 2973
6378 6475 2973
6378 6475 2973
6378 6475 2973
6378 6475 2973
6378 6475 2973
6378 6475 2973
6378 6475 2973
6378 6475 2973
7822 7741 2973
7822 7741 2973
7822 7741 2973
7822 7741 2973
7822 7741 2973
7822 7741 2973
7822 7741 2973
7822 7741 2973
7822 7741 2973
7822 7741 2973
7822 7741 2973
7822 7741 2973
6568 5386 2974
6568 5386 2974
6568 5386 2974
6568 5386 2974
6568 5386 2974
6568 5386 2974
6568 5386 2974
6568 5386 2974
6568 5386 2974
6568 5386 2974
6568 5386 2974
6568 5386 2974
6613 5392 2974
6613 5392 2974
6613 5392 2974
6613 5392 2974
6613 5392 2974
6613 5392 2974
6613 5392 2974
6613 5392 2974
6613 5392 2974
6613 5392 2974
6613 5392 2974
6613 5392 2974
6613 5392 2974
7724 6595 2974
7724 6595 2974
7724 6595 2974
7724 6595 2974
7724 6595 2974
7724 6595 2974
7724 6595 2974
7724 6595 2974
7724 6595 2974
7724 6595 2974
7724 6595 2974
7724 6595 2974
7725 7948 2974
7725 7948 2974
7725 7948 2974
7725 7948 2974
7725 7948 2974
7725 7948 2974
7725 7948 2974
7725 7948 2974
7725 7948 2974
7725 7948 2974
7725 7948 2974
7725 7948 2974
7725 7948 2974
8434 8687 2975
8434 8687 2975
8434 8687 2975
8434 8687 2975
8434 8687 2975
8434 8687 2975
8434 8687 2975
8434 8687 2975
8434 8687 2975
8434 8687 2975
8434 8687 2975
8434 8687 2975
8434 8687 2975
8449 7724 2976
8449 7724 2976
8449 7724 2976
8449 7724 2976
8449 7724 2976
8449 7724 2976
8449 7724 2976
8449 7724 2976
8449 7724 2976
8449 7724 2976
8449 7724 2976
8449 7724 2976
8449 7724 2976
7922 7830 2976
7922 7830 2976
7922 7830 2976
7922 7830 2976
7922 7830 2976
7922 7830 2976
7922 7830 2976
7922 7830 2976
7922 7830 2976
7922 7830 2976
7922 7830 2976
7922 7830 2976
7922 7830 2976
7772 6609 2976
7772 6609 2976
7772 6609 2976
7772 6609 2976
7772 6609 2976
7772 6609 2976
7772 6609 2976
7772 6609 2976
7772 6609 2976
7772 6609 2976
7772 6609 2976
7772 6609 2976
7772 6609 2976
6475 7687 2976
6475 7687 2976
6475 7687 2976
6475 7687 2976
6475 7687 2976
6475 7687 2976
6475 7687 2976
6475 7687 2976
6475 7687 2976
6475 7687 2976
6475 7687 2976
6475 7687 2976
6038 5522 2976
6038 5522 2976
6038 5522 2976
6038 5522 2976
6038 5522 2976
6038 5522 2976
6038 5522 2976
6038 5522 2976
6038 5522 2976
6038 5522 2976
6038 5522 2976
6038 5522 2976
6472 7664 2977
6472 7664 2977
6472 7664 2977
6472 7664 2977
6472 7664 2977
6472 7664 2977
6472 7664 2977
6472 7664 2977
6472 7664 2977
6472 7664 2977
6472 7664 2977
6472 7664 2977
6551 6537 2977
6551 6537 2977
6551 6537 2977
6551 6537 2977
6551 6537 2977
6551 6537 2977
6551 6537 2977
6551 6537 2977
6551 6537 2977
6551 6537 2977
6551 6537 2977
6551 6537 2977
6551 6537 2977
6520 7749 2978
6520 7749 2978
6520 7749 2978
6520 7749 2978
6520 7749 2978
6520 7749 2978
6520 7749 2978
6520 7749 2978
6520 7749 2978
6520 7749 2978
6520 7749 2978
6520 7749 2978
5284 8434 2978
5284 8434 2978
5284 8434 2978
5284 8434 2978
5284 8434 2978
5284 8434 2978
5284 8434 2978
5284 8434 2978
5284 8434 2978
5284 8434 2978
5284 8434 2978
5284 8434 2978
5284 8434 2978
5398 5310 2980
5398 5310 2980
5398 5310 2980
5398 5310 2980
5398 5310 2980
5398 5310 2980
5398 5310 2980
5398 5310 2980
5398 5310 2980
5398 5310 2980
5398 5310 2980
5398 5310 2980
5398 5310 2980
7773 7843 2980
7773 7843 2980
7773 7843 2980
7773 7843 2980
7773 7843 2980
7773 7843 2980
7773 7843 2980
7773 7843 2980
7773 7843 2980
7773 7843 2980
7773 7843 2980
7773 7843 2980
6043 6600 2980
6043 6600 2980
6043 6600 2980
6043 6600 2980
6043 6600 2980
6043 6600 2980
6043 6600 2980
6043 6600 2980
6043 6600 2980
6043 6600 2980
6043 6600 2980
6043 6600 2980
5359 6019 2981
5359 6019 2981
5359 6019 2981
5359 6019 2981
5359 6019 2981
5359 6019 2981
5359 6019 2981
5359 6019 2981
5359 6019 2981
5359 6019 2981
5359 6019 2981
5359 6019 2981
7769 7739 2981
7769 7739 2981
7769 7739 2981
7769 7739 2981
7769 7739 2981
7769 7739 2981
7769 7739 2981
7769 7739 2981
7769 7739 2981
7769 7739 2981
7769 7739 2981
7769 7739 2981
7769 7739 2981
8710 6390 2982
8710 6390 2982
8710 6390 2982
8710 6390 2982
8710 6390 2982
8710 6390 2982
8710 6390 2982
8710 6390 2982
8710 6390 2982
8710 6390 2982
8710 6390 2982
8710 6390 2982
8710 6390 2982
6613 8436 2982
6613 8436 2982
6613 8436 2982
6613 8436 2982
6613 8436 2982
6613 8436 2982
6613 8436 2982
6613 8436 2982
6613 8436 2982
6613 8436 2982
6613 8436 2982
6613 8436 2982
5993 7774 2983
5993 7774 2983
5993 7774 2983
5993 7774 2983
5993 7774 2983
5993 7774 2983
5993 7774 2983
5993 7774 2983
5993 7774 2983
5993 7774 2983
5993 7774 2983
5993 7774 2983
5993 7774 2983
5252 9158 2983
5252 9158 2983
5252 9158 2983
5252 9158 2983
5252 9158 2983
5252 9158 2983
5252 9158 2983
5252 9158 2983
5252 9158 2983
5252 9158 2983
5252 9158 2983
5252 9158 2983
5252 9158 2983
6517 7747 2983
6517 7747 2983
6517 7747 2983
6517 7747 2983
6517 7747 2983
6517 7747 2983
6517 7747 2983
6517 7747 2983
6517 7747 2983
6517 7747 2983
6517 7747 2983
6517 7747 2983
6517 7747 2983
8475 9715 2984
8475 9715 2984
8475 9715 2984
8475 9715 2984
8475 9715 2984
8475 9715 2984
8475 9715 2984
8475 9715 2984
8475 9715 2984
8475 9715 2984
8475 9715 2984
8475 9715 2984
8475 9715 2984
6586 5390 2984
6586 5390 2984
6586 5390 2984
6586 5390 2984
6586 5390 2984
6586 5390 2984
6586 5390 2984
6586 5390 2984
6586 5390 2984
6586 5390 2984
6586 5390 2984
6586 5390 2984
8470 7917 2985
8470 7917 2985
8470 7917 2985
8470 7917 2985
8470 7917 2985
8470 7917 2985
8470 7917 2985
8470 7917 2985
8470 7917 2985
8470 7917 2985
8470 7917 2985
8470 7917 2985
8470 7917 2985
5414 5385 2986
5414 5385 2986
5414 5385 2986
5414 5385 2986
5414 5385 2986
5414 5385 2986
5414 5385 2986
5414 5385 2986
5414 5385 2986
5414 5385 2986
5414 5385 2986
5414 5385 2986
5414 5385 2986
6407 8687 2987
6407 8687 2987
6407 8687 2987
6407 8687 2987
6407 8687 2987
6407 8687 2987
6407 8687 2987
6407 8687 2987
6407 8687 2987
6407 8687 2987
6407 8687 2987
6407 8687 2987
6407 8687 2987
5354 6541 2988
5354 6541 2988
5354 6541 2988
5354 6541 2988
5354 6541 2988
5354 6541 2988
5354 6541 2988
5354 6541 2988
5354 6541 2988
5354 6541 2988
5354 6541 2988
5354 6541 2988
5358 6607 2989
5358 6607 2989
5358 6607 2989
5358 6607 2989
5358 6607 2989
5358 6607 2989
5358 6607 2989
5358 6607 2989
5358 6607 2989
5358 6607 2989
5358 6607 2989
5358 6607 2989
5358 6607 2989
8467 5424 2989
8467 5424 2989
8467 5424 2989
8467 5424 2989
8467 5424 2989
8467 5424 2989
8467 5424 2989
8467 5424 2989
8467 5424 2989
8467 5424 2989
8467 5424 2989
8467 5424 2989
6583 6541 2989
6583 6541 2989
6583 6541 2989
6583 6541 2989
6583 6541 2989
6583 6541 2989
6583 6541 2989
6583 6541 2989
6583 6541 2989
6583 6541 2989
6583 6541 2989
6583 6541 2989
8431 8452 2990
8431 8452 2990
8431 8452 2990
8431 8452 2990
8431 8452 2990
8431 8452 2990
8431 8452 2990
8431 8452 2990
8431 8452 2990
8431 8452 2990
8431 8452 2990
8431 8452 2990
5355 5393 2990
5355 5393 2990
5355 5393 2990
5355 5393 2990
5355 5393 2990
5355 5393 2990
5355 5393 2990
5355 5393 2990
5355 5393 2990
5355 5393 2990
5355 5393 2990
5355 5393 2990
5355 5393 2990
8781 5280 2992
8781 5280 2992
8781 5280 2992
8781 5280 2992
8781 5280 2992
8781 5280 2992
8781 5280 2992
8781 5280 2992
8781 5280 2992
8781 5280 2992
8781 5280 2992
8781 5280 2992
8781 5280 2992
6521 6491 2992
6521 6491 2992
6521 6491 2992
6521 6491 2992
6521 6491 2992
6521 6491 2992
6521 6491 2992
6521 6491 2992
6521 6491 2992
6521 6491 2992
6521 6491 2992
6521 6491 2992
8678 8432 2992
8678 8432 2992
8678 8432 2992
8678 8432 2992
8678 8432 2992
8678 8432 2992
8678 8432 2992
8678 8432 2992
8678 8432 2992
8678 8432 2992
8678 8432 2992
8678 8432 2992
7753 6042 2993
7753 6042 2993
7753 6042 2993
7753 6042 2993
7753 6042 2993
7753 6042 2993
7753 6042 2993
7753 6042 2993
7753 6042 2993
7753 6042 2993
7753 6042 2993
7753 6042 2993
7775 7973 2993
7775 7973 2993
7775 7973 2993
7775 7973 2993
7775 7973 2993
7775 7973 2993
7775 7973 2993
7775 7973 2993
7775 7973 2993
7775 7973 2993
7775 7973 2993
7775 7973 2993
7775 7973 2993
6035 5439 2995
6035 5439 2995
6035 5439 2995
6035 5439 2995
6035 5439 2995
6035 5439 2995
6035 5439 2995
6035 5439 2995
6035 5439 2995
6035 5439 2995
6035 5439 2995
6035 5439 2995
5441 5258 2995
5441 5258 2995
5441 5258 2995
5441 5258 2995
5441 5258 2995
5441 5258 2995
5441 5258 2995
5441 5258 2995
5441 5258 2995
5441 5258 2995
5441 5258 2995
5441 5258 2995
5441 5258 2995
7731 6573 2996
7731 6573 2996
7731 6573 2996
7731 6573 2996
7731 6573 2996
7731 6573 2996
7731 6573 2996
7731 6573 2996
7731 6573 2996
7731 6573 2996
7731 6573 2996
7731 6573 2996
7731 6573 2996
7676 7749 2996
7676 7749 2996
7676 7749 2996
7676 7749 2996
7676 7749 2996
7676 7749 2996
7676 7749 2996
7676 7749 2996
7676 7749 2996
7676 7749 2996
7676 7749 2996
7676 7749 2996
6418 9146 2996
6418 9146 2996
6418 9146 2996
6418 9146 2996
6418 9146 2996
6418 9146 2996
6418 9146 2996
6418 9146 2996
6418 9146 2996
6418 9146 2996
6418 9146 2996
6418 9146 2996
6418 9146 2996
7770 6537 2997
7770 6537 2997
7770 6537 2997
7770 6537 2997
7770 6537 2997
7770 6537 2997
7770 6537 2997
7770 6537 2997
7770 6537 2997
7770 6537 2997
7770 6537 2997
7770 6537 2997
7770 6537 2997
5401 5259 2997
5401 5259 2997
5401 5259 2997
5401 5259 2997
5401 5259 2997
5401 5259 2997
5401 5259 2997
5401 5259 2997
5401 5259 2997
5401 5259 2997
5401 5259 2997
5401 5259 2997
5367 5986 2997
5367 5986 2997
5367 5986 2997
5367 5986 2997
5367 5986 2997
5367 5986 2997
5367 5986 2997
5367 5986 2997
5367 5986 2997
5367 5986 2997
5367 5986 2997
5367 5986 2997
5992 5369 2998
5992 5369 2998
5992 5369 2998
5992 5369 2998
5992 5369 2998
5992 5369 2998
5992 5369 2998
5992 5369 2998
5992 5369 2998
5992 5369 2998
5992 5369 2998
5992 5369 2998
5992 5369 2998
6561 8449 2998
6561 8449 2998
6561 8449 2998
6561 8449 2998
6561 8449 2998
6561 8449 2998
6561 8449 2998
6561 8449 2998
6561 8449 2998
6561 8449 2998
6561 8449 2998
6561 8449 2998
6561 8449 2998
6523 8440 2998
6523 8440 2998
6523 8440 2998
6523 8440 2998
6523 8440 2998
6523 8440 2998
6523 8440 2998
6523 8440 2998
6523 8440 2998
6523 8440 2998
6523 8440 2998
6523 8440 2998
6025 5456 2999
6025 5456 2999
6025 5456 2999
6025 5456 2999
6025 5456 2999
6025 5456 2999
6025 5456 2999
6025 5456 2999
6025 5456 2999
6025 5456 2999
6025 5456 2999
6025 5456 2999
6025 5456 2999
7754 7965 2999
7754 7965 2999
7754 7965 2999
7754 7965 2999
7754 7965 2999
7754 7965 2999
7754 7965 2999
7754 7965 2999
7754 7965 2999
7754 7965 2999
7754 7965 2999
7754 7965 2999
7754 7965 2999
9143 9635 3001
9143 9635 3001
9143 9635 3001
9143 9635 3001
9143 9635 3001
9143 9635 3001
9143 9635 3001
9143 9635 3001
9143 9635 3001
9143 9635 3001
9143 9635 3001
9143 9635 3001
9143 9635 3001
5421 5548 3002
5421 5548 3002
5421 5548 3002
5421 5548 3002
5421 5548 3002
5421 5548 3002
5421 5548 3002
5421 5548 3002
5421 5548 3002
5421 5548 3002
5421 5548 3002
5421 5548 3002
7679 9672 3002
7679 9672 3002
7679 9672 3002
7679 9672 3002
7679 9672 3002
7679 9672 3002
7679 9672 3002
7679 9672 3002
7679 9672 3002
7679 9672 3002
7679 9672 3002
7679 9672 3002
8696 6408 3002
8696 6408 3002
8696 6408 3002
8696 6408 3002
8696 6408 3002
8696 6408 3002
8696 6408 3002
8696 6408 3002
8696 6408 3002
8696 6408 3002
8696 6408 3002
8696 6408 3002
7710 5359 3002
7710 5359 3002
7710 5359 3002
7710 5359 3002
7710 5359 3002
7710 5359 3002
7710 5359 3002
7710 5359 3002
7710 5359 3002
7710 5359 3002
7710 5359 3002
7710 5359 3002
7710 5359 3002
5414 5310 3002
5414 5310 3002
5414 5310 3002
5414 5310 3002
5414 5310 3002
5414 5310 3002
5414 5310 3002
5414 5310 3002
5414 5310 3002
5414 5310 3002
5414 5310 3002
5414 5310 3002
5414 5310 3002
6583 6611 3005
6583 6611 3005
6583 6611 3005
6583 6611 3005
6583 6611 3005
6583 6611 3005
6583 6611 3005
6583 6611 3005
6583 6611 3005
6583 6611 3005
6583 6611 3005
6583 6611 3005
8683 6455 3005
8683 6455 3005
8683 6455 3005
8683 6455 3005
8683 6455 3005
8683 6455 3005
8683 6455 3005
8683 6455 3005
8683 6455 3005
8683 6455 3005
8683 6455 3005
8683 6455 3005
6580 6544 3005
6580 6544 3005
6580 6544 3005
6580 6544 3005
6580 6544 3005
6580 6544 3005
6580 6544 3005
6580 6544 3005
6580 6544 3005
6580 6544 3005
6580 6544 3005
6580 6544 3005
7753 6561 3005
7753 6561 3005
7753 6561 3005
7753 6561 3005
7753 6561 3005
7753 6561 3005
7753 6561 3005
7753 6561 3005
7753 6561 3005
7753 6561 3005
7753 6561 3005
7753 6561 3005
7739 7934 3005
7739 7934 3005
7739 7934 3005
7739 7934 3005
7739 7934 3005
7739 7934 3005
7739 7934 3005
7739 7934 3005
7739 7934 3005
7739 7934 3005
7739 7934 3005
7739 7934 3005
7739 7934 3005
8687 6564 3005
8687 6564 3005
8687 6564 3005
8687 6564 3005
8687 6564 3005
8687 6564 3005
8687 6564 3005
8687 6564 3005
8687 6564 3005
8687 6564 3005
8687 6564 3005
8687 6564 3005
6052 7960 3006
6052 7960 3006
6052 7960 3006
6052 7960 3006
6052 7960 3006
6052 7960 3006
6052 7960 3006
6052 7960 3006
6052 7960 3006
6052 7960 3006
6052 7960 3006
6052 7960 3006
6010 5354 3006
6010 5354 3006
6010 5354 3006
6010 5354 3006
6010 5354 3006
6010 5354 3006
6010 5354 3006
6010 5354 3006
6010 5354 3006
6010 5354 3006
6010 5354 3006
6010 5354 3006
6010 5354 3006
7761 6543 3006
7761 6543 3006
7761 6543 3006
7761 6543 3006
7761 6543 3006
7761 6543 3006
7761 6543 3006
7761 6543 3006
7761 6543 3006
7761 6543 3006
7761 6543 3006
7761 6543 3006
7717 7734 3006
7717 7734 3006
7717 7734 3006
7717 7734 3006
7717 7734 3006
7717 7734 3006
7717 7734 3006
7717 7734 3006
7717 7734 3006
7717 7734 3006
7717 7734 3006
7717 7734 3006
5403 8436 3006
5403 8436 3006
5403 8436 3006
5403 8436 3006
5403 8436 3006
5403 8436 3006
5403 8436 3006
5403 8436 3006
5403 8436 3006
5403 8436 3006
5403 8436 3006
5403 8436 3006
5403 8436 3006
6038 5444 3007
6038 5444 3007
6038 5444 3007
6038 5444 3007
6038 5444 3007
6038 5444 3007
6038 5444 3007
6038 5444 3007
6038 5444 3007
6038 5444 3007
6038 5444 3007
6038 5444 3007
6582 6371 3007
6582 6371 3007
6582 6371 3007
6582 6371 3007
6582 6371 3007
6582 6371 3007
6582 6371 3007
6582 6371 3007
6582 6371 3007
6582 6371 3007
6582 6371 3007
6582 6371 3007
5545 5392 3008
5545 5392 3008
5545 5392 3008
5545 5392 3008
5545 5392 3008
5545 5392 3008
5545 5392 3008
5545 5392 3008
5545 5392 3008
5545 5392 3008
5545 5392 3008
5545 5392 3008
5545 5392 3008
7730 7766 3009
7730 7766 3009
7730 7766 3009
7730 7766 3009
7730 7766 3009
7730 7766 3009
7730 7766 3009
7730 7766 3009
7730 7766 3009
7730 7766 3009
7730 7766 3009
7730 7766 3009
8467 8436 3009
8467 8436 3009
8467 8436 3009
8467 8436 3009
8467 8436 3009
8467 8436 3009
8467 8436 3009
8467 8436 3009
8467 8436 3009
8467 8436 3009
8467 8436 3009
8467 8436 3009
8432 6382 3009
8432 6382 3009
8432 6382 3009
8432 6382 3009
8432 6382 3009
8432 6382 3009
8432 6382 3009
8432 6382 3009
8432 6382 3009
8432 6382 3009
8432 6382 3009
8432 6382 3009
7692 7911 3011
7692 7911 3011
7692 7911 3011
7692 7911 3011
7692 7911 3011
7692 7911 3011
7692 7911 3011
7692 7911 3011
7692 7911 3011
7692 7911 3011
7692 7911 3011
7692 7911 3011
5413 5387 3012
5413 5387 3012
5413 5387 3012
5413 5387 3012
5413 5387 3012
5413 5387 3012
5413 5387 3012
5413 5387 3012
5413 5387 3012
5413 5387 3012
5413 5387 3012
5413 5387 3012
5413 5387 3012
6584 6448 3013
6584 6448 3013
6584 6448 3013
6584 6448 3013
6584 6448 3013
6584 6448 3013
6584 6448 3013
6584 6448 3013
6584 6448 3013
6584 6448 3013
6584 6448 3013
6584 6448 3013
7721 8437 3014
7721 8437 3014
7721 8437 3014
7721 8437 3014
7721 8437 3014
7721 8437 3014
7721 8437 3014
7721 8437 3014
7721 8437 3014
7721 8437 3014
7721 8437 3014
7721 8437 3014
8471 6590 3014
8471 6590 3014
8471 6590 3014
8471 6590 3014
8471 6590 3014
8471 6590 3014
8471 6590 3014
8471 6590 3014
8471 6590 3014
8471 6590 3014
8471 6590 3014
8471 6590 3014
5924 7913 3014
5924 7913 3014
5924 7913 3014
5924 7913 3014
5924 7913 3014
5924 7913 3014
5924 7913 3014
5924 7913 3014
5924 7913 3014
5924 7913 3014
5924 7913 3014
5924 7913 3014
8710 5362 3015
8710 5362 3015
8710 5362 3015
8710 5362 3015
8710 5362 3015
8710 5362 3015
8710 5362 3015
8710 5362 3015
8710 5362 3015
8710 5362 3015
8710 5362 3015
8710 5362 3015
8710 5362 3015
8443 6603 3016
8443 6603 3016
8443 6603 3016
8443 6603 3016
8443 6603 3016
8443 6603 3016
8443 6603 3016
8443 6603 3016
8443 6603 3016
8443 6603 3016
8443 6603 3016
8443 6603 3016
8443 6603 3016
8002 7785 3016
8002 7785 3016
8002 7785 3016
8002 7785 3016
8002 7785 3016
8002 7785 3016
8002 7785 3016
8002 7785 3016
8002 7785 3016
8002 7785 3016
8002 7785 3016
8002 7785 3016
5376 6546 3017
5376 6546 3017
5376 6546 3017
5376 6546 3017
5376 6546 3017
5376 6546 3017
5376 6546 3017
5376 6546 3017
5376 6546 3017
5376 6546 3017
5376 6546 3017
5376 6546 3017
5376 6546 3017
5442 5418 3017
5442 5418 3017
5442 5418 3017
5442 5418 3017
5442 5418 3017
5442 5418 3017
5442 5418 3017
5442 5418 3017
5442 5418 3017
5442 5418 3017
5442 5418 3017
5442 5418 3017
5442 5418 3017
5925 7666 3017
5925 7666 3017
5925 7666 3017
5925 7666 3017
5925 7666 3017
5925 7666 3017
5925 7666 3017
5925 7666 3017
5925 7666 3017
5925 7666 3017
5925 7666 3017
5925 7666 3017
7725 8449 3017
7725 8449 3017
7725 8449 3017
7725 8449 3017
7725 8449 3017
7725 8449 3017
7725 8449 3017
7725 8449 3017
7725 8449 3017
7725 8449 3017
7725 8449 3017
7725 8449 3017
5524 5297 3018
5524 5297 3018
5524 5297 3018
5524 5297 3018
5524 5297 3018
5524 5297 3018
5524 5297 3018
5524 5297 3018
5524 5297 3018
5524 5297 3018
5524 5297 3018
5524 5297 3018
5524 5297 3018
5284 8768 3018
5284 8768 3018
5284 8768 3018
5284 8768 3018
5284 8768 3018
5284 8768 3018
5284 8768 3018
5284 8768 3018
5284 8768 3018
5284 8768 3018
5284 8768 3018
5284 8768 3018
5284 8768 3018
7927 7782 3019
7927 7782 3019
7927 7782 3019
7927 7782 3019
7927 7782 3019
7927 7782 3019
7927 7782 3019
7927 7782 3019
7927 7782 3019
7927 7782 3019
7927 7782 3019
7927 7782 3019
7927 7782 3019
5424 8468 3020
5424 8468 3020
5424 8468 3020
5424 8468 3020
5424 8468 3020
5424 8468 3020
5424 8468 3020
5424 8468 3020
5424 8468 3020
5424 8468 3020
5424 8468 3020
5424 8468 3020
5424 8468 3020
5365 5406 3020
5365 5406 3020
5365 5406 3020
5365 5406 3020
5365 5406 3020
5365 5406 3020
5365 5406 3020
5365 5406 3020
5365 5406 3020
5365 5406 3020
5365 5406 3020
5365 5406 3020
5365 5406 3020
5987 7768 3021
5987 7768 3021
5987 7768 3021
5987 7768 3021
5987 7768 3021
5987 7768 3021
5987 7768 3021
5987 7768 3021
5987 7768 3021
5987 7768 3021
5987 7768 3021
5987 7768 3021
5987 7768 3021
6409 9143 3021
6409 9143 3021
6409 9143 3021
6409 9143 3021
6409 9143 3021
6409 9143 3021
6409 9143 3021
6409 9143 3021
6409 9143 3021
6409 9143 3021
6409 9143 3021
6409 9143 3021
6409 9143 3021
5543 6042 3021
5543 6042 3021
5543 6042 3021
5543 6042 3021
5543 6042 3021
5543 6042 3021
5543 6042 3021
5543 6042 3021
5543 6042 3021
5543 6042 3021
5543 6042 3021
5543 6042 3021
5543 6042 3021
6530 8436 3021
6530 8436 3021
6530 8436 3021
6530 8436 3021
6530 8436 3021
6530 8436 3021
6530 8436 3021
6530 8436 3021
6530 8436 3021
6530 8436 3021
6530 8436 3021
6530 8436 3021
6530 8436 3021
7723 6041 3022
7723 6041 3022
7723 6041 3022
7723 6041 3022
7723 6041 3022
7723 6041 3022
7723 6041 3022
7723 6041 3022
7723 6041 3022
7723 6041 3022
7723 6041 3022
7723 6041 3022
7723 6041 3022
5358 6023 3024
5358 6023 3024
5358 6023 3024
5358 6023 3024
5358 6023 3024
5358 6023 3024
5358 6023 3024
5358 6023 3024
5358 6023 3024
5358 6023 3024
5358 6023 3024
5358 6023 3024
7706 8465 3024
7706 8465 3024
7706 8465 3024
7706 8465 3024
7706 8465 3024
7706 8465 3024
7706 8465 3024
7706 8465 3024
7706 8465 3024
7706 8465 3024
7706 8465 3024
7706 8465 3024
5361 5384 3024
5361 5384 3024
5361 5384 3024
5361 5384 3024
5361 5384 3024
5361 5384 3024
5361 5384 3024
5361 5384 3024
5361 5384 3024
5361 5384 3024
5361 5384 3024
5361 5384 3024
6472 7807 3025
6472 7807 3025
6472 7807 3025
6472 7807 3025
6472 7807 3025
6472 7807 3025
6472 7807 3025
6472 7807 3025
6472 7807 3025
6472 7807 3025
6472 7807 3025
6472 7807 3025
6472 7807 3025
7916 7846 3027
7916 7846 3027
7916 7846 3027
7916 7846 3027
7916 7846 3027
7916 7846 3027
7916 7846 3027
7916 7846 3027
7916 7846 3027
7916 7846 3027
7916 7846 3027
7916 7846 3027
7916 7846 3027
7812 7742 3027
7812 7742 3027
7812 7742 3027
7812 7742 3027
7812 7742 3027
7812 7742 3027
7812 7742 3027
7812 7742 3027
7812 7742 3027
7812 7742 3027
7812 7742 3027
7812 7742 3027
7783 6041 3027
7783 6041 3027
7783 6041 3027
7783 6041 3027
7783 6041 3027
7783 6041 3027
7783 6041 3027
7783 6041 3027
7783 6041 3027
7783 6041 3027
7783 6041 3027
7783 6041 3027
7947 8465 3028
7947 8465 3028
7947 8465 3028
7947 8465 3028
7947 8465 3028
7947 8465 3028
7947 8465 3028
7947 8465 3028
7947 8465 3028
7947 8465 3028
7947 8465 3028
7947 8465 3028
8465 5390 3028
8465 5390 3028
8465 5390 3028
8465 5390 3028
8465 5390 3028
8465 5390 3028
8465 5390 3028
8465 5390 3028
8465 5390 3028
8465 5390 3028
8465 5390 3028
8465 5390 3028
8465 5390 3028
6564 8452 3028
6564 8452 3028
6564 8452 3028
6564 8452 3028
6564 8452 3028
6564 8452 3028
6564 8452 3028
6564 8452 3028
6564 8452 3028
6564 8452 3028
6564 8452 3028
6564 8452 3028
6564 8452 3028
8475 5990 3028
8475 5990 3028
8475 5990 3028
8475 5990 3028
8475 5990 3028
8475 5990 3028
8475 5990 3028
8475 5990 3028
8475 5990 3028
8475 5990 3028
8475 5990 3028
8475 5990 3028
6558 7686 3029
6558 7686 3029
6558 7686 3029
6558 7686 3029
6558 7686 3029
6558 7686 3029
6558 7686 3029
6558 7686 3029
6558 7686 3029
6558 7686 3029
6558 7686 3029
6558 7686 3029
6558 7686 3029
8432 8462 3029
8432 8462 3029
8432 8462 3029
8432 8462 3029
8432 8462 3029
8432 8462 3029
8432 8462 3029
8432 8462 3029
8432 8462 3029
8432 8462 3029
8432 8462 3029
8432 8462 3029
8432 8462 3029
6577 7761 3029
6577 7761 3029
6577 7761 3029
6577 7761 3029
6577 7761 3029
6577 7761 3029
6577 7761 3029
6577 7761 3029
6577 7761 3029
6577 7761 3029
6577 7761 3029
6577 7761 3029
6577 7761 3029
6556 7689 3031
6556 7689 3031
6556 7689 3031
6556 7689 3031
6556 7689 3031
6556 7689 3031
6556 7689 3031
6556 7689 3031
6556 7689 3031
6556 7689 3031
6556 7689 3031
6556 7689 3031
6305 6461 3031
6305 6461 3031
6305 6461 3031
6305 6461 3031
6305 6461 3031
6305 6461 3031
6305 6461 3031
6305 6461 3031
6305 6461 3031
6305 6461 3031
6305 6461 3031
6305 6461 3031
6610 6572 3033
6610 6572 3033
6610 6572 3033
6610 6572 3033
6610 6572 3033
6610 6572 3033
6610 6572 3033
6610 6572 3033
6610 6572 3033
6610 6572 3033
6610 6572 3033
6610 6572 3033
6610 6572 3033
6428 6464 3033
6428 6464 3033
6428 6464 3033
6428 6464 3033
6428 6464 3033
6428 6464 3033
6428 6464 3033
6428 6464 3033
6428 6464 3033
6428 6464 3033
6428 6464 3033
6428 6464 3033
7814 7908 3034
7814 7908 3034
7814 7908 3034
7814 7908 3034
7814 7908 3034
7814 7908 3034
7814 7908 3034
7814 7908 3034
7814 7908 3034
7814 7908 3034
7814 7908 3034
7814 7908 3034
5358 6541 3035
5358 6541 3035
5358 6541 3035
5358 6541 3035
5358 6541 3035
5358 6541 3035
5358 6541 3035
5358 6541 3035
5358 6541 3035
5358 6541 3035
5358 6541 3035
5358 6541 3035
5358 6541 3035
6606 5419 3036
6606 5419 3036
6606 5419 3036
6606 5419 3036
6606 5419 3036
6606 5419 3036
6606 5419 3036
6606 5419 3036
6606 5419 3036
6606 5419 3036
6606 5419 3036
6606 5419 3036
6606 5419 3036
7717 7634 3038
7717 7634 3038
7717 7634 3038
7717 7634 3038
7717 7634 3038
7717 7634 3038
7717 7634 3038
7717 7634 3038
7717 7634 3038
7717 7634 3038
7717 7634 3038
7717 7634 3038
5356 6023 3039
5356 6023 3039
5356 6023 3039
5356 6023 3039
5356 6023 3039
5356 6023 3039
5356 6023 3039
5356 6023 3039
5356 6023 3039
5356 6023 3039
5356 6023 3039
5356 6023 3039
5356 6023 3039
6544 6534 3039
6544 6534 3039
6544 6534 3039
6544 6534 3039
6544 6534 3039
6544 6534 3039
6544 6534 3039
6544 6534 3039
6544 6534 3039
6544 6534 3039
6544 6534 3039
6544 6534 3039
5278 5997 3039
5278 5997 3039
5278 5997 3039
5278 5997 3039
5278 5997 3039
5278 5997 3039
5278 5997 3039
5278 5997 3039
5278 5997 3039
5278 5997 3039
5278 5997 3039
5278 5997 3039
7785 8474 3040
7785 8474 3040
7785 8474 3040
7785 8474 3040
7785 8474 3040
7785 8474 3040
7785 8474 3040
7785 8474 3040
7785 8474 3040
7785 8474 3040
7785 8474 3040
7785 8474 3040
7770 7927 3041
7770 7927 3041
7770 7927 3041
7770 7927 3041
7770 7927 3041
7770 7927 3041
7770 7927 3041
7770 7927 3041
7770 7927 3041
7770 7927 3041
7770 7927 3041
7770 7927 3041
7770 7927 3041
7688 7819 3042
7688 7819 3042
7688 7819 3042
7688 7819 3042
7688 7819 3042
7688 7819 3042
7688 7819 3042
7688 7819 3042
7688 7819 3042
7688 7819 3042
7688 7819 3042
7688 7819 3042
5283 8456 3042
5283 8456 3042
5283 8456 3042
5283 8456 3042
5283 8456 3042
5283 8456 3042
5283 8456 3042
5283 8456 3042
5283 8456 3042
5283 8456 3042
5283 8456 3042
5283 8456 3042
6022 5391 3043
6022 5391 3043
6022 5391 3043
6022 5391 3043
6022 5391 3043
6022 5391 3043
6022 5391 3043
6022 5391 3043
6022 5391 3043
6022 5391 3043
6022 5391 3043
6022 5391 3043
6022 5391 3043
8434 8698 3048
8434 8698 3048
8434 8698 3048
8434 8698 3048
8434 8698 3048
8434 8698 3048
8434 8698 3048
8434 8698 3048
8434 8698 3048
8434 8698 3048
8434 8698 3048
8434 8698 3048
8434 8698 3048
9143 9157 3049
9143 9157 3049
9143 9157 3049
9143 9157 3049
9143 9157 3049
9143 9157 3049
9143 9157 3049
9143 9157 3049
9143 9157 3049
9143 9157 3049
9143 9157 3049
9143 9157 3049
9143 9157 3049
6560 7691 3049
6560 7691 3049
6560 7691 3049
6560 7691 3049
6560 7691 3049
6560 7691 3049
6560 7691 3049
6560 7691 3049
6560 7691 3049
6560 7691 3049
6560 7691 3049
6560 7691 3049
6560 7691 3049
5366 6529 3055
5366 6529 3055
5366 6529 3055
5366 6529 3055
5366 6529 3055
5366 6529 3055
5366 6529 3055
5366 6529 3055
5366 6529 3055
5366 6529 3055
5366 6529 3055
5366 6529 3055
5366 6529 3055
6587 6524 3057
6587 6524 3057
6587 6524 3057
6587 6524 3057
6587 6524 3057
6587 6524 3057
6587 6524 3057
6587 6524 3057
6587 6524 3057
6587 6524 3057
6587 6524 3057
6587 6524 3057
6587 6524 3057
7760 7787 3066
7760 7787 3066
7760 7787 3066
7760 7787 3066
7760 7787 3066
7760 7787 3066
7760 7787 3066
7760 7787 3066
7760 7787 3066
7760 7787 3066
7760 7787 3066
7760 7787 3066
6549 7692 3089
6549 7692 3089
6549 7692 3089
6549 7692 3089
6549 7692 3089
6549 7692 3089
6549 7692 3089
6549 7692 3089
6549 7692 3089
6549 7692 3089
6549 7692 3089
6549 7692 3089
6549 7692 3089
5358 6586 3090
5358 6586 3090
5358 6586 3090
5358 6586 3090
5358 6586 3090
5358 6586 3090
5358 6586 3090
5358 6586 3090
5358 6586 3090
5358 6586 3090
5358 6586 3090
5358 6586 3090
5358 6586 3090
6011 7725 3090
6011 7725 3090
6011 7725 3090
6011 7725 3090
6011 7725 3090
6011 7725 3090
6011 7725 3090
6011 7725 3090
6011 7725 3090
6011 7725 3090
6011 7725 3090
6011 7725 3090
6011 7725 3090
6503 6529 3094
6503 6529 3094
6503 6529 3094
6503 6529 3094
6503 6529 3094
6503 6529 3094
6503 6529 3094
6503 6529 3094
6503 6529 3094
6503 6529 3094
6503 6529 3094
6503 6529 3094
6503 6529 3094
6560 6351 3096
6560 6351 3096
6560 6351 3096
6560 6351 3096
6560 6351 3096
6560 6351 3096
6560 6351 3096
6560 6351 3096
6560 6351 3096
6560 6351 3096
6560 6351 3096
6560 6351 3096
6560 6351 3096
5527 5422 3096
5527 5422 3096
5527 5422 3096
5527 5422 3096
5527 5422 3096
5527 5422 3096
5527 5422 3096
5527 5422 3096
5527 5422 3096
5527 5422 3096
5527 5422 3096
5527 5422 3096
6582 8433 3096
6582 8433 3096
6582 8433 3096
6582 8433 3096
6582 8433 3096
6582 8433 3096
6582 8433 3096
6582 8433 3096
6582 8433 3096
6582 8433 3096
6582 8433 3096
6582 8433 3096
6582 8433 3096
7751 7734 3096
7751 7734 3096
7751 7734 3096
7751 7734 3096
7751 7734 3096
7751 7734 3096
7751 7734 3096
7751 7734 3096
7751 7734 3096
7751 7734 3096
7751 7734 3096
7751 7734 3096
6538 5259 3097
6538 5259 3097
6538 5259 3097
6538 5259 3097
6538 5259 3097
6538 5259 3097
6538 5259 3097
6538 5259 3097
6538 5259 3097
6538 5259 3097
6538 5259 3097
6538 5259 3097
6419 6586 3098
6419 6586 3098
6419 6586 3098
6419 6586 3098
6419 6586 3098
6419 6586 3098
6419 6586 3098
6419 6586 3098
6419 6586 3098
6419 6586 3098
6419 6586 3098
6419 6586 3098
6419 6586 3098
5429 7767 3098
5429 7767 3098
5429 7767 3098
5429 7767 3098
5429 7767 3098
5429 7767 3098
5429 7767 3098
5429 7767 3098
5429 7767 3098
5429 7767 3098
5429 7767 3098
5429 7767 3098
5280 8706 3099
5280 8706 3099
5280 8706 3099
5280 8706 3099
5280 8706 3099
5280 8706 3099
5280 8706 3099
5280 8706 3099
5280 8706 3099
5280 8706 3099
5280 8706 3099
5280 8706 3099
6566 5251 3100
6566 5251 3100
6566 5251 3100
6566 5251 3100
6566 5251 3100
6566 5251 3100
6566 5251 3100
6566 5251 3100
6566 5251 3100
6566 5251 3100
6566 5251 3100
6566 5251 3100
8436 5384 3101
8436 5384 3101
8436 5384 3101
8436 5384 3101
8436 5384 3101
8436 5384 3101
8436 5384 3101
8436 5384 3101
8436 5384 3101
8436 5384 3101
8436 5384 3101
8436 5384 3101
6387 6580 3102
6387 6580 3102
6387 6580 3102
6387 6580 3102
6387 6580 3102
6387 6580 3102
6387 6580 3102
6387 6580 3102
6387 6580 3102
6387 6580 3102
6387 6580 3102
6387 6580 3102
6387 6580 3102
6027 7766 3103
6027 7766 3103
6027 7766 3103
6027 7766 3103
6027 7766 3103
6027 7766 3103
6027 7766 3103
6027 7766 3103
6027 7766 3103
6027 7766 3103
6027 7766 3103
6027 7766 3103
7914 7691 3103
7914 7691 3103
7914 7691 3103
7914 7691 3103
7914 7691 3103
7914 7691 3103
7914 7691 3103
7914 7691 3103
7914 7691 3103
7914 7691 3103
7914 7691 3103
7914 7691 3103
7914 7691 3103
6507 6544 3104
6507 6544 3104
6507 6544 3104
6507 6544 3104
6507 6544 3104
6507 6544 3104
6507 6544 3104
6507 6544 3104
6507 6544 3104
6507 6544 3104
6507 6544 3104
6507 6544 3104
6010 6606 3105
6010 6606 3105
6010 6606 3105
6010 6606 3105
6010 6606 3105
6010 6606 3105
6010 6606 3105
6010 6606 3105
6010 6606 3105
6010 6606 3105
6010 6606 3105
6010 6606 3105
6575 8459 3105
6575 8459 3105
6575 8459 3105
6575 8459 3105
6575 8459 3105
6575 8459 3105
6575 8459 3105
6575 8459 3105
6575 8459 3105
6575 8459 3105
6575 8459 3105
6575 8459 3105
6028 9538 3105
6028 9538 3105
6028 9538 3105
6028 9538 3105
6028 9538 3105
6028 9538 3105
6028 9538 3105
6028 9538 3105
6028 9538 3105
6028 9538 3105
6028 9538 3105
6028 9538 3105
7928 7784 3105
7928 7784 3105
7928 7784 3105
7928 7784 3105
7928 7784 3105
7928 7784 3105
7928 7784 3105
7928 7784 3105
7928 7784 3105
7928 7784 3105
7928 7784 3105
7928 7784 3105
7783 8458 3108
7783 8458 3108
7783 8458 3108
7783 8458 3108
7783 8458 3108
7783 8458 3108
7783 8458 3108
7783 8458 3108
7783 8458 3108
7783 8458 3108
7783 8458 3108
7783 8458 3108
7783 8458 3108
7787 7783 3109
7787 7783 3109
7787 7783 3109
7787 7783 3109
7787 7783 3109
7787 7783 3109
7787 7783 3109
7787 7783 3109
7787 7783 3109
7787 7783 3109
7787 7783 3109
7787 7783 3109
7844 7693 3111
7844 7693 3111
7844 7693 3111
7844 7693 3111
7844 7693 3111
7844 7693 3111
7844 7693 3111
7844 7693 3111
7844 7693 3111
7844 7693 3111
7844 7693 3111
7844 7693 3111
6047 7777 3112
6047 7777 3112
6047 7777 3112
6047 7777 3112
6047 7777 3112
6047 7777 3112
6047 7777 3112
6047 7777 3112
6047 7777 3112
6047 7777 3112
6047 7777 3112
6047 7777 3112
9146 6390 3112
9146 6390 3112
9146 6390 3112
9146 6390 3112
9146 6390 3112
9146 6390 3112
9146 6390 3112
9146 6390 3112
9146 6390 3112
9146 6390 3112
9146 6390 3112
9146 6390 3112
9146 6390 3112
6556 8463 3114
6556 8463 3114
6556 8463 3114
6556 8463 3114
6556 8463 3114
6556 8463 3114
6556 8463 3114
6556 8463 3114
6556 8463 3114
6556 8463 3114
6556 8463 3114
6556 8463 3114
6556 8463 3114
6002 5425 3114
6002 5425 3114
6002 5425 3114
6002 5425 3114
6002 5425 3114
6002 5425 3114
6002 5425 3114
6002 5425 3114
6002 5425 3114
6002 5425 3114
6002 5425 3114
6002 5425 3114
7711 7706 3116
7711 7706 3116
7711 7706 3116
7711 7706 3116
7711 7706 3116
7711 7706 3116
7711 7706 3116
7711 7706 3116
7711 7706 3116
7711 7706 3116
7711 7706 3116
7711 7706 3116
7711 7706 3116
6361 6543 3379
6361 6543 3379
6361 6543 3379
6361 6543 3379
6361 6543 3379
6361 6543 3379
6361 6543 3379
6361 6543 3379
6361 6543 3379
6361 6543 3379
6361 6543 3379
6361 6543 3379
6361 6543 3379
6057 5441 3390
6057 5441 3390
6057 5441 3390
6057 5441 3390
6057 5441 3390
6057 5441 3390
6057 5441 3390
6057 5441 3390
6057 5441 3390
6057 5441 3390
6057 5441 3390
6057 5441 3390
6057 5441 3390
6544 6519 3518
6544 6519 3518
6544 6519 3518
6544 6519 3518
6544 6519 3518
6544 6519 3518
6544 6519 3518
6544 6519 3518
6544 6519 3518
6544 6519 3518
6544 6519 3518
6544 6519 3518
6544 6519 3518
8757 5412 3600
8757 5412 3600
8757 5412 3600
8757 5412 3600
8757 5412 3600
8757 5412 3600
8757 5412 3600
8757 5412 3600
8757 5412 3600
8757 5412 3600
8757 5412 3600
8757 5412 3600
