dataset,base_query_count,min_departure,max_departure,mean_duration_sec,mean_haversine_km,mean_free_flow_sec
BJReal-0,10000,1201959069,1202491475,1721.34,7.49698,591.796
BJReal-1,10000,1201959260,1202491680,1715.49,7.49639,591.893
BJReal-2,10000,1201959067,1202491380,1717.6,7.43089,590.89
BJReal-3,10000,1201959124,1202491528,1713.98,7.506,591.886
BJReal-4,10000,1201959243,1202491439,1694.55,7.47512,592.288
