dataset,base_query_count,min_departure,max_departure,mean_duration_sec,mean_haversine_km,mean_snap_m
MHReal-0,10000,1356969660,1358661763,473.5357,1.605005,39.633
MHReal-1,10000,1356969840,1358686683,477.2214,1.612629,39.879
MHReal-2,10000,1356969720,1358691661,477.291,1.617632,39.791
MHReal-3,10000,1356969840,1358696698,476.485,1.610095,39.533
MHReal-4,10000,1356969660,1358697264,475.0367,1.607487,39.504
