dataset,base_query_count,min_departure,max_departure,mean_duration_sec,mean_haversine_km,mean_snap_m
MHReal-0,10000,1356970260,1358652362,360.2026,1.035853,39.71
MHReal-1,10000,1356969660,1358680344,363.8683,1.033596,40.007
MHReal-2,10000,1356969840,1358691190,364.0347,1.036482,40.091
MHReal-3,10000,1356969660,1358674601,362.0927,1.039925,39.756
MHReal-4,10000,1356969840,1358695705,357.9779,1.034562,39.859
