246041 293653 0
246041 293653 0
246041 293653 0
246041 293653 0
246041 293653 0
246041 293653 0
246041 293653 0
246041 293653 0
246041 293653 0
246041 293653 0
246041 293653 0
246041 293653 0
246041 293653 0
268498 293377 0
268498 293377 0
268498 293377 0
268498 293377 0
268498 293377 0
268498 293377 0
268498 293377 0
268498 293377 0
268498 293377 0
268498 293377 0
268498 293377 0
268498 293377 0
268498 293377 0
235013 236104 1
235013 236104 1
235013 236104 1
235013 236104 1
235013 236104 1
235013 236104 1
235013 236104 1
235013 236104 1
235013 236104 1
235013 236104 1
235013 236104 1
235013 236104 1
245995 245982 1
245995 245982 1
245995 245982 1
245995 245982 1
245995 245982 1
245995 245982 1
245995 245982 1
245995 245982 1
245995 245982 1
245995 245982 1
245995 245982 1
245995 245982 1
245995 245982 1
251999 225957 2
251999 225957 2
251999 225957 2
251999 225957 2
251999 225957 2
251999 225957 2
251999 225957 2
251999 225957 2
251999 225957 2
251999 225957 2
251999 225957 2
251999 225957 2
251999 225957 2
285602 296096 2
285602 296096 2
285602 296096 2
285602 296096 2
285602 296096 2
285602 296096 2
285602 296096 2
285602 296096 2
285602 296096 2
285602 296096 2
285602 296096 2
285602 296096 2
227532 242141 2
227532 242141 2
227532 242141 2
227532 242141 2
227532 242141 2
227532 242141 2
227532 242141 2
227532 242141 2
227532 242141 2
227532 242141 2
227532 242141 2
227532 242141 2
242141 198559 4
242141 198559 4
242141 198559 4
242141 198559 4
242141 198559 4
242141 198559 4
242141 198559 4
242141 198559 4
242141 198559 4
242141 198559 4
242141 198559 4
242141 198559 4
284514 295064 4
284514 295064 4
284514 295064 4
284514 295064 4
284514 295064 4
284514 295064 4
284514 295064 4
284514 295064 4
284514 295064 4
284514 295064 4
284514 295064 4
284514 295064 4
291226 227017 4
291226 227017 4
291226 227017 4
291226 227017 4
291226 227017 4
291226 227017 4
291226 227017 4
291226 227017 4
291226 227017 4
291226 227017 4
291226 227017 4
291226 227017 4
285375 245985 4
285375 245985 4
285375 245985 4
285375 245985 4
285375 245985 4
285375 245985 4
285375 245985 4
285375 245985 4
285375 245985 4
285375 245985 4
285375 245985 4
285375 245985 4
195617 293359 5
195617 293359 5
195617 293359 5
195617 293359 5
195617 293359 5
195617 293359 5
195617 293359 5
195617 293359 5
195617 293359 5
195617 293359 5
195617 293359 5
195617 293359 5
256643 248403 5
256643 248403 5
256643 248403 5
256643 248403 5
256643 248403 5
256643 248403 5
256643 248403 5
256643 248403 5
256643 248403 5
256643 248403 5
256643 248403 5
256643 248403 5
256643 248403 5
285245 289167 5
285245 289167 5
285245 289167 5
285245 289167 5
285245 289167 5
285245 289167 5
285245 289167 5
285245 289167 5
285245 289167 5
285245 289167 5
285245 289167 5
285245 289167 5
219563 9125 5
219563 9125 5
219563 9125 5
219563 9125 5
219563 9125 5
219563 9125 5
219563 9125 5
219563 9125 5
219563 9125 5
219563 9125 5
219563 9125 5
219563 9125 5
219563 9125 5
246086 295082 6
246086 295082 6
246086 295082 6
246086 295082 6
246086 295082 6
246086 295082 6
246086 295082 6
246086 295082 6
246086 295082 6
246086 295082 6
246086 295082 6
246086 295082 6
246086 295082 6
265409 282557 7
265409 282557 7
265409 282557 7
265409 282557 7
265409 282557 7
265409 282557 7
265409 282557 7
265409 282557 7
265409 282557 7
265409 282557 7
265409 282557 7
265409 282557 7
265409 282557 7
235935 227243 8
235935 227243 8
235935 227243 8
235935 227243 8
235935 227243 8
235935 227243 8
235935 227243 8
235935 227243 8
235935 227243 8
235935 227243 8
235935 227243 8
235935 227243 8
285377 293343 8
285377 293343 8
285377 293343 8
285377 293343 8
285377 293343 8
285377 293343 8
285377 293343 8
285377 293343 8
285377 293343 8
285377 293343 8
285377 293343 8
285377 293343 8
291348 246066 9
291348 246066 9
291348 246066 9
291348 246066 9
291348 246066 9
291348 246066 9
291348 246066 9
291348 246066 9
291348 246066 9
291348 246066 9
291348 246066 9
291348 246066 9
291348 246066 9
227020 11835 9
227020 11835 9
227020 11835 9
227020 11835 9
227020 11835 9
227020 11835 9
227020 11835 9
227020 11835 9
227020 11835 9
227020 11835 9
227020 11835 9
227020 11835 9
227020 11835 9
245995 285276 10
245995 285276 10
245995 285276 10
245995 285276 10
245995 285276 10
245995 285276 10
245995 285276 10
245995 285276 10
245995 285276 10
245995 285276 10
245995 285276 10
245995 285276 10
252669 289620 10
252669 289620 10
252669 289620 10
252669 289620 10
252669 289620 10
252669 289620 10
252669 289620 10
252669 289620 10
252669 289620 10
252669 289620 10
252669 289620 10
252669 289620 10
250698 291426 11
250698 291426 11
250698 291426 11
250698 291426 11
250698 291426 11
250698 291426 11
250698 291426 11
250698 291426 11
250698 291426 11
250698 291426 11
250698 291426 11
250698 291426 11
173921 175956 11
173921 175956 11
173921 175956 11
173921 175956 11
173921 175956 11
173921 175956 11
173921 175956 11
173921 175956 11
173921 175956 11
173921 175956 11
173921 175956 11
173921 175956 11
193855 195022 12
193855 195022 12
193855 195022 12
193855 195022 12
193855 195022 12
193855 195022 12
193855 195022 12
193855 195022 12
193855 195022 12
193855 195022 12
193855 195022 12
193855 195022 12
296137 226394 13
296137 226394 13
296137 226394 13
296137 226394 13
296137 226394 13
296137 226394 13
296137 226394 13
296137 226394 13
296137 226394 13
296137 226394 13
296137 226394 13
296137 226394 13
9639 230101 13
9639 230101 13
9639 230101 13
9639 230101 13
9639 230101 13
9639 230101 13
9639 230101 13
9639 230101 13
9639 230101 13
9639 230101 13
9639 230101 13
9639 230101 13
202014 206270 13
202014 206270 13
202014 206270 13
202014 206270 13
202014 206270 13
202014 206270 13
202014 206270 13
202014 206270 13
202014 206270 13
202014 206270 13
202014 206270 13
202014 206270 13
202014 206270 13
196158 196008 14
196158 196008 14
196158 196008 14
196158 196008 14
196158 196008 14
196158 196008 14
196158 196008 14
196158 196008 14
196158 196008 14
196158 196008 14
196158 196008 14
196158 196008 14
196158 196008 15
196158 196008 15
196158 196008 15
196158 196008 15
196158 196008 15
196158 196008 15
196158 196008 15
196158 196008 15
196158 196008 15
196158 196008 15
196158 196008 15
196158 196008 15
196158 196008 15
174828 173804 15
174828 173804 15
174828 173804 15
174828 173804 15
174828 173804 15
174828 173804 15
174828 173804 15
174828 173804 15
174828 173804 15
174828 173804 15
174828 173804 15
174828 173804 15
174828 173804 15
228044 226754 15
228044 226754 15
228044 226754 15
228044 226754 15
228044 226754 15
228044 226754 15
228044 226754 15
228044 226754 15
228044 226754 15
228044 226754 15
228044 226754 15
228044 226754 15
228044 226754 15
252019 231463 15
252019 231463 15
252019 231463 15
252019 231463 15
252019 231463 15
252019 231463 15
252019 231463 15
252019 231463 15
252019 231463 15
252019 231463 15
252019 231463 15
252019 231463 15
14781 173799 16
14781 173799 16
14781 173799 16
14781 173799 16
14781 173799 16
14781 173799 16
14781 173799 16
14781 173799 16
14781 173799 16
14781 173799 16
14781 173799 16
14781 173799 16
14781 173799 16
236024 227538 16
236024 227538 16
236024 227538 16
236024 227538 16
236024 227538 16
236024 227538 16
236024 227538 16
236024 227538 16
236024 227538 16
236024 227538 16
236024 227538 16
236024 227538 16
226752 252007 16
226752 252007 16
226752 252007 16
226752 252007 16
226752 252007 16
226752 252007 16
226752 252007 16
226752 252007 16
226752 252007 16
226752 252007 16
226752 252007 16
226752 252007 16
268490 227010 17
268490 227010 17
268490 227010 17
268490 227010 17
268490 227010 17
268490 227010 17
268490 227010 17
268490 227010 17
268490 227010 17
268490 227010 17
268490 227010 17
268490 227010 17
245982 292034 17
245982 292034 17
245982 292034 17
245982 292034 17
245982 292034 17
245982 292034 17
245982 292034 17
245982 292034 17
245982 292034 17
245982 292034 17
245982 292034 17
245982 292034 17
245982 292034 17
196081 194344 18
196081 194344 18
196081 194344 18
196081 194344 18
196081 194344 18
196081 194344 18
196081 194344 18
196081 194344 18
196081 194344 18
196081 194344 18
196081 194344 18
196081 194344 18
196081 194344 18
175963 11041 18
175963 11041 18
175963 11041 18
175963 11041 18
175963 11041 18
175963 11041 18
175963 11041 18
175963 11041 18
175963 11041 18
175963 11041 18
175963 11041 18
175963 11041 18
226591 184794 20
226591 184794 20
226591 184794 20
226591 184794 20
226591 184794 20
226591 184794 20
226591 184794 20
226591 184794 20
226591 184794 20
226591 184794 20
226591 184794 20
226591 184794 20
193215 175934 20
193215 175934 20
193215 175934 20
193215 175934 20
193215 175934 20
193215 175934 20
193215 175934 20
193215 175934 20
193215 175934 20
193215 175934 20
193215 175934 20
193215 175934 20
193215 175934 20
150455 246113 20
150455 246113 20
150455 246113 20
150455 246113 20
150455 246113 20
150455 246113 20
150455 246113 20
150455 246113 20
150455 246113 20
150455 246113 20
150455 246113 20
150455 246113 20
150455 246113 20
225616 236445 20
225616 236445 20
225616 236445 20
225616 236445 20
225616 236445 20
225616 236445 20
225616 236445 20
225616 236445 20
225616 236445 20
225616 236445 20
225616 236445 20
225616 236445 20
228104 240839 21
228104 240839 21
228104 240839 21
228104 240839 21
228104 240839 21
228104 240839 21
228104 240839 21
228104 240839 21
228104 240839 21
228104 240839 21
228104 240839 21
228104 240839 21
228105 240839 21
228105 240839 21
228105 240839 21
228105 240839 21
228105 240839 21
228105 240839 21
228105 240839 21
228105 240839 21
228105 240839 21
228105 240839 21
228105 240839 21
228105 240839 21
228105 240839 21
232189 243536 22
232189 243536 22
232189 243536 22
232189 243536 22
232189 243536 22
232189 243536 22
232189 243536 22
232189 243536 22
232189 243536 22
232189 243536 22
232189 243536 22
232189 243536 22
232189 243536 22
203674 186819 22
203674 186819 22
203674 186819 22
203674 186819 22
203674 186819 22
203674 186819 22
203674 186819 22
203674 186819 22
203674 186819 22
203674 186819 22
203674 186819 22
203674 186819 22
227650 236141 23
227650 236141 23
227650 236141 23
227650 236141 23
227650 236141 23
227650 236141 23
227650 236141 23
227650 236141 23
227650 236141 23
227650 236141 23
227650 236141 23
227650 236141 23
175956 196081 24
175956 196081 24
175956 196081 24
175956 196081 24
175956 196081 24
175956 196081 24
175956 196081 24
175956 196081 24
175956 196081 24
175956 196081 24
175956 196081 24
175956 196081 24
175956 196081 24
239504 238518 24
239504 238518 24
239504 238518 24
239504 238518 24
239504 238518 24
239504 238518 24
239504 238518 24
239504 238518 24
239504 238518 24
239504 238518 24
239504 238518 24
239504 238518 24
239504 238518 24
241191 10596 25
241191 10596 25
241191 10596 25
241191 10596 25
241191 10596 25
241191 10596 25
241191 10596 25
241191 10596 25
241191 10596 25
241191 10596 25
241191 10596 25
241191 10596 25
241191 10596 25
199361 226232 25
199361 226232 25
199361 226232 25
199361 226232 25
199361 226232 25
199361 226232 25
199361 226232 25
199361 226232 25
199361 226232 25
199361 226232 25
199361 226232 25
199361 226232 25
4727 235860 25
4727 235860 25
4727 235860 25
4727 235860 25
4727 235860 25
4727 235860 25
4727 235860 25
4727 235860 25
4727 235860 25
4727 235860 25
4727 235860 25
4727 235860 25
227019 225796 25
227019 225796 25
227019 225796 25
227019 225796 25
227019 225796 25
227019 225796 25
227019 225796 25
227019 225796 25
227019 225796 25
227019 225796 25
227019 225796 25
227019 225796 25
230724 234825 26
230724 234825 26
230724 234825 26
230724 234825 26
230724 234825 26
230724 234825 26
230724 234825 26
230724 234825 26
230724 234825 26
230724 234825 26
230724 234825 26
230724 234825 26
230726 230710 26
230726 230710 26
230726 230710 26
230726 230710 26
230726 230710 26
230726 230710 26
230726 230710 26
230726 230710 26
230726 230710 26
230726 230710 26
230726 230710 26
230726 230710 26
230726 230710 26
262498 247033 26
262498 247033 26
262498 247033 26
262498 247033 26
262498 247033 26
262498 247033 26
262498 247033 26
262498 247033 26
262498 247033 26
262498 247033 26
262498 247033 26
262498 247033 26
191672 199336 28
191672 199336 28
191672 199336 28
191672 199336 28
191672 199336 28
191672 199336 28
191672 199336 28
191672 199336 28
191672 199336 28
191672 199336 28
191672 199336 28
191672 199336 28
151176 242213 28
151176 242213 28
151176 242213 28
151176 242213 28
151176 242213 28
151176 242213 28
151176 242213 28
151176 242213 28
151176 242213 28
151176 242213 28
151176 242213 28
151176 242213 28
193422 184806 28
193422 184806 28
193422 184806 28
193422 184806 28
193422 184806 28
193422 184806 28
193422 184806 28
193422 184806 28
193422 184806 28
193422 184806 28
193422 184806 28
193422 184806 28
196081 198521 28
196081 198521 28
196081 198521 28
196081 198521 28
196081 198521 28
196081 198521 28
196081 198521 28
196081 198521 28
196081 198521 28
196081 198521 28
196081 198521 28
196081 198521 28
239046 227028 28
239046 227028 28
239046 227028 28
239046 227028 28
239046 227028 28
239046 227028 28
239046 227028 28
239046 227028 28
239046 227028 28
239046 227028 28
239046 227028 28
239046 227028 28
238758 227093 28
238758 227093 28
238758 227093 28
238758 227093 28
238758 227093 28
238758 227093 28
238758 227093 28
238758 227093 28
238758 227093 28
238758 227093 28
238758 227093 28
238758 227093 28
238758 227093 28
236138 236155 29
236138 236155 29
236138 236155 29
236138 236155 29
236138 236155 29
236138 236155 29
236138 236155 29
236138 236155 29
236138 236155 29
236138 236155 29
236138 236155 29
236138 236155 29
236138 236155 29
227319 227007 29
227319 227007 29
227319 227007 29
227319 227007 29
227319 227007 29
227319 227007 29
227319 227007 29
227319 227007 29
227319 227007 29
227319 227007 29
227319 227007 29
227319 227007 29
251977 243644 31
251977 243644 31
251977 243644 31
251977 243644 31
251977 243644 31
251977 243644 31
251977 243644 31
251977 243644 31
251977 243644 31
251977 243644 31
251977 243644 31
251977 243644 31
286605 245995 31
286605 245995 31
286605 245995 31
286605 245995 31
286605 245995 31
286605 245995 31
286605 245995 31
286605 245995 31
286605 245995 31
286605 245995 31
286605 245995 31
286605 245995 31
293558 289518 32
293558 289518 32
293558 289518 32
293558 289518 32
293558 289518 32
293558 289518 32
293558 289518 32
293558 289518 32
293558 289518 32
293558 289518 32
293558 289518 32
293558 289518 32
242213 296545 32
242213 296545 32
242213 296545 32
242213 296545 32
242213 296545 32
242213 296545 32
242213 296545 32
242213 296545 32
242213 296545 32
242213 296545 32
242213 296545 32
242213 296545 32
239504 293362 32
239504 293362 32
239504 293362 32
239504 293362 32
239504 293362 32
239504 293362 32
239504 293362 32
239504 293362 32
239504 293362 32
239504 293362 32
239504 293362 32
239504 293362 32
202028 283089 32
202028 283089 32
202028 283089 32
202028 283089 32
202028 283089 32
202028 283089 32
202028 283089 32
202028 283089 32
202028 283089 32
202028 283089 32
202028 283089 32
202028 283089 32
247156 235659 33
247156 235659 33
247156 235659 33
247156 235659 33
247156 235659 33
247156 235659 33
247156 235659 33
247156 235659 33
247156 235659 33
247156 235659 33
247156 235659 33
247156 235659 33
230957 227345 33
230957 227345 33
230957 227345 33
230957 227345 33
230957 227345 33
230957 227345 33
230957 227345 33
230957 227345 33
230957 227345 33
230957 227345 33
230957 227345 33
230957 227345 33
230957 227345 33
11787 252669 35
11787 252669 35
11787 252669 35
11787 252669 35
11787 252669 35
11787 252669 35
11787 252669 35
11787 252669 35
11787 252669 35
11787 252669 35
11787 252669 35
11787 252669 35
237984 202634 36
237984 202634 36
237984 202634 36
237984 202634 36
237984 202634 36
237984 202634 36
237984 202634 36
237984 202634 36
237984 202634 36
237984 202634 36
237984 202634 36
237984 202634 36
237984 202634 36
265637 252669 36
265637 252669 36
265637 252669 36
265637 252669 36
265637 252669 36
265637 252669 36
265637 252669 36
265637 252669 36
265637 252669 36
265637 252669 36
265637 252669 36
265637 252669 36
293343 252669 36
293343 252669 36
293343 252669 36
293343 252669 36
293343 252669 36
293343 252669 36
293343 252669 36
293343 252669 36
293343 252669 36
293343 252669 36
293343 252669 36
293343 252669 36
186707 245978 37
186707 245978 37
186707 245978 37
186707 245978 37
186707 245978 37
186707 245978 37
186707 245978 37
186707 245978 37
186707 245978 37
186707 245978 37
186707 245978 37
186707 245978 37
186707 245978 37
236478 160292 38
236478 160292 38
236478 160292 38
236478 160292 38
236478 160292 38
236478 160292 38
236478 160292 38
236478 160292 38
236478 160292 38
236478 160292 38
236478 160292 38
236478 160292 38
228014 193432 40
228014 193432 40
228014 193432 40
228014 193432 40
228014 193432 40
228014 193432 40
228014 193432 40
228014 193432 40
228014 193432 40
228014 193432 40
228014 193432 40
228014 193432 40
236206 242322 41
236206 242322 41
236206 242322 41
236206 242322 41
236206 242322 41
236206 242322 41
236206 242322 41
236206 242322 41
236206 242322 41
236206 242322 41
236206 242322 41
236206 242322 41
236206 242322 41
200262 190863 42
200262 190863 42
200262 190863 42
200262 190863 42
200262 190863 42
200262 190863 42
200262 190863 42
200262 190863 42
200262 190863 42
200262 190863 42
200262 190863 42
200262 190863 42
219584 11063 42
219584 11063 42
219584 11063 42
219584 11063 42
219584 11063 42
219584 11063 42
219584 11063 42
219584 11063 42
219584 11063 42
219584 11063 42
219584 11063 42
219584 11063 42
219584 11063 42
235966 230957 44
235966 230957 44
235966 230957 44
235966 230957 44
235966 230957 44
235966 230957 44
235966 230957 44
235966 230957 44
235966 230957 44
235966 230957 44
235966 230957 44
235966 230957 44
174902 19032 44
174902 19032 44
174902 19032 44
174902 19032 44
174902 19032 44
174902 19032 44
174902 19032 44
174902 19032 44
174902 19032 44
174902 19032 44
174902 19032 44
174902 19032 44
174902 19032 44
252019 228034 44
252019 228034 44
252019 228034 44
252019 228034 44
252019 228034 44
252019 228034 44
252019 228034 44
252019 228034 44
252019 228034 44
252019 228034 44
252019 228034 44
252019 228034 44
252019 228034 44
284225 246066 46
284225 246066 46
284225 246066 46
284225 246066 46
284225 246066 46
284225 246066 46
284225 246066 46
284225 246066 46
284225 246066 46
284225 246066 46
284225 246066 46
284225 246066 46
252011 238219 46
252011 238219 46
252011 238219 46
252011 238219 46
252011 238219 46
252011 238219 46
252011 238219 46
252011 238219 46
252011 238219 46
252011 238219 46
252011 238219 46
252011 238219 46
190899 195026 46
190899 195026 46
190899 195026 46
190899 195026 46
190899 195026 46
190899 195026 46
190899 195026 46
190899 195026 46
190899 195026 46
190899 195026 46
190899 195026 46
190899 195026 46
175963 195024 47
175963 195024 47
175963 195024 47
175963 195024 47
175963 195024 47
175963 195024 47
175963 195024 47
175963 195024 47
175963 195024 47
175963 195024 47
175963 195024 47
175963 195024 47
11015 176275 47
11015 176275 47
11015 176275 47
11015 176275 47
11015 176275 47
11015 176275 47
11015 176275 47
11015 176275 47
11015 176275 47
11015 176275 47
11015 176275 47
11015 176275 47
11015 176275 47
235673 195545 47
235673 195545 47
235673 195545 47
235673 195545 47
235673 195545 47
235673 195545 47
235673 195545 47
235673 195545 47
235673 195545 47
235673 195545 47
235673 195545 47
235673 195545 47
243622 236879 48
243622 236879 48
243622 236879 48
243622 236879 48
243622 236879 48
243622 236879 48
243622 236879 48
243622 236879 48
243622 236879 48
243622 236879 48
243622 236879 48
243622 236879 48
243622 236879 48
14812 293343 49
14812 293343 49
14812 293343 49
14812 293343 49
14812 293343 49
14812 293343 49
14812 293343 49
14812 293343 49
14812 293343 49
14812 293343 49
14812 293343 49
14812 293343 49
186830 11054 49
186830 11054 49
186830 11054 49
186830 11054 49
186830 11054 49
186830 11054 49
186830 11054 49
186830 11054 49
186830 11054 49
186830 11054 49
186830 11054 49
186830 11054 49
196008 159652 50
196008 159652 50
196008 159652 50
196008 159652 50
196008 159652 50
196008 159652 50
196008 159652 50
196008 159652 50
196008 159652 50
196008 159652 50
196008 159652 50
196008 159652 50
196008 159652 50
285281 294569 50
285281 294569 50
285281 294569 50
285281 294569 50
285281 294569 50
285281 294569 50
285281 294569 50
285281 294569 50
285281 294569 50
285281 294569 50
285281 294569 50
285281 294569 50
285281 294569 50
174458 183781 51
174458 183781 51
174458 183781 51
174458 183781 51
174458 183781 51
174458 183781 51
174458 183781 51
174458 183781 51
174458 183781 51
174458 183781 51
174458 183781 51
174458 183781 51
174458 183781 51
292797 285484 51
292797 285484 51
292797 285484 51
292797 285484 51
292797 285484 51
292797 285484 51
292797 285484 51
292797 285484 51
292797 285484 51
292797 285484 51
292797 285484 51
292797 285484 51
233996 230697 57
233996 230697 57
233996 230697 57
233996 230697 57
233996 230697 57
233996 230697 57
233996 230697 57
233996 230697 57
233996 230697 57
233996 230697 57
233996 230697 57
233996 230697 57
250656 286615 57
250656 286615 57
250656 286615 57
250656 286615 57
250656 286615 57
250656 286615 57
250656 286615 57
250656 286615 57
250656 286615 57
250656 286615 57
250656 286615 57
250656 286615 57
4696 14800 57
4696 14800 57
4696 14800 57
4696 14800 57
4696 14800 57
4696 14800 57
4696 14800 57
4696 14800 57
4696 14800 57
4696 14800 57
4696 14800 57
4696 14800 57
236400 230692 58
236400 230692 58
236400 230692 58
236400 230692 58
236400 230692 58
236400 230692 58
236400 230692 58
236400 230692 58
236400 230692 58
236400 230692 58
236400 230692 58
236400 230692 58
285272 252665 59
285272 252665 59
285272 252665 59
285272 252665 59
285272 252665 59
285272 252665 59
285272 252665 59
285272 252665 59
285272 252665 59
285272 252665 59
285272 252665 59
285272 252665 59
285272 252665 59
285260 226967 59
285260 226967 59
285260 226967 59
285260 226967 59
285260 226967 59
285260 226967 59
285260 226967 59
285260 226967 59
285260 226967 59
285260 226967 59
285260 226967 59
285260 226967 59
285260 226967 59
153288 190918 60
153288 190918 60
153288 190918 60
153288 190918 60
153288 190918 60
153288 190918 60
153288 190918 60
153288 190918 60
153288 190918 60
153288 190918 60
153288 190918 60
153288 190918 60
153288 190918 60
236898 14812 62
236898 14812 62
236898 14812 62
236898 14812 62
236898 14812 62
236898 14812 62
236898 14812 62
236898 14812 62
236898 14812 62
236898 14812 62
236898 14812 62
236898 14812 62
236898 14812 62
289528 291226 63
289528 291226 63
289528 291226 63
289528 291226 63
289528 291226 63
289528 291226 63
289528 291226 63
289528 291226 63
289528 291226 63
289528 291226 63
289528 291226 63
289528 291226 63
296708 245982 65
296708 245982 65
296708 245982 65
296708 245982 65
296708 245982 65
296708 245982 65
296708 245982 65
296708 245982 65
296708 245982 65
296708 245982 65
296708 245982 65
296708 245982 65
285187 245980 65
285187 245980 65
285187 245980 65
285187 245980 65
285187 245980 65
285187 245980 65
285187 245980 65
285187 245980 65
285187 245980 65
285187 245980 65
285187 245980 65
285187 245980 65
285187 245980 65
285281 228105 66
285281 228105 66
285281 228105 66
285281 228105 66
285281 228105 66
285281 228105 66
285281 228105 66
285281 228105 66
285281 228105 66
285281 228105 66
285281 228105 66
285281 228105 66
285281 228105 66
238000 189008 67
238000 189008 67
238000 189008 67
238000 189008 67
238000 189008 67
238000 189008 67
238000 189008 67
238000 189008 67
238000 189008 67
238000 189008 67
238000 189008 67
238000 189008 67
238000 189008 67
227556 243622 69
227556 243622 69
227556 243622 69
227556 243622 69
227556 243622 69
227556 243622 69
227556 243622 69
227556 243622 69
227556 243622 69
227556 243622 69
227556 243622 69
227556 243622 69
227556 243622 69
227731 237366 70
227731 237366 70
227731 237366 70
227731 237366 70
227731 237366 70
227731 237366 70
227731 237366 70
227731 237366 70
227731 237366 70
227731 237366 70
227731 237366 70
227731 237366 70
176258 187078 74
176258 187078 74
176258 187078 74
176258 187078 74
176258 187078 74
176258 187078 74
176258 187078 74
176258 187078 74
176258 187078 74
176258 187078 74
176258 187078 74
176258 187078 74
176258 187078 74
186850 160246 76
186850 160246 76
186850 160246 76
186850 160246 76
186850 160246 76
186850 160246 76
186850 160246 76
186850 160246 76
186850 160246 76
186850 160246 76
186850 160246 76
186850 160246 76
186850 160246 76
285212 294270 76
285212 294270 76
285212 294270 76
285212 294270 76
285212 294270 76
285212 294270 76
285212 294270 76
285212 294270 76
285212 294270 76
285212 294270 76
285212 294270 76
285212 294270 76
235683 193340 76
235683 193340 76
235683 193340 76
235683 193340 76
235683 193340 76
235683 193340 76
235683 193340 76
235683 193340 76
235683 193340 76
235683 193340 76
235683 193340 76
235683 193340 76
235683 193340 76
250559 246090 77
250559 246090 77
250559 246090 77
250559 246090 77
250559 246090 77
250559 246090 77
250559 246090 77
250559 246090 77
250559 246090 77
250559 246090 77
250559 246090 77
250559 246090 77
250559 246090 77
262497 284260 77
262497 284260 77
262497 284260 77
262497 284260 77
262497 284260 77
262497 284260 77
262497 284260 77
262497 284260 77
262497 284260 77
262497 284260 77
262497 284260 77
262497 284260 77
262497 284260 77
228095 235862 80
228095 235862 80
228095 235862 80
228095 235862 80
228095 235862 80
228095 235862 80
228095 235862 80
228095 235862 80
228095 235862 80
228095 235862 80
228095 235862 80
228095 235862 80
9117 245943 80
9117 245943 80
9117 245943 80
9117 245943 80
9117 245943 80
9117 245943 80
9117 245943 80
9117 245943 80
9117 245943 80
9117 245943 80
9117 245943 80
9117 245943 80
195504 190861 82
195504 190861 82
195504 190861 82
195504 190861 82
195504 190861 82
195504 190861 82
195504 190861 82
195504 190861 82
195504 190861 82
195504 190861 82
195504 190861 82
195504 190861 82
202615 265481 83
202615 265481 83
202615 265481 83
202615 265481 83
202615 265481 83
202615 265481 83
202615 265481 83
202615 265481 83
202615 265481 83
202615 265481 83
202615 265481 83
202615 265481 83
202615 265481 83
285354 287864 85
285354 287864 85
285354 287864 85
285354 287864 85
285354 287864 85
285354 287864 85
285354 287864 85
285354 287864 85
285354 287864 85
285354 287864 85
285354 287864 85
285354 287864 85
296599 11143 85
296599 11143 85
296599 11143 85
296599 11143 85
296599 11143 85
296599 11143 85
296599 11143 85
296599 11143 85
296599 11143 85
296599 11143 85
296599 11143 85
296599 11143 85
296599 11143 85
232064 235678 86
232064 235678 86
232064 235678 86
232064 235678 86
232064 235678 86
232064 235678 86
232064 235678 86
232064 235678 86
232064 235678 86
232064 235678 86
232064 235678 86
232064 235678 86
232064 235678 86
188293 204222 87
188293 204222 87
188293 204222 87
188293 204222 87
188293 204222 87
188293 204222 87
188293 204222 87
188293 204222 87
188293 204222 87
188293 204222 87
188293 204222 87
188293 204222 87
188293 204222 87
228154 227547 88
228154 227547 88
228154 227547 88
228154 227547 88
228154 227547 88
228154 227547 88
228154 227547 88
228154 227547 88
228154 227547 88
228154 227547 88
228154 227547 88
228154 227547 88
228132 236876 90
228132 236876 90
228132 236876 90
228132 236876 90
228132 236876 90
228132 236876 90
228132 236876 90
228132 236876 90
228132 236876 90
228132 236876 90
228132 236876 90
228132 236876 90
227547 251980 90
227547 251980 90
227547 251980 90
227547 251980 90
227547 251980 90
227547 251980 90
227547 251980 90
227547 251980 90
227547 251980 90
227547 251980 90
227547 251980 90
227547 251980 90
227547 251980 90
236179 243242 90
236179 243242 90
236179 243242 90
236179 243242 90
236179 243242 90
236179 243242 90
236179 243242 90
236179 243242 90
236179 243242 90
236179 243242 90
236179 243242 90
236179 243242 90
236179 243242 90
227272 151143 91
227272 151143 91
227272 151143 91
227272 151143 91
227272 151143 91
227272 151143 91
227272 151143 91
227272 151143 91
227272 151143 91
227272 151143 91
227272 151143 91
227272 151143 91
124351 246012 91
124351 246012 91
124351 246012 91
124351 246012 91
124351 246012 91
124351 246012 91
124351 246012 91
124351 246012 91
124351 246012 91
124351 246012 91
124351 246012 91
124351 246012 91
284630 248382 91
284630 248382 91
284630 248382 91
284630 248382 91
284630 248382 91
284630 248382 91
284630 248382 91
284630 248382 91
284630 248382 91
284630 248382 91
284630 248382 91
284630 248382 91
151077 237957 92
151077 237957 92
151077 237957 92
151077 237957 92
151077 237957 92
151077 237957 92
151077 237957 92
151077 237957 92
151077 237957 92
151077 237957 92
151077 237957 92
151077 237957 92
198504 196091 92
198504 196091 92
198504 196091 92
198504 196091 92
198504 196091 92
198504 196091 92
198504 196091 92
198504 196091 92
198504 196091 92
198504 196091 92
198504 196091 92
198504 196091 92
198504 196091 92
236105 231859 93
236105 231859 93
236105 231859 93
236105 231859 93
236105 231859 93
236105 231859 93
236105 231859 93
236105 231859 93
236105 231859 93
236105 231859 93
236105 231859 93
236105 231859 93
230067 239236 94
230067 239236 94
230067 239236 94
230067 239236 94
230067 239236 94
230067 239236 94
230067 239236 94
230067 239236 94
230067 239236 94
230067 239236 94
230067 239236 94
230067 239236 94
230067 239236 94
232832 227029 96
232832 227029 96
232832 227029 96
232832 227029 96
232832 227029 96
232832 227029 96
232832 227029 96
232832 227029 96
232832 227029 96
232832 227029 96
232832 227029 96
232832 227029 96
232832 227029 96
201024 238571 97
201024 238571 97
201024 238571 97
201024 238571 97
201024 238571 97
201024 238571 97
201024 238571 97
201024 238571 97
201024 238571 97
201024 238571 97
201024 238571 97
201024 238571 97
201024 238571 97
225931 226389 100
225931 226389 100
225931 226389 100
225931 226389 100
225931 226389 100
225931 226389 100
225931 226389 100
225931 226389 100
225931 226389 100
225931 226389 100
225931 226389 100
225931 226389 100
236176 243542 100
236176 243542 100
236176 243542 100
236176 243542 100
236176 243542 100
236176 243542 100
236176 243542 100
236176 243542 100
236176 243542 100
236176 243542 100
236176 243542 100
236176 243542 100
236176 243542 100
228156 228397 101
228156 228397 101
228156 228397 101
228156 228397 101
228156 228397 101
228156 228397 101
228156 228397 101
228156 228397 101
228156 228397 101
228156 228397 101
228156 228397 101
228156 228397 101
228156 228397 101
226967 252019 102
226967 252019 102
226967 252019 102
226967 252019 102
226967 252019 102
226967 252019 102
226967 252019 102
226967 252019 102
226967 252019 102
226967 252019 102
226967 252019 102
226967 252019 102
226967 252019 102
233592 236476 104
233592 236476 104
233592 236476 104
233592 236476 104
233592 236476 104
233592 236476 104
233592 236476 104
233592 236476 104
233592 236476 104
233592 236476 104
233592 236476 104
233592 236476 104
155156 237873 105
155156 237873 105
155156 237873 105
155156 237873 105
155156 237873 105
155156 237873 105
155156 237873 105
155156 237873 105
155156 237873 105
155156 237873 105
155156 237873 105
155156 237873 105
227037 245999 105
227037 245999 105
227037 245999 105
227037 245999 105
227037 245999 105
227037 245999 105
227037 245999 105
227037 245999 105
227037 245999 105
227037 245999 105
227037 245999 105
227037 245999 105
227037 245999 105
235974 237873 105
235974 237873 105
235974 237873 105
235974 237873 105
235974 237873 105
235974 237873 105
235974 237873 105
235974 237873 105
235974 237873 105
235974 237873 105
235974 237873 105
235974 237873 105
284556 245944 105
284556 245944 105
284556 245944 105
284556 245944 105
284556 245944 105
284556 245944 105
284556 245944 105
284556 245944 105
284556 245944 105
284556 245944 105
284556 245944 105
284556 245944 105
284556 245944 105
201019 193236 106
201019 193236 106
201019 193236 106
201019 193236 106
201019 193236 106
201019 193236 106
201019 193236 106
201019 193236 106
201019 193236 106
201019 193236 106
201019 193236 106
201019 193236 106
238440 239845 106
238440 239845 106
238440 239845 106
238440 239845 106
238440 239845 106
238440 239845 106
238440 239845 106
238440 239845 106
238440 239845 106
238440 239845 106
238440 239845 106
238440 239845 106
238440 239845 106
235687 227077 106
235687 227077 106
235687 227077 106
235687 227077 106
235687 227077 106
235687 227077 106
235687 227077 106
235687 227077 106
235687 227077 106
235687 227077 106
235687 227077 106
235687 227077 106
235687 227077 106
195546 193886 108
195546 193886 108
195546 193886 108
195546 193886 108
195546 193886 108
195546 193886 108
195546 193886 108
195546 193886 108
195546 193886 108
195546 193886 108
195546 193886 108
195546 193886 108
291705 250594 108
291705 250594 108
291705 250594 108
291705 250594 108
291705 250594 108
291705 250594 108
291705 250594 108
291705 250594 108
291705 250594 108
291705 250594 108
291705 250594 108
291705 250594 108
227098 267922 110
227098 267922 110
227098 267922 110
227098 267922 110
227098 267922 110
227098 267922 110
227098 267922 110
227098 267922 110
227098 267922 110
227098 267922 110
227098 267922 110
227098 267922 110
196158 186819 110
196158 186819 110
196158 186819 110
196158 186819 110
196158 186819 110
196158 186819 110
196158 186819 110
196158 186819 110
196158 186819 110
196158 186819 110
196158 186819 110
196158 186819 110
196158 186819 110
177253 194390 111
177253 194390 111
177253 194390 111
177253 194390 111
177253 194390 111
177253 194390 111
177253 194390 111
177253 194390 111
177253 194390 111
177253 194390 111
177253 194390 111
177253 194390 111
150281 289167 112
150281 289167 112
150281 289167 112
150281 289167 112
150281 289167 112
150281 289167 112
150281 289167 112
150281 289167 112
150281 289167 112
150281 289167 112
150281 289167 112
150281 289167 112
150281 289167 112
235319 236911 112
235319 236911 112
235319 236911 112
235319 236911 112
235319 236911 112
235319 236911 112
235319 236911 112
235319 236911 112
235319 236911 112
235319 236911 112
235319 236911 112
235319 236911 112
232707 227715 112
232707 227715 112
232707 227715 112
232707 227715 112
232707 227715 112
232707 227715 112
232707 227715 112
232707 227715 112
232707 227715 112
232707 227715 112
232707 227715 112
232707 227715 112
231519 229867 113
231519 229867 113
231519 229867 113
231519 229867 113
231519 229867 113
231519 229867 113
231519 229867 113
231519 229867 113
231519 229867 113
231519 229867 113
231519 229867 113
231519 229867 113
231519 229867 113
202023 175936 113
202023 175936 113
202023 175936 113
202023 175936 113
202023 175936 113
202023 175936 113
202023 175936 113
202023 175936 113
202023 175936 113
202023 175936 113
202023 175936 113
202023 175936 113
202023 175936 113
204226 198524 116
204226 198524 116
204226 198524 116
204226 198524 116
204226 198524 116
204226 198524 116
204226 198524 116
204226 198524 116
204226 198524 116
204226 198524 116
204226 198524 116
204226 198524 116
185978 185751 116
185978 185751 116
185978 185751 116
185978 185751 116
185978 185751 116
185978 185751 116
185978 185751 116
185978 185751 116
185978 185751 116
185978 185751 116
185978 185751 116
185978 185751 116
185978 185751 116
285355 227028 116
285355 227028 116
285355 227028 116
285355 227028 116
285355 227028 116
285355 227028 116
285355 227028 116
285355 227028 116
285355 227028 116
285355 227028 116
285355 227028 116
285355 227028 116
232684 9638 117
232684 9638 117
232684 9638 117
232684 9638 117
232684 9638 117
232684 9638 117
232684 9638 117
232684 9638 117
232684 9638 117
232684 9638 117
232684 9638 117
232684 9638 117
206285 209449 117
206285 209449 117
206285 209449 117
206285 209449 117
206285 209449 117
206285 209449 117
206285 209449 117
206285 209449 117
206285 209449 117
206285 209449 117
206285 209449 117
206285 209449 117
206285 209449 117
285253 285611 118
285253 285611 118
285253 285611 118
285253 285611 118
285253 285611 118
285253 285611 118
285253 285611 118
285253 285611 118
285253 285611 118
285253 285611 118
285253 285611 118
285253 285611 118
285253 285611 118
193058 187078 119
193058 187078 119
193058 187078 119
193058 187078 119
193058 187078 119
193058 187078 119
193058 187078 119
193058 187078 119
193058 187078 119
193058 187078 119
193058 187078 119
193058 187078 119
285288 228100 120
285288 228100 120
285288 228100 120
285288 228100 120
285288 228100 120
285288 228100 120
285288 228100 120
285288 228100 120
285288 228100 120
285288 228100 120
285288 228100 120
285288 228100 120
247063 285253 124
247063 285253 124
247063 285253 124
247063 285253 124
247063 285253 124
247063 285253 124
247063 285253 124
247063 285253 124
247063 285253 124
247063 285253 124
247063 285253 124
247063 285253 124
247063 285253 124
284258 284638 126
284258 284638 126
284258 284638 126
284258 284638 126
284258 284638 126
284258 284638 126
284258 284638 126
284258 284638 126
284258 284638 126
284258 284638 126
284258 284638 126
284258 284638 126
284258 284638 126
183781 11428 126
183781 11428 126
183781 11428 126
183781 11428 126
183781 11428 126
183781 11428 126
183781 11428 126
183781 11428 126
183781 11428 126
183781 11428 126
183781 11428 126
183781 11428 126
183781 11428 126
235966 236898 126
235966 236898 126
235966 236898 126
235966 236898 126
235966 236898 126
235966 236898 126
235966 236898 126
235966 236898 126
235966 236898 126
235966 236898 126
235966 236898 126
235966 236898 126
235966 236898 126
3390 195012 127
3390 195012 127
3390 195012 127
3390 195012 127
3390 195012 127
3390 195012 127
3390 195012 127
3390 195012 127
3390 195012 127
3390 195012 127
3390 195012 127
3390 195012 127
3390 195012 127
227254 227093 128
227254 227093 128
227254 227093 128
227254 227093 128
227254 227093 128
227254 227093 128
227254 227093 128
227254 227093 128
227254 227093 128
227254 227093 128
227254 227093 128
227254 227093 128
238808 243927 129
238808 243927 129
238808 243927 129
238808 243927 129
238808 243927 129
238808 243927 129
238808 243927 129
238808 243927 129
238808 243927 129
238808 243927 129
238808 243927 129
238808 243927 129
238808 243927 129
289524 266117 129
289524 266117 129
289524 266117 129
289524 266117 129
289524 266117 129
289524 266117 129
289524 266117 129
289524 266117 129
289524 266117 129
289524 266117 129
289524 266117 129
289524 266117 129
237848 227416 132
237848 227416 132
237848 227416 132
237848 227416 132
237848 227416 132
237848 227416 132
237848 227416 132
237848 227416 132
237848 227416 132
237848 227416 132
237848 227416 132
237848 227416 132
237848 227416 132
225931 187723 133
225931 187723 133
225931 187723 133
225931 187723 133
225931 187723 133
225931 187723 133
225931 187723 133
225931 187723 133
225931 187723 133
225931 187723 133
225931 187723 133
225931 187723 133
225931 187723 133
175933 190918 134
175933 190918 134
175933 190918 134
175933 190918 134
175933 190918 134
175933 190918 134
175933 190918 134
175933 190918 134
175933 190918 134
175933 190918 134
175933 190918 134
175933 190918 134
184771 184792 135
184771 184792 135
184771 184792 135
184771 184792 135
184771 184792 135
184771 184792 135
184771 184792 135
184771 184792 135
184771 184792 135
184771 184792 135
184771 184792 135
184771 184792 135
184771 184792 135
175936 190880 135
175936 190880 135
175936 190880 135
175936 190880 135
175936 190880 135
175936 190880 135
175936 190880 135
175936 190880 135
175936 190880 135
175936 190880 135
175936 190880 135
175936 190880 135
124698 126479 135
124698 126479 135
124698 126479 135
124698 126479 135
124698 126479 135
124698 126479 135
124698 126479 135
124698 126479 135
124698 126479 135
124698 126479 135
124698 126479 135
124698 126479 135
190918 187554 136
190918 187554 136
190918 187554 136
190918 187554 136
190918 187554 136
190918 187554 136
190918 187554 136
190918 187554 136
190918 187554 136
190918 187554 136
190918 187554 136
190918 187554 136
190918 187554 136
242322 229773 136
242322 229773 136
242322 229773 136
242322 229773 136
242322 229773 136
242322 229773 136
242322 229773 136
242322 229773 136
242322 229773 136
242322 229773 136
242322 229773 136
242322 229773 136
190918 186934 136
190918 186934 136
190918 186934 136
190918 186934 136
190918 186934 136
190918 186934 136
190918 186934 136
190918 186934 136
190918 186934 136
190918 186934 136
190918 186934 136
190918 186934 136
193592 189007 137
193592 189007 137
193592 189007 137
193592 189007 137
193592 189007 137
193592 189007 137
193592 189007 137
193592 189007 137
193592 189007 137
193592 189007 137
193592 189007 137
193592 189007 137
208266 208217 137
208266 208217 137
208266 208217 137
208266 208217 137
208266 208217 137
208266 208217 137
208266 208217 137
208266 208217 137
208266 208217 137
208266 208217 137
208266 208217 137
208266 208217 137
208266 208217 137
237843 176253 137
237843 176253 137
237843 176253 137
237843 176253 137
237843 176253 137
237843 176253 137
237843 176253 137
237843 176253 137
237843 176253 137
237843 176253 137
237843 176253 137
237843 176253 137
238716 236924 137
238716 236924 137
238716 236924 137
238716 236924 137
238716 236924 137
238716 236924 137
238716 236924 137
238716 236924 137
238716 236924 137
238716 236924 137
238716 236924 137
238716 236924 137
236449 227543 139
236449 227543 139
236449 227543 139
236449 227543 139
236449 227543 139
236449 227543 139
236449 227543 139
236449 227543 139
236449 227543 139
236449 227543 139
236449 227543 139
236449 227543 139
227017 287867 139
227017 287867 139
227017 287867 139
227017 287867 139
227017 287867 139
227017 287867 139
227017 287867 139
227017 287867 139
227017 287867 139
227017 287867 139
227017 287867 139
227017 287867 139
210484 186863 139
210484 186863 139
210484 186863 139
210484 186863 139
210484 186863 139
210484 186863 139
210484 186863 139
210484 186863 139
210484 186863 139
210484 186863 139
210484 186863 139
210484 186863 139
195262 11004 140
195262 11004 140
195262 11004 140
195262 11004 140
195262 11004 140
195262 11004 140
195262 11004 140
195262 11004 140
195262 11004 140
195262 11004 140
195262 11004 140
195262 11004 140
195262 11004 140
236851 236836 140
236851 236836 140
236851 236836 140
236851 236836 140
236851 236836 140
236851 236836 140
236851 236836 140
236851 236836 140
236851 236836 140
236851 236836 140
236851 236836 140
236851 236836 140
236851 236836 140
209191 195770 141
209191 195770 141
209191 195770 141
209191 195770 141
209191 195770 141
209191 195770 141
209191 195770 141
209191 195770 141
209191 195770 141
209191 195770 141
209191 195770 141
209191 195770 141
209191 195770 141
285238 289150 142
285238 289150 142
285238 289150 142
285238 289150 142
285238 289150 142
285238 289150 142
285238 289150 142
285238 289150 142
285238 289150 142
285238 289150 142
285238 289150 142
285238 289150 142
173825 203079 145
173825 203079 145
173825 203079 145
173825 203079 145
173825 203079 145
173825 203079 145
173825 203079 145
173825 203079 145
173825 203079 145
173825 203079 145
173825 203079 145
173825 203079 145
293376 289620 146
293376 289620 146
293376 289620 146
293376 289620 146
293376 289620 146
293376 289620 146
293376 289620 146
293376 289620 146
293376 289620 146
293376 289620 146
293376 289620 146
293376 289620 146
293376 289620 146
266399 265636 146
266399 265636 146
266399 265636 146
266399 265636 146
266399 265636 146
266399 265636 146
266399 265636 146
266399 265636 146
266399 265636 146
266399 265636 146
266399 265636 146
266399 265636 146
248380 265892 146
248380 265892 146
248380 265892 146
248380 265892 146
248380 265892 146
248380 265892 146
248380 265892 146
248380 265892 146
248380 265892 146
248380 265892 146
248380 265892 146
248380 265892 146
248380 265892 146
265636 292034 148
265636 292034 148
265636 292034 148
265636 292034 148
265636 292034 148
265636 292034 148
265636 292034 148
265636 292034 148
265636 292034 148
265636 292034 148
265636 292034 148
265636 292034 148
265636 292034 148
293343 246816 148
293343 246816 148
293343 246816 148
293343 246816 148
293343 246816 148
293343 246816 148
293343 246816 148
293343 246816 148
293343 246816 148
293343 246816 148
293343 246816 148
293343 246816 148
283397 14723 150
283397 14723 150
283397 14723 150
283397 14723 150
283397 14723 150
283397 14723 150
283397 14723 150
283397 14723 150
283397 14723 150
283397 14723 150
283397 14723 150
283397 14723 150
283397 14723 150
283397 245982 150
283397 245982 150
283397 245982 150
283397 245982 150
283397 245982 150
283397 245982 150
283397 245982 150
283397 245982 150
283397 245982 150
283397 245982 150
283397 245982 150
283397 245982 150
246595 246617 150
246595 246617 150
246595 246617 150
246595 246617 150
246595 246617 150
246595 246617 150
246595 246617 150
246595 246617 150
246595 246617 150
246595 246617 150
246595 246617 150
246595 246617 150
195022 192944 151
195022 192944 151
195022 192944 151
195022 192944 151
195022 192944 151
195022 192944 151
195022 192944 151
195022 192944 151
195022 192944 151
195022 192944 151
195022 192944 151
195022 192944 151
195022 192944 151
238214 252007 152
238214 252007 152
238214 252007 152
238214 252007 152
238214 252007 152
238214 252007 152
238214 252007 152
238214 252007 152
238214 252007 152
238214 252007 152
238214 252007 152
238214 252007 152
238214 252007 152
282527 291440 153
282527 291440 153
282527 291440 153
282527 291440 153
282527 291440 153
282527 291440 153
282527 291440 153
282527 291440 153
282527 291440 153
282527 291440 153
282527 291440 153
282527 291440 153
282527 291440 153
292455 266117 153
292455 266117 153
292455 266117 153
292455 266117 153
292455 266117 153
292455 266117 153
292455 266117 153
292455 266117 153
292455 266117 153
292455 266117 153
292455 266117 153
292455 266117 153
292455 266117 153
285205 285183 153
285205 285183 153
285205 285183 153
285205 285183 153
285205 285183 153
285205 285183 153
285205 285183 153
285205 285183 153
285205 285183 153
285205 285183 153
285205 285183 153
285205 285183 153
245985 285186 153
245985 285186 153
245985 285186 153
245985 285186 153
245985 285186 153
245985 285186 153
245985 285186 153
245985 285186 153
245985 285186 153
245985 285186 153
245985 285186 153
245985 285186 153
231019 232713 155
231019 232713 155
231019 232713 155
231019 232713 155
231019 232713 155
231019 232713 155
231019 232713 155
231019 232713 155
231019 232713 155
231019 232713 155
231019 232713 155
231019 232713 155
231019 232713 155
160272 190918 155
160272 190918 155
160272 190918 155
160272 190918 155
160272 190918 155
160272 190918 155
160272 190918 155
160272 190918 155
160272 190918 155
160272 190918 155
160272 190918 155
160272 190918 155
160272 190918 155
232832 293377 155
232832 293377 155
232832 293377 155
232832 293377 155
232832 293377 155
232832 293377 155
232832 293377 155
232832 293377 155
232832 293377 155
232832 293377 155
232832 293377 155
232832 293377 155
191601 228049 157
191601 228049 157
191601 228049 157
191601 228049 157
191601 228049 157
191601 228049 157
191601 228049 157
191601 228049 157
191601 228049 157
191601 228049 157
191601 228049 157
191601 228049 157
191601 228049 157
230101 228495 157
230101 228495 157
230101 228495 157
230101 228495 157
230101 228495 157
230101 228495 157
230101 228495 157
230101 228495 157
230101 228495 157
230101 228495 157
230101 228495 157
230101 228495 157
230101 228495 157
251936 240606 158
251936 240606 158
251936 240606 158
251936 240606 158
251936 240606 158
251936 240606 158
251936 240606 158
251936 240606 158
251936 240606 158
251936 240606 158
251936 240606 158
251936 240606 158
251936 240606 158
195038 199836 158
195038 199836 158
195038 199836 158
195038 199836 158
195038 199836 158
195038 199836 158
195038 199836 158
195038 199836 158
195038 199836 158
195038 199836 158
195038 199836 158
195038 199836 158
246111 241873 158
246111 241873 158
246111 241873 158
246111 241873 158
246111 241873 158
246111 241873 158
246111 241873 158
246111 241873 158
246111 241873 158
246111 241873 158
246111 241873 158
246111 241873 158
246111 241873 158
4570 206050 158
4570 206050 158
4570 206050 158
4570 206050 158
4570 206050 158
4570 206050 158
4570 206050 158
4570 206050 158
4570 206050 158
4570 206050 158
4570 206050 158
4570 206050 158
4570 206050 158
228148 228495 159
228148 228495 159
228148 228495 159
228148 228495 159
228148 228495 159
228148 228495 159
228148 228495 159
228148 228495 159
228148 228495 159
228148 228495 159
228148 228495 159
228148 228495 159
196301 204222 159
196301 204222 159
196301 204222 159
196301 204222 159
196301 204222 159
196301 204222 159
196301 204222 159
196301 204222 159
196301 204222 159
196301 204222 159
196301 204222 159
196301 204222 159
187571 195316 160
187571 195316 160
187571 195316 160
187571 195316 160
187571 195316 160
187571 195316 160
187571 195316 160
187571 195316 160
187571 195316 160
187571 195316 160
187571 195316 160
187571 195316 160
187571 195316 160
239504 292550 161
239504 292550 161
239504 292550 161
239504 292550 161
239504 292550 161
239504 292550 161
239504 292550 161
239504 292550 161
239504 292550 161
239504 292550 161
239504 292550 161
239504 292550 161
239504 292550 161
285271 225943 161
285271 225943 161
285271 225943 161
285271 225943 161
285271 225943 161
285271 225943 161
285271 225943 161
285271 225943 161
285271 225943 161
285271 225943 161
285271 225943 161
285271 225943 161
285271 225943 161
195546 237846 161
195546 237846 161
195546 237846 161
195546 237846 161
195546 237846 161
195546 237846 161
195546 237846 161
195546 237846 161
195546 237846 161
195546 237846 161
195546 237846 161
195546 237846 161
190857 237971 161
190857 237971 161
190857 237971 161
190857 237971 161
190857 237971 161
190857 237971 161
190857 237971 161
190857 237971 161
190857 237971 161
190857 237971 161
190857 237971 161
190857 237971 161
190857 237971 161
233589 236898 162
233589 236898 162
233589 236898 162
233589 236898 162
233589 236898 162
233589 236898 162
233589 236898 162
233589 236898 162
233589 236898 162
233589 236898 162
233589 236898 162
233589 236898 162
233589 236898 162
240597 293650 162
240597 293650 162
240597 293650 162
240597 293650 162
240597 293650 162
240597 293650 162
240597 293650 162
240597 293650 162
240597 293650 162
240597 293650 162
240597 293650 162
240597 293650 162
240597 293650 162
295112 256643 163
295112 256643 163
295112 256643 163
295112 256643 163
295112 256643 163
295112 256643 163
295112 256643 163
295112 256643 163
295112 256643 163
295112 256643 163
295112 256643 163
295112 256643 163
295112 256643 163
268850 289009 163
268850 289009 163
268850 289009 163
268850 289009 163
268850 289009 163
268850 289009 163
268850 289009 163
268850 289009 163
268850 289009 163
268850 289009 163
268850 289009 163
268850 289009 163
236897 252022 164
236897 252022 164
236897 252022 164
236897 252022 164
236897 252022 164
236897 252022 164
236897 252022 164
236897 252022 164
236897 252022 164
236897 252022 164
236897 252022 164
236897 252022 164
235134 234654 164
235134 234654 164
235134 234654 164
235134 234654 164
235134 234654 164
235134 234654 164
235134 234654 164
235134 234654 164
235134 234654 164
235134 234654 164
235134 234654 164
235134 234654 164
235134 234654 164
226961 293650 165
226961 293650 165
226961 293650 165
226961 293650 165
226961 293650 165
226961 293650 165
226961 293650 165
226961 293650 165
226961 293650 165
226961 293650 165
226961 293650 165
226961 293650 165
226961 293650 165
230398 230081 165
230398 230081 165
230398 230081 165
230398 230081 165
230398 230081 165
230398 230081 165
230398 230081 165
230398 230081 165
230398 230081 165
230398 230081 165
230398 230081 165
230398 230081 165
230398 230081 165
235974 234654 166
235974 234654 166
235974 234654 166
235974 234654 166
235974 234654 166
235974 234654 166
235974 234654 166
235974 234654 166
235974 234654 166
235974 234654 166
235974 234654 166
235974 234654 166
293650 272546 167
293650 272546 167
293650 272546 167
293650 272546 167
293650 272546 167
293650 272546 167
293650 272546 167
293650 272546 167
293650 272546 167
293650 272546 167
293650 272546 167
293650 272546 167
193571 182496 167
193571 182496 167
193571 182496 167
193571 182496 167
193571 182496 167
193571 182496 167
193571 182496 167
193571 182496 167
193571 182496 167
193571 182496 167
193571 182496 167
193571 182496 167
227095 238720 167
227095 238720 167
227095 238720 167
227095 238720 167
227095 238720 167
227095 238720 167
227095 238720 167
227095 238720 167
227095 238720 167
227095 238720 167
227095 238720 167
227095 238720 167
226976 235977 169
226976 235977 169
226976 235977 169
226976 235977 169
226976 235977 169
226976 235977 169
226976 235977 169
226976 235977 169
226976 235977 169
226976 235977 169
226976 235977 169
226976 235977 169
226976 235977 169
173814 230069 170
173814 230069 170
173814 230069 170
173814 230069 170
173814 230069 170
173814 230069 170
173814 230069 170
173814 230069 170
173814 230069 170
173814 230069 170
173814 230069 170
173814 230069 170
173814 230069 170
188462 240557 171
188462 240557 171
188462 240557 171
188462 240557 171
188462 240557 171
188462 240557 171
188462 240557 171
188462 240557 171
188462 240557 171
188462 240557 171
188462 240557 171
188462 240557 171
188462 240557 171
174934 160250 172
174934 160250 172
174934 160250 172
174934 160250 172
174934 160250 172
174934 160250 172
174934 160250 172
174934 160250 172
174934 160250 172
174934 160250 172
174934 160250 172
174934 160250 172
243803 228342 173
243803 228342 173
243803 228342 173
243803 228342 173
243803 228342 173
243803 228342 173
243803 228342 173
243803 228342 173
243803 228342 173
243803 228342 173
243803 228342 173
243803 228342 173
243803 228342 173
190861 170580 173
190861 170580 173
190861 170580 173
190861 170580 173
190861 170580 173
190861 170580 173
190861 170580 173
190861 170580 173
190861 170580 173
190861 170580 173
190861 170580 173
190861 170580 173
160244 170580 174
160244 170580 174
160244 170580 174
160244 170580 174
160244 170580 174
160244 170580 174
160244 170580 174
160244 170580 174
160244 170580 174
160244 170580 174
160244 170580 174
160244 170580 174
232189 194603 176
232189 194603 176
232189 194603 176
232189 194603 176
232189 194603 176
232189 194603 176
232189 194603 176
232189 194603 176
232189 194603 176
232189 194603 176
232189 194603 176
232189 194603 176
232189 194603 176
194603 11013 176
194603 11013 176
194603 11013 176
194603 11013 176
194603 11013 176
194603 11013 176
194603 11013 176
194603 11013 176
194603 11013 176
194603 11013 176
194603 11013 176
194603 11013 176
194603 11013 176
183759 160238 176
183759 160238 176
183759 160238 176
183759 160238 176
183759 160238 176
183759 160238 176
183759 160238 176
183759 160238 176
183759 160238 176
183759 160238 176
183759 160238 176
183759 160238 176
183759 160238 176
183759 160238 176
183759 160238 176
183759 160238 176
183759 160238 176
183759 160238 176
183759 160238 176
183759 160238 176
183759 160238 176
183759 160238 176
183759 160238 176
183759 160238 176
183759 160238 176
183756 160241 176
183756 160241 176
183756 160241 176
183756 160241 176
183756 160241 176
183756 160241 176
183756 160241 176
183756 160241 176
183756 160241 176
183756 160241 176
183756 160241 176
183756 160241 176
183756 160241 176
229511 187713 177
229511 187713 177
229511 187713 177
229511 187713 177
229511 187713 177
229511 187713 177
229511 187713 177
229511 187713 177
229511 187713 177
229511 187713 177
229511 187713 177
229511 187713 177
193605 251934 178
193605 251934 178
193605 251934 178
193605 251934 178
193605 251934 178
193605 251934 178
193605 251934 178
193605 251934 178
193605 251934 178
193605 251934 178
193605 251934 178
193605 251934 178
193605 251934 178
285375 14725 180
285375 14725 180
285375 14725 180
285375 14725 180
285375 14725 180
285375 14725 180
285375 14725 180
285375 14725 180
285375 14725 180
285375 14725 180
285375 14725 180
285375 14725 180
285375 14725 180
178291 184794 182
178291 184794 182
178291 184794 182
178291 184794 182
178291 184794 182
178291 184794 182
178291 184794 182
178291 184794 182
178291 184794 182
178291 184794 182
178291 184794 182
178291 184794 182
283698 283433 185
283698 283433 185
283698 283433 185
283698 283433 185
283698 283433 185
283698 283433 185
283698 283433 185
283698 283433 185
283698 283433 185
283698 283433 185
283698 283433 185
283698 283433 185
283698 283433 185
160288 152814 185
160288 152814 185
160288 152814 185
160288 152814 185
160288 152814 185
160288 152814 185
160288 152814 185
160288 152814 185
160288 152814 185
160288 152814 185
160288 152814 185
160288 152814 185
193058 176278 185
193058 176278 185
193058 176278 185
193058 176278 185
193058 176278 185
193058 176278 185
193058 176278 185
193058 176278 185
193058 176278 185
193058 176278 185
193058 176278 185
193058 176278 185
238725 238219 187
238725 238219 187
238725 238219 187
238725 238219 187
238725 238219 187
238725 238219 187
238725 238219 187
238725 238219 187
238725 238219 187
238725 238219 187
238725 238219 187
238725 238219 187
238725 238219 187
237991 235935 193
237991 235935 193
237991 235935 193
237991 235935 193
237991 235935 193
237991 235935 193
237991 235935 193
237991 235935 193
237991 235935 193
237991 235935 193
237991 235935 193
237991 235935 193
237991 235935 193
236888 229867 194
236888 229867 194
236888 229867 194
236888 229867 194
236888 229867 194
236888 229867 194
236888 229867 194
236888 229867 194
236888 229867 194
236888 229867 194
236888 229867 194
236888 229867 194
9117 282890 194
9117 282890 194
9117 282890 194
9117 282890 194
9117 282890 194
9117 282890 194
9117 282890 194
9117 282890 194
9117 282890 194
9117 282890 194
9117 282890 194
9117 282890 194
235935 209561 195
235935 209561 195
235935 209561 195
235935 209561 195
235935 209561 195
235935 209561 195
235935 209561 195
235935 209561 195
235935 209561 195
235935 209561 195
235935 209561 195
235935 209561 195
235935 209561 195
9116 250624 196
9116 250624 196
9116 250624 196
9116 250624 196
9116 250624 196
9116 250624 196
9116 250624 196
9116 250624 196
9116 250624 196
9116 250624 196
9116 250624 196
9116 250624 196
285500 246116 196
285500 246116 196
285500 246116 196
285500 246116 196
285500 246116 196
285500 246116 196
285500 246116 196
285500 246116 196
285500 246116 196
285500 246116 196
285500 246116 196
285500 246116 196
206283 237886 197
206283 237886 197
206283 237886 197
206283 237886 197
206283 237886 197
206283 237886 197
206283 237886 197
206283 237886 197
206283 237886 197
206283 237886 197
206283 237886 197
206283 237886 197
187715 235945 197
187715 235945 197
187715 235945 197
187715 235945 197
187715 235945 197
187715 235945 197
187715 235945 197
187715 235945 197
187715 235945 197
187715 235945 197
187715 235945 197
187715 235945 197
187715 235945 197
293376 289265 203
293376 289265 203
293376 289265 203
293376 289265 203
293376 289265 203
293376 289265 203
293376 289265 203
293376 289265 203
293376 289265 203
293376 289265 203
293376 289265 203
293376 289265 203
246116 285486 203
246116 285486 203
246116 285486 203
246116 285486 203
246116 285486 203
246116 285486 203
246116 285486 203
246116 285486 203
246116 285486 203
246116 285486 203
246116 285486 203
246116 285486 203
178223 208879 204
178223 208879 204
178223 208879 204
178223 208879 204
178223 208879 204
178223 208879 204
178223 208879 204
178223 208879 204
178223 208879 204
178223 208879 204
178223 208879 204
178223 208879 204
178223 208879 204
19032 186852 206
19032 186852 206
19032 186852 206
19032 186852 206
19032 186852 206
19032 186852 206
19032 186852 206
19032 186852 206
19032 186852 206
19032 186852 206
19032 186852 206
19032 186852 206
19032 186852 206
284684 291514 206
284684 291514 206
284684 291514 206
284684 291514 206
284684 291514 206
284684 291514 206
284684 291514 206
284684 291514 206
284684 291514 206
284684 291514 206
284684 291514 206
284684 291514 206
235934 235658 206
235934 235658 206
235934 235658 206
235934 235658 206
235934 235658 206
235934 235658 206
235934 235658 206
235934 235658 206
235934 235658 206
235934 235658 206
235934 235658 206
235934 235658 206
227020 236661 206
227020 236661 206
227020 236661 206
227020 236661 206
227020 236661 206
227020 236661 206
227020 236661 206
227020 236661 206
227020 236661 206
227020 236661 206
227020 236661 206
227020 236661 206
235975 289524 207
235975 289524 207
235975 289524 207
235975 289524 207
235975 289524 207
235975 289524 207
235975 289524 207
235975 289524 207
235975 289524 207
235975 289524 207
235975 289524 207
235975 289524 207
237843 10995 208
237843 10995 208
237843 10995 208
237843 10995 208
237843 10995 208
237843 10995 208
237843 10995 208
237843 10995 208
237843 10995 208
237843 10995 208
237843 10995 208
237843 10995 208
256656 246021 208
256656 246021 208
256656 246021 208
256656 246021 208
256656 246021 208
256656 246021 208
256656 246021 208
256656 246021 208
256656 246021 208
256656 246021 208
256656 246021 208
256656 246021 208
196008 186934 209
196008 186934 209
196008 186934 209
196008 186934 209
196008 186934 209
196008 186934 209
196008 186934 209
196008 186934 209
196008 186934 209
196008 186934 209
196008 186934 209
196008 186934 209
187716 236479 212
187716 236479 212
187716 236479 212
187716 236479 212
187716 236479 212
187716 236479 212
187716 236479 212
187716 236479 212
187716 236479 212
187716 236479 212
187716 236479 212
187716 236479 212
153037 236479 212
153037 236479 212
153037 236479 212
153037 236479 212
153037 236479 212
153037 236479 212
153037 236479 212
153037 236479 212
153037 236479 212
153037 236479 212
153037 236479 212
153037 236479 212
243790 226454 213
243790 226454 213
243790 226454 213
243790 226454 213
243790 226454 213
243790 226454 213
243790 226454 213
243790 226454 213
243790 226454 213
243790 226454 213
243790 226454 213
243790 226454 213
243790 226454 213
290409 151135 213
290409 151135 213
290409 151135 213
290409 151135 213
290409 151135 213
290409 151135 213
290409 151135 213
290409 151135 213
290409 151135 213
290409 151135 213
290409 151135 213
290409 151135 213
227731 227296 214
227731 227296 214
227731 227296 214
227731 227296 214
227731 227296 214
227731 227296 214
227731 227296 214
227731 227296 214
227731 227296 214
227731 227296 214
227731 227296 214
227731 227296 214
256663 293343 214
256663 293343 214
256663 293343 214
256663 293343 214
256663 293343 214
256663 293343 214
256663 293343 214
256663 293343 214
256663 293343 214
256663 293343 214
256663 293343 214
256663 293343 214
256663 293343 214
250600 265636 214
250600 265636 214
250600 265636 214
250600 265636 214
250600 265636 214
250600 265636 214
250600 265636 214
250600 265636 214
250600 265636 214
250600 265636 214
250600 265636 214
250600 265636 214
170576 238699 214
170576 238699 214
170576 238699 214
170576 238699 214
170576 238699 214
170576 238699 214
170576 238699 214
170576 238699 214
170576 238699 214
170576 238699 214
170576 238699 214
170576 238699 214
227071 237886 215
227071 237886 215
227071 237886 215
227071 237886 215
227071 237886 215
227071 237886 215
227071 237886 215
227071 237886 215
227071 237886 215
227071 237886 215
227071 237886 215
227071 237886 215
227071 237886 215
190863 190937 215
190863 190937 215
190863 190937 215
190863 190937 215
190863 190937 215
190863 190937 215
190863 190937 215
190863 190937 215
190863 190937 215
190863 190937 215
190863 190937 215
190863 190937 215
265636 246082 216
265636 246082 216
265636 246082 216
265636 246082 216
265636 246082 216
265636 246082 216
265636 246082 216
265636 246082 216
265636 246082 216
265636 246082 216
265636 246082 216
265636 246082 216
265636 246082 216
245944 290810 216
245944 290810 216
245944 290810 216
245944 290810 216
245944 290810 216
245944 290810 216
245944 290810 216
245944 290810 216
245944 290810 216
245944 290810 216
245944 290810 216
245944 290810 216
245944 290810 216
292034 290121 217
292034 290121 217
292034 290121 217
292034 290121 217
292034 290121 217
292034 290121 217
292034 290121 217
292034 290121 217
292034 290121 217
292034 290121 217
292034 290121 217
292034 290121 217
176267 237862 218
176267 237862 218
176267 237862 218
176267 237862 218
176267 237862 218
176267 237862 218
176267 237862 218
176267 237862 218
176267 237862 218
176267 237862 218
176267 237862 218
176267 237862 218
176267 237862 218
293376 246063 218
293376 246063 218
293376 246063 218
293376 246063 218
293376 246063 218
293376 246063 218
293376 246063 218
293376 246063 218
293376 246063 218
293376 246063 218
293376 246063 218
293376 246063 218
290121 228105 219
290121 228105 219
290121 228105 219
290121 228105 219
290121 228105 219
290121 228105 219
290121 228105 219
290121 228105 219
290121 228105 219
290121 228105 219
290121 228105 219
290121 228105 219
290121 228105 219
226958 239749 219
226958 239749 219
226958 239749 219
226958 239749 219
226958 239749 219
226958 239749 219
226958 239749 219
226958 239749 219
226958 239749 219
226958 239749 219
226958 239749 219
226958 239749 219
226958 239749 219
152790 241444 219
152790 241444 219
152790 241444 219
152790 241444 219
152790 241444 219
152790 241444 219
152790 241444 219
152790 241444 219
152790 241444 219
152790 241444 219
152790 241444 219
152790 241444 219
152790 241444 219
14813 236898 219
14813 236898 219
14813 236898 219
14813 236898 219
14813 236898 219
14813 236898 219
14813 236898 219
14813 236898 219
14813 236898 219
14813 236898 219
14813 236898 219
14813 236898 219
14813 236898 219
245984 246059 219
245984 246059 219
245984 246059 219
245984 246059 219
245984 246059 219
245984 246059 219
245984 246059 219
245984 246059 219
245984 246059 219
245984 246059 219
245984 246059 219
245984 246059 219
246063 245976 220
246063 245976 220
246063 245976 220
246063 245976 220
246063 245976 220
246063 245976 220
246063 245976 220
246063 245976 220
246063 245976 220
246063 245976 220
246063 245976 220
246063 245976 220
188433 190915 221
188433 190915 221
188433 190915 221
188433 190915 221
188433 190915 221
188433 190915 221
188433 190915 221
188433 190915 221
188433 190915 221
188433 190915 221
188433 190915 221
188433 190915 221
288560 291426 222
288560 291426 222
288560 291426 222
288560 291426 222
288560 291426 222
288560 291426 222
288560 291426 222
288560 291426 222
288560 291426 222
288560 291426 222
288560 291426 222
288560 291426 222
230665 236400 223
230665 236400 223
230665 236400 223
230665 236400 223
230665 236400 223
230665 236400 223
230665 236400 223
230665 236400 223
230665 236400 223
230665 236400 223
230665 236400 223
230665 236400 223
285468 289524 223
285468 289524 223
285468 289524 223
285468 289524 223
285468 289524 223
285468 289524 223
285468 289524 223
285468 289524 223
285468 289524 223
285468 289524 223
285468 289524 223
285468 289524 223
285468 289524 223
235659 227077 224
235659 227077 224
235659 227077 224
235659 227077 224
235659 227077 224
235659 227077 224
235659 227077 224
235659 227077 224
235659 227077 224
235659 227077 224
235659 227077 224
235659 227077 224
235659 227077 224
14810 285281 225
14810 285281 225
14810 285281 225
14810 285281 225
14810 285281 225
14810 285281 225
14810 285281 225
14810 285281 225
14810 285281 225
14810 285281 225
14810 285281 225
14810 285281 225
14810 285281 225
227076 233584 226
227076 233584 226
227076 233584 226
227076 233584 226
227076 233584 226
227076 233584 226
227076 233584 226
227076 233584 226
227076 233584 226
227076 233584 226
227076 233584 226
227076 233584 226
226831 226966 227
226831 226966 227
226831 226966 227
226831 226966 227
226831 226966 227
226831 226966 227
226831 226966 227
226831 226966 227
226831 226966 227
226831 226966 227
226831 226966 227
226831 226966 227
226831 226966 227
189007 183756 227
189007 183756 227
189007 183756 227
189007 183756 227
189007 183756 227
189007 183756 227
189007 183756 227
189007 183756 227
189007 183756 227
189007 183756 227
189007 183756 227
189007 183756 227
227076 173806 228
227076 173806 228
227076 173806 228
227076 173806 228
227076 173806 228
227076 173806 228
227076 173806 228
227076 173806 228
227076 173806 228
227076 173806 228
227076 173806 228
227076 173806 228
238630 251936 228
238630 251936 228
238630 251936 228
238630 251936 228
238630 251936 228
238630 251936 228
238630 251936 228
238630 251936 228
238630 251936 228
238630 251936 228
238630 251936 228
238630 251936 228
230201 227541 231
230201 227541 231
230201 227541 231
230201 227541 231
230201 227541 231
230201 227541 231
230201 227541 231
230201 227541 231
230201 227541 231
230201 227541 231
230201 227541 231
230201 227541 231
230201 227541 231
208237 175923 231
208237 175923 231
208237 175923 231
208237 175923 231
208237 175923 231
208237 175923 231
208237 175923 231
208237 175923 231
208237 175923 231
208237 175923 231
208237 175923 231
208237 175923 231
208237 175923 231
233584 227732 232
233584 227732 232
233584 227732 232
233584 227732 232
233584 227732 232
233584 227732 232
233584 227732 232
233584 227732 232
233584 227732 232
233584 227732 232
233584 227732 232
233584 227732 232
233584 227732 232
178301 193235 232
178301 193235 232
178301 193235 232
178301 193235 232
178301 193235 232
178301 193235 232
178301 193235 232
178301 193235 232
178301 193235 232
178301 193235 232
178301 193235 232
178301 193235 232
186830 175923 232
186830 175923 232
186830 175923 232
186830 175923 232
186830 175923 232
186830 175923 232
186830 175923 232
186830 175923 232
186830 175923 232
186830 175923 232
186830 175923 232
186830 175923 232
184452 175945 232
184452 175945 232
184452 175945 232
184452 175945 232
184452 175945 232
184452 175945 232
184452 175945 232
184452 175945 232
184452 175945 232
184452 175945 232
184452 175945 232
184452 175945 232
184452 175945 232
194986 195492 236
194986 195492 236
194986 195492 236
194986 195492 236
194986 195492 236
194986 195492 236
194986 195492 236
194986 195492 236
194986 195492 236
194986 195492 236
194986 195492 236
194986 195492 236
268501 296545 236
268501 296545 236
268501 296545 236
268501 296545 236
268501 296545 236
268501 296545 236
268501 296545 236
268501 296545 236
268501 296545 236
268501 296545 236
268501 296545 236
268501 296545 236
236090 227345 239
236090 227345 239
236090 227345 239
236090 227345 239
236090 227345 239
236090 227345 239
236090 227345 239
236090 227345 239
236090 227345 239
236090 227345 239
236090 227345 239
236090 227345 239
191590 193605 242
191590 193605 242
191590 193605 242
191590 193605 242
191590 193605 242
191590 193605 242
191590 193605 242
191590 193605 242
191590 193605 242
191590 193605 242
191590 193605 242
191590 193605 242
191590 193605 242
235876 290818 242
235876 290818 242
235876 290818 242
235876 290818 242
235876 290818 242
235876 290818 242
235876 290818 242
235876 290818 242
235876 290818 242
235876 290818 242
235876 290818 242
235876 290818 242
160250 192797 243
160250 192797 243
160250 192797 243
160250 192797 243
160250 192797 243
160250 192797 243
160250 192797 243
160250 192797 243
160250 192797 243
160250 192797 243
160250 192797 243
160250 192797 243
160250 192797 243
243765 11829 245
243765 11829 245
243765 11829 245
243765 11829 245
243765 11829 245
243765 11829 245
243765 11829 245
243765 11829 245
243765 11829 245
243765 11829 245
243765 11829 245
243765 11829 245
243765 11829 245
228104 229773 245
228104 229773 245
228104 229773 245
228104 229773 245
228104 229773 245
228104 229773 245
228104 229773 245
228104 229773 245
228104 229773 245
228104 229773 245
228104 229773 245
228104 229773 245
187716 208879 246
187716 208879 246
187716 208879 246
187716 208879 246
187716 208879 246
187716 208879 246
187716 208879 246
187716 208879 246
187716 208879 246
187716 208879 246
187716 208879 246
187716 208879 246
187716 208879 246
285260 240839 246
285260 240839 246
285260 240839 246
285260 240839 246
285260 240839 246
285260 240839 246
285260 240839 246
285260 240839 246
285260 240839 246
285260 240839 246
285260 240839 246
285260 240839 246
285260 240839 246
235685 227077 250
235685 227077 250
235685 227077 250
235685 227077 250
235685 227077 250
235685 227077 250
235685 227077 250
235685 227077 250
235685 227077 250
235685 227077 250
235685 227077 250
235685 227077 250
227979 228034 250
227979 228034 250
227979 228034 250
227979 228034 250
227979 228034 250
227979 228034 250
227979 228034 250
227979 228034 250
227979 228034 250
227979 228034 250
227979 228034 250
227979 228034 250
227979 228034 250
235132 233584 251
235132 233584 251
235132 233584 251
235132 233584 251
235132 233584 251
235132 233584 251
235132 233584 251
235132 233584 251
235132 233584 251
235132 233584 251
235132 233584 251
235132 233584 251
237353 203453 252
237353 203453 252
237353 203453 252
237353 203453 252
237353 203453 252
237353 203453 252
237353 203453 252
237353 203453 252
237353 203453 252
237353 203453 252
237353 203453 252
237353 203453 252
175935 196008 255
175935 196008 255
175935 196008 255
175935 196008 255
175935 196008 255
175935 196008 255
175935 196008 255
175935 196008 255
175935 196008 255
175935 196008 255
175935 196008 255
175935 196008 255
238631 175936 255
238631 175936 255
238631 175936 255
238631 175936 255
238631 175936 255
238631 175936 255
238631 175936 255
238631 175936 255
238631 175936 255
238631 175936 255
238631 175936 255
238631 175936 255
238631 175936 255
227547 227520 255
227547 227520 255
227547 227520 255
227547 227520 255
227547 227520 255
227547 227520 255
227547 227520 255
227547 227520 255
227547 227520 255
227547 227520 255
227547 227520 255
227547 227520 255
236888 174718 257
236888 174718 257
236888 174718 257
236888 174718 257
236888 174718 257
236888 174718 257
236888 174718 257
236888 174718 257
236888 174718 257
236888 174718 257
236888 174718 257
236888 174718 257
242072 237873 257
242072 237873 257
242072 237873 257
242072 237873 257
242072 237873 257
242072 237873 257
242072 237873 257
242072 237873 257
242072 237873 257
242072 237873 257
242072 237873 257
242072 237873 257
242072 237873 257
151473 236888 258
151473 236888 258
151473 236888 258
151473 236888 258
151473 236888 258
151473 236888 258
151473 236888 258
151473 236888 258
151473 236888 258
151473 236888 258
151473 236888 258
151473 236888 258
151473 236888 258
289151 285260 258
289151 285260 258
289151 285260 258
289151 285260 258
289151 285260 258
289151 285260 258
289151 285260 258
289151 285260 258
289151 285260 258
289151 285260 258
289151 285260 258
289151 285260 258
289151 285260 258
155156 229855 258
155156 229855 258
155156 229855 258
155156 229855 258
155156 229855 258
155156 229855 258
155156 229855 258
155156 229855 258
155156 229855 258
155156 229855 258
155156 229855 258
155156 229855 258
155156 229855 258
238214 236995 258
238214 236995 258
238214 236995 258
238214 236995 258
238214 236995 258
238214 236995 258
238214 236995 258
238214 236995 258
238214 236995 258
238214 236995 258
238214 236995 258
238214 236995 258
191674 241887 261
191674 241887 261
191674 241887 261
191674 241887 261
191674 241887 261
191674 241887 261
191674 241887 261
191674 241887 261
191674 241887 261
191674 241887 261
191674 241887 261
191674 241887 261
191674 241887 261
291226 151474 262
291226 151474 262
291226 151474 262
291226 151474 262
291226 151474 262
291226 151474 262
291226 151474 262
291226 151474 262
291226 151474 262
291226 151474 262
291226 151474 262
291226 151474 262
291226 151474 262
291226 151474 262
291226 151474 262
291226 151474 262
291226 151474 262
291226 151474 262
291226 151474 262
291226 151474 262
291226 151474 262
291226 151474 262
291226 151474 262
291226 151474 262
291226 151474 262
291226 151474 262
291226 151474 262
291226 151474 262
291226 151474 262
291226 151474 262
291226 151474 262
291226 151474 262
291226 151474 262
291226 151474 262
291226 151474 262
291226 151474 262
291226 151474 262
291226 151474 262
291226 151474 262
291226 151474 262
291226 151474 262
291226 151474 262
291226 151474 262
291226 151474 262
291226 151474 262
291226 151474 262
291226 151474 262
291226 151474 262
291226 151474 262
291226 151474 262
291226 151474 263
291226 151474 263
291226 151474 263
291226 151474 263
291226 151474 263
291226 151474 263
291226 151474 263
291226 151474 263
291226 151474 263
291226 151474 263
291226 151474 263
291226 151474 263
291226 151474 263
291226 9640 263
291226 9640 263
291226 9640 263
291226 9640 263
291226 9640 263
291226 9640 263
291226 9640 263
291226 9640 263
291226 9640 263
291226 9640 263
291226 9640 263
291226 9640 263
225931 237360 264
225931 237360 264
225931 237360 264
225931 237360 264
225931 237360 264
225931 237360 264
225931 237360 264
225931 237360 264
225931 237360 264
225931 237360 264
225931 237360 264
225931 237360 264
225931 237360 264
242543 235146 264
242543 235146 264
242543 235146 264
242543 235146 264
242543 235146 264
242543 235146 264
242543 235146 264
242543 235146 264
242543 235146 264
242543 235146 264
242543 235146 264
242543 235146 264
242543 235146 264
245982 291455 271
245982 291455 271
245982 291455 271
245982 291455 271
245982 291455 271
245982 291455 271
245982 291455 271
245982 291455 271
245982 291455 271
245982 291455 271
245982 291455 271
245982 291455 271
245982 291455 271
236470 226242 271
236470 226242 271
236470 226242 271
236470 226242 271
236470 226242 271
236470 226242 271
236470 226242 271
236470 226242 271
236470 226242 271
236470 226242 271
236470 226242 271
236470 226242 271
292034 150262 273
292034 150262 273
292034 150262 273
292034 150262 273
292034 150262 273
292034 150262 273
292034 150262 273
292034 150262 273
292034 150262 273
292034 150262 273
292034 150262 273
292034 150262 273
226242 195764 273
226242 195764 273
226242 195764 273
226242 195764 273
226242 195764 273
226242 195764 273
226242 195764 273
226242 195764 273
226242 195764 273
226242 195764 273
226242 195764 273
226242 195764 273
184415 190861 278
184415 190861 278
184415 190861 278
184415 190861 278
184415 190861 278
184415 190861 278
184415 190861 278
184415 190861 278
184415 190861 278
184415 190861 278
184415 190861 278
184415 190861 278
194390 230208 278
194390 230208 278
194390 230208 278
194390 230208 278
194390 230208 278
194390 230208 278
194390 230208 278
194390 230208 278
194390 230208 278
194390 230208 278
194390 230208 278
194390 230208 278
194390 230208 278
239287 235860 279
239287 235860 279
239287 235860 279
239287 235860 279
239287 235860 279
239287 235860 279
239287 235860 279
239287 235860 279
239287 235860 279
239287 235860 279
239287 235860 279
239287 235860 279
290810 235790 279
290810 235790 279
290810 235790 279
290810 235790 279
290810 235790 279
290810 235790 279
290810 235790 279
290810 235790 279
290810 235790 279
290810 235790 279
290810 235790 279
290810 235790 279
208266 175934 279
208266 175934 279
208266 175934 279
208266 175934 279
208266 175934 279
208266 175934 279
208266 175934 279
208266 175934 279
208266 175934 279
208266 175934 279
208266 175934 279
208266 175934 279
175934 247522 281
175934 247522 281
175934 247522 281
175934 247522 281
175934 247522 281
175934 247522 281
175934 247522 281
175934 247522 281
175934 247522 281
175934 247522 281
175934 247522 281
175934 247522 281
225789 289159 282
225789 289159 282
225789 289159 282
225789 289159 282
225789 289159 282
225789 289159 282
225789 289159 282
225789 289159 282
225789 289159 282
225789 289159 282
225789 289159 282
225789 289159 282
239235 235935 284
239235 235935 284
239235 235935 284
239235 235935 284
239235 235935 284
239235 235935 284
239235 235935 284
239235 235935 284
239235 235935 284
239235 235935 284
239235 235935 284
239235 235935 284
239235 235935 284
250583 290818 285
250583 290818 285
250583 290818 285
250583 290818 285
250583 290818 285
250583 290818 285
250583 290818 285
250583 290818 285
250583 290818 285
250583 290818 285
250583 290818 285
250583 290818 285
250583 290818 285
230705 235982 288
230705 235982 288
230705 235982 288
230705 235982 288
230705 235982 288
230705 235982 288
230705 235982 288
230705 235982 288
230705 235982 288
230705 235982 288
230705 235982 288
230705 235982 288
230705 235982 288
250635 265960 292
250635 265960 292
250635 265960 292
250635 265960 292
250635 265960 292
250635 265960 292
250635 265960 292
250635 265960 292
250635 265960 292
250635 265960 292
250635 265960 292
250635 265960 292
235974 242491 293
235974 242491 293
235974 242491 293
235974 242491 293
235974 242491 293
235974 242491 293
235974 242491 293
235974 242491 293
235974 242491 293
235974 242491 293
235974 242491 293
235974 242491 293
236137 236897 294
236137 236897 294
236137 236897 294
236137 236897 294
236137 236897 294
236137 236897 294
236137 236897 294
236137 236897 294
236137 236897 294
236137 236897 294
236137 236897 294
236137 236897 294
236137 236897 294
263594 250579 294
263594 250579 294
263594 250579 294
263594 250579 294
263594 250579 294
263594 250579 294
263594 250579 294
263594 250579 294
263594 250579 294
263594 250579 294
263594 250579 294
263594 250579 294
291769 295112 298
291769 295112 298
291769 295112 298
291769 295112 298
291769 295112 298
291769 295112 298
291769 295112 298
291769 295112 298
291769 295112 298
291769 295112 298
291769 295112 298
291769 295112 298
235995 239754 302
235995 239754 302
235995 239754 302
235995 239754 302
235995 239754 302
235995 239754 302
235995 239754 302
235995 239754 302
235995 239754 302
235995 239754 302
235995 239754 302
235995 239754 302
234242 225705 310
234242 225705 310
234242 225705 310
234242 225705 310
234242 225705 310
234242 225705 310
234242 225705 310
234242 225705 310
234242 225705 310
234242 225705 310
234242 225705 310
234242 225705 310
227827 291002 311
227827 291002 311
227827 291002 311
227827 291002 311
227827 291002 311
227827 291002 311
227827 291002 311
227827 291002 311
227827 291002 311
227827 291002 311
227827 291002 311
227827 291002 311
246059 291455 312
246059 291455 312
246059 291455 312
246059 291455 312
246059 291455 312
246059 291455 312
246059 291455 312
246059 291455 312
246059 291455 312
246059 291455 312
246059 291455 312
246059 291455 312
236836 186780 312
236836 186780 312
236836 186780 312
236836 186780 312
236836 186780 312
236836 186780 312
236836 186780 312
236836 186780 312
236836 186780 312
236836 186780 312
236836 186780 312
236836 186780 312
236836 186780 312
235862 246054 318
235862 246054 318
235862 246054 318
235862 246054 318
235862 246054 318
235862 246054 318
235862 246054 318
235862 246054 318
235862 246054 318
235862 246054 318
235862 246054 318
235862 246054 318
235862 246054 318
286830 284206 319
286830 284206 319
286830 284206 319
286830 284206 319
286830 284206 319
286830 284206 319
286830 284206 319
286830 284206 319
286830 284206 319
286830 284206 319
286830 284206 319
286830 284206 319
291514 250600 323
291514 250600 323
291514 250600 323
291514 250600 323
291514 250600 323
291514 250600 323
291514 250600 323
291514 250600 323
291514 250600 323
291514 250600 323
291514 250600 323
291514 250600 323
291514 250600 323
295629 284631 328
295629 284631 328
295629 284631 328
295629 284631 328
295629 284631 328
295629 284631 328
295629 284631 328
295629 284631 328
295629 284631 328
295629 284631 328
295629 284631 328
295629 284631 328
295629 284631 328
151107 228034 335
151107 228034 335
151107 228034 335
151107 228034 335
151107 228034 335
151107 228034 335
151107 228034 335
151107 228034 335
151107 228034 335
151107 228034 335
151107 228034 335
151107 228034 335
151107 228034 335
11777 235974 335
11777 235974 335
11777 235974 335
11777 235974 335
11777 235974 335
11777 235974 335
11777 235974 335
11777 235974 335
11777 235974 335
11777 235974 335
11777 235974 335
11777 235974 335
178225 291376 341
178225 291376 341
178225 291376 341
178225 291376 341
178225 291376 341
178225 291376 341
178225 291376 341
178225 291376 341
178225 291376 341
178225 291376 341
178225 291376 341
178225 291376 341
178225 291376 341
291376 9117 343
291376 9117 343
291376 9117 343
291376 9117 343
291376 9117 343
291376 9117 343
291376 9117 343
291376 9117 343
291376 9117 343
291376 9117 343
291376 9117 343
291376 9117 343
291376 9117 343
208218 170580 346
208218 170580 346
208218 170580 346
208218 170580 346
208218 170580 346
208218 170580 346
208218 170580 346
208218 170580 346
208218 170580 346
208218 170580 346
208218 170580 346
208218 170580 346
208218 170580 346
293343 284631 352
293343 284631 352
293343 284631 352
293343 284631 352
293343 284631 352
293343 284631 352
293343 284631 352
293343 284631 352
293343 284631 352
293343 284631 352
293343 284631 352
293343 284631 352
246816 293065 356
246816 293065 356
246816 293065 356
246816 293065 356
246816 293065 356
246816 293065 356
246816 293065 356
246816 293065 356
246816 293065 356
246816 293065 356
246816 293065 356
246816 293065 356
246816 293065 356
294593 285281 363
294593 285281 363
294593 285281 363
294593 285281 363
294593 285281 363
294593 285281 363
294593 285281 363
294593 285281 363
294593 285281 363
294593 285281 363
294593 285281 363
294593 285281 363
238735 209470 363
238735 209470 363
238735 209470 363
238735 209470 363
238735 209470 363
238735 209470 363
238735 209470 363
238735 209470 363
238735 209470 363
238735 209470 363
238735 209470 363
238735 209470 363
238735 209470 363
246054 265960 369
246054 265960 369
246054 265960 369
246054 265960 369
246054 265960 369
246054 265960 369
246054 265960 369
246054 265960 369
246054 265960 369
246054 265960 369
246054 265960 369
246054 265960 369
250582 150489 376
250582 150489 376
250582 150489 376
250582 150489 376
250582 150489 376
250582 150489 376
250582 150489 376
250582 150489 376
250582 150489 376
250582 150489 376
250582 150489 376
250582 150489 376
14724 292550 379
14724 292550 379
14724 292550 379
14724 292550 379
14724 292550 379
14724 292550 379
14724 292550 379
14724 292550 379
14724 292550 379
14724 292550 379
14724 292550 379
14724 292550 379
237710 268888 383
237710 268888 383
237710 268888 383
237710 268888 383
237710 268888 383
237710 268888 383
237710 268888 383
237710 268888 383
237710 268888 383
237710 268888 383
237710 268888 383
237710 268888 383
266104 281183 392
266104 281183 392
266104 281183 392
266104 281183 392
266104 281183 392
266104 281183 392
266104 281183 392
266104 281183 392
266104 281183 392
266104 281183 392
266104 281183 392
266104 281183 392
246115 293370 393
246115 293370 393
246115 293370 393
246115 293370 393
246115 293370 393
246115 293370 393
246115 293370 393
246115 293370 393
246115 293370 393
246115 293370 393
246115 293370 393
246115 293370 393
265841 237964 400
265841 237964 400
265841 237964 400
265841 237964 400
265841 237964 400
265841 237964 400
265841 237964 400
265841 237964 400
265841 237964 400
265841 237964 400
265841 237964 400
265841 237964 400
290211 237964 400
290211 237964 400
290211 237964 400
290211 237964 400
290211 237964 400
290211 237964 400
290211 237964 400
290211 237964 400
290211 237964 400
290211 237964 400
290211 237964 400
290211 237964 400
290211 237964 400
292449 233618 414
292449 233618 414
292449 233618 414
292449 233618 414
292449 233618 414
292449 233618 414
292449 233618 414
292449 233618 414
292449 233618 414
292449 233618 414
292449 233618 414
292449 233618 414
292449 233618 414
227872 239001 421
227872 239001 421
227872 239001 421
227872 239001 421
227872 239001 421
227872 239001 421
227872 239001 421
227872 239001 421
227872 239001 421
227872 239001 421
227872 239001 421
227872 239001 421
232694 235013 423
232694 235013 423
232694 235013 423
232694 235013 423
232694 235013 423
232694 235013 423
232694 235013 423
232694 235013 423
232694 235013 423
232694 235013 423
232694 235013 423
232694 235013 423
232694 235013 423
230101 14848 431
230101 14848 431
230101 14848 431
230101 14848 431
230101 14848 431
230101 14848 431
230101 14848 431
230101 14848 431
230101 14848 431
230101 14848 431
230101 14848 431
230101 14848 431
230101 14848 431
226580 227098 439
226580 227098 439
226580 227098 439
226580 227098 439
226580 227098 439
226580 227098 439
226580 227098 439
226580 227098 439
226580 227098 439
226580 227098 439
226580 227098 439
226580 227098 439
226580 227098 439
246086 14812 442
246086 14812 442
246086 14812 442
246086 14812 442
246086 14812 442
246086 14812 442
246086 14812 442
246086 14812 442
246086 14812 442
246086 14812 442
246086 14812 442
246086 14812 442
246086 14812 442
227099 227828 442
227099 227828 442
227099 227828 442
227099 227828 442
227099 227828 442
227099 227828 442
227099 227828 442
227099 227828 442
227099 227828 442
227099 227828 442
227099 227828 442
227099 227828 442
226590 236866 449
226590 236866 449
226590 236866 449
226590 236866 449
226590 236866 449
226590 236866 449
226590 236866 449
226590 236866 449
226590 236866 449
226590 236866 449
226590 236866 449
226590 236866 449
226590 236866 449
226966 296096 452
226966 296096 452
226966 296096 452
226966 296096 452
226966 296096 452
226966 296096 452
226966 296096 452
226966 296096 452
226966 296096 452
226966 296096 452
226966 296096 452
226966 296096 452
266399 236888 458
266399 236888 458
266399 236888 458
266399 236888 458
266399 236888 458
266399 236888 458
266399 236888 458
266399 236888 458
266399 236888 458
266399 236888 458
266399 236888 458
266399 236888 458
239160 296708 461
239160 296708 461
239160 296708 461
239160 296708 461
239160 296708 461
239160 296708 461
239160 296708 461
239160 296708 461
239160 296708 461
239160 296708 461
239160 296708 461
239160 296708 461
227098 251949 470
227098 251949 470
227098 251949 470
227098 251949 470
227098 251949 470
227098 251949 470
227098 251949 470
227098 251949 470
227098 251949 470
227098 251949 470
227098 251949 470
227098 251949 470
227098 251949 470
10447 238631 470
10447 238631 470
10447 238631 470
10447 238631 470
10447 238631 470
10447 238631 470
10447 238631 470
10447 238631 470
10447 238631 470
10447 238631 470
10447 238631 470
10447 238631 470
10447 238631 470
196008 193058 473
196008 193058 473
196008 193058 473
196008 193058 473
196008 193058 473
196008 193058 473
196008 193058 473
196008 193058 473
196008 193058 473
196008 193058 473
196008 193058 473
196008 193058 473
196008 193058 473
151138 296545 475
151138 296545 475
151138 296545 475
151138 296545 475
151138 296545 475
151138 296545 475
151138 296545 475
151138 296545 475
151138 296545 475
151138 296545 475
151138 296545 475
151138 296545 475
151138 296545 475
242460 243006 478
242460 243006 478
242460 243006 478
242460 243006 478
242460 243006 478
242460 243006 478
242460 243006 478
242460 243006 478
242460 243006 478
242460 243006 478
242460 243006 478
242460 243006 478
242460 243006 478
236554 228445 479
236554 228445 479
236554 228445 479
236554 228445 479
236554 228445 479
236554 228445 479
236554 228445 479
236554 228445 479
236554 228445 479
236554 228445 479
236554 228445 479
236554 228445 479
236554 228445 479
272546 235683 480
272546 235683 480
272546 235683 480
272546 235683 480
272546 235683 480
272546 235683 480
272546 235683 480
272546 235683 480
272546 235683 480
272546 235683 480
272546 235683 480
272546 235683 480
235974 227037 480
235974 227037 480
235974 227037 480
235974 227037 480
235974 227037 480
235974 227037 480
235974 227037 480
235974 227037 480
235974 227037 480
235974 227037 480
235974 227037 480
235974 227037 480
235974 227037 480
250604 178772 482
250604 178772 482
250604 178772 482
250604 178772 482
250604 178772 482
250604 178772 482
250604 178772 482
250604 178772 482
250604 178772 482
250604 178772 482
250604 178772 482
250604 178772 482
250604 178772 482
296709 285256 484
296709 285256 484
296709 285256 484
296709 285256 484
296709 285256 484
296709 285256 484
296709 285256 484
296709 285256 484
296709 285256 484
296709 285256 484
296709 285256 484
296709 285256 484
265636 236913 485
265636 236913 485
265636 236913 485
265636 236913 485
265636 236913 485
265636 236913 485
265636 236913 485
265636 236913 485
265636 236913 485
265636 236913 485
265636 236913 485
265636 236913 485
265636 236913 485
289032 248382 486
289032 248382 486
289032 248382 486
289032 248382 486
289032 248382 486
289032 248382 486
289032 248382 486
289032 248382 486
289032 248382 486
289032 248382 486
289032 248382 486
289032 248382 486
239290 285281 487
239290 285281 487
239290 285281 487
239290 285281 487
239290 285281 487
239290 285281 487
239290 285281 487
239290 285281 487
239290 285281 487
239290 285281 487
239290 285281 487
239290 285281 487
252023 237100 492
252023 237100 492
252023 237100 492
252023 237100 492
252023 237100 492
252023 237100 492
252023 237100 492
252023 237100 492
252023 237100 492
252023 237100 492
252023 237100 492
252023 237100 492
230069 236921 492
230069 236921 492
230069 236921 492
230069 236921 492
230069 236921 492
230069 236921 492
230069 236921 492
230069 236921 492
230069 236921 492
230069 236921 492
230069 236921 492
230069 236921 492
230069 236921 492
284247 270401 493
284247 270401 493
284247 270401 493
284247 270401 493
284247 270401 493
284247 270401 493
284247 270401 493
284247 270401 493
284247 270401 493
284247 270401 493
284247 270401 493
284247 270401 493
239179 231863 494
239179 231863 494
239179 231863 494
239179 231863 494
239179 231863 494
239179 231863 494
239179 231863 494
239179 231863 494
239179 231863 494
239179 231863 494
239179 231863 494
239179 231863 494
228105 235685 496
228105 235685 496
228105 235685 496
228105 235685 496
228105 235685 496
228105 235685 496
228105 235685 496
228105 235685 496
228105 235685 496
228105 235685 496
228105 235685 496
228105 235685 496
190380 187714 496
190380 187714 496
190380 187714 496
190380 187714 496
190380 187714 496
190380 187714 496
190380 187714 496
190380 187714 496
190380 187714 496
190380 187714 496
190380 187714 496
190380 187714 496
177252 234245 498
177252 234245 498
177252 234245 498
177252 234245 498
177252 234245 498
177252 234245 498
177252 234245 498
177252 234245 498
177252 234245 498
177252 234245 498
177252 234245 498
177252 234245 498
177252 234245 498
251980 230217 499
251980 230217 499
251980 230217 499
251980 230217 499
251980 230217 499
251980 230217 499
251980 230217 499
251980 230217 499
251980 230217 499
251980 230217 499
251980 230217 499
251980 230217 499
251980 230217 499
234245 176168 500
234245 176168 500
234245 176168 500
234245 176168 500
234245 176168 500
234245 176168 500
234245 176168 500
234245 176168 500
234245 176168 500
234245 176168 500
234245 176168 500
234245 176168 500
237873 195492 500
237873 195492 500
237873 195492 500
237873 195492 500
237873 195492 500
237873 195492 500
237873 195492 500
237873 195492 500
237873 195492 500
237873 195492 500
237873 195492 500
237873 195492 500
184962 192994 505
184962 192994 505
184962 192994 505
184962 192994 505
184962 192994 505
184962 192994 505
184962 192994 505
184962 192994 505
184962 192994 505
184962 192994 505
184962 192994 505
184962 192994 505
184962 192994 505
242604 235690 507
242604 235690 507
242604 235690 507
242604 235690 507
242604 235690 507
242604 235690 507
242604 235690 507
242604 235690 507
242604 235690 507
242604 235690 507
242604 235690 507
242604 235690 507
226580 227093 508
226580 227093 508
226580 227093 508
226580 227093 508
226580 227093 508
226580 227093 508
226580 227093 508
226580 227093 508
226580 227093 508
226580 227093 508
226580 227093 508
226580 227093 508
226580 227093 508
193793 190880 510
193793 190880 510
193793 190880 510
193793 190880 510
193793 190880 510
193793 190880 510
193793 190880 510
193793 190880 510
193793 190880 510
193793 190880 510
193793 190880 510
193793 190880 510
193793 190880 510
296526 232831 511
296526 232831 511
296526 232831 511
296526 232831 511
296526 232831 511
296526 232831 511
296526 232831 511
296526 232831 511
296526 232831 511
296526 232831 511
296526 232831 511
296526 232831 511
226961 246121 513
226961 246121 513
226961 246121 513
226961 246121 513
226961 246121 513
226961 246121 513
226961 246121 513
226961 246121 513
226961 246121 513
226961 246121 513
226961 246121 513
226961 246121 513
242604 235974 513
242604 235974 513
242604 235974 513
242604 235974 513
242604 235974 513
242604 235974 513
242604 235974 513
242604 235974 513
242604 235974 513
242604 235974 513
242604 235974 513
242604 235974 513
238214 241489 514
238214 241489 514
238214 241489 514
238214 241489 514
238214 241489 514
238214 241489 514
238214 241489 514
238214 241489 514
238214 241489 514
238214 241489 514
238214 241489 514
238214 241489 514
246101 250600 516
246101 250600 516
246101 250600 516
246101 250600 516
246101 250600 516
246101 250600 516
246101 250600 516
246101 250600 516
246101 250600 516
246101 250600 516
246101 250600 516
246101 250600 516
246101 250600 516
246119 250687 516
246119 250687 516
246119 250687 516
246119 250687 516
246119 250687 516
246119 250687 516
246119 250687 516
246119 250687 516
246119 250687 516
246119 250687 516
246119 250687 516
246119 250687 516
175913 174943 517
175913 174943 517
175913 174943 517
175913 174943 517
175913 174943 517
175913 174943 517
175913 174943 517
175913 174943 517
175913 174943 517
175913 174943 517
175913 174943 517
175913 174943 517
268850 176501 518
268850 176501 518
268850 176501 518
268850 176501 518
268850 176501 518
268850 176501 518
268850 176501 518
268850 176501 518
268850 176501 518
268850 176501 518
268850 176501 518
268850 176501 518
268850 176501 518
187711 232030 518
187711 232030 518
187711 232030 518
187711 232030 518
187711 232030 518
187711 232030 518
187711 232030 518
187711 232030 518
187711 232030 518
187711 232030 518
187711 232030 518
187711 232030 518
187711 232030 518
235868 289620 518
235868 289620 518
235868 289620 518
235868 289620 518
235868 289620 518
235868 289620 518
235868 289620 518
235868 289620 518
235868 289620 518
235868 289620 518
235868 289620 518
235868 289620 518
235868 289620 518
201801 238002 519
201801 238002 519
201801 238002 519
201801 238002 519
201801 238002 519
201801 238002 519
201801 238002 519
201801 238002 519
201801 238002 519
201801 238002 519
201801 238002 519
201801 238002 519
126479 235013 519
126479 235013 519
126479 235013 519
126479 235013 519
126479 235013 519
126479 235013 519
126479 235013 519
126479 235013 519
126479 235013 519
126479 235013 519
126479 235013 519
126479 235013 519
126479 235013 519
234693 231519 521
234693 231519 521
234693 231519 521
234693 231519 521
234693 231519 521
234693 231519 521
234693 231519 521
234693 231519 521
234693 231519 521
234693 231519 521
234693 231519 521
234693 231519 521
234693 231519 521
190751 170576 521
190751 170576 521
190751 170576 521
190751 170576 521
190751 170576 521
190751 170576 521
190751 170576 521
190751 170576 521
190751 170576 521
190751 170576 521
190751 170576 521
190751 170576 521
283698 295364 522
283698 295364 522
283698 295364 522
283698 295364 522
283698 295364 522
283698 295364 522
283698 295364 522
283698 295364 522
283698 295364 522
283698 295364 522
283698 295364 522
283698 295364 522
283698 295364 522
293376 270401 522
293376 270401 522
293376 270401 522
293376 270401 522
293376 270401 522
293376 270401 522
293376 270401 522
293376 270401 522
293376 270401 522
293376 270401 522
293376 270401 522
293376 270401 522
293376 270401 522
293376 294570 522
293376 294570 522
293376 294570 522
293376 294570 522
293376 294570 522
293376 294570 522
293376 294570 522
293376 294570 522
293376 294570 522
293376 294570 522
293376 294570 522
293376 294570 522
235966 242072 525
235966 242072 525
235966 242072 525
235966 242072 525
235966 242072 525
235966 242072 525
235966 242072 525
235966 242072 525
235966 242072 525
235966 242072 525
235966 242072 525
235966 242072 525
235966 242072 525
201801 204226 525
201801 204226 525
201801 204226 525
201801 204226 525
201801 204226 525
201801 204226 525
201801 204226 525
201801 204226 525
201801 204226 525
201801 204226 525
201801 204226 525
201801 204226 525
201801 204226 525
204657 190419 526
204657 190419 526
204657 190419 526
204657 190419 526
204657 190419 526
204657 190419 526
204657 190419 526
204657 190419 526
204657 190419 526
204657 190419 526
204657 190419 526
204657 190419 526
293675 186863 526
293675 186863 526
293675 186863 526
293675 186863 526
293675 186863 526
293675 186863 526
293675 186863 526
293675 186863 526
293675 186863 526
293675 186863 526
293675 186863 526
293675 186863 526
195022 235935 527
195022 235935 527
195022 235935 527
195022 235935 527
195022 235935 527
195022 235935 527
195022 235935 527
195022 235935 527
195022 235935 527
195022 235935 527
195022 235935 527
195022 235935 527
236854 294268 528
236854 294268 528
236854 294268 528
236854 294268 528
236854 294268 528
236854 294268 528
236854 294268 528
236854 294268 528
236854 294268 528
236854 294268 528
236854 294268 528
236854 294268 528
236854 294268 528
203005 188448 528
203005 188448 528
203005 188448 528
203005 188448 528
203005 188448 528
203005 188448 528
203005 188448 528
203005 188448 528
203005 188448 528
203005 188448 528
203005 188448 528
203005 188448 528
203005 188448 528
14791 193616 531
14791 193616 531
14791 193616 531
14791 193616 531
14791 193616 531
14791 193616 531
14791 193616 531
14791 193616 531
14791 193616 531
14791 193616 531
14791 193616 531
14791 193616 531
202634 183756 533
202634 183756 533
202634 183756 533
202634 183756 533
202634 183756 533
202634 183756 533
202634 183756 533
202634 183756 533
202634 183756 533
202634 183756 533
202634 183756 533
202634 183756 533
202634 183756 533
175903 188448 535
175903 188448 535
175903 188448 535
175903 188448 535
175903 188448 535
175903 188448 535
175903 188448 535
175903 188448 535
175903 188448 535
175903 188448 535
175903 188448 535
175903 188448 535
237357 190899 535
237357 190899 535
237357 190899 535
237357 190899 535
237357 190899 535
237357 190899 535
237357 190899 535
237357 190899 535
237357 190899 535
237357 190899 535
237357 190899 535
237357 190899 535
285186 289056 540
285186 289056 540
285186 289056 540
285186 289056 540
285186 289056 540
285186 289056 540
285186 289056 540
285186 289056 540
285186 289056 540
285186 289056 540
285186 289056 540
285186 289056 540
11013 238631 540
11013 238631 540
11013 238631 540
11013 238631 540
11013 238631 540
11013 238631 540
11013 238631 540
11013 238631 540
11013 238631 540
11013 238631 540
11013 238631 540
11013 238631 540
245977 289029 540
245977 289029 540
245977 289029 540
245977 289029 540
245977 289029 540
245977 289029 540
245977 289029 540
245977 289029 540
245977 289029 540
245977 289029 540
245977 289029 540
245977 289029 540
245977 289029 540
215710 11429 541
215710 11429 541
215710 11429 541
215710 11429 541
215710 11429 541
215710 11429 541
215710 11429 541
215710 11429 541
215710 11429 541
215710 11429 541
215710 11429 541
215710 11429 541
9247 237845 541
9247 237845 541
9247 237845 541
9247 237845 541
9247 237845 541
9247 237845 541
9247 237845 541
9247 237845 541
9247 237845 541
9247 237845 541
9247 237845 541
9247 237845 541
9247 237845 541
245976 227010 541
245976 227010 541
245976 227010 541
245976 227010 541
245976 227010 541
245976 227010 541
245976 227010 541
245976 227010 541
245976 227010 541
245976 227010 541
245976 227010 541
245976 227010 541
245976 227010 541
235977 242390 542
235977 242390 542
235977 242390 542
235977 242390 542
235977 242390 542
235977 242390 542
235977 242390 542
235977 242390 542
235977 242390 542
235977 242390 542
235977 242390 542
235977 242390 542
193096 173825 542
193096 173825 542
193096 173825 542
193096 173825 542
193096 173825 542
193096 173825 542
193096 173825 542
193096 173825 542
193096 173825 542
193096 173825 542
193096 173825 542
193096 173825 542
265367 284575 544
265367 284575 544
265367 284575 544
265367 284575 544
265367 284575 544
265367 284575 544
265367 284575 544
265367 284575 544
265367 284575 544
265367 284575 544
265367 284575 544
265367 284575 544
265367 284575 544
11042 193631 544
11042 193631 544
11042 193631 544
11042 193631 544
11042 193631 544
11042 193631 544
11042 193631 544
11042 193631 544
11042 193631 544
11042 193631 544
11042 193631 544
11042 193631 544
227650 243552 544
227650 243552 544
227650 243552 544
227650 243552 544
227650 243552 544
227650 243552 544
227650 243552 544
227650 243552 544
227650 243552 544
227650 243552 544
227650 243552 544
227650 243552 544
227650 243552 544
289551 282890 545
289551 282890 545
289551 282890 545
289551 282890 545
289551 282890 545
289551 282890 545
289551 282890 545
289551 282890 545
289551 282890 545
289551 282890 545
289551 282890 545
289551 282890 545
150440 151474 545
150440 151474 545
150440 151474 545
150440 151474 545
150440 151474 545
150440 151474 545
150440 151474 545
150440 151474 545
150440 151474 545
150440 151474 545
150440 151474 545
150440 151474 545
260485 235966 546
260485 235966 546
260485 235966 546
260485 235966 546
260485 235966 546
260485 235966 546
260485 235966 546
260485 235966 546
260485 235966 546
260485 235966 546
260485 235966 546
260485 235966 546
260485 235966 546
174911 195022 547
174911 195022 547
174911 195022 547
174911 195022 547
174911 195022 547
174911 195022 547
174911 195022 547
174911 195022 547
174911 195022 547
174911 195022 547
174911 195022 547
174911 195022 547
237090 236017 547
237090 236017 547
237090 236017 547
237090 236017 547
237090 236017 547
237090 236017 547
237090 236017 547
237090 236017 547
237090 236017 547
237090 236017 547
237090 236017 547
237090 236017 547
151137 243511 547
151137 243511 547
151137 243511 547
151137 243511 547
151137 243511 547
151137 243511 547
151137 243511 547
151137 243511 547
151137 243511 547
151137 243511 547
151137 243511 547
151137 243511 547
237325 249348 549
237325 249348 549
237325 249348 549
237325 249348 549
237325 249348 549
237325 249348 549
237325 249348 549
237325 249348 549
237325 249348 549
237325 249348 549
237325 249348 549
237325 249348 549
11144 199517 550
11144 199517 550
11144 199517 550
11144 199517 550
11144 199517 550
11144 199517 550
11144 199517 550
11144 199517 550
11144 199517 550
11144 199517 550
11144 199517 550
11144 199517 550
265841 178781 551
265841 178781 551
265841 178781 551
265841 178781 551
265841 178781 551
265841 178781 551
265841 178781 551
265841 178781 551
265841 178781 551
265841 178781 551
265841 178781 551
265841 178781 551
265841 178781 551
14923 236210 552
14923 236210 552
14923 236210 552
14923 236210 552
14923 236210 552
14923 236210 552
14923 236210 552
14923 236210 552
14923 236210 552
14923 236210 552
14923 236210 552
14923 236210 552
285263 250634 555
285263 250634 555
285263 250634 555
285263 250634 555
285263 250634 555
285263 250634 555
285263 250634 555
285263 250634 555
285263 250634 555
285263 250634 555
285263 250634 555
285263 250634 555
285263 250634 555
174934 159653 557
174934 159653 557
174934 159653 557
174934 159653 557
174934 159653 557
174934 159653 557
174934 159653 557
174934 159653 557
174934 159653 557
174934 159653 557
174934 159653 557
174934 159653 557
178788 192995 558
178788 192995 558
178788 192995 558
178788 192995 558
178788 192995 558
178788 192995 558
178788 192995 558
178788 192995 558
178788 192995 558
178788 192995 558
178788 192995 558
178788 192995 558
239046 236447 559
239046 236447 559
239046 236447 559
239046 236447 559
239046 236447 559
239046 236447 559
239046 236447 559
239046 236447 559
239046 236447 559
239046 236447 559
239046 236447 559
239046 236447 559
227256 243886 559
227256 243886 559
227256 243886 559
227256 243886 559
227256 243886 559
227256 243886 559
227256 243886 559
227256 243886 559
227256 243886 559
227256 243886 559
227256 243886 559
227256 243886 559
285274 236913 563
285274 236913 563
285274 236913 563
285274 236913 563
285274 236913 563
285274 236913 563
285274 236913 563
285274 236913 563
285274 236913 563
285274 236913 563
285274 236913 563
285274 236913 563
285274 236913 563
251980 225626 563
251980 225626 563
251980 225626 563
251980 225626 563
251980 225626 563
251980 225626 563
251980 225626 563
251980 225626 563
251980 225626 563
251980 225626 563
251980 225626 563
251980 225626 563
251980 225626 563
256628 284560 565
256628 284560 565
256628 284560 565
256628 284560 565
256628 284560 565
256628 284560 565
256628 284560 565
256628 284560 565
256628 284560 565
256628 284560 565
256628 284560 565
256628 284560 565
256628 284560 565
225614 237843 565
225614 237843 565
225614 237843 565
225614 237843 565
225614 237843 565
225614 237843 565
225614 237843 565
225614 237843 565
225614 237843 565
225614 237843 565
225614 237843 565
225614 237843 565
225614 237843 565
187715 232043 566
187715 232043 566
187715 232043 566
187715 232043 566
187715 232043 566
187715 232043 566
187715 232043 566
187715 232043 566
187715 232043 566
187715 232043 566
187715 232043 566
187715 232043 566
160250 193096 568
160250 193096 568
160250 193096 568
160250 193096 568
160250 193096 568
160250 193096 568
160250 193096 568
160250 193096 568
160250 193096 568
160250 193096 568
160250 193096 568
160250 193096 568
245982 290819 569
245982 290819 569
245982 290819 569
245982 290819 569
245982 290819 569
245982 290819 569
245982 290819 569
245982 290819 569
245982 290819 569
245982 290819 569
245982 290819 569
245982 290819 569
250558 256663 570
250558 256663 570
250558 256663 570
250558 256663 570
250558 256663 570
250558 256663 570
250558 256663 570
250558 256663 570
250558 256663 570
250558 256663 570
250558 256663 570
250558 256663 570
175929 173814 570
175929 173814 570
175929 173814 570
175929 173814 570
175929 173814 570
175929 173814 570
175929 173814 570
175929 173814 570
175929 173814 570
175929 173814 570
175929 173814 570
175929 173814 570
175929 173814 570
173825 237914 570
173825 237914 570
173825 237914 570
173825 237914 570
173825 237914 570
173825 237914 570
173825 237914 570
173825 237914 570
173825 237914 570
173825 237914 570
173825 237914 570
173825 237914 570
173825 237914 570
160246 184184 571
160246 184184 571
160246 184184 571
160246 184184 571
160246 184184 571
160246 184184 571
160246 184184 571
160246 184184 571
160246 184184 571
160246 184184 571
160246 184184 571
160246 184184 571
233586 226580 571
233586 226580 571
233586 226580 571
233586 226580 571
233586 226580 571
233586 226580 571
233586 226580 571
233586 226580 571
233586 226580 571
233586 226580 571
233586 226580 571
233586 226580 571
233586 226580 571
285468 294269 572
285468 294269 572
285468 294269 572
285468 294269 572
285468 294269 572
285468 294269 572
285468 294269 572
285468 294269 572
285468 294269 572
285468 294269 572
285468 294269 572
285468 294269 572
285468 294269 572
234222 243706 572
234222 243706 572
234222 243706 572
234222 243706 572
234222 243706 572
234222 243706 572
234222 243706 572
234222 243706 572
234222 243706 572
234222 243706 572
234222 243706 572
234222 243706 572
236838 14813 572
236838 14813 572
236838 14813 572
236838 14813 572
236838 14813 572
236838 14813 572
236838 14813 572
236838 14813 572
236838 14813 572
236838 14813 572
236838 14813 572
236838 14813 572
11517 10377 572
11517 10377 572
11517 10377 572
11517 10377 572
11517 10377 572
11517 10377 572
11517 10377 572
11517 10377 572
11517 10377 572
11517 10377 572
11517 10377 572
11517 10377 572
193636 227079 573
193636 227079 573
193636 227079 573
193636 227079 573
193636 227079 573
193636 227079 573
193636 227079 573
193636 227079 573
193636 227079 573
193636 227079 573
193636 227079 573
193636 227079 573
193636 227079 573
294270 11777 574
294270 11777 574
294270 11777 574
294270 11777 574
294270 11777 574
294270 11777 574
294270 11777 574
294270 11777 574
294270 11777 574
294270 11777 574
294270 11777 574
294270 11777 574
252698 289150 575
252698 289150 575
252698 289150 575
252698 289150 575
252698 289150 575
252698 289150 575
252698 289150 575
252698 289150 575
252698 289150 575
252698 289150 575
252698 289150 575
252698 289150 575
252698 289150 575
266447 282562 575
266447 282562 575
266447 282562 575
266447 282562 575
266447 282562 575
266447 282562 575
266447 282562 575
266447 282562 575
266447 282562 575
266447 282562 575
266447 282562 575
266447 282562 575
227063 236015 576
227063 236015 576
227063 236015 576
227063 236015 576
227063 236015 576
227063 236015 576
227063 236015 576
227063 236015 576
227063 236015 576
227063 236015 576
227063 236015 576
227063 236015 576
227063 236015 576
201024 176237 576
201024 176237 576
201024 176237 576
201024 176237 576
201024 176237 576
201024 176237 576
201024 176237 576
201024 176237 576
201024 176237 576
201024 176237 576
201024 176237 576
201024 176237 576
251995 231520 576
251995 231520 576
251995 231520 576
251995 231520 576
251995 231520 576
251995 231520 576
251995 231520 576
251995 231520 576
251995 231520 576
251995 231520 576
251995 231520 576
251995 231520 576
191022 124698 576
191022 124698 576
191022 124698 576
191022 124698 576
191022 124698 576
191022 124698 576
191022 124698 576
191022 124698 576
191022 124698 576
191022 124698 576
191022 124698 576
191022 124698 576
191022 124698 576
285274 243556 576
285274 243556 576
285274 243556 576
285274 243556 576
285274 243556 576
285274 243556 576
285274 243556 576
285274 243556 576
285274 243556 576
285274 243556 576
285274 243556 576
285274 243556 576
295081 265637 577
295081 265637 577
295081 265637 577
295081 265637 577
295081 265637 577
295081 265637 577
295081 265637 577
295081 265637 577
295081 265637 577
295081 265637 577
295081 265637 577
295081 265637 577
239179 235796 577
239179 235796 577
239179 235796 577
239179 235796 577
239179 235796 577
239179 235796 577
239179 235796 577
239179 235796 577
239179 235796 577
239179 235796 577
239179 235796 577
239179 235796 577
239179 235796 577
284212 294268 578
284212 294268 578
284212 294268 578
284212 294268 578
284212 294268 578
284212 294268 578
284212 294268 578
284212 294268 578
284212 294268 578
284212 294268 578
284212 294268 578
284212 294268 578
229825 238001 578
229825 238001 578
229825 238001 578
229825 238001 578
229825 238001 578
229825 238001 578
229825 238001 578
229825 238001 578
229825 238001 578
229825 238001 578
229825 238001 578
229825 238001 578
225957 242322 579
225957 242322 579
225957 242322 579
225957 242322 579
225957 242322 579
225957 242322 579
225957 242322 579
225957 242322 579
225957 242322 579
225957 242322 579
225957 242322 579
225957 242322 579
225957 242322 579
228466 228034 579
228466 228034 579
228466 228034 579
228466 228034 579
228466 228034 579
228466 228034 579
228466 228034 579
228466 228034 579
228466 228034 579
228466 228034 579
228466 228034 579
228466 228034 579
240696 230727 579
240696 230727 579
240696 230727 579
240696 230727 579
240696 230727 579
240696 230727 579
240696 230727 579
240696 230727 579
240696 230727 579
240696 230727 579
240696 230727 579
240696 230727 579
240696 230727 579
232686 235964 579
232686 235964 579
232686 235964 579
232686 235964 579
232686 235964 579
232686 235964 579
232686 235964 579
232686 235964 579
232686 235964 579
232686 235964 579
232686 235964 579
232686 235964 579
240657 151106 580
240657 151106 580
240657 151106 580
240657 151106 580
240657 151106 580
240657 151106 580
240657 151106 580
240657 151106 580
240657 151106 580
240657 151106 580
240657 151106 580
240657 151106 580
240657 151106 580
231439 238440 580
231439 238440 580
231439 238440 580
231439 238440 580
231439 238440 580
231439 238440 580
231439 238440 580
231439 238440 580
231439 238440 580
231439 238440 580
231439 238440 580
231439 238440 580
231439 238440 580
285271 239179 581
285271 239179 581
285271 239179 581
285271 239179 581
285271 239179 581
285271 239179 581
285271 239179 581
285271 239179 581
285271 239179 581
285271 239179 581
285271 239179 581
285271 239179 581
285271 239179 581
151125 150231 582
151125 150231 582
151125 150231 582
151125 150231 582
151125 150231 582
151125 150231 582
151125 150231 582
151125 150231 582
151125 150231 582
151125 150231 582
151125 150231 582
151125 150231 582
151125 150231 582
14812 246017 582
14812 246017 582
14812 246017 582
14812 246017 582
14812 246017 582
14812 246017 582
14812 246017 582
14812 246017 582
14812 246017 582
14812 246017 582
14812 246017 582
14812 246017 582
242306 285260 582
242306 285260 582
242306 285260 582
242306 285260 582
242306 285260 582
242306 285260 582
242306 285260 582
242306 285260 582
242306 285260 582
242306 285260 582
242306 285260 582
242306 285260 582
285271 296527 583
285271 296527 583
285271 296527 583
285271 296527 583
285271 296527 583
285271 296527 583
285271 296527 583
285271 296527 583
285271 296527 583
285271 296527 583
285271 296527 583
285271 296527 583
235974 230067 583
235974 230067 583
235974 230067 583
235974 230067 583
235974 230067 583
235974 230067 583
235974 230067 583
235974 230067 583
235974 230067 583
235974 230067 583
235974 230067 583
235974 230067 583
235974 230067 583
246116 289351 583
246116 289351 583
246116 289351 583
246116 289351 583
246116 289351 583
246116 289351 583
246116 289351 583
246116 289351 583
246116 289351 583
246116 289351 583
246116 289351 583
246116 289351 583
14812 246816 583
14812 246816 583
14812 246816 583
14812 246816 583
14812 246816 583
14812 246816 583
14812 246816 583
14812 246816 583
14812 246816 583
14812 246816 583
14812 246816 583
14812 246816 583
227246 285272 583
227246 285272 583
227246 285272 583
227246 285272 583
227246 285272 583
227246 285272 583
227246 285272 583
227246 285272 583
227246 285272 583
227246 285272 583
227246 285272 583
227246 285272 583
226382 246119 583
226382 246119 583
226382 246119 583
226382 246119 583
226382 246119 583
226382 246119 583
226382 246119 583
226382 246119 583
226382 246119 583
226382 246119 583
226382 246119 583
226382 246119 583
226382 246119 583
226382 246119 584
226382 246119 584
226382 246119 584
226382 246119 584
226382 246119 584
226382 246119 584
226382 246119 584
226382 246119 584
226382 246119 584
226382 246119 584
226382 246119 584
226382 246119 584
226382 246119 584
246116 265953 584
246116 265953 584
246116 265953 584
246116 265953 584
246116 265953 584
246116 265953 584
246116 265953 584
246116 265953 584
246116 265953 584
246116 265953 584
246116 265953 584
246116 265953 584
246116 265953 584
252665 245983 586
252665 245983 586
252665 245983 586
252665 245983 586
252665 245983 586
252665 245983 586
252665 245983 586
252665 245983 586
252665 245983 586
252665 245983 586
252665 245983 586
252665 245983 586
252665 245983 586
240657 227732 588
240657 227732 588
240657 227732 588
240657 227732 588
240657 227732 588
240657 227732 588
240657 227732 588
240657 227732 588
240657 227732 588
240657 227732 588
240657 227732 588
240657 227732 588
240657 227732 588
285281 230398 588
285281 230398 588
285281 230398 588
285281 230398 588
285281 230398 588
285281 230398 588
285281 230398 588
285281 230398 588
285281 230398 588
285281 230398 588
285281 230398 588
285281 230398 588
285281 230398 588
265636 245983 588
265636 245983 588
265636 245983 588
265636 245983 588
265636 245983 588
265636 245983 588
265636 245983 588
265636 245983 588
265636 245983 588
265636 245983 588
265636 245983 588
265636 245983 588
265636 245983 588
183759 190742 589
183759 190742 589
183759 190742 589
183759 190742 589
183759 190742 589
183759 190742 589
183759 190742 589
183759 190742 589
183759 190742 589
183759 190742 589
183759 190742 589
183759 190742 589
183759 190742 589
293369 9117 589
293369 9117 589
293369 9117 589
293369 9117 589
293369 9117 589
293369 9117 589
293369 9117 589
293369 9117 589
293369 9117 589
293369 9117 589
293369 9117 589
293369 9117 589
293369 9117 589
191601 208315 589
191601 208315 589
191601 208315 589
191601 208315 589
191601 208315 589
191601 208315 589
191601 208315 589
191601 208315 589
191601 208315 589
191601 208315 589
191601 208315 589
191601 208315 589
235132 239755 590
235132 239755 590
235132 239755 590
235132 239755 590
235132 239755 590
235132 239755 590
235132 239755 590
235132 239755 590
235132 239755 590
235132 239755 590
235132 239755 590
235132 239755 590
235132 239755 590
237844 176253 590
237844 176253 590
237844 176253 590
237844 176253 590
237844 176253 590
237844 176253 590
237844 176253 590
237844 176253 590
237844 176253 590
237844 176253 590
237844 176253 590
237844 176253 590
187716 10995 590
187716 10995 590
187716 10995 590
187716 10995 590
187716 10995 590
187716 10995 590
187716 10995 590
187716 10995 590
187716 10995 590
187716 10995 590
187716 10995 590
187716 10995 590
187716 10995 590
184778 184796 591
184778 184796 591
184778 184796 591
184778 184796 591
184778 184796 591
184778 184796 591
184778 184796 591
184778 184796 591
184778 184796 591
184778 184796 591
184778 184796 591
184778 184796 591
151586 235790 592
151586 235790 592
151586 235790 592
151586 235790 592
151586 235790 592
151586 235790 592
151586 235790 592
151586 235790 592
151586 235790 592
151586 235790 592
151586 235790 592
151586 235790 592
151586 235790 592
184783 184806 592
184783 184806 592
184783 184806 592
184783 184806 592
184783 184806 592
184783 184806 592
184783 184806 592
184783 184806 592
184783 184806 592
184783 184806 592
184783 184806 592
184783 184806 592
184783 184806 592
184793 195617 593
184793 195617 593
184793 195617 593
184793 195617 593
184793 195617 593
184793 195617 593
184793 195617 593
184793 195617 593
184793 195617 593
184793 195617 593
184793 195617 593
184793 195617 593
246993 250699 594
246993 250699 594
246993 250699 594
246993 250699 594
246993 250699 594
246993 250699 594
246993 250699 594
246993 250699 594
246993 250699 594
246993 250699 594
246993 250699 594
246993 250699 594
267929 235790 594
267929 235790 594
267929 235790 594
267929 235790 594
267929 235790 594
267929 235790 594
267929 235790 594
267929 235790 594
267929 235790 594
267929 235790 594
267929 235790 594
267929 235790 594
236029 151154 595
236029 151154 595
236029 151154 595
236029 151154 595
236029 151154 595
236029 151154 595
236029 151154 595
236029 151154 595
236029 151154 595
236029 151154 595
236029 151154 595
236029 151154 595
295095 246993 595
295095 246993 595
295095 246993 595
295095 246993 595
295095 246993 595
295095 246993 595
295095 246993 595
295095 246993 595
295095 246993 595
295095 246993 595
295095 246993 595
295095 246993 595
170580 183754 599
170580 183754 599
170580 183754 599
170580 183754 599
170580 183754 599
170580 183754 599
170580 183754 599
170580 183754 599
170580 183754 599
170580 183754 599
170580 183754 599
170580 183754 599
170580 183754 599
209660 193575 599
209660 193575 599
209660 193575 599
209660 193575 599
209660 193575 599
209660 193575 599
209660 193575 599
209660 193575 599
209660 193575 599
209660 193575 599
209660 193575 599
209660 193575 599
209660 193575 599
226433 227720 600
226433 227720 600
226433 227720 600
226433 227720 600
226433 227720 600
226433 227720 600
226433 227720 600
226433 227720 600
226433 227720 600
226433 227720 600
226433 227720 600
226433 227720 600
238630 14788 600
238630 14788 600
238630 14788 600
238630 14788 600
238630 14788 600
238630 14788 600
238630 14788 600
238630 14788 600
238630 14788 600
238630 14788 600
238630 14788 600
238630 14788 600
238630 14788 600
245977 250551 600
245977 250551 600
245977 250551 600
245977 250551 600
245977 250551 600
245977 250551 600
245977 250551 600
245977 250551 600
245977 250551 600
245977 250551 600
245977 250551 600
245977 250551 600
233585 235659 602
233585 235659 602
233585 235659 602
233585 235659 602
233585 235659 602
233585 235659 602
233585 235659 602
233585 235659 602
233585 235659 602
233585 235659 602
233585 235659 602
233585 235659 602
233585 235659 602
232189 202634 602
232189 202634 602
232189 202634 602
232189 202634 602
232189 202634 602
232189 202634 602
232189 202634 602
232189 202634 602
232189 202634 602
232189 202634 602
232189 202634 602
232189 202634 602
247030 284493 602
247030 284493 602
247030 284493 602
247030 284493 602
247030 284493 602
247030 284493 602
247030 284493 602
247030 284493 602
247030 284493 602
247030 284493 602
247030 284493 602
247030 284493 602
10375 193575 603
10375 193575 603
10375 193575 603
10375 193575 603
10375 193575 603
10375 193575 603
10375 193575 603
10375 193575 603
10375 193575 603
10375 193575 603
10375 193575 603
10375 193575 603
10375 193575 603
124700 225931 606
124700 225931 606
124700 225931 606
124700 225931 606
124700 225931 606
124700 225931 606
124700 225931 606
124700 225931 606
124700 225931 606
124700 225931 606
124700 225931 606
124700 225931 606
124700 225931 606
160241 153288 606
160241 153288 606
160241 153288 606
160241 153288 606
160241 153288 606
160241 153288 606
160241 153288 606
160241 153288 606
160241 153288 606
160241 153288 606
160241 153288 606
160241 153288 606
233608 14813 607
233608 14813 607
233608 14813 607
233608 14813 607
233608 14813 607
233608 14813 607
233608 14813 607
233608 14813 607
233608 14813 607
233608 14813 607
233608 14813 607
233608 14813 607
246090 290817 607
246090 290817 607
246090 290817 607
246090 290817 607
246090 290817 607
246090 290817 607
246090 290817 607
246090 290817 607
246090 290817 607
246090 290817 607
246090 290817 607
246090 290817 607
246090 290817 607
226972 235974 608
226972 235974 608
226972 235974 608
226972 235974 608
226972 235974 608
226972 235974 608
226972 235974 608
226972 235974 608
226972 235974 608
226972 235974 608
226972 235974 608
226972 235974 608
226972 235974 608
175905 155156 610
175905 155156 610
175905 155156 610
175905 155156 610
175905 155156 610
175905 155156 610
175905 155156 610
175905 155156 610
175905 155156 610
175905 155156 610
175905 155156 610
175905 155156 610
175905 155156 610
14722 236010 611
14722 236010 611
14722 236010 611
14722 236010 611
14722 236010 611
14722 236010 611
14722 236010 611
14722 236010 611
14722 236010 611
14722 236010 611
14722 236010 611
14722 236010 611
14722 236010 611
203417 232046 614
203417 232046 614
203417 232046 614
203417 232046 614
203417 232046 614
203417 232046 614
203417 232046 614
203417 232046 614
203417 232046 614
203417 232046 614
203417 232046 614
203417 232046 614
203417 232046 614
219615 196158 614
219615 196158 614
219615 196158 614
219615 196158 614
219615 196158 614
219615 196158 614
219615 196158 614
219615 196158 614
219615 196158 614
219615 196158 614
219615 196158 614
219615 196158 614
227272 236157 615
227272 236157 615
227272 236157 615
227272 236157 615
227272 236157 615
227272 236157 615
227272 236157 615
227272 236157 615
227272 236157 615
227272 236157 615
227272 236157 615
227272 236157 615
203417 232046 616
203417 232046 616
203417 232046 616
203417 232046 616
203417 232046 616
203417 232046 616
203417 232046 616
203417 232046 616
203417 232046 616
203417 232046 616
203417 232046 616
203417 232046 616
203417 232046 616
236196 294595 616
236196 294595 616
236196 294595 616
236196 294595 616
236196 294595 616
236196 294595 616
236196 294595 616
236196 294595 616
236196 294595 616
236196 294595 616
236196 294595 616
236196 294595 616
236196 294595 616
236878 252009 616
236878 252009 616
236878 252009 616
236878 252009 616
236878 252009 616
236878 252009 616
236878 252009 616
236878 252009 616
236878 252009 616
236878 252009 616
236878 252009 616
236878 252009 616
245982 295133 616
245982 295133 616
245982 295133 616
245982 295133 616
245982 295133 616
245982 295133 616
245982 295133 616
245982 295133 616
245982 295133 616
245982 295133 616
245982 295133 616
245982 295133 616
184793 175946 617
184793 175946 617
184793 175946 617
184793 175946 617
184793 175946 617
184793 175946 617
184793 175946 617
184793 175946 617
184793 175946 617
184793 175946 617
184793 175946 617
184793 175946 617
237090 151176 618
237090 151176 618
237090 151176 618
237090 151176 618
237090 151176 618
237090 151176 618
237090 151176 618
237090 151176 618
237090 151176 618
237090 151176 618
237090 151176 618
237090 151176 618
237090 151176 618
9101 246066 620
9101 246066 620
9101 246066 620
9101 246066 620
9101 246066 620
9101 246066 620
9101 246066 620
9101 246066 620
9101 246066 620
9101 246066 620
9101 246066 620
9101 246066 620
229827 233461 620
229827 233461 620
229827 233461 620
229827 233461 620
229827 233461 620
229827 233461 620
229827 233461 620
229827 233461 620
229827 233461 620
229827 233461 620
229827 233461 620
229827 233461 620
229827 233461 620
175946 190997 621
175946 190997 621
175946 190997 621
175946 190997 621
175946 190997 621
175946 190997 621
175946 190997 621
175946 190997 621
175946 190997 621
175946 190997 621
175946 190997 621
175946 190997 621
176260 230656 622
176260 230656 622
176260 230656 622
176260 230656 622
176260 230656 622
176260 230656 622
176260 230656 622
176260 230656 622
176260 230656 622
176260 230656 622
176260 230656 622
176260 230656 622
196761 191005 623
196761 191005 623
196761 191005 623
196761 191005 623
196761 191005 623
196761 191005 623
196761 191005 623
196761 191005 623
196761 191005 623
196761 191005 623
196761 191005 623
196761 191005 623
240462 236925 624
240462 236925 624
240462 236925 624
240462 236925 624
240462 236925 624
240462 236925 624
240462 236925 624
240462 236925 624
240462 236925 624
240462 236925 624
240462 236925 624
240462 236925 624
240462 236925 624
176260 230656 624
176260 230656 624
176260 230656 624
176260 230656 624
176260 230656 624
176260 230656 624
176260 230656 624
176260 230656 624
176260 230656 624
176260 230656 624
176260 230656 624
176260 230656 624
176260 230656 624
282559 282575 625
282559 282575 625
282559 282575 625
282559 282575 625
282559 282575 625
282559 282575 625
282559 282575 625
282559 282575 625
282559 282575 625
282559 282575 625
282559 282575 625
282559 282575 625
227099 227720 625
227099 227720 625
227099 227720 625
227099 227720 625
227099 227720 625
227099 227720 625
227099 227720 625
227099 227720 625
227099 227720 625
227099 227720 625
227099 227720 625
227099 227720 625
227099 227720 625
232707 230167 626
232707 230167 626
232707 230167 626
232707 230167 626
232707 230167 626
232707 230167 626
232707 230167 626
232707 230167 626
232707 230167 626
232707 230167 626
232707 230167 626
232707 230167 626
191600 187709 626
191600 187709 626
191600 187709 626
191600 187709 626
191600 187709 626
191600 187709 626
191600 187709 626
191600 187709 626
191600 187709 626
191600 187709 626
191600 187709 626
191600 187709 626
230197 225922 628
230197 225922 628
230197 225922 628
230197 225922 628
230197 225922 628
230197 225922 628
230197 225922 628
230197 225922 628
230197 225922 628
230197 225922 628
230197 225922 628
230197 225922 628
230197 225922 628
190920 235687 629
190920 235687 629
190920 235687 629
190920 235687 629
190920 235687 629
190920 235687 629
190920 235687 629
190920 235687 629
190920 235687 629
190920 235687 629
190920 235687 629
190920 235687 629
190920 235687 629
238418 192942 630
238418 192942 630
238418 192942 630
238418 192942 630
238418 192942 630
238418 192942 630
238418 192942 630
238418 192942 630
238418 192942 630
238418 192942 630
238418 192942 630
238418 192942 630
238418 192942 630
192975 174896 631
192975 174896 631
192975 174896 631
192975 174896 631
192975 174896 631
192975 174896 631
192975 174896 631
192975 174896 631
192975 174896 631
192975 174896 631
192975 174896 631
192975 174896 631
192975 174896 631
177273 249348 632
177273 249348 632
177273 249348 632
177273 249348 632
177273 249348 632
177273 249348 632
177273 249348 632
177273 249348 632
177273 249348 632
177273 249348 632
177273 249348 632
177273 249348 632
177273 249348 632
237967 239001 632
237967 239001 632
237967 239001 632
237967 239001 632
237967 239001 632
237967 239001 632
237967 239001 632
237967 239001 632
237967 239001 632
237967 239001 632
237967 239001 632
237967 239001 632
237967 239001 632
230956 227720 633
230956 227720 633
230956 227720 633
230956 227720 633
230956 227720 633
230956 227720 633
230956 227720 633
230956 227720 633
230956 227720 633
230956 227720 633
230956 227720 633
230956 227720 633
230956 227720 633
252680 293377 633
252680 293377 633
252680 293377 633
252680 293377 633
252680 293377 633
252680 293377 633
252680 293377 633
252680 293377 633
252680 293377 633
252680 293377 633
252680 293377 633
252680 293377 633
187576 173825 633
187576 173825 633
187576 173825 633
187576 173825 633
187576 173825 633
187576 173825 633
187576 173825 633
187576 173825 633
187576 173825 633
187576 173825 633
187576 173825 633
187576 173825 633
187576 173825 633
232371 243706 633
232371 243706 633
232371 243706 633
232371 243706 633
232371 243706 633
232371 243706 633
232371 243706 633
232371 243706 633
232371 243706 633
232371 243706 633
232371 243706 633
232371 243706 633
232371 243706 633
242322 229867 633
242322 229867 633
242322 229867 633
242322 229867 633
242322 229867 633
242322 229867 633
242322 229867 633
242322 229867 633
242322 229867 633
242322 229867 633
242322 229867 633
242322 229867 633
242322 229867 633
235982 229867 633
235982 229867 633
235982 229867 633
235982 229867 633
235982 229867 633
235982 229867 633
235982 229867 633
235982 229867 633
235982 229867 633
235982 229867 633
235982 229867 633
235982 229867 633
153037 190875 634
153037 190875 634
153037 190875 634
153037 190875 634
153037 190875 634
153037 190875 634
153037 190875 634
153037 190875 634
153037 190875 634
153037 190875 634
153037 190875 634
153037 190875 634
208217 190380 634
208217 190380 634
208217 190380 634
208217 190380 634
208217 190380 634
208217 190380 634
208217 190380 634
208217 190380 634
208217 190380 634
208217 190380 634
208217 190380 634
208217 190380 634
208217 190380 634
237090 243615 634
237090 243615 634
237090 243615 634
237090 243615 634
237090 243615 634
237090 243615 634
237090 243615 634
237090 243615 634
237090 243615 634
237090 243615 634
237090 243615 634
237090 243615 634
237090 243615 634
227537 236951 635
227537 236951 635
227537 236951 635
227537 236951 635
227537 236951 635
227537 236951 635
227537 236951 635
227537 236951 635
227537 236951 635
227537 236951 635
227537 236951 635
227537 236951 635
227537 236951 635
293343 242336 637
293343 242336 637
293343 242336 637
293343 242336 637
293343 242336 637
293343 242336 637
293343 242336 637
293343 242336 637
293343 242336 637
293343 242336 637
293343 242336 637
293343 242336 637
293343 242336 637
196158 190876 638
196158 190876 638
196158 190876 638
196158 190876 638
196158 190876 638
196158 190876 638
196158 190876 638
196158 190876 638
196158 190876 638
196158 190876 638
196158 190876 638
196158 190876 638
196158 190876 638
238630 235175 638
238630 235175 638
238630 235175 638
238630 235175 638
238630 235175 638
238630 235175 638
238630 235175 638
238630 235175 638
238630 235175 638
238630 235175 638
238630 235175 638
238630 235175 638
238630 235175 638
124698 188465 638
124698 188465 638
124698 188465 638
124698 188465 638
124698 188465 638
124698 188465 638
124698 188465 638
124698 188465 638
124698 188465 638
124698 188465 638
124698 188465 638
124698 188465 638
283433 296526 639
283433 296526 639
283433 296526 639
283433 296526 639
283433 296526 639
283433 296526 639
283433 296526 639
283433 296526 639
283433 296526 639
283433 296526 639
283433 296526 639
283433 296526 639
283433 296526 639
186852 14785 640
186852 14785 640
186852 14785 640
186852 14785 640
186852 14785 640
186852 14785 640
186852 14785 640
186852 14785 640
186852 14785 640
186852 14785 640
186852 14785 640
186852 14785 640
240630 265920 641
240630 265920 641
240630 265920 641
240630 265920 641
240630 265920 641
240630 265920 641
240630 265920 641
240630 265920 641
240630 265920 641
240630 265920 641
240630 265920 641
240630 265920 641
196008 185406 642
196008 185406 642
196008 185406 642
196008 185406 642
196008 185406 642
196008 185406 642
196008 185406 642
196008 185406 642
196008 185406 642
196008 185406 642
196008 185406 642
196008 185406 642
196008 185406 642
262522 235873 642
262522 235873 642
262522 235873 642
262522 235873 642
262522 235873 642
262522 235873 642
262522 235873 642
262522 235873 642
262522 235873 642
262522 235873 642
262522 235873 642
262522 235873 642
262522 235873 642
233584 236836 643
233584 236836 643
233584 236836 643
233584 236836 643
233584 236836 643
233584 236836 643
233584 236836 643
233584 236836 643
233584 236836 643
233584 236836 643
233584 236836 643
233584 236836 643
296528 227028 645
296528 227028 645
296528 227028 645
296528 227028 645
296528 227028 645
296528 227028 645
296528 227028 645
296528 227028 645
296528 227028 645
296528 227028 645
296528 227028 645
296528 227028 645
173814 235690 648
173814 235690 648
173814 235690 648
173814 235690 648
173814 235690 648
173814 235690 648
173814 235690 648
173814 235690 648
173814 235690 648
173814 235690 648
173814 235690 648
173814 235690 648
226483 151103 650
226483 151103 650
226483 151103 650
226483 151103 650
226483 151103 650
226483 151103 650
226483 151103 650
226483 151103 650
226483 151103 650
226483 151103 650
226483 151103 650
226483 151103 650
226483 151103 650
227885 230110 650
227885 230110 650
227885 230110 650
227885 230110 650
227885 230110 650
227885 230110 650
227885 230110 650
227885 230110 650
227885 230110 650
227885 230110 650
227885 230110 650
227885 230110 650
227885 230110 650
151584 233642 651
151584 233642 651
151584 233642 651
151584 233642 651
151584 233642 651
151584 233642 651
151584 233642 651
151584 233642 651
151584 233642 651
151584 233642 651
151584 233642 651
151584 233642 651
151584 233642 651
228032 228466 652
228032 228466 652
228032 228466 652
228032 228466 652
228032 228466 652
228032 228466 652
228032 228466 652
228032 228466 652
228032 228466 652
228032 228466 652
228032 228466 652
228032 228466 652
174358 186934 653
174358 186934 653
174358 186934 653
174358 186934 653
174358 186934 653
174358 186934 653
174358 186934 653
174358 186934 653
174358 186934 653
174358 186934 653
174358 186934 653
174358 186934 653
174464 190887 653
174464 190887 653
174464 190887 653
174464 190887 653
174464 190887 653
174464 190887 653
174464 190887 653
174464 190887 653
174464 190887 653
174464 190887 653
174464 190887 653
174464 190887 653
228466 240953 654
228466 240953 654
228466 240953 654
228466 240953 654
228466 240953 654
228466 240953 654
228466 240953 654
228466 240953 654
228466 240953 654
228466 240953 654
228466 240953 654
228466 240953 654
236028 230197 655
236028 230197 655
236028 230197 655
236028 230197 655
236028 230197 655
236028 230197 655
236028 230197 655
236028 230197 655
236028 230197 655
236028 230197 655
236028 230197 655
236028 230197 655
236028 230197 655
174935 196158 656
174935 196158 656
174935 196158 656
174935 196158 656
174935 196158 656
174935 196158 656
174935 196158 656
174935 196158 656
174935 196158 656
174935 196158 656
174935 196158 656
174935 196158 656
174935 196158 656
293139 282574 656
293139 282574 656
293139 282574 656
293139 282574 656
293139 282574 656
293139 282574 656
293139 282574 656
293139 282574 656
293139 282574 656
293139 282574 656
293139 282574 656
293139 282574 656
293139 282574 656
242322 235811 656
242322 235811 656
242322 235811 656
242322 235811 656
242322 235811 656
242322 235811 656
242322 235811 656
242322 235811 656
242322 235811 656
242322 235811 656
242322 235811 656
242322 235811 656
242322 235811 656
235811 295206 658
235811 295206 658
235811 295206 658
235811 295206 658
235811 295206 658
235811 295206 658
235811 295206 658
235811 295206 658
235811 295206 658
235811 295206 658
235811 295206 658
235811 295206 658
188459 159605 659
188459 159605 659
188459 159605 659
188459 159605 659
188459 159605 659
188459 159605 659
188459 159605 659
188459 159605 659
188459 159605 659
188459 159605 659
188459 159605 659
188459 159605 659
188459 159605 659
11430 186738 661
11430 186738 661
11430 186738 661
11430 186738 661
11430 186738 661
11430 186738 661
11430 186738 661
11430 186738 661
11430 186738 661
11430 186738 661
11430 186738 661
11430 186738 661
11430 186738 661
190915 227071 661
190915 227071 661
190915 227071 661
190915 227071 661
190915 227071 661
190915 227071 661
190915 227071 661
190915 227071 661
190915 227071 661
190915 227071 661
190915 227071 661
190915 227071 661
191000 236065 661
191000 236065 661
191000 236065 661
191000 236065 661
191000 236065 661
191000 236065 661
191000 236065 661
191000 236065 661
191000 236065 661
191000 236065 661
191000 236065 661
191000 236065 661
293353 14459 661
293353 14459 661
293353 14459 661
293353 14459 661
293353 14459 661
293353 14459 661
293353 14459 661
293353 14459 661
293353 14459 661
293353 14459 661
293353 14459 661
293353 14459 661
209468 237851 663
209468 237851 663
209468 237851 663
209468 237851 663
209468 237851 663
209468 237851 663
209468 237851 663
209468 237851 663
209468 237851 663
209468 237851 663
209468 237851 663
209468 237851 663
292810 192942 663
292810 192942 663
292810 192942 663
292810 192942 663
292810 192942 663
292810 192942 663
292810 192942 663
292810 192942 663
292810 192942 663
292810 192942 663
292810 192942 663
292810 192942 663
292810 192942 663
239823 155156 664
239823 155156 664
239823 155156 664
239823 155156 664
239823 155156 664
239823 155156 664
239823 155156 664
239823 155156 664
239823 155156 664
239823 155156 664
239823 155156 664
239823 155156 664
239823 155156 664
236897 252007 666
236897 252007 666
236897 252007 666
236897 252007 666
236897 252007 666
236897 252007 666
236897 252007 666
236897 252007 666
236897 252007 666
236897 252007 666
236897 252007 666
236897 252007 666
236897 252007 666
291425 294567 667
291425 294567 667
291425 294567 667
291425 294567 667
291425 294567 667
291425 294567 667
291425 294567 667
291425 294567 667
291425 294567 667
291425 294567 667
291425 294567 667
291425 294567 667
291425 294567 667
233608 234214 668
233608 234214 668
233608 234214 668
233608 234214 668
233608 234214 668
233608 234214 668
233608 234214 668
233608 234214 668
233608 234214 668
233608 234214 668
233608 234214 668
233608 234214 668
233608 234214 668
233461 237857 669
233461 237857 669
233461 237857 669
233461 237857 669
233461 237857 669
233461 237857 669
233461 237857 669
233461 237857 669
233461 237857 669
233461 237857 669
233461 237857 669
233461 237857 669
183754 193793 671
183754 193793 671
183754 193793 671
183754 193793 671
183754 193793 671
183754 193793 671
183754 193793 671
183754 193793 671
183754 193793 671
183754 193793 671
183754 193793 671
183754 193793 671
183754 193793 671
183759 175938 671
183759 175938 671
183759 175938 671
183759 175938 671
183759 175938 671
183759 175938 671
183759 175938 671
183759 175938 671
183759 175938 671
183759 175938 671
183759 175938 671
183759 175938 671
183759 175938 671
227651 11835 672
227651 11835 672
227651 11835 672
227651 11835 672
227651 11835 672
227651 11835 672
227651 11835 672
227651 11835 672
227651 11835 672
227651 11835 672
227651 11835 672
227651 11835 672
291376 295133 673
291376 295133 673
291376 295133 673
291376 295133 673
291376 295133 673
291376 295133 673
291376 295133 673
291376 295133 673
291376 295133 673
291376 295133 673
291376 295133 673
291376 295133 673
291376 295133 673
235974 14921 674
235974 14921 674
235974 14921 674
235974 14921 674
235974 14921 674
235974 14921 674
235974 14921 674
235974 14921 674
235974 14921 674
235974 14921 674
235974 14921 674
235974 14921 674
186841 235687 674
186841 235687 674
186841 235687 674
186841 235687 674
186841 235687 674
186841 235687 674
186841 235687 674
186841 235687 674
186841 235687 674
186841 235687 674
186841 235687 674
186841 235687 674
186841 235687 674
227547 236447 675
227547 236447 675
227547 236447 675
227547 236447 675
227547 236447 675
227547 236447 675
227547 236447 675
227547 236447 675
227547 236447 675
227547 236447 675
227547 236447 675
227547 236447 675
184795 183779 676
184795 183779 676
184795 183779 676
184795 183779 676
184795 183779 676
184795 183779 676
184795 183779 676
184795 183779 676
184795 183779 676
184795 183779 676
184795 183779 676
184795 183779 676
184795 183779 676
190921 235673 677
190921 235673 677
190921 235673 677
190921 235673 677
190921 235673 677
190921 235673 677
190921 235673 677
190921 235673 677
190921 235673 677
190921 235673 677
190921 235673 677
190921 235673 677
190921 235673 677
289551 10217 678
289551 10217 678
289551 10217 678
289551 10217 678
289551 10217 678
289551 10217 678
289551 10217 678
289551 10217 678
289551 10217 678
289551 10217 678
289551 10217 678
289551 10217 678
289551 10217 678
153025 190800 678
153025 190800 678
153025 190800 678
153025 190800 678
153025 190800 678
153025 190800 678
153025 190800 678
153025 190800 678
153025 190800 678
153025 190800 678
153025 190800 678
153025 190800 678
236004 232684 678
236004 232684 678
236004 232684 678
236004 232684 678
236004 232684 678
236004 232684 678
236004 232684 678
236004 232684 678
236004 232684 678
236004 232684 678
236004 232684 678
236004 232684 678
227081 235126 678
227081 235126 678
227081 235126 678
227081 235126 678
227081 235126 678
227081 235126 678
227081 235126 678
227081 235126 678
227081 235126 678
227081 235126 678
227081 235126 678
227081 235126 678
252680 293376 679
252680 293376 679
252680 293376 679
252680 293376 679
252680 293376 679
252680 293376 679
252680 293376 679
252680 293376 679
252680 293376 679
252680 293376 679
252680 293376 679
252680 293376 679
247030 250698 680
247030 250698 680
247030 250698 680
247030 250698 680
247030 250698 680
247030 250698 680
247030 250698 680
247030 250698 680
247030 250698 680
247030 250698 680
247030 250698 680
247030 250698 680
247030 250698 680
285260 232713 680
285260 232713 680
285260 232713 680
285260 232713 680
285260 232713 680
285260 232713 680
285260 232713 680
285260 232713 680
285260 232713 680
285260 232713 680
285260 232713 680
285260 232713 680
285260 232713 680
292034 245972 680
292034 245972 680
292034 245972 680
292034 245972 680
292034 245972 680
292034 245972 680
292034 245972 680
292034 245972 680
292034 245972 680
292034 245972 680
292034 245972 680
292034 245972 680
292034 245972 680
246815 9117 682
246815 9117 682
246815 9117 682
246815 9117 682
246815 9117 682
246815 9117 682
246815 9117 682
246815 9117 682
246815 9117 682
246815 9117 682
246815 9117 682
246815 9117 682
246815 9117 682
246815 9117 682
246815 9117 682
246815 9117 682
246815 9117 682
246815 9117 682
246815 9117 682
246815 9117 682
246815 9117 682
246815 9117 682
246815 9117 682
246815 9117 682
246815 9117 682
246815 9117 682
245982 246063 682
245982 246063 682
245982 246063 682
245982 246063 682
245982 246063 682
245982 246063 682
245982 246063 682
245982 246063 682
245982 246063 682
245982 246063 682
245982 246063 682
245982 246063 682
235862 289527 682
235862 289527 682
235862 289527 682
235862 289527 682
235862 289527 682
235862 289527 682
235862 289527 682
235862 289527 682
235862 289527 682
235862 289527 682
235862 289527 682
235862 289527 682
235862 289527 682
242072 241873 683
242072 241873 683
242072 241873 683
242072 241873 683
242072 241873 683
242072 241873 683
242072 241873 683
242072 241873 683
242072 241873 683
242072 241873 683
242072 241873 683
242072 241873 683
237846 247016 683
237846 247016 683
237846 247016 683
237846 247016 683
237846 247016 683
237846 247016 683
237846 247016 683
237846 247016 683
237846 247016 683
237846 247016 683
237846 247016 683
237846 247016 683
237846 247016 683
285233 250695 684
285233 250695 684
285233 250695 684
285233 250695 684
285233 250695 684
285233 250695 684
285233 250695 684
285233 250695 684
285233 250695 684
285233 250695 684
285233 250695 684
285233 250695 684
296526 246088 684
296526 246088 684
296526 246088 684
296526 246088 684
296526 246088 684
296526 246088 684
296526 246088 684
296526 246088 684
296526 246088 684
296526 246088 684
296526 246088 684
296526 246088 684
296526 246088 684
288209 294270 685
288209 294270 685
288209 294270 685
288209 294270 685
288209 294270 685
288209 294270 685
288209 294270 685
288209 294270 685
288209 294270 685
288209 294270 685
288209 294270 685
288209 294270 685
14923 225945 685
14923 225945 685
14923 225945 685
14923 225945 685
14923 225945 685
14923 225945 685
14923 225945 685
14923 225945 685
14923 225945 685
14923 225945 685
14923 225945 685
14923 225945 685
285459 285169 686
285459 285169 686
285459 285169 686
285459 285169 686
285459 285169 686
285459 285169 686
285459 285169 686
285459 285169 686
285459 285169 686
285459 285169 686
285459 285169 686
285459 285169 686
285459 285169 686
266418 246086 687
266418 246086 687
266418 246086 687
266418 246086 687
266418 246086 687
266418 246086 687
266418 246086 687
266418 246086 687
266418 246086 687
266418 246086 687
266418 246086 687
266418 246086 687
11519 160263 688
11519 160263 688
11519 160263 688
11519 160263 688
11519 160263 688
11519 160263 688
11519 160263 688
11519 160263 688
11519 160263 688
11519 160263 688
11519 160263 688
11519 160263 688
193361 208266 688
193361 208266 688
193361 208266 688
193361 208266 688
193361 208266 688
193361 208266 688
193361 208266 688
193361 208266 688
193361 208266 688
193361 208266 688
193361 208266 688
193361 208266 688
232537 236891 689
232537 236891 689
232537 236891 689
232537 236891 689
232537 236891 689
232537 236891 689
232537 236891 689
232537 236891 689
232537 236891 689
232537 236891 689
232537 236891 689
232537 236891 689
246108 295184 689
246108 295184 689
246108 295184 689
246108 295184 689
246108 295184 689
246108 295184 689
246108 295184 689
246108 295184 689
246108 295184 689
246108 295184 689
246108 295184 689
246108 295184 689
246108 295184 689
225759 236661 690
225759 236661 690
225759 236661 690
225759 236661 690
225759 236661 690
225759 236661 690
225759 236661 690
225759 236661 690
225759 236661 690
225759 236661 690
225759 236661 690
225759 236661 690
225759 236661 690
295221 245940 692
295221 245940 692
295221 245940 692
295221 245940 692
295221 245940 692
295221 245940 692
295221 245940 692
295221 245940 692
295221 245940 692
295221 245940 692
295221 245940 692
295221 245940 692
246058 270401 693
246058 270401 693
246058 270401 693
246058 270401 693
246058 270401 693
246058 270401 693
246058 270401 693
246058 270401 693
246058 270401 693
246058 270401 693
246058 270401 693
246058 270401 693
246058 270401 693
153037 238631 694
153037 238631 694
153037 238631 694
153037 238631 694
153037 238631 694
153037 238631 694
153037 238631 694
153037 238631 694
153037 238631 694
153037 238631 694
153037 238631 694
153037 238631 694
153037 238631 694
293380 228094 694
293380 228094 694
293380 228094 694
293380 228094 694
293380 228094 694
293380 228094 694
293380 228094 694
293380 228094 694
293380 228094 694
293380 228094 694
293380 228094 694
293380 228094 694
225931 228013 695
225931 228013 695
225931 228013 695
225931 228013 695
225931 228013 695
225931 228013 695
225931 228013 695
225931 228013 695
225931 228013 695
225931 228013 695
225931 228013 695
225931 228013 695
225931 228013 695
262514 270401 695
262514 270401 695
262514 270401 695
262514 270401 695
262514 270401 695
262514 270401 695
262514 270401 695
262514 270401 695
262514 270401 695
262514 270401 695
262514 270401 695
262514 270401 695
262514 270401 695
208315 198600 696
208315 198600 696
208315 198600 696
208315 198600 696
208315 198600 696
208315 198600 696
208315 198600 696
208315 198600 696
208315 198600 696
208315 198600 696
208315 198600 696
208315 198600 696
208315 198600 696
153037 238631 696
153037 238631 696
153037 238631 696
153037 238631 696
153037 238631 696
153037 238631 696
153037 238631 696
153037 238631 696
153037 238631 696
153037 238631 696
153037 238631 696
153037 238631 696
153037 238631 696
198559 162687 696
198559 162687 696
198559 162687 696
198559 162687 696
198559 162687 696
198559 162687 696
198559 162687 696
198559 162687 696
198559 162687 696
198559 162687 696
198559 162687 696
198559 162687 696
198559 162687 696
233599 235982 698
233599 235982 698
233599 235982 698
233599 235982 698
233599 235982 698
233599 235982 698
233599 235982 698
233599 235982 698
233599 235982 698
233599 235982 698
233599 235982 698
233599 235982 698
230414 268489 699
230414 268489 699
230414 268489 699
230414 268489 699
230414 268489 699
230414 268489 699
230414 268489 699
230414 268489 699
230414 268489 699
230414 268489 699
230414 268489 699
230414 268489 699
230414 268489 699
291472 286605 700
291472 286605 700
291472 286605 700
291472 286605 700
291472 286605 700
291472 286605 700
291472 286605 700
291472 286605 700
291472 286605 700
291472 286605 700
291472 286605 700
291472 286605 700
291472 286605 700
226518 268489 700
226518 268489 700
226518 268489 700
226518 268489 700
226518 268489 700
226518 268489 700
226518 268489 700
226518 268489 700
226518 268489 700
226518 268489 700
226518 268489 700
226518 268489 700
289042 245978 700
289042 245978 700
289042 245978 700
289042 245978 700
289042 245978 700
289042 245978 700
289042 245978 700
289042 245978 700
289042 245978 700
289042 245978 700
289042 245978 700
289042 245978 700
289042 245978 700
153028 184795 702
153028 184795 702
153028 184795 702
153028 184795 702
153028 184795 702
153028 184795 702
153028 184795 702
153028 184795 702
153028 184795 702
153028 184795 702
153028 184795 702
153028 184795 702
153028 184795 702
286605 186762 702
286605 186762 702
286605 186762 702
286605 186762 702
286605 186762 702
286605 186762 702
286605 186762 702
286605 186762 702
286605 186762 702
286605 186762 702
286605 186762 702
286605 186762 702
286605 186762 702
235683 242213 702
235683 242213 702
235683 242213 702
235683 242213 702
235683 242213 702
235683 242213 702
235683 242213 702
235683 242213 702
235683 242213 702
235683 242213 702
235683 242213 702
235683 242213 702
235683 242213 702
228403 243462 703
228403 243462 703
228403 243462 703
228403 243462 703
228403 243462 703
228403 243462 703
228403 243462 703
228403 243462 703
228403 243462 703
228403 243462 703
228403 243462 703
228403 243462 703
256628 245996 704
256628 245996 704
256628 245996 704
256628 245996 704
256628 245996 704
256628 245996 704
256628 245996 704
256628 245996 704
256628 245996 704
256628 245996 704
256628 245996 704
256628 245996 704
256628 245996 704
186780 3390 704
186780 3390 704
186780 3390 704
186780 3390 704
186780 3390 704
186780 3390 704
186780 3390 704
186780 3390 704
186780 3390 704
186780 3390 704
186780 3390 704
186780 3390 704
226976 284258 705
226976 284258 705
226976 284258 705
226976 284258 705
226976 284258 705
226976 284258 705
226976 284258 705
226976 284258 705
226976 284258 705
226976 284258 705
226976 284258 705
226976 284258 705
225931 190921 705
225931 190921 705
225931 190921 705
225931 190921 705
225931 190921 705
225931 190921 705
225931 190921 705
225931 190921 705
225931 190921 705
225931 190921 705
225931 190921 705
225931 190921 705
225931 190921 705
227828 151480 708
227828 151480 708
227828 151480 708
227828 151480 708
227828 151480 708
227828 151480 708
227828 151480 708
227828 151480 708
227828 151480 708
227828 151480 708
227828 151480 708
227828 151480 708
289042 245978 708
289042 245978 708
289042 245978 708
289042 245978 708
289042 245978 708
289042 245978 708
289042 245978 708
289042 245978 708
289042 245978 708
289042 245978 708
289042 245978 708
289042 245978 708
289042 245978 708
249355 265637 710
249355 265637 710
249355 265637 710
249355 265637 710
249355 265637 710
249355 265637 710
249355 265637 710
249355 265637 710
249355 265637 710
249355 265637 710
249355 265637 710
249355 265637 710
249355 265637 710
226754 226402 711
226754 226402 711
226754 226402 711
226754 226402 711
226754 226402 711
226754 226402 711
226754 226402 711
226754 226402 711
226754 226402 711
226754 226402 711
226754 226402 711
226754 226402 711
289058 11097 711
289058 11097 711
289058 11097 711
289058 11097 711
289058 11097 711
289058 11097 711
289058 11097 711
289058 11097 711
289058 11097 711
289058 11097 711
289058 11097 711
289058 11097 711
289058 11097 711
227532 230701 712
227532 230701 712
227532 230701 712
227532 230701 712
227532 230701 712
227532 230701 712
227532 230701 712
227532 230701 712
227532 230701 712
227532 230701 712
227532 230701 712
227532 230701 712
238631 235657 712
238631 235657 712
238631 235657 712
238631 235657 712
238631 235657 712
238631 235657 712
238631 235657 712
238631 235657 712
238631 235657 712
238631 235657 712
238631 235657 712
238631 235657 712
238631 235657 712
186905 182981 713
186905 182981 713
186905 182981 713
186905 182981 713
186905 182981 713
186905 182981 713
186905 182981 713
186905 182981 713
186905 182981 713
186905 182981 713
186905 182981 713
186905 182981 713
186905 182981 713
227265 240979 714
227265 240979 714
227265 240979 714
227265 240979 714
227265 240979 714
227265 240979 714
227265 240979 714
227265 240979 714
227265 240979 714
227265 240979 714
227265 240979 714
227265 240979 714
227265 240979 714
256628 246086 714
256628 246086 714
256628 246086 714
256628 246086 714
256628 246086 714
256628 246086 714
256628 246086 714
256628 246086 714
256628 246086 714
256628 246086 714
256628 246086 714
256628 246086 714
256628 246086 714
190899 195341 715
190899 195341 715
190899 195341 715
190899 195341 715
190899 195341 715
190899 195341 715
190899 195341 715
190899 195341 715
190899 195341 715
190899 195341 715
190899 195341 715
190899 195341 715
190899 195341 715
226981 226974 715
226981 226974 715
226981 226974 715
226981 226974 715
226981 226974 715
226981 226974 715
226981 226974 715
226981 226974 715
226981 226974 715
226981 226974 715
226981 226974 715
226981 226974 715
226981 226974 715
235974 246072 715
235974 246072 715
235974 246072 715
235974 246072 715
235974 246072 715
235974 246072 715
235974 246072 715
235974 246072 715
235974 246072 715
235974 246072 715
235974 246072 715
235974 246072 715
235974 246072 715
235125 246072 717
235125 246072 717
235125 246072 717
235125 246072 717
235125 246072 717
235125 246072 717
235125 246072 717
235125 246072 717
235125 246072 717
235125 246072 717
235125 246072 717
235125 246072 717
235125 246072 717
186762 184779 717
186762 184779 717
186762 184779 717
186762 184779 717
186762 184779 717
186762 184779 717
186762 184779 717
186762 184779 717
186762 184779 717
186762 184779 717
186762 184779 717
186762 184779 717
173801 203453 718
173801 203453 718
173801 203453 718
173801 203453 718
173801 203453 718
173801 203453 718
173801 203453 718
173801 203453 718
173801 203453 718
173801 203453 718
173801 203453 718
173801 203453 718
295184 274607 718
295184 274607 718
295184 274607 718
295184 274607 718
295184 274607 718
295184 274607 718
295184 274607 718
295184 274607 718
295184 274607 718
295184 274607 718
295184 274607 718
295184 274607 718
282897 285271 719
282897 285271 719
282897 285271 719
282897 285271 719
282897 285271 719
282897 285271 719
282897 285271 719
282897 285271 719
282897 285271 719
282897 285271 719
282897 285271 719
282897 285271 719
240979 227260 720
240979 227260 720
240979 227260 720
240979 227260 720
240979 227260 720
240979 227260 720
240979 227260 720
240979 227260 720
240979 227260 720
240979 227260 720
240979 227260 720
240979 227260 720
228406 243736 720
228406 243736 720
228406 243736 720
228406 243736 720
228406 243736 720
228406 243736 720
228406 243736 720
228406 243736 720
228406 243736 720
228406 243736 720
228406 243736 720
228406 243736 720
228406 243736 720
240557 227823 720
240557 227823 720
240557 227823 720
240557 227823 720
240557 227823 720
240557 227823 720
240557 227823 720
240557 227823 720
240557 227823 720
240557 227823 720
240557 227823 720
240557 227823 720
289559 250701 721
289559 250701 721
289559 250701 721
289559 250701 721
289559 250701 721
289559 250701 721
289559 250701 721
289559 250701 721
289559 250701 721
289559 250701 721
289559 250701 721
289559 250701 721
237845 235990 722
237845 235990 722
237845 235990 722
237845 235990 722
237845 235990 722
237845 235990 722
237845 235990 722
237845 235990 722
237845 235990 722
237845 235990 722
237845 235990 722
237845 235990 722
295092 282556 722
295092 282556 722
295092 282556 722
295092 282556 722
295092 282556 722
295092 282556 722
295092 282556 722
295092 282556 722
295092 282556 722
295092 282556 722
295092 282556 722
295092 282556 722
295092 282556 722
232707 227260 724
232707 227260 724
232707 227260 724
232707 227260 724
232707 227260 724
232707 227260 724
232707 227260 724
232707 227260 724
232707 227260 724
232707 227260 724
232707 227260 724
232707 227260 724
232707 227260 724
228034 228681 726
228034 228681 726
228034 228681 726
228034 228681 726
228034 228681 726
228034 228681 726
228034 228681 726
228034 228681 726
228034 228681 726
228034 228681 726
228034 228681 726
228034 228681 726
235974 14800 726
235974 14800 726
235974 14800 726
235974 14800 726
235974 14800 726
235974 14800 726
235974 14800 726
235974 14800 726
235974 14800 726
235974 14800 726
235974 14800 726
235974 14800 726
235974 14800 726
230463 228107 726
230463 228107 726
230463 228107 726
230463 228107 726
230463 228107 726
230463 228107 726
230463 228107 726
230463 228107 726
230463 228107 726
230463 228107 726
230463 228107 726
230463 228107 726
230463 228107 726
291360 256643 727
291360 256643 727
291360 256643 727
291360 256643 727
291360 256643 727
291360 256643 727
291360 256643 727
291360 256643 727
291360 256643 727
291360 256643 727
291360 256643 727
291360 256643 727
291360 256643 727
226525 230665 729
226525 230665 729
226525 230665 729
226525 230665 729
226525 230665 729
226525 230665 729
226525 230665 729
226525 230665 729
226525 230665 729
226525 230665 729
226525 230665 729
226525 230665 729
226525 230665 729
230665 231414 731
230665 231414 731
230665 231414 731
230665 231414 731
230665 231414 731
230665 231414 731
230665 231414 731
230665 231414 731
230665 231414 731
230665 231414 731
230665 231414 731
230665 231414 731
227662 237198 731
227662 237198 731
227662 237198 731
227662 237198 731
227662 237198 731
227662 237198 731
227662 237198 731
227662 237198 731
227662 237198 731
227662 237198 731
227662 237198 731
227662 237198 731
227662 237198 731
245977 245944 732
245977 245944 732
245977 245944 732
245977 245944 732
245977 245944 732
245977 245944 732
245977 245944 732
245977 245944 732
245977 245944 732
245977 245944 732
245977 245944 732
245977 245944 732
245977 245944 732
250600 289032 733
250600 289032 733
250600 289032 733
250600 289032 733
250600 289032 733
250600 289032 733
250600 289032 733
250600 289032 733
250600 289032 733
250600 289032 733
250600 289032 733
250600 289032 733
291998 245958 733
291998 245958 733
291998 245958 733
291998 245958 733
291998 245958 733
291998 245958 733
291998 245958 733
291998 245958 733
291998 245958 733
291998 245958 733
291998 245958 733
291998 245958 733
236506 226753 735
236506 226753 735
236506 226753 735
236506 226753 735
236506 226753 735
236506 226753 735
236506 226753 735
236506 226753 735
236506 226753 735
236506 226753 735
236506 226753 735
236506 226753 735
175939 195504 735
175939 195504 735
175939 195504 735
175939 195504 735
175939 195504 735
175939 195504 735
175939 195504 735
175939 195504 735
175939 195504 735
175939 195504 735
175939 195504 735
175939 195504 735
191591 191015 736
191591 191015 736
191591 191015 736
191591 191015 736
191591 191015 736
191591 191015 736
191591 191015 736
191591 191015 736
191591 191015 736
191591 191015 736
191591 191015 736
191591 191015 736
191591 191015 736
250581 256663 737
250581 256663 737
250581 256663 737
250581 256663 737
250581 256663 737
250581 256663 737
250581 256663 737
250581 256663 737
250581 256663 737
250581 256663 737
250581 256663 737
250581 256663 737
250581 256663 737
14459 290818 738
14459 290818 738
14459 290818 738
14459 290818 738
14459 290818 738
14459 290818 738
14459 290818 738
14459 290818 738
14459 290818 738
14459 290818 738
14459 290818 738
14459 290818 738
291455 199517 740
291455 199517 740
291455 199517 740
291455 199517 740
291455 199517 740
291455 199517 740
291455 199517 740
291455 199517 740
291455 199517 740
291455 199517 740
291455 199517 740
291455 199517 740
235873 252698 744
235873 252698 744
235873 252698 744
235873 252698 744
235873 252698 744
235873 252698 744
235873 252698 744
235873 252698 744
235873 252698 744
235873 252698 744
235873 252698 744
235873 252698 744
194603 188465 745
194603 188465 745
194603 188465 745
194603 188465 745
194603 188465 745
194603 188465 745
194603 188465 745
194603 188465 745
194603 188465 745
194603 188465 745
194603 188465 745
194603 188465 745
194603 188465 745
290810 289524 746
290810 289524 746
290810 289524 746
290810 289524 746
290810 289524 746
290810 289524 746
290810 289524 746
290810 289524 746
290810 289524 746
290810 289524 746
290810 289524 746
290810 289524 746
175186 200258 747
175186 200258 747
175186 200258 747
175186 200258 747
175186 200258 747
175186 200258 747
175186 200258 747
175186 200258 747
175186 200258 747
175186 200258 747
175186 200258 747
175186 200258 747
250568 286830 747
250568 286830 747
250568 286830 747
250568 286830 747
250568 286830 747
250568 286830 747
250568 286830 747
250568 286830 747
250568 286830 747
250568 286830 747
250568 286830 747
250568 286830 747
250568 286830 747
284260 226970 748
284260 226970 748
284260 226970 748
284260 226970 748
284260 226970 748
284260 226970 748
284260 226970 748
284260 226970 748
284260 226970 748
284260 226970 748
284260 226970 748
284260 226970 748
240629 225931 748
240629 225931 748
240629 225931 748
240629 225931 748
240629 225931 748
240629 225931 748
240629 225931 748
240629 225931 748
240629 225931 748
240629 225931 748
240629 225931 748
240629 225931 748
228100 239179 751
228100 239179 751
228100 239179 751
228100 239179 751
228100 239179 751
228100 239179 751
228100 239179 751
228100 239179 751
228100 239179 751
228100 239179 751
228100 239179 751
228100 239179 751
245972 274607 753
245972 274607 753
245972 274607 753
245972 274607 753
245972 274607 753
245972 274607 753
245972 274607 753
245972 274607 753
245972 274607 753
245972 274607 753
245972 274607 753
245972 274607 753
243708 225614 753
243708 225614 753
243708 225614 753
243708 225614 753
243708 225614 753
243708 225614 753
243708 225614 753
243708 225614 753
243708 225614 753
243708 225614 753
243708 225614 753
243708 225614 753
243708 225614 753
236470 227278 753
236470 227278 753
236470 227278 753
236470 227278 753
236470 227278 753
236470 227278 753
236470 227278 753
236470 227278 753
236470 227278 753
236470 227278 753
236470 227278 753
236470 227278 753
231862 236141 754
231862 236141 754
231862 236141 754
231862 236141 754
231862 236141 754
231862 236141 754
231862 236141 754
231862 236141 754
231862 236141 754
231862 236141 754
231862 236141 754
231862 236141 754
235982 228193 755
235982 228193 755
235982 228193 755
235982 228193 755
235982 228193 755
235982 228193 755
235982 228193 755
235982 228193 755
235982 228193 755
235982 228193 755
235982 228193 755
235982 228193 755
235982 228193 755
225614 237848 755
225614 237848 755
225614 237848 755
225614 237848 755
225614 237848 755
225614 237848 755
225614 237848 755
225614 237848 755
225614 237848 755
225614 237848 755
225614 237848 755
225614 237848 755
225614 237848 755
250698 256628 755
250698 256628 755
250698 256628 755
250698 256628 755
250698 256628 755
250698 256628 755
250698 256628 755
250698 256628 755
250698 256628 755
250698 256628 755
250698 256628 755
250698 256628 755
250698 256628 755
151583 232832 756
151583 232832 756
151583 232832 756
151583 232832 756
151583 232832 756
151583 232832 756
151583 232832 756
151583 232832 756
151583 232832 756
151583 232832 756
151583 232832 756
151583 232832 756
151583 232832 756
285273 246113 756
285273 246113 756
285273 246113 756
285273 246113 756
285273 246113 756
285273 246113 756
285273 246113 756
285273 246113 756
285273 246113 756
285273 246113 756
285273 246113 756
285273 246113 756
285273 246113 756
239045 242036 756
239045 242036 756
239045 242036 756
239045 242036 756
239045 242036 756
239045 242036 756
239045 242036 756
239045 242036 756
239045 242036 756
239045 242036 756
239045 242036 756
239045 242036 756
239045 242036 756
285455 286615 756
285455 286615 756
285455 286615 756
285455 286615 756
285455 286615 756
285455 286615 756
285455 286615 756
285455 286615 756
285455 286615 756
285455 286615 756
285455 286615 756
285455 286615 756
285455 286615 756
235942 228013 756
235942 228013 756
235942 228013 756
235942 228013 756
235942 228013 756
235942 228013 756
235942 228013 756
235942 228013 756
235942 228013 756
235942 228013 756
235942 228013 756
235942 228013 756
235942 228013 756
245932 286605 756
245932 286605 756
245932 286605 756
245932 286605 756
245932 286605 756
245932 286605 756
245932 286605 756
245932 286605 756
245932 286605 756
245932 286605 756
245932 286605 756
245932 286605 756
215711 200264 757
215711 200264 757
215711 200264 757
215711 200264 757
215711 200264 757
215711 200264 757
215711 200264 757
215711 200264 757
215711 200264 757
215711 200264 757
215711 200264 757
215711 200264 757
236450 228014 757
236450 228014 757
236450 228014 757
236450 228014 757
236450 228014 757
236450 228014 757
236450 228014 757
236450 228014 757
236450 228014 757
236450 228014 757
236450 228014 757
236450 228014 757
151103 241932 758
151103 241932 758
151103 241932 758
151103 241932 758
151103 241932 758
151103 241932 758
151103 241932 758
151103 241932 758
151103 241932 758
151103 241932 758
151103 241932 758
151103 241932 758
235977 231260 758
235977 231260 758
235977 231260 758
235977 231260 758
235977 231260 758
235977 231260 758
235977 231260 758
235977 231260 758
235977 231260 758
235977 231260 758
235977 231260 758
235977 231260 758
235977 231260 758
239179 236923 758
239179 236923 758
239179 236923 758
239179 236923 758
239179 236923 758
239179 236923 758
239179 236923 758
239179 236923 758
239179 236923 758
239179 236923 758
239179 236923 758
239179 236923 758
160237 174718 758
160237 174718 758
160237 174718 758
160237 174718 758
160237 174718 758
160237 174718 758
160237 174718 758
160237 174718 758
160237 174718 758
160237 174718 758
160237 174718 758
160237 174718 758
256628 248417 758
256628 248417 758
256628 248417 758
256628 248417 758
256628 248417 758
256628 248417 758
256628 248417 758
256628 248417 758
256628 248417 758
256628 248417 758
256628 248417 758
256628 248417 758
160258 160287 758
160258 160287 758
160258 160287 758
160258 160287 758
160258 160287 758
160258 160287 758
160258 160287 758
160258 160287 758
160258 160287 758
160258 160287 758
160258 160287 758
160258 160287 758
160258 160287 758
190743 195498 759
190743 195498 759
190743 195498 759
190743 195498 759
190743 195498 759
190743 195498 759
190743 195498 759
190743 195498 759
190743 195498 759
190743 195498 759
190743 195498 759
190743 195498 759
242036 10933 759
242036 10933 759
242036 10933 759
242036 10933 759
242036 10933 759
242036 10933 759
242036 10933 759
242036 10933 759
242036 10933 759
242036 10933 759
242036 10933 759
242036 10933 759
234708 150281 760
234708 150281 760
234708 150281 760
234708 150281 760
234708 150281 760
234708 150281 760
234708 150281 760
234708 150281 760
234708 150281 760
234708 150281 760
234708 150281 760
234708 150281 760
231441 226242 761
231441 226242 761
231441 226242 761
231441 226242 761
231441 226242 761
231441 226242 761
231441 226242 761
231441 226242 761
231441 226242 761
231441 226242 761
231441 226242 761
231441 226242 761
155156 236482 761
155156 236482 761
155156 236482 761
155156 236482 761
155156 236482 761
155156 236482 761
155156 236482 761
155156 236482 761
155156 236482 761
155156 236482 761
155156 236482 761
155156 236482 761
155156 236482 761
4570 184803 762
4570 184803 762
4570 184803 762
4570 184803 762
4570 184803 762
4570 184803 762
4570 184803 762
4570 184803 762
4570 184803 762
4570 184803 762
4570 184803 762
4570 184803 762
4570 184803 762
268394 265586 764
268394 265586 764
268394 265586 764
268394 265586 764
268394 265586 764
268394 265586 764
268394 265586 764
268394 265586 764
268394 265586 764
268394 265586 764
268394 265586 764
268394 265586 764
226465 234195 765
226465 234195 765
226465 234195 765
226465 234195 765
226465 234195 765
226465 234195 765
226465 234195 765
226465 234195 765
226465 234195 765
226465 234195 765
226465 234195 765
226465 234195 765
239844 236445 766
239844 236445 766
239844 236445 766
239844 236445 766
239844 236445 766
239844 236445 766
239844 236445 766
239844 236445 766
239844 236445 766
239844 236445 766
239844 236445 766
239844 236445 766
237848 230696 767
237848 230696 767
237848 230696 767
237848 230696 767
237848 230696 767
237848 230696 767
237848 230696 767
237848 230696 767
237848 230696 767
237848 230696 767
237848 230696 767
237848 230696 767
237848 230696 767
236480 225931 767
236480 225931 767
236480 225931 767
236480 225931 767
236480 225931 767
236480 225931 767
236480 225931 767
236480 225931 767
236480 225931 767
236480 225931 767
236480 225931 767
236480 225931 767
236480 225931 767
286717 14709 768
286717 14709 768
286717 14709 768
286717 14709 768
286717 14709 768
286717 14709 768
286717 14709 768
286717 14709 768
286717 14709 768
286717 14709 768
286717 14709 768
286717 14709 768
151585 227008 769
151585 227008 769
151585 227008 769
151585 227008 769
151585 227008 769
151585 227008 769
151585 227008 769
151585 227008 769
151585 227008 769
151585 227008 769
151585 227008 769
151585 227008 769
241874 191591 770
241874 191591 770
241874 191591 770
241874 191591 770
241874 191591 770
241874 191591 770
241874 191591 770
241874 191591 770
241874 191591 770
241874 191591 770
241874 191591 770
241874 191591 770
241874 191591 770
225931 227098 770
225931 227098 770
225931 227098 770
225931 227098 770
225931 227098 770
225931 227098 770
225931 227098 770
225931 227098 770
225931 227098 770
225931 227098 770
225931 227098 770
225931 227098 770
236105 240839 771
236105 240839 771
236105 240839 771
236105 240839 771
236105 240839 771
236105 240839 771
236105 240839 771
236105 240839 771
236105 240839 771
236105 240839 771
236105 240839 771
236105 240839 771
14828 227828 773
14828 227828 773
14828 227828 773
14828 227828 773
14828 227828 773
14828 227828 773
14828 227828 773
14828 227828 773
14828 227828 773
14828 227828 773
14828 227828 773
14828 227828 773
196158 190918 774
196158 190918 774
196158 190918 774
196158 190918 774
196158 190918 774
196158 190918 774
196158 190918 774
196158 190918 774
196158 190918 774
196158 190918 774
196158 190918 774
196158 190918 774
196158 190918 774
293343 249359 774
293343 249359 774
293343 249359 774
293343 249359 774
293343 249359 774
293343 249359 774
293343 249359 774
293343 249359 774
293343 249359 774
293343 249359 774
293343 249359 774
293343 249359 774
293343 249359 774
9247 200262 775
9247 200262 775
9247 200262 775
9247 200262 775
9247 200262 775
9247 200262 775
9247 200262 775
9247 200262 775
9247 200262 775
9247 200262 775
9247 200262 775
9247 200262 775
203079 203732 776
203079 203732 776
203079 203732 776
203079 203732 776
203079 203732 776
203079 203732 776
203079 203732 776
203079 203732 776
203079 203732 776
203079 203732 776
203079 203732 776
203079 203732 776
203079 203732 776
236015 235942 776
236015 235942 776
236015 235942 776
236015 235942 776
236015 235942 776
236015 235942 776
236015 235942 776
236015 235942 776
236015 235942 776
236015 235942 776
236015 235942 776
236015 235942 776
236015 235942 776
291426 265329 777
291426 265329 777
291426 265329 777
291426 265329 777
291426 265329 777
291426 265329 777
291426 265329 777
291426 265329 777
291426 265329 777
291426 265329 777
291426 265329 777
291426 265329 777
284630 285375 777
284630 285375 777
284630 285375 777
284630 285375 777
284630 285375 777
284630 285375 777
284630 285375 777
284630 285375 777
284630 285375 777
284630 285375 777
284630 285375 777
284630 285375 777
236065 195248 777
236065 195248 777
236065 195248 777
236065 195248 777
236065 195248 777
236065 195248 777
236065 195248 777
236065 195248 777
236065 195248 777
236065 195248 777
236065 195248 777
236065 195248 777
236065 195248 777
250536 246042 778
250536 246042 778
250536 246042 778
250536 246042 778
250536 246042 778
250536 246042 778
250536 246042 778
250536 246042 778
250536 246042 778
250536 246042 778
250536 246042 778
250536 246042 778
250536 246042 778
227541 232694 779
227541 232694 779
227541 232694 779
227541 232694 779
227541 232694 779
227541 232694 779
227541 232694 779
227541 232694 779
227541 232694 779
227541 232694 779
227541 232694 779
227541 232694 779
227541 232694 779
247063 245982 781
247063 245982 781
247063 245982 781
247063 245982 781
247063 245982 781
247063 245982 781
247063 245982 781
247063 245982 781
247063 245982 781
247063 245982 781
247063 245982 781
247063 245982 781
284505 295112 781
284505 295112 781
284505 295112 781
284505 295112 781
284505 295112 781
284505 295112 781
284505 295112 781
284505 295112 781
284505 295112 781
284505 295112 781
284505 295112 781
284505 295112 781
284505 295112 781
295081 289559 782
295081 289559 782
295081 289559 782
295081 289559 782
295081 289559 782
295081 289559 782
295081 289559 782
295081 289559 782
295081 289559 782
295081 289559 782
295081 289559 782
295081 289559 782
295081 289559 782
193592 175918 783
193592 175918 783
193592 175918 783
193592 175918 783
193592 175918 783
193592 175918 783
193592 175918 783
193592 175918 783
193592 175918 783
193592 175918 783
193592 175918 783
193592 175918 783
184184 160250 783
184184 160250 783
184184 160250 783
184184 160250 783
184184 160250 783
184184 160250 783
184184 160250 783
184184 160250 783
184184 160250 783
184184 160250 783
184184 160250 783
184184 160250 783
287493 290810 785
287493 290810 785
287493 290810 785
287493 290810 785
287493 290810 785
287493 290810 785
287493 290810 785
287493 290810 785
287493 290810 785
287493 290810 785
287493 290810 785
287493 290810 785
287493 290810 785
11041 203446 786
11041 203446 786
11041 203446 786
11041 203446 786
11041 203446 786
11041 203446 786
11041 203446 786
11041 203446 786
11041 203446 786
11041 203446 786
11041 203446 786
11041 203446 786
251999 235974 787
251999 235974 787
251999 235974 787
251999 235974 787
251999 235974 787
251999 235974 787
251999 235974 787
251999 235974 787
251999 235974 787
251999 235974 787
251999 235974 787
251999 235974 787
291426 183779 787
291426 183779 787
291426 183779 787
291426 183779 787
291426 183779 787
291426 183779 787
291426 183779 787
291426 183779 787
291426 183779 787
291426 183779 787
291426 183779 787
291426 183779 787
291426 183779 787
289528 294268 788
289528 294268 788
289528 294268 788
289528 294268 788
289528 294268 788
289528 294268 788
289528 294268 788
289528 294268 788
289528 294268 788
289528 294268 788
289528 294268 788
289528 294268 788
232694 228143 788
232694 228143 788
232694 228143 788
232694 228143 788
232694 228143 788
232694 228143 788
232694 228143 788
232694 228143 788
232694 228143 788
232694 228143 788
232694 228143 788
232694 228143 788
295185 293376 789
295185 293376 789
295185 293376 789
295185 293376 789
295185 293376 789
295185 293376 789
295185 293376 789
295185 293376 789
295185 293376 789
295185 293376 789
295185 293376 789
295185 293376 789
150228 285281 789
150228 285281 789
150228 285281 789
150228 285281 789
150228 285281 789
150228 285281 789
150228 285281 789
150228 285281 789
150228 285281 789
150228 285281 789
150228 285281 789
150228 285281 789
150228 285281 789
230956 228193 790
230956 228193 790
230956 228193 790
230956 228193 790
230956 228193 790
230956 228193 790
230956 228193 790
230956 228193 790
230956 228193 790
230956 228193 790
230956 228193 790
230956 228193 790
150228 284253 791
150228 284253 791
150228 284253 791
150228 284253 791
150228 284253 791
150228 284253 791
150228 284253 791
150228 284253 791
150228 284253 791
150228 284253 791
150228 284253 791
150228 284253 791
292432 155156 791
292432 155156 791
292432 155156 791
292432 155156 791
292432 155156 791
292432 155156 791
292432 155156 791
292432 155156 791
292432 155156 791
292432 155156 791
292432 155156 791
292432 155156 791
184480 288560 791
184480 288560 791
184480 288560 791
184480 288560 791
184480 288560 791
184480 288560 791
184480 288560 791
184480 288560 791
184480 288560 791
184480 288560 791
184480 288560 791
184480 288560 791
184480 288560 791
242460 228127 791
242460 228127 791
242460 228127 791
242460 228127 791
242460 228127 791
242460 228127 791
242460 228127 791
242460 228127 791
242460 228127 791
242460 228127 791
242460 228127 791
242460 228127 791
242460 228127 791
187716 188465 792
187716 188465 792
187716 188465 792
187716 188465 792
187716 188465 792
187716 188465 792
187716 188465 792
187716 188465 792
187716 188465 792
187716 188465 792
187716 188465 792
187716 188465 792
187716 188465 792
265637 14923 793
265637 14923 793
265637 14923 793
265637 14923 793
265637 14923 793
265637 14923 793
265637 14923 793
265637 14923 793
265637 14923 793
265637 14923 793
265637 14923 793
265637 14923 793
265637 14923 793
238552 195508 794
238552 195508 794
238552 195508 794
238552 195508 794
238552 195508 794
238552 195508 794
238552 195508 794
238552 195508 794
238552 195508 794
238552 195508 794
238552 195508 794
238552 195508 794
288560 286830 795
288560 286830 795
288560 286830 795
288560 286830 795
288560 286830 795
288560 286830 795
288560 286830 795
288560 286830 795
288560 286830 795
288560 286830 795
288560 286830 795
288560 286830 795
288560 286830 795
236024 235982 795
236024 235982 795
236024 235982 795
236024 235982 795
236024 235982 795
236024 235982 795
236024 235982 795
236024 235982 795
236024 235982 795
236024 235982 795
236024 235982 795
236024 235982 795
173797 187715 796
173797 187715 796
173797 187715 796
173797 187715 796
173797 187715 796
173797 187715 796
173797 187715 796
173797 187715 796
173797 187715 796
173797 187715 796
173797 187715 796
173797 187715 796
173797 187715 796
232705 235013 797
232705 235013 797
232705 235013 797
232705 235013 797
232705 235013 797
232705 235013 797
232705 235013 797
232705 235013 797
232705 235013 797
232705 235013 797
232705 235013 797
232705 235013 797
232705 235013 797
270401 291472 799
270401 291472 799
270401 291472 799
270401 291472 799
270401 291472 799
270401 291472 799
270401 291472 799
270401 291472 799
270401 291472 799
270401 291472 799
270401 291472 799
270401 291472 799
270401 291472 799
235966 232684 799
235966 232684 799
235966 232684 799
235966 232684 799
235966 232684 799
235966 232684 799
235966 232684 799
235966 232684 799
235966 232684 799
235966 232684 799
235966 232684 799
235966 232684 799
188437 208315 799
188437 208315 799
188437 208315 799
188437 208315 799
188437 208315 799
188437 208315 799
188437 208315 799
188437 208315 799
188437 208315 799
188437 208315 799
188437 208315 799
188437 208315 799
188437 208315 799
191601 190997 799
191601 190997 799
191601 190997 799
191601 190997 799
191601 190997 799
191601 190997 799
191601 190997 799
191601 190997 799
191601 190997 799
191601 190997 799
191601 190997 799
191601 190997 799
191601 190997 799
151585 291225 800
151585 291225 800
151585 291225 800
151585 291225 800
151585 291225 800
151585 291225 800
151585 291225 800
151585 291225 800
151585 291225 800
151585 291225 800
151585 291225 800
151585 291225 800
160288 177253 800
160288 177253 800
160288 177253 800
160288 177253 800
160288 177253 800
160288 177253 800
160288 177253 800
160288 177253 800
160288 177253 800
160288 177253 800
160288 177253 800
160288 177253 800
263654 226986 800
263654 226986 800
263654 226986 800
263654 226986 800
263654 226986 800
263654 226986 800
263654 226986 800
263654 226986 800
263654 226986 800
263654 226986 800
263654 226986 800
263654 226986 800
263654 226986 800
233585 227071 801
233585 227071 801
233585 227071 801
233585 227071 801
233585 227071 801
233585 227071 801
233585 227071 801
233585 227071 801
233585 227071 801
233585 227071 801
233585 227071 801
233585 227071 801
233585 227071 801
285187 150262 801
285187 150262 801
285187 150262 801
285187 150262 801
285187 150262 801
285187 150262 801
285187 150262 801
285187 150262 801
285187 150262 801
285187 150262 801
285187 150262 801
285187 150262 801
285187 150262 801
242216 227071 802
242216 227071 802
242216 227071 802
242216 227071 802
242216 227071 802
242216 227071 802
242216 227071 802
242216 227071 802
242216 227071 802
242216 227071 802
242216 227071 802
242216 227071 802
242216 227071 802
226754 14812 803
226754 14812 803
226754 14812 803
226754 14812 803
226754 14812 803
226754 14812 803
226754 14812 803
226754 14812 803
226754 14812 803
226754 14812 803
226754 14812 803
226754 14812 803
226754 14812 803
184405 199490 804
184405 199490 804
184405 199490 804
184405 199490 804
184405 199490 804
184405 199490 804
184405 199490 804
184405 199490 804
184405 199490 804
184405 199490 804
184405 199490 804
184405 199490 804
184405 199490 804
10933 226480 804
10933 226480 804
10933 226480 804
10933 226480 804
10933 226480 804
10933 226480 804
10933 226480 804
10933 226480 804
10933 226480 804
10933 226480 804
10933 226480 804
10933 226480 804
10933 226480 804
198562 208315 805
198562 208315 805
198562 208315 805
198562 208315 805
198562 208315 805
198562 208315 805
198562 208315 805
198562 208315 805
198562 208315 805
198562 208315 805
198562 208315 805
198562 208315 805
198562 208315 805
291449 236835 805
291449 236835 805
291449 236835 805
291449 236835 805
291449 236835 805
291449 236835 805
291449 236835 805
291449 236835 805
291449 236835 805
291449 236835 805
291449 236835 805
291449 236835 805
238640 225837 805
238640 225837 805
238640 225837 805
238640 225837 805
238640 225837 805
238640 225837 805
238640 225837 805
238640 225837 805
238640 225837 805
238640 225837 805
238640 225837 805
238640 225837 805
296615 245977 806
296615 245977 806
296615 245977 806
296615 245977 806
296615 245977 806
296615 245977 806
296615 245977 806
296615 245977 806
296615 245977 806
296615 245977 806
296615 245977 806
296615 245977 806
188295 236939 808
188295 236939 808
188295 236939 808
188295 236939 808
188295 236939 808
188295 236939 808
188295 236939 808
188295 236939 808
188295 236939 808
188295 236939 808
188295 236939 808
188295 236939 808
285256 283968 809
285256 283968 809
285256 283968 809
285256 283968 809
285256 283968 809
285256 283968 809
285256 283968 809
285256 283968 809
285256 283968 809
285256 283968 809
285256 283968 809
285256 283968 809
285256 283968 809
195511 175939 812
195511 175939 812
195511 175939 812
195511 175939 812
195511 175939 812
195511 175939 812
195511 175939 812
195511 175939 812
195511 175939 812
195511 175939 812
195511 175939 812
195511 175939 812
200025 175179 812
200025 175179 812
200025 175179 812
200025 175179 812
200025 175179 812
200025 175179 812
200025 175179 812
200025 175179 812
200025 175179 812
200025 175179 812
200025 175179 812
200025 175179 812
187716 190898 812
187716 190898 812
187716 190898 812
187716 190898 812
187716 190898 812
187716 190898 812
187716 190898 812
187716 190898 812
187716 190898 812
187716 190898 812
187716 190898 812
187716 190898 812
232030 225957 813
232030 225957 813
232030 225957 813
232030 225957 813
232030 225957 813
232030 225957 813
232030 225957 813
232030 225957 813
232030 225957 813
232030 225957 813
232030 225957 813
232030 225957 813
193609 200260 816
193609 200260 816
193609 200260 816
193609 200260 816
193609 200260 816
193609 200260 816
193609 200260 816
193609 200260 816
193609 200260 816
193609 200260 816
193609 200260 816
193609 200260 816
250582 285375 816
250582 285375 816
250582 285375 816
250582 285375 816
250582 285375 816
250582 285375 816
250582 285375 816
250582 285375 816
250582 285375 816
250582 285375 816
250582 285375 816
250582 285375 816
195514 190918 816
195514 190918 816
195514 190918 816
195514 190918 816
195514 190918 816
195514 190918 816
195514 190918 816
195514 190918 816
195514 190918 816
195514 190918 816
195514 190918 816
195514 190918 816
193631 291426 817
193631 291426 817
193631 291426 817
193631 291426 817
193631 291426 817
193631 291426 817
193631 291426 817
193631 291426 817
193631 291426 817
193631 291426 817
193631 291426 817
193631 291426 817
193631 291426 817
256663 282526 818
256663 282526 818
256663 282526 818
256663 282526 818
256663 282526 818
256663 282526 818
256663 282526 818
256663 282526 818
256663 282526 818
256663 282526 818
256663 282526 818
256663 282526 818
256663 282526 818
290121 227010 819
290121 227010 819
290121 227010 819
290121 227010 819
290121 227010 819
290121 227010 819
290121 227010 819
290121 227010 819
290121 227010 819
290121 227010 819
290121 227010 819
290121 227010 819
290121 227010 819
293376 228142 819
293376 228142 819
293376 228142 819
293376 228142 819
293376 228142 819
293376 228142 819
293376 228142 819
293376 228142 819
293376 228142 819
293376 228142 819
293376 228142 819
293376 228142 819
292454 236879 821
292454 236879 821
292454 236879 821
292454 236879 821
292454 236879 821
292454 236879 821
292454 236879 821
292454 236879 821
292454 236879 821
292454 236879 821
292454 236879 821
292454 236879 821
292454 236879 821
194426 290819 821
194426 290819 821
194426 290819 821
194426 290819 821
194426 290819 821
194426 290819 821
194426 290819 821
194426 290819 821
194426 290819 821
194426 290819 821
194426 290819 821
194426 290819 821
228107 245999 821
228107 245999 821
228107 245999 821
228107 245999 821
228107 245999 821
228107 245999 821
228107 245999 821
228107 245999 821
228107 245999 821
228107 245999 821
228107 245999 821
228107 245999 821
284632 292454 821
284632 292454 821
284632 292454 821
284632 292454 821
284632 292454 821
284632 292454 821
284632 292454 821
284632 292454 821
284632 292454 821
284632 292454 821
284632 292454 821
284632 292454 821
284633 228154 821
284633 228154 821
284633 228154 821
284633 228154 821
284633 228154 821
284633 228154 821
284633 228154 821
284633 228154 821
284633 228154 821
284633 228154 821
284633 228154 821
284633 228154 821
284633 228154 821
230957 236015 823
230957 236015 823
230957 236015 823
230957 236015 823
230957 236015 823
230957 236015 823
230957 236015 823
230957 236015 823
230957 236015 823
230957 236015 823
230957 236015 823
230957 236015 823
239754 227827 824
239754 227827 824
239754 227827 824
239754 227827 824
239754 227827 824
239754 227827 824
239754 227827 824
239754 227827 824
239754 227827 824
239754 227827 824
239754 227827 824
239754 227827 824
228112 14813 824
228112 14813 824
228112 14813 824
228112 14813 824
228112 14813 824
228112 14813 824
228112 14813 824
228112 14813 824
228112 14813 824
228112 14813 824
228112 14813 824
228112 14813 824
292455 245999 825
292455 245999 825
292455 245999 825
292455 245999 825
292455 245999 825
292455 245999 825
292455 245999 825
292455 245999 825
292455 245999 825
292455 245999 825
292455 245999 825
292455 245999 825
295133 291376 827
295133 291376 827
295133 291376 827
295133 291376 827
295133 291376 827
295133 291376 827
295133 291376 827
295133 291376 827
295133 291376 827
295133 291376 827
295133 291376 827
295133 291376 827
295133 291376 827
285187 291376 828
285187 291376 828
285187 291376 828
285187 291376 828
285187 291376 828
285187 291376 828
285187 291376 828
285187 291376 828
285187 291376 828
285187 291376 828
285187 291376 828
285187 291376 828
285187 291376 828
236913 242091 829
236913 242091 829
236913 242091 829
236913 242091 829
236913 242091 829
236913 242091 829
236913 242091 829
236913 242091 829
236913 242091 829
236913 242091 829
236913 242091 829
236913 242091 829
236913 242091 829
201801 227877 830
201801 227877 830
201801 227877 830
201801 227877 830
201801 227877 830
201801 227877 830
201801 227877 830
201801 227877 830
201801 227877 830
201801 227877 830
201801 227877 830
201801 227877 830
201801 227877 830
4713 286935 830
4713 286935 830
4713 286935 830
4713 286935 830
4713 286935 830
4713 286935 830
4713 286935 830
4713 286935 830
4713 286935 830
4713 286935 830
4713 286935 830
4713 286935 830
4713 286935 830
295147 286194 830
295147 286194 830
295147 286194 830
295147 286194 830
295147 286194 830
295147 286194 830
295147 286194 830
295147 286194 830
295147 286194 830
295147 286194 830
295147 286194 830
295147 286194 830
295147 286194 830
286935 151474 832
286935 151474 832
286935 151474 832
286935 151474 832
286935 151474 832
286935 151474 832
286935 151474 832
286935 151474 832
286935 151474 832
286935 151474 832
286935 151474 832
286935 151474 832
286935 151474 832
233615 246111 833
233615 246111 833
233615 246111 833
233615 246111 833
233615 246111 833
233615 246111 833
233615 246111 833
233615 246111 833
233615 246111 833
233615 246111 833
233615 246111 833
233615 246111 833
236845 268393 834
236845 268393 834
236845 268393 834
236845 268393 834
236845 268393 834
236845 268393 834
236845 268393 834
236845 268393 834
236845 268393 834
236845 268393 834
236845 268393 834
236845 268393 834
236845 268393 834
176258 191671 835
176258 191671 835
176258 191671 835
176258 191671 835
176258 191671 835
176258 191671 835
176258 191671 835
176258 191671 835
176258 191671 835
176258 191671 835
176258 191671 835
176258 191671 835
176258 191671 835
246012 246816 835
246012 246816 835
246012 246816 835
246012 246816 835
246012 246816 835
246012 246816 835
246012 246816 835
246012 246816 835
246012 246816 835
246012 246816 835
246012 246816 835
246012 246816 835
195022 203453 838
195022 203453 838
195022 203453 838
195022 203453 838
195022 203453 838
195022 203453 838
195022 203453 838
195022 203453 838
195022 203453 838
195022 203453 838
195022 203453 838
195022 203453 838
195022 203453 838
236879 231260 839
236879 231260 839
236879 231260 839
236879 231260 839
236879 231260 839
236879 231260 839
236879 231260 839
236879 231260 839
236879 231260 839
236879 231260 839
236879 231260 839
236879 231260 839
236879 231260 839
284638 282825 841
284638 282825 841
284638 282825 841
284638 282825 841
284638 282825 841
284638 282825 841
284638 282825 841
284638 282825 841
284638 282825 841
284638 282825 841
284638 282825 841
284638 282825 841
291426 235938 841
291426 235938 841
291426 235938 841
291426 235938 841
291426 235938 841
291426 235938 841
291426 235938 841
291426 235938 841
291426 235938 841
291426 235938 841
291426 235938 841
291426 235938 841
291426 235938 841
226968 225931 842
226968 225931 842
226968 225931 842
226968 225931 842
226968 225931 842
226968 225931 842
226968 225931 842
226968 225931 842
226968 225931 842
226968 225931 842
226968 225931 842
226968 225931 842
226968 225931 842
173873 231864 844
173873 231864 844
173873 231864 844
173873 231864 844
173873 231864 844
173873 231864 844
173873 231864 844
173873 231864 844
173873 231864 844
173873 231864 844
173873 231864 844
173873 231864 844
173873 231864 844
230957 233619 845
230957 233619 845
230957 233619 845
230957 233619 845
230957 233619 845
230957 233619 845
230957 233619 845
230957 233619 845
230957 233619 845
230957 233619 845
230957 233619 845
230957 233619 845
201027 200262 845
201027 200262 845
201027 200262 845
201027 200262 845
201027 200262 845
201027 200262 845
201027 200262 845
201027 200262 845
201027 200262 845
201027 200262 845
201027 200262 845
201027 200262 845
201027 200262 845
208274 160287 848
208274 160287 848
208274 160287 848
208274 160287 848
208274 160287 848
208274 160287 848
208274 160287 848
208274 160287 848
208274 160287 848
208274 160287 848
208274 160287 848
208274 160287 848
208274 160287 848
186643 193101 849
186643 193101 849
186643 193101 849
186643 193101 849
186643 193101 849
186643 193101 849
186643 193101 849
186643 193101 849
186643 193101 849
186643 193101 849
186643 193101 849
186643 193101 849
203454 188465 851
203454 188465 851
203454 188465 851
203454 188465 851
203454 188465 851
203454 188465 851
203454 188465 851
203454 188465 851
203454 188465 851
203454 188465 851
203454 188465 851
203454 188465 851
203454 188465 851
235866 228091 853
235866 228091 853
235866 228091 853
235866 228091 853
235866 228091 853
235866 228091 853
235866 228091 853
235866 228091 853
235866 228091 853
235866 228091 853
235866 228091 853
235866 228091 853
235866 228091 853
284492 245959 853
284492 245959 853
284492 245959 853
284492 245959 853
284492 245959 853
284492 245959 853
284492 245959 853
284492 245959 853
284492 245959 853
284492 245959 853
284492 245959 853
284492 245959 853
284492 245959 853
186904 192942 854
186904 192942 854
186904 192942 854
186904 192942 854
186904 192942 854
186904 192942 854
186904 192942 854
186904 192942 854
186904 192942 854
186904 192942 854
186904 192942 854
186904 192942 854
186904 192942 854
228091 289528 855
228091 289528 855
228091 289528 855
228091 289528 855
228091 289528 855
228091 289528 855
228091 289528 855
228091 289528 855
228091 289528 855
228091 289528 855
228091 289528 855
228091 289528 855
228091 289528 855
228131 293376 857
228131 293376 857
228131 293376 857
228131 293376 857
228131 293376 857
228131 293376 857
228131 293376 857
228131 293376 857
228131 293376 857
228131 293376 857
228131 293376 857
228131 293376 857
228131 293376 857
199336 186948 857
199336 186948 857
199336 186948 857
199336 186948 857
199336 186948 857
199336 186948 857
199336 186948 857
199336 186948 857
199336 186948 857
199336 186948 857
199336 186948 857
199336 186948 857
192757 229989 858
192757 229989 858
192757 229989 858
192757 229989 858
192757 229989 858
192757 229989 858
192757 229989 858
192757 229989 858
192757 229989 858
192757 229989 858
192757 229989 858
192757 229989 858
251928 202632 859
251928 202632 859
251928 202632 859
251928 202632 859
251928 202632 859
251928 202632 859
251928 202632 859
251928 202632 859
251928 202632 859
251928 202632 859
251928 202632 859
251928 202632 859
251928 202632 859
227716 239844 860
227716 239844 860
227716 239844 860
227716 239844 860
227716 239844 860
227716 239844 860
227716 239844 860
227716 239844 860
227716 239844 860
227716 239844 860
227716 239844 860
227716 239844 860
238002 10995 861
238002 10995 861
238002 10995 861
238002 10995 861
238002 10995 861
238002 10995 861
238002 10995 861
238002 10995 861
238002 10995 861
238002 10995 861
238002 10995 861
238002 10995 861
235134 226967 863
235134 226967 863
235134 226967 863
235134 226967 863
235134 226967 863
235134 226967 863
235134 226967 863
235134 226967 863
235134 226967 863
235134 226967 863
235134 226967 863
235134 226967 863
242480 229829 864
242480 229829 864
242480 229829 864
242480 229829 864
242480 229829 864
242480 229829 864
242480 229829 864
242480 229829 864
242480 229829 864
242480 229829 864
242480 229829 864
242480 229829 864
246617 150216 874
246617 150216 874
246617 150216 874
246617 150216 874
246617 150216 874
246617 150216 874
246617 150216 874
246617 150216 874
246617 150216 874
246617 150216 874
246617 150216 874
246617 150216 874
256648 266399 875
256648 266399 875
256648 266399 875
256648 266399 875
256648 266399 875
256648 266399 875
256648 266399 875
256648 266399 875
256648 266399 875
256648 266399 875
256648 266399 875
256648 266399 875
204226 203079 877
204226 203079 877
204226 203079 877
204226 203079 877
204226 203079 877
204226 203079 877
204226 203079 877
204226 203079 877
204226 203079 877
204226 203079 877
204226 203079 877
204226 203079 877
285455 228105 881
285455 228105 881
285455 228105 881
285455 228105 881
285455 228105 881
285455 228105 881
285455 228105 881
285455 228105 881
285455 228105 881
285455 228105 881
285455 228105 881
285455 228105 881
228366 226398 885
228366 226398 885
228366 226398 885
228366 226398 885
228366 226398 885
228366 226398 885
228366 226398 885
228366 226398 885
228366 226398 885
228366 226398 885
228366 226398 885
228366 226398 885
233636 289520 898
233636 289520 898
233636 289520 898
233636 289520 898
233636 289520 898
233636 289520 898
233636 289520 898
233636 289520 898
233636 289520 898
233636 289520 898
233636 289520 898
233636 289520 898
226583 262498 902
226583 262498 902
226583 262498 902
226583 262498 902
226583 262498 902
226583 262498 902
226583 262498 902
226583 262498 902
226583 262498 902
226583 262498 902
226583 262498 902
226583 262498 902
228131 227099 906
228131 227099 906
228131 227099 906
228131 227099 906
228131 227099 906
228131 227099 906
228131 227099 906
228131 227099 906
228131 227099 906
228131 227099 906
228131 227099 906
228131 227099 906
228131 227099 906
174915 193235 916
174915 193235 916
174915 193235 916
174915 193235 916
174915 193235 916
174915 193235 916
174915 193235 916
174915 193235 916
174915 193235 916
174915 193235 916
174915 193235 916
174915 193235 916
174915 193235 916
228466 236898 917
228466 236898 917
228466 236898 917
228466 236898 917
228466 236898 917
228466 236898 917
228466 236898 917
228466 236898 917
228466 236898 917
228466 236898 917
228466 236898 917
228466 236898 917
266103 228156 928
266103 228156 928
266103 228156 928
266103 228156 928
266103 228156 928
266103 228156 928
266103 228156 928
266103 228156 928
266103 228156 928
266103 228156 928
266103 228156 928
266103 228156 928
266103 228156 928
242114 239017 931
242114 239017 931
242114 239017 931
242114 239017 931
242114 239017 931
242114 239017 931
242114 239017 931
242114 239017 931
242114 239017 931
242114 239017 931
242114 239017 931
242114 239017 931
242114 239017 931
295112 14921 932
295112 14921 932
295112 14921 932
295112 14921 932
295112 14921 932
295112 14921 932
295112 14921 932
295112 14921 932
295112 14921 932
295112 14921 932
295112 14921 932
295112 14921 932
291455 14921 932
291455 14921 932
291455 14921 932
291455 14921 932
291455 14921 932
291455 14921 932
291455 14921 932
291455 14921 932
291455 14921 932
291455 14921 932
291455 14921 932
291455 14921 932
291455 14921 932
232959 232897 934
232959 232897 934
232959 232897 934
232959 232897 934
232959 232897 934
232959 232897 934
232959 232897 934
232959 232897 934
232959 232897 934
232959 232897 934
232959 232897 934
232959 232897 934
250625 286432 934
250625 286432 934
250625 286432 934
250625 286432 934
250625 286432 934
250625 286432 934
250625 286432 934
250625 286432 934
250625 286432 934
250625 286432 934
250625 286432 934
250625 286432 934
250625 286432 934
231482 227547 935
231482 227547 935
231482 227547 935
231482 227547 935
231482 227547 935
231482 227547 935
231482 227547 935
231482 227547 935
231482 227547 935
231482 227547 935
231482 227547 935
231482 227547 935
231482 227547 935
243622 232897 936
243622 232897 936
243622 232897 936
243622 232897 936
243622 232897 936
243622 232897 936
243622 232897 936
243622 232897 936
243622 232897 936
243622 232897 936
243622 232897 936
243622 232897 936
243622 232897 936
236157 236015 939
236157 236015 939
236157 236015 939
236157 236015 939
236157 236015 939
236157 236015 939
236157 236015 939
236157 236015 939
236157 236015 939
236157 236015 939
236157 236015 939
236157 236015 939
285366 250581 940
285366 250581 940
285366 250581 940
285366 250581 940
285366 250581 940
285366 250581 940
285366 250581 940
285366 250581 940
285366 250581 940
285366 250581 940
285366 250581 940
285366 250581 940
286722 291426 946
286722 291426 946
286722 291426 946
286722 291426 946
286722 291426 946
286722 291426 946
286722 291426 946
286722 291426 946
286722 291426 946
286722 291426 946
286722 291426 946
286722 291426 946
286722 291426 946
235683 235974 947
235683 235974 947
235683 235974 947
235683 235974 947
235683 235974 947
235683 235974 947
235683 235974 947
235683 235974 947
235683 235974 947
235683 235974 947
235683 235974 947
235683 235974 947
284630 293377 948
284630 293377 948
284630 293377 948
284630 293377 948
284630 293377 948
284630 293377 948
284630 293377 948
284630 293377 948
284630 293377 948
284630 293377 948
284630 293377 948
284630 293377 948
240894 234245 950
240894 234245 950
240894 234245 950
240894 234245 950
240894 234245 950
240894 234245 950
240894 234245 950
240894 234245 950
240894 234245 950
240894 234245 950
240894 234245 950
240894 234245 950
240894 234245 950
236009 242491 953
236009 242491 953
236009 242491 953
236009 242491 953
236009 242491 953
236009 242491 953
236009 242491 953
236009 242491 953
236009 242491 953
236009 242491 953
236009 242491 953
236009 242491 953
236009 242491 953
293377 229773 954
293377 229773 954
293377 229773 954
293377 229773 954
293377 229773 954
293377 229773 954
293377 229773 954
293377 229773 954
293377 229773 954
293377 229773 954
293377 229773 954
293377 229773 954
293377 229773 954
250619 250600 965
250619 250600 965
250619 250600 965
250619 250600 965
250619 250600 965
250619 250600 965
250619 250600 965
250619 250600 965
250619 250600 965
250619 250600 965
250619 250600 965
250619 250600 965
250619 250600 965
288557 250600 965
288557 250600 965
288557 250600 965
288557 250600 965
288557 250600 965
288557 250600 965
288557 250600 965
288557 250600 965
288557 250600 965
288557 250600 965
288557 250600 965
288557 250600 965
236911 227020 967
236911 227020 967
236911 227020 967
236911 227020 967
236911 227020 967
236911 227020 967
236911 227020 967
236911 227020 967
236911 227020 967
236911 227020 967
236911 227020 967
236911 227020 967
236911 227020 967
252682 285658 967
252682 285658 967
252682 285658 967
252682 285658 967
252682 285658 967
252682 285658 967
252682 285658 967
252682 285658 967
252682 285658 967
252682 285658 967
252682 285658 967
252682 285658 967
252682 285658 967
243860 9638 970
243860 9638 970
243860 9638 970
243860 9638 970
243860 9638 970
243860 9638 970
243860 9638 970
243860 9638 970
243860 9638 970
243860 9638 970
243860 9638 970
243860 9638 970
243860 9638 970
251928 272702 1005
251928 272702 1005
251928 272702 1005
251928 272702 1005
251928 272702 1005
251928 272702 1005
251928 272702 1005
251928 272702 1005
251928 272702 1005
251928 272702 1005
251928 272702 1005
251928 272702 1005
251928 272702 1005
237374 232920 1010
237374 232920 1010
237374 232920 1010
237374 232920 1010
237374 232920 1010
237374 232920 1010
237374 232920 1010
237374 232920 1010
237374 232920 1010
237374 232920 1010
237374 232920 1010
237374 232920 1010
237374 232920 1010
229773 209656 1017
229773 209656 1017
229773 209656 1017
229773 209656 1017
229773 209656 1017
229773 209656 1017
229773 209656 1017
229773 209656 1017
229773 209656 1017
229773 209656 1017
229773 209656 1017
229773 209656 1017
235862 230413 1018
235862 230413 1018
235862 230413 1018
235862 230413 1018
235862 230413 1018
235862 230413 1018
235862 230413 1018
235862 230413 1018
235862 230413 1018
235862 230413 1018
235862 230413 1018
235862 230413 1018
235862 230413 1018
227099 228174 1020
227099 228174 1020
227099 228174 1020
227099 228174 1020
227099 228174 1020
227099 228174 1020
227099 228174 1020
227099 228174 1020
227099 228174 1020
227099 228174 1020
227099 228174 1020
227099 228174 1020
285366 285121 1026
285366 285121 1026
285366 285121 1026
285366 285121 1026
285366 285121 1026
285366 285121 1026
285366 285121 1026
285366 285121 1026
285366 285121 1026
285366 285121 1026
285366 285121 1026
285366 285121 1026
248352 232719 1026
248352 232719 1026
248352 232719 1026
248352 232719 1026
248352 232719 1026
248352 232719 1026
248352 232719 1026
248352 232719 1026
248352 232719 1026
248352 232719 1026
248352 232719 1026
248352 232719 1026
248352 232719 1026
225681 235860 1029
225681 235860 1029
225681 235860 1029
225681 235860 1029
225681 235860 1029
225681 235860 1029
225681 235860 1029
225681 235860 1029
225681 235860 1029
225681 235860 1029
225681 235860 1029
225681 235860 1029
236895 228132 1031
236895 228132 1031
236895 228132 1031
236895 228132 1031
236895 228132 1031
236895 228132 1031
236895 228132 1031
236895 228132 1031
236895 228132 1031
236895 228132 1031
236895 228132 1031
236895 228132 1031
230103 228132 1031
230103 228132 1031
230103 228132 1031
230103 228132 1031
230103 228132 1031
230103 228132 1031
230103 228132 1031
230103 228132 1031
230103 228132 1031
230103 228132 1031
230103 228132 1031
230103 228132 1031
230103 228132 1031
227092 232074 1038
227092 232074 1038
227092 232074 1038
227092 232074 1038
227092 232074 1038
227092 232074 1038
227092 232074 1038
227092 232074 1038
227092 232074 1038
227092 232074 1038
227092 232074 1038
227092 232074 1038
227092 232074 1038
237858 231901 1048
237858 231901 1048
237858 231901 1048
237858 231901 1048
237858 231901 1048
237858 231901 1048
237858 231901 1048
237858 231901 1048
237858 231901 1048
237858 231901 1048
237858 231901 1048
237858 231901 1048
237858 231901 1048
246063 150216 1052
246063 150216 1052
246063 150216 1052
246063 150216 1052
246063 150216 1052
246063 150216 1052
246063 150216 1052
246063 150216 1052
246063 150216 1052
246063 150216 1052
246063 150216 1052
246063 150216 1052
246063 150216 1052
227541 233900 1053
227541 233900 1053
227541 233900 1053
227541 233900 1053
227541 233900 1053
227541 233900 1053
227541 233900 1053
227541 233900 1053
227541 233900 1053
227541 233900 1053
227541 233900 1053
227541 233900 1053
227541 233900 1053
231901 243803 1056
231901 243803 1056
231901 243803 1056
231901 243803 1056
231901 243803 1056
231901 243803 1056
231901 243803 1056
231901 243803 1056
231901 243803 1056
231901 243803 1056
231901 243803 1056
231901 243803 1056
231901 243803 1056
242339 294569 1058
242339 294569 1058
242339 294569 1058
242339 294569 1058
242339 294569 1058
242339 294569 1058
242339 294569 1058
242339 294569 1058
242339 294569 1058
242339 294569 1058
242339 294569 1058
242339 294569 1058
296535 165337 1058
296535 165337 1058
296535 165337 1058
296535 165337 1058
296535 165337 1058
296535 165337 1058
296535 165337 1058
296535 165337 1058
296535 165337 1058
296535 165337 1058
296535 165337 1058
296535 165337 1058
296535 165337 1058
14813 295206 1058
14813 295206 1058
14813 295206 1058
14813 295206 1058
14813 295206 1058
14813 295206 1058
14813 295206 1058
14813 295206 1058
14813 295206 1058
14813 295206 1058
14813 295206 1058
14813 295206 1058
262387 236857 1060
262387 236857 1060
262387 236857 1060
262387 236857 1060
262387 236857 1060
262387 236857 1060
262387 236857 1060
262387 236857 1060
262387 236857 1060
262387 236857 1060
262387 236857 1060
262387 236857 1060
262387 236857 1060
284252 150440 1062
284252 150440 1062
284252 150440 1062
284252 150440 1062
284252 150440 1062
284252 150440 1062
284252 150440 1062
284252 150440 1062
284252 150440 1062
284252 150440 1062
284252 150440 1062
284252 150440 1062
284252 150440 1062
291376 284206 1062
291376 284206 1062
291376 284206 1062
291376 284206 1062
291376 284206 1062
291376 284206 1062
291376 284206 1062
291376 284206 1062
291376 284206 1062
291376 284206 1062
291376 284206 1062
291376 284206 1062
245982 284633 1064
245982 284633 1064
245982 284633 1064
245982 284633 1064
245982 284633 1064
245982 284633 1064
245982 284633 1064
245982 284633 1064
245982 284633 1064
245982 284633 1064
245982 284633 1064
245982 284633 1064
245982 284633 1064
236046 227020 1064
236046 227020 1064
236046 227020 1064
236046 227020 1064
236046 227020 1064
236046 227020 1064
236046 227020 1064
236046 227020 1064
236046 227020 1064
236046 227020 1064
236046 227020 1064
236046 227020 1064
252700 9640 1064
252700 9640 1064
252700 9640 1064
252700 9640 1064
252700 9640 1064
252700 9640 1064
252700 9640 1064
252700 9640 1064
252700 9640 1064
252700 9640 1064
252700 9640 1064
252700 9640 1064
174932 196008 1065
174932 196008 1065
174932 196008 1065
174932 196008 1065
174932 196008 1065
174932 196008 1065
174932 196008 1065
174932 196008 1065
174932 196008 1065
174932 196008 1065
174932 196008 1065
174932 196008 1065
230101 228521 1065
230101 228521 1065
230101 228521 1065
230101 228521 1065
230101 228521 1065
230101 228521 1065
230101 228521 1065
230101 228521 1065
230101 228521 1065
230101 228521 1065
230101 228521 1065
230101 228521 1065
246116 230655 1069
246116 230655 1069
246116 230655 1069
246116 230655 1069
246116 230655 1069
246116 230655 1069
246116 230655 1069
246116 230655 1069
246116 230655 1069
246116 230655 1069
246116 230655 1069
246116 230655 1069
246116 230655 1069
229825 237852 1073
229825 237852 1073
229825 237852 1073
229825 237852 1073
229825 237852 1073
229825 237852 1073
229825 237852 1073
229825 237852 1073
229825 237852 1073
229825 237852 1073
229825 237852 1073
229825 237852 1073
194390 238630 1073
194390 238630 1073
194390 238630 1073
194390 238630 1073
194390 238630 1073
194390 238630 1073
194390 238630 1073
194390 238630 1073
194390 238630 1073
194390 238630 1073
194390 238630 1073
194390 238630 1073
227885 238418 1075
227885 238418 1075
227885 238418 1075
227885 238418 1075
227885 238418 1075
227885 238418 1075
227885 238418 1075
227885 238418 1075
227885 238418 1075
227885 238418 1075
227885 238418 1075
227885 238418 1075
227885 238418 1075
234242 252007 1078
234242 252007 1078
234242 252007 1078
234242 252007 1078
234242 252007 1078
234242 252007 1078
234242 252007 1078
234242 252007 1078
234242 252007 1078
234242 252007 1078
234242 252007 1078
234242 252007 1078
234242 252007 1078
195022 270089 1081
195022 270089 1081
195022 270089 1081
195022 270089 1081
195022 270089 1081
195022 270089 1081
195022 270089 1081
195022 270089 1081
195022 270089 1081
195022 270089 1081
195022 270089 1081
195022 270089 1081
289520 246086 1083
289520 246086 1083
289520 246086 1083
289520 246086 1083
289520 246086 1083
289520 246086 1083
289520 246086 1083
289520 246086 1083
289520 246086 1083
289520 246086 1083
289520 246086 1083
289520 246086 1083
243552 227827 1084
243552 227827 1084
243552 227827 1084
243552 227827 1084
243552 227827 1084
243552 227827 1084
243552 227827 1084
243552 227827 1084
243552 227827 1084
243552 227827 1084
243552 227827 1084
243552 227827 1084
243552 227827 1084
232959 191585 1084
232959 191585 1084
232959 191585 1084
232959 191585 1084
232959 191585 1084
232959 191585 1084
232959 191585 1084
232959 191585 1084
232959 191585 1084
232959 191585 1084
232959 191585 1084
232959 191585 1084
232959 191585 1084
235175 237848 1085
235175 237848 1085
235175 237848 1085
235175 237848 1085
235175 237848 1085
235175 237848 1085
235175 237848 1085
235175 237848 1085
235175 237848 1085
235175 237848 1085
235175 237848 1085
235175 237848 1085
235175 237848 1085
227248 236108 1085
227248 236108 1085
227248 236108 1085
227248 236108 1085
227248 236108 1085
227248 236108 1085
227248 236108 1085
227248 236108 1085
227248 236108 1085
227248 236108 1085
227248 236108 1085
227248 236108 1085
227248 236108 1085
232066 235679 1085
232066 235679 1085
232066 235679 1085
232066 235679 1085
232066 235679 1085
232066 235679 1085
232066 235679 1085
232066 235679 1085
232066 235679 1085
232066 235679 1085
232066 235679 1085
232066 235679 1085
238725 11107 1085
238725 11107 1085
238725 11107 1085
238725 11107 1085
238725 11107 1085
238725 11107 1085
238725 11107 1085
238725 11107 1085
238725 11107 1085
238725 11107 1085
238725 11107 1085
238725 11107 1085
238440 236838 1086
238440 236838 1086
238440 236838 1086
238440 236838 1086
238440 236838 1086
238440 236838 1086
238440 236838 1086
238440 236838 1086
238440 236838 1086
238440 236838 1086
238440 236838 1086
238440 236838 1086
226961 265481 1089
226961 265481 1089
226961 265481 1089
226961 265481 1089
226961 265481 1089
226961 265481 1089
226961 265481 1089
226961 265481 1089
226961 265481 1089
226961 265481 1089
226961 265481 1089
226961 265481 1089
226961 265481 1089
265936 250668 1093
265936 250668 1093
265936 250668 1093
265936 250668 1093
265936 250668 1093
265936 250668 1093
265936 250668 1093
265936 250668 1093
265936 250668 1093
265936 250668 1093
265936 250668 1093
265936 250668 1093
230199 238000 1093
230199 238000 1093
230199 238000 1093
230199 238000 1093
230199 238000 1093
230199 238000 1093
230199 238000 1093
230199 238000 1093
230199 238000 1093
230199 238000 1093
230199 238000 1093
230199 238000 1093
191589 209091 1096
191589 209091 1096
191589 209091 1096
191589 209091 1096
191589 209091 1096
191589 209091 1096
191589 209091 1096
191589 209091 1096
191589 209091 1096
191589 209091 1096
191589 209091 1096
191589 209091 1096
245982 290810 1096
245982 290810 1096
245982 290810 1096
245982 290810 1096
245982 290810 1096
245982 290810 1096
245982 290810 1096
245982 290810 1096
245982 290810 1096
245982 290810 1096
245982 290810 1096
245982 290810 1096
245982 290810 1096
191589 195262 1099
191589 195262 1099
191589 195262 1099
191589 195262 1099
191589 195262 1099
191589 195262 1099
191589 195262 1099
191589 195262 1099
191589 195262 1099
191589 195262 1099
191589 195262 1099
191589 195262 1099
285257 265637 1099
285257 265637 1099
285257 265637 1099
285257 265637 1099
285257 265637 1099
285257 265637 1099
285257 265637 1099
285257 265637 1099
285257 265637 1099
285257 265637 1099
285257 265637 1099
285257 265637 1099
285257 265637 1099
208315 173804 1099
208315 173804 1099
208315 173804 1099
208315 173804 1099
208315 173804 1099
208315 173804 1099
208315 173804 1099
208315 173804 1099
208315 173804 1099
208315 173804 1099
208315 173804 1099
208315 173804 1099
242165 233497 1100
242165 233497 1100
242165 233497 1100
242165 233497 1100
242165 233497 1100
242165 233497 1100
242165 233497 1100
242165 233497 1100
242165 233497 1100
242165 233497 1100
242165 233497 1100
242165 233497 1100
242165 233497 1100
199490 186904 1101
199490 186904 1101
199490 186904 1101
199490 186904 1101
199490 186904 1101
199490 186904 1101
199490 186904 1101
199490 186904 1101
199490 186904 1101
199490 186904 1101
199490 186904 1101
199490 186904 1101
9115 262497 1102
9115 262497 1102
9115 262497 1102
9115 262497 1102
9115 262497 1102
9115 262497 1102
9115 262497 1102
9115 262497 1102
9115 262497 1102
9115 262497 1102
9115 262497 1102
9115 262497 1102
9115 262497 1102
236177 230214 1107
236177 230214 1107
236177 230214 1107
236177 230214 1107
236177 230214 1107
236177 230214 1107
236177 230214 1107
236177 230214 1107
236177 230214 1107
236177 230214 1107
236177 230214 1107
236177 230214 1107
236177 230214 1107
285239 291455 1108
285239 291455 1108
285239 291455 1108
285239 291455 1108
285239 291455 1108
285239 291455 1108
285239 291455 1108
285239 291455 1108
285239 291455 1108
285239 291455 1108
285239 291455 1108
285239 291455 1108
193058 238630 1109
193058 238630 1109
193058 238630 1109
193058 238630 1109
193058 238630 1109
193058 238630 1109
193058 238630 1109
193058 238630 1109
193058 238630 1109
193058 238630 1109
193058 238630 1109
193058 238630 1109
193058 238630 1109
242339 236573 1110
242339 236573 1110
242339 236573 1110
242339 236573 1110
242339 236573 1110
242339 236573 1110
242339 236573 1110
242339 236573 1110
242339 236573 1110
242339 236573 1110
242339 236573 1110
242339 236573 1110
184781 184803 1111
184781 184803 1111
184781 184803 1111
184781 184803 1111
184781 184803 1111
184781 184803 1111
184781 184803 1111
184781 184803 1111
184781 184803 1111
184781 184803 1111
184781 184803 1111
184781 184803 1111
184781 184803 1111
208218 195032 1112
208218 195032 1112
208218 195032 1112
208218 195032 1112
208218 195032 1112
208218 195032 1112
208218 195032 1112
208218 195032 1112
208218 195032 1112
208218 195032 1112
208218 195032 1112
208218 195032 1112
206159 174461 1113
206159 174461 1113
206159 174461 1113
206159 174461 1113
206159 174461 1113
206159 174461 1113
206159 174461 1113
206159 174461 1113
206159 174461 1113
206159 174461 1113
206159 174461 1113
206159 174461 1113
206159 174461 1113
225934 228112 1113
225934 228112 1113
225934 228112 1113
225934 228112 1113
225934 228112 1113
225934 228112 1113
225934 228112 1113
225934 228112 1113
225934 228112 1113
225934 228112 1113
225934 228112 1113
225934 228112 1113
289187 291226 1116
289187 291226 1116
289187 291226 1116
289187 291226 1116
289187 291226 1116
289187 291226 1116
289187 291226 1116
289187 291226 1116
289187 291226 1116
289187 291226 1116
289187 291226 1116
289187 291226 1116
289187 291226 1116
204546 152814 1116
204546 152814 1116
204546 152814 1116
204546 152814 1116
204546 152814 1116
204546 152814 1116
204546 152814 1116
204546 152814 1116
204546 152814 1116
204546 152814 1116
204546 152814 1116
204546 152814 1116
291455 282527 1116
291455 282527 1116
291455 282527 1116
291455 282527 1116
291455 282527 1116
291455 282527 1116
291455 282527 1116
291455 282527 1116
291455 282527 1116
291455 282527 1116
291455 282527 1116
291455 282527 1116
204222 194388 1117
204222 194388 1117
204222 194388 1117
204222 194388 1117
204222 194388 1117
204222 194388 1117
204222 194388 1117
204222 194388 1117
204222 194388 1117
204222 194388 1117
204222 194388 1117
204222 194388 1117
228178 232537 1117
228178 232537 1117
228178 232537 1117
228178 232537 1117
228178 232537 1117
228178 232537 1117
228178 232537 1117
228178 232537 1117
228178 232537 1117
228178 232537 1117
228178 232537 1117
228178 232537 1117
228178 232537 1117
285355 239754 1118
285355 239754 1118
285355 239754 1118
285355 239754 1118
285355 239754 1118
285355 239754 1118
285355 239754 1118
285355 239754 1118
285355 239754 1118
285355 239754 1118
285355 239754 1118
285355 239754 1118
237991 186852 1120
237991 186852 1120
237991 186852 1120
237991 186852 1120
237991 186852 1120
237991 186852 1120
237991 186852 1120
237991 186852 1120
237991 186852 1120
237991 186852 1120
237991 186852 1120
237991 186852 1120
237991 186852 1120
236911 228174 1121
236911 228174 1121
236911 228174 1121
236911 228174 1121
236911 228174 1121
236911 228174 1121
236911 228174 1121
236911 228174 1121
236911 228174 1121
236911 228174 1121
236911 228174 1121
236911 228174 1121
231862 235683 1122
231862 235683 1122
231862 235683 1122
231862 235683 1122
231862 235683 1122
231862 235683 1122
231862 235683 1122
231862 235683 1122
231862 235683 1122
231862 235683 1122
231862 235683 1122
231862 235683 1122
231862 235683 1122
236090 4137 1122
236090 4137 1122
236090 4137 1122
236090 4137 1122
236090 4137 1122
236090 4137 1122
236090 4137 1122
236090 4137 1122
236090 4137 1122
236090 4137 1122
236090 4137 1122
236090 4137 1122
282536 285282 1122
282536 285282 1122
282536 285282 1122
282536 285282 1122
282536 285282 1122
282536 285282 1122
282536 285282 1122
282536 285282 1122
282536 285282 1122
282536 285282 1122
282536 285282 1122
282536 285282 1122
282536 285282 1122
245969 246882 1122
245969 246882 1122
245969 246882 1122
245969 246882 1122
245969 246882 1122
245969 246882 1122
245969 246882 1122
245969 246882 1122
245969 246882 1122
245969 246882 1122
245969 246882 1122
245969 246882 1122
245969 246882 1122
192977 186861 1124
192977 186861 1124
192977 186861 1124
192977 186861 1124
192977 186861 1124
192977 186861 1124
192977 186861 1124
192977 186861 1124
192977 186861 1124
192977 186861 1124
192977 186861 1124
192977 186861 1124
192977 186861 1124
292010 291425 1125
292010 291425 1125
292010 291425 1125
292010 291425 1125
292010 291425 1125
292010 291425 1125
292010 291425 1125
292010 291425 1125
292010 291425 1125
292010 291425 1125
292010 291425 1125
292010 291425 1125
292010 291425 1125
237848 228060 1125
237848 228060 1125
237848 228060 1125
237848 228060 1125
237848 228060 1125
237848 228060 1125
237848 228060 1125
237848 228060 1125
237848 228060 1125
237848 228060 1125
237848 228060 1125
237848 228060 1125
4727 265960 1126
4727 265960 1126
4727 265960 1126
4727 265960 1126
4727 265960 1126
4727 265960 1126
4727 265960 1126
4727 265960 1126
4727 265960 1126
4727 265960 1126
4727 265960 1126
4727 265960 1126
225612 151204 1126
225612 151204 1126
225612 151204 1126
225612 151204 1126
225612 151204 1126
225612 151204 1126
225612 151204 1126
225612 151204 1126
225612 151204 1126
225612 151204 1126
225612 151204 1126
225612 151204 1126
225612 151204 1126
290121 270401 1126
290121 270401 1126
290121 270401 1126
290121 270401 1126
290121 270401 1126
290121 270401 1126
290121 270401 1126
290121 270401 1126
290121 270401 1126
290121 270401 1126
290121 270401 1126
290121 270401 1126
290121 270401 1126
126483 173926 1128
126483 173926 1128
126483 173926 1128
126483 173926 1128
126483 173926 1128
126483 173926 1128
126483 173926 1128
126483 173926 1128
126483 173926 1128
126483 173926 1128
126483 173926 1128
126483 173926 1128
270401 265841 1129
270401 265841 1129
270401 265841 1129
270401 265841 1129
270401 265841 1129
270401 265841 1129
270401 265841 1129
270401 265841 1129
270401 265841 1129
270401 265841 1129
270401 265841 1129
270401 265841 1129
270401 265841 1129
225741 227007 1129
225741 227007 1129
225741 227007 1129
225741 227007 1129
225741 227007 1129
225741 227007 1129
225741 227007 1129
225741 227007 1129
225741 227007 1129
225741 227007 1129
225741 227007 1129
225741 227007 1129
293675 186863 1130
293675 186863 1130
293675 186863 1130
293675 186863 1130
293675 186863 1130
293675 186863 1130
293675 186863 1130
293675 186863 1130
293675 186863 1130
293675 186863 1130
293675 186863 1130
293675 186863 1130
293675 186863 1130
184799 235934 1131
184799 235934 1131
184799 235934 1131
184799 235934 1131
184799 235934 1131
184799 235934 1131
184799 235934 1131
184799 235934 1131
184799 235934 1131
184799 235934 1131
184799 235934 1131
184799 235934 1131
230144 232537 1132
230144 232537 1132
230144 232537 1132
230144 232537 1132
230144 232537 1132
230144 232537 1132
230144 232537 1132
230144 232537 1132
230144 232537 1132
230144 232537 1132
230144 232537 1132
230144 232537 1132
194603 188289 1132
194603 188289 1132
194603 188289 1132
194603 188289 1132
194603 188289 1132
194603 188289 1132
194603 188289 1132
194603 188289 1132
194603 188289 1132
194603 188289 1132
194603 188289 1132
194603 188289 1132
194603 188289 1132
151139 267920 1133
151139 267920 1133
151139 267920 1133
151139 267920 1133
151139 267920 1133
151139 267920 1133
151139 267920 1133
151139 267920 1133
151139 267920 1133
151139 267920 1133
151139 267920 1133
151139 267920 1133
151139 267920 1133
242127 237198 1133
242127 237198 1133
242127 237198 1133
242127 237198 1133
242127 237198 1133
242127 237198 1133
242127 237198 1133
242127 237198 1133
242127 237198 1133
242127 237198 1133
242127 237198 1133
242127 237198 1133
242127 237198 1133
236843 226433 1133
236843 226433 1133
236843 226433 1133
236843 226433 1133
236843 226433 1133
236843 226433 1133
236843 226433 1133
236843 226433 1133
236843 226433 1133
236843 226433 1133
236843 226433 1133
236843 226433 1133
227532 236470 1133
227532 236470 1133
227532 236470 1133
227532 236470 1133
227532 236470 1133
227532 236470 1133
227532 236470 1133
227532 236470 1133
227532 236470 1133
227532 236470 1133
227532 236470 1133
227532 236470 1133
227532 236470 1133
201027 176237 1134
201027 176237 1134
201027 176237 1134
201027 176237 1134
201027 176237 1134
201027 176237 1134
201027 176237 1134
201027 176237 1134
201027 176237 1134
201027 176237 1134
201027 176237 1134
201027 176237 1134
227099 237090 1134
227099 237090 1134
227099 237090 1134
227099 237090 1134
227099 237090 1134
227099 237090 1134
227099 237090 1134
227099 237090 1134
227099 237090 1134
227099 237090 1134
227099 237090 1134
227099 237090 1134
226382 266461 1136
226382 266461 1136
226382 266461 1136
226382 266461 1136
226382 266461 1136
226382 266461 1136
226382 266461 1136
226382 266461 1136
226382 266461 1136
226382 266461 1136
226382 266461 1136
226382 266461 1136
175940 203200 1137
175940 203200 1137
175940 203200 1137
175940 203200 1137
175940 203200 1137
175940 203200 1137
175940 203200 1137
175940 203200 1137
175940 203200 1137
175940 203200 1137
175940 203200 1137
175940 203200 1137
185762 235934 1137
185762 235934 1137
185762 235934 1137
185762 235934 1137
185762 235934 1137
185762 235934 1137
185762 235934 1137
185762 235934 1137
185762 235934 1137
185762 235934 1137
185762 235934 1137
185762 235934 1137
188448 190419 1138
188448 190419 1138
188448 190419 1138
188448 190419 1138
188448 190419 1138
188448 190419 1138
188448 190419 1138
188448 190419 1138
188448 190419 1138
188448 190419 1138
188448 190419 1138
188448 190419 1138
235080 227095 1140
235080 227095 1140
235080 227095 1140
235080 227095 1140
235080 227095 1140
235080 227095 1140
235080 227095 1140
235080 227095 1140
235080 227095 1140
235080 227095 1140
235080 227095 1140
235080 227095 1140
235080 227095 1140
185758 183742 1140
185758 183742 1140
185758 183742 1140
185758 183742 1140
185758 183742 1140
185758 183742 1140
185758 183742 1140
185758 183742 1140
185758 183742 1140
185758 183742 1140
185758 183742 1140
185758 183742 1140
185758 183742 1140
190930 196007 1142
190930 196007 1142
190930 196007 1142
190930 196007 1142
190930 196007 1142
190930 196007 1142
190930 196007 1142
190930 196007 1142
190930 196007 1142
190930 196007 1142
190930 196007 1142
190930 196007 1142
235813 232920 1143
235813 232920 1143
235813 232920 1143
235813 232920 1143
235813 232920 1143
235813 232920 1143
235813 232920 1143
235813 232920 1143
235813 232920 1143
235813 232920 1143
235813 232920 1143
235813 232920 1143
296599 233584 1143
296599 233584 1143
296599 233584 1143
296599 233584 1143
296599 233584 1143
296599 233584 1143
296599 233584 1143
296599 233584 1143
296599 233584 1143
296599 233584 1143
296599 233584 1143
296599 233584 1143
236400 240640 1146
236400 240640 1146
236400 240640 1146
236400 240640 1146
236400 240640 1146
236400 240640 1146
236400 240640 1146
236400 240640 1146
236400 240640 1146
236400 240640 1146
236400 240640 1146
236400 240640 1146
236400 240640 1146
237846 232030 1147
237846 232030 1147
237846 232030 1147
237846 232030 1147
237846 232030 1147
237846 232030 1147
237846 232030 1147
237846 232030 1147
237846 232030 1147
237846 232030 1147
237846 232030 1147
237846 232030 1147
237846 232030 1147
176500 291514 1147
176500 291514 1147
176500 291514 1147
176500 291514 1147
176500 291514 1147
176500 291514 1147
176500 291514 1147
176500 291514 1147
176500 291514 1147
176500 291514 1147
176500 291514 1147
176500 291514 1147
176500 291514 1147
228543 234710 1148
228543 234710 1148
228543 234710 1148
228543 234710 1148
228543 234710 1148
228543 234710 1148
228543 234710 1148
228543 234710 1148
228543 234710 1148
228543 234710 1148
228543 234710 1148
228543 234710 1148
270405 283400 1148
270405 283400 1148
270405 283400 1148
270405 283400 1148
270405 283400 1148
270405 283400 1148
270405 283400 1148
270405 283400 1148
270405 283400 1148
270405 283400 1148
270405 283400 1148
270405 283400 1148
270405 283400 1148
291995 284515 1149
291995 284515 1149
291995 284515 1149
291995 284515 1149
291995 284515 1149
291995 284515 1149
291995 284515 1149
291995 284515 1149
291995 284515 1149
291995 284515 1149
291995 284515 1149
291995 284515 1149
183779 185972 1149
183779 185972 1149
183779 185972 1149
183779 185972 1149
183779 185972 1149
183779 185972 1149
183779 185972 1149
183779 185972 1149
183779 185972 1149
183779 185972 1149
183779 185972 1149
183779 185972 1149
226584 290116 1149
226584 290116 1149
226584 290116 1149
226584 290116 1149
226584 290116 1149
226584 290116 1149
226584 290116 1149
226584 290116 1149
226584 290116 1149
226584 290116 1149
226584 290116 1149
226584 290116 1149
229521 246111 1151
229521 246111 1151
229521 246111 1151
229521 246111 1151
229521 246111 1151
229521 246111 1151
229521 246111 1151
229521 246111 1151
229521 246111 1151
229521 246111 1151
229521 246111 1151
229521 246111 1151
292550 293675 1153
292550 293675 1153
292550 293675 1153
292550 293675 1153
292550 293675 1153
292550 293675 1153
292550 293675 1153
292550 293675 1153
292550 293675 1153
292550 293675 1153
292550 293675 1153
292550 293675 1153
268961 286717 1154
268961 286717 1154
268961 286717 1154
268961 286717 1154
268961 286717 1154
268961 286717 1154
268961 286717 1154
268961 286717 1154
268961 286717 1154
268961 286717 1154
268961 286717 1154
268961 286717 1154
237987 200260 1155
237987 200260 1155
237987 200260 1155
237987 200260 1155
237987 200260 1155
237987 200260 1155
237987 200260 1155
237987 200260 1155
237987 200260 1155
237987 200260 1155
237987 200260 1155
237987 200260 1155
237987 200260 1155
239173 236155 1155
239173 236155 1155
239173 236155 1155
239173 236155 1155
239173 236155 1155
239173 236155 1155
239173 236155 1155
239173 236155 1155
239173 236155 1155
239173 236155 1155
239173 236155 1155
239173 236155 1155
230067 246111 1155
230067 246111 1155
230067 246111 1155
230067 246111 1155
230067 246111 1155
230067 246111 1155
230067 246111 1155
230067 246111 1155
230067 246111 1155
230067 246111 1155
230067 246111 1155
230067 246111 1155
230067 246111 1155
190920 190380 1156
190920 190380 1156
190920 190380 1156
190920 190380 1156
190920 190380 1156
190920 190380 1156
190920 190380 1156
190920 190380 1156
190920 190380 1156
190920 190380 1156
190920 190380 1156
190920 190380 1156
190920 190380 1156
198562 176004 1157
198562 176004 1157
198562 176004 1157
198562 176004 1157
198562 176004 1157
198562 176004 1157
198562 176004 1157
198562 176004 1157
198562 176004 1157
198562 176004 1157
198562 176004 1157
198562 176004 1157
201801 193432 1157
201801 193432 1157
201801 193432 1157
201801 193432 1157
201801 193432 1157
201801 193432 1157
201801 193432 1157
201801 193432 1157
201801 193432 1157
201801 193432 1157
201801 193432 1157
201801 193432 1157
201801 193432 1157
231540 236155 1157
231540 236155 1157
231540 236155 1157
231540 236155 1157
231540 236155 1157
231540 236155 1157
231540 236155 1157
231540 236155 1157
231540 236155 1157
231540 236155 1157
231540 236155 1157
231540 236155 1157
231540 236155 1157
295156 288209 1157
295156 288209 1157
295156 288209 1157
295156 288209 1157
295156 288209 1157
295156 288209 1157
295156 288209 1157
295156 288209 1157
295156 288209 1157
295156 288209 1157
295156 288209 1157
295156 288209 1157
295156 288209 1157
187768 191606 1157
187768 191606 1157
187768 191606 1157
187768 191606 1157
187768 191606 1157
187768 191606 1157
187768 191606 1157
187768 191606 1157
187768 191606 1157
187768 191606 1157
187768 191606 1157
187768 191606 1157
187768 191606 1157
265481 174464 1157
265481 174464 1157
265481 174464 1157
265481 174464 1157
265481 174464 1157
265481 174464 1157
265481 174464 1157
265481 174464 1157
265481 174464 1157
265481 174464 1157
265481 174464 1157
265481 174464 1157
265481 174464 1157
234195 240940 1158
234195 240940 1158
234195 240940 1158
234195 240940 1158
234195 240940 1158
234195 240940 1158
234195 240940 1158
234195 240940 1158
234195 240940 1158
234195 240940 1158
234195 240940 1158
234195 240940 1158
234195 240940 1158
4644 159647 1158
4644 159647 1158
4644 159647 1158
4644 159647 1158
4644 159647 1158
4644 159647 1158
4644 159647 1158
4644 159647 1158
4644 159647 1158
4644 159647 1158
4644 159647 1158
4644 159647 1158
4644 159647 1158
236496 227531 1159
236496 227531 1159
236496 227531 1159
236496 227531 1159
236496 227531 1159
236496 227531 1159
236496 227531 1159
236496 227531 1159
236496 227531 1159
236496 227531 1159
236496 227531 1159
236496 227531 1159
236496 227531 1159
195022 186780 1159
195022 186780 1159
195022 186780 1159
195022 186780 1159
195022 186780 1159
195022 186780 1159
195022 186780 1159
195022 186780 1159
195022 186780 1159
195022 186780 1159
195022 186780 1159
195022 186780 1159
195022 186780 1159
238002 237851 1160
238002 237851 1160
238002 237851 1160
238002 237851 1160
238002 237851 1160
238002 237851 1160
238002 237851 1160
238002 237851 1160
238002 237851 1160
238002 237851 1160
238002 237851 1160
238002 237851 1160
294567 285183 1161
294567 285183 1161
294567 285183 1161
294567 285183 1161
294567 285183 1161
294567 285183 1161
294567 285183 1161
294567 285183 1161
294567 285183 1161
294567 285183 1161
294567 285183 1161
294567 285183 1161
294270 282533 1162
294270 282533 1162
294270 282533 1162
294270 282533 1162
294270 282533 1162
294270 282533 1162
294270 282533 1162
294270 282533 1162
294270 282533 1162
294270 282533 1162
294270 282533 1162
294270 282533 1162
294270 282533 1162
174936 11429 1162
174936 11429 1162
174936 11429 1162
174936 11429 1162
174936 11429 1162
174936 11429 1162
174936 11429 1162
174936 11429 1162
174936 11429 1162
174936 11429 1162
174936 11429 1162
174936 11429 1162
237927 267898 1162
237927 267898 1162
237927 267898 1162
237927 267898 1162
237927 267898 1162
237927 267898 1162
237927 267898 1162
237927 267898 1162
237927 267898 1162
237927 267898 1162
237927 267898 1162
237927 267898 1162
237927 267898 1162
210458 210476 1162
210458 210476 1162
210458 210476 1162
210458 210476 1162
210458 210476 1162
210458 210476 1162
210458 210476 1162
210458 210476 1162
210458 210476 1162
210458 210476 1162
210458 210476 1162
210458 210476 1162
293369 235357 1162
293369 235357 1162
293369 235357 1162
293369 235357 1162
293369 235357 1162
293369 235357 1162
293369 235357 1162
293369 235357 1162
293369 235357 1162
293369 235357 1162
293369 235357 1162
293369 235357 1162
238642 243536 1163
238642 243536 1163
238642 243536 1163
238642 243536 1163
238642 243536 1163
238642 243536 1163
238642 243536 1163
238642 243536 1163
238642 243536 1163
238642 243536 1163
238642 243536 1163
238642 243536 1163
238642 243536 1163
239063 227828 1163
239063 227828 1163
239063 227828 1163
239063 227828 1163
239063 227828 1163
239063 227828 1163
239063 227828 1163
239063 227828 1163
239063 227828 1163
239063 227828 1163
239063 227828 1163
239063 227828 1163
227105 289527 1164
227105 289527 1164
227105 289527 1164
227105 289527 1164
227105 289527 1164
227105 289527 1164
227105 289527 1164
227105 289527 1164
227105 289527 1164
227105 289527 1164
227105 289527 1164
227105 289527 1164
239823 228142 1164
239823 228142 1164
239823 228142 1164
239823 228142 1164
239823 228142 1164
239823 228142 1164
239823 228142 1164
239823 228142 1164
239823 228142 1164
239823 228142 1164
239823 228142 1164
239823 228142 1164
187716 195512 1165
187716 195512 1165
187716 195512 1165
187716 195512 1165
187716 195512 1165
187716 195512 1165
187716 195512 1165
187716 195512 1165
187716 195512 1165
187716 195512 1165
187716 195512 1165
187716 195512 1165
246617 287856 1165
246617 287856 1165
246617 287856 1165
246617 287856 1165
246617 287856 1165
246617 287856 1165
246617 287856 1165
246617 287856 1165
246617 287856 1165
246617 287856 1165
246617 287856 1165
246617 287856 1165
246617 287856 1165
246116 265409 1165
246116 265409 1165
246116 265409 1165
246116 265409 1165
246116 265409 1165
246116 265409 1165
246116 265409 1165
246116 265409 1165
246116 265409 1165
246116 265409 1165
246116 265409 1165
246116 265409 1165
204219 160288 1165
204219 160288 1165
204219 160288 1165
204219 160288 1165
204219 160288 1165
204219 160288 1165
204219 160288 1165
204219 160288 1165
204219 160288 1165
204219 160288 1165
204219 160288 1165
204219 160288 1165
237848 238735 1166
237848 238735 1166
237848 238735 1166
237848 238735 1166
237848 238735 1166
237848 238735 1166
237848 238735 1166
237848 238735 1166
237848 238735 1166
237848 238735 1166
237848 238735 1166
237848 238735 1166
240943 226230 1166
240943 226230 1166
240943 226230 1166
240943 226230 1166
240943 226230 1166
240943 226230 1166
240943 226230 1166
240943 226230 1166
240943 226230 1166
240943 226230 1166
240943 226230 1166
240943 226230 1166
226753 295170 1167
226753 295170 1167
226753 295170 1167
226753 295170 1167
226753 295170 1167
226753 295170 1167
226753 295170 1167
226753 295170 1167
226753 295170 1167
226753 295170 1167
226753 295170 1167
226753 295170 1167
226753 295170 1167
226230 227885 1168
226230 227885 1168
226230 227885 1168
226230 227885 1168
226230 227885 1168
226230 227885 1168
226230 227885 1168
226230 227885 1168
226230 227885 1168
226230 227885 1168
226230 227885 1168
226230 227885 1168
238735 234860 1168
238735 234860 1168
238735 234860 1168
238735 234860 1168
238735 234860 1168
238735 234860 1168
238735 234860 1168
238735 234860 1168
238735 234860 1168
238735 234860 1168
238735 234860 1168
238735 234860 1168
238735 234860 1168
175935 190921 1169
175935 190921 1169
175935 190921 1169
175935 190921 1169
175935 190921 1169
175935 190921 1169
175935 190921 1169
175935 190921 1169
175935 190921 1169
175935 190921 1169
175935 190921 1169
175935 190921 1169
202626 237886 1170
202626 237886 1170
202626 237886 1170
202626 237886 1170
202626 237886 1170
202626 237886 1170
202626 237886 1170
202626 237886 1170
202626 237886 1170
202626 237886 1170
202626 237886 1170
202626 237886 1170
202626 237886 1170
226247 229802 1170
226247 229802 1170
226247 229802 1170
226247 229802 1170
226247 229802 1170
226247 229802 1170
226247 229802 1170
226247 229802 1170
226247 229802 1170
226247 229802 1170
226247 229802 1170
226247 229802 1170
226247 229802 1170
190992 232046 1170
190992 232046 1170
190992 232046 1170
190992 232046 1170
190992 232046 1170
190992 232046 1170
190992 232046 1170
190992 232046 1170
190992 232046 1170
190992 232046 1170
190992 232046 1170
190992 232046 1170
251943 226446 1171
251943 226446 1171
251943 226446 1171
251943 226446 1171
251943 226446 1171
251943 226446 1171
251943 226446 1171
251943 226446 1171
251943 226446 1171
251943 226446 1171
251943 226446 1171
251943 226446 1171
251943 226446 1171
190921 235658 1171
190921 235658 1171
190921 235658 1171
190921 235658 1171
190921 235658 1171
190921 235658 1171
190921 235658 1171
190921 235658 1171
190921 235658 1171
190921 235658 1171
190921 235658 1171
190921 235658 1171
190375 293359 1171
190375 293359 1171
190375 293359 1171
190375 293359 1171
190375 293359 1171
190375 293359 1171
190375 293359 1171
190375 293359 1171
190375 293359 1171
190375 293359 1171
190375 293359 1171
190375 293359 1171
190375 293359 1171
236480 236836 1172
236480 236836 1172
236480 236836 1172
236480 236836 1172
236480 236836 1172
236480 236836 1172
236480 236836 1172
236480 236836 1172
236480 236836 1172
236480 236836 1172
236480 236836 1172
236480 236836 1172
235673 227077 1174
235673 227077 1174
235673 227077 1174
235673 227077 1174
235673 227077 1174
235673 227077 1174
235673 227077 1174
235673 227077 1174
235673 227077 1174
235673 227077 1174
235673 227077 1174
235673 227077 1174
235673 227077 1174
228034 236939 1174
228034 236939 1174
228034 236939 1174
228034 236939 1174
228034 236939 1174
228034 236939 1174
228034 236939 1174
228034 236939 1174
228034 236939 1174
228034 236939 1174
228034 236939 1174
228034 236939 1174
228034 236939 1174
289527 150454 1175
289527 150454 1175
289527 150454 1175
289527 150454 1175
289527 150454 1175
289527 150454 1175
289527 150454 1175
289527 150454 1175
289527 150454 1175
289527 150454 1175
289527 150454 1175
289527 150454 1175
235013 243622 1175
235013 243622 1175
235013 243622 1175
235013 243622 1175
235013 243622 1175
235013 243622 1175
235013 243622 1175
235013 243622 1175
235013 243622 1175
235013 243622 1175
235013 243622 1175
235013 243622 1175
235013 243622 1175
242072 242334 1176
242072 242334 1176
242072 242334 1176
242072 242334 1176
242072 242334 1176
242072 242334 1176
242072 242334 1176
242072 242334 1176
242072 242334 1176
242072 242334 1176
242072 242334 1176
242072 242334 1176
242072 242334 1176
203715 235673 1177
203715 235673 1177
203715 235673 1177
203715 235673 1177
203715 235673 1177
203715 235673 1177
203715 235673 1177
203715 235673 1177
203715 235673 1177
203715 235673 1177
203715 235673 1177
203715 235673 1177
203715 235673 1177
186937 235935 1177
186937 235935 1177
186937 235935 1177
186937 235935 1177
186937 235935 1177
186937 235935 1177
186937 235935 1177
186937 235935 1177
186937 235935 1177
186937 235935 1177
186937 235935 1177
186937 235935 1177
242036 228466 1179
242036 228466 1179
242036 228466 1179
242036 228466 1179
242036 228466 1179
242036 228466 1179
242036 228466 1179
242036 228466 1179
242036 228466 1179
242036 228466 1179
242036 228466 1179
242036 228466 1179
228495 232832 1180
228495 232832 1180
228495 232832 1180
228495 232832 1180
228495 232832 1180
228495 232832 1180
228495 232832 1180
228495 232832 1180
228495 232832 1180
228495 232832 1180
228495 232832 1180
228495 232832 1180
227098 231862 1181
227098 231862 1181
227098 231862 1181
227098 231862 1181
227098 231862 1181
227098 231862 1181
227098 231862 1181
227098 231862 1181
227098 231862 1181
227098 231862 1181
227098 231862 1181
227098 231862 1181
227098 231862 1181
203368 4138 1183
203368 4138 1183
203368 4138 1183
203368 4138 1183
203368 4138 1183
203368 4138 1183
203368 4138 1183
203368 4138 1183
203368 4138 1183
203368 4138 1183
203368 4138 1183
203368 4138 1183
203368 4138 1183
265307 265960 1184
265307 265960 1184
265307 265960 1184
265307 265960 1184
265307 265960 1184
265307 265960 1184
265307 265960 1184
265307 265960 1184
265307 265960 1184
265307 265960 1184
265307 265960 1184
265307 265960 1184
233327 228445 1185
233327 228445 1185
233327 228445 1185
233327 228445 1185
233327 228445 1185
233327 228445 1185
233327 228445 1185
233327 228445 1185
233327 228445 1185
233327 228445 1185
233327 228445 1185
233327 228445 1185
174464 294270 1187
174464 294270 1187
174464 294270 1187
174464 294270 1187
174464 294270 1187
174464 294270 1187
174464 294270 1187
174464 294270 1187
174464 294270 1187
174464 294270 1187
174464 294270 1187
174464 294270 1187
232934 249343 1188
232934 249343 1188
232934 249343 1188
232934 249343 1188
232934 249343 1188
232934 249343 1188
232934 249343 1188
232934 249343 1188
232934 249343 1188
232934 249343 1188
232934 249343 1188
232934 249343 1188
285484 285276 1189
285484 285276 1189
285484 285276 1189
285484 285276 1189
285484 285276 1189
285484 285276 1189
285484 285276 1189
285484 285276 1189
285484 285276 1189
285484 285276 1189
285484 285276 1189
285484 285276 1189
236214 251999 1189
236214 251999 1189
236214 251999 1189
236214 251999 1189
236214 251999 1189
236214 251999 1189
236214 251999 1189
236214 251999 1189
236214 251999 1189
236214 251999 1189
236214 251999 1189
236214 251999 1189
195617 265481 1190
195617 265481 1190
195617 265481 1190
195617 265481 1190
195617 265481 1190
195617 265481 1190
195617 265481 1190
195617 265481 1190
195617 265481 1190
195617 265481 1190
195617 265481 1190
195617 265481 1190
195617 265481 1190
11778 252680 1191
11778 252680 1191
11778 252680 1191
11778 252680 1191
11778 252680 1191
11778 252680 1191
11778 252680 1191
11778 252680 1191
11778 252680 1191
11778 252680 1191
11778 252680 1191
11778 252680 1191
11778 252680 1191
291455 210452 1191
291455 210452 1191
291455 210452 1191
291455 210452 1191
291455 210452 1191
291455 210452 1191
291455 210452 1191
291455 210452 1191
291455 210452 1191
291455 210452 1191
291455 210452 1191
291455 210452 1191
225745 191674 1191
225745 191674 1191
225745 191674 1191
225745 191674 1191
225745 191674 1191
225745 191674 1191
225745 191674 1191
225745 191674 1191
225745 191674 1191
225745 191674 1191
225745 191674 1191
225745 191674 1191
225745 191674 1191
294283 230167 1191
294283 230167 1191
294283 230167 1191
294283 230167 1191
294283 230167 1191
294283 230167 1191
294283 230167 1191
294283 230167 1191
294283 230167 1191
294283 230167 1191
294283 230167 1191
294283 230167 1191
238552 190964 1193
238552 190964 1193
238552 190964 1193
238552 190964 1193
238552 190964 1193
238552 190964 1193
238552 190964 1193
238552 190964 1193
238552 190964 1193
238552 190964 1193
238552 190964 1193
238552 190964 1193
190920 10596 1193
190920 10596 1193
190920 10596 1193
190920 10596 1193
190920 10596 1193
190920 10596 1193
190920 10596 1193
190920 10596 1193
190920 10596 1193
190920 10596 1193
190920 10596 1193
190920 10596 1193
235965 238552 1193
235965 238552 1193
235965 238552 1193
235965 238552 1193
235965 238552 1193
235965 238552 1193
235965 238552 1193
235965 238552 1193
235965 238552 1193
235965 238552 1193
235965 238552 1193
235965 238552 1193
235965 238552 1193
151727 240722 1198
151727 240722 1198
151727 240722 1198
151727 240722 1198
151727 240722 1198
151727 240722 1198
151727 240722 1198
151727 240722 1198
151727 240722 1198
151727 240722 1198
151727 240722 1198
151727 240722 1198
234708 240722 1200
234708 240722 1200
234708 240722 1200
234708 240722 1200
234708 240722 1200
234708 240722 1200
234708 240722 1200
234708 240722 1200
234708 240722 1200
234708 240722 1200
234708 240722 1200
234708 240722 1200
234708 240722 1200
234708 240722 1200
234708 240722 1200
234708 240722 1200
234708 240722 1200
234708 240722 1200
234708 240722 1200
234708 240722 1200
234708 240722 1200
234708 240722 1200
234708 240722 1200
234708 240722 1200
232076 238637 1201
232076 238637 1201
232076 238637 1201
232076 238637 1201
232076 238637 1201
232076 238637 1201
232076 238637 1201
232076 238637 1201
232076 238637 1201
232076 238637 1201
232076 238637 1201
232076 238637 1201
284492 265329 1202
284492 265329 1202
284492 265329 1202
284492 265329 1202
284492 265329 1202
284492 265329 1202
284492 265329 1202
284492 265329 1202
284492 265329 1202
284492 265329 1202
284492 265329 1202
284492 265329 1202
173873 227223 1202
173873 227223 1202
173873 227223 1202
173873 227223 1202
173873 227223 1202
173873 227223 1202
173873 227223 1202
173873 227223 1202
173873 227223 1202
173873 227223 1202
173873 227223 1202
173873 227223 1202
173873 227223 1202
247030 286830 1203
247030 286830 1203
247030 286830 1203
247030 286830 1203
247030 286830 1203
247030 286830 1203
247030 286830 1203
247030 286830 1203
247030 286830 1203
247030 286830 1203
247030 286830 1203
247030 286830 1203
247030 286830 1203
237971 183756 1204
237971 183756 1204
237971 183756 1204
237971 183756 1204
237971 183756 1204
237971 183756 1204
237971 183756 1204
237971 183756 1204
237971 183756 1204
237971 183756 1204
237971 183756 1204
237971 183756 1204
176260 240557 1204
176260 240557 1204
176260 240557 1204
176260 240557 1204
176260 240557 1204
176260 240557 1204
176260 240557 1204
176260 240557 1204
176260 240557 1204
176260 240557 1204
176260 240557 1204
176260 240557 1204
227223 262497 1204
227223 262497 1204
227223 262497 1204
227223 262497 1204
227223 262497 1204
227223 262497 1204
227223 262497 1204
227223 262497 1204
227223 262497 1204
227223 262497 1204
227223 262497 1204
227223 262497 1204
227223 262497 1204
294268 293653 1204
294268 293653 1204
294268 293653 1204
294268 293653 1204
294268 293653 1204
294268 293653 1204
294268 293653 1204
294268 293653 1204
294268 293653 1204
294268 293653 1204
294268 293653 1204
294268 293653 1204
193592 194390 1205
193592 194390 1205
193592 194390 1205
193592 194390 1205
193592 194390 1205
193592 194390 1205
193592 194390 1205
193592 194390 1205
193592 194390 1205
193592 194390 1205
193592 194390 1205
193592 194390 1205
193592 194390 1205
196510 187567 1205
196510 187567 1205
196510 187567 1205
196510 187567 1205
196510 187567 1205
196510 187567 1205
196510 187567 1205
196510 187567 1205
196510 187567 1205
196510 187567 1205
196510 187567 1205
196510 187567 1205
170586 195340 1205
170586 195340 1205
170586 195340 1205
170586 195340 1205
170586 195340 1205
170586 195340 1205
170586 195340 1205
170586 195340 1205
170586 195340 1205
170586 195340 1205
170586 195340 1205
170586 195340 1205
170586 195340 1205
193571 187567 1205
193571 187567 1205
193571 187567 1205
193571 187567 1205
193571 187567 1205
193571 187567 1205
193571 187567 1205
193571 187567 1205
193571 187567 1205
193571 187567 1205
193571 187567 1205
193571 187567 1205
193571 187567 1205
236004 234828 1207
236004 234828 1207
236004 234828 1207
236004 234828 1207
236004 234828 1207
236004 234828 1207
236004 234828 1207
236004 234828 1207
236004 234828 1207
236004 234828 1207
236004 234828 1207
236004 234828 1207
236004 234828 1207
243805 240909 1207
243805 240909 1207
243805 240909 1207
243805 240909 1207
243805 240909 1207
243805 240909 1207
243805 240909 1207
243805 240909 1207
243805 240909 1207
243805 240909 1207
243805 240909 1207
243805 240909 1207
243805 240909 1207
231477 230067 1207
231477 230067 1207
231477 230067 1207
231477 230067 1207
231477 230067 1207
231477 230067 1207
231477 230067 1207
231477 230067 1207
231477 230067 1207
231477 230067 1207
231477 230067 1207
231477 230067 1207
231477 230067 1207
236921 230655 1208
236921 230655 1208
236921 230655 1208
236921 230655 1208
236921 230655 1208
236921 230655 1208
236921 230655 1208
236921 230655 1208
236921 230655 1208
236921 230655 1208
236921 230655 1208
236921 230655 1208
236921 230655 1208
237374 240557 1208
237374 240557 1208
237374 240557 1208
237374 240557 1208
237374 240557 1208
237374 240557 1208
237374 240557 1208
237374 240557 1208
237374 240557 1208
237374 240557 1208
237374 240557 1208
237374 240557 1208
234706 155156 1209
234706 155156 1209
234706 155156 1209
234706 155156 1209
234706 155156 1209
234706 155156 1209
234706 155156 1209
234706 155156 1209
234706 155156 1209
234706 155156 1209
234706 155156 1209
234706 155156 1209
234706 155156 1209
11049 247522 1209
11049 247522 1209
11049 247522 1209
11049 247522 1209
11049 247522 1209
11049 247522 1209
11049 247522 1209
11049 247522 1209
11049 247522 1209
11049 247522 1209
11049 247522 1209
11049 247522 1209
174466 203279 1210
174466 203279 1210
174466 203279 1210
174466 203279 1210
174466 203279 1210
174466 203279 1210
174466 203279 1210
174466 203279 1210
174466 203279 1210
174466 203279 1210
174466 203279 1210
174466 203279 1210
174466 203279 1210
229829 225626 1212
229829 225626 1212
229829 225626 1212
229829 225626 1212
229829 225626 1212
229829 225626 1212
229829 225626 1212
229829 225626 1212
229829 225626 1212
229829 225626 1212
229829 225626 1212
229829 225626 1212
175929 190997 1213
175929 190997 1213
175929 190997 1213
175929 190997 1213
175929 190997 1213
175929 190997 1213
175929 190997 1213
175929 190997 1213
175929 190997 1213
175929 190997 1213
175929 190997 1213
175929 190997 1213
175929 190997 1213
237906 200264 1213
237906 200264 1213
237906 200264 1213
237906 200264 1213
237906 200264 1213
237906 200264 1213
237906 200264 1213
237906 200264 1213
237906 200264 1213
237906 200264 1213
237906 200264 1213
237906 200264 1213
237906 200264 1213
194390 190920 1214
194390 190920 1214
194390 190920 1214
194390 190920 1214
194390 190920 1214
194390 190920 1214
194390 190920 1214
194390 190920 1214
194390 190920 1214
194390 190920 1214
194390 190920 1214
194390 190920 1214
225626 226771 1216
225626 226771 1216
225626 226771 1216
225626 226771 1216
225626 226771 1216
225626 226771 1216
225626 226771 1216
225626 226771 1216
225626 226771 1216
225626 226771 1216
225626 226771 1216
225626 226771 1216
225626 226771 1216
284556 202879 1216
284556 202879 1216
284556 202879 1216
284556 202879 1216
284556 202879 1216
284556 202879 1216
284556 202879 1216
284556 202879 1216
284556 202879 1216
284556 202879 1216
284556 202879 1216
284556 202879 1216
284556 202879 1216
193117 238002 1216
193117 238002 1216
193117 238002 1216
193117 238002 1216
193117 238002 1216
193117 238002 1216
193117 238002 1216
193117 238002 1216
193117 238002 1216
193117 238002 1216
193117 238002 1216
193117 238002 1216
193117 238002 1216
193100 200264 1219
193100 200264 1219
193100 200264 1219
193100 200264 1219
193100 200264 1219
193100 200264 1219
193100 200264 1219
193100 200264 1219
193100 200264 1219
193100 200264 1219
193100 200264 1219
193100 200264 1219
193100 200264 1219
10377 187569 1220
10377 187569 1220
10377 187569 1220
10377 187569 1220
10377 187569 1220
10377 187569 1220
10377 187569 1220
10377 187569 1220
10377 187569 1220
10377 187569 1220
10377 187569 1220
10377 187569 1220
243536 230956 1220
243536 230956 1220
243536 230956 1220
243536 230956 1220
243536 230956 1220
243536 230956 1220
243536 230956 1220
243536 230956 1220
243536 230956 1220
243536 230956 1220
243536 230956 1220
243536 230956 1220
270405 289520 1220
270405 289520 1220
270405 289520 1220
270405 289520 1220
270405 289520 1220
270405 289520 1220
270405 289520 1220
270405 289520 1220
270405 289520 1220
270405 289520 1220
270405 289520 1220
270405 289520 1220
270405 289520 1220
236179 232694 1221
236179 232694 1221
236179 232694 1221
236179 232694 1221
236179 232694 1221
236179 232694 1221
236179 232694 1221
236179 232694 1221
236179 232694 1221
236179 232694 1221
236179 232694 1221
236179 232694 1221
226251 194355 1221
226251 194355 1221
226251 194355 1221
226251 194355 1221
226251 194355 1221
226251 194355 1221
226251 194355 1221
226251 194355 1221
226251 194355 1221
226251 194355 1221
226251 194355 1221
226251 194355 1221
226251 194355 1221
229867 242378 1223
229867 242378 1223
229867 242378 1223
229867 242378 1223
229867 242378 1223
229867 242378 1223
229867 242378 1223
229867 242378 1223
229867 242378 1223
229867 242378 1223
229867 242378 1223
229867 242378 1223
283694 151584 1223
283694 151584 1223
283694 151584 1223
283694 151584 1223
283694 151584 1223
283694 151584 1223
283694 151584 1223
283694 151584 1223
283694 151584 1223
283694 151584 1223
283694 151584 1223
283694 151584 1223
230956 242127 1223
230956 242127 1223
230956 242127 1223
230956 242127 1223
230956 242127 1223
230956 242127 1223
230956 242127 1223
230956 242127 1223
230956 242127 1223
230956 242127 1223
230956 242127 1223
230956 242127 1223
174932 177292 1223
174932 177292 1223
174932 177292 1223
174932 177292 1223
174932 177292 1223
174932 177292 1223
174932 177292 1223
174932 177292 1223
174932 177292 1223
174932 177292 1223
174932 177292 1223
174932 177292 1223
174932 177292 1223
177291 177273 1226
177291 177273 1226
177291 177273 1226
177291 177273 1226
177291 177273 1226
177291 177273 1226
177291 177273 1226
177291 177273 1226
177291 177273 1226
177291 177273 1226
177291 177273 1226
177291 177273 1226
177291 177273 1226
237848 169456 1228
237848 169456 1228
237848 169456 1228
237848 169456 1228
237848 169456 1228
237848 169456 1228
237848 169456 1228
237848 169456 1228
237848 169456 1228
237848 169456 1228
237848 169456 1228
237848 169456 1228
236009 238438 1228
236009 238438 1228
236009 238438 1228
236009 238438 1228
236009 238438 1228
236009 238438 1228
236009 238438 1228
236009 238438 1228
236009 238438 1228
236009 238438 1228
236009 238438 1228
236009 238438 1228
236009 238438 1228
252007 296545 1229
252007 296545 1229
252007 296545 1229
252007 296545 1229
252007 296545 1229
252007 296545 1229
252007 296545 1229
252007 296545 1229
252007 296545 1229
252007 296545 1229
252007 296545 1229
252007 296545 1229
204226 173926 1230
204226 173926 1230
204226 173926 1230
204226 173926 1230
204226 173926 1230
204226 173926 1230
204226 173926 1230
204226 173926 1230
204226 173926 1230
204226 173926 1230
204226 173926 1230
204226 173926 1230
204226 173926 1230
177252 193928 1230
177252 193928 1230
177252 193928 1230
177252 193928 1230
177252 193928 1230
177252 193928 1230
177252 193928 1230
177252 193928 1230
177252 193928 1230
177252 193928 1230
177252 193928 1230
177252 193928 1230
191584 173926 1230
191584 173926 1230
191584 173926 1230
191584 173926 1230
191584 173926 1230
191584 173926 1230
191584 173926 1230
191584 173926 1230
191584 173926 1230
191584 173926 1230
191584 173926 1230
191584 173926 1230
236836 190899 1231
236836 190899 1231
236836 190899 1231
236836 190899 1231
236836 190899 1231
236836 190899 1231
236836 190899 1231
236836 190899 1231
236836 190899 1231
236836 190899 1231
236836 190899 1231
236836 190899 1231
236836 190899 1231
243709 243644 1231
243709 243644 1231
243709 243644 1231
243709 243644 1231
243709 243644 1231
243709 243644 1231
243709 243644 1231
243709 243644 1231
243709 243644 1231
243709 243644 1231
243709 243644 1231
243709 243644 1231
243709 243644 1231
9639 243463 1231
9639 243463 1231
9639 243463 1231
9639 243463 1231
9639 243463 1231
9639 243463 1231
9639 243463 1231
9639 243463 1231
9639 243463 1231
9639 243463 1231
9639 243463 1231
9639 243463 1231
9639 243463 1231
238631 225931 1233
238631 225931 1233
238631 225931 1233
238631 225931 1233
238631 225931 1233
238631 225931 1233
238631 225931 1233
238631 225931 1233
238631 225931 1233
238631 225931 1233
238631 225931 1233
238631 225931 1233
238631 225931 1233
274406 246116 1234
274406 246116 1234
274406 246116 1234
274406 246116 1234
274406 246116 1234
274406 246116 1234
274406 246116 1234
274406 246116 1234
274406 246116 1234
274406 246116 1234
274406 246116 1234
274406 246116 1234
225931 235977 1235
225931 235977 1235
225931 235977 1235
225931 235977 1235
225931 235977 1235
225931 235977 1235
225931 235977 1235
225931 235977 1235
225931 235977 1235
225931 235977 1235
225931 235977 1235
225931 235977 1235
246116 246598 1236
246116 246598 1236
246116 246598 1236
246116 246598 1236
246116 246598 1236
246116 246598 1236
246116 246598 1236
246116 246598 1236
246116 246598 1236
246116 246598 1236
246116 246598 1236
246116 246598 1236
230655 229773 1236
230655 229773 1236
230655 229773 1236
230655 229773 1236
230655 229773 1236
230655 229773 1236
230655 229773 1236
230655 229773 1236
230655 229773 1236
230655 229773 1236
230655 229773 1236
230655 229773 1236
232189 242142 1237
232189 242142 1237
232189 242142 1237
232189 242142 1237
232189 242142 1237
232189 242142 1237
232189 242142 1237
232189 242142 1237
232189 242142 1237
232189 242142 1237
232189 242142 1237
232189 242142 1237
272666 285274 1237
272666 285274 1237
272666 285274 1237
272666 285274 1237
272666 285274 1237
272666 285274 1237
272666 285274 1237
272666 285274 1237
272666 285274 1237
272666 285274 1237
272666 285274 1237
272666 285274 1237
272666 285274 1237
241873 235935 1240
241873 235935 1240
241873 235935 1240
241873 235935 1240
241873 235935 1240
241873 235935 1240
241873 235935 1240
241873 235935 1240
241873 235935 1240
241873 235935 1240
241873 235935 1240
241873 235935 1240
242141 236105 1241
242141 236105 1241
242141 236105 1241
242141 236105 1241
242141 236105 1241
242141 236105 1241
242141 236105 1241
242141 236105 1241
242141 236105 1241
242141 236105 1241
242141 236105 1241
242141 236105 1241
250569 245999 1242
250569 245999 1242
250569 245999 1242
250569 245999 1242
250569 245999 1242
250569 245999 1242
250569 245999 1242
250569 245999 1242
250569 245999 1242
250569 245999 1242
250569 245999 1242
250569 245999 1242
243734 236589 1243
243734 236589 1243
243734 236589 1243
243734 236589 1243
243734 236589 1243
243734 236589 1243
243734 236589 1243
243734 236589 1243
243734 236589 1243
243734 236589 1243
243734 236589 1243
243734 236589 1243
235963 236857 1246
235963 236857 1246
235963 236857 1246
235963 236857 1246
235963 236857 1246
235963 236857 1246
235963 236857 1246
235963 236857 1246
235963 236857 1246
235963 236857 1246
235963 236857 1246
235963 236857 1246
203370 193096 1246
203370 193096 1246
203370 193096 1246
203370 193096 1246
203370 193096 1246
203370 193096 1246
203370 193096 1246
203370 193096 1246
203370 193096 1246
203370 193096 1246
203370 193096 1246
203370 193096 1246
203370 193096 1246
243119 231540 1246
243119 231540 1246
243119 231540 1246
243119 231540 1246
243119 231540 1246
243119 231540 1246
243119 231540 1246
243119 231540 1246
243119 231540 1246
243119 231540 1246
243119 231540 1246
243119 231540 1246
242604 235310 1247
242604 235310 1247
242604 235310 1247
242604 235310 1247
242604 235310 1247
242604 235310 1247
242604 235310 1247
242604 235310 1247
242604 235310 1247
242604 235310 1247
242604 235310 1247
242604 235310 1247
242604 235310 1247
232961 228034 1247
232961 228034 1247
232961 228034 1247
232961 228034 1247
232961 228034 1247
232961 228034 1247
232961 228034 1247
232961 228034 1247
232961 228034 1247
232961 228034 1247
232961 228034 1247
232961 228034 1247
232961 228034 1247
193096 191023 1248
193096 191023 1248
193096 191023 1248
193096 191023 1248
193096 191023 1248
193096 191023 1248
193096 191023 1248
193096 191023 1248
193096 191023 1248
193096 191023 1248
193096 191023 1248
193096 191023 1248
193096 191023 1248
227732 227260 1248
227732 227260 1248
227732 227260 1248
227732 227260 1248
227732 227260 1248
227732 227260 1248
227732 227260 1248
227732 227260 1248
227732 227260 1248
227732 227260 1248
227732 227260 1248
227732 227260 1248
226389 227044 1248
226389 227044 1248
226389 227044 1248
226389 227044 1248
226389 227044 1248
226389 227044 1248
226389 227044 1248
226389 227044 1248
226389 227044 1248
226389 227044 1248
226389 227044 1248
226389 227044 1248
150228 226833 1249
150228 226833 1249
150228 226833 1249
150228 226833 1249
150228 226833 1249
150228 226833 1249
150228 226833 1249
150228 226833 1249
150228 226833 1249
150228 226833 1249
150228 226833 1249
150228 226833 1249
150228 226833 1249
174911 160287 1249
174911 160287 1249
174911 160287 1249
174911 160287 1249
174911 160287 1249
174911 160287 1249
174911 160287 1249
174911 160287 1249
174911 160287 1249
174911 160287 1249
174911 160287 1249
174911 160287 1249
250690 291402 1250
250690 291402 1250
250690 291402 1250
250690 291402 1250
250690 291402 1250
250690 291402 1250
250690 291402 1250
250690 291402 1250
250690 291402 1250
250690 291402 1250
250690 291402 1250
250690 291402 1250
236857 230069 1250
236857 230069 1250
236857 230069 1250
236857 230069 1250
236857 230069 1250
236857 230069 1250
236857 230069 1250
236857 230069 1250
236857 230069 1250
236857 230069 1250
236857 230069 1250
236857 230069 1250
236857 230069 1250
236470 242425 1250
236470 242425 1250
236470 242425 1250
236470 242425 1250
236470 242425 1250
236470 242425 1250
236470 242425 1250
236470 242425 1250
236470 242425 1250
236470 242425 1250
236470 242425 1250
236470 242425 1250
236470 242425 1250
265591 288558 1251
265591 288558 1251
265591 288558 1251
265591 288558 1251
265591 288558 1251
265591 288558 1251
265591 288558 1251
265591 288558 1251
265591 288558 1251
265591 288558 1251
265591 288558 1251
265591 288558 1251
233456 251948 1252
233456 251948 1252
233456 251948 1252
233456 251948 1252
233456 251948 1252
233456 251948 1252
233456 251948 1252
233456 251948 1252
233456 251948 1252
233456 251948 1252
233456 251948 1252
233456 251948 1252
230699 227321 1253
230699 227321 1253
230699 227321 1253
230699 227321 1253
230699 227321 1253
230699 227321 1253
230699 227321 1253
230699 227321 1253
230699 227321 1253
230699 227321 1253
230699 227321 1253
230699 227321 1253
230699 227321 1253
191005 187713 1253
191005 187713 1253
191005 187713 1253
191005 187713 1253
191005 187713 1253
191005 187713 1253
191005 187713 1253
191005 187713 1253
191005 187713 1253
191005 187713 1253
191005 187713 1253
191005 187713 1253
237660 230726 1254
237660 230726 1254
237660 230726 1254
237660 230726 1254
237660 230726 1254
237660 230726 1254
237660 230726 1254
237660 230726 1254
237660 230726 1254
237660 230726 1254
237660 230726 1254
237660 230726 1254
237660 230726 1254
194426 195250 1254
194426 195250 1254
194426 195250 1254
194426 195250 1254
194426 195250 1254
194426 195250 1254
194426 195250 1254
194426 195250 1254
194426 195250 1254
194426 195250 1254
194426 195250 1254
194426 195250 1254
194426 195250 1254
237846 243622 1255
237846 243622 1255
237846 243622 1255
237846 243622 1255
237846 243622 1255
237846 243622 1255
237846 243622 1255
237846 243622 1255
237846 243622 1255
237846 243622 1255
237846 243622 1255
237846 243622 1255
242337 227246 1255
242337 227246 1255
242337 227246 1255
242337 227246 1255
242337 227246 1255
242337 227246 1255
242337 227246 1255
242337 227246 1255
242337 227246 1255
242337 227246 1255
242337 227246 1255
242337 227246 1255
226970 237101 1255
226970 237101 1255
226970 237101 1255
226970 237101 1255
226970 237101 1255
226970 237101 1255
226970 237101 1255
226970 237101 1255
226970 237101 1255
226970 237101 1255
226970 237101 1255
226970 237101 1255
226970 237101 1255
270401 265841 1256
270401 265841 1256
270401 265841 1256
270401 265841 1256
270401 265841 1256
270401 265841 1256
270401 265841 1256
270401 265841 1256
270401 265841 1256
270401 265841 1256
270401 265841 1256
270401 265841 1256
270401 265841 1256
285249 293183 1256
285249 293183 1256
285249 293183 1256
285249 293183 1256
285249 293183 1256
285249 293183 1256
285249 293183 1256
285249 293183 1256
285249 293183 1256
285249 293183 1256
285249 293183 1256
285249 293183 1256
226577 230146 1256
226577 230146 1256
226577 230146 1256
226577 230146 1256
226577 230146 1256
226577 230146 1256
226577 230146 1256
226577 230146 1256
226577 230146 1256
226577 230146 1256
226577 230146 1256
226577 230146 1256
226577 230146 1256
285121 236878 1257
285121 236878 1257
285121 236878 1257
285121 236878 1257
285121 236878 1257
285121 236878 1257
285121 236878 1257
285121 236878 1257
285121 236878 1257
285121 236878 1257
285121 236878 1257
285121 236878 1257
285121 236878 1257
225681 238241 1257
225681 238241 1257
225681 238241 1257
225681 238241 1257
225681 238241 1257
225681 238241 1257
225681 238241 1257
225681 238241 1257
225681 238241 1257
225681 238241 1257
225681 238241 1257
225681 238241 1257
225681 238241 1257
235938 237873 1258
235938 237873 1258
235938 237873 1258
235938 237873 1258
235938 237873 1258
235938 237873 1258
235938 237873 1258
235938 237873 1258
235938 237873 1258
235938 237873 1258
235938 237873 1258
235938 237873 1258
285281 289101 1258
285281 289101 1258
285281 289101 1258
285281 289101 1258
285281 289101 1258
285281 289101 1258
285281 289101 1258
285281 289101 1258
285281 289101 1258
285281 289101 1258
285281 289101 1258
285281 289101 1258
285281 289101 1258
227540 227262 1258
227540 227262 1258
227540 227262 1258
227540 227262 1258
227540 227262 1258
227540 227262 1258
227540 227262 1258
227540 227262 1258
227540 227262 1258
227540 227262 1258
227540 227262 1258
227540 227262 1258
243709 227719 1258
243709 227719 1258
243709 227719 1258
243709 227719 1258
243709 227719 1258
243709 227719 1258
243709 227719 1258
243709 227719 1258
243709 227719 1258
243709 227719 1258
243709 227719 1258
243709 227719 1258
243709 227719 1258
235974 235966 1259
235974 235966 1259
235974 235966 1259
235974 235966 1259
235974 235966 1259
235974 235966 1259
235974 235966 1259
235974 235966 1259
235974 235966 1259
235974 235966 1259
235974 235966 1259
235974 235966 1259
235974 235966 1259
228681 243792 1260
228681 243792 1260
228681 243792 1260
228681 243792 1260
228681 243792 1260
228681 243792 1260
228681 243792 1260
228681 243792 1260
228681 243792 1260
228681 243792 1260
228681 243792 1260
228681 243792 1260
228681 243792 1260
296708 289528 1260
296708 289528 1260
296708 289528 1260
296708 289528 1260
296708 289528 1260
296708 289528 1260
296708 289528 1260
296708 289528 1260
296708 289528 1260
296708 289528 1260
296708 289528 1260
296708 289528 1260
296708 289528 1260
235938 237873 1260
235938 237873 1260
235938 237873 1260
235938 237873 1260
235938 237873 1260
235938 237873 1260
235938 237873 1260
235938 237873 1260
235938 237873 1260
235938 237873 1260
235938 237873 1260
235938 237873 1260
235938 237873 1260
190887 293359 1261
190887 293359 1261
190887 293359 1261
190887 293359 1261
190887 293359 1261
190887 293359 1261
190887 293359 1261
190887 293359 1261
190887 293359 1261
190887 293359 1261
190887 293359 1261
190887 293359 1261
190887 293359 1261
173814 188454 1261
173814 188454 1261
173814 188454 1261
173814 188454 1261
173814 188454 1261
173814 188454 1261
173814 188454 1261
173814 188454 1261
173814 188454 1261
173814 188454 1261
173814 188454 1261
173814 188454 1261
173814 188454 1261
239290 237708 1261
239290 237708 1261
239290 237708 1261
239290 237708 1261
239290 237708 1261
239290 237708 1261
239290 237708 1261
239290 237708 1261
239290 237708 1261
239290 237708 1261
239290 237708 1261
239290 237708 1261
233904 14923 1262
233904 14923 1262
233904 14923 1262
233904 14923 1262
233904 14923 1262
233904 14923 1262
233904 14923 1262
233904 14923 1262
233904 14923 1262
233904 14923 1262
233904 14923 1262
233904 14923 1262
229867 230101 1262
229867 230101 1262
229867 230101 1262
229867 230101 1262
229867 230101 1262
229867 230101 1262
229867 230101 1262
229867 230101 1262
229867 230101 1262
229867 230101 1262
229867 230101 1262
229867 230101 1262
270401 282574 1265
270401 282574 1265
270401 282574 1265
270401 282574 1265
270401 282574 1265
270401 282574 1265
270401 282574 1265
270401 282574 1265
270401 282574 1265
270401 282574 1265
270401 282574 1265
270401 282574 1265
270401 282574 1265
270401 282574 1266
270401 282574 1266
270401 282574 1266
270401 282574 1266
270401 282574 1266
270401 282574 1266
270401 282574 1266
270401 282574 1266
270401 282574 1266
270401 282574 1266
270401 282574 1266
270401 282574 1266
270401 282574 1266
247512 237360 1267
247512 237360 1267
247512 237360 1267
247512 237360 1267
247512 237360 1267
247512 237360 1267
247512 237360 1267
247512 237360 1267
247512 237360 1267
247512 237360 1267
247512 237360 1267
247512 237360 1267
247512 237360 1267
203685 190955 1267
203685 190955 1267
203685 190955 1267
203685 190955 1267
203685 190955 1267
203685 190955 1267
203685 190955 1267
203685 190955 1267
203685 190955 1267
203685 190955 1267
203685 190955 1267
203685 190955 1267
228174 251928 1269
228174 251928 1269
228174 251928 1269
228174 251928 1269
228174 251928 1269
228174 251928 1269
228174 251928 1269
228174 251928 1269
228174 251928 1269
228174 251928 1269
228174 251928 1269
228174 251928 1269
228174 251928 1269
227281 242543 1270
227281 242543 1270
227281 242543 1270
227281 242543 1270
227281 242543 1270
227281 242543 1270
227281 242543 1270
227281 242543 1270
227281 242543 1270
227281 242543 1270
227281 242543 1270
227281 242543 1270
227281 242543 1270
238725 231274 1270
238725 231274 1270
238725 231274 1270
238725 231274 1270
238725 231274 1270
238725 231274 1270
238725 231274 1270
238725 231274 1270
238725 231274 1270
238725 231274 1270
238725 231274 1270
238725 231274 1270
225957 238254 1270
225957 238254 1270
225957 238254 1270
225957 238254 1270
225957 238254 1270
225957 238254 1270
225957 238254 1270
225957 238254 1270
225957 238254 1270
225957 238254 1270
225957 238254 1270
225957 238254 1270
225957 238254 1270
152785 236089 1271
152785 236089 1271
152785 236089 1271
152785 236089 1271
152785 236089 1271
152785 236089 1271
152785 236089 1271
152785 236089 1271
152785 236089 1271
152785 236089 1271
152785 236089 1271
152785 236089 1271
152785 236089 1271
228148 274609 1271
228148 274609 1271
228148 274609 1271
228148 274609 1271
228148 274609 1271
228148 274609 1271
228148 274609 1271
228148 274609 1271
228148 274609 1271
228148 274609 1271
228148 274609 1271
228148 274609 1271
228148 274609 1271
174464 265841 1271
174464 265841 1271
174464 265841 1271
174464 265841 1271
174464 265841 1271
174464 265841 1271
174464 265841 1271
174464 265841 1271
174464 265841 1271
174464 265841 1271
174464 265841 1271
174464 265841 1271
174464 265841 1271
235110 243511 1271
235110 243511 1271
235110 243511 1271
235110 243511 1271
235110 243511 1271
235110 243511 1271
235110 243511 1271
235110 243511 1271
235110 243511 1271
235110 243511 1271
235110 243511 1271
235110 243511 1271
235110 243511 1271
190743 193793 1271
190743 193793 1271
190743 193793 1271
190743 193793 1271
190743 193793 1271
190743 193793 1271
190743 193793 1271
190743 193793 1271
190743 193793 1271
190743 193793 1271
190743 193793 1271
190743 193793 1271
190743 193793 1271
284556 9116 1272
284556 9116 1272
284556 9116 1272
284556 9116 1272
284556 9116 1272
284556 9116 1272
284556 9116 1272
284556 9116 1272
284556 9116 1272
284556 9116 1272
284556 9116 1272
284556 9116 1272
284556 9116 1272
235690 251936 1272
235690 251936 1272
235690 251936 1272
235690 251936 1272
235690 251936 1272
235690 251936 1272
235690 251936 1272
235690 251936 1272
235690 251936 1272
235690 251936 1272
235690 251936 1272
235690 251936 1272
235690 251936 1272
227098 267933 1273
227098 267933 1273
227098 267933 1273
227098 267933 1273
227098 267933 1273
227098 267933 1273
227098 267933 1273
227098 267933 1273
227098 267933 1273
227098 267933 1273
227098 267933 1273
227098 267933 1273
233589 225931 1273
233589 225931 1273
233589 225931 1273
233589 225931 1273
233589 225931 1273
233589 225931 1273
233589 225931 1273
233589 225931 1273
233589 225931 1273
233589 225931 1273
233589 225931 1273
233589 225931 1273
233589 225931 1273
228398 238720 1273
228398 238720 1273
228398 238720 1273
228398 238720 1273
228398 238720 1273
228398 238720 1273
228398 238720 1273
228398 238720 1273
228398 238720 1273
228398 238720 1273
228398 238720 1273
228398 238720 1273
228398 238720 1273
285272 165338 1274
285272 165338 1274
285272 165338 1274
285272 165338 1274
285272 165338 1274
285272 165338 1274
285272 165338 1274
285272 165338 1274
285272 165338 1274
285272 165338 1274
285272 165338 1274
285272 165338 1274
242444 226271 1275
242444 226271 1275
242444 226271 1275
242444 226271 1275
242444 226271 1275
242444 226271 1275
242444 226271 1275
242444 226271 1275
242444 226271 1275
242444 226271 1275
242444 226271 1275
242444 226271 1275
242444 226271 1275
226247 236065 1275
226247 236065 1275
226247 236065 1275
226247 236065 1275
226247 236065 1275
226247 236065 1275
226247 236065 1275
226247 236065 1275
226247 236065 1275
226247 236065 1275
226247 236065 1275
226247 236065 1275
226247 236065 1275
200260 203453 1275
200260 203453 1275
200260 203453 1275
200260 203453 1275
200260 203453 1275
200260 203453 1275
200260 203453 1275
200260 203453 1275
200260 203453 1275
200260 203453 1275
200260 203453 1275
200260 203453 1275
236105 235013 1275
236105 235013 1275
236105 235013 1275
236105 235013 1275
236105 235013 1275
236105 235013 1275
236105 235013 1275
236105 235013 1275
236105 235013 1275
236105 235013 1275
236105 235013 1275
236105 235013 1275
236105 235013 1275
294272 246021 1276
294272 246021 1276
294272 246021 1276
294272 246021 1276
294272 246021 1276
294272 246021 1276
294272 246021 1276
294272 246021 1276
294272 246021 1276
294272 246021 1276
294272 246021 1276
294272 246021 1276
227074 251928 1277
227074 251928 1277
227074 251928 1277
227074 251928 1277
227074 251928 1277
227074 251928 1277
227074 251928 1277
227074 251928 1277
227074 251928 1277
227074 251928 1277
227074 251928 1277
227074 251928 1277
227074 251928 1277
236157 227650 1278
236157 227650 1278
236157 227650 1278
236157 227650 1278
236157 227650 1278
236157 227650 1278
236157 227650 1278
236157 227650 1278
236157 227650 1278
236157 227650 1278
236157 227650 1278
236157 227650 1278
232898 228034 1278
232898 228034 1278
232898 228034 1278
232898 228034 1278
232898 228034 1278
232898 228034 1278
232898 228034 1278
232898 228034 1278
232898 228034 1278
232898 228034 1278
232898 228034 1278
232898 228034 1278
232898 228034 1278
184487 183763 1279
184487 183763 1279
184487 183763 1279
184487 183763 1279
184487 183763 1279
184487 183763 1279
184487 183763 1279
184487 183763 1279
184487 183763 1279
184487 183763 1279
184487 183763 1279
184487 183763 1279
282890 246114 1279
282890 246114 1279
282890 246114 1279
282890 246114 1279
282890 246114 1279
282890 246114 1279
282890 246114 1279
282890 246114 1279
282890 246114 1279
282890 246114 1279
282890 246114 1279
282890 246114 1279
9117 294268 1279
9117 294268 1279
9117 294268 1279
9117 294268 1279
9117 294268 1279
9117 294268 1279
9117 294268 1279
9117 294268 1279
9117 294268 1279
9117 294268 1279
9117 294268 1279
9117 294268 1279
9117 294268 1279
187715 198574 1279
187715 198574 1279
187715 198574 1279
187715 198574 1279
187715 198574 1279
187715 198574 1279
187715 198574 1279
187715 198574 1279
187715 198574 1279
187715 198574 1279
187715 198574 1279
187715 198574 1279
237366 227112 1280
237366 227112 1280
237366 227112 1280
237366 227112 1280
237366 227112 1280
237366 227112 1280
237366 227112 1280
237366 227112 1280
237366 227112 1280
237366 227112 1280
237366 227112 1280
237366 227112 1280
237366 227112 1280
228174 251928 1280
228174 251928 1280
228174 251928 1280
228174 251928 1280
228174 251928 1280
228174 251928 1280
228174 251928 1280
228174 251928 1280
228174 251928 1280
228174 251928 1280
228174 251928 1280
228174 251928 1280
228174 251928 1280
233584 173843 1281
233584 173843 1281
233584 173843 1281
233584 173843 1281
233584 173843 1281
233584 173843 1281
233584 173843 1281
233584 173843 1281
233584 173843 1281
233584 173843 1281
233584 173843 1281
233584 173843 1281
233584 173843 1281
235790 235687 1283
235790 235687 1283
235790 235687 1283
235790 235687 1283
235790 235687 1283
235790 235687 1283
235790 235687 1283
235790 235687 1283
235790 235687 1283
235790 235687 1283
235790 235687 1283
235790 235687 1283
177292 190973 1285
177292 190973 1285
177292 190973 1285
177292 190973 1285
177292 190973 1285
177292 190973 1285
177292 190973 1285
177292 190973 1285
177292 190973 1285
177292 190973 1285
177292 190973 1285
177292 190973 1285
184487 183763 1285
184487 183763 1285
184487 183763 1285
184487 183763 1285
184487 183763 1285
184487 183763 1285
184487 183763 1285
184487 183763 1285
184487 183763 1285
184487 183763 1285
184487 183763 1285
184487 183763 1285
289042 265936 1285
289042 265936 1285
289042 265936 1285
289042 265936 1285
289042 265936 1285
289042 265936 1285
289042 265936 1285
289042 265936 1285
289042 265936 1285
289042 265936 1285
289042 265936 1285
289042 265936 1285
240909 226785 1285
240909 226785 1285
240909 226785 1285
240909 226785 1285
240909 226785 1285
240909 226785 1285
240909 226785 1285
240909 226785 1285
240909 226785 1285
240909 226785 1285
240909 226785 1285
240909 226785 1285
226455 242425 1286
226455 242425 1286
226455 242425 1286
226455 242425 1286
226455 242425 1286
226455 242425 1286
226455 242425 1286
226455 242425 1286
226455 242425 1286
226455 242425 1286
226455 242425 1286
226455 242425 1286
198063 190973 1286
198063 190973 1286
198063 190973 1286
198063 190973 1286
198063 190973 1286
198063 190973 1286
198063 190973 1286
198063 190973 1286
198063 190973 1286
198063 190973 1286
198063 190973 1286
198063 190973 1286
160250 184184 1286
160250 184184 1286
160250 184184 1286
160250 184184 1286
160250 184184 1286
160250 184184 1286
160250 184184 1286
160250 184184 1286
160250 184184 1286
160250 184184 1286
160250 184184 1286
160250 184184 1286
160250 184184 1286
227068 160292 1286
227068 160292 1286
227068 160292 1286
227068 160292 1286
227068 160292 1286
227068 160292 1286
227068 160292 1286
227068 160292 1286
227068 160292 1286
227068 160292 1286
227068 160292 1286
227068 160292 1286
202028 186852 1286
202028 186852 1286
202028 186852 1286
202028 186852 1286
202028 186852 1286
202028 186852 1286
202028 186852 1286
202028 186852 1286
202028 186852 1286
202028 186852 1286
202028 186852 1286
202028 186852 1286
236519 237846 1287
236519 237846 1287
236519 237846 1287
236519 237846 1287
236519 237846 1287
236519 237846 1287
236519 237846 1287
236519 237846 1287
236519 237846 1287
236519 237846 1287
236519 237846 1287
236519 237846 1287
236519 237846 1287
239189 289528 1288
239189 289528 1288
239189 289528 1288
239189 289528 1288
239189 289528 1288
239189 289528 1288
239189 289528 1288
239189 289528 1288
239189 289528 1288
239189 289528 1288
239189 289528 1288
239189 289528 1288
11144 4570 1288
11144 4570 1288
11144 4570 1288
11144 4570 1288
11144 4570 1288
11144 4570 1288
11144 4570 1288
11144 4570 1288
11144 4570 1288
11144 4570 1288
11144 4570 1288
11144 4570 1288
235658 229511 1290
235658 229511 1290
235658 229511 1290
235658 229511 1290
235658 229511 1290
235658 229511 1290
235658 229511 1290
235658 229511 1290
235658 229511 1290
235658 229511 1290
235658 229511 1290
235658 229511 1290
289528 293377 1290
289528 293377 1290
289528 293377 1290
289528 293377 1290
289528 293377 1290
289528 293377 1290
289528 293377 1290
289528 293377 1290
289528 293377 1290
289528 293377 1290
289528 293377 1290
289528 293377 1290
159647 190759 1290
159647 190759 1290
159647 190759 1290
159647 190759 1290
159647 190759 1290
159647 190759 1290
159647 190759 1290
159647 190759 1290
159647 190759 1290
159647 190759 1290
159647 190759 1290
159647 190759 1290
237090 232697 1292
237090 232697 1292
237090 232697 1292
237090 232697 1292
237090 232697 1292
237090 232697 1292
237090 232697 1292
237090 232697 1292
237090 232697 1292
237090 232697 1292
237090 232697 1292
237090 232697 1292
226527 231025 1292
226527 231025 1292
226527 231025 1292
226527 231025 1292
226527 231025 1292
226527 231025 1292
226527 231025 1292
226527 231025 1292
226527 231025 1292
226527 231025 1292
226527 231025 1292
226527 231025 1292
226527 231025 1292
293359 184797 1292
293359 184797 1292
293359 184797 1292
293359 184797 1292
293359 184797 1292
293359 184797 1292
293359 184797 1292
293359 184797 1292
293359 184797 1292
293359 184797 1292
293359 184797 1292
293359 184797 1292
237846 204226 1292
237846 204226 1292
237846 204226 1292
237846 204226 1292
237846 204226 1292
237846 204226 1292
237846 204226 1292
237846 204226 1292
237846 204226 1292
237846 204226 1292
237846 204226 1292
237846 204226 1292
237846 204226 1292
183756 160250 1292
183756 160250 1292
183756 160250 1292
183756 160250 1292
183756 160250 1292
183756 160250 1292
183756 160250 1292
183756 160250 1292
183756 160250 1292
183756 160250 1292
183756 160250 1292
183756 160250 1292
183756 160250 1292
208266 227076 1294
208266 227076 1294
208266 227076 1294
208266 227076 1294
208266 227076 1294
208266 227076 1294
208266 227076 1294
208266 227076 1294
208266 227076 1294
208266 227076 1294
208266 227076 1294
208266 227076 1294
236939 160289 1294
236939 160289 1294
236939 160289 1294
236939 160289 1294
236939 160289 1294
236939 160289 1294
236939 160289 1294
236939 160289 1294
236939 160289 1294
236939 160289 1294
236939 160289 1294
236939 160289 1294
225669 230729 1294
225669 230729 1294
225669 230729 1294
225669 230729 1294
225669 230729 1294
225669 230729 1294
225669 230729 1294
225669 230729 1294
225669 230729 1294
225669 230729 1294
225669 230729 1294
225669 230729 1294
294569 229521 1296
294569 229521 1296
294569 229521 1296
294569 229521 1296
294569 229521 1296
294569 229521 1296
294569 229521 1296
294569 229521 1296
294569 229521 1296
294569 229521 1296
294569 229521 1296
294569 229521 1296
294569 229521 1296
225931 173814 1297
225931 173814 1297
225931 173814 1297
225931 173814 1297
225931 173814 1297
225931 173814 1297
225931 173814 1297
225931 173814 1297
225931 173814 1297
225931 173814 1297
225931 173814 1297
225931 173814 1297
235658 236851 1298
235658 236851 1298
235658 236851 1298
235658 236851 1298
235658 236851 1298
235658 236851 1298
235658 236851 1298
235658 236851 1298
235658 236851 1298
235658 236851 1298
235658 236851 1298
235658 236851 1298
14813 245944 1302
14813 245944 1302
14813 245944 1302
14813 245944 1302
14813 245944 1302
14813 245944 1302
14813 245944 1302
14813 245944 1302
14813 245944 1302
14813 245944 1302
14813 245944 1302
14813 245944 1302
243697 233461 1303
243697 233461 1303
243697 233461 1303
243697 233461 1303
243697 233461 1303
243697 233461 1303
243697 233461 1303
243697 233461 1303
243697 233461 1303
243697 233461 1303
243697 233461 1303
243697 233461 1303
239179 227254 1303
239179 227254 1303
239179 227254 1303
239179 227254 1303
239179 227254 1303
239179 227254 1303
239179 227254 1303
239179 227254 1303
239179 227254 1303
239179 227254 1303
239179 227254 1303
239179 227254 1303
285387 4558 1303
285387 4558 1303
285387 4558 1303
285387 4558 1303
285387 4558 1303
285387 4558 1303
285387 4558 1303
285387 4558 1303
285387 4558 1303
285387 4558 1303
285387 4558 1303
285387 4558 1303
285387 4558 1303
187722 190964 1304
187722 190964 1304
187722 190964 1304
187722 190964 1304
187722 190964 1304
187722 190964 1304
187722 190964 1304
187722 190964 1304
187722 190964 1304
187722 190964 1304
187722 190964 1304
187722 190964 1304
231496 232707 1304
231496 232707 1304
231496 232707 1304
231496 232707 1304
231496 232707 1304
231496 232707 1304
231496 232707 1304
231496 232707 1304
231496 232707 1304
231496 232707 1304
231496 232707 1304
231496 232707 1304
227689 155156 1309
227689 155156 1309
227689 155156 1309
227689 155156 1309
227689 155156 1309
227689 155156 1309
227689 155156 1309
227689 155156 1309
227689 155156 1309
227689 155156 1309
227689 155156 1309
227689 155156 1309
289101 294549 1310
289101 294549 1310
289101 294549 1310
289101 294549 1310
289101 294549 1310
289101 294549 1310
289101 294549 1310
289101 294549 1310
289101 294549 1310
289101 294549 1310
289101 294549 1310
289101 294549 1310
239754 285375 1312
239754 285375 1312
239754 285375 1312
239754 285375 1312
239754 285375 1312
239754 285375 1312
239754 285375 1312
239754 285375 1312
239754 285375 1312
239754 285375 1312
239754 285375 1312
239754 285375 1312
265637 245985 1313
265637 245985 1313
265637 245985 1313
265637 245985 1313
265637 245985 1313
265637 245985 1313
265637 245985 1313
265637 245985 1313
265637 245985 1313
265637 245985 1313
265637 245985 1313
265637 245985 1313
237335 265841 1314
237335 265841 1314
237335 265841 1314
237335 265841 1314
237335 265841 1314
237335 265841 1314
237335 265841 1314
237335 265841 1314
237335 265841 1314
237335 265841 1314
237335 265841 1314
237335 265841 1314
236478 160292 1314
236478 160292 1314
236478 160292 1314
236478 160292 1314
236478 160292 1314
236478 160292 1314
236478 160292 1314
236478 160292 1314
236478 160292 1314
236478 160292 1314
236478 160292 1314
236478 160292 1314
236478 160292 1314
293343 245985 1314
293343 245985 1314
293343 245985 1314
293343 245985 1314
293343 245985 1314
293343 245985 1314
293343 245985 1314
293343 245985 1314
293343 245985 1314
293343 245985 1314
293343 245985 1314
293343 245985 1314
293343 245985 1314
183756 175934 1317
183756 175934 1317
183756 175934 1317
183756 175934 1317
183756 175934 1317
183756 175934 1317
183756 175934 1317
183756 175934 1317
183756 175934 1317
183756 175934 1317
183756 175934 1317
183756 175934 1317
183756 175934 1317
252680 285375 1319
252680 285375 1319
252680 285375 1319
252680 285375 1319
252680 285375 1319
252680 285375 1319
252680 285375 1319
252680 285375 1319
252680 285375 1319
252680 285375 1319
252680 285375 1319
252680 285375 1319
236138 232961 1322
236138 232961 1322
236138 232961 1322
236138 232961 1322
236138 232961 1322
236138 232961 1322
236138 232961 1322
236138 232961 1322
236138 232961 1322
236138 232961 1322
236138 232961 1322
236138 232961 1322
236138 232961 1322
191589 10596 1322
191589 10596 1322
191589 10596 1322
191589 10596 1322
191589 10596 1322
191589 10596 1322
191589 10596 1322
191589 10596 1322
191589 10596 1322
191589 10596 1322
191589 10596 1322
191589 10596 1322
191589 10596 1322
230383 227828 1324
230383 227828 1324
230383 227828 1324
230383 227828 1324
230383 227828 1324
230383 227828 1324
230383 227828 1324
230383 227828 1324
230383 227828 1324
230383 227828 1324
230383 227828 1324
230383 227828 1324
230383 227828 1324
238228 188295 1324
238228 188295 1324
238228 188295 1324
238228 188295 1324
238228 188295 1324
238228 188295 1324
238228 188295 1324
238228 188295 1324
238228 188295 1324
238228 188295 1324
238228 188295 1324
238228 188295 1324
238228 188295 1324
237952 188295 1325
237952 188295 1325
237952 188295 1325
237952 188295 1325
237952 188295 1325
237952 188295 1325
237952 188295 1325
237952 188295 1325
237952 188295 1325
237952 188295 1325
237952 188295 1325
237952 188295 1325
237952 188295 1325
230407 155156 1326
230407 155156 1326
230407 155156 1326
230407 155156 1326
230407 155156 1326
230407 155156 1326
230407 155156 1326
230407 155156 1326
230407 155156 1326
230407 155156 1326
230407 155156 1326
230407 155156 1326
230407 155156 1326
194052 152785 1326
194052 152785 1326
194052 152785 1326
194052 152785 1326
194052 152785 1326
194052 152785 1326
194052 152785 1326
194052 152785 1326
194052 152785 1326
194052 152785 1326
194052 152785 1326
194052 152785 1326
194052 152785 1326
238631 251936 1327
238631 251936 1327
238631 251936 1327
238631 251936 1327
238631 251936 1327
238631 251936 1327
238631 251936 1327
238631 251936 1327
238631 251936 1327
238631 251936 1327
238631 251936 1327
238631 251936 1327
238631 251936 1327
230701 232697 1327
230701 232697 1327
230701 232697 1327
230701 232697 1327
230701 232697 1327
230701 232697 1327
230701 232697 1327
230701 232697 1327
230701 232697 1327
230701 232697 1327
230701 232697 1327
230701 232697 1327
208315 176251 1330
208315 176251 1330
208315 176251 1330
208315 176251 1330
208315 176251 1330
208315 176251 1330
208315 176251 1330
208315 176251 1330
208315 176251 1330
208315 176251 1330
208315 176251 1330
208315 176251 1330
231024 225614 1332
231024 225614 1332
231024 225614 1332
231024 225614 1332
231024 225614 1332
231024 225614 1332
231024 225614 1332
231024 225614 1332
231024 225614 1332
231024 225614 1332
231024 225614 1332
231024 225614 1332
231024 225614 1332
227556 227260 1332
227556 227260 1332
227556 227260 1332
227556 227260 1332
227556 227260 1332
227556 227260 1332
227556 227260 1332
227556 227260 1332
227556 227260 1332
227556 227260 1332
227556 227260 1332
227556 227260 1332
227556 227260 1332
190992 187574 1334
190992 187574 1334
190992 187574 1334
190992 187574 1334
190992 187574 1334
190992 187574 1334
190992 187574 1334
190992 187574 1334
190992 187574 1334
190992 187574 1334
190992 187574 1334
190992 187574 1334
265906 262514 1335
265906 262514 1335
265906 262514 1335
265906 262514 1335
265906 262514 1335
265906 262514 1335
265906 262514 1335
265906 262514 1335
265906 262514 1335
265906 262514 1335
265906 262514 1335
265906 262514 1335
291426 245996 1337
291426 245996 1337
291426 245996 1337
291426 245996 1337
291426 245996 1337
291426 245996 1337
291426 245996 1337
291426 245996 1337
291426 245996 1337
291426 245996 1337
291426 245996 1337
291426 245996 1337
291426 245996 1337
262497 14812 1338
262497 14812 1338
262497 14812 1338
262497 14812 1338
262497 14812 1338
262497 14812 1338
262497 14812 1338
262497 14812 1338
262497 14812 1338
262497 14812 1338
262497 14812 1338
262497 14812 1338
250695 246083 1339
250695 246083 1339
250695 246083 1339
250695 246083 1339
250695 246083 1339
250695 246083 1339
250695 246083 1339
250695 246083 1339
250695 246083 1339
250695 246083 1339
250695 246083 1339
250695 246083 1339
250695 246083 1339
268490 243457 1340
268490 243457 1340
268490 243457 1340
268490 243457 1340
268490 243457 1340
268490 243457 1340
268490 243457 1340
268490 243457 1340
268490 243457 1340
268490 243457 1340
268490 243457 1340
268490 243457 1340
289056 14812 1341
289056 14812 1341
289056 14812 1341
289056 14812 1341
289056 14812 1341
289056 14812 1341
289056 14812 1341
289056 14812 1341
289056 14812 1341
289056 14812 1341
289056 14812 1341
289056 14812 1341
237843 176253 1343
237843 176253 1343
237843 176253 1343
237843 176253 1343
237843 176253 1343
237843 176253 1343
237843 176253 1343
237843 176253 1343
237843 176253 1343
237843 176253 1343
237843 176253 1343
237843 176253 1343
209449 11037 1344
209449 11037 1344
209449 11037 1344
209449 11037 1344
209449 11037 1344
209449 11037 1344
209449 11037 1344
209449 11037 1344
209449 11037 1344
209449 11037 1344
209449 11037 1344
209449 11037 1344
209449 11037 1344
203453 178773 1346
203453 178773 1346
203453 178773 1346
203453 178773 1346
203453 178773 1346
203453 178773 1346
203453 178773 1346
203453 178773 1346
203453 178773 1346
203453 178773 1346
203453 178773 1346
203453 178773 1346
204226 201027 1347
204226 201027 1347
204226 201027 1347
204226 201027 1347
204226 201027 1347
204226 201027 1347
204226 201027 1347
204226 201027 1347
204226 201027 1347
204226 201027 1347
204226 201027 1347
204226 201027 1347
204226 201027 1347
193058 176284 1348
193058 176284 1348
193058 176284 1348
193058 176284 1348
193058 176284 1348
193058 176284 1348
193058 176284 1348
193058 176284 1348
193058 176284 1348
193058 176284 1348
193058 176284 1348
193058 176284 1348
195050 152785 1350
195050 152785 1350
195050 152785 1350
195050 152785 1350
195050 152785 1350
195050 152785 1350
195050 152785 1350
195050 152785 1350
195050 152785 1350
195050 152785 1350
195050 152785 1350
195050 152785 1350
195050 152785 1350
227063 294595 1350
227063 294595 1350
227063 294595 1350
227063 294595 1350
227063 294595 1350
227063 294595 1350
227063 294595 1350
227063 294595 1350
227063 294595 1350
227063 294595 1350
227063 294595 1350
227063 294595 1350
238571 235657 1351
238571 235657 1351
238571 235657 1351
238571 235657 1351
238571 235657 1351
238571 235657 1351
238571 235657 1351
238571 235657 1351
238571 235657 1351
238571 235657 1351
238571 235657 1351
238571 235657 1351
238571 235657 1351
196008 194427 1351
196008 194427 1351
196008 194427 1351
196008 194427 1351
196008 194427 1351
196008 194427 1351
196008 194427 1351
196008 194427 1351
196008 194427 1351
196008 194427 1351
196008 194427 1351
196008 194427 1351
230705 243708 1351
230705 243708 1351
230705 243708 1351
230705 243708 1351
230705 243708 1351
230705 243708 1351
230705 243708 1351
230705 243708 1351
230705 243708 1351
230705 243708 1351
230705 243708 1351
230705 243708 1351
230705 243708 1351
242114 226967 1351
242114 226967 1351
242114 226967 1351
242114 226967 1351
242114 226967 1351
242114 226967 1351
242114 226967 1351
242114 226967 1351
242114 226967 1351
242114 226967 1351
242114 226967 1351
242114 226967 1351
242114 226967 1351
228457 227541 1351
228457 227541 1351
228457 227541 1351
228457 227541 1351
228457 227541 1351
228457 227541 1351
228457 227541 1351
228457 227541 1351
228457 227541 1351
228457 227541 1351
228457 227541 1351
228457 227541 1351
228457 227541 1351
236136 226455 1353
236136 226455 1353
236136 226455 1353
236136 226455 1353
236136 226455 1353
236136 226455 1353
236136 226455 1353
236136 226455 1353
236136 226455 1353
236136 226455 1353
236136 226455 1353
236136 226455 1353
236136 226455 1353
230413 236913 1353
230413 236913 1353
230413 236913 1353
230413 236913 1353
230413 236913 1353
230413 236913 1353
230413 236913 1353
230413 236913 1353
230413 236913 1353
230413 236913 1353
230413 236913 1353
230413 236913 1353
237843 188294 1356
237843 188294 1356
237843 188294 1356
237843 188294 1356
237843 188294 1356
237843 188294 1356
237843 188294 1356
237843 188294 1356
237843 188294 1356
237843 188294 1356
237843 188294 1356
237843 188294 1356
237843 188294 1356
239754 288656 1358
239754 288656 1358
239754 288656 1358
239754 288656 1358
239754 288656 1358
239754 288656 1358
239754 288656 1358
239754 288656 1358
239754 288656 1358
239754 288656 1358
239754 288656 1358
239754 288656 1358
239754 288656 1358
285354 283388 1360
285354 283388 1360
285354 283388 1360
285354 283388 1360
285354 283388 1360
285354 283388 1360
285354 283388 1360
285354 283388 1360
285354 283388 1360
285354 283388 1360
285354 283388 1360
285354 283388 1360
285354 283388 1360
289528 246054 1362
289528 246054 1362
289528 246054 1362
289528 246054 1362
289528 246054 1362
289528 246054 1362
289528 246054 1362
289528 246054 1362
289528 246054 1362
289528 246054 1362
289528 246054 1362
289528 246054 1362
234708 236897 1363
234708 236897 1363
234708 236897 1363
234708 236897 1363
234708 236897 1363
234708 236897 1363
234708 236897 1363
234708 236897 1363
234708 236897 1363
234708 236897 1363
234708 236897 1363
234708 236897 1363
234708 236897 1363
201024 193058 1363
201024 193058 1363
201024 193058 1363
201024 193058 1363
201024 193058 1363
201024 193058 1363
201024 193058 1363
201024 193058 1363
201024 193058 1363
201024 193058 1363
201024 193058 1363
201024 193058 1363
201024 193058 1363
239001 191679 1364
239001 191679 1364
239001 191679 1364
239001 191679 1364
239001 191679 1364
239001 191679 1364
239001 191679 1364
239001 191679 1364
239001 191679 1364
239001 191679 1364
239001 191679 1364
239001 191679 1364
239001 191679 1364
232719 225614 1364
232719 225614 1364
232719 225614 1364
232719 225614 1364
232719 225614 1364
232719 225614 1364
232719 225614 1364
232719 225614 1364
232719 225614 1364
232719 225614 1364
232719 225614 1364
232719 225614 1364
232719 225614 1364
230956 228135 1367
230956 228135 1367
230956 228135 1367
230956 228135 1367
230956 228135 1367
230956 228135 1367
230956 228135 1367
230956 228135 1367
230956 228135 1367
230956 228135 1367
230956 228135 1367
230956 228135 1367
283400 270405 1368
283400 270405 1368
283400 270405 1368
283400 270405 1368
283400 270405 1368
283400 270405 1368
283400 270405 1368
283400 270405 1368
283400 270405 1368
283400 270405 1368
283400 270405 1368
283400 270405 1368
10375 190794 1369
10375 190794 1369
10375 190794 1369
10375 190794 1369
10375 190794 1369
10375 190794 1369
10375 190794 1369
10375 190794 1369
10375 190794 1369
10375 190794 1369
10375 190794 1369
10375 190794 1369
246134 295220 1370
246134 295220 1370
246134 295220 1370
246134 295220 1370
246134 295220 1370
246134 295220 1370
246134 295220 1370
246134 295220 1370
246134 295220 1370
246134 295220 1370
246134 295220 1370
246134 295220 1370
285276 150250 1371
285276 150250 1371
285276 150250 1371
285276 150250 1371
285276 150250 1371
285276 150250 1371
285276 150250 1371
285276 150250 1371
285276 150250 1371
285276 150250 1371
285276 150250 1371
285276 150250 1371
285276 150250 1371
243449 243526 1374
243449 243526 1374
243449 243526 1374
243449 243526 1374
243449 243526 1374
243449 243526 1374
243449 243526 1374
243449 243526 1374
243449 243526 1374
243449 243526 1374
243449 243526 1374
243449 243526 1374
243449 243526 1374
191015 199336 1374
191015 199336 1374
191015 199336 1374
191015 199336 1374
191015 199336 1374
191015 199336 1374
191015 199336 1374
191015 199336 1374
191015 199336 1374
191015 199336 1374
191015 199336 1374
191015 199336 1374
288557 282516 1374
288557 282516 1374
288557 282516 1374
288557 282516 1374
288557 282516 1374
288557 282516 1374
288557 282516 1374
288557 282516 1374
288557 282516 1374
288557 282516 1374
288557 282516 1374
288557 282516 1374
288557 282516 1374
188440 193100 1377
188440 193100 1377
188440 193100 1377
188440 193100 1377
188440 193100 1377
188440 193100 1377
188440 193100 1377
188440 193100 1377
188440 193100 1377
188440 193100 1377
188440 193100 1377
188440 193100 1377
188440 193100 1377
190739 190398 1377
190739 190398 1377
190739 190398 1377
190739 190398 1377
190739 190398 1377
190739 190398 1377
190739 190398 1377
190739 190398 1377
190739 190398 1377
190739 190398 1377
190739 190398 1377
190739 190398 1377
242141 226465 1378
242141 226465 1378
242141 226465 1378
242141 226465 1378
242141 226465 1378
242141 226465 1378
242141 226465 1378
242141 226465 1378
242141 226465 1378
242141 226465 1378
242141 226465 1378
242141 226465 1378
242141 226465 1378
240623 286614 1378
240623 286614 1378
240623 286614 1378
240623 286614 1378
240623 286614 1378
240623 286614 1378
240623 286614 1378
240623 286614 1378
240623 286614 1378
240623 286614 1378
240623 286614 1378
240623 286614 1378
150216 295156 1378
150216 295156 1378
150216 295156 1378
150216 295156 1378
150216 295156 1378
150216 295156 1378
150216 295156 1378
150216 295156 1378
150216 295156 1378
150216 295156 1378
150216 295156 1378
150216 295156 1378
150216 295156 1378
226971 281478 1379
226971 281478 1379
226971 281478 1379
226971 281478 1379
226971 281478 1379
226971 281478 1379
226971 281478 1379
226971 281478 1379
226971 281478 1379
226971 281478 1379
226971 281478 1379
226971 281478 1379
226971 281478 1379
233585 268888 1383
233585 268888 1383
233585 268888 1383
233585 268888 1383
233585 268888 1383
233585 268888 1383
233585 268888 1383
233585 268888 1383
233585 268888 1383
233585 268888 1383
233585 268888 1383
233585 268888 1383
233585 268888 1383
227270 235683 1383
227270 235683 1383
227270 235683 1383
227270 235683 1383
227270 235683 1383
227270 235683 1383
227270 235683 1383
227270 235683 1383
227270 235683 1383
227270 235683 1383
227270 235683 1383
227270 235683 1383
230956 228135 1383
230956 228135 1383
230956 228135 1383
230956 228135 1383
230956 228135 1383
230956 228135 1383
230956 228135 1383
230956 228135 1383
230956 228135 1383
230956 228135 1383
230956 228135 1383
230956 228135 1383
160288 10995 1385
160288 10995 1385
160288 10995 1385
160288 10995 1385
160288 10995 1385
160288 10995 1385
160288 10995 1385
160288 10995 1385
160288 10995 1385
160288 10995 1385
160288 10995 1385
160288 10995 1385
160288 10995 1385
188270 170593 1388
188270 170593 1388
188270 170593 1388
188270 170593 1388
188270 170593 1388
188270 170593 1388
188270 170593 1388
188270 170593 1388
188270 170593 1388
188270 170593 1388
188270 170593 1388
188270 170593 1388
227264 231018 1388
227264 231018 1388
227264 231018 1388
227264 231018 1388
227264 231018 1388
227264 231018 1388
227264 231018 1388
227264 231018 1388
227264 231018 1388
227264 231018 1388
227264 231018 1388
227264 231018 1388
227264 231018 1388
192983 11141 1389
192983 11141 1389
192983 11141 1389
192983 11141 1389
192983 11141 1389
192983 11141 1389
192983 11141 1389
192983 11141 1389
192983 11141 1389
192983 11141 1389
192983 11141 1389
192983 11141 1389
192983 11141 1389
10375 160288 1390
10375 160288 1390
10375 160288 1390
10375 160288 1390
10375 160288 1390
10375 160288 1390
10375 160288 1390
10375 160288 1390
10375 160288 1390
10375 160288 1390
10375 160288 1390
10375 160288 1390
242073 231019 1391
242073 231019 1391
242073 231019 1391
242073 231019 1391
242073 231019 1391
242073 231019 1391
242073 231019 1391
242073 231019 1391
242073 231019 1391
242073 231019 1391
242073 231019 1391
242073 231019 1391
242073 231019 1391
232831 235796 1391
232831 235796 1391
232831 235796 1391
232831 235796 1391
232831 235796 1391
232831 235796 1391
232831 235796 1391
232831 235796 1391
232831 235796 1391
232831 235796 1391
232831 235796 1391
232831 235796 1391
232831 235796 1391
191592 10375 1391
191592 10375 1391
191592 10375 1391
191592 10375 1391
191592 10375 1391
191592 10375 1391
191592 10375 1391
191592 10375 1391
191592 10375 1391
191592 10375 1391
191592 10375 1391
191592 10375 1391
289032 11144 1393
289032 11144 1393
289032 11144 1393
289032 11144 1393
289032 11144 1393
289032 11144 1393
289032 11144 1393
289032 11144 1393
289032 11144 1393
289032 11144 1393
289032 11144 1393
289032 11144 1393
11141 233485 1393
11141 233485 1393
11141 233485 1393
11141 233485 1393
11141 233485 1393
11141 233485 1393
11141 233485 1393
11141 233485 1393
11141 233485 1393
11141 233485 1393
11141 233485 1393
11141 233485 1393
11141 233485 1393
173820 4644 1393
173820 4644 1393
173820 4644 1393
173820 4644 1393
173820 4644 1393
173820 4644 1393
173820 4644 1393
173820 4644 1393
173820 4644 1393
173820 4644 1393
173820 4644 1393
173820 4644 1393
236529 236088 1396
236529 236088 1396
236529 236088 1396
236529 236088 1396
236529 236088 1396
236529 236088 1396
236529 236088 1396
236529 236088 1396
236529 236088 1396
236529 236088 1396
236529 236088 1396
236529 236088 1396
251932 240685 1397
251932 240685 1397
251932 240685 1397
251932 240685 1397
251932 240685 1397
251932 240685 1397
251932 240685 1397
251932 240685 1397
251932 240685 1397
251932 240685 1397
251932 240685 1397
251932 240685 1397
251932 240685 1397
251995 225931 1397
251995 225931 1397
251995 225931 1397
251995 225931 1397
251995 225931 1397
251995 225931 1397
251995 225931 1397
251995 225931 1397
251995 225931 1397
251995 225931 1397
251995 225931 1397
251995 225931 1397
251995 225931 1397
190920 186852 1399
190920 186852 1399
190920 186852 1399
190920 186852 1399
190920 186852 1399
190920 186852 1399
190920 186852 1399
190920 186852 1399
190920 186852 1399
190920 186852 1399
190920 186852 1399
190920 186852 1399
190920 186852 1399
186904 206164 1400
186904 206164 1400
186904 206164 1400
186904 206164 1400
186904 206164 1400
186904 206164 1400
186904 206164 1400
186904 206164 1400
186904 206164 1400
186904 206164 1400
186904 206164 1400
186904 206164 1400
186904 206164 1400
252022 233608 1414
252022 233608 1414
252022 233608 1414
252022 233608 1414
252022 233608 1414
252022 233608 1414
252022 233608 1414
252022 233608 1414
252022 233608 1414
252022 233608 1414
252022 233608 1414
252022 233608 1414
235982 236914 1416
235982 236914 1416
235982 236914 1416
235982 236914 1416
235982 236914 1416
235982 236914 1416
235982 236914 1416
235982 236914 1416
235982 236914 1416
235982 236914 1416
235982 236914 1416
235982 236914 1416
230098 236914 1416
230098 236914 1416
230098 236914 1416
230098 236914 1416
230098 236914 1416
230098 236914 1416
230098 236914 1416
230098 236914 1416
230098 236914 1416
230098 236914 1416
230098 236914 1416
230098 236914 1416
230098 236914 1416
236878 236914 1416
236878 236914 1416
236878 236914 1416
236878 236914 1416
236878 236914 1416
236878 236914 1416
236878 236914 1416
236878 236914 1416
236878 236914 1416
236878 236914 1416
236878 236914 1416
236878 236914 1416
291733 237362 1416
291733 237362 1416
291733 237362 1416
291733 237362 1416
291733 237362 1416
291733 237362 1416
291733 237362 1416
291733 237362 1416
291733 237362 1416
291733 237362 1416
291733 237362 1416
291733 237362 1416
14800 227037 1417
14800 227037 1417
14800 227037 1417
14800 227037 1417
14800 227037 1417
14800 227037 1417
14800 227037 1417
14800 227037 1417
14800 227037 1417
14800 227037 1417
14800 227037 1417
14800 227037 1417
187716 195237 1417
187716 195237 1417
187716 195237 1417
187716 195237 1417
187716 195237 1417
187716 195237 1417
187716 195237 1417
187716 195237 1417
187716 195237 1417
187716 195237 1417
187716 195237 1417
187716 195237 1417
187716 195237 1417
238631 231901 1417
238631 231901 1417
238631 231901 1417
238631 231901 1417
238631 231901 1417
238631 231901 1417
238631 231901 1417
238631 231901 1417
238631 231901 1417
238631 231901 1417
238631 231901 1417
238631 231901 1417
238631 231901 1417
229825 231019 1417
229825 231019 1417
229825 231019 1417
229825 231019 1417
229825 231019 1417
229825 231019 1417
229825 231019 1417
229825 231019 1417
229825 231019 1417
229825 231019 1417
229825 231019 1417
229825 231019 1417
229825 231019 1417
9117 274607 1420
9117 274607 1420
9117 274607 1420
9117 274607 1420
9117 274607 1420
9117 274607 1420
9117 274607 1420
9117 274607 1420
9117 274607 1420
9117 274607 1420
9117 274607 1420
9117 274607 1420
9117 274607 1420
150207 265841 1421
150207 265841 1421
150207 265841 1421
150207 265841 1421
150207 265841 1421
150207 265841 1421
150207 265841 1421
150207 265841 1421
150207 265841 1421
150207 265841 1421
150207 265841 1421
150207 265841 1421
150207 265841 1421
250582 248348 1424
250582 248348 1424
250582 248348 1424
250582 248348 1424
250582 248348 1424
250582 248348 1424
250582 248348 1424
250582 248348 1424
250582 248348 1424
250582 248348 1424
250582 248348 1424
250582 248348 1424
240954 191594 1430
240954 191594 1430
240954 191594 1430
240954 191594 1430
240954 191594 1430
240954 191594 1430
240954 191594 1430
240954 191594 1430
240954 191594 1430
240954 191594 1430
240954 191594 1430
240954 191594 1430
190992 203453 1431
190992 203453 1431
190992 203453 1431
190992 203453 1431
190992 203453 1431
190992 203453 1431
190992 203453 1431
190992 203453 1431
190992 203453 1431
190992 203453 1431
190992 203453 1431
190992 203453 1431
247466 289620 1433
247466 289620 1433
247466 289620 1433
247466 289620 1433
247466 289620 1433
247466 289620 1433
247466 289620 1433
247466 289620 1433
247466 289620 1433
247466 289620 1433
247466 289620 1433
247466 289620 1433
247466 289620 1433
252665 289032 1433
252665 289032 1433
252665 289032 1433
252665 289032 1433
252665 289032 1433
252665 289032 1433
252665 289032 1433
252665 289032 1433
252665 289032 1433
252665 289032 1433
252665 289032 1433
252665 289032 1433
252665 289032 1433
251930 198559 1434
251930 198559 1434
251930 198559 1434
251930 198559 1434
251930 198559 1434
251930 198559 1434
251930 198559 1434
251930 198559 1434
251930 198559 1434
251930 198559 1434
251930 198559 1434
251930 198559 1434
251930 198559 1434
198559 191672 1436
198559 191672 1436
198559 191672 1436
198559 191672 1436
198559 191672 1436
198559 191672 1436
198559 191672 1436
198559 191672 1436
198559 191672 1436
198559 191672 1436
198559 191672 1436
198559 191672 1436
198559 191672 1436
10596 237852 1441
10596 237852 1441
10596 237852 1441
10596 237852 1441
10596 237852 1441
10596 237852 1441
10596 237852 1441
10596 237852 1441
10596 237852 1441
10596 237852 1441
10596 237852 1441
10596 237852 1441
10596 237852 1441
285611 265637 1443
285611 265637 1443
285611 265637 1443
285611 265637 1443
285611 265637 1443
285611 265637 1443
285611 265637 1443
285611 265637 1443
285611 265637 1443
285611 265637 1443
285611 265637 1443
285611 265637 1443
234704 252007 1445
234704 252007 1445
234704 252007 1445
234704 252007 1445
234704 252007 1445
234704 252007 1445
234704 252007 1445
234704 252007 1445
234704 252007 1445
234704 252007 1445
234704 252007 1445
234704 252007 1445
234704 252007 1445
292488 150224 1446
292488 150224 1446
292488 150224 1446
292488 150224 1446
292488 150224 1446
292488 150224 1446
292488 150224 1446
292488 150224 1446
292488 150224 1446
292488 150224 1446
292488 150224 1446
292488 150224 1446
292488 150224 1446
274607 252698 1447
274607 252698 1447
274607 252698 1447
274607 252698 1447
274607 252698 1447
274607 252698 1447
274607 252698 1447
274607 252698 1447
274607 252698 1447
274607 252698 1447
274607 252698 1447
274607 252698 1447
236911 236015 1449
236911 236015 1449
236911 236015 1449
236911 236015 1449
236911 236015 1449
236911 236015 1449
236911 236015 1449
236911 236015 1449
236911 236015 1449
236911 236015 1449
236911 236015 1449
236911 236015 1449
190915 227071 1451
190915 227071 1451
190915 227071 1451
190915 227071 1451
190915 227071 1451
190915 227071 1451
190915 227071 1451
190915 227071 1451
190915 227071 1451
190915 227071 1451
190915 227071 1451
190915 227071 1451
190915 227071 1451
285355 242213 1452
285355 242213 1452
285355 242213 1452
285355 242213 1452
285355 242213 1452
285355 242213 1452
285355 242213 1452
285355 242213 1452
285355 242213 1452
285355 242213 1452
285355 242213 1452
285355 242213 1452
285355 242213 1452
295184 291455 1452
295184 291455 1452
295184 291455 1452
295184 291455 1452
295184 291455 1452
295184 291455 1452
295184 291455 1452
295184 291455 1452
295184 291455 1452
295184 291455 1452
295184 291455 1452
295184 291455 1452
246119 284630 1454
246119 284630 1454
246119 284630 1454
246119 284630 1454
246119 284630 1454
246119 284630 1454
246119 284630 1454
246119 284630 1454
246119 284630 1454
246119 284630 1454
246119 284630 1454
246119 284630 1454
246119 284630 1454
234260 9638 1456
234260 9638 1456
234260 9638 1456
234260 9638 1456
234260 9638 1456
234260 9638 1456
234260 9638 1456
234260 9638 1456
234260 9638 1456
234260 9638 1456
234260 9638 1456
234260 9638 1456
234260 9638 1456
236482 193592 1457
236482 193592 1457
236482 193592 1457
236482 193592 1457
236482 193592 1457
236482 193592 1457
236482 193592 1457
236482 193592 1457
236482 193592 1457
236482 193592 1457
236482 193592 1457
236482 193592 1457
236482 193592 1457
240623 226999 1457
240623 226999 1457
240623 226999 1457
240623 226999 1457
240623 226999 1457
240623 226999 1457
240623 226999 1457
240623 226999 1457
240623 226999 1457
240623 226999 1457
240623 226999 1457
240623 226999 1457
296107 235690 1458
296107 235690 1458
296107 235690 1458
296107 235690 1458
296107 235690 1458
296107 235690 1458
296107 235690 1458
296107 235690 1458
296107 235690 1458
296107 235690 1458
296107 235690 1458
296107 235690 1458
296107 235690 1458
268888 250600 1459
268888 250600 1459
268888 250600 1459
268888 250600 1459
268888 250600 1459
268888 250600 1459
268888 250600 1459
268888 250600 1459
268888 250600 1459
268888 250600 1459
268888 250600 1459
268888 250600 1459
151192 236838 1461
151192 236838 1461
151192 236838 1461
151192 236838 1461
151192 236838 1461
151192 236838 1461
151192 236838 1461
151192 236838 1461
151192 236838 1461
151192 236838 1461
151192 236838 1461
151192 236838 1461
151192 236838 1461
187555 153272 1463
187555 153272 1463
187555 153272 1463
187555 153272 1463
187555 153272 1463
187555 153272 1463
187555 153272 1463
187555 153272 1463
187555 153272 1463
187555 153272 1463
187555 153272 1463
187555 153272 1463
227230 240557 1469
227230 240557 1469
227230 240557 1469
227230 240557 1469
227230 240557 1469
227230 240557 1469
227230 240557 1469
227230 240557 1469
227230 240557 1469
227230 240557 1469
227230 240557 1469
227230 240557 1469
227230 240557 1469
236065 201982 1472
236065 201982 1472
236065 201982 1472
236065 201982 1472
236065 201982 1472
236065 201982 1472
236065 201982 1472
236065 201982 1472
236065 201982 1472
236065 201982 1472
236065 201982 1472
236065 201982 1472
186765 291426 1472
186765 291426 1472
186765 291426 1472
186765 291426 1472
186765 291426 1472
186765 291426 1472
186765 291426 1472
186765 291426 1472
186765 291426 1472
186765 291426 1472
186765 291426 1472
186765 291426 1472
226966 227019 1475
226966 227019 1475
226966 227019 1475
226966 227019 1475
226966 227019 1475
226966 227019 1475
226966 227019 1475
226966 227019 1475
226966 227019 1475
226966 227019 1475
226966 227019 1475
226966 227019 1475
226966 227019 1475
242378 225616 1476
242378 225616 1476
242378 225616 1476
242378 225616 1476
242378 225616 1476
242378 225616 1476
242378 225616 1476
242378 225616 1476
242378 225616 1476
242378 225616 1476
242378 225616 1476
242378 225616 1476
242378 225616 1476
227532 282516 1488
227532 282516 1488
227532 282516 1488
227532 282516 1488
227532 282516 1488
227532 282516 1488
227532 282516 1488
227532 282516 1488
227532 282516 1488
227532 282516 1488
227532 282516 1488
227532 282516 1488
227532 282516 1488
239179 295180 1497
239179 295180 1497
239179 295180 1497
239179 295180 1497
239179 295180 1497
239179 295180 1497
239179 295180 1497
239179 295180 1497
239179 295180 1497
239179 295180 1497
239179 295180 1497
239179 295180 1497
292473 292034 1498
292473 292034 1498
292473 292034 1498
292473 292034 1498
292473 292034 1498
292473 292034 1498
292473 292034 1498
292473 292034 1498
292473 292034 1498
292473 292034 1498
292473 292034 1498
292473 292034 1498
283433 151125 1503
283433 151125 1503
283433 151125 1503
283433 151125 1503
283433 151125 1503
283433 151125 1503
283433 151125 1503
283433 151125 1503
283433 151125 1503
283433 151125 1503
283433 151125 1503
283433 151125 1503
199517 184772 1504
199517 184772 1504
199517 184772 1504
199517 184772 1504
199517 184772 1504
199517 184772 1504
199517 184772 1504
199517 184772 1504
199517 184772 1504
199517 184772 1504
199517 184772 1504
199517 184772 1504
265329 165337 1508
265329 165337 1508
265329 165337 1508
265329 165337 1508
265329 165337 1508
265329 165337 1508
265329 165337 1508
265329 165337 1508
265329 165337 1508
265329 165337 1508
265329 165337 1508
265329 165337 1508
191022 232982 1512
191022 232982 1512
191022 232982 1512
191022 232982 1512
191022 232982 1512
191022 232982 1512
191022 232982 1512
191022 232982 1512
191022 232982 1512
191022 232982 1512
191022 232982 1512
191022 232982 1512
191022 232982 1512
294124 285375 1514
294124 285375 1514
294124 285375 1514
294124 285375 1514
294124 285375 1514
294124 285375 1514
294124 285375 1514
294124 285375 1514
294124 285375 1514
294124 285375 1514
294124 285375 1514
294124 285375 1514
266114 285375 1514
266114 285375 1514
266114 285375 1514
266114 285375 1514
266114 285375 1514
266114 285375 1514
266114 285375 1514
266114 285375 1514
266114 285375 1514
266114 285375 1514
266114 285375 1514
266114 285375 1514
266114 285375 1514
289563 239754 1523
289563 239754 1523
289563 239754 1523
289563 239754 1523
289563 239754 1523
289563 239754 1523
289563 239754 1523
289563 239754 1523
289563 239754 1523
289563 239754 1523
289563 239754 1523
289563 239754 1523
289563 239754 1523
289620 285375 1525
289620 285375 1525
289620 285375 1525
289620 285375 1525
289620 285375 1525
289620 285375 1525
289620 285375 1525
289620 285375 1525
289620 285375 1525
289620 285375 1525
289620 285375 1525
289620 285375 1525
289620 285375 1525
245985 295188 1526
245985 295188 1526
245985 295188 1526
245985 295188 1526
245985 295188 1526
245985 295188 1526
245985 295188 1526
245985 295188 1526
245985 295188 1526
245985 295188 1526
245985 295188 1526
245985 295188 1526
245985 295188 1526
247036 228092 1528
247036 228092 1528
247036 228092 1528
247036 228092 1528
247036 228092 1528
247036 228092 1528
247036 228092 1528
247036 228092 1528
247036 228092 1528
247036 228092 1528
247036 228092 1528
247036 228092 1528
286717 296535 1534
286717 296535 1534
286717 296535 1534
286717 296535 1534
286717 296535 1534
286717 296535 1534
286717 296535 1534
286717 296535 1534
286717 296535 1534
286717 296535 1534
286717 296535 1534
286717 296535 1534
236045 235311 1534
236045 235311 1534
236045 235311 1534
236045 235311 1534
236045 235311 1534
236045 235311 1534
236045 235311 1534
236045 235311 1534
236045 235311 1534
236045 235311 1534
236045 235311 1534
236045 235311 1534
292454 225707 1550
292454 225707 1550
292454 225707 1550
292454 225707 1550
292454 225707 1550
292454 225707 1550
292454 225707 1550
292454 225707 1550
292454 225707 1550
292454 225707 1550
292454 225707 1550
292454 225707 1550
292454 225707 1550
291226 294618 1556
291226 294618 1556
291226 294618 1556
291226 294618 1556
291226 294618 1556
291226 294618 1556
291226 294618 1556
291226 294618 1556
291226 294618 1556
291226 294618 1556
291226 294618 1556
291226 294618 1556
291226 294618 1556
226980 291514 1557
226980 291514 1557
226980 291514 1557
226980 291514 1557
226980 291514 1557
226980 291514 1557
226980 291514 1557
226980 291514 1557
226980 291514 1557
226980 291514 1557
226980 291514 1557
226980 291514 1557
289620 243706 1564
289620 243706 1564
289620 243706 1564
289620 243706 1564
289620 243706 1564
289620 243706 1564
289620 243706 1564
289620 243706 1564
289620 243706 1564
289620 243706 1564
289620 243706 1564
289620 243706 1564
289620 243706 1564
284212 282562 1568
284212 282562 1568
284212 282562 1568
284212 282562 1568
284212 282562 1568
284212 282562 1568
284212 282562 1568
284212 282562 1568
284212 282562 1568
284212 282562 1568
284212 282562 1568
284212 282562 1568
289620 228104 1569
289620 228104 1569
289620 228104 1569
289620 228104 1569
289620 228104 1569
289620 228104 1569
289620 228104 1569
289620 228104 1569
289620 228104 1569
289620 228104 1569
289620 228104 1569
289620 228104 1569
289620 228104 1569
14923 236482 1578
14923 236482 1578
14923 236482 1578
14923 236482 1578
14923 236482 1578
14923 236482 1578
14923 236482 1578
14923 236482 1578
14923 236482 1578
14923 236482 1578
14923 236482 1578
14923 236482 1578
14923 236482 1578
227250 295184 1591
227250 295184 1591
227250 295184 1591
227250 295184 1591
227250 295184 1591
227250 295184 1591
227250 295184 1591
227250 295184 1591
227250 295184 1591
227250 295184 1591
227250 295184 1591
227250 295184 1591
227250 295184 1591
249359 228107 1601
249359 228107 1601
249359 228107 1601
249359 228107 1601
249359 228107 1601
249359 228107 1601
249359 228107 1601
249359 228107 1601
249359 228107 1601
249359 228107 1601
249359 228107 1601
249359 228107 1601
249359 228107 1601
231374 236159 1602
231374 236159 1602
231374 236159 1602
231374 236159 1602
231374 236159 1602
231374 236159 1602
231374 236159 1602
231374 236159 1602
231374 236159 1602
231374 236159 1602
231374 236159 1602
231374 236159 1602
231374 236159 1602
11766 281439 1608
11766 281439 1608
11766 281439 1608
11766 281439 1608
11766 281439 1608
11766 281439 1608
11766 281439 1608
11766 281439 1608
11766 281439 1608
11766 281439 1608
11766 281439 1608
11766 281439 1608
11766 281439 1608
190934 206270 1611
190934 206270 1611
190934 206270 1611
190934 206270 1611
190934 206270 1611
190934 206270 1611
190934 206270 1611
190934 206270 1611
190934 206270 1611
190934 206270 1611
190934 206270 1611
190934 206270 1611
190934 206270 1611
289032 295064 1617
289032 295064 1617
289032 295064 1617
289032 295064 1617
289032 295064 1617
289032 295064 1617
289032 295064 1617
289032 295064 1617
289032 295064 1617
289032 295064 1617
289032 295064 1617
289032 295064 1617
176500 210684 1618
176500 210684 1618
176500 210684 1618
176500 210684 1618
176500 210684 1618
176500 210684 1618
176500 210684 1618
176500 210684 1618
176500 210684 1618
176500 210684 1618
176500 210684 1618
176500 210684 1618
176500 210684 1618
235127 285274 1620
235127 285274 1620
235127 285274 1620
235127 285274 1620
235127 285274 1620
235127 285274 1620
235127 285274 1620
235127 285274 1620
235127 285274 1620
235127 285274 1620
235127 285274 1620
235127 285274 1620
285274 285382 1622
285274 285382 1622
285274 285382 1622
285274 285382 1622
285274 285382 1622
285274 285382 1622
285274 285382 1622
285274 285382 1622
285274 285382 1622
285274 285382 1622
285274 285382 1622
285274 285382 1622
11764 281439 1625
11764 281439 1625
11764 281439 1625
11764 281439 1625
11764 281439 1625
11764 281439 1625
11764 281439 1625
11764 281439 1625
11764 281439 1625
11764 281439 1625
11764 281439 1625
11764 281439 1625
11764 281439 1625
11764 281439 1625
11764 281439 1625
11764 281439 1625
11764 281439 1625
11764 281439 1625
11764 281439 1625
11764 281439 1625
11764 281439 1625
11764 281439 1625
11764 281439 1625
11764 281439 1625
246116 285121 1629
246116 285121 1629
246116 285121 1629
246116 285121 1629
246116 285121 1629
246116 285121 1629
246116 285121 1629
246116 285121 1629
246116 285121 1629
246116 285121 1629
246116 285121 1629
246116 285121 1629
246116 285121 1629
236024 246084 1630
236024 246084 1630
236024 246084 1630
236024 246084 1630
236024 246084 1630
236024 246084 1630
236024 246084 1630
236024 246084 1630
236024 246084 1630
236024 246084 1630
236024 246084 1630
236024 246084 1630
195546 124698 1630
195546 124698 1630
195546 124698 1630
195546 124698 1630
195546 124698 1630
195546 124698 1630
195546 124698 1630
195546 124698 1630
195546 124698 1630
195546 124698 1630
195546 124698 1630
195546 124698 1630
240557 225935 1631
240557 225935 1631
240557 225935 1631
240557 225935 1631
240557 225935 1631
240557 225935 1631
240557 225935 1631
240557 225935 1631
240557 225935 1631
240557 225935 1631
240557 225935 1631
240557 225935 1631
240557 225935 1631
246086 289528 1634
246086 289528 1634
246086 289528 1634
246086 289528 1634
246086 289528 1634
246086 289528 1634
246086 289528 1634
246086 289528 1634
246086 289528 1634
246086 289528 1634
246086 289528 1634
246086 289528 1634
175936 204222 1638
175936 204222 1638
175936 204222 1638
175936 204222 1638
175936 204222 1638
175936 204222 1638
175936 204222 1638
175936 204222 1638
175936 204222 1638
175936 204222 1638
175936 204222 1638
175936 204222 1638
236884 246154 1644
236884 246154 1644
236884 246154 1644
236884 246154 1644
236884 246154 1644
236884 246154 1644
236884 246154 1644
236884 246154 1644
236884 246154 1644
236884 246154 1644
236884 246154 1644
236884 246154 1644
236884 246154 1644
226835 236400 1645
226835 236400 1645
226835 236400 1645
226835 236400 1645
226835 236400 1645
226835 236400 1645
226835 236400 1645
226835 236400 1645
226835 236400 1645
226835 236400 1645
226835 236400 1645
226835 236400 1645
184783 185949 1645
184783 185949 1645
184783 185949 1645
184783 185949 1645
184783 185949 1645
184783 185949 1645
184783 185949 1645
184783 185949 1645
184783 185949 1645
184783 185949 1645
184783 185949 1645
184783 185949 1645
245940 265953 1647
245940 265953 1647
245940 265953 1647
245940 265953 1647
245940 265953 1647
245940 265953 1647
245940 265953 1647
245940 265953 1647
245940 265953 1647
245940 265953 1647
245940 265953 1647
245940 265953 1647
227975 237858 1651
227975 237858 1651
227975 237858 1651
227975 237858 1651
227975 237858 1651
227975 237858 1651
227975 237858 1651
227975 237858 1651
227975 237858 1651
227975 237858 1651
227975 237858 1651
227975 237858 1651
227093 235942 1652
227093 235942 1652
227093 235942 1652
227093 235942 1652
227093 235942 1652
227093 235942 1652
227093 235942 1652
227093 235942 1652
227093 235942 1652
227093 235942 1652
227093 235942 1652
227093 235942 1652
198625 238546 1653
198625 238546 1653
198625 238546 1653
198625 238546 1653
198625 238546 1653
198625 238546 1653
198625 238546 1653
198625 238546 1653
198625 238546 1653
198625 238546 1653
198625 238546 1653
198625 238546 1653
198625 238546 1653
248386 185949 1653
248386 185949 1653
248386 185949 1653
248386 185949 1653
248386 185949 1653
248386 185949 1653
248386 185949 1653
248386 185949 1653
248386 185949 1653
248386 185949 1653
248386 185949 1653
248386 185949 1653
230743 267803 1654
230743 267803 1654
230743 267803 1654
230743 267803 1654
230743 267803 1654
230743 267803 1654
230743 267803 1654
230743 267803 1654
230743 267803 1654
230743 267803 1654
230743 267803 1654
230743 267803 1654
242604 155156 1656
242604 155156 1656
242604 155156 1656
242604 155156 1656
242604 155156 1656
242604 155156 1656
242604 155156 1656
242604 155156 1656
242604 155156 1656
242604 155156 1656
242604 155156 1656
242604 155156 1656
242604 155156 1656
267803 228143 1656
267803 228143 1656
267803 228143 1656
267803 228143 1656
267803 228143 1656
267803 228143 1656
267803 228143 1656
267803 228143 1656
267803 228143 1656
267803 228143 1656
267803 228143 1656
267803 228143 1656
267803 228143 1656
19032 184196 1657
19032 184196 1657
19032 184196 1657
19032 184196 1657
19032 184196 1657
19032 184196 1657
19032 184196 1657
19032 184196 1657
19032 184196 1657
19032 184196 1657
19032 184196 1657
19032 184196 1657
151071 202011 1657
151071 202011 1657
151071 202011 1657
151071 202011 1657
151071 202011 1657
151071 202011 1657
151071 202011 1657
151071 202011 1657
151071 202011 1657
151071 202011 1657
151071 202011 1657
151071 202011 1657
151071 202011 1657
190921 193361 1660
190921 193361 1660
190921 193361 1660
190921 193361 1660
190921 193361 1660
190921 193361 1660
190921 193361 1660
190921 193361 1660
190921 193361 1660
190921 193361 1660
190921 193361 1660
190921 193361 1660
190743 231864 1660
190743 231864 1660
190743 231864 1660
190743 231864 1660
190743 231864 1660
190743 231864 1660
190743 231864 1660
190743 231864 1660
190743 231864 1660
190743 231864 1660
190743 231864 1660
190743 231864 1660
228034 238722 1661
228034 238722 1661
228034 238722 1661
228034 238722 1661
228034 238722 1661
228034 238722 1661
228034 238722 1661
228034 238722 1661
228034 238722 1661
228034 238722 1661
228034 238722 1661
228034 238722 1661
228034 238722 1661
226402 243551 1664
226402 243551 1664
226402 243551 1664
226402 243551 1664
226402 243551 1664
226402 243551 1664
226402 243551 1664
226402 243551 1664
226402 243551 1664
226402 243551 1664
226402 243551 1664
226402 243551 1664
227846 200260 1665
227846 200260 1665
227846 200260 1665
227846 200260 1665
227846 200260 1665
227846 200260 1665
227846 200260 1665
227846 200260 1665
227846 200260 1665
227846 200260 1665
227846 200260 1665
227846 200260 1665
174718 11041 1666
174718 11041 1666
174718 11041 1666
174718 11041 1666
174718 11041 1666
174718 11041 1666
174718 11041 1666
174718 11041 1666
174718 11041 1666
174718 11041 1666
174718 11041 1666
174718 11041 1666
227543 228366 1675
227543 228366 1675
227543 228366 1675
227543 228366 1675
227543 228366 1675
227543 228366 1675
227543 228366 1675
227543 228366 1675
227543 228366 1675
227543 228366 1675
227543 228366 1675
227543 228366 1675
227543 228366 1675
289620 296535 1676
289620 296535 1676
289620 296535 1676
289620 296535 1676
289620 296535 1676
289620 296535 1676
289620 296535 1676
289620 296535 1676
289620 296535 1676
289620 296535 1676
289620 296535 1676
289620 296535 1676
289620 296535 1676
240949 225663 1677
240949 225663 1677
240949 225663 1677
240949 225663 1677
240949 225663 1677
240949 225663 1677
240949 225663 1677
240949 225663 1677
240949 225663 1677
240949 225663 1677
240949 225663 1677
240949 225663 1677
240949 225663 1677
184408 208266 1677
184408 208266 1677
184408 208266 1677
184408 208266 1677
184408 208266 1677
184408 208266 1677
184408 208266 1677
184408 208266 1677
184408 208266 1677
184408 208266 1677
184408 208266 1677
184408 208266 1677
251928 233586 1679
251928 233586 1679
251928 233586 1679
251928 233586 1679
251928 233586 1679
251928 233586 1679
251928 233586 1679
251928 233586 1679
251928 233586 1679
251928 233586 1679
251928 233586 1679
251928 233586 1679
225663 226528 1679
225663 226528 1679
225663 226528 1679
225663 226528 1679
225663 226528 1679
225663 226528 1679
225663 226528 1679
225663 226528 1679
225663 226528 1679
225663 226528 1679
225663 226528 1679
225663 226528 1679
232955 228466 1693
232955 228466 1693
232955 228466 1693
232955 228466 1693
232955 228466 1693
232955 228466 1693
232955 228466 1693
232955 228466 1693
232955 228466 1693
232955 228466 1693
232955 228466 1693
232955 228466 1693
188276 188294 1693
188276 188294 1693
188276 188294 1693
188276 188294 1693
188276 188294 1693
188276 188294 1693
188276 188294 1693
188276 188294 1693
188276 188294 1693
188276 188294 1693
188276 188294 1693
188276 188294 1693
226977 286748 1693
226977 286748 1693
226977 286748 1693
226977 286748 1693
226977 286748 1693
226977 286748 1693
226977 286748 1693
226977 286748 1693
226977 286748 1693
226977 286748 1693
226977 286748 1693
226977 286748 1693
289528 265919 1695
289528 265919 1695
289528 265919 1695
289528 265919 1695
289528 265919 1695
289528 265919 1695
289528 265919 1695
289528 265919 1695
289528 265919 1695
289528 265919 1695
289528 265919 1695
289528 265919 1695
289528 265919 1695
229867 226754 1697
229867 226754 1697
229867 226754 1697
229867 226754 1697
229867 226754 1697
229867 226754 1697
229867 226754 1697
229867 226754 1697
229867 226754 1697
229867 226754 1697
229867 226754 1697
229867 226754 1697
229867 226754 1697
232724 252031 1698
232724 252031 1698
232724 252031 1698
232724 252031 1698
232724 252031 1698
232724 252031 1698
232724 252031 1698
232724 252031 1698
232724 252031 1698
232724 252031 1698
232724 252031 1698
232724 252031 1698
232724 252031 1698
192994 174463 1699
192994 174463 1699
192994 174463 1699
192994 174463 1699
192994 174463 1699
192994 174463 1699
192994 174463 1699
192994 174463 1699
192994 174463 1699
192994 174463 1699
192994 174463 1699
192994 174463 1699
192994 174463 1699
151103 226247 1700
151103 226247 1700
151103 226247 1700
151103 226247 1700
151103 226247 1700
151103 226247 1700
151103 226247 1700
151103 226247 1700
151103 226247 1700
151103 226247 1700
151103 226247 1700
151103 226247 1700
227017 294593 1702
227017 294593 1702
227017 294593 1702
227017 294593 1702
227017 294593 1702
227017 294593 1702
227017 294593 1702
227017 294593 1702
227017 294593 1702
227017 294593 1702
227017 294593 1702
227017 294593 1702
228013 226528 1702
228013 226528 1702
228013 226528 1702
228013 226528 1702
228013 226528 1702
228013 226528 1702
228013 226528 1702
228013 226528 1702
228013 226528 1702
228013 226528 1702
228013 226528 1702
228013 226528 1702
228013 226528 1702
192797 195492 1708
192797 195492 1708
192797 195492 1708
192797 195492 1708
192797 195492 1708
192797 195492 1708
192797 195492 1708
192797 195492 1708
192797 195492 1708
192797 195492 1708
192797 195492 1708
192797 195492 1708
192797 195492 1708
237801 234828 1709
237801 234828 1709
237801 234828 1709
237801 234828 1709
237801 234828 1709
237801 234828 1709
237801 234828 1709
237801 234828 1709
237801 234828 1709
237801 234828 1709
237801 234828 1709
237801 234828 1709
237801 234828 1709
291225 292034 1710
291225 292034 1710
291225 292034 1710
291225 292034 1710
291225 292034 1710
291225 292034 1710
291225 292034 1710
291225 292034 1710
291225 292034 1710
291225 292034 1710
291225 292034 1710
291225 292034 1710
291225 292034 1710
265637 266390 1711
265637 266390 1711
265637 266390 1711
265637 266390 1711
265637 266390 1711
265637 266390 1711
265637 266390 1711
265637 266390 1711
265637 266390 1711
265637 266390 1711
265637 266390 1711
265637 266390 1711
265637 266390 1711
243467 232719 1711
243467 232719 1711
243467 232719 1711
243467 232719 1711
243467 232719 1711
243467 232719 1711
243467 232719 1711
243467 232719 1711
243467 232719 1711
243467 232719 1711
243467 232719 1711
243467 232719 1711
151466 230414 1712
151466 230414 1712
151466 230414 1712
151466 230414 1712
151466 230414 1712
151466 230414 1712
151466 230414 1712
151466 230414 1712
151466 230414 1712
151466 230414 1712
151466 230414 1712
151466 230414 1712
151466 230414 1712
229867 232719 1712
229867 232719 1712
229867 232719 1712
229867 232719 1712
229867 232719 1712
229867 232719 1712
229867 232719 1712
229867 232719 1712
229867 232719 1712
229867 232719 1712
229867 232719 1712
229867 232719 1712
229867 232719 1712
238214 232719 1712
238214 232719 1712
238214 232719 1712
238214 232719 1712
238214 232719 1712
238214 232719 1712
238214 232719 1712
238214 232719 1712
238214 232719 1712
238214 232719 1712
238214 232719 1712
238214 232719 1712
150261 248377 1712
150261 248377 1712
150261 248377 1712
150261 248377 1712
150261 248377 1712
150261 248377 1712
150261 248377 1712
150261 248377 1712
150261 248377 1712
150261 248377 1712
150261 248377 1712
150261 248377 1712
285214 285276 1713
285214 285276 1713
285214 285276 1713
285214 285276 1713
285214 285276 1713
285214 285276 1713
285214 285276 1713
285214 285276 1713
285214 285276 1713
285214 285276 1713
285214 285276 1713
285214 285276 1713
230414 294127 1714
230414 294127 1714
230414 294127 1714
230414 294127 1714
230414 294127 1714
230414 294127 1714
230414 294127 1714
230414 294127 1714
230414 294127 1714
230414 294127 1714
230414 294127 1714
230414 294127 1714
226394 228134 1714
226394 228134 1714
226394 228134 1714
226394 228134 1714
226394 228134 1714
226394 228134 1714
226394 228134 1714
226394 228134 1714
226394 228134 1714
226394 228134 1714
226394 228134 1714
226394 228134 1714
226394 228134 1714
289528 294268 1714
289528 294268 1714
289528 294268 1714
289528 294268 1714
289528 294268 1714
289528 294268 1714
289528 294268 1714
289528 294268 1714
289528 294268 1714
289528 294268 1714
289528 294268 1714
289528 294268 1714
289528 294268 1714
228032 236561 1715
228032 236561 1715
228032 236561 1715
228032 236561 1715
228032 236561 1715
228032 236561 1715
228032 236561 1715
228032 236561 1715
228032 236561 1715
228032 236561 1715
228032 236561 1715
228032 236561 1715
284574 248377 1716
284574 248377 1716
284574 248377 1716
284574 248377 1716
284574 248377 1716
284574 248377 1716
284574 248377 1716
284574 248377 1716
284574 248377 1716
284574 248377 1716
284574 248377 1716
284574 248377 1716
284574 248377 1716
293362 235974 1716
293362 235974 1716
293362 235974 1716
293362 235974 1716
293362 235974 1716
293362 235974 1716
293362 235974 1716
293362 235974 1716
293362 235974 1716
293362 235974 1716
293362 235974 1716
293362 235974 1716
293362 235974 1716
241187 230210 1720
241187 230210 1720
241187 230210 1720
241187 230210 1720
241187 230210 1720
241187 230210 1720
241187 230210 1720
241187 230210 1720
241187 230210 1720
241187 230210 1720
241187 230210 1720
241187 230210 1720
285265 246070 1720
285265 246070 1720
285265 246070 1720
285265 246070 1720
285265 246070 1720
285265 246070 1720
285265 246070 1720
285265 246070 1720
285265 246070 1720
285265 246070 1720
285265 246070 1720
285265 246070 1720
285265 246070 1720
235876 287862 1721
235876 287862 1721
235876 287862 1721
235876 287862 1721
235876 287862 1721
235876 287862 1721
235876 287862 1721
235876 287862 1721
235876 287862 1721
235876 287862 1721
235876 287862 1721
235876 287862 1721
228100 227723 1722
228100 227723 1722
228100 227723 1722
228100 227723 1722
228100 227723 1722
228100 227723 1722
228100 227723 1722
228100 227723 1722
228100 227723 1722
228100 227723 1722
228100 227723 1722
228100 227723 1722
227888 176100 1722
227888 176100 1722
227888 176100 1722
227888 176100 1722
227888 176100 1722
227888 176100 1722
227888 176100 1722
227888 176100 1722
227888 176100 1722
227888 176100 1722
227888 176100 1722
227888 176100 1722
227888 176100 1722
235146 227318 1723
235146 227318 1723
235146 227318 1723
235146 227318 1723
235146 227318 1723
235146 227318 1723
235146 227318 1723
235146 227318 1723
235146 227318 1723
235146 227318 1723
235146 227318 1723
235146 227318 1723
235146 227318 1723
208237 283089 1724
208237 283089 1724
208237 283089 1724
208237 283089 1724
208237 283089 1724
208237 283089 1724
208237 283089 1724
208237 283089 1724
208237 283089 1724
208237 283089 1724
208237 283089 1724
208237 283089 1724
208237 283089 1724
285281 14812 1726
285281 14812 1726
285281 14812 1726
285281 14812 1726
285281 14812 1726
285281 14812 1726
285281 14812 1726
285281 14812 1726
285281 14812 1726
285281 14812 1726
285281 14812 1726
285281 14812 1726
285281 14812 1726
230709 236913 1727
230709 236913 1727
230709 236913 1727
230709 236913 1727
230709 236913 1727
230709 236913 1727
230709 236913 1727
230709 236913 1727
230709 236913 1727
230709 236913 1727
230709 236913 1727
230709 236913 1727
228014 234254 1727
228014 234254 1727
228014 234254 1727
228014 234254 1727
228014 234254 1727
228014 234254 1727
228014 234254 1727
228014 234254 1727
228014 234254 1727
228014 234254 1727
228014 234254 1727
228014 234254 1727
228014 234254 1727
291516 289731 1729
291516 289731 1729
291516 289731 1729
291516 289731 1729
291516 289731 1729
291516 289731 1729
291516 289731 1729
291516 289731 1729
291516 289731 1729
291516 289731 1729
291516 289731 1729
291516 289731 1729
291516 289731 1729
227019 150201 1732
227019 150201 1732
227019 150201 1732
227019 150201 1732
227019 150201 1732
227019 150201 1732
227019 150201 1732
227019 150201 1732
227019 150201 1732
227019 150201 1732
227019 150201 1732
227019 150201 1732
285468 262497 1732
285468 262497 1732
285468 262497 1732
285468 262497 1732
285468 262497 1732
285468 262497 1732
285468 262497 1732
285468 262497 1732
285468 262497 1732
285468 262497 1732
285468 262497 1732
285468 262497 1732
285468 262497 1732
227019 150201 1734
227019 150201 1734
227019 150201 1734
227019 150201 1734
227019 150201 1734
227019 150201 1734
227019 150201 1734
227019 150201 1734
227019 150201 1734
227019 150201 1734
227019 150201 1734
227019 150201 1734
227019 150201 1734
293377 296709 1734
293377 296709 1734
293377 296709 1734
293377 296709 1734
293377 296709 1734
293377 296709 1734
293377 296709 1734
293377 296709 1734
293377 296709 1734
293377 296709 1734
293377 296709 1734
293377 296709 1734
240173 226483 1735
240173 226483 1735
240173 226483 1735
240173 226483 1735
240173 226483 1735
240173 226483 1735
240173 226483 1735
240173 226483 1735
240173 226483 1735
240173 226483 1735
240173 226483 1735
240173 226483 1735
240173 226483 1735
150228 267934 1736
150228 267934 1736
150228 267934 1736
150228 267934 1736
150228 267934 1736
150228 267934 1736
150228 267934 1736
150228 267934 1736
150228 267934 1736
150228 267934 1736
150228 267934 1736
150228 267934 1736
233585 293925 1738
233585 293925 1738
233585 293925 1738
233585 293925 1738
233585 293925 1738
233585 293925 1738
233585 293925 1738
233585 293925 1738
233585 293925 1738
233585 293925 1738
233585 293925 1738
233585 293925 1738
233585 293925 1738
242073 226966 1738
242073 226966 1738
242073 226966 1738
242073 226966 1738
242073 226966 1738
242073 226966 1738
242073 226966 1738
242073 226966 1738
242073 226966 1738
242073 226966 1738
242073 226966 1738
242073 226966 1738
267934 232832 1738
267934 232832 1738
267934 232832 1738
267934 232832 1738
267934 232832 1738
267934 232832 1738
267934 232832 1738
267934 232832 1738
267934 232832 1738
267934 232832 1738
267934 232832 1738
267934 232832 1738
267934 232832 1738
293139 289524 1739
293139 289524 1739
293139 289524 1739
293139 289524 1739
293139 289524 1739
293139 289524 1739
293139 289524 1739
293139 289524 1739
293139 289524 1739
293139 289524 1739
293139 289524 1739
293139 289524 1739
293139 289524 1739
228543 226971 1740
228543 226971 1740
228543 226971 1740
228543 226971 1740
228543 226971 1740
228543 226971 1740
228543 226971 1740
228543 226971 1740
228543 226971 1740
228543 226971 1740
228543 226971 1740
228543 226971 1740
226588 293650 1740
226588 293650 1740
226588 293650 1740
226588 293650 1740
226588 293650 1740
226588 293650 1740
226588 293650 1740
226588 293650 1740
226588 293650 1740
226588 293650 1740
226588 293650 1740
226588 293650 1740
226588 293650 1740
233904 14490 1742
233904 14490 1742
233904 14490 1742
233904 14490 1742
233904 14490 1742
233904 14490 1742
233904 14490 1742
233904 14490 1742
233904 14490 1742
233904 14490 1742
233904 14490 1742
233904 14490 1742
233904 14490 1742
238735 232076 1743
238735 232076 1743
238735 232076 1743
238735 232076 1743
238735 232076 1743
238735 232076 1743
238735 232076 1743
238735 232076 1743
238735 232076 1743
238735 232076 1743
238735 232076 1743
238735 232076 1743
242084 228032 1743
242084 228032 1743
242084 228032 1743
242084 228032 1743
242084 228032 1743
242084 228032 1743
242084 228032 1743
242084 228032 1743
242084 228032 1743
242084 228032 1743
242084 228032 1743
242084 228032 1743
242084 228032 1743
226991 241873 1744
226991 241873 1744
226991 241873 1744
226991 241873 1744
226991 241873 1744
226991 241873 1744
226991 241873 1744
226991 241873 1744
226991 241873 1744
226991 241873 1744
226991 241873 1744
226991 241873 1744
226991 241873 1744
227224 14490 1744
227224 14490 1744
227224 14490 1744
227224 14490 1744
227224 14490 1744
227224 14490 1744
227224 14490 1744
227224 14490 1744
227224 14490 1744
227224 14490 1744
227224 14490 1744
227224 14490 1744
265637 150511 1749
265637 150511 1749
265637 150511 1749
265637 150511 1749
265637 150511 1749
265637 150511 1749
265637 150511 1749
265637 150511 1749
265637 150511 1749
265637 150511 1749
265637 150511 1749
265637 150511 1749
265636 283698 1750
265636 283698 1750
265636 283698 1750
265636 283698 1750
265636 283698 1750
265636 283698 1750
265636 283698 1750
265636 283698 1750
265636 283698 1750
265636 283698 1750
265636 283698 1750
265636 283698 1750
265636 283698 1750
250700 245999 1751
250700 245999 1751
250700 245999 1751
250700 245999 1751
250700 245999 1751
250700 245999 1751
250700 245999 1751
250700 245999 1751
250700 245999 1751
250700 245999 1751
250700 245999 1751
250700 245999 1751
250700 245999 1751
228200 241489 1752
228200 241489 1752
228200 241489 1752
228200 241489 1752
228200 241489 1752
228200 241489 1752
228200 241489 1752
228200 241489 1752
228200 241489 1752
228200 241489 1752
228200 241489 1752
228200 241489 1752
247524 187553 1753
247524 187553 1753
247524 187553 1753
247524 187553 1753
247524 187553 1753
247524 187553 1753
247524 187553 1753
247524 187553 1753
247524 187553 1753
247524 187553 1753
247524 187553 1753
247524 187553 1753
241873 190915 1753
241873 190915 1753
241873 190915 1753
241873 190915 1753
241873 190915 1753
241873 190915 1753
241873 190915 1753
241873 190915 1753
241873 190915 1753
241873 190915 1753
241873 190915 1753
241873 190915 1753
241873 190915 1753
265960 282525 1755
265960 282525 1755
265960 282525 1755
265960 282525 1755
265960 282525 1755
265960 282525 1755
265960 282525 1755
265960 282525 1755
265960 282525 1755
265960 282525 1755
265960 282525 1755
265960 282525 1755
240055 230957 1756
240055 230957 1756
240055 230957 1756
240055 230957 1756
240055 230957 1756
240055 230957 1756
240055 230957 1756
240055 230957 1756
240055 230957 1756
240055 230957 1756
240055 230957 1756
240055 230957 1756
240055 230957 1756
182496 173925 1756
182496 173925 1756
182496 173925 1756
182496 173925 1756
182496 173925 1756
182496 173925 1756
182496 173925 1756
182496 173925 1756
182496 173925 1756
182496 173925 1756
182496 173925 1756
182496 173925 1756
182496 173925 1756
201801 204226 1757
201801 204226 1757
201801 204226 1757
201801 204226 1757
201801 204226 1757
201801 204226 1757
201801 204226 1757
201801 204226 1757
201801 204226 1757
201801 204226 1757
201801 204226 1757
201801 204226 1757
242213 236015 1757
242213 236015 1757
242213 236015 1757
242213 236015 1757
242213 236015 1757
242213 236015 1757
242213 236015 1757
242213 236015 1757
242213 236015 1757
242213 236015 1757
242213 236015 1757
242213 236015 1757
232832 236898 1757
232832 236898 1757
232832 236898 1757
232832 236898 1757
232832 236898 1757
232832 236898 1757
232832 236898 1757
232832 236898 1757
232832 236898 1757
232832 236898 1757
232832 236898 1757
232832 236898 1757
233585 235862 1758
233585 235862 1758
233585 235862 1758
233585 235862 1758
233585 235862 1758
233585 235862 1758
233585 235862 1758
233585 235862 1758
233585 235862 1758
233585 235862 1758
233585 235862 1758
233585 235862 1758
233585 235862 1758
239187 236888 1758
239187 236888 1758
239187 236888 1758
239187 236888 1758
239187 236888 1758
239187 236888 1758
239187 236888 1758
239187 236888 1758
239187 236888 1758
239187 236888 1758
239187 236888 1758
239187 236888 1758
242072 235977 1758
242072 235977 1758
242072 235977 1758
242072 235977 1758
242072 235977 1758
242072 235977 1758
242072 235977 1758
242072 235977 1758
242072 235977 1758
242072 235977 1758
242072 235977 1758
242072 235977 1758
242072 235977 1758
170586 196315 1760
170586 196315 1760
170586 196315 1760
170586 196315 1760
170586 196315 1760
170586 196315 1760
170586 196315 1760
170586 196315 1760
170586 196315 1760
170586 196315 1760
170586 196315 1760
170586 196315 1760
292473 294569 1761
292473 294569 1761
292473 294569 1761
292473 294569 1761
292473 294569 1761
292473 294569 1761
292473 294569 1761
292473 294569 1761
292473 294569 1761
292473 294569 1761
292473 294569 1761
292473 294569 1761
291208 228132 1761
291208 228132 1761
291208 228132 1761
291208 228132 1761
291208 228132 1761
291208 228132 1761
291208 228132 1761
291208 228132 1761
291208 228132 1761
291208 228132 1761
291208 228132 1761
291208 228132 1761
240722 193610 1762
240722 193610 1762
240722 193610 1762
240722 193610 1762
240722 193610 1762
240722 193610 1762
240722 193610 1762
240722 193610 1762
240722 193610 1762
240722 193610 1762
240722 193610 1762
240722 193610 1762
243536 194603 1762
243536 194603 1762
243536 194603 1762
243536 194603 1762
243536 194603 1762
243536 194603 1762
243536 194603 1762
243536 194603 1762
243536 194603 1762
243536 194603 1762
243536 194603 1762
243536 194603 1762
243536 194603 1762
151473 242127 1762
151473 242127 1762
151473 242127 1762
151473 242127 1762
151473 242127 1762
151473 242127 1762
151473 242127 1762
151473 242127 1762
151473 242127 1762
151473 242127 1762
151473 242127 1762
151473 242127 1762
151473 242127 1762
192942 209652 1763
192942 209652 1763
192942 209652 1763
192942 209652 1763
192942 209652 1763
192942 209652 1763
192942 209652 1763
192942 209652 1763
192942 209652 1763
192942 209652 1763
192942 209652 1763
192942 209652 1763
192942 209652 1763
243792 241933 1764
243792 241933 1764
243792 241933 1764
243792 241933 1764
243792 241933 1764
243792 241933 1764
243792 241933 1764
243792 241933 1764
243792 241933 1764
243792 241933 1764
243792 241933 1764
243792 241933 1764
174912 176500 1764
174912 176500 1764
174912 176500 1764
174912 176500 1764
174912 176500 1764
174912 176500 1764
174912 176500 1764
174912 176500 1764
174912 176500 1764
174912 176500 1764
174912 176500 1764
174912 176500 1764
174935 176500 1764
174935 176500 1764
174935 176500 1764
174935 176500 1764
174935 176500 1764
174935 176500 1764
174935 176500 1764
174935 176500 1764
174935 176500 1764
174935 176500 1764
174935 176500 1764
174935 176500 1764
193928 208266 1764
193928 208266 1764
193928 208266 1764
193928 208266 1764
193928 208266 1764
193928 208266 1764
193928 208266 1764
193928 208266 1764
193928 208266 1764
193928 208266 1764
193928 208266 1764
193928 208266 1764
193928 208266 1764
245985 165338 1765
245985 165338 1765
245985 165338 1765
245985 165338 1765
245985 165338 1765
245985 165338 1765
245985 165338 1765
245985 165338 1765
245985 165338 1765
245985 165338 1765
245985 165338 1765
245985 165338 1765
236925 274609 1765
236925 274609 1765
236925 274609 1765
236925 274609 1765
236925 274609 1765
236925 274609 1765
236925 274609 1765
236925 274609 1765
236925 274609 1765
236925 274609 1765
236925 274609 1765
236925 274609 1765
236925 274609 1765
226247 237848 1767
226247 237848 1767
226247 237848 1767
226247 237848 1767
226247 237848 1767
226247 237848 1767
226247 237848 1767
226247 237848 1767
226247 237848 1767
226247 237848 1767
226247 237848 1767
226247 237848 1767
226247 237848 1767
225601 243947 1767
225601 243947 1767
225601 243947 1767
225601 243947 1767
225601 243947 1767
225601 243947 1767
225601 243947 1767
225601 243947 1767
225601 243947 1767
225601 243947 1767
225601 243947 1767
225601 243947 1767
192975 10596 1768
192975 10596 1768
192975 10596 1768
192975 10596 1768
192975 10596 1768
192975 10596 1768
192975 10596 1768
192975 10596 1768
192975 10596 1768
192975 10596 1768
192975 10596 1768
192975 10596 1768
208266 174718 1768
208266 174718 1768
208266 174718 1768
208266 174718 1768
208266 174718 1768
208266 174718 1768
208266 174718 1768
208266 174718 1768
208266 174718 1768
208266 174718 1768
208266 174718 1768
208266 174718 1768
208266 174718 1768
202602 10596 1768
202602 10596 1768
202602 10596 1768
202602 10596 1768
202602 10596 1768
202602 10596 1768
202602 10596 1768
202602 10596 1768
202602 10596 1768
202602 10596 1768
202602 10596 1768
202602 10596 1768
237848 191589 1769
237848 191589 1769
237848 191589 1769
237848 191589 1769
237848 191589 1769
237848 191589 1769
237848 191589 1769
237848 191589 1769
237848 191589 1769
237848 191589 1769
237848 191589 1769
237848 191589 1769
236104 237843 1769
236104 237843 1769
236104 237843 1769
236104 237843 1769
236104 237843 1769
236104 237843 1769
236104 237843 1769
236104 237843 1769
236104 237843 1769
236104 237843 1769
236104 237843 1769
236104 237843 1769
236104 237843 1769
287865 227020 1770
287865 227020 1770
287865 227020 1770
287865 227020 1770
287865 227020 1770
287865 227020 1770
287865 227020 1770
287865 227020 1770
287865 227020 1770
287865 227020 1770
287865 227020 1770
287865 227020 1770
160247 208308 1771
160247 208308 1771
160247 208308 1771
160247 208308 1771
160247 208308 1771
160247 208308 1771
160247 208308 1771
160247 208308 1771
160247 208308 1771
160247 208308 1771
160247 208308 1771
160247 208308 1771
160247 208308 1771
228149 296524 1773
228149 296524 1773
228149 296524 1773
228149 296524 1773
228149 296524 1773
228149 296524 1773
228149 296524 1773
228149 296524 1773
228149 296524 1773
228149 296524 1773
228149 296524 1773
228149 296524 1773
228149 296524 1773
193096 187713 1773
193096 187713 1773
193096 187713 1773
193096 187713 1773
193096 187713 1773
193096 187713 1773
193096 187713 1773
193096 187713 1773
193096 187713 1773
193096 187713 1773
193096 187713 1773
193096 187713 1773
176008 239001 1773
176008 239001 1773
176008 239001 1773
176008 239001 1773
176008 239001 1773
176008 239001 1773
176008 239001 1773
176008 239001 1773
176008 239001 1773
176008 239001 1773
176008 239001 1773
176008 239001 1773
176258 187711 1776
176258 187711 1776
176258 187711 1776
176258 187711 1776
176258 187711 1776
176258 187711 1776
176258 187711 1776
176258 187711 1776
176258 187711 1776
176258 187711 1776
176258 187711 1776
176258 187711 1776
184184 202011 1776
184184 202011 1776
184184 202011 1776
184184 202011 1776
184184 202011 1776
184184 202011 1776
184184 202011 1776
184184 202011 1776
184184 202011 1776
184184 202011 1776
184184 202011 1776
184184 202011 1776
184184 202011 1776
198543 208315 1777
198543 208315 1777
198543 208315 1777
198543 208315 1777
198543 208315 1777
198543 208315 1777
198543 208315 1777
198543 208315 1777
198543 208315 1777
198543 208315 1777
198543 208315 1777
198543 208315 1777
14803 270399 1777
14803 270399 1777
14803 270399 1777
14803 270399 1777
14803 270399 1777
14803 270399 1777
14803 270399 1777
14803 270399 1777
14803 270399 1777
14803 270399 1777
14803 270399 1777
14803 270399 1777
14803 270399 1777
184196 195023 1777
184196 195023 1777
184196 195023 1777
184196 195023 1777
184196 195023 1777
184196 195023 1777
184196 195023 1777
184196 195023 1777
184196 195023 1777
184196 195023 1777
184196 195023 1777
184196 195023 1777
235125 151584 1778
235125 151584 1778
235125 151584 1778
235125 151584 1778
235125 151584 1778
235125 151584 1778
235125 151584 1778
235125 151584 1778
235125 151584 1778
235125 151584 1778
235125 151584 1778
235125 151584 1778
235125 151584 1778
243803 296535 1778
243803 296535 1778
243803 296535 1778
243803 296535 1778
243803 296535 1778
243803 296535 1778
243803 296535 1778
243803 296535 1778
243803 296535 1778
243803 296535 1778
243803 296535 1778
243803 296535 1778
243803 296535 1778
208315 177273 1779
208315 177273 1779
208315 177273 1779
208315 177273 1779
208315 177273 1779
208315 177273 1779
208315 177273 1779
208315 177273 1779
208315 177273 1779
208315 177273 1779
208315 177273 1779
208315 177273 1779
208315 188294 1779
208315 188294 1779
208315 188294 1779
208315 188294 1779
208315 188294 1779
208315 188294 1779
208315 188294 1779
208315 188294 1779
208315 188294 1779
208315 188294 1779
208315 188294 1779
208315 188294 1779
208315 188294 1779
174460 202615 1780
174460 202615 1780
174460 202615 1780
174460 202615 1780
174460 202615 1780
174460 202615 1780
174460 202615 1780
174460 202615 1780
174460 202615 1780
174460 202615 1780
174460 202615 1780
174460 202615 1780
226389 239823 1781
226389 239823 1781
226389 239823 1781
226389 239823 1781
226389 239823 1781
226389 239823 1781
226389 239823 1781
226389 239823 1781
226389 239823 1781
226389 239823 1781
226389 239823 1781
226389 239823 1781
236206 236198 1782
236206 236198 1782
236206 236198 1782
236206 236198 1782
236206 236198 1782
236206 236198 1782
236206 236198 1782
236206 236198 1782
236206 236198 1782
236206 236198 1782
236206 236198 1782
236206 236198 1782
246101 235966 1782
246101 235966 1782
246101 235966 1782
246101 235966 1782
246101 235966 1782
246101 235966 1782
246101 235966 1782
246101 235966 1782
246101 235966 1782
246101 235966 1782
246101 235966 1782
246101 235966 1782
195019 190762 1785
195019 190762 1785
195019 190762 1785
195019 190762 1785
195019 190762 1785
195019 190762 1785
195019 190762 1785
195019 190762 1785
195019 190762 1785
195019 190762 1785
195019 190762 1785
195019 190762 1785
195019 190762 1785
11787 235966 1785
11787 235966 1785
11787 235966 1785
11787 235966 1785
11787 235966 1785
11787 235966 1785
11787 235966 1785
11787 235966 1785
11787 235966 1785
11787 235966 1785
11787 235966 1785
11787 235966 1785
193059 175990 1786
193059 175990 1786
193059 175990 1786
193059 175990 1786
193059 175990 1786
193059 175990 1786
193059 175990 1786
193059 175990 1786
193059 175990 1786
193059 175990 1786
193059 175990 1786
193059 175990 1786
193059 175990 1786
226959 289524 1786
226959 289524 1786
226959 289524 1786
226959 289524 1786
226959 289524 1786
226959 289524 1786
226959 289524 1786
226959 289524 1786
226959 289524 1786
226959 289524 1786
226959 289524 1786
226959 289524 1786
236847 226433 1787
236847 226433 1787
236847 226433 1787
236847 226433 1787
236847 226433 1787
236847 226433 1787
236847 226433 1787
236847 226433 1787
236847 226433 1787
236847 226433 1787
236847 226433 1787
236847 226433 1787
190743 237886 1788
190743 237886 1788
190743 237886 1788
190743 237886 1788
190743 237886 1788
190743 237886 1788
190743 237886 1788
190743 237886 1788
190743 237886 1788
190743 237886 1788
190743 237886 1788
190743 237886 1788
194388 193626 1789
194388 193626 1789
194388 193626 1789
194388 193626 1789
194388 193626 1789
194388 193626 1789
194388 193626 1789
194388 193626 1789
194388 193626 1789
194388 193626 1789
194388 193626 1789
194388 193626 1789
194388 193626 1789
289032 11982 1791
289032 11982 1791
289032 11982 1791
289032 11982 1791
289032 11982 1791
289032 11982 1791
289032 11982 1791
289032 11982 1791
289032 11982 1791
289032 11982 1791
289032 11982 1791
289032 11982 1791
236561 228132 1791
236561 228132 1791
236561 228132 1791
236561 228132 1791
236561 228132 1791
236561 228132 1791
236561 228132 1791
236561 228132 1791
236561 228132 1791
236561 228132 1791
236561 228132 1791
236561 228132 1791
236561 228132 1791
268393 248348 1792
268393 248348 1792
268393 248348 1792
268393 248348 1792
268393 248348 1792
268393 248348 1792
268393 248348 1792
268393 248348 1792
268393 248348 1792
268393 248348 1792
268393 248348 1792
268393 248348 1792
268393 248348 1792
268393 248348 1792
268393 248348 1792
268393 248348 1792
268393 248348 1792
268393 248348 1792
268393 248348 1792
268393 248348 1792
268393 248348 1792
268393 248348 1792
268393 248348 1792
268393 248348 1792
268393 248348 1792
153289 195494 1792
153289 195494 1792
153289 195494 1792
153289 195494 1792
153289 195494 1792
153289 195494 1792
153289 195494 1792
153289 195494 1792
153289 195494 1792
153289 195494 1792
153289 195494 1792
153289 195494 1792
190743 237886 1793
190743 237886 1793
190743 237886 1793
190743 237886 1793
190743 237886 1793
190743 237886 1793
190743 237886 1793
190743 237886 1793
190743 237886 1793
190743 237886 1793
190743 237886 1793
190743 237886 1793
274611 282516 1793
274611 282516 1793
274611 282516 1793
274611 282516 1793
274611 282516 1793
274611 282516 1793
274611 282516 1793
274611 282516 1793
274611 282516 1793
274611 282516 1793
274611 282516 1793
274611 282516 1793
173814 193432 1793
173814 193432 1793
173814 193432 1793
173814 193432 1793
173814 193432 1793
173814 193432 1793
173814 193432 1793
173814 193432 1793
173814 193432 1793
173814 193432 1793
173814 193432 1793
173814 193432 1793
173814 193432 1793
239263 174475 1795
239263 174475 1795
239263 174475 1795
239263 174475 1795
239263 174475 1795
239263 174475 1795
239263 174475 1795
239263 174475 1795
239263 174475 1795
239263 174475 1795
239263 174475 1795
239263 174475 1795
210485 192942 1795
210485 192942 1795
210485 192942 1795
210485 192942 1795
210485 192942 1795
210485 192942 1795
210485 192942 1795
210485 192942 1795
210485 192942 1795
210485 192942 1795
210485 192942 1795
210485 192942 1795
176008 193432 1795
176008 193432 1795
176008 193432 1795
176008 193432 1795
176008 193432 1795
176008 193432 1795
176008 193432 1795
176008 193432 1795
176008 193432 1795
176008 193432 1795
176008 193432 1795
176008 193432 1795
242322 9638 1795
242322 9638 1795
242322 9638 1795
242322 9638 1795
242322 9638 1795
242322 9638 1795
242322 9638 1795
242322 9638 1795
242322 9638 1795
242322 9638 1795
242322 9638 1795
242322 9638 1795
236190 231025 1796
236190 231025 1796
236190 231025 1796
236190 231025 1796
236190 231025 1796
236190 231025 1796
236190 231025 1796
236190 231025 1796
236190 231025 1796
236190 231025 1796
236190 231025 1796
236190 231025 1796
196507 203424 1796
196507 203424 1796
196507 203424 1796
196507 203424 1796
196507 203424 1796
196507 203424 1796
196507 203424 1796
196507 203424 1796
196507 203424 1796
196507 203424 1796
196507 203424 1796
196507 203424 1796
170578 237886 1796
170578 237886 1796
170578 237886 1796
170578 237886 1796
170578 237886 1796
170578 237886 1796
170578 237886 1796
170578 237886 1796
170578 237886 1796
170578 237886 1796
170578 237886 1796
170578 237886 1796
170578 237886 1796
210476 159591 1796
210476 159591 1796
210476 159591 1796
210476 159591 1796
210476 159591 1796
210476 159591 1796
210476 159591 1796
210476 159591 1796
210476 159591 1796
210476 159591 1796
210476 159591 1796
210476 159591 1796
210476 159591 1796
295185 250687 1798
295185 250687 1798
295185 250687 1798
295185 250687 1798
295185 250687 1798
295185 250687 1798
295185 250687 1798
295185 250687 1798
295185 250687 1798
295185 250687 1798
295185 250687 1798
295185 250687 1798
295185 250687 1798
239748 265911 1799
239748 265911 1799
239748 265911 1799
239748 265911 1799
239748 265911 1799
239748 265911 1799
239748 265911 1799
239748 265911 1799
239748 265911 1799
239748 265911 1799
239748 265911 1799
239748 265911 1799
239748 265911 1799
238807 233749 1803
238807 233749 1803
238807 233749 1803
238807 233749 1803
238807 233749 1803
238807 233749 1803
238807 233749 1803
238807 233749 1803
238807 233749 1803
238807 233749 1803
238807 233749 1803
238807 233749 1803
200262 187715 1805
200262 187715 1805
200262 187715 1805
200262 187715 1805
200262 187715 1805
200262 187715 1805
200262 187715 1805
200262 187715 1805
200262 187715 1805
200262 187715 1805
200262 187715 1805
200262 187715 1805
200262 187715 1805
193610 235883 1805
193610 235883 1805
193610 235883 1805
193610 235883 1805
193610 235883 1805
193610 235883 1805
193610 235883 1805
193610 235883 1805
193610 235883 1805
193610 235883 1805
193610 235883 1805
193610 235883 1805
265481 293653 1805
265481 293653 1805
265481 293653 1805
265481 293653 1805
265481 293653 1805
265481 293653 1805
265481 293653 1805
265481 293653 1805
265481 293653 1805
265481 293653 1805
265481 293653 1805
265481 293653 1805
265481 293653 1805
266449 245985 1807
266449 245985 1807
266449 245985 1807
266449 245985 1807
266449 245985 1807
266449 245985 1807
266449 245985 1807
266449 245985 1807
266449 245985 1807
266449 245985 1807
266449 245985 1807
266449 245985 1807
266449 245985 1807
188454 192983 1808
188454 192983 1808
188454 192983 1808
188454 192983 1808
188454 192983 1808
188454 192983 1808
188454 192983 1808
188454 192983 1808
188454 192983 1808
188454 192983 1808
188454 192983 1808
188454 192983 1808
188454 192983 1808
296109 246041 1808
296109 246041 1808
296109 246041 1808
296109 246041 1808
296109 246041 1808
296109 246041 1808
296109 246041 1808
296109 246041 1808
296109 246041 1808
296109 246041 1808
296109 246041 1808
296109 246041 1808
296109 246041 1808
227015 290211 1808
227015 290211 1808
227015 290211 1808
227015 290211 1808
227015 290211 1808
227015 290211 1808
227015 290211 1808
227015 290211 1808
227015 290211 1808
227015 290211 1808
227015 290211 1808
227015 290211 1808
227015 290211 1808
203426 3390 1809
203426 3390 1809
203426 3390 1809
203426 3390 1809
203426 3390 1809
203426 3390 1809
203426 3390 1809
203426 3390 1809
203426 3390 1809
203426 3390 1809
203426 3390 1809
203426 3390 1809
203277 175934 1809
203277 175934 1809
203277 175934 1809
203277 175934 1809
203277 175934 1809
203277 175934 1809
203277 175934 1809
203277 175934 1809
203277 175934 1809
203277 175934 1809
203277 175934 1809
203277 175934 1809
203277 175934 1809
226236 226516 1809
226236 226516 1809
226236 226516 1809
226236 226516 1809
226236 226516 1809
226236 226516 1809
226236 226516 1809
226236 226516 1809
226236 226516 1809
226236 226516 1809
226236 226516 1809
226236 226516 1809
11035 175934 1809
11035 175934 1809
11035 175934 1809
11035 175934 1809
11035 175934 1809
11035 175934 1809
11035 175934 1809
11035 175934 1809
11035 175934 1809
11035 175934 1809
11035 175934 1809
11035 175934 1809
11035 175934 1809
11035 175934 1809
11035 175934 1809
11035 175934 1809
11035 175934 1809
11035 175934 1809
11035 175934 1809
11035 175934 1809
11035 175934 1809
11035 175934 1809
11035 175934 1809
11035 175934 1809
11035 175934 1809
227098 227827 1810
227098 227827 1810
227098 227827 1810
227098 227827 1810
227098 227827 1810
227098 227827 1810
227098 227827 1810
227098 227827 1810
227098 227827 1810
227098 227827 1810
227098 227827 1810
227098 227827 1810
227098 227827 1810
190814 175934 1810
190814 175934 1810
190814 175934 1810
190814 175934 1810
190814 175934 1810
190814 175934 1810
190814 175934 1810
190814 175934 1810
190814 175934 1810
190814 175934 1810
190814 175934 1810
190814 175934 1810
246041 291455 1810
246041 291455 1810
246041 291455 1810
246041 291455 1810
246041 291455 1810
246041 291455 1810
246041 291455 1810
246041 291455 1810
246041 291455 1810
246041 291455 1810
246041 291455 1810
246041 291455 1810
246041 291455 1810
246072 291455 1810
246072 291455 1810
246072 291455 1810
246072 291455 1810
246072 291455 1810
246072 291455 1810
246072 291455 1810
246072 291455 1810
246072 291455 1810
246072 291455 1810
246072 291455 1810
246072 291455 1810
246072 291455 1810
274406 282516 1811
274406 282516 1811
274406 282516 1811
274406 282516 1811
274406 282516 1811
274406 282516 1811
274406 282516 1811
274406 282516 1811
274406 282516 1811
274406 282516 1811
274406 282516 1811
274406 282516 1811
286432 11835 1811
286432 11835 1811
286432 11835 1811
286432 11835 1811
286432 11835 1811
286432 11835 1811
286432 11835 1811
286432 11835 1811
286432 11835 1811
286432 11835 1811
286432 11835 1811
286432 11835 1811
286432 11835 1811
236179 229809 1811
236179 229809 1811
236179 229809 1811
236179 229809 1811
236179 229809 1811
236179 229809 1811
236179 229809 1811
236179 229809 1811
236179 229809 1811
236179 229809 1811
236179 229809 1811
236179 229809 1811
195511 239014 1812
195511 239014 1812
195511 239014 1812
195511 239014 1812
195511 239014 1812
195511 239014 1812
195511 239014 1812
195511 239014 1812
195511 239014 1812
195511 239014 1812
195511 239014 1812
195511 239014 1812
190876 208218 1813
190876 208218 1813
190876 208218 1813
190876 208218 1813
190876 208218 1813
190876 208218 1813
190876 208218 1813
190876 208218 1813
190876 208218 1813
190876 208218 1813
190876 208218 1813
190876 208218 1813
190876 208218 1813
252655 266446 1814
252655 266446 1814
252655 266446 1814
252655 266446 1814
252655 266446 1814
252655 266446 1814
252655 266446 1814
252655 266446 1814
252655 266446 1814
252655 266446 1814
252655 266446 1814
252655 266446 1814
236017 230167 1814
236017 230167 1814
236017 230167 1814
236017 230167 1814
236017 230167 1814
236017 230167 1814
236017 230167 1814
236017 230167 1814
236017 230167 1814
236017 230167 1814
236017 230167 1814
236017 230167 1814
285168 250607 1815
285168 250607 1815
285168 250607 1815
285168 250607 1815
285168 250607 1815
285168 250607 1815
285168 250607 1815
285168 250607 1815
285168 250607 1815
285168 250607 1815
285168 250607 1815
285168 250607 1815
226967 236851 1815
226967 236851 1815
226967 236851 1815
226967 236851 1815
226967 236851 1815
226967 236851 1815
226967 236851 1815
226967 236851 1815
226967 236851 1815
226967 236851 1815
226967 236851 1815
226967 236851 1815
226967 236851 1815
184184 160250 1815
184184 160250 1815
184184 160250 1815
184184 160250 1815
184184 160250 1815
184184 160250 1815
184184 160250 1815
184184 160250 1815
184184 160250 1815
184184 160250 1815
184184 160250 1815
184184 160250 1815
184184 160250 1815
285168 250607 1815
285168 250607 1815
285168 250607 1815
285168 250607 1815
285168 250607 1815
285168 250607 1815
285168 250607 1815
285168 250607 1815
285168 250607 1815
285168 250607 1815
285168 250607 1815
285168 250607 1815
288995 236474 1817
288995 236474 1817
288995 236474 1817
288995 236474 1817
288995 236474 1817
288995 236474 1817
288995 236474 1817
288995 236474 1817
288995 236474 1817
288995 236474 1817
288995 236474 1817
288995 236474 1817
4570 245995 1819
4570 245995 1819
4570 245995 1819
4570 245995 1819
4570 245995 1819
4570 245995 1819
4570 245995 1819
4570 245995 1819
4570 245995 1819
4570 245995 1819
4570 245995 1819
4570 245995 1819
4570 245995 1819
285466 236843 1822
285466 236843 1822
285466 236843 1822
285466 236843 1822
285466 236843 1822
285466 236843 1822
285466 236843 1822
285466 236843 1822
285466 236843 1822
285466 236843 1822
285466 236843 1822
285466 236843 1822
246044 285186 1822
246044 285186 1822
246044 285186 1822
246044 285186 1822
246044 285186 1822
246044 285186 1822
246044 285186 1822
246044 285186 1822
246044 285186 1822
246044 285186 1822
246044 285186 1822
246044 285186 1822
231544 226482 1822
231544 226482 1822
231544 226482 1822
231544 226482 1822
231544 226482 1822
231544 226482 1822
231544 226482 1822
231544 226482 1822
231544 226482 1822
231544 226482 1822
231544 226482 1822
231544 226482 1822
231544 226482 1822
230156 4700 1822
230156 4700 1822
230156 4700 1822
230156 4700 1822
230156 4700 1822
230156 4700 1822
230156 4700 1822
230156 4700 1822
230156 4700 1822
230156 4700 1822
230156 4700 1822
230156 4700 1822
230156 4700 1822
201801 10596 1824
201801 10596 1824
201801 10596 1824
201801 10596 1824
201801 10596 1824
201801 10596 1824
201801 10596 1824
201801 10596 1824
201801 10596 1824
201801 10596 1824
201801 10596 1824
201801 10596 1824
201801 10596 1824
151176 236450 1824
151176 236450 1824
151176 236450 1824
151176 236450 1824
151176 236450 1824
151176 236450 1824
151176 236450 1824
151176 236450 1824
151176 236450 1824
151176 236450 1824
151176 236450 1824
151176 236450 1824
227715 242036 1824
227715 242036 1824
227715 242036 1824
227715 242036 1824
227715 242036 1824
227715 242036 1824
227715 242036 1824
227715 242036 1824
227715 242036 1824
227715 242036 1824
227715 242036 1824
227715 242036 1824
203079 175939 1827
203079 175939 1827
203079 175939 1827
203079 175939 1827
203079 175939 1827
203079 175939 1827
203079 175939 1827
203079 175939 1827
203079 175939 1827
203079 175939 1827
203079 175939 1827
203079 175939 1827
203079 175939 1827
227242 231890 1828
227242 231890 1828
227242 231890 1828
227242 231890 1828
227242 231890 1828
227242 231890 1828
227242 231890 1828
227242 231890 1828
227242 231890 1828
227242 231890 1828
227242 231890 1828
227242 231890 1828
193610 246116 1828
193610 246116 1828
193610 246116 1828
193610 246116 1828
193610 246116 1828
193610 246116 1828
193610 246116 1828
193610 246116 1828
193610 246116 1828
193610 246116 1828
193610 246116 1828
193610 246116 1828
193610 246116 1828
160241 192944 1828
160241 192944 1828
160241 192944 1828
160241 192944 1828
160241 192944 1828
160241 192944 1828
160241 192944 1828
160241 192944 1828
160241 192944 1828
160241 192944 1828
160241 192944 1828
160241 192944 1828
193610 246116 1828
193610 246116 1828
193610 246116 1828
193610 246116 1828
193610 246116 1828
193610 246116 1828
193610 246116 1828
193610 246116 1828
193610 246116 1828
193610 246116 1828
193610 246116 1828
193610 246116 1828
193610 246116 1828
232867 225991 1829
232867 225991 1829
232867 225991 1829
232867 225991 1829
232867 225991 1829
232867 225991 1829
232867 225991 1829
232867 225991 1829
232867 225991 1829
232867 225991 1829
232867 225991 1829
232867 225991 1829
232867 225991 1829
193605 193236 1830
193605 193236 1830
193605 193236 1830
193605 193236 1830
193605 193236 1830
193605 193236 1830
193605 193236 1830
193605 193236 1830
193605 193236 1830
193605 193236 1830
193605 193236 1830
193605 193236 1830
193605 193236 1830
238735 237852 1830
238735 237852 1830
238735 237852 1830
238735 237852 1830
238735 237852 1830
238735 237852 1830
238735 237852 1830
238735 237852 1830
238735 237852 1830
238735 237852 1830
238735 237852 1830
238735 237852 1830
284247 246116 1830
284247 246116 1830
284247 246116 1830
284247 246116 1830
284247 246116 1830
284247 246116 1830
284247 246116 1830
284247 246116 1830
284247 246116 1830
284247 246116 1830
284247 246116 1830
284247 246116 1830
232837 228058 1831
232837 228058 1831
232837 228058 1831
232837 228058 1831
232837 228058 1831
232837 228058 1831
232837 228058 1831
232837 228058 1831
232837 228058 1831
232837 228058 1831
232837 228058 1831
232837 228058 1831
232837 228058 1831
236104 238418 1831
236104 238418 1831
236104 238418 1831
236104 238418 1831
236104 238418 1831
236104 238418 1831
236104 238418 1831
236104 238418 1831
236104 238418 1831
236104 238418 1831
236104 238418 1831
236104 238418 1831
238731 209191 1832
238731 209191 1832
238731 209191 1832
238731 209191 1832
238731 209191 1832
238731 209191 1832
238731 209191 1832
238731 209191 1832
238731 209191 1832
238731 209191 1832
238731 209191 1832
238731 209191 1832
238731 209191 1832
227557 252019 1832
227557 252019 1832
227557 252019 1832
227557 252019 1832
227557 252019 1832
227557 252019 1832
227557 252019 1832
227557 252019 1832
227557 252019 1832
227557 252019 1832
227557 252019 1832
227557 252019 1832
226251 194355 1833
226251 194355 1833
226251 194355 1833
226251 194355 1833
226251 194355 1833
226251 194355 1833
226251 194355 1833
226251 194355 1833
226251 194355 1833
226251 194355 1833
226251 194355 1833
226251 194355 1833
226251 194355 1833
252680 285375 1833
252680 285375 1833
252680 285375 1833
252680 285375 1833
252680 285375 1833
252680 285375 1833
252680 285375 1833
252680 285375 1833
252680 285375 1833
252680 285375 1833
252680 285375 1833
252680 285375 1833
14813 232687 1834
14813 232687 1834
14813 232687 1834
14813 232687 1834
14813 232687 1834
14813 232687 1834
14813 232687 1834
14813 232687 1834
14813 232687 1834
14813 232687 1834
14813 232687 1834
14813 232687 1834
14813 232687 1834
265329 204222 1835
265329 204222 1835
265329 204222 1835
265329 204222 1835
265329 204222 1835
265329 204222 1835
265329 204222 1835
265329 204222 1835
265329 204222 1835
265329 204222 1835
265329 204222 1835
265329 204222 1835
265329 204222 1835
241489 238631 1835
241489 238631 1835
241489 238631 1835
241489 238631 1835
241489 238631 1835
241489 238631 1835
241489 238631 1835
241489 238631 1835
241489 238631 1835
241489 238631 1835
241489 238631 1835
241489 238631 1835
241489 238631 1835
235146 227093 1836
235146 227093 1836
235146 227093 1836
235146 227093 1836
235146 227093 1836
235146 227093 1836
235146 227093 1836
235146 227093 1836
235146 227093 1836
235146 227093 1836
235146 227093 1836
235146 227093 1836
191578 153025 1836
191578 153025 1836
191578 153025 1836
191578 153025 1836
191578 153025 1836
191578 153025 1836
191578 153025 1836
191578 153025 1836
191578 153025 1836
191578 153025 1836
191578 153025 1836
191578 153025 1836
184459 190992 1836
184459 190992 1836
184459 190992 1836
184459 190992 1836
184459 190992 1836
184459 190992 1836
184459 190992 1836
184459 190992 1836
184459 190992 1836
184459 190992 1836
184459 190992 1836
184459 190992 1836
184459 190992 1836
153028 174934 1837
153028 174934 1837
153028 174934 1837
153028 174934 1837
153028 174934 1837
153028 174934 1837
153028 174934 1837
153028 174934 1837
153028 174934 1837
153028 174934 1837
153028 174934 1837
153028 174934 1837
153028 174934 1837
203200 198089 1837
203200 198089 1837
203200 198089 1837
203200 198089 1837
203200 198089 1837
203200 198089 1837
203200 198089 1837
203200 198089 1837
203200 198089 1837
203200 198089 1837
203200 198089 1837
203200 198089 1837
196315 153025 1837
196315 153025 1837
196315 153025 1837
196315 153025 1837
196315 153025 1837
196315 153025 1837
196315 153025 1837
196315 153025 1837
196315 153025 1837
196315 153025 1837
196315 153025 1837
196315 153025 1837
196315 153025 1837
150207 246111 1838
150207 246111 1838
150207 246111 1838
150207 246111 1838
150207 246111 1838
150207 246111 1838
150207 246111 1838
150207 246111 1838
150207 246111 1838
150207 246111 1838
150207 246111 1838
150207 246111 1838
235986 238631 1838
235986 238631 1838
235986 238631 1838
235986 238631 1838
235986 238631 1838
235986 238631 1838
235986 238631 1838
235986 238631 1838
235986 238631 1838
235986 238631 1838
235986 238631 1838
235986 238631 1838
174458 195024 1839
174458 195024 1839
174458 195024 1839
174458 195024 1839
174458 195024 1839
174458 195024 1839
174458 195024 1839
174458 195024 1839
174458 195024 1839
174458 195024 1839
174458 195024 1839
174458 195024 1839
4570 268850 1839
4570 268850 1839
4570 268850 1839
4570 268850 1839
4570 268850 1839
4570 268850 1839
4570 268850 1839
4570 268850 1839
4570 268850 1839
4570 268850 1839
4570 268850 1839
4570 268850 1839
234245 169456 1839
234245 169456 1839
234245 169456 1839
234245 169456 1839
234245 169456 1839
234245 169456 1839
234245 169456 1839
234245 169456 1839
234245 169456 1839
234245 169456 1839
234245 169456 1839
234245 169456 1839
175913 193796 1840
175913 193796 1840
175913 193796 1840
175913 193796 1840
175913 193796 1840
175913 193796 1840
175913 193796 1840
175913 193796 1840
175913 193796 1840
175913 193796 1840
175913 193796 1840
175913 193796 1840
175913 193796 1840
177292 219620 1840
177292 219620 1840
177292 219620 1840
177292 219620 1840
177292 219620 1840
177292 219620 1840
177292 219620 1840
177292 219620 1840
177292 219620 1840
177292 219620 1840
177292 219620 1840
177292 219620 1840
177292 219620 1840
175935 183756 1841
175935 183756 1841
175935 183756 1841
175935 183756 1841
175935 183756 1841
175935 183756 1841
175935 183756 1841
175935 183756 1841
175935 183756 1841
175935 183756 1841
175935 183756 1841
175935 183756 1841
292427 184795 1842
292427 184795 1842
292427 184795 1842
292427 184795 1842
292427 184795 1842
292427 184795 1842
292427 184795 1842
292427 184795 1842
292427 184795 1842
292427 184795 1842
292427 184795 1842
292427 184795 1842
10376 174940 1845
10376 174940 1845
10376 174940 1845
10376 174940 1845
10376 174940 1845
10376 174940 1845
10376 174940 1845
10376 174940 1845
10376 174940 1845
10376 174940 1845
10376 174940 1845
10376 174940 1845
230188 231482 1846
230188 231482 1846
230188 231482 1846
230188 231482 1846
230188 231482 1846
230188 231482 1846
230188 231482 1846
230188 231482 1846
230188 231482 1846
230188 231482 1846
230188 231482 1846
230188 231482 1846
175961 4664 1846
175961 4664 1846
175961 4664 1846
175961 4664 1846
175961 4664 1846
175961 4664 1846
175961 4664 1846
175961 4664 1846
175961 4664 1846
175961 4664 1846
175961 4664 1846
175961 4664 1846
193980 160250 1847
193980 160250 1847
193980 160250 1847
193980 160250 1847
193980 160250 1847
193980 160250 1847
193980 160250 1847
193980 160250 1847
193980 160250 1847
193980 160250 1847
193980 160250 1847
193980 160250 1847
193980 160250 1847
288199 292432 1847
288199 292432 1847
288199 292432 1847
288199 292432 1847
288199 292432 1847
288199 292432 1847
288199 292432 1847
288199 292432 1847
288199 292432 1847
288199 292432 1847
288199 292432 1847
288199 292432 1847
192944 293359 1848
192944 293359 1848
192944 293359 1848
192944 293359 1848
192944 293359 1848
192944 293359 1848
192944 293359 1848
192944 293359 1848
192944 293359 1848
192944 293359 1848
192944 293359 1848
192944 293359 1848
289032 294268 1849
289032 294268 1849
289032 294268 1849
289032 294268 1849
289032 294268 1849
289032 294268 1849
289032 294268 1849
289032 294268 1849
289032 294268 1849
289032 294268 1849
289032 294268 1849
289032 294268 1849
289032 294268 1849
234222 230167 1850
234222 230167 1850
234222 230167 1850
234222 230167 1850
234222 230167 1850
234222 230167 1850
234222 230167 1850
234222 230167 1850
234222 230167 1850
234222 230167 1850
234222 230167 1850
234222 230167 1850
198521 196308 1851
198521 196308 1851
198521 196308 1851
198521 196308 1851
198521 196308 1851
198521 196308 1851
198521 196308 1851
198521 196308 1851
198521 196308 1851
198521 196308 1851
198521 196308 1851
198521 196308 1851
296191 235683 1852
296191 235683 1852
296191 235683 1852
296191 235683 1852
296191 235683 1852
296191 235683 1852
296191 235683 1852
296191 235683 1852
296191 235683 1852
296191 235683 1852
296191 235683 1852
296191 235683 1852
237846 243709 1852
237846 243709 1852
237846 243709 1852
237846 243709 1852
237846 243709 1852
237846 243709 1852
237846 243709 1852
237846 243709 1852
237846 243709 1852
237846 243709 1852
237846 243709 1852
237846 243709 1852
237846 243709 1852
235945 227541 1853
235945 227541 1853
235945 227541 1853
235945 227541 1853
235945 227541 1853
235945 227541 1853
235945 227541 1853
235945 227541 1853
235945 227541 1853
235945 227541 1853
235945 227541 1853
235945 227541 1853
240616 227852 1853
240616 227852 1853
240616 227852 1853
240616 227852 1853
240616 227852 1853
240616 227852 1853
240616 227852 1853
240616 227852 1853
240616 227852 1853
240616 227852 1853
240616 227852 1853
240616 227852 1853
240616 227852 1853
184794 245995 1853
184794 245995 1853
184794 245995 1853
184794 245995 1853
184794 245995 1853
184794 245995 1853
184794 245995 1853
184794 245995 1853
184794 245995 1853
184794 245995 1853
184794 245995 1853
184794 245995 1853
184794 245995 1853
227416 234676 1856
227416 234676 1856
227416 234676 1856
227416 234676 1856
227416 234676 1856
227416 234676 1856
227416 234676 1856
227416 234676 1856
227416 234676 1856
227416 234676 1856
227416 234676 1856
227416 234676 1856
227416 234676 1856
187713 206267 1856
187713 206267 1856
187713 206267 1856
187713 206267 1856
187713 206267 1856
187713 206267 1856
187713 206267 1856
187713 206267 1856
187713 206267 1856
187713 206267 1856
187713 206267 1856
187713 206267 1856
228034 228707 1856
228034 228707 1856
228034 228707 1856
228034 228707 1856
228034 228707 1856
228034 228707 1856
228034 228707 1856
228034 228707 1856
228034 228707 1856
228034 228707 1856
228034 228707 1856
228034 228707 1856
228034 228707 1856
195546 238001 1856
195546 238001 1856
195546 238001 1856
195546 238001 1856
195546 238001 1856
195546 238001 1856
195546 238001 1856
195546 238001 1856
195546 238001 1856
195546 238001 1856
195546 238001 1856
195546 238001 1856
295184 289150 1857
295184 289150 1857
295184 289150 1857
295184 289150 1857
295184 289150 1857
295184 289150 1857
295184 289150 1857
295184 289150 1857
295184 289150 1857
295184 289150 1857
295184 289150 1857
295184 289150 1857
295184 289150 1857
285273 226986 1857
285273 226986 1857
285273 226986 1857
285273 226986 1857
285273 226986 1857
285273 226986 1857
285273 226986 1857
285273 226986 1857
285273 226986 1857
285273 226986 1857
285273 226986 1857
285273 226986 1857
285273 226986 1857
293672 245976 1857
293672 245976 1857
293672 245976 1857
293672 245976 1857
293672 245976 1857
293672 245976 1857
293672 245976 1857
293672 245976 1857
293672 245976 1857
293672 245976 1857
293672 245976 1857
293672 245976 1857
293672 245976 1857
228366 267803 1858
228366 267803 1858
228366 267803 1858
228366 267803 1858
228366 267803 1858
228366 267803 1858
228366 267803 1858
228366 267803 1858
228366 267803 1858
228366 267803 1858
228366 267803 1858
228366 267803 1858
228366 267803 1858
190915 10376 1858
190915 10376 1858
190915 10376 1858
190915 10376 1858
190915 10376 1858
190915 10376 1858
190915 10376 1858
190915 10376 1858
190915 10376 1858
190915 10376 1858
190915 10376 1858
190915 10376 1858
194553 193101 1859
194553 193101 1859
194553 193101 1859
194553 193101 1859
194553 193101 1859
194553 193101 1859
194553 193101 1859
194553 193101 1859
194553 193101 1859
194553 193101 1859
194553 193101 1859
194553 193101 1859
194553 193101 1859
226382 292030 1859
226382 292030 1859
226382 292030 1859
226382 292030 1859
226382 292030 1859
226382 292030 1859
226382 292030 1859
226382 292030 1859
226382 292030 1859
226382 292030 1859
226382 292030 1859
226382 292030 1859
170586 177285 1860
170586 177285 1860
170586 177285 1860
170586 177285 1860
170586 177285 1860
170586 177285 1860
170586 177285 1860
170586 177285 1860
170586 177285 1860
170586 177285 1860
170586 177285 1860
170586 177285 1860
170586 177285 1860
285466 245976 1860
285466 245976 1860
285466 245976 1860
285466 245976 1860
285466 245976 1860
285466 245976 1860
285466 245976 1860
285466 245976 1860
285466 245976 1860
285466 245976 1860
285466 245976 1860
285466 245976 1860
226986 227723 1860
226986 227723 1860
226986 227723 1860
226986 227723 1860
226986 227723 1860
226986 227723 1860
226986 227723 1860
226986 227723 1860
226986 227723 1860
226986 227723 1860
226986 227723 1860
226986 227723 1860
226986 227723 1860
236137 225646 1862
236137 225646 1862
236137 225646 1862
236137 225646 1862
236137 225646 1862
236137 225646 1862
236137 225646 1862
236137 225646 1862
236137 225646 1862
236137 225646 1862
236137 225646 1862
236137 225646 1862
235683 202634 1862
235683 202634 1862
235683 202634 1862
235683 202634 1862
235683 202634 1862
235683 202634 1862
235683 202634 1862
235683 202634 1862
235683 202634 1862
235683 202634 1862
235683 202634 1862
235683 202634 1862
235683 202634 1862
282547 240961 1864
282547 240961 1864
282547 240961 1864
282547 240961 1864
282547 240961 1864
282547 240961 1864
282547 240961 1864
282547 240961 1864
282547 240961 1864
282547 240961 1864
282547 240961 1864
282547 240961 1864
282547 240961 1864
289545 289098 1864
289545 289098 1864
289545 289098 1864
289545 289098 1864
289545 289098 1864
289545 289098 1864
289545 289098 1864
289545 289098 1864
289545 289098 1864
289545 289098 1864
289545 289098 1864
289545 289098 1864
289545 289098 1864
240961 230381 1866
240961 230381 1866
240961 230381 1866
240961 230381 1866
240961 230381 1866
240961 230381 1866
240961 230381 1866
240961 230381 1866
240961 230381 1866
240961 230381 1866
240961 230381 1866
240961 230381 1866
289098 262514 1868
289098 262514 1868
289098 262514 1868
289098 262514 1868
289098 262514 1868
289098 262514 1868
289098 262514 1868
289098 262514 1868
289098 262514 1868
289098 262514 1868
289098 262514 1868
289098 262514 1868
289098 262514 1868
234710 155156 1873
234710 155156 1873
234710 155156 1873
234710 155156 1873
234710 155156 1873
234710 155156 1873
234710 155156 1873
234710 155156 1873
234710 155156 1873
234710 155156 1873
234710 155156 1873
234710 155156 1873
234710 155156 1873
190918 177252 1875
190918 177252 1875
190918 177252 1875
190918 177252 1875
190918 177252 1875
190918 177252 1875
190918 177252 1875
190918 177252 1875
190918 177252 1875
190918 177252 1875
190918 177252 1875
190918 177252 1875
235658 126481 1879
235658 126481 1879
235658 126481 1879
235658 126481 1879
235658 126481 1879
235658 126481 1879
235658 126481 1879
235658 126481 1879
235658 126481 1879
235658 126481 1879
235658 126481 1879
235658 126481 1879
235658 126481 1879
252698 270405 1880
252698 270405 1880
252698 270405 1880
252698 270405 1880
252698 270405 1880
252698 270405 1880
252698 270405 1880
252698 270405 1880
252698 270405 1880
252698 270405 1880
252698 270405 1880
252698 270405 1880
227650 231422 1883
227650 231422 1883
227650 231422 1883
227650 231422 1883
227650 231422 1883
227650 231422 1883
227650 231422 1883
227650 231422 1883
227650 231422 1883
227650 231422 1883
227650 231422 1883
227650 231422 1883
239190 235810 1884
239190 235810 1884
239190 235810 1884
239190 235810 1884
239190 235810 1884
239190 235810 1884
239190 235810 1884
239190 235810 1884
239190 235810 1884
239190 235810 1884
239190 235810 1884
239190 235810 1884
243790 227232 1884
243790 227232 1884
243790 227232 1884
243790 227232 1884
243790 227232 1884
243790 227232 1884
243790 227232 1884
243790 227232 1884
243790 227232 1884
243790 227232 1884
243790 227232 1884
243790 227232 1884
227988 228058 1886
227988 228058 1886
227988 228058 1886
227988 228058 1886
227988 228058 1886
227988 228058 1886
227988 228058 1886
227988 228058 1886
227988 228058 1886
227988 228058 1886
227988 228058 1886
227988 228058 1886
239160 246101 1887
239160 246101 1887
239160 246101 1887
239160 246101 1887
239160 246101 1887
239160 246101 1887
239160 246101 1887
239160 246101 1887
239160 246101 1887
239160 246101 1887
239160 246101 1887
239160 246101 1887
291398 291426 1887
291398 291426 1887
291398 291426 1887
291398 291426 1887
291398 291426 1887
291398 291426 1887
291398 291426 1887
291398 291426 1887
291398 291426 1887
291398 291426 1887
291398 291426 1887
291398 291426 1887
291398 291426 1887
190915 193608 1888
190915 193608 1888
190915 193608 1888
190915 193608 1888
190915 193608 1888
190915 193608 1888
190915 193608 1888
190915 193608 1888
190915 193608 1888
190915 193608 1888
190915 193608 1888
190915 193608 1888
190915 193608 1888
238214 228189 1888
238214 228189 1888
238214 228189 1888
238214 228189 1888
238214 228189 1888
238214 228189 1888
238214 228189 1888
238214 228189 1888
238214 228189 1888
238214 228189 1888
238214 228189 1888
238214 228189 1888
238214 228189 1888
232061 246309 1888
232061 246309 1888
232061 246309 1888
232061 246309 1888
232061 246309 1888
232061 246309 1888
232061 246309 1888
232061 246309 1888
232061 246309 1888
232061 246309 1888
232061 246309 1888
232061 246309 1888
183755 192994 1889
183755 192994 1889
183755 192994 1889
183755 192994 1889
183755 192994 1889
183755 192994 1889
183755 192994 1889
183755 192994 1889
183755 192994 1889
183755 192994 1889
183755 192994 1889
183755 192994 1889
183755 192994 1889
238721 228200 1890
238721 228200 1890
238721 228200 1890
238721 228200 1890
238721 228200 1890
238721 228200 1890
238721 228200 1890
238721 228200 1890
238721 228200 1890
238721 228200 1890
238721 228200 1890
238721 228200 1890
246059 245982 1890
246059 245982 1890
246059 245982 1890
246059 245982 1890
246059 245982 1890
246059 245982 1890
246059 245982 1890
246059 245982 1890
246059 245982 1890
246059 245982 1890
246059 245982 1890
246059 245982 1890
246059 245982 1890
9117 284633 1891
9117 284633 1891
9117 284633 1891
9117 284633 1891
9117 284633 1891
9117 284633 1891
9117 284633 1891
9117 284633 1891
9117 284633 1891
9117 284633 1891
9117 284633 1891
9117 284633 1891
227098 230705 1891
227098 230705 1891
227098 230705 1891
227098 230705 1891
227098 230705 1891
227098 230705 1891
227098 230705 1891
227098 230705 1891
227098 230705 1891
227098 230705 1891
227098 230705 1891
227098 230705 1891
227098 230705 1891
231025 227650 1892
231025 227650 1892
231025 227650 1892
231025 227650 1892
231025 227650 1892
231025 227650 1892
231025 227650 1892
231025 227650 1892
231025 227650 1892
231025 227650 1892
231025 227650 1892
231025 227650 1892
231025 227650 1892
231025 10933 1892
231025 10933 1892
231025 10933 1892
231025 10933 1892
231025 10933 1892
231025 10933 1892
231025 10933 1892
231025 10933 1892
231025 10933 1892
231025 10933 1892
231025 10933 1892
231025 10933 1892
237986 239001 1893
237986 239001 1893
237986 239001 1893
237986 239001 1893
237986 239001 1893
237986 239001 1893
237986 239001 1893
237986 239001 1893
237986 239001 1893
237986 239001 1893
237986 239001 1893
237986 239001 1893
192994 182496 1894
192994 182496 1894
192994 182496 1894
192994 182496 1894
192994 182496 1894
192994 182496 1894
192994 182496 1894
192994 182496 1894
192994 182496 1894
192994 182496 1894
192994 182496 1894
192994 182496 1894
227028 236994 1894
227028 236994 1894
227028 236994 1894
227028 236994 1894
227028 236994 1894
227028 236994 1894
227028 236994 1894
227028 236994 1894
227028 236994 1894
227028 236994 1894
227028 236994 1894
227028 236994 1894
227028 236994 1894
246169 151188 1894
246169 151188 1894
246169 151188 1894
246169 151188 1894
246169 151188 1894
246169 151188 1894
246169 151188 1894
246169 151188 1894
246169 151188 1894
246169 151188 1894
246169 151188 1894
246169 151188 1894
4712 239754 1895
4712 239754 1895
4712 239754 1895
4712 239754 1895
4712 239754 1895
4712 239754 1895
4712 239754 1895
4712 239754 1895
4712 239754 1895
4712 239754 1895
4712 239754 1895
4712 239754 1895
4712 239754 1895
282562 284638 1895
282562 284638 1895
282562 284638 1895
282562 284638 1895
282562 284638 1895
282562 284638 1895
282562 284638 1895
282562 284638 1895
282562 284638 1895
282562 284638 1895
282562 284638 1895
282562 284638 1895
14923 227020 1898
14923 227020 1898
14923 227020 1898
14923 227020 1898
14923 227020 1898
14923 227020 1898
14923 227020 1898
14923 227020 1898
14923 227020 1898
14923 227020 1898
14923 227020 1898
14923 227020 1898
229801 227234 1898
229801 227234 1898
229801 227234 1898
229801 227234 1898
229801 227234 1898
229801 227234 1898
229801 227234 1898
229801 227234 1898
229801 227234 1898
229801 227234 1898
229801 227234 1898
229801 227234 1898
235094 235685 1901
235094 235685 1901
235094 235685 1901
235094 235685 1901
235094 235685 1901
235094 235685 1901
235094 235685 1901
235094 235685 1901
235094 235685 1901
235094 235685 1901
235094 235685 1901
235094 235685 1901
175969 201279 1903
175969 201279 1903
175969 201279 1903
175969 201279 1903
175969 201279 1903
175969 201279 1903
175969 201279 1903
175969 201279 1903
175969 201279 1903
175969 201279 1903
175969 201279 1903
175969 201279 1903
245980 245977 1904
245980 245977 1904
245980 245977 1904
245980 245977 1904
245980 245977 1904
245980 245977 1904
245980 245977 1904
245980 245977 1904
245980 245977 1904
245980 245977 1904
245980 245977 1904
245980 245977 1904
245980 245977 1904
236088 198595 1904
236088 198595 1904
236088 198595 1904
236088 198595 1904
236088 198595 1904
236088 198595 1904
236088 198595 1904
236088 198595 1904
236088 198595 1904
236088 198595 1904
236088 198595 1904
236088 198595 1904
236088 198595 1904
230217 236400 1907
230217 236400 1907
230217 236400 1907
230217 236400 1907
230217 236400 1907
230217 236400 1907
230217 236400 1907
230217 236400 1907
230217 236400 1907
230217 236400 1907
230217 236400 1907
230217 236400 1907
186780 15679 1908
186780 15679 1908
186780 15679 1908
186780 15679 1908
186780 15679 1908
186780 15679 1908
186780 15679 1908
186780 15679 1908
186780 15679 1908
186780 15679 1908
186780 15679 1908
186780 15679 1908
186780 15679 1908
192944 237733 1909
192944 237733 1909
192944 237733 1909
192944 237733 1909
192944 237733 1909
192944 237733 1909
192944 237733 1909
192944 237733 1909
192944 237733 1909
192944 237733 1909
192944 237733 1909
192944 237733 1909
192944 237733 1909
203445 201279 1909
203445 201279 1909
203445 201279 1909
203445 201279 1909
203445 201279 1909
203445 201279 1909
203445 201279 1909
203445 201279 1909
203445 201279 1909
203445 201279 1909
203445 201279 1909
203445 201279 1909
203445 201279 1909
151125 233599 1909
151125 233599 1909
151125 233599 1909
151125 233599 1909
151125 233599 1909
151125 233599 1909
151125 233599 1909
151125 233599 1909
151125 233599 1909
151125 233599 1909
151125 233599 1909
151125 233599 1909
151125 233599 1909
240606 285466 1910
240606 285466 1910
240606 285466 1910
240606 285466 1910
240606 285466 1910
240606 285466 1910
240606 285466 1910
240606 285466 1910
240606 285466 1910
240606 285466 1910
240606 285466 1910
240606 285466 1910
288683 291435 1911
288683 291435 1911
288683 291435 1911
288683 291435 1911
288683 291435 1911
288683 291435 1911
288683 291435 1911
288683 291435 1911
288683 291435 1911
288683 291435 1911
288683 291435 1911
288683 291435 1911
285375 291440 1911
285375 291440 1911
285375 291440 1911
285375 291440 1911
285375 291440 1911
285375 291440 1911
285375 291440 1911
285375 291440 1911
285375 291440 1911
285375 291440 1911
285375 291440 1911
285375 291440 1911
285375 291440 1911
226581 226394 1911
226581 226394 1911
226581 226394 1911
226581 226394 1911
226581 226394 1911
226581 226394 1911
226581 226394 1911
226581 226394 1911
226581 226394 1911
226581 226394 1911
226581 226394 1911
226581 226394 1911
226581 226394 1911
245943 256656 1911
245943 256656 1911
245943 256656 1911
245943 256656 1911
245943 256656 1911
245943 256656 1911
245943 256656 1911
245943 256656 1911
245943 256656 1911
245943 256656 1911
245943 256656 1911
245943 256656 1911
238725 227020 1918
238725 227020 1918
238725 227020 1918
238725 227020 1918
238725 227020 1918
238725 227020 1918
238725 227020 1918
238725 227020 1918
238725 227020 1918
238725 227020 1918
238725 227020 1918
238725 227020 1918
238725 227020 1918
285354 230124 1922
285354 230124 1922
285354 230124 1922
285354 230124 1922
285354 230124 1922
285354 230124 1922
285354 230124 1922
285354 230124 1922
285354 230124 1922
285354 230124 1922
285354 230124 1922
285354 230124 1922
174393 225659 1923
174393 225659 1923
174393 225659 1923
174393 225659 1923
174393 225659 1923
174393 225659 1923
174393 225659 1923
174393 225659 1923
174393 225659 1923
174393 225659 1923
174393 225659 1923
174393 225659 1923
174393 225659 1923
250672 274406 1925
250672 274406 1925
250672 274406 1925
250672 274406 1925
250672 274406 1925
250672 274406 1925
250672 274406 1925
250672 274406 1925
250672 274406 1925
250672 274406 1925
250672 274406 1925
250672 274406 1925
245898 285187 1926
245898 285187 1926
245898 285187 1926
245898 285187 1926
245898 285187 1926
245898 285187 1926
245898 285187 1926
245898 285187 1926
245898 285187 1926
245898 285187 1926
245898 285187 1926
245898 285187 1926
245898 285187 1926
229220 231414 1928
229220 231414 1928
229220 231414 1928
229220 231414 1928
229220 231414 1928
229220 231414 1928
229220 231414 1928
229220 231414 1928
229220 231414 1928
229220 231414 1928
229220 231414 1928
229220 231414 1928
265367 295112 1929
265367 295112 1929
265367 295112 1929
265367 295112 1929
265367 295112 1929
265367 295112 1929
265367 295112 1929
265367 295112 1929
265367 295112 1929
265367 295112 1929
265367 295112 1929
265367 295112 1929
232076 241942 1932
232076 241942 1932
232076 241942 1932
232076 241942 1932
232076 241942 1932
232076 241942 1932
232076 241942 1932
232076 241942 1932
232076 241942 1932
232076 241942 1932
232076 241942 1932
232076 241942 1932
232076 241942 1932
236089 235683 1932
236089 235683 1932
236089 235683 1932
236089 235683 1932
236089 235683 1932
236089 235683 1932
236089 235683 1932
236089 235683 1932
236089 235683 1932
236089 235683 1932
236089 235683 1932
236089 235683 1932
236089 235683 1932
176237 174393 1935
176237 174393 1935
176237 174393 1935
176237 174393 1935
176237 174393 1935
176237 174393 1935
176237 174393 1935
176237 174393 1935
176237 174393 1935
176237 174393 1935
176237 174393 1935
176237 174393 1935
176237 174393 1935
233327 236179 1935
233327 236179 1935
233327 236179 1935
233327 236179 1935
233327 236179 1935
233327 236179 1935
233327 236179 1935
233327 236179 1935
233327 236179 1935
233327 236179 1935
233327 236179 1935
233327 236179 1935
153037 225931 1936
153037 225931 1936
153037 225931 1936
153037 225931 1936
153037 225931 1936
153037 225931 1936
153037 225931 1936
153037 225931 1936
153037 225931 1936
153037 225931 1936
153037 225931 1936
153037 225931 1936
153037 225931 1936
228091 229836 1936
228091 229836 1936
228091 229836 1936
228091 229836 1936
228091 229836 1936
228091 229836 1936
228091 229836 1936
228091 229836 1936
228091 229836 1936
228091 229836 1936
228091 229836 1936
228091 229836 1936
228091 229836 1936
196008 206134 1942
196008 206134 1942
196008 206134 1942
196008 206134 1942
196008 206134 1942
196008 206134 1942
196008 206134 1942
196008 206134 1942
196008 206134 1942
196008 206134 1942
196008 206134 1942
196008 206134 1942
196008 206134 1942
227827 151490 1943
227827 151490 1943
227827 151490 1943
227827 151490 1943
227827 151490 1943
227827 151490 1943
227827 151490 1943
227827 151490 1943
227827 151490 1943
227827 151490 1943
227827 151490 1943
227827 151490 1943
227827 151490 1943
285272 246120 1948
285272 246120 1948
285272 246120 1948
285272 246120 1948
285272 246120 1948
285272 246120 1948
285272 246120 1948
285272 246120 1948
285272 246120 1948
285272 246120 1948
285272 246120 1948
285272 246120 1948
231372 226986 1949
231372 226986 1949
231372 226986 1949
231372 226986 1949
231372 226986 1949
231372 226986 1949
231372 226986 1949
231372 226986 1949
231372 226986 1949
231372 226986 1949
231372 226986 1949
231372 226986 1949
201796 191591 1950
201796 191591 1950
201796 191591 1950
201796 191591 1950
201796 191591 1950
201796 191591 1950
201796 191591 1950
201796 191591 1950
201796 191591 1950
201796 191591 1950
201796 191591 1950
201796 191591 1950
236888 227827 1951
236888 227827 1951
236888 227827 1951
236888 227827 1951
236888 227827 1951
236888 227827 1951
236888 227827 1951
236888 227827 1951
236888 227827 1951
236888 227827 1951
236888 227827 1951
236888 227827 1951
283345 246816 1953
283345 246816 1953
283345 246816 1953
283345 246816 1953
283345 246816 1953
283345 246816 1953
283345 246816 1953
283345 246816 1953
283345 246816 1953
283345 246816 1953
283345 246816 1953
283345 246816 1953
294547 285317 1954
294547 285317 1954
294547 285317 1954
294547 285317 1954
294547 285317 1954
294547 285317 1954
294547 285317 1954
294547 285317 1954
294547 285317 1954
294547 285317 1954
294547 285317 1954
294547 285317 1954
242212 235013 1954
242212 235013 1954
242212 235013 1954
242212 235013 1954
242212 235013 1954
242212 235013 1954
242212 235013 1954
242212 235013 1954
242212 235013 1954
242212 235013 1954
242212 235013 1954
242212 235013 1954
191032 10596 1955
191032 10596 1955
191032 10596 1955
191032 10596 1955
191032 10596 1955
191032 10596 1955
191032 10596 1955
191032 10596 1955
191032 10596 1955
191032 10596 1955
191032 10596 1955
191032 10596 1955
235013 226840 1956
235013 226840 1956
235013 226840 1956
235013 226840 1956
235013 226840 1956
235013 226840 1956
235013 226840 1956
235013 226840 1956
235013 226840 1956
235013 226840 1956
235013 226840 1956
235013 226840 1956
187713 202632 1956
187713 202632 1956
187713 202632 1956
187713 202632 1956
187713 202632 1956
187713 202632 1956
187713 202632 1956
187713 202632 1956
187713 202632 1956
187713 202632 1956
187713 202632 1956
187713 202632 1956
187713 202632 1956
14812 230144 1958
14812 230144 1958
14812 230144 1958
14812 230144 1958
14812 230144 1958
14812 230144 1958
14812 230144 1958
14812 230144 1958
14812 230144 1958
14812 230144 1958
14812 230144 1958
14812 230144 1958
225796 246598 1961
225796 246598 1961
225796 246598 1961
225796 246598 1961
225796 246598 1961
225796 246598 1961
225796 246598 1961
225796 246598 1961
225796 246598 1961
225796 246598 1961
225796 246598 1961
225796 246598 1961
225796 246598 1961
226452 229812 1961
226452 229812 1961
226452 229812 1961
226452 229812 1961
226452 229812 1961
226452 229812 1961
226452 229812 1961
226452 229812 1961
226452 229812 1961
226452 229812 1961
226452 229812 1961
226452 229812 1961
200260 293359 1961
200260 293359 1961
200260 293359 1961
200260 293359 1961
200260 293359 1961
200260 293359 1961
200260 293359 1961
200260 293359 1961
200260 293359 1961
200260 293359 1961
200260 293359 1961
200260 293359 1961
200260 293359 1961
262450 151474 1961
262450 151474 1961
262450 151474 1961
262450 151474 1961
262450 151474 1961
262450 151474 1961
262450 151474 1961
262450 151474 1961
262450 151474 1961
262450 151474 1961
262450 151474 1961
262450 151474 1961
289042 265412 1963
289042 265412 1963
289042 265412 1963
289042 265412 1963
289042 265412 1963
289042 265412 1963
289042 265412 1963
289042 265412 1963
289042 265412 1963
289042 265412 1963
289042 265412 1963
289042 265412 1963
227243 235687 1963
227243 235687 1963
227243 235687 1963
227243 235687 1963
227243 235687 1963
227243 235687 1963
227243 235687 1963
227243 235687 1963
227243 235687 1963
227243 235687 1963
227243 235687 1963
227243 235687 1963
227243 235687 1963
237843 241887 1963
237843 241887 1963
237843 241887 1963
237843 241887 1963
237843 241887 1963
237843 241887 1963
237843 241887 1963
237843 241887 1963
237843 241887 1963
237843 241887 1963
237843 241887 1963
237843 241887 1963
240949 231025 1964
240949 231025 1964
240949 231025 1964
240949 231025 1964
240949 231025 1964
240949 231025 1964
240949 231025 1964
240949 231025 1964
240949 231025 1964
240949 231025 1964
240949 231025 1964
240949 231025 1964
196008 265841 1964
196008 265841 1964
196008 265841 1964
196008 265841 1964
196008 265841 1964
196008 265841 1964
196008 265841 1964
196008 265841 1964
196008 265841 1964
196008 265841 1964
196008 265841 1964
196008 265841 1964
289042 265412 1965
289042 265412 1965
289042 265412 1965
289042 265412 1965
289042 265412 1965
289042 265412 1965
289042 265412 1965
289042 265412 1965
289042 265412 1965
289042 265412 1965
289042 265412 1965
289042 265412 1965
289042 265412 1965
230701 237660 1966
230701 237660 1966
230701 237660 1966
230701 237660 1966
230701 237660 1966
230701 237660 1966
230701 237660 1966
230701 237660 1966
230701 237660 1966
230701 237660 1966
230701 237660 1966
230701 237660 1966
231019 228034 1968
231019 228034 1968
231019 228034 1968
231019 228034 1968
231019 228034 1968
231019 228034 1968
231019 228034 1968
231019 228034 1968
231019 228034 1968
231019 228034 1968
231019 228034 1968
231019 228034 1968
232833 228156 1969
232833 228156 1969
232833 228156 1969
232833 228156 1969
232833 228156 1969
232833 228156 1969
232833 228156 1969
232833 228156 1969
232833 228156 1969
232833 228156 1969
232833 228156 1969
232833 228156 1969
232833 228156 1969
226380 226971 1970
226380 226971 1970
226380 226971 1970
226380 226971 1970
226380 226971 1970
226380 226971 1970
226380 226971 1970
226380 226971 1970
226380 226971 1970
226380 226971 1970
226380 226971 1970
226380 226971 1970
233636 236858 1977
233636 236858 1977
233636 236858 1977
233636 236858 1977
233636 236858 1977
233636 236858 1977
233636 236858 1977
233636 236858 1977
233636 236858 1977
233636 236858 1977
233636 236858 1977
233636 236858 1977
237844 243708 1977
237844 243708 1977
237844 243708 1977
237844 243708 1977
237844 243708 1977
237844 243708 1977
237844 243708 1977
237844 243708 1977
237844 243708 1977
237844 243708 1977
237844 243708 1977
237844 243708 1977
227732 242491 1983
227732 242491 1983
227732 242491 1983
227732 242491 1983
227732 242491 1983
227732 242491 1983
227732 242491 1983
227732 242491 1983
227732 242491 1983
227732 242491 1983
227732 242491 1983
227732 242491 1983
227732 242491 1983
289524 291226 1988
289524 291226 1988
289524 291226 1988
289524 291226 1988
289524 291226 1988
289524 291226 1988
289524 291226 1988
289524 291226 1988
289524 291226 1988
289524 291226 1988
289524 291226 1988
289524 291226 1988
289524 291226 1988
246816 295112 1988
246816 295112 1988
246816 295112 1988
246816 295112 1988
246816 295112 1988
246816 295112 1988
246816 295112 1988
246816 295112 1988
246816 295112 1988
246816 295112 1988
246816 295112 1988
246816 295112 1988
246816 295112 1988
265637 227640 1989
265637 227640 1989
265637 227640 1989
265637 227640 1989
265637 227640 1989
265637 227640 1989
265637 227640 1989
265637 227640 1989
265637 227640 1989
265637 227640 1989
265637 227640 1989
265637 227640 1989
233594 228156 1991
233594 228156 1991
233594 228156 1991
233594 228156 1991
233594 228156 1991
233594 228156 1991
233594 228156 1991
233594 228156 1991
233594 228156 1991
233594 228156 1991
233594 228156 1991
233594 228156 1991
231439 231019 1993
231439 231019 1993
231439 231019 1993
231439 231019 1993
231439 231019 1993
231439 231019 1993
231439 231019 1993
231439 231019 1993
231439 231019 1993
231439 231019 1993
231439 231019 1993
231439 231019 1993
231439 231019 1993
228034 246044 1994
228034 246044 1994
228034 246044 1994
228034 246044 1994
228034 246044 1994
228034 246044 1994
228034 246044 1994
228034 246044 1994
228034 246044 1994
228034 246044 1994
228034 246044 1994
228034 246044 1994
228034 246044 1994
190900 185761 1995
190900 185761 1995
190900 185761 1995
190900 185761 1995
190900 185761 1995
190900 185761 1995
190900 185761 1995
190900 185761 1995
190900 185761 1995
190900 185761 1995
190900 185761 1995
190900 185761 1995
285316 246169 1997
285316 246169 1997
285316 246169 1997
285316 246169 1997
285316 246169 1997
285316 246169 1997
285316 246169 1997
285316 246169 1997
285316 246169 1997
285316 246169 1997
285316 246169 1997
285316 246169 1997
236558 14813 1998
236558 14813 1998
236558 14813 1998
236558 14813 1998
236558 14813 1998
236558 14813 1998
236558 14813 1998
236558 14813 1998
236558 14813 1998
236558 14813 1998
236558 14813 1998
236558 14813 1998
236558 14813 1998
235860 285658 1999
235860 285658 1999
235860 285658 1999
235860 285658 1999
235860 285658 1999
235860 285658 1999
235860 285658 1999
235860 285658 1999
235860 285658 1999
235860 285658 1999
235860 285658 1999
235860 285658 1999
285169 19032 1999
285169 19032 1999
285169 19032 1999
285169 19032 1999
285169 19032 1999
285169 19032 1999
285169 19032 1999
285169 19032 1999
285169 19032 1999
285169 19032 1999
285169 19032 1999
285169 19032 1999
285169 19032 1999
227071 195545 1999
227071 195545 1999
227071 195545 1999
227071 195545 1999
227071 195545 1999
227071 195545 1999
227071 195545 1999
227071 195545 1999
227071 195545 1999
227071 195545 1999
227071 195545 1999
227071 195545 1999
227071 195545 1999
226476 176275 1999
226476 176275 1999
226476 176275 1999
226476 176275 1999
226476 176275 1999
226476 176275 1999
226476 176275 1999
226476 176275 1999
226476 176275 1999
226476 176275 1999
226476 176275 1999
226476 176275 1999
262497 233592 2001
262497 233592 2001
262497 233592 2001
262497 233592 2001
262497 233592 2001
262497 233592 2001
262497 233592 2001
262497 233592 2001
262497 233592 2001
262497 233592 2001
262497 233592 2001
262497 233592 2001
201801 225616 2002
201801 225616 2002
201801 225616 2002
201801 225616 2002
201801 225616 2002
201801 225616 2002
201801 225616 2002
201801 225616 2002
201801 225616 2002
201801 225616 2002
201801 225616 2002
201801 225616 2002
201801 225616 2002
240657 228034 2003
240657 228034 2003
240657 228034 2003
240657 228034 2003
240657 228034 2003
240657 228034 2003
240657 228034 2003
240657 228034 2003
240657 228034 2003
240657 228034 2003
240657 228034 2003
240657 228034 2003
289528 284633 2008
289528 284633 2008
289528 284633 2008
289528 284633 2008
289528 284633 2008
289528 284633 2008
289528 284633 2008
289528 284633 2008
289528 284633 2008
289528 284633 2008
289528 284633 2008
289528 284633 2008
289528 284633 2008
235790 247034 2013
235790 247034 2013
235790 247034 2013
235790 247034 2013
235790 247034 2013
235790 247034 2013
235790 247034 2013
235790 247034 2013
235790 247034 2013
235790 247034 2013
235790 247034 2013
235790 247034 2013
235790 247034 2013
14430 9638 2015
14430 9638 2015
14430 9638 2015
14430 9638 2015
14430 9638 2015
14430 9638 2015
14430 9638 2015
14430 9638 2015
14430 9638 2015
14430 9638 2015
14430 9638 2015
14430 9638 2015
14430 9638 2015
283388 285274 2018
283388 285274 2018
283388 285274 2018
283388 285274 2018
283388 285274 2018
283388 285274 2018
283388 285274 2018
283388 285274 2018
283388 285274 2018
283388 285274 2018
283388 285274 2018
283388 285274 2018
240600 296096 2018
240600 296096 2018
240600 296096 2018
240600 296096 2018
240600 296096 2018
240600 296096 2018
240600 296096 2018
240600 296096 2018
240600 296096 2018
240600 296096 2018
240600 296096 2018
240600 296096 2018
240600 296096 2018
287856 289524 2019
287856 289524 2019
287856 289524 2019
287856 289524 2019
287856 289524 2019
287856 289524 2019
287856 289524 2019
287856 289524 2019
287856 289524 2019
287856 289524 2019
287856 289524 2019
287856 289524 2019
287856 289524 2019
295147 250551 2020
295147 250551 2020
295147 250551 2020
295147 250551 2020
295147 250551 2020
295147 250551 2020
295147 250551 2020
295147 250551 2020
295147 250551 2020
295147 250551 2020
295147 250551 2020
295147 250551 2020
295147 250551 2020
285281 266103 2020
285281 266103 2020
285281 266103 2020
285281 266103 2020
285281 266103 2020
285281 266103 2020
285281 266103 2020
285281 266103 2020
285281 266103 2020
285281 266103 2020
285281 266103 2020
285281 266103 2020
285281 266103 2020
174945 174932 2021
174945 174932 2021
174945 174932 2021
174945 174932 2021
174945 174932 2021
174945 174932 2021
174945 174932 2021
174945 174932 2021
174945 174932 2021
174945 174932 2021
174945 174932 2021
174945 174932 2021
174458 190937 2023
174458 190937 2023
174458 190937 2023
174458 190937 2023
174458 190937 2023
174458 190937 2023
174458 190937 2023
174458 190937 2023
174458 190937 2023
174458 190937 2023
174458 190937 2023
174458 190937 2023
174458 190937 2023
285486 293065 2024
285486 293065 2024
285486 293065 2024
285486 293065 2024
285486 293065 2024
285486 293065 2024
285486 293065 2024
285486 293065 2024
285486 293065 2024
285486 293065 2024
285486 293065 2024
285486 293065 2024
285486 293065 2024
284638 14813 2025
284638 14813 2025
284638 14813 2025
284638 14813 2025
284638 14813 2025
284638 14813 2025
284638 14813 2025
284638 14813 2025
284638 14813 2025
284638 14813 2025
284638 14813 2025
284638 14813 2025
284638 14813 2025
196315 195340 2025
196315 195340 2025
196315 195340 2025
196315 195340 2025
196315 195340 2025
196315 195340 2025
196315 195340 2025
196315 195340 2025
196315 195340 2025
196315 195340 2025
196315 195340 2025
196315 195340 2025
240936 228013 2025
240936 228013 2025
240936 228013 2025
240936 228013 2025
240936 228013 2025
240936 228013 2025
240936 228013 2025
240936 228013 2025
240936 228013 2025
240936 228013 2025
240936 228013 2025
240936 228013 2025
295082 14813 2026
295082 14813 2026
295082 14813 2026
295082 14813 2026
295082 14813 2026
295082 14813 2026
295082 14813 2026
295082 14813 2026
295082 14813 2026
295082 14813 2026
295082 14813 2026
295082 14813 2026
242036 243697 2029
242036 243697 2029
242036 243697 2029
242036 243697 2029
242036 243697 2029
242036 243697 2029
242036 243697 2029
242036 243697 2029
242036 243697 2029
242036 243697 2029
242036 243697 2029
242036 243697 2029
235678 246119 2029
235678 246119 2029
235678 246119 2029
235678 246119 2029
235678 246119 2029
235678 246119 2029
235678 246119 2029
235678 246119 2029
235678 246119 2029
235678 246119 2029
235678 246119 2029
235678 246119 2029
233585 246119 2030
233585 246119 2030
233585 246119 2030
233585 246119 2030
233585 246119 2030
233585 246119 2030
233585 246119 2030
233585 246119 2030
233585 246119 2030
233585 246119 2030
233585 246119 2030
233585 246119 2030
233585 246119 2030
233608 284260 2030
233608 284260 2030
233608 284260 2030
233608 284260 2030
233608 284260 2030
233608 284260 2030
233608 284260 2030
233608 284260 2030
233608 284260 2030
233608 284260 2030
233608 284260 2030
233608 284260 2030
233608 284260 2030
11144 292786 2032
11144 292786 2032
11144 292786 2032
11144 292786 2032
11144 292786 2032
11144 292786 2032
11144 292786 2032
11144 292786 2032
11144 292786 2032
11144 292786 2032
11144 292786 2032
11144 292786 2032
293653 215701 2033
293653 215701 2033
293653 215701 2033
293653 215701 2033
293653 215701 2033
293653 215701 2033
293653 215701 2033
293653 215701 2033
293653 215701 2033
293653 215701 2033
293653 215701 2033
293653 215701 2033
293653 215701 2033
226577 284260 2034
226577 284260 2034
226577 284260 2034
226577 284260 2034
226577 284260 2034
226577 284260 2034
226577 284260 2034
226577 284260 2034
226577 284260 2034
226577 284260 2034
226577 284260 2034
226577 284260 2034
227257 232189 2034
227257 232189 2034
227257 232189 2034
227257 232189 2034
227257 232189 2034
227257 232189 2034
227257 232189 2034
227257 232189 2034
227257 232189 2034
227257 232189 2034
227257 232189 2034
227257 232189 2034
227257 232189 2034
230957 14813 2038
230957 14813 2038
230957 14813 2038
230957 14813 2038
230957 14813 2038
230957 14813 2038
230957 14813 2038
230957 14813 2038
230957 14813 2038
230957 14813 2038
230957 14813 2038
230957 14813 2038
230957 14813 2038
227547 235796 2040
227547 235796 2040
227547 235796 2040
227547 235796 2040
227547 235796 2040
227547 235796 2040
227547 235796 2040
227547 235796 2040
227547 235796 2040
227547 235796 2040
227547 235796 2040
227547 235796 2040
227547 235796 2040
235935 226754 2044
235935 226754 2044
235935 226754 2044
235935 226754 2044
235935 226754 2044
235935 226754 2044
235935 226754 2044
235935 226754 2044
235935 226754 2044
235935 226754 2044
235935 226754 2044
235935 226754 2044
186873 294272 2046
186873 294272 2046
186873 294272 2046
186873 294272 2046
186873 294272 2046
186873 294272 2046
186873 294272 2046
186873 294272 2046
186873 294272 2046
186873 294272 2046
186873 294272 2046
186873 294272 2046
186873 294272 2046
190763 238002 2046
190763 238002 2046
190763 238002 2046
190763 238002 2046
190763 238002 2046
190763 238002 2046
190763 238002 2046
190763 238002 2046
190763 238002 2046
190763 238002 2046
190763 238002 2046
190763 238002 2046
190763 238002 2046
190783 238002 2047
190783 238002 2047
190783 238002 2047
190783 238002 2047
190783 238002 2047
190783 238002 2047
190783 238002 2047
190783 238002 2047
190783 238002 2047
190783 238002 2047
190783 238002 2047
190783 238002 2047
190783 238002 2047
151141 229841 2052
151141 229841 2052
151141 229841 2052
151141 229841 2052
151141 229841 2052
151141 229841 2052
151141 229841 2052
151141 229841 2052
151141 229841 2052
151141 229841 2052
151141 229841 2052
151141 229841 2052
293112 284208 2053
293112 284208 2053
293112 284208 2053
293112 284208 2053
293112 284208 2053
293112 284208 2053
293112 284208 2053
293112 284208 2053
293112 284208 2053
293112 284208 2053
293112 284208 2053
293112 284208 2053
293112 284208 2053
292458 284208 2055
292458 284208 2055
292458 284208 2055
292458 284208 2055
292458 284208 2055
292458 284208 2055
292458 284208 2055
292458 284208 2055
292458 284208 2055
292458 284208 2055
292458 284208 2055
292458 284208 2055
296545 228510 2058
296545 228510 2058
296545 228510 2058
296545 228510 2058
296545 228510 2058
296545 228510 2058
296545 228510 2058
296545 228510 2058
296545 228510 2058
296545 228510 2058
296545 228510 2058
296545 228510 2058
3419 291440 2059
3419 291440 2059
3419 291440 2059
3419 291440 2059
3419 291440 2059
3419 291440 2059
3419 291440 2059
3419 291440 2059
3419 291440 2059
3419 291440 2059
3419 291440 2059
3419 291440 2059
289554 284208 2060
289554 284208 2060
289554 284208 2060
289554 284208 2060
289554 284208 2060
289554 284208 2060
289554 284208 2060
289554 284208 2060
289554 284208 2060
289554 284208 2060
289554 284208 2060
289554 284208 2060
184453 291440 2060
184453 291440 2060
184453 291440 2060
184453 291440 2060
184453 291440 2060
184453 291440 2060
184453 291440 2060
184453 291440 2060
184453 291440 2060
184453 291440 2060
184453 291440 2060
184453 291440 2060
184453 291440 2060
284207 286717 2064
284207 286717 2064
284207 286717 2064
284207 286717 2064
284207 286717 2064
284207 286717 2064
284207 286717 2064
284207 286717 2064
284207 286717 2064
284207 286717 2064
284207 286717 2064
284207 286717 2064
191590 240938 2066
191590 240938 2066
191590 240938 2066
191590 240938 2066
191590 240938 2066
191590 240938 2066
191590 240938 2066
191590 240938 2066
191590 240938 2066
191590 240938 2066
191590 240938 2066
191590 240938 2066
191590 240938 2066
230956 234233 2069
230956 234233 2069
230956 234233 2069
230956 234233 2069
230956 234233 2069
230956 234233 2069
230956 234233 2069
230956 234233 2069
230956 234233 2069
230956 234233 2069
230956 234233 2069
230956 234233 2069
284208 286605 2078
284208 286605 2078
284208 286605 2078
284208 286605 2078
284208 286605 2078
284208 286605 2078
284208 286605 2078
284208 286605 2078
284208 286605 2078
284208 286605 2078
284208 286605 2078
284208 286605 2078
284208 286605 2078
228149 243230 2079
228149 243230 2079
228149 243230 2079
228149 243230 2079
228149 243230 2079
228149 243230 2079
228149 243230 2079
228149 243230 2079
228149 243230 2079
228149 243230 2079
228149 243230 2079
228149 243230 2079
4726 150494 2080
4726 150494 2080
4726 150494 2080
4726 150494 2080
4726 150494 2080
4726 150494 2080
4726 150494 2080
4726 150494 2080
4726 150494 2080
4726 150494 2080
4726 150494 2080
4726 150494 2080
14666 232713 2085
14666 232713 2085
14666 232713 2085
14666 232713 2085
14666 232713 2085
14666 232713 2085
14666 232713 2085
14666 232713 2085
14666 232713 2085
14666 232713 2085
14666 232713 2085
14666 232713 2085
226453 229827 2098
226453 229827 2098
226453 229827 2098
226453 229827 2098
226453 229827 2098
226453 229827 2098
226453 229827 2098
226453 229827 2098
226453 229827 2098
226453 229827 2098
226453 229827 2098
226453 229827 2098
226453 229827 2098
231872 242435 2100
231872 242435 2100
231872 242435 2100
231872 242435 2100
231872 242435 2100
231872 242435 2100
231872 242435 2100
231872 242435 2100
231872 242435 2100
231872 242435 2100
231872 242435 2100
231872 242435 2100
231872 242435 2100
291226 265960 2103
291226 265960 2103
291226 265960 2103
291226 265960 2103
291226 265960 2103
291226 265960 2103
291226 265960 2103
291226 265960 2103
291226 265960 2103
291226 265960 2103
291226 265960 2103
291226 265960 2103
291226 265960 2103
234245 196347 2111
234245 196347 2111
234245 196347 2111
234245 196347 2111
234245 196347 2111
234245 196347 2111
234245 196347 2111
234245 196347 2111
234245 196347 2111
234245 196347 2111
234245 196347 2111
234245 196347 2111
234245 196347 2111
238238 203453 2130
238238 203453 2130
238238 203453 2130
238238 203453 2130
238238 203453 2130
238238 203453 2130
238238 203453 2130
238238 203453 2130
238238 203453 2130
238238 203453 2130
238238 203453 2130
238238 203453 2130
236554 231519 2175
236554 231519 2175
236554 231519 2175
236554 231519 2175
236554 231519 2175
236554 231519 2175
236554 231519 2175
236554 231519 2175
236554 231519 2175
236554 231519 2175
236554 231519 2175
236554 231519 2175
236554 231519 2175
230956 227827 2199
230956 227827 2199
230956 227827 2199
230956 227827 2199
230956 227827 2199
230956 227827 2199
230956 227827 2199
230956 227827 2199
230956 227827 2199
230956 227827 2199
230956 227827 2199
230956 227827 2199
230956 227827 2199
230101 227827 2205
230101 227827 2205
230101 227827 2205
230101 227827 2205
230101 227827 2205
230101 227827 2205
230101 227827 2205
230101 227827 2205
230101 227827 2205
230101 227827 2205
230101 227827 2205
230101 227827 2205
233644 266104 2206
233644 266104 2206
233644 266104 2206
233644 266104 2206
233644 266104 2206
233644 266104 2206
233644 266104 2206
233644 266104 2206
233644 266104 2206
233644 266104 2206
233644 266104 2206
233644 266104 2206
233644 266104 2206
233584 194603 2216
233584 194603 2216
233584 194603 2216
233584 194603 2216
233584 194603 2216
233584 194603 2216
233584 194603 2216
233584 194603 2216
233584 194603 2216
233584 194603 2216
233584 194603 2216
233584 194603 2216
250690 286727 2223
250690 286727 2223
250690 286727 2223
250690 286727 2223
250690 286727 2223
250690 286727 2223
250690 286727 2223
250690 286727 2223
250690 286727 2223
250690 286727 2223
250690 286727 2223
250690 286727 2223
250690 286727 2223
193898 193059 2234
193898 193059 2234
193898 193059 2234
193898 193059 2234
193898 193059 2234
193898 193059 2234
193898 193059 2234
193898 193059 2234
193898 193059 2234
193898 193059 2234
193898 193059 2234
193898 193059 2234
237374 174475 2244
237374 174475 2244
237374 174475 2244
237374 174475 2244
237374 174475 2244
237374 174475 2244
237374 174475 2244
237374 174475 2244
237374 174475 2244
237374 174475 2244
237374 174475 2244
237374 174475 2244
237374 174475 2244
289042 245977 2266
289042 245977 2266
289042 245977 2266
289042 245977 2266
289042 245977 2266
289042 245977 2266
289042 245977 2266
289042 245977 2266
289042 245977 2266
289042 245977 2266
289042 245977 2266
289042 245977 2266
289042 245977 2266
236000 236447 2266
236000 236447 2266
236000 236447 2266
236000 236447 2266
236000 236447 2266
236000 236447 2266
236000 236447 2266
236000 236447 2266
236000 236447 2266
236000 236447 2266
236000 236447 2266
236000 236447 2266
236000 236447 2266
294593 14712 2266
294593 14712 2266
294593 14712 2266
294593 14712 2266
294593 14712 2266
294593 14712 2266
294593 14712 2266
294593 14712 2266
294593 14712 2266
294593 14712 2266
294593 14712 2266
294593 14712 2266
294593 14712 2266
285382 293139 2267
285382 293139 2267
285382 293139 2267
285382 293139 2267
285382 293139 2267
285382 293139 2267
285382 293139 2267
285382 293139 2267
285382 293139 2267
285382 293139 2267
285382 293139 2267
285382 293139 2267
285382 293139 2267
246816 19032 2271
246816 19032 2271
246816 19032 2271
246816 19032 2271
246816 19032 2271
246816 19032 2271
246816 19032 2271
246816 19032 2271
246816 19032 2271
246816 19032 2271
246816 19032 2271
246816 19032 2271
246816 19032 2271
285455 215701 2273
285455 215701 2273
285455 215701 2273
285455 215701 2273
285455 215701 2273
285455 215701 2273
285455 215701 2273
285455 215701 2273
285455 215701 2273
285455 215701 2273
285455 215701 2273
285455 215701 2273
208315 252022 2274
208315 252022 2274
208315 252022 2274
208315 252022 2274
208315 252022 2274
208315 252022 2274
208315 252022 2274
208315 252022 2274
208315 252022 2274
208315 252022 2274
208315 252022 2274
208315 252022 2274
226966 232195 2275
226966 232195 2275
226966 232195 2275
226966 232195 2275
226966 232195 2275
226966 232195 2275
226966 232195 2275
226966 232195 2275
226966 232195 2275
226966 232195 2275
226966 232195 2275
226966 232195 2275
235942 252022 2276
235942 252022 2276
235942 252022 2276
235942 252022 2276
235942 252022 2276
235942 252022 2276
235942 252022 2276
235942 252022 2276
235942 252022 2276
235942 252022 2276
235942 252022 2276
235942 252022 2276
236847 232195 2276
236847 232195 2276
236847 232195 2276
236847 232195 2276
236847 232195 2276
236847 232195 2276
236847 232195 2276
236847 232195 2276
236847 232195 2276
236847 232195 2276
236847 232195 2276
236847 232195 2276
209470 191023 2276
209470 191023 2276
209470 191023 2276
209470 191023 2276
209470 191023 2276
209470 191023 2276
209470 191023 2276
209470 191023 2276
209470 191023 2276
209470 191023 2276
209470 191023 2276
209470 191023 2276
209470 191023 2276
186762 250594 2277
186762 250594 2277
186762 250594 2277
186762 250594 2277
186762 250594 2277
186762 250594 2277
186762 250594 2277
186762 250594 2277
186762 250594 2277
186762 250594 2277
186762 250594 2277
186762 250594 2277
266103 150251 2278
266103 150251 2278
266103 150251 2278
266103 150251 2278
266103 150251 2278
266103 150251 2278
266103 150251 2278
266103 150251 2278
266103 150251 2278
266103 150251 2278
266103 150251 2278
266103 150251 2278
14813 226594 2279
14813 226594 2279
14813 226594 2279
14813 226594 2279
14813 226594 2279
14813 226594 2279
14813 226594 2279
14813 226594 2279
14813 226594 2279
14813 226594 2279
14813 226594 2279
14813 226594 2279
14813 226594 2279
243706 191590 2279
243706 191590 2279
243706 191590 2279
243706 191590 2279
243706 191590 2279
243706 191590 2279
243706 191590 2279
243706 191590 2279
243706 191590 2279
243706 191590 2279
243706 191590 2279
243706 191590 2279
243706 191590 2279
294127 228543 2281
294127 228543 2281
294127 228543 2281
294127 228543 2281
294127 228543 2281
294127 228543 2281
294127 228543 2281
294127 228543 2281
294127 228543 2281
294127 228543 2281
294127 228543 2281
294127 228543 2281
294127 228543 2281
242933 226380 2282
242933 226380 2282
242933 226380 2282
242933 226380 2282
242933 226380 2282
242933 226380 2282
242933 226380 2282
242933 226380 2282
242933 226380 2282
242933 226380 2282
242933 226380 2282
242933 226380 2282
242933 226380 2282
174934 152790 2282
174934 152790 2282
174934 152790 2282
174934 152790 2282
174934 152790 2282
174934 152790 2282
174934 152790 2282
174934 152790 2282
174934 152790 2282
174934 152790 2282
174934 152790 2282
174934 152790 2282
174934 152790 2282
235678 226380 2282
235678 226380 2282
235678 226380 2282
235678 226380 2282
235678 226380 2282
235678 226380 2282
235678 226380 2282
235678 226380 2282
235678 226380 2282
235678 226380 2282
235678 226380 2282
235678 226380 2282
235678 226380 2282
240630 235966 2282
240630 235966 2282
240630 235966 2282
240630 235966 2282
240630 235966 2282
240630 235966 2282
240630 235966 2282
240630 235966 2282
240630 235966 2282
240630 235966 2282
240630 235966 2282
240630 235966 2282
240630 235966 2282
256663 293343 2283
256663 293343 2283
256663 293343 2283
256663 293343 2283
256663 293343 2283
256663 293343 2283
256663 293343 2283
256663 293343 2283
256663 293343 2283
256663 293343 2283
256663 293343 2283
256663 293343 2283
233586 226583 2284
233586 226583 2284
233586 226583 2284
233586 226583 2284
233586 226583 2284
233586 226583 2284
233586 226583 2284
233586 226583 2284
233586 226583 2284
233586 226583 2284
233586 226583 2284
233586 226583 2284
233586 226583 2284
227046 230167 2285
227046 230167 2285
227046 230167 2285
227046 230167 2285
227046 230167 2285
227046 230167 2285
227046 230167 2285
227046 230167 2285
227046 230167 2285
227046 230167 2285
227046 230167 2285
227046 230167 2285
242471 233327 2285
242471 233327 2285
242471 233327 2285
242471 233327 2285
242471 233327 2285
242471 233327 2285
242471 233327 2285
242471 233327 2285
242471 233327 2285
242471 233327 2285
242471 233327 2285
242471 233327 2285
242471 233327 2285
237848 196309 2286
237848 196309 2286
237848 196309 2286
237848 196309 2286
237848 196309 2286
237848 196309 2286
237848 196309 2286
237848 196309 2286
237848 196309 2286
237848 196309 2286
237848 196309 2286
237848 196309 2286
237848 196309 2286
151083 239001 2288
151083 239001 2288
151083 239001 2288
151083 239001 2288
151083 239001 2288
151083 239001 2288
151083 239001 2288
151083 239001 2288
151083 239001 2288
151083 239001 2288
151083 239001 2288
151083 239001 2288
151083 239001 2288
151083 201801 2289
151083 201801 2289
151083 201801 2289
151083 201801 2289
151083 201801 2289
151083 201801 2289
151083 201801 2289
151083 201801 2289
151083 201801 2289
151083 201801 2289
151083 201801 2289
151083 201801 2289
151083 201801 2289
284638 284492 2289
284638 284492 2289
284638 284492 2289
284638 284492 2289
284638 284492 2289
284638 284492 2289
284638 284492 2289
284638 284492 2289
284638 284492 2289
284638 284492 2289
284638 284492 2289
284638 284492 2289
194401 204226 2290
194401 204226 2290
194401 204226 2290
194401 204226 2290
194401 204226 2290
194401 204226 2290
194401 204226 2290
194401 204226 2290
194401 204226 2290
194401 204226 2290
194401 204226 2290
194401 204226 2290
194401 204226 2290
10598 196319 2290
10598 196319 2290
10598 196319 2290
10598 196319 2290
10598 196319 2290
10598 196319 2290
10598 196319 2290
10598 196319 2290
10598 196319 2290
10598 196319 2290
10598 196319 2290
10598 196319 2290
10598 196319 2290
237714 228014 2292
237714 228014 2292
237714 228014 2292
237714 228014 2292
237714 228014 2292
237714 228014 2292
237714 228014 2292
237714 228014 2292
237714 228014 2292
237714 228014 2292
237714 228014 2292
237714 228014 2292
237714 228014 2292
228039 227856 2292
228039 227856 2292
228039 227856 2292
228039 227856 2292
228039 227856 2292
228039 227856 2292
228039 227856 2292
228039 227856 2292
228039 227856 2292
228039 227856 2292
228039 227856 2292
228039 227856 2292
228039 227856 2292
231519 231245 2293
231519 231245 2293
231519 231245 2293
231519 231245 2293
231519 231245 2293
231519 231245 2293
231519 231245 2293
231519 231245 2293
231519 231245 2293
231519 231245 2293
231519 231245 2293
231519 231245 2293
230665 242416 2293
230665 242416 2293
230665 242416 2293
230665 242416 2293
230665 242416 2293
230665 242416 2293
230665 242416 2293
230665 242416 2293
230665 242416 2293
230665 242416 2293
230665 242416 2293
230665 242416 2293
230665 242416 2293
236178 226455 2296
236178 226455 2296
236178 226455 2296
236178 226455 2296
236178 226455 2296
236178 226455 2296
236178 226455 2296
236178 226455 2296
236178 226455 2296
236178 226455 2296
236178 226455 2296
236178 226455 2296
236178 226455 2296
289229 248380 2297
289229 248380 2297
289229 248380 2297
289229 248380 2297
289229 248380 2297
289229 248380 2297
289229 248380 2297
289229 248380 2297
289229 248380 2297
289229 248380 2297
289229 248380 2297
289229 248380 2297
230932 225681 2297
230932 225681 2297
230932 225681 2297
230932 225681 2297
230932 225681 2297
230932 225681 2297
230932 225681 2297
230932 225681 2297
230932 225681 2297
230932 225681 2297
230932 225681 2297
230932 225681 2297
227541 228014 2298
227541 228014 2298
227541 228014 2298
227541 228014 2298
227541 228014 2298
227541 228014 2298
227541 228014 2298
227541 228014 2298
227541 228014 2298
227541 228014 2298
227541 228014 2298
227541 228014 2298
242471 240703 2298
242471 240703 2298
242471 240703 2298
242471 240703 2298
242471 240703 2298
242471 240703 2298
242471 240703 2298
242471 240703 2298
242471 240703 2298
242471 240703 2298
242471 240703 2298
242471 240703 2298
151083 239001 2298
151083 239001 2298
151083 239001 2298
151083 239001 2298
151083 239001 2298
151083 239001 2298
151083 239001 2298
151083 239001 2298
151083 239001 2298
151083 239001 2298
151083 239001 2298
151083 239001 2298
241011 228034 2299
241011 228034 2299
241011 228034 2299
241011 228034 2299
241011 228034 2299
241011 228034 2299
241011 228034 2299
241011 228034 2299
241011 228034 2299
241011 228034 2299
241011 228034 2299
241011 228034 2299
241011 228034 2299
245982 4570 2299
245982 4570 2299
245982 4570 2299
245982 4570 2299
245982 4570 2299
245982 4570 2299
245982 4570 2299
245982 4570 2299
245982 4570 2299
245982 4570 2299
245982 4570 2299
245982 4570 2299
245978 202615 2303
245978 202615 2303
245978 202615 2303
245978 202615 2303
245978 202615 2303
245978 202615 2303
245978 202615 2303
245978 202615 2303
245978 202615 2303
245978 202615 2303
245978 202615 2303
245978 202615 2303
228461 232707 2304
228461 232707 2304
228461 232707 2304
228461 232707 2304
228461 232707 2304
228461 232707 2304
228461 232707 2304
228461 232707 2304
228461 232707 2304
228461 232707 2304
228461 232707 2304
228461 232707 2304
151103 201801 2304
151103 201801 2304
151103 201801 2304
151103 201801 2304
151103 201801 2304
151103 201801 2304
151103 201801 2304
151103 201801 2304
151103 201801 2304
151103 201801 2304
151103 201801 2304
151103 201801 2304
151103 201801 2304
174912 196158 2307
174912 196158 2307
174912 196158 2307
174912 196158 2307
174912 196158 2307
174912 196158 2307
174912 196158 2307
174912 196158 2307
174912 196158 2307
174912 196158 2307
174912 196158 2307
174912 196158 2307
165337 285276 2308
165337 285276 2308
165337 285276 2308
165337 285276 2308
165337 285276 2308
165337 285276 2308
165337 285276 2308
165337 285276 2308
165337 285276 2308
165337 285276 2308
165337 285276 2308
165337 285276 2308
165337 285276 2308
190813 196008 2308
190813 196008 2308
190813 196008 2308
190813 196008 2308
190813 196008 2308
190813 196008 2308
190813 196008 2308
190813 196008 2308
190813 196008 2308
190813 196008 2308
190813 196008 2308
190813 196008 2308
242127 289524 2309
242127 289524 2309
242127 289524 2309
242127 289524 2309
242127 289524 2309
242127 289524 2309
242127 289524 2309
242127 289524 2309
242127 289524 2309
242127 289524 2309
242127 289524 2309
242127 289524 2309
246986 286717 2309
246986 286717 2309
246986 286717 2309
246986 286717 2309
246986 286717 2309
246986 286717 2309
246986 286717 2309
246986 286717 2309
246986 286717 2309
246986 286717 2309
246986 286717 2309
246986 286717 2309
196008 236478 2310
196008 236478 2310
196008 236478 2310
196008 236478 2310
196008 236478 2310
196008 236478 2310
196008 236478 2310
196008 236478 2310
196008 236478 2310
196008 236478 2310
196008 236478 2310
196008 236478 2310
296678 226971 2315
296678 226971 2315
296678 226971 2315
296678 226971 2315
296678 226971 2315
296678 226971 2315
296678 226971 2315
296678 226971 2315
296678 226971 2315
296678 226971 2315
296678 226971 2315
296678 226971 2315
230692 235974 2315
230692 235974 2315
230692 235974 2315
230692 235974 2315
230692 235974 2315
230692 235974 2315
230692 235974 2315
230692 235974 2315
230692 235974 2315
230692 235974 2315
230692 235974 2315
230692 235974 2315
230692 235974 2315
296678 226976 2315
296678 226976 2315
296678 226976 2315
296678 226976 2315
296678 226976 2315
296678 226976 2315
296678 226976 2315
296678 226976 2315
296678 226976 2315
296678 226976 2315
296678 226976 2315
296678 226976 2315
296678 226976 2315
226976 226991 2315
226976 226991 2315
226976 226991 2315
226976 226991 2315
226976 226991 2315
226976 226991 2315
226976 226991 2315
226976 226991 2315
226976 226991 2315
226976 226991 2315
226976 226991 2315
226976 226991 2315
243449 232832 2316
243449 232832 2316
243449 232832 2316
243449 232832 2316
243449 232832 2316
243449 232832 2316
243449 232832 2316
243449 232832 2316
243449 232832 2316
243449 232832 2316
243449 232832 2316
243449 232832 2316
243449 232832 2316
235013 233584 2318
235013 233584 2318
235013 233584 2318
235013 233584 2318
235013 233584 2318
235013 233584 2318
235013 233584 2318
235013 233584 2318
235013 233584 2318
235013 233584 2318
235013 233584 2318
235013 233584 2318
289563 296096 2320
289563 296096 2320
289563 296096 2320
289563 296096 2320
289563 296096 2320
289563 296096 2320
289563 296096 2320
289563 296096 2320
289563 296096 2320
289563 296096 2320
289563 296096 2320
289563 296096 2320
285183 247030 2320
285183 247030 2320
285183 247030 2320
285183 247030 2320
285183 247030 2320
285183 247030 2320
285183 247030 2320
285183 247030 2320
285183 247030 2320
285183 247030 2320
285183 247030 2320
285183 247030 2320
285183 247030 2320
240561 226972 2323
240561 226972 2323
240561 226972 2323
240561 226972 2323
240561 226972 2323
240561 226972 2323
240561 226972 2323
240561 226972 2323
240561 226972 2323
240561 226972 2323
240561 226972 2323
240561 226972 2323
227541 243704 2324
227541 243704 2324
227541 243704 2324
227541 243704 2324
227541 243704 2324
227541 243704 2324
227541 243704 2324
227541 243704 2324
227541 243704 2324
227541 243704 2324
227541 243704 2324
227541 243704 2324
227541 243704 2324
246012 284575 2325
246012 284575 2325
246012 284575 2325
246012 284575 2325
246012 284575 2325
246012 284575 2325
246012 284575 2325
246012 284575 2325
246012 284575 2325
246012 284575 2325
246012 284575 2325
246012 284575 2325
246012 284575 2325
296678 150224 2326
296678 150224 2326
296678 150224 2326
296678 150224 2326
296678 150224 2326
296678 150224 2326
296678 150224 2326
296678 150224 2326
296678 150224 2326
296678 150224 2326
296678 150224 2326
296678 150224 2326
296678 150224 2326
232697 235795 2329
232697 235795 2329
232697 235795 2329
232697 235795 2329
232697 235795 2329
232697 235795 2329
232697 235795 2329
232697 235795 2329
232697 235795 2329
232697 235795 2329
232697 235795 2329
232697 235795 2329
232697 235795 2329
236178 151202 2331
236178 151202 2331
236178 151202 2331
236178 151202 2331
236178 151202 2331
236178 151202 2331
236178 151202 2331
236178 151202 2331
236178 151202 2331
236178 151202 2331
236178 151202 2331
236178 151202 2331
236178 151202 2331
237846 243708 2331
237846 243708 2331
237846 243708 2331
237846 243708 2331
237846 243708 2331
237846 243708 2331
237846 243708 2331
237846 243708 2331
237846 243708 2331
237846 243708 2331
237846 243708 2331
237846 243708 2331
237846 243708 2331
245983 295092 2332
245983 295092 2332
245983 295092 2332
245983 295092 2332
245983 295092 2332
245983 295092 2332
245983 295092 2332
245983 295092 2332
245983 295092 2332
245983 295092 2332
245983 295092 2332
245983 295092 2332
177285 208308 2333
177285 208308 2333
177285 208308 2333
177285 208308 2333
177285 208308 2333
177285 208308 2333
177285 208308 2333
177285 208308 2333
177285 208308 2333
177285 208308 2333
177285 208308 2333
177285 208308 2333
189435 191600 2334
189435 191600 2334
189435 191600 2334
189435 191600 2334
189435 191600 2334
189435 191600 2334
189435 191600 2334
189435 191600 2334
189435 191600 2334
189435 191600 2334
189435 191600 2334
189435 191600 2334
237851 191594 2334
237851 191594 2334
237851 191594 2334
237851 191594 2334
237851 191594 2334
237851 191594 2334
237851 191594 2334
237851 191594 2334
237851 191594 2334
237851 191594 2334
237851 191594 2334
237851 191594 2334
237851 191594 2334
291455 11097 2337
291455 11097 2337
291455 11097 2337
291455 11097 2337
291455 11097 2337
291455 11097 2337
291455 11097 2337
291455 11097 2337
291455 11097 2337
291455 11097 2337
291455 11097 2337
291455 11097 2337
238571 193058 2340
238571 193058 2340
238571 193058 2340
238571 193058 2340
238571 193058 2340
238571 193058 2340
238571 193058 2340
238571 193058 2340
238571 193058 2340
238571 193058 2340
238571 193058 2340
238571 193058 2340
238571 193058 2340
14725 14490 2341
14725 14490 2341
14725 14490 2341
14725 14490 2341
14725 14490 2341
14725 14490 2341
14725 14490 2341
14725 14490 2341
14725 14490 2341
14725 14490 2341
14725 14490 2341
14725 14490 2341
14725 14490 2341
227093 231245 2343
227093 231245 2343
227093 231245 2343
227093 231245 2343
227093 231245 2343
227093 231245 2343
227093 231245 2343
227093 231245 2343
227093 231245 2343
227093 231245 2343
227093 231245 2343
227093 231245 2343
227093 231245 2343
178293 174939 2343
178293 174939 2343
178293 174939 2343
178293 174939 2343
178293 174939 2343
178293 174939 2343
178293 174939 2343
178293 174939 2343
178293 174939 2343
178293 174939 2343
178293 174939 2343
178293 174939 2343
178293 174939 2343
238252 228417 2343
238252 228417 2343
238252 228417 2343
238252 228417 2343
238252 228417 2343
238252 228417 2343
238252 228417 2343
238252 228417 2343
238252 228417 2343
238252 228417 2343
238252 228417 2343
238252 228417 2343
284514 250583 2343
284514 250583 2343
284514 250583 2343
284514 250583 2343
284514 250583 2343
284514 250583 2343
284514 250583 2343
284514 250583 2343
284514 250583 2343
284514 250583 2343
284514 250583 2343
284514 250583 2343
284514 250583 2343
235127 246015 2345
235127 246015 2345
235127 246015 2345
235127 246015 2345
235127 246015 2345
235127 246015 2345
235127 246015 2345
235127 246015 2345
235127 246015 2345
235127 246015 2345
235127 246015 2345
235127 246015 2345
152785 169494 2352
152785 169494 2352
152785 169494 2352
152785 169494 2352
152785 169494 2352
152785 169494 2352
152785 169494 2352
152785 169494 2352
152785 169494 2352
152785 169494 2352
152785 169494 2352
152785 169494 2352
152785 169494 2352
291665 202629 2356
291665 202629 2356
291665 202629 2356
291665 202629 2356
291665 202629 2356
291665 202629 2356
291665 202629 2356
291665 202629 2356
291665 202629 2356
291665 202629 2356
291665 202629 2356
291665 202629 2356
250635 248380 2356
250635 248380 2356
250635 248380 2356
250635 248380 2356
250635 248380 2356
250635 248380 2356
250635 248380 2356
250635 248380 2356
250635 248380 2356
250635 248380 2356
250635 248380 2356
250635 248380 2356
176237 235175 2356
176237 235175 2356
176237 235175 2356
176237 235175 2356
176237 235175 2356
176237 235175 2356
176237 235175 2356
176237 235175 2356
176237 235175 2356
176237 235175 2356
176237 235175 2356
176237 235175 2356
176237 235175 2356
175963 237320 2357
175963 237320 2357
175963 237320 2357
175963 237320 2357
175963 237320 2357
175963 237320 2357
175963 237320 2357
175963 237320 2357
175963 237320 2357
175963 237320 2357
175963 237320 2357
175963 237320 2357
175963 237320 2357
203445 237732 2359
203445 237732 2359
203445 237732 2359
203445 237732 2359
203445 237732 2359
203445 237732 2359
203445 237732 2359
203445 237732 2359
203445 237732 2359
203445 237732 2359
203445 237732 2359
203445 237732 2359
203445 237732 2359
190758 183756 2361
190758 183756 2361
190758 183756 2361
190758 183756 2361
190758 183756 2361
190758 183756 2361
190758 183756 2361
190758 183756 2361
190758 183756 2361
190758 183756 2361
190758 183756 2361
190758 183756 2361
294268 292458 2367
294268 292458 2367
294268 292458 2367
294268 292458 2367
294268 292458 2367
294268 292458 2367
294268 292458 2367
294268 292458 2367
294268 292458 2367
294268 292458 2367
294268 292458 2367
294268 292458 2367
294268 292458 2367
209660 190816 2373
209660 190816 2373
209660 190816 2373
209660 190816 2373
209660 190816 2373
209660 190816 2373
209660 190816 2373
209660 190816 2373
209660 190816 2373
209660 190816 2373
209660 190816 2373
209660 190816 2373
230696 227546 2374
230696 227546 2374
230696 227546 2374
230696 227546 2374
230696 227546 2374
230696 227546 2374
230696 227546 2374
230696 227546 2374
230696 227546 2374
230696 227546 2374
230696 227546 2374
230696 227546 2374
230696 227546 2374
267934 228137 2374
267934 228137 2374
267934 228137 2374
267934 228137 2374
267934 228137 2374
267934 228137 2374
267934 228137 2374
267934 228137 2374
267934 228137 2374
267934 228137 2374
267934 228137 2374
267934 228137 2374
267934 228137 2374
290810 235966 2375
290810 235966 2375
290810 235966 2375
290810 235966 2375
290810 235966 2375
290810 235966 2375
290810 235966 2375
290810 235966 2375
290810 235966 2375
290810 235966 2375
290810 235966 2375
290810 235966 2375
290810 235966 2375
252022 296545 2375
252022 296545 2375
252022 296545 2375
252022 296545 2375
252022 296545 2375
252022 296545 2375
252022 296545 2375
252022 296545 2375
252022 296545 2375
252022 296545 2375
252022 296545 2375
252022 296545 2375
227224 226977 2377
227224 226977 2377
227224 226977 2377
227224 226977 2377
227224 226977 2377
227224 226977 2377
227224 226977 2377
227224 226977 2377
227224 226977 2377
227224 226977 2377
227224 226977 2377
227224 226977 2377
227975 237848 2379
227975 237848 2379
227975 237848 2379
227975 237848 2379
227975 237848 2379
227975 237848 2379
227975 237848 2379
227975 237848 2379
227975 237848 2379
227975 237848 2379
227975 237848 2379
227975 237848 2379
228128 9639 2382
228128 9639 2382
228128 9639 2382
228128 9639 2382
228128 9639 2382
228128 9639 2382
228128 9639 2382
228128 9639 2382
228128 9639 2382
228128 9639 2382
228128 9639 2382
228128 9639 2382
193117 193404 2384
193117 193404 2384
193117 193404 2384
193117 193404 2384
193117 193404 2384
193117 193404 2384
193117 193404 2384
193117 193404 2384
193117 193404 2384
193117 193404 2384
193117 193404 2384
193117 193404 2384
233747 237855 2390
233747 237855 2390
233747 237855 2390
233747 237855 2390
233747 237855 2390
233747 237855 2390
233747 237855 2390
233747 237855 2390
233747 237855 2390
233747 237855 2390
233747 237855 2390
233747 237855 2390
236555 238241 2390
236555 238241 2390
236555 238241 2390
236555 238241 2390
236555 238241 2390
236555 238241 2390
236555 238241 2390
236555 238241 2390
236555 238241 2390
236555 238241 2390
236555 238241 2390
236555 238241 2390
227650 226454 2391
227650 226454 2391
227650 226454 2391
227650 226454 2391
227650 226454 2391
227650 226454 2391
227650 226454 2391
227650 226454 2391
227650 226454 2391
227650 226454 2391
227650 226454 2391
227650 226454 2391
227650 226454 2391
227985 237852 2393
227985 237852 2393
227985 237852 2393
227985 237852 2393
227985 237852 2393
227985 237852 2393
227985 237852 2393
227985 237852 2393
227985 237852 2393
227985 237852 2393
227985 237852 2393
227985 237852 2393
227985 237852 2393
236075 237848 2394
236075 237848 2394
236075 237848 2394
236075 237848 2394
236075 237848 2394
236075 237848 2394
236075 237848 2394
236075 237848 2394
236075 237848 2394
236075 237848 2394
236075 237848 2394
236075 237848 2394
187713 174358 2398
187713 174358 2398
187713 174358 2398
187713 174358 2398
187713 174358 2398
187713 174358 2398
187713 174358 2398
187713 174358 2398
187713 174358 2398
187713 174358 2398
187713 174358 2398
187713 174358 2398
226958 240557 2399
226958 240557 2399
226958 240557 2399
226958 240557 2399
226958 240557 2399
226958 240557 2399
226958 240557 2399
226958 240557 2399
226958 240557 2399
226958 240557 2399
226958 240557 2399
226958 240557 2399
226958 240557 2399
240597 227846 2401
240597 227846 2401
240597 227846 2401
240597 227846 2401
240597 227846 2401
240597 227846 2401
240597 227846 2401
240597 227846 2401
240597 227846 2401
240597 227846 2401
240597 227846 2401
240597 227846 2401
160288 208266 2402
160288 208266 2402
160288 208266 2402
160288 208266 2402
160288 208266 2402
160288 208266 2402
160288 208266 2402
160288 208266 2402
160288 208266 2402
160288 208266 2402
160288 208266 2402
160288 208266 2402
186852 190920 2402
186852 190920 2402
186852 190920 2402
186852 190920 2402
186852 190920 2402
186852 190920 2402
186852 190920 2402
186852 190920 2402
186852 190920 2402
186852 190920 2402
186852 190920 2402
186852 190920 2402
236000 235965 2405
236000 235965 2405
236000 235965 2405
236000 235965 2405
236000 235965 2405
236000 235965 2405
236000 235965 2405
236000 235965 2405
236000 235965 2405
236000 235965 2405
236000 235965 2405
236000 235965 2405
198507 238631 2407
198507 238631 2407
198507 238631 2407
198507 238631 2407
198507 238631 2407
198507 238631 2407
198507 238631 2407
198507 238631 2407
198507 238631 2407
198507 238631 2407
198507 238631 2407
198507 238631 2407
198507 238631 2407
198507 203471 2407
198507 203471 2407
198507 203471 2407
198507 203471 2407
198507 203471 2407
198507 203471 2407
198507 203471 2407
198507 203471 2407
198507 203471 2407
198507 203471 2407
198507 203471 2407
198507 203471 2407
198507 203471 2407
189013 200274 2408
189013 200274 2408
189013 200274 2408
189013 200274 2408
189013 200274 2408
189013 200274 2408
189013 200274 2408
189013 200274 2408
189013 200274 2408
189013 200274 2408
189013 200274 2408
189013 200274 2408
189013 200274 2408
203471 238637 2409
203471 238637 2409
203471 238637 2409
203471 238637 2409
203471 238637 2409
203471 238637 2409
203471 238637 2409
203471 238637 2409
203471 238637 2409
203471 238637 2409
203471 238637 2409
203471 238637 2409
203471 238637 2409
193631 186852 2409
193631 186852 2409
193631 186852 2409
193631 186852 2409
193631 186852 2409
193631 186852 2409
193631 186852 2409
193631 186852 2409
193631 186852 2409
193631 186852 2409
193631 186852 2409
193631 186852 2409
193631 186852 2409
238631 238639 2410
238631 238639 2410
238631 238639 2410
238631 238639 2410
238631 238639 2410
238631 238639 2410
238631 238639 2410
238631 238639 2410
238631 238639 2410
238631 238639 2410
238631 238639 2410
238631 238639 2410
177252 235949 2412
177252 235949 2412
177252 235949 2412
177252 235949 2412
177252 235949 2412
177252 235949 2412
177252 235949 2412
177252 235949 2412
177252 235949 2412
177252 235949 2412
177252 235949 2412
177252 235949 2412
177252 235949 2412
225646 176242 2414
225646 176242 2414
225646 176242 2414
225646 176242 2414
225646 176242 2414
225646 176242 2414
225646 176242 2414
225646 176242 2414
225646 176242 2414
225646 176242 2414
225646 176242 2414
225646 176242 2414
225646 176242 2414
230957 124698 2414
230957 124698 2414
230957 124698 2414
230957 124698 2414
230957 124698 2414
230957 124698 2414
230957 124698 2414
230957 124698 2414
230957 124698 2414
230957 124698 2414
230957 124698 2414
230957 124698 2414
230957 124698 2414
195038 237966 2416
195038 237966 2416
195038 237966 2416
195038 237966 2416
195038 237966 2416
195038 237966 2416
195038 237966 2416
195038 237966 2416
195038 237966 2416
195038 237966 2416
195038 237966 2416
195038 237966 2416
235683 236857 2422
235683 236857 2422
235683 236857 2422
235683 236857 2422
235683 236857 2422
235683 236857 2422
235683 236857 2422
235683 236857 2422
235683 236857 2422
235683 236857 2422
235683 236857 2422
235683 236857 2422
235683 236857 2422
175929 190921 2424
175929 190921 2424
175929 190921 2424
175929 190921 2424
175929 190921 2424
175929 190921 2424
175929 190921 2424
175929 190921 2424
175929 190921 2424
175929 190921 2424
175929 190921 2424
175929 190921 2424
206050 186852 2424
206050 186852 2424
206050 186852 2424
206050 186852 2424
206050 186852 2424
206050 186852 2424
206050 186852 2424
206050 186852 2424
206050 186852 2424
206050 186852 2424
206050 186852 2424
206050 186852 2424
195546 173926 2426
195546 173926 2426
195546 173926 2426
195546 173926 2426
195546 173926 2426
195546 173926 2426
195546 173926 2426
195546 173926 2426
195546 173926 2426
195546 173926 2426
195546 173926 2426
195546 173926 2426
289551 292018 2427
289551 292018 2427
289551 292018 2427
289551 292018 2427
289551 292018 2427
289551 292018 2427
289551 292018 2427
289551 292018 2427
289551 292018 2427
289551 292018 2427
289551 292018 2427
289551 292018 2427
289551 292018 2427
240895 228442 2428
240895 228442 2428
240895 228442 2428
240895 228442 2428
240895 228442 2428
240895 228442 2428
240895 228442 2428
240895 228442 2428
240895 228442 2428
240895 228442 2428
240895 228442 2428
240895 228442 2428
240895 228442 2428
226519 151584 2428
226519 151584 2428
226519 151584 2428
226519 151584 2428
226519 151584 2428
226519 151584 2428
226519 151584 2428
226519 151584 2428
226519 151584 2428
226519 151584 2428
226519 151584 2428
226519 151584 2428
226519 151584 2428
198521 196308 2430
198521 196308 2430
198521 196308 2430
198521 196308 2430
198521 196308 2430
198521 196308 2430
198521 196308 2430
198521 196308 2430
198521 196308 2430
198521 196308 2430
198521 196308 2430
198521 196308 2430
198521 196308 2430
256628 262497 2432
256628 262497 2432
256628 262497 2432
256628 262497 2432
256628 262497 2432
256628 262497 2432
256628 262497 2432
256628 262497 2432
256628 262497 2432
256628 262497 2432
256628 262497 2432
256628 262497 2432
256628 262497 2432
236010 236450 2435
236010 236450 2435
236010 236450 2435
236010 236450 2435
236010 236450 2435
236010 236450 2435
236010 236450 2435
236010 236450 2435
236010 236450 2435
236010 236450 2435
236010 236450 2435
236010 236450 2435
236010 236450 2435
190956 193096 2436
190956 193096 2436
190956 193096 2436
190956 193096 2436
190956 193096 2436
190956 193096 2436
190956 193096 2436
190956 193096 2436
190956 193096 2436
190956 193096 2436
190956 193096 2436
190956 193096 2436
237886 242322 2439
237886 242322 2439
237886 242322 2439
237886 242322 2439
237886 242322 2439
237886 242322 2439
237886 242322 2439
237886 242322 2439
237886 242322 2439
237886 242322 2439
237886 242322 2439
237886 242322 2439
249341 186934 2440
249341 186934 2440
249341 186934 2440
249341 186934 2440
249341 186934 2440
249341 186934 2440
249341 186934 2440
249341 186934 2440
249341 186934 2440
249341 186934 2440
249341 186934 2440
249341 186934 2440
152785 231417 2441
152785 231417 2441
152785 231417 2441
152785 231417 2441
152785 231417 2441
152785 231417 2441
152785 231417 2441
152785 231417 2441
152785 231417 2441
152785 231417 2441
152785 231417 2441
152785 231417 2441
228014 236400 2442
228014 236400 2442
228014 236400 2442
228014 236400 2442
228014 236400 2442
228014 236400 2442
228014 236400 2442
228014 236400 2442
228014 236400 2442
228014 236400 2442
228014 236400 2442
228014 236400 2442
229827 227540 2446
229827 227540 2446
229827 227540 2446
229827 227540 2446
229827 227540 2446
229827 227540 2446
229827 227540 2446
229827 227540 2446
229827 227540 2446
229827 227540 2446
229827 227540 2446
229827 227540 2446
251940 203454 2455
251940 203454 2455
251940 203454 2455
251940 203454 2455
251940 203454 2455
251940 203454 2455
251940 203454 2455
251940 203454 2455
251940 203454 2455
251940 203454 2455
251940 203454 2455
251940 203454 2455
251940 203454 2455
191598 238640 2458
191598 238640 2458
191598 238640 2458
191598 238640 2458
191598 238640 2458
191598 238640 2458
191598 238640 2458
191598 238640 2458
191598 238640 2458
191598 238640 2458
191598 238640 2458
191598 238640 2458
191598 238640 2458
227008 239063 2458
227008 239063 2458
227008 239063 2458
227008 239063 2458
227008 239063 2458
227008 239063 2458
227008 239063 2458
227008 239063 2458
227008 239063 2458
227008 239063 2458
227008 239063 2458
227008 239063 2458
227008 239063 2458
174912 201024 2458
174912 201024 2458
174912 201024 2458
174912 201024 2458
174912 201024 2458
174912 201024 2458
174912 201024 2458
174912 201024 2458
174912 201024 2458
174912 201024 2458
174912 201024 2458
174912 201024 2458
174912 201024 2458
4570 250595 2463
4570 250595 2463
4570 250595 2463
4570 250595 2463
4570 250595 2463
4570 250595 2463
4570 250595 2463
4570 250595 2463
4570 250595 2463
4570 250595 2463
4570 250595 2463
4570 250595 2463
290121 14432 2463
290121 14432 2463
290121 14432 2463
290121 14432 2463
290121 14432 2463
290121 14432 2463
290121 14432 2463
290121 14432 2463
290121 14432 2463
290121 14432 2463
290121 14432 2463
290121 14432 2463
195766 190853 2464
195766 190853 2464
195766 190853 2464
195766 190853 2464
195766 190853 2464
195766 190853 2464
195766 190853 2464
195766 190853 2464
195766 190853 2464
195766 190853 2464
195766 190853 2464
195766 190853 2464
195766 190853 2464
289520 14432 2465
289520 14432 2465
289520 14432 2465
289520 14432 2465
289520 14432 2465
289520 14432 2465
289520 14432 2465
289520 14432 2465
289520 14432 2465
289520 14432 2465
289520 14432 2465
289520 14432 2465
265918 246076 2467
265918 246076 2467
265918 246076 2467
265918 246076 2467
265918 246076 2467
265918 246076 2467
265918 246076 2467
265918 246076 2467
265918 246076 2467
265918 246076 2467
265918 246076 2467
265918 246076 2467
265918 246076 2467
176258 237857 2468
176258 237857 2468
176258 237857 2468
176258 237857 2468
176258 237857 2468
176258 237857 2468
176258 237857 2468
176258 237857 2468
176258 237857 2468
176258 237857 2468
176258 237857 2468
176258 237857 2468
176258 237857 2468
235080 240894 2469
235080 240894 2469
235080 240894 2469
235080 240894 2469
235080 240894 2469
235080 240894 2469
235080 240894 2469
235080 240894 2469
235080 240894 2469
235080 240894 2469
235080 240894 2469
235080 240894 2469
235080 240894 2469
227547 232694 2470
227547 232694 2470
227547 232694 2470
227547 232694 2470
227547 232694 2470
227547 232694 2470
227547 232694 2470
227547 232694 2470
227547 232694 2470
227547 232694 2470
227547 232694 2470
227547 232694 2470
239263 238001 2477
239263 238001 2477
239263 238001 2477
239263 238001 2477
239263 238001 2477
239263 238001 2477
239263 238001 2477
239263 238001 2477
239263 238001 2477
239263 238001 2477
239263 238001 2477
239263 238001 2477
239263 238001 2477
194427 196301 2477
194427 196301 2477
194427 196301 2477
194427 196301 2477
194427 196301 2477
194427 196301 2477
194427 196301 2477
194427 196301 2477
194427 196301 2477
194427 196301 2477
194427 196301 2477
194427 196301 2477
194427 196301 2477
226966 228406 2477
226966 228406 2477
226966 228406 2477
226966 228406 2477
226966 228406 2477
226966 228406 2477
226966 228406 2477
226966 228406 2477
226966 228406 2477
226966 228406 2477
226966 228406 2477
226966 228406 2477
191601 203471 2480
191601 203471 2480
191601 203471 2480
191601 203471 2480
191601 203471 2480
191601 203471 2480
191601 203471 2480
191601 203471 2480
191601 203471 2480
191601 203471 2480
191601 203471 2480
191601 203471 2480
195617 208218 2480
195617 208218 2480
195617 208218 2480
195617 208218 2480
195617 208218 2480
195617 208218 2480
195617 208218 2480
195617 208218 2480
195617 208218 2480
195617 208218 2480
195617 208218 2480
195617 208218 2480
192797 190763 2481
192797 190763 2481
192797 190763 2481
192797 190763 2481
192797 190763 2481
192797 190763 2481
192797 190763 2481
192797 190763 2481
192797 190763 2481
192797 190763 2481
192797 190763 2481
192797 190763 2481
237886 235683 2482
237886 235683 2482
237886 235683 2482
237886 235683 2482
237886 235683 2482
237886 235683 2482
237886 235683 2482
237886 235683 2482
237886 235683 2482
237886 235683 2482
237886 235683 2482
237886 235683 2482
237886 235683 2482
228014 237848 2482
228014 237848 2482
228014 237848 2482
228014 237848 2482
228014 237848 2482
228014 237848 2482
228014 237848 2482
228014 237848 2482
228014 237848 2482
228014 237848 2482
228014 237848 2482
228014 237848 2482
228014 237848 2482
227547 229841 2482
227547 229841 2482
227547 229841 2482
227547 229841 2482
227547 229841 2482
227547 229841 2482
227547 229841 2482
227547 229841 2482
227547 229841 2482
227547 229841 2482
227547 229841 2482
227547 229841 2482
227037 226577 2482
227037 226577 2482
227037 226577 2482
227037 226577 2482
227037 226577 2482
227037 226577 2482
227037 226577 2482
227037 226577 2482
227037 226577 2482
227037 226577 2482
227037 226577 2482
227037 226577 2482
227267 236138 2483
227267 236138 2483
227267 236138 2483
227267 236138 2483
227267 236138 2483
227267 236138 2483
227267 236138 2483
227267 236138 2483
227267 236138 2483
227267 236138 2483
227267 236138 2483
227267 236138 2483
227267 236138 2483
236838 226394 2487
236838 226394 2487
236838 226394 2487
236838 226394 2487
236838 226394 2487
236838 226394 2487
236838 226394 2487
236838 226394 2487
236838 226394 2487
236838 226394 2487
236838 226394 2487
236838 226394 2487
236838 226394 2487
236561 209191 2488
236561 209191 2488
236561 209191 2488
236561 209191 2488
236561 209191 2488
236561 209191 2488
236561 209191 2488
236561 209191 2488
236561 209191 2488
236561 209191 2488
236561 209191 2488
236561 209191 2488
236561 209191 2488
227871 237852 2488
227871 237852 2488
227871 237852 2488
227871 237852 2488
227871 237852 2488
227871 237852 2488
227871 237852 2488
227871 237852 2488
227871 237852 2488
227871 237852 2488
227871 237852 2488
227871 237852 2488
227049 150450 2495
227049 150450 2495
227049 150450 2495
227049 150450 2495
227049 150450 2495
227049 150450 2495
227049 150450 2495
227049 150450 2495
227049 150450 2495
227049 150450 2495
227049 150450 2495
227049 150450 2495
227020 150450 2497
227020 150450 2497
227020 150450 2497
227020 150450 2497
227020 150450 2497
227020 150450 2497
227020 150450 2497
227020 150450 2497
227020 150450 2497
227020 150450 2497
227020 150450 2497
227020 150450 2497
227020 150450 2497
228394 237660 2501
228394 237660 2501
228394 237660 2501
228394 237660 2501
228394 237660 2501
228394 237660 2501
228394 237660 2501
228394 237660 2501
228394 237660 2501
228394 237660 2501
228394 237660 2501
228394 237660 2501
248382 291993 2503
248382 291993 2503
248382 291993 2503
248382 291993 2503
248382 291993 2503
248382 291993 2503
248382 291993 2503
248382 291993 2503
248382 291993 2503
248382 291993 2503
248382 291993 2503
248382 291993 2503
237844 3390 2510
237844 3390 2510
237844 3390 2510
237844 3390 2510
237844 3390 2510
237844 3390 2510
237844 3390 2510
237844 3390 2510
237844 3390 2510
237844 3390 2510
237844 3390 2510
237844 3390 2510
178773 186852 2525
178773 186852 2525
178773 186852 2525
178773 186852 2525
178773 186852 2525
178773 186852 2525
178773 186852 2525
178773 186852 2525
178773 186852 2525
178773 186852 2525
178773 186852 2525
178773 186852 2525
248386 293065 2526
248386 293065 2526
248386 293065 2526
248386 293065 2526
248386 293065 2526
248386 293065 2526
248386 293065 2526
248386 293065 2526
248386 293065 2526
248386 293065 2526
248386 293065 2526
248386 293065 2526
245982 289528 2527
245982 289528 2527
245982 289528 2527
245982 289528 2527
245982 289528 2527
245982 289528 2527
245982 289528 2527
245982 289528 2527
245982 289528 2527
245982 289528 2527
245982 289528 2527
245982 289528 2527
245982 289528 2527
240621 295112 2531
240621 295112 2531
240621 295112 2531
240621 295112 2531
240621 295112 2531
240621 295112 2531
240621 295112 2531
240621 295112 2531
240621 295112 2531
240621 295112 2531
240621 295112 2531
240621 295112 2531
240621 295112 2531
240597 285466 2532
240597 285466 2532
240597 285466 2532
240597 285466 2532
240597 285466 2532
240597 285466 2532
240597 285466 2532
240597 285466 2532
240597 285466 2532
240597 285466 2532
240597 285466 2532
240597 285466 2532
293359 184866 2536
293359 184866 2536
293359 184866 2536
293359 184866 2536
293359 184866 2536
293359 184866 2536
293359 184866 2536
293359 184866 2536
293359 184866 2536
293359 184866 2536
293359 184866 2536
293359 184866 2536
226966 246154 2537
226966 246154 2537
226966 246154 2537
226966 246154 2537
226966 246154 2537
226966 246154 2537
226966 246154 2537
226966 246154 2537
226966 246154 2537
226966 246154 2537
226966 246154 2537
226966 246154 2537
256643 291426 2543
256643 291426 2543
256643 291426 2543
256643 291426 2543
256643 291426 2543
256643 291426 2543
256643 291426 2543
256643 291426 2543
256643 291426 2543
256643 291426 2543
256643 291426 2543
256643 291426 2543
256643 291426 2543
10599 208202 2549
10599 208202 2549
10599 208202 2549
10599 208202 2549
10599 208202 2549
10599 208202 2549
10599 208202 2549
10599 208202 2549
10599 208202 2549
10599 208202 2549
10599 208202 2549
10599 208202 2549
10599 208202 2549
231245 236400 2553
231245 236400 2553
231245 236400 2553
231245 236400 2553
231245 236400 2553
231245 236400 2553
231245 236400 2553
231245 236400 2553
231245 236400 2553
231245 236400 2553
231245 236400 2553
231245 236400 2553
235685 175947 2554
235685 175947 2554
235685 175947 2554
235685 175947 2554
235685 175947 2554
235685 175947 2554
235685 175947 2554
235685 175947 2554
235685 175947 2554
235685 175947 2554
235685 175947 2554
235685 175947 2554
210462 186863 2554
210462 186863 2554
210462 186863 2554
210462 186863 2554
210462 186863 2554
210462 186863 2554
210462 186863 2554
210462 186863 2554
210462 186863 2554
210462 186863 2554
210462 186863 2554
210462 186863 2554
210462 186863 2554
227532 241011 2555
227532 241011 2555
227532 241011 2555
227532 241011 2555
227532 241011 2555
227532 241011 2555
227532 241011 2555
227532 241011 2555
227532 241011 2555
227532 241011 2555
227532 241011 2555
227532 241011 2555
227532 241011 2555
243806 227720 2555
243806 227720 2555
243806 227720 2555
243806 227720 2555
243806 227720 2555
243806 227720 2555
243806 227720 2555
243806 227720 2555
243806 227720 2555
243806 227720 2555
243806 227720 2555
243806 227720 2555
245982 14814 2558
245982 14814 2558
245982 14814 2558
245982 14814 2558
245982 14814 2558
245982 14814 2558
245982 14814 2558
245982 14814 2558
245982 14814 2558
245982 14814 2558
245982 14814 2558
245982 14814 2558
285281 285466 2560
285281 285466 2560
285281 285466 2560
285281 285466 2560
285281 285466 2560
285281 285466 2560
285281 285466 2560
285281 285466 2560
285281 285466 2560
285281 285466 2560
285281 285466 2560
285281 285466 2560
285281 285466 2560
294553 262497 2561
294553 262497 2561
294553 262497 2561
294553 262497 2561
294553 262497 2561
294553 262497 2561
294553 262497 2561
294553 262497 2561
294553 262497 2561
294553 262497 2561
294553 262497 2561
294553 262497 2561
242322 235949 2562
242322 235949 2562
242322 235949 2562
242322 235949 2562
242322 235949 2562
242322 235949 2562
242322 235949 2562
242322 235949 2562
242322 235949 2562
242322 235949 2562
242322 235949 2562
242322 235949 2562
242322 235949 2562
241874 236065 2563
241874 236065 2563
241874 236065 2563
241874 236065 2563
241874 236065 2563
241874 236065 2563
241874 236065 2563
241874 236065 2563
241874 236065 2563
241874 236065 2563
241874 236065 2563
241874 236065 2563
241874 236065 2563
295112 233592 2568
295112 233592 2568
295112 233592 2568
295112 233592 2568
295112 233592 2568
295112 233592 2568
295112 233592 2568
295112 233592 2568
295112 233592 2568
295112 233592 2568
295112 233592 2568
295112 233592 2568
295112 233592 2568
285274 226977 2578
285274 226977 2578
285274 226977 2578
285274 226977 2578
285274 226977 2578
285274 226977 2578
285274 226977 2578
285274 226977 2578
285274 226977 2578
285274 226977 2578
285274 226977 2578
285274 226977 2578
285274 226977 2578
174912 206270 2582
174912 206270 2582
174912 206270 2582
174912 206270 2582
174912 206270 2582
174912 206270 2582
174912 206270 2582
174912 206270 2582
174912 206270 2582
174912 206270 2582
174912 206270 2582
174912 206270 2582
174912 206270 2582
235683 190918 2583
235683 190918 2583
235683 190918 2583
235683 190918 2583
235683 190918 2583
235683 190918 2583
235683 190918 2583
235683 190918 2583
235683 190918 2583
235683 190918 2583
235683 190918 2583
235683 190918 2583
236927 231018 2597
236927 231018 2597
236927 231018 2597
236927 231018 2597
236927 231018 2597
236927 231018 2597
236927 231018 2597
236927 231018 2597
236927 231018 2597
236927 231018 2597
236927 231018 2597
236927 231018 2597
289013 236482 2599
289013 236482 2599
289013 236482 2599
289013 236482 2599
289013 236482 2599
289013 236482 2599
289013 236482 2599
289013 236482 2599
289013 236482 2599
289013 236482 2599
289013 236482 2599
289013 236482 2599
289013 236482 2599
265841 285168 2604
265841 285168 2604
265841 285168 2604
265841 285168 2604
265841 285168 2604
265841 285168 2604
265841 285168 2604
265841 285168 2604
265841 285168 2604
265841 285168 2604
265841 285168 2604
265841 285168 2604
203445 293650 2635
203445 293650 2635
203445 293650 2635
203445 293650 2635
203445 293650 2635
203445 293650 2635
203445 293650 2635
203445 293650 2635
203445 293650 2635
203445 293650 2635
203445 293650 2635
203445 293650 2635
203445 293650 2635
236672 235977 2636
236672 235977 2636
236672 235977 2636
236672 235977 2636
236672 235977 2636
236672 235977 2636
236672 235977 2636
236672 235977 2636
236672 235977 2636
236672 235977 2636
236672 235977 2636
236672 235977 2636
236672 235977 2636
246111 236845 2666
246111 236845 2666
246111 236845 2666
246111 236845 2666
246111 236845 2666
246111 236845 2666
246111 236845 2666
246111 236845 2666
246111 236845 2666
246111 236845 2666
246111 236845 2666
246111 236845 2666
246111 236845 2666
241462 191601 2667
241462 191601 2667
241462 191601 2667
241462 191601 2667
241462 191601 2667
241462 191601 2667
241462 191601 2667
241462 191601 2667
241462 191601 2667
241462 191601 2667
241462 191601 2667
241462 191601 2667
284684 256628 2668
284684 256628 2668
284684 256628 2668
284684 256628 2668
284684 256628 2668
284684 256628 2668
284684 256628 2668
284684 256628 2668
284684 256628 2668
284684 256628 2668
284684 256628 2668
284684 256628 2668
240898 235013 2676
240898 235013 2676
240898 235013 2676
240898 235013 2676
240898 235013 2676
240898 235013 2676
240898 235013 2676
240898 235013 2676
240898 235013 2676
240898 235013 2676
240898 235013 2676
240898 235013 2676
238002 201982 2678
238002 201982 2678
238002 201982 2678
238002 201982 2678
238002 201982 2678
238002 201982 2678
238002 201982 2678
238002 201982 2678
238002 201982 2678
238002 201982 2678
238002 201982 2678
238002 201982 2678
246154 232731 2687
246154 232731 2687
246154 232731 2687
246154 232731 2687
246154 232731 2687
246154 232731 2687
246154 232731 2687
246154 232731 2687
246154 232731 2687
246154 232731 2687
246154 232731 2687
246154 232731 2687
266462 288656 2700
266462 288656 2700
266462 288656 2700
266462 288656 2700
266462 288656 2700
266462 288656 2700
266462 288656 2700
266462 288656 2700
266462 288656 2700
266462 288656 2700
266462 288656 2700
266462 288656 2700
266462 288656 2700
242332 246007 2712
242332 246007 2712
242332 246007 2712
242332 246007 2712
242332 246007 2712
242332 246007 2712
242332 246007 2712
242332 246007 2712
242332 246007 2712
242332 246007 2712
242332 246007 2712
242332 246007 2712
242332 246007 2712
252022 231275 2712
252022 231275 2712
252022 231275 2712
252022 231275 2712
252022 231275 2712
252022 231275 2712
252022 231275 2712
252022 231275 2712
252022 231275 2712
252022 231275 2712
252022 231275 2712
252022 231275 2712
252022 231275 2712
193421 229825 2713
193421 229825 2713
193421 229825 2713
193421 229825 2713
193421 229825 2713
193421 229825 2713
193421 229825 2713
193421 229825 2713
193421 229825 2713
193421 229825 2713
193421 229825 2713
193421 229825 2713
193421 229825 2713
230699 230727 2759
230699 230727 2759
230699 230727 2759
230699 230727 2759
230699 230727 2759
230699 230727 2759
230699 230727 2759
230699 230727 2759
230699 230727 2759
230699 230727 2759
230699 230727 2759
230699 230727 2759
291226 11791 2780
291226 11791 2780
291226 11791 2780
291226 11791 2780
291226 11791 2780
291226 11791 2780
291226 11791 2780
291226 11791 2780
291226 11791 2780
291226 11791 2780
291226 11791 2780
291226 11791 2780
291226 11791 2780
293112 14921 2781
293112 14921 2781
293112 14921 2781
293112 14921 2781
293112 14921 2781
293112 14921 2781
293112 14921 2781
293112 14921 2781
293112 14921 2781
293112 14921 2781
293112 14921 2781
293112 14921 2781
203079 232063 2808
203079 232063 2808
203079 232063 2808
203079 232063 2808
203079 232063 2808
203079 232063 2808
203079 232063 2808
203079 232063 2808
203079 232063 2808
203079 232063 2808
203079 232063 2808
203079 232063 2808
203079 232063 2808
250690 272551 2843
250690 272551 2843
250690 272551 2843
250690 272551 2843
250690 272551 2843
250690 272551 2843
250690 272551 2843
250690 272551 2843
250690 272551 2843
250690 272551 2843
250690 272551 2843
250690 272551 2843
153274 237732 2846
153274 237732 2846
153274 237732 2846
153274 237732 2846
153274 237732 2846
153274 237732 2846
153274 237732 2846
153274 237732 2846
153274 237732 2846
153274 237732 2846
153274 237732 2846
153274 237732 2846
153274 237732 2846
284631 250536 2849
284631 250536 2849
284631 250536 2849
284631 250536 2849
284631 250536 2849
284631 250536 2849
284631 250536 2849
284631 250536 2849
284631 250536 2849
284631 250536 2849
284631 250536 2849
284631 250536 2849
226453 236088 2855
226453 236088 2855
226453 236088 2855
226453 236088 2855
226453 236088 2855
226453 236088 2855
226453 236088 2855
226453 236088 2855
226453 236088 2855
226453 236088 2855
226453 236088 2855
226453 236088 2855
155156 239014 2861
155156 239014 2861
155156 239014 2861
155156 239014 2861
155156 239014 2861
155156 239014 2861
155156 239014 2861
155156 239014 2861
155156 239014 2861
155156 239014 2861
155156 239014 2861
155156 239014 2861
230124 284855 2865
230124 284855 2865
230124 284855 2865
230124 284855 2865
230124 284855 2865
230124 284855 2865
230124 284855 2865
230124 284855 2865
230124 284855 2865
230124 284855 2865
230124 284855 2865
230124 284855 2865
230124 284855 2865
246986 285500 2868
246986 285500 2868
246986 285500 2868
246986 285500 2868
246986 285500 2868
246986 285500 2868
246986 285500 2868
246986 285500 2868
246986 285500 2868
246986 285500 2868
246986 285500 2868
246986 285500 2868
251934 227556 2869
251934 227556 2869
251934 227556 2869
251934 227556 2869
251934 227556 2869
251934 227556 2869
251934 227556 2869
251934 227556 2869
251934 227556 2869
251934 227556 2869
251934 227556 2869
251934 227556 2869
227098 246308 2870
227098 246308 2870
227098 246308 2870
227098 246308 2870
227098 246308 2870
227098 246308 2870
227098 246308 2870
227098 246308 2870
227098 246308 2870
227098 246308 2870
227098 246308 2870
227098 246308 2870
227755 251980 2876
227755 251980 2876
227755 251980 2876
227755 251980 2876
227755 251980 2876
227755 251980 2876
227755 251980 2876
227755 251980 2876
227755 251980 2876
227755 251980 2876
227755 251980 2876
227755 251980 2876
227755 251980 2876
237848 231439 2882
237848 231439 2882
237848 231439 2882
237848 231439 2882
237848 231439 2882
237848 231439 2882
237848 231439 2882
237848 231439 2882
237848 231439 2882
237848 231439 2882
237848 231439 2882
237848 231439 2882
237848 231439 2882
237846 227547 2883
237846 227547 2883
237846 227547 2883
237846 227547 2883
237846 227547 2883
237846 227547 2883
237846 227547 2883
237846 227547 2883
237846 227547 2883
237846 227547 2883
237846 227547 2883
237846 227547 2883
296526 240650 2885
296526 240650 2885
296526 240650 2885
296526 240650 2885
296526 240650 2885
296526 240650 2885
296526 240650 2885
296526 240650 2885
296526 240650 2885
296526 240650 2885
296526 240650 2885
296526 240650 2885
243927 198562 2890
243927 198562 2890
243927 198562 2890
243927 198562 2890
243927 198562 2890
243927 198562 2890
243927 198562 2890
243927 198562 2890
243927 198562 2890
243927 198562 2890
243927 198562 2890
243927 198562 2890
238214 235974 2892
238214 235974 2892
238214 235974 2892
238214 235974 2892
238214 235974 2892
238214 235974 2892
238214 235974 2892
238214 235974 2892
238214 235974 2892
238214 235974 2892
238214 235974 2892
238214 235974 2892
225626 198593 2897
225626 198593 2897
225626 198593 2897
225626 198593 2897
225626 198593 2897
225626 198593 2897
225626 198593 2897
225626 198593 2897
225626 198593 2897
225626 198593 2897
225626 198593 2897
225626 198593 2897
225626 198593 2897
285205 291737 2898
285205 291737 2898
285205 291737 2898
285205 291737 2898
285205 291737 2898
285205 291737 2898
285205 291737 2898
285205 291737 2898
285205 291737 2898
285205 291737 2898
285205 291737 2898
285205 291737 2898
285205 291737 2898
290240 286830 2900
290240 286830 2900
290240 286830 2900
290240 286830 2900
290240 286830 2900
290240 286830 2900
290240 286830 2900
290240 286830 2900
290240 286830 2900
290240 286830 2900
290240 286830 2900
290240 286830 2900
290240 286830 2900
226966 227318 2902
226966 227318 2902
226966 227318 2902
226966 227318 2902
226966 227318 2902
226966 227318 2902
226966 227318 2902
226966 227318 2902
226966 227318 2902
226966 227318 2902
226966 227318 2902
226966 227318 2902
237848 191589 2902
237848 191589 2902
237848 191589 2902
237848 191589 2902
237848 191589 2902
237848 191589 2902
237848 191589 2902
237848 191589 2902
237848 191589 2902
237848 191589 2902
237848 191589 2902
237848 191589 2902
237848 191589 2902
270089 291431 2904
270089 291431 2904
270089 291431 2904
270089 291431 2904
270089 291431 2904
270089 291431 2904
270089 291431 2904
270089 291431 2904
270089 291431 2904
270089 291431 2904
270089 291431 2904
270089 291431 2904
270089 291431 2904
242378 228149 2904
242378 228149 2904
242378 228149 2904
242378 228149 2904
242378 228149 2904
242378 228149 2904
242378 228149 2904
242378 228149 2904
242378 228149 2904
242378 228149 2904
242378 228149 2904
242378 228149 2904
242378 228149 2904
10933 14776 2906
10933 14776 2906
10933 14776 2906
10933 14776 2906
10933 14776 2906
10933 14776 2906
10933 14776 2906
10933 14776 2906
10933 14776 2906
10933 14776 2906
10933 14776 2906
10933 14776 2906
10933 14776 2906
291449 246302 2906
291449 246302 2906
291449 246302 2906
291449 246302 2906
291449 246302 2906
291449 246302 2906
291449 246302 2906
291449 246302 2906
291449 246302 2906
291449 246302 2906
291449 246302 2906
291449 246302 2906
291435 11144 2906
291435 11144 2906
291435 11144 2906
291435 11144 2906
291435 11144 2906
291435 11144 2906
291435 11144 2906
291435 11144 2906
291435 11144 2906
291435 11144 2906
291435 11144 2906
291435 11144 2906
291435 11144 2906
296003 245976 2907
296003 245976 2907
296003 245976 2907
296003 245976 2907
296003 245976 2907
296003 245976 2907
296003 245976 2907
296003 245976 2907
296003 245976 2907
296003 245976 2907
296003 245976 2907
296003 245976 2907
296003 245976 2907
187723 186780 2908
187723 186780 2908
187723 186780 2908
187723 186780 2908
187723 186780 2908
187723 186780 2908
187723 186780 2908
187723 186780 2908
187723 186780 2908
187723 186780 2908
187723 186780 2908
187723 186780 2908
231901 243734 2909
231901 243734 2909
231901 243734 2909
231901 243734 2909
231901 243734 2909
231901 243734 2909
231901 243734 2909
231901 243734 2909
231901 243734 2909
231901 243734 2909
231901 243734 2909
231901 243734 2909
231901 243734 2909
235673 188437 2910
235673 188437 2910
235673 188437 2910
235673 188437 2910
235673 188437 2910
235673 188437 2910
235673 188437 2910
235673 188437 2910
235673 188437 2910
235673 188437 2910
235673 188437 2910
235673 188437 2910
295986 245976 2911
295986 245976 2911
295986 245976 2911
295986 245976 2911
295986 245976 2911
295986 245976 2911
295986 245976 2911
295986 245976 2911
295986 245976 2911
295986 245976 2911
295986 245976 2911
295986 245976 2911
193928 159589 2912
193928 159589 2912
193928 159589 2912
193928 159589 2912
193928 159589 2912
193928 159589 2912
193928 159589 2912
193928 159589 2912
193928 159589 2912
193928 159589 2912
193928 159589 2912
193928 159589 2912
295971 250672 2912
295971 250672 2912
295971 250672 2912
295971 250672 2912
295971 250672 2912
295971 250672 2912
295971 250672 2912
295971 250672 2912
295971 250672 2912
295971 250672 2912
295971 250672 2912
295971 250672 2912
295971 250672 2912
265892 289178 2912
265892 289178 2912
265892 289178 2912
265892 289178 2912
265892 289178 2912
265892 289178 2912
265892 289178 2912
265892 289178 2912
265892 289178 2912
265892 289178 2912
265892 289178 2912
265892 289178 2912
265892 289178 2912
291996 250536 2913
291996 250536 2913
291996 250536 2913
291996 250536 2913
291996 250536 2913
291996 250536 2913
291996 250536 2913
291996 250536 2913
291996 250536 2913
291996 250536 2913
291996 250536 2913
291996 250536 2913
285290 9640 2914
285290 9640 2914
285290 9640 2914
285290 9640 2914
285290 9640 2914
285290 9640 2914
285290 9640 2914
285290 9640 2914
285290 9640 2914
285290 9640 2914
285290 9640 2914
285290 9640 2914
285290 9640 2914
289178 227224 2914
289178 227224 2914
289178 227224 2914
289178 227224 2914
289178 227224 2914
289178 227224 2914
289178 227224 2914
289178 227224 2914
289178 227224 2914
289178 227224 2914
289178 227224 2914
289178 227224 2914
289178 227224 2914
250536 265536 2915
250536 265536 2915
250536 265536 2915
250536 265536 2915
250536 265536 2915
250536 265536 2915
250536 265536 2915
250536 265536 2915
250536 265536 2915
250536 265536 2915
250536 265536 2915
250536 265536 2915
265493 265536 2916
265493 265536 2916
265493 265536 2916
265493 265536 2916
265493 265536 2916
265493 265536 2916
265493 265536 2916
265493 265536 2916
265493 265536 2916
265493 265536 2916
265493 265536 2916
265493 265536 2916
238413 242168 2919
238413 242168 2919
238413 242168 2919
238413 242168 2919
238413 242168 2919
238413 242168 2919
238413 242168 2919
238413 242168 2919
238413 242168 2919
238413 242168 2919
238413 242168 2919
238413 242168 2919
238413 242168 2919
241440 237851 2927
241440 237851 2927
241440 237851 2927
241440 237851 2927
241440 237851 2927
241440 237851 2927
241440 237851 2927
241440 237851 2927
241440 237851 2927
241440 237851 2927
241440 237851 2927
241440 237851 2927
241440 237851 2927
188437 226587 2927
188437 226587 2927
188437 226587 2927
188437 226587 2927
188437 226587 2927
188437 226587 2927
188437 226587 2927
188437 226587 2927
188437 226587 2927
188437 226587 2927
188437 226587 2927
188437 226587 2927
241489 243706 2927
241489 243706 2927
241489 243706 2927
241489 243706 2927
241489 243706 2927
241489 243706 2927
241489 243706 2927
241489 243706 2927
241489 243706 2927
241489 243706 2927
241489 243706 2927
241489 243706 2927
241489 243706 2927
239504 236024 2929
239504 236024 2929
239504 236024 2929
239504 236024 2929
239504 236024 2929
239504 236024 2929
239504 236024 2929
239504 236024 2929
239504 236024 2929
239504 236024 2929
239504 236024 2929
239504 236024 2929
239504 236024 2929
176237 231901 2931
176237 231901 2931
176237 231901 2931
176237 231901 2931
176237 231901 2931
176237 231901 2931
176237 231901 2931
176237 231901 2931
176237 231901 2931
176237 231901 2931
176237 231901 2931
176237 231901 2931
176237 231901 2931
230701 228466 2932
230701 228466 2932
230701 228466 2932
230701 228466 2932
230701 228466 2932
230701 228466 2932
230701 228466 2932
230701 228466 2932
230701 228466 2932
230701 228466 2932
230701 228466 2932
230701 228466 2932
230701 228466 2932
291376 284208 2935
291376 284208 2935
291376 284208 2935
291376 284208 2935
291376 284208 2935
291376 284208 2935
291376 284208 2935
291376 284208 2935
291376 284208 2935
291376 284208 2935
291376 284208 2935
291376 284208 2935
238735 238640 2937
238735 238640 2937
238735 238640 2937
238735 238640 2937
238735 238640 2937
238735 238640 2937
238735 238640 2937
238735 238640 2937
238735 238640 2937
238735 238640 2937
238735 238640 2937
238735 238640 2937
238735 238640 2937
186841 182101 2938
186841 182101 2938
186841 182101 2938
186841 182101 2938
186841 182101 2938
186841 182101 2938
186841 182101 2938
186841 182101 2938
186841 182101 2938
186841 182101 2938
186841 182101 2938
186841 182101 2938
186841 182101 2938
284631 285332 2938
284631 285332 2938
284631 285332 2938
284631 285332 2938
284631 285332 2938
284631 285332 2938
284631 285332 2938
284631 285332 2938
284631 285332 2938
284631 285332 2938
284631 285332 2938
284631 285332 2938
284631 285332 2938
251943 236684 2951
251943 236684 2951
251943 236684 2951
251943 236684 2951
251943 236684 2951
251943 236684 2951
251943 236684 2951
251943 236684 2951
251943 236684 2951
251943 236684 2951
251943 236684 2951
251943 236684 2951
251943 236684 2951
242213 237873 2953
242213 237873 2953
242213 237873 2953
242213 237873 2953
242213 237873 2953
242213 237873 2953
242213 237873 2953
242213 237873 2953
242213 237873 2953
242213 237873 2953
242213 237873 2953
242213 237873 2953
242213 237873 2953
4633 184793 2959
4633 184793 2959
4633 184793 2959
4633 184793 2959
4633 184793 2959
4633 184793 2959
4633 184793 2959
4633 184793 2959
4633 184793 2959
4633 184793 2959
4633 184793 2959
4633 184793 2959
225922 227843 2964
225922 227843 2964
225922 227843 2964
225922 227843 2964
225922 227843 2964
225922 227843 2964
225922 227843 2964
225922 227843 2964
225922 227843 2964
225922 227843 2964
225922 227843 2964
225922 227843 2964
225922 227843 2964
227885 236400 2968
227885 236400 2968
227885 236400 2968
227885 236400 2968
227885 236400 2968
227885 236400 2968
227885 236400 2968
227885 236400 2968
227885 236400 2968
227885 236400 2968
227885 236400 2968
227885 236400 2968
203471 195764 2970
203471 195764 2970
203471 195764 2970
203471 195764 2970
203471 195764 2970
203471 195764 2970
203471 195764 2970
203471 195764 2970
203471 195764 2970
203471 195764 2970
203471 195764 2970
203471 195764 2970
203471 195764 2970
188712 198600 2970
188712 198600 2970
188712 198600 2970
188712 198600 2970
188712 198600 2970
188712 198600 2970
188712 198600 2970
188712 198600 2970
188712 198600 2970
188712 198600 2970
188712 198600 2970
188712 198600 2970
235130 267922 2970
235130 267922 2970
235130 267922 2970
235130 267922 2970
235130 267922 2970
235130 267922 2970
235130 267922 2970
235130 267922 2970
235130 267922 2970
235130 267922 2970
235130 267922 2970
235130 267922 2970
235130 267922 2970
226971 285296 2973
226971 285296 2973
226971 285296 2973
226971 285296 2973
226971 285296 2973
226971 285296 2973
226971 285296 2973
226971 285296 2973
226971 285296 2973
226971 285296 2973
226971 285296 2973
226971 285296 2973
229521 229534 2976
229521 229534 2976
229521 229534 2976
229521 229534 2976
229521 229534 2976
229521 229534 2976
229521 229534 2976
229521 229534 2976
229521 229534 2976
229521 229534 2976
229521 229534 2976
229521 229534 2976
235974 230167 2977
235974 230167 2977
235974 230167 2977
235974 230167 2977
235974 230167 2977
235974 230167 2977
235974 230167 2977
235974 230167 2977
235974 230167 2977
235974 230167 2977
235974 230167 2977
235974 230167 2977
10936 227557 2979
10936 227557 2979
10936 227557 2979
10936 227557 2979
10936 227557 2979
10936 227557 2979
10936 227557 2979
10936 227557 2979
10936 227557 2979
10936 227557 2979
10936 227557 2979
10936 227557 2979
228032 236939 2980
228032 236939 2980
228032 236939 2980
228032 236939 2980
228032 236939 2980
228032 236939 2980
228032 236939 2980
228032 236939 2980
228032 236939 2980
228032 236939 2980
228032 236939 2980
228032 236939 2980
228032 236939 2980
176500 190918 2980
176500 190918 2980
176500 190918 2980
176500 190918 2980
176500 190918 2980
176500 190918 2980
176500 190918 2980
176500 190918 2980
176500 190918 2980
176500 190918 2980
176500 190918 2980
176500 190918 2980
176500 190918 2980
237362 196848 2981
237362 196848 2981
237362 196848 2981
237362 196848 2981
237362 196848 2981
237362 196848 2981
237362 196848 2981
237362 196848 2981
237362 196848 2981
237362 196848 2981
237362 196848 2981
237362 196848 2981
237362 196848 2981
237848 227557 2981
237848 227557 2981
237848 227557 2981
237848 227557 2981
237848 227557 2981
237848 227557 2981
237848 227557 2981
237848 227557 2981
237848 227557 2981
237848 227557 2981
237848 227557 2981
237848 227557 2981
237848 227557 2981
289528 292103 2982
289528 292103 2982
289528 292103 2982
289528 292103 2982
289528 292103 2982
289528 292103 2982
289528 292103 2982
289528 292103 2982
289528 292103 2982
289528 292103 2982
289528 292103 2982
289528 292103 2982
226999 230956 2985
226999 230956 2985
226999 230956 2985
226999 230956 2985
226999 230956 2985
226999 230956 2985
226999 230956 2985
226999 230956 2985
226999 230956 2985
226999 230956 2985
226999 230956 2985
226999 230956 2985
228466 228456 2986
228466 228456 2986
228466 228456 2986
228466 228456 2986
228466 228456 2986
228466 228456 2986
228466 228456 2986
228466 228456 2986
228466 228456 2986
228466 228456 2986
228466 228456 2986
228466 228456 2986
176237 240657 2993
176237 240657 2993
176237 240657 2993
176237 240657 2993
176237 240657 2993
176237 240657 2993
176237 240657 2993
176237 240657 2993
176237 240657 2993
176237 240657 2993
176237 240657 2993
176237 240657 2993
287856 288638 2994
287856 288638 2994
287856 288638 2994
287856 288638 2994
287856 288638 2994
287856 288638 2994
287856 288638 2994
287856 288638 2994
287856 288638 2994
287856 288638 2994
287856 288638 2994
287856 288638 2994
287856 288638 2994
4570 206164 2994
4570 206164 2994
4570 206164 2994
4570 206164 2994
4570 206164 2994
4570 206164 2994
4570 206164 2994
4570 206164 2994
4570 206164 2994
4570 206164 2994
4570 206164 2994
4570 206164 2994
4570 206164 2994
245978 186847 2994
245978 186847 2994
245978 186847 2994
245978 186847 2994
245978 186847 2994
245978 186847 2994
245978 186847 2994
245978 186847 2994
245978 186847 2994
245978 186847 2994
245978 186847 2994
245978 186847 2994
10269 241874 2995
10269 241874 2995
10269 241874 2995
10269 241874 2995
10269 241874 2995
10269 241874 2995
10269 241874 2995
10269 241874 2995
10269 241874 2995
10269 241874 2995
10269 241874 2995
10269 241874 2995
10269 241874 2995
287862 10225 2996
287862 10225 2996
287862 10225 2996
287862 10225 2996
287862 10225 2996
287862 10225 2996
287862 10225 2996
287862 10225 2996
287862 10225 2996
287862 10225 2996
287862 10225 2996
287862 10225 2996
285455 206099 2997
285455 206099 2997
285455 206099 2997
285455 206099 2997
285455 206099 2997
285455 206099 2997
285455 206099 2997
285455 206099 2997
285455 206099 2997
285455 206099 2997
285455 206099 2997
285455 206099 2997
285455 206099 2997
291426 206099 2997
291426 206099 2997
291426 206099 2997
291426 206099 2997
291426 206099 2997
291426 206099 2997
291426 206099 2997
291426 206099 2997
291426 206099 2997
291426 206099 2997
291426 206099 2997
291426 206099 2997
240909 230708 2998
240909 230708 2998
240909 230708 2998
240909 230708 2998
240909 230708 2998
240909 230708 2998
240909 230708 2998
240909 230708 2998
240909 230708 2998
240909 230708 2998
240909 230708 2998
240909 230708 2998
10225 265307 2998
10225 265307 2998
10225 265307 2998
10225 265307 2998
10225 265307 2998
10225 265307 2998
10225 265307 2998
10225 265307 2998
10225 265307 2998
10225 265307 2998
10225 265307 2998
10225 265307 2998
232959 235156 2999
232959 235156 2999
232959 235156 2999
232959 235156 2999
232959 235156 2999
232959 235156 2999
232959 235156 2999
232959 235156 2999
232959 235156 2999
232959 235156 2999
232959 235156 2999
232959 235156 2999
232959 235156 2999
194603 124698 3002
194603 124698 3002
194603 124698 3002
194603 124698 3002
194603 124698 3002
194603 124698 3002
194603 124698 3002
194603 124698 3002
194603 124698 3002
194603 124698 3002
194603 124698 3002
194603 124698 3002
194603 124698 3002
228052 243760 3002
228052 243760 3002
228052 243760 3002
228052 243760 3002
228052 243760 3002
228052 243760 3002
228052 243760 3002
228052 243760 3002
228052 243760 3002
228052 243760 3002
228052 243760 3002
228052 243760 3002
228052 243760 3002
296129 235683 3005
296129 235683 3005
296129 235683 3005
296129 235683 3005
296129 235683 3005
296129 235683 3005
296129 235683 3005
296129 235683 3005
296129 235683 3005
296129 235683 3005
296129 235683 3005
296129 235683 3005
231916 196458 3007
231916 196458 3007
231916 196458 3007
231916 196458 3007
231916 196458 3007
231916 196458 3007
231916 196458 3007
231916 196458 3007
231916 196458 3007
231916 196458 3007
231916 196458 3007
231916 196458 3007
231916 196458 3007
233585 14813 3007
233585 14813 3007
233585 14813 3007
233585 14813 3007
233585 14813 3007
233585 14813 3007
233585 14813 3007
233585 14813 3007
233585 14813 3007
233585 14813 3007
233585 14813 3007
233585 14813 3007
173873 124698 3008
173873 124698 3008
173873 124698 3008
173873 124698 3008
173873 124698 3008
173873 124698 3008
173873 124698 3008
173873 124698 3008
173873 124698 3008
173873 124698 3008
173873 124698 3008
173873 124698 3008
240633 240839 3009
240633 240839 3009
240633 240839 3009
240633 240839 3009
240633 240839 3009
240633 240839 3009
240633 240839 3009
240633 240839 3009
240633 240839 3009
240633 240839 3009
240633 240839 3009
240633 240839 3009
250593 284206 3010
250593 284206 3010
250593 284206 3010
250593 284206 3010
250593 284206 3010
250593 284206 3010
250593 284206 3010
250593 284206 3010
250593 284206 3010
250593 284206 3010
250593 284206 3010
250593 284206 3010
238423 243696 3012
238423 243696 3012
238423 243696 3012
238423 243696 3012
238423 243696 3012
238423 243696 3012
238423 243696 3012
238423 243696 3012
238423 243696 3012
238423 243696 3012
238423 243696 3012
238423 243696 3012
231260 230957 3013
231260 230957 3013
231260 230957 3013
231260 230957 3013
231260 230957 3013
231260 230957 3013
231260 230957 3013
231260 230957 3013
231260 230957 3013
231260 230957 3013
231260 230957 3013
231260 230957 3013
231260 230957 3013
246093 236835 3015
246093 236835 3015
246093 236835 3015
246093 236835 3015
246093 236835 3015
246093 236835 3015
246093 236835 3015
246093 236835 3015
246093 236835 3015
246093 236835 3015
246093 236835 3015
246093 236835 3015
246093 236835 3015
285455 183779 3015
285455 183779 3015
285455 183779 3015
285455 183779 3015
285455 183779 3015
285455 183779 3015
285455 183779 3015
285455 183779 3015
285455 183779 3015
285455 183779 3015
285455 183779 3015
285455 183779 3015
233584 10447 3017
233584 10447 3017
233584 10447 3017
233584 10447 3017
233584 10447 3017
233584 10447 3017
233584 10447 3017
233584 10447 3017
233584 10447 3017
233584 10447 3017
233584 10447 3017
233584 10447 3017
14800 294567 3017
14800 294567 3017
14800 294567 3017
14800 294567 3017
14800 294567 3017
14800 294567 3017
14800 294567 3017
14800 294567 3017
14800 294567 3017
14800 294567 3017
14800 294567 3017
14800 294567 3017
195248 191594 3017
195248 191594 3017
195248 191594 3017
195248 191594 3017
195248 191594 3017
195248 191594 3017
195248 191594 3017
195248 191594 3017
195248 191594 3017
195248 191594 3017
195248 191594 3017
195248 191594 3017
268850 285466 3019
268850 285466 3019
268850 285466 3019
268850 285466 3019
268850 285466 3019
268850 285466 3019
268850 285466 3019
268850 285466 3019
268850 285466 3019
268850 285466 3019
268850 285466 3019
268850 285466 3019
246303 274607 3021
246303 274607 3021
246303 274607 3021
246303 274607 3021
246303 274607 3021
246303 274607 3021
246303 274607 3021
246303 274607 3021
246303 274607 3021
246303 274607 3021
246303 274607 3021
246303 274607 3021
14725 290810 3023
14725 290810 3023
14725 290810 3023
14725 290810 3023
14725 290810 3023
14725 290810 3023
14725 290810 3023
14725 290810 3023
14725 290810 3023
14725 290810 3023
14725 290810 3023
14725 290810 3023
285121 283398 3023
285121 283398 3023
285121 283398 3023
285121 283398 3023
285121 283398 3023
285121 283398 3023
285121 283398 3023
285121 283398 3023
285121 283398 3023
285121 283398 3023
285121 283398 3023
285121 283398 3023
285121 283398 3023
195316 159590 3027
195316 159590 3027
195316 159590 3027
195316 159590 3027
195316 159590 3027
195316 159590 3027
195316 159590 3027
195316 159590 3027
195316 159590 3027
195316 159590 3027
195316 159590 3027
195316 159590 3027
195316 159590 3027
294268 150228 3030
294268 150228 3030
294268 150228 3030
294268 150228 3030
294268 150228 3030
294268 150228 3030
294268 150228 3030
294268 150228 3030
294268 150228 3030
294268 150228 3030
294268 150228 3030
294268 150228 3030
250690 296708 3031
250690 296708 3031
250690 296708 3031
250690 296708 3031
250690 296708 3031
250690 296708 3031
250690 296708 3031
250690 296708 3031
250690 296708 3031
250690 296708 3031
250690 296708 3031
250690 296708 3031
250690 296708 3031
242160 227723 3032
242160 227723 3032
242160 227723 3032
242160 227723 3032
242160 227723 3032
242160 227723 3032
242160 227723 3032
242160 227723 3032
242160 227723 3032
242160 227723 3032
242160 227723 3032
242160 227723 3032
242160 227723 3032
238725 236682 3043
238725 236682 3043
238725 236682 3043
238725 236682 3043
238725 236682 3043
238725 236682 3043
238725 236682 3043
238725 236682 3043
238725 236682 3043
238725 236682 3043
238725 236682 3043
238725 236682 3043
238725 236682 3043
245949 292034 3043
245949 292034 3043
245949 292034 3043
245949 292034 3043
245949 292034 3043
245949 292034 3043
245949 292034 3043
245949 292034 3043
245949 292034 3043
245949 292034 3043
245949 292034 3043
245949 292034 3043
245949 292034 3043
234676 232252 3043
234676 232252 3043
234676 232252 3043
234676 232252 3043
234676 232252 3043
234676 232252 3043
234676 232252 3043
234676 232252 3043
234676 232252 3043
234676 232252 3043
234676 232252 3043
234676 232252 3043
284223 252698 3046
284223 252698 3046
284223 252698 3046
284223 252698 3046
284223 252698 3046
284223 252698 3046
284223 252698 3046
284223 252698 3046
284223 252698 3046
284223 252698 3046
284223 252698 3046
284223 252698 3046
184409 219569 3047
184409 219569 3047
184409 219569 3047
184409 219569 3047
184409 219569 3047
184409 219569 3047
184409 219569 3047
184409 219569 3047
184409 219569 3047
184409 219569 3047
184409 219569 3047
184409 219569 3047
195509 208218 3047
195509 208218 3047
195509 208218 3047
195509 208218 3047
195509 208218 3047
195509 208218 3047
195509 208218 3047
195509 208218 3047
195509 208218 3047
195509 208218 3047
195509 208218 3047
195509 208218 3047
195509 208218 3047
188294 203831 3047
188294 203831 3047
188294 203831 3047
188294 203831 3047
188294 203831 3047
188294 203831 3047
188294 203831 3047
188294 203831 3047
188294 203831 3047
188294 203831 3047
188294 203831 3047
188294 203831 3047
175937 151197 3050
175937 151197 3050
175937 151197 3050
175937 151197 3050
175937 151197 3050
175937 151197 3050
175937 151197 3050
175937 151197 3050
175937 151197 3050
175937 151197 3050
175937 151197 3050
175937 151197 3050
175937 151197 3050
240640 228014 3050
240640 228014 3050
240640 228014 3050
240640 228014 3050
240640 228014 3050
240640 228014 3050
240640 228014 3050
240640 228014 3050
240640 228014 3050
240640 228014 3050
240640 228014 3050
240640 228014 3050
240640 228014 3050
236206 289528 3051
236206 289528 3051
236206 289528 3051
236206 289528 3051
236206 289528 3051
236206 289528 3051
236206 289528 3051
236206 289528 3051
236206 289528 3051
236206 289528 3051
236206 289528 3051
236206 289528 3051
196315 251932 3054
196315 251932 3054
196315 251932 3054
196315 251932 3054
196315 251932 3054
196315 251932 3054
196315 251932 3054
196315 251932 3054
196315 251932 3054
196315 251932 3054
196315 251932 3054
196315 251932 3054
196315 251932 3054
232713 228366 3055
232713 228366 3055
232713 228366 3055
232713 228366 3055
232713 228366 3055
232713 228366 3055
232713 228366 3055
232713 228366 3055
232713 228366 3055
232713 228366 3055
232713 228366 3055
232713 228366 3055
228053 243056 3056
228053 243056 3056
228053 243056 3056
228053 243056 3056
228053 243056 3056
228053 243056 3056
228053 243056 3056
228053 243056 3056
228053 243056 3056
228053 243056 3056
228053 243056 3056
228053 243056 3056
236556 243622 3056
236556 243622 3056
236556 243622 3056
236556 243622 3056
236556 243622 3056
236556 243622 3056
236556 243622 3056
236556 243622 3056
236556 243622 3056
236556 243622 3056
236556 243622 3056
236556 243622 3056
236556 243622 3056
284492 284560 3063
284492 284560 3063
284492 284560 3063
284492 284560 3063
284492 284560 3063
284492 284560 3063
284492 284560 3063
284492 284560 3063
284492 284560 3063
284492 284560 3063
284492 284560 3063
284492 284560 3063
293362 294268 3064
293362 294268 3064
293362 294268 3064
293362 294268 3064
293362 294268 3064
293362 294268 3064
293362 294268 3064
293362 294268 3064
293362 294268 3064
293362 294268 3064
293362 294268 3064
293362 294268 3064
251936 240597 3067
251936 240597 3067
251936 240597 3067
251936 240597 3067
251936 240597 3067
251936 240597 3067
251936 240597 3067
251936 240597 3067
251936 240597 3067
251936 240597 3067
251936 240597 3067
251936 240597 3067
251936 240597 3067
193627 175933 3069
193627 175933 3069
193627 175933 3069
193627 175933 3069
193627 175933 3069
193627 175933 3069
193627 175933 3069
193627 175933 3069
193627 175933 3069
193627 175933 3069
193627 175933 3069
193627 175933 3069
240587 151075 3071
240587 151075 3071
240587 151075 3071
240587 151075 3071
240587 151075 3071
240587 151075 3071
240587 151075 3071
240587 151075 3071
240587 151075 3071
240587 151075 3071
240587 151075 3071
240587 151075 3071
240587 151075 3071
234242 236159 3072
234242 236159 3072
234242 236159 3072
234242 236159 3072
234242 236159 3072
234242 236159 3072
234242 236159 3072
234242 236159 3072
234242 236159 3072
234242 236159 3072
234242 236159 3072
234242 236159 3072
234242 236159 3072
235966 251936 3074
235966 251936 3074
235966 251936 3074
235966 251936 3074
235966 251936 3074
235966 251936 3074
235966 251936 3074
235966 251936 3074
235966 251936 3074
235966 251936 3074
235966 251936 3074
235966 251936 3074
238236 226526 3074
238236 226526 3074
238236 226526 3074
238236 226526 3074
238236 226526 3074
238236 226526 3074
238236 226526 3074
238236 226526 3074
238236 226526 3074
238236 226526 3074
238236 226526 3074
238236 226526 3074
238236 226526 3074
203079 176278 3075
203079 176278 3075
203079 176278 3075
203079 176278 3075
203079 176278 3075
203079 176278 3075
203079 176278 3075
203079 176278 3075
203079 176278 3075
203079 176278 3075
203079 176278 3075
203079 176278 3075
203079 176278 3075
236923 233529 3078
236923 233529 3078
236923 233529 3078
236923 233529 3078
236923 233529 3078
236923 233529 3078
236923 233529 3078
236923 233529 3078
236923 233529 3078
236923 233529 3078
236923 233529 3078
236923 233529 3078
190915 265481 3084
190915 265481 3084
190915 265481 3084
190915 265481 3084
190915 265481 3084
190915 265481 3084
190915 265481 3084
190915 265481 3084
190915 265481 3084
190915 265481 3084
190915 265481 3084
190915 265481 3084
235974 229511 3093
235974 229511 3093
235974 229511 3093
235974 229511 3093
235974 229511 3093
235974 229511 3093
235974 229511 3093
235974 229511 3093
235974 229511 3093
235974 229511 3093
235974 229511 3093
235974 229511 3093
235974 229511 3093
230098 11835 3096
230098 11835 3096
230098 11835 3096
230098 11835 3096
230098 11835 3096
230098 11835 3096
230098 11835 3096
230098 11835 3096
230098 11835 3096
230098 11835 3096
230098 11835 3096
230098 11835 3096
230098 11835 3096
237906 235977 3097
237906 235977 3097
237906 235977 3097
237906 235977 3097
237906 235977 3097
237906 235977 3097
237906 235977 3097
237906 235977 3097
237906 235977 3097
237906 235977 3097
237906 235977 3097
237906 235977 3097
155156 235126 3097
155156 235126 3097
155156 235126 3097
155156 235126 3097
155156 235126 3097
155156 235126 3097
155156 235126 3097
155156 235126 3097
155156 235126 3097
155156 235126 3097
155156 235126 3097
155156 235126 3097
236482 190816 3097
236482 190816 3097
236482 190816 3097
236482 190816 3097
236482 190816 3097
236482 190816 3097
236482 190816 3097
236482 190816 3097
236482 190816 3097
236482 190816 3097
236482 190816 3097
236482 190816 3097
236482 190816 3097
237906 187563 3098
237906 187563 3098
237906 187563 3098
237906 187563 3098
237906 187563 3098
237906 187563 3098
237906 187563 3098
237906 187563 3098
237906 187563 3098
237906 187563 3098
237906 187563 3098
237906 187563 3098
173806 187715 3098
173806 187715 3098
173806 187715 3098
173806 187715 3098
173806 187715 3098
173806 187715 3098
173806 187715 3098
173806 187715 3098
173806 187715 3098
173806 187715 3098
173806 187715 3098
173806 187715 3098
209191 236083 3105
209191 236083 3105
209191 236083 3105
209191 236083 3105
209191 236083 3105
209191 236083 3105
209191 236083 3105
209191 236083 3105
209191 236083 3105
209191 236083 3105
209191 236083 3105
209191 236083 3105
209191 236083 3105
289620 202618 3108
289620 202618 3108
289620 202618 3108
289620 202618 3108
289620 202618 3108
289620 202618 3108
289620 202618 3108
289620 202618 3108
289620 202618 3108
289620 202618 3108
289620 202618 3108
289620 202618 3108
265841 246134 3109
265841 246134 3109
265841 246134 3109
265841 246134 3109
265841 246134 3109
265841 246134 3109
265841 246134 3109
265841 246134 3109
265841 246134 3109
265841 246134 3109
265841 246134 3109
265841 246134 3109
265841 246134 3109
230208 227541 3109
230208 227541 3109
230208 227541 3109
230208 227541 3109
230208 227541 3109
230208 227541 3109
230208 227541 3109
230208 227541 3109
230208 227541 3109
230208 227541 3109
230208 227541 3109
230208 227541 3109
230208 227541 3109
250540 284212 3112
250540 284212 3112
250540 284212 3112
250540 284212 3112
250540 284212 3112
250540 284212 3112
250540 284212 3112
250540 284212 3112
250540 284212 3112
250540 284212 3112
250540 284212 3112
250540 284212 3112
250540 284212 3112
126481 236065 3115
126481 236065 3115
126481 236065 3115
126481 236065 3115
126481 236065 3115
126481 236065 3115
126481 236065 3115
126481 236065 3115
126481 236065 3115
126481 236065 3115
126481 236065 3115
126481 236065 3115
126481 236065 3115
228034 242322 3116
228034 242322 3116
228034 242322 3116
228034 242322 3116
228034 242322 3116
228034 242322 3116
228034 242322 3116
228034 242322 3116
228034 242322 3116
228034 242322 3116
228034 242322 3116
228034 242322 3116
228034 242322 3116
190920 229773 3124
190920 229773 3124
190920 229773 3124
190920 229773 3124
190920 229773 3124
190920 229773 3124
190920 229773 3124
190920 229773 3124
190920 229773 3124
190920 229773 3124
190920 229773 3124
190920 229773 3124
239235 285466 3125
239235 285466 3125
239235 285466 3125
239235 285466 3125
239235 285466 3125
239235 285466 3125
239235 285466 3125
239235 285466 3125
239235 285466 3125
239235 285466 3125
239235 285466 3125
239235 285466 3125
239235 285466 3125
262498 286717 3129
262498 286717 3129
262498 286717 3129
262498 286717 3129
262498 286717 3129
262498 286717 3129
262498 286717 3129
262498 286717 3129
262498 286717 3129
262498 286717 3129
262498 286717 3129
262498 286717 3129
262498 286717 3129
274610 265637 3132
274610 265637 3132
274610 265637 3132
274610 265637 3132
274610 265637 3132
274610 265637 3132
274610 265637 3132
274610 265637 3132
274610 265637 3132
274610 265637 3132
274610 265637 3132
274610 265637 3132
235663 235935 3142
235663 235935 3142
235663 235935 3142
235663 235935 3142
235663 235935 3142
235663 235935 3142
235663 235935 3142
235663 235935 3142
235663 235935 3142
235663 235935 3142
235663 235935 3142
235663 235935 3142
235663 235935 3142
289344 285276 3146
289344 285276 3146
289344 285276 3146
289344 285276 3146
289344 285276 3146
289344 285276 3146
289344 285276 3146
289344 285276 3146
289344 285276 3146
289344 285276 3146
289344 285276 3146
289344 285276 3146
250695 245933 3148
250695 245933 3148
250695 245933 3148
250695 245933 3148
250695 245933 3148
250695 245933 3148
250695 245933 3148
250695 245933 3148
250695 245933 3148
250695 245933 3148
250695 245933 3148
250695 245933 3148
250695 245933 3148
9119 235974 3151
9119 235974 3151
9119 235974 3151
9119 235974 3151
9119 235974 3151
9119 235974 3151
9119 235974 3151
9119 235974 3151
9119 235974 3151
9119 235974 3151
9119 235974 3151
9119 235974 3151
229836 227532 3151
229836 227532 3151
229836 227532 3151
229836 227532 3151
229836 227532 3151
229836 227532 3151
229836 227532 3151
229836 227532 3151
229836 227532 3151
229836 227532 3151
229836 227532 3151
229836 227532 3151
229836 227532 3151
227250 231890 3155
227250 231890 3155
227250 231890 3155
227250 231890 3155
227250 231890 3155
227250 231890 3155
227250 231890 3155
227250 231890 3155
227250 231890 3155
227250 231890 3155
227250 231890 3155
227250 231890 3155
227250 231890 3155
252027 243622 3163
252027 243622 3163
252027 243622 3163
252027 243622 3163
252027 243622 3163
252027 243622 3163
252027 243622 3163
252027 243622 3163
252027 243622 3163
252027 243622 3163
252027 243622 3163
252027 243622 3163
293112 11754 3166
293112 11754 3166
293112 11754 3166
293112 11754 3166
293112 11754 3166
293112 11754 3166
293112 11754 3166
293112 11754 3166
293112 11754 3166
293112 11754 3166
293112 11754 3166
293112 11754 3166
293112 11754 3166
266389 245999 3166
266389 245999 3166
266389 245999 3166
266389 245999 3166
266389 245999 3166
266389 245999 3166
266389 245999 3166
266389 245999 3166
266389 245999 3166
266389 245999 3166
266389 245999 3166
266389 245999 3166
265583 246101 3167
265583 246101 3167
265583 246101 3167
265583 246101 3167
265583 246101 3167
265583 246101 3167
265583 246101 3167
265583 246101 3167
265583 246101 3167
265583 246101 3167
265583 246101 3167
265583 246101 3167
265583 246101 3167
245972 151125 3168
245972 151125 3168
245972 151125 3168
245972 151125 3168
245972 151125 3168
245972 151125 3168
245972 151125 3168
245972 151125 3168
245972 151125 3168
245972 151125 3168
245972 151125 3168
245972 151125 3168
245972 151125 3168
151584 230414 3172
151584 230414 3172
151584 230414 3172
151584 230414 3172
151584 230414 3172
151584 230414 3172
151584 230414 3172
151584 230414 3172
151584 230414 3172
151584 230414 3172
151584 230414 3172
151584 230414 3172
151584 230414 3172
228032 228466 3173
228032 228466 3173
228032 228466 3173
228032 228466 3173
228032 228466 3173
228032 228466 3173
228032 228466 3173
228032 228466 3173
228032 228466 3173
228032 228466 3173
228032 228466 3173
228032 228466 3173
242232 245940 3174
242232 245940 3174
242232 245940 3174
242232 245940 3174
242232 245940 3174
242232 245940 3174
242232 245940 3174
242232 245940 3174
242232 245940 3174
242232 245940 3174
242232 245940 3174
242232 245940 3174
242232 245940 3174
230445 227556 3175
230445 227556 3175
230445 227556 3175
230445 227556 3175
230445 227556 3175
230445 227556 3175
230445 227556 3175
230445 227556 3175
230445 227556 3175
230445 227556 3175
230445 227556 3175
230445 227556 3175
228401 227532 3175
228401 227532 3175
228401 227532 3175
228401 227532 3175
228401 227532 3175
228401 227532 3175
228401 227532 3175
228401 227532 3175
228401 227532 3175
228401 227532 3175
228401 227532 3175
228401 227532 3175
228401 227532 3175
289620 151135 3176
289620 151135 3176
289620 151135 3176
289620 151135 3176
289620 151135 3176
289620 151135 3176
289620 151135 3176
289620 151135 3176
289620 151135 3176
289620 151135 3176
289620 151135 3176
289620 151135 3176
248378 287856 3176
248378 287856 3176
248378 287856 3176
248378 287856 3176
248378 287856 3176
248378 287856 3176
248378 287856 3176
248378 287856 3176
248378 287856 3176
248378 287856 3176
248378 287856 3176
248378 287856 3176
248352 295095 3178
248352 295095 3178
248352 295095 3178
248352 295095 3178
248352 295095 3178
248352 295095 3178
248352 295095 3178
248352 295095 3178
248352 295095 3178
248352 295095 3178
248352 295095 3178
248352 295095 3178
190937 188465 3185
190937 188465 3185
190937 188465 3185
190937 188465 3185
190937 188465 3185
190937 188465 3185
190937 188465 3185
190937 188465 3185
190937 188465 3185
190937 188465 3185
190937 188465 3185
190937 188465 3185
190937 188465 3185
238254 11835 3185
238254 11835 3185
238254 11835 3185
238254 11835 3185
238254 11835 3185
238254 11835 3185
238254 11835 3185
238254 11835 3185
238254 11835 3185
238254 11835 3185
238254 11835 3185
238254 11835 3185
227246 11835 3186
227246 11835 3186
227246 11835 3186
227246 11835 3186
227246 11835 3186
227246 11835 3186
227246 11835 3186
227246 11835 3186
227246 11835 3186
227246 11835 3186
227246 11835 3186
227246 11835 3186
227246 11835 3186
195615 285375 3187
195615 285375 3187
195615 285375 3187
195615 285375 3187
195615 285375 3187
195615 285375 3187
195615 285375 3187
195615 285375 3187
195615 285375 3187
195615 285375 3187
195615 285375 3187
195615 285375 3187
195615 285375 3187
250582 227093 3188
250582 227093 3188
250582 227093 3188
250582 227093 3188
250582 227093 3188
250582 227093 3188
250582 227093 3188
250582 227093 3188
250582 227093 3188
250582 227093 3188
250582 227093 3188
250582 227093 3188
250582 227093 3188
293650 285354 3190
293650 285354 3190
293650 285354 3190
293650 285354 3190
293650 285354 3190
293650 285354 3190
293650 285354 3190
293650 285354 3190
293650 285354 3190
293650 285354 3190
293650 285354 3190
293650 285354 3190
230957 246154 3192
230957 246154 3192
230957 246154 3192
230957 246154 3192
230957 246154 3192
230957 246154 3192
230957 246154 3192
230957 246154 3192
230957 246154 3192
230957 246154 3192
230957 246154 3192
230957 246154 3192
237846 243536 3196
237846 243536 3196
237846 243536 3196
237846 243536 3196
237846 243536 3196
237846 243536 3196
237846 243536 3196
237846 243536 3196
237846 243536 3196
237846 243536 3196
237846 243536 3196
237846 243536 3196
237846 243536 3196
153272 195511 3197
153272 195511 3197
153272 195511 3197
153272 195511 3197
153272 195511 3197
153272 195511 3197
153272 195511 3197
153272 195511 3197
153272 195511 3197
153272 195511 3197
153272 195511 3197
153272 195511 3197
195511 208308 3201
195511 208308 3201
195511 208308 3201
195511 208308 3201
195511 208308 3201
195511 208308 3201
195511 208308 3201
195511 208308 3201
195511 208308 3201
195511 208308 3201
195511 208308 3201
195511 208308 3201
235999 235862 3203
235999 235862 3203
235999 235862 3203
235999 235862 3203
235999 235862 3203
235999 235862 3203
235999 235862 3203
235999 235862 3203
235999 235862 3203
235999 235862 3203
235999 235862 3203
235999 235862 3203
235999 235862 3203
241489 237851 3204
241489 237851 3204
241489 237851 3204
241489 237851 3204
241489 237851 3204
241489 237851 3204
241489 237851 3204
241489 237851 3204
241489 237851 3204
241489 237851 3204
241489 237851 3204
241489 237851 3204
229511 242391 3205
229511 242391 3205
229511 242391 3205
229511 242391 3205
229511 242391 3205
229511 242391 3205
229511 242391 3205
229511 242391 3205
229511 242391 3205
229511 242391 3205
229511 242391 3205
229511 242391 3205
285187 246158 3217
285187 246158 3217
285187 246158 3217
285187 246158 3217
285187 246158 3217
285187 246158 3217
285187 246158 3217
285187 246158 3217
285187 246158 3217
285187 246158 3217
285187 246158 3217
285187 246158 3217
285187 246158 3217
199837 230203 3224
199837 230203 3224
199837 230203 3224
199837 230203 3224
199837 230203 3224
199837 230203 3224
199837 230203 3224
199837 230203 3224
199837 230203 3224
199837 230203 3224
199837 230203 3224
199837 230203 3224
199837 230203 3224
227095 159612 3229
227095 159612 3229
227095 159612 3229
227095 159612 3229
227095 159612 3229
227095 159612 3229
227095 159612 3229
227095 159612 3229
227095 159612 3229
227095 159612 3229
227095 159612 3229
227095 159612 3229
227095 159612 3229
230957 226271 3261
230957 226271 3261
230957 226271 3261
230957 226271 3261
230957 226271 3261
230957 226271 3261
230957 226271 3261
230957 226271 3261
230957 226271 3261
230957 226271 3261
230957 226271 3261
230957 226271 3261
246330 245970 3269
246330 245970 3269
246330 245970 3269
246330 245970 3269
246330 245970 3269
246330 245970 3269
246330 245970 3269
246330 245970 3269
246330 245970 3269
246330 245970 3269
246330 245970 3269
246330 245970 3269
246330 245970 3269
285187 11822 3328
285187 11822 3328
285187 11822 3328
285187 11822 3328
285187 11822 3328
285187 11822 3328
285187 11822 3328
285187 11822 3328
285187 11822 3328
285187 11822 3328
285187 11822 3328
285187 11822 3328
285187 11822 3328
288557 235683 3331
288557 235683 3331
288557 235683 3331
288557 235683 3331
288557 235683 3331
288557 235683 3331
288557 235683 3331
288557 235683 3331
288557 235683 3331
288557 235683 3331
288557 235683 3331
288557 235683 3331
237855 241191 3356
237855 241191 3356
237855 241191 3356
237855 241191 3356
237855 241191 3356
237855 241191 3356
237855 241191 3356
237855 241191 3356
237855 241191 3356
237855 241191 3356
237855 241191 3356
237855 241191 3356
237855 241191 3356
237886 10269 3382
237886 10269 3382
237886 10269 3382
237886 10269 3382
237886 10269 3382
237886 10269 3382
237886 10269 3382
237886 10269 3382
237886 10269 3382
237886 10269 3382
237886 10269 3382
237886 10269 3382
239013 203831 3389
239013 203831 3389
239013 203831 3389
239013 203831 3389
239013 203831 3389
239013 203831 3389
239013 203831 3389
239013 203831 3389
239013 203831 3389
239013 203831 3389
239013 203831 3389
239013 203831 3389
239013 203831 3389
241873 238211 3392
241873 238211 3392
241873 238211 3392
241873 238211 3392
241873 238211 3392
241873 238211 3392
241873 238211 3392
241873 238211 3392
241873 238211 3392
241873 238211 3392
241873 238211 3392
241873 238211 3392
235950 235974 3393
235950 235974 3393
235950 235974 3393
235950 235974 3393
235950 235974 3393
235950 235974 3393
235950 235974 3393
235950 235974 3393
235950 235974 3393
235950 235974 3393
235950 235974 3393
235950 235974 3393
294268 227723 3400
294268 227723 3400
294268 227723 3400
294268 227723 3400
294268 227723 3400
294268 227723 3400
294268 227723 3400
294268 227723 3400
294268 227723 3400
294268 227723 3400
294268 227723 3400
294268 227723 3400
238631 235663 3401
238631 235663 3401
238631 235663 3401
238631 235663 3401
238631 235663 3401
238631 235663 3401
238631 235663 3401
238631 235663 3401
238631 235663 3401
238631 235663 3401
238631 235663 3401
238631 235663 3401
238631 235663 3401
250690 284212 3401
250690 284212 3401
250690 284212 3401
250690 284212 3401
250690 284212 3401
250690 284212 3401
250690 284212 3401
250690 284212 3401
250690 284212 3401
250690 284212 3401
250690 284212 3401
250690 284212 3401
250690 284212 3401
226389 4147 3418
226389 4147 3418
226389 4147 3418
226389 4147 3418
226389 4147 3418
226389 4147 3418
226389 4147 3418
226389 4147 3418
226389 4147 3418
226389 4147 3418
226389 4147 3418
226389 4147 3418
226389 4147 3418
231462 235678 3438
231462 235678 3438
231462 235678 3438
231462 235678 3438
231462 235678 3438
231462 235678 3438
231462 235678 3438
231462 235678 3438
231462 235678 3438
231462 235678 3438
231462 235678 3438
231462 235678 3438
231462 235678 3438
9117 235966 3439
9117 235966 3439
9117 235966 3439
9117 235966 3439
9117 235966 3439
9117 235966 3439
9117 235966 3439
9117 235966 3439
9117 235966 3439
9117 235966 3439
9117 235966 3439
9117 235966 3439
9117 235966 3439
232719 235013 3440
232719 235013 3440
232719 235013 3440
232719 235013 3440
232719 235013 3440
232719 235013 3440
232719 235013 3440
232719 235013 3440
232719 235013 3440
232719 235013 3440
232719 235013 3440
232719 235013 3440
232719 235013 3440
160292 203471 3448
160292 203471 3448
160292 203471 3448
160292 203471 3448
160292 203471 3448
160292 203471 3448
160292 203471 3448
160292 203471 3448
160292 203471 3448
160292 203471 3448
160292 203471 3448
160292 203471 3448
227834 237101 3449
227834 237101 3449
227834 237101 3449
227834 237101 3449
227834 237101 3449
227834 237101 3449
227834 237101 3449
227834 237101 3449
227834 237101 3449
227834 237101 3449
227834 237101 3449
227834 237101 3449
227834 237101 3449
250558 245977 3450
250558 245977 3450
250558 245977 3450
250558 245977 3450
250558 245977 3450
250558 245977 3450
250558 245977 3450
250558 245977 3450
250558 245977 3450
250558 245977 3450
250558 245977 3450
250558 245977 3450
250558 245977 3450
292030 293380 3451
292030 293380 3451
292030 293380 3451
292030 293380 3451
292030 293380 3451
292030 293380 3451
292030 293380 3451
292030 293380 3451
292030 293380 3451
292030 293380 3451
292030 293380 3451
292030 293380 3451
246986 288656 3452
246986 288656 3452
246986 288656 3452
246986 288656 3452
246986 288656 3452
246986 288656 3452
246986 288656 3452
246986 288656 3452
246986 288656 3452
246986 288656 3452
246986 288656 3452
246986 288656 3452
246986 288656 3452
229773 202634 3454
229773 202634 3454
229773 202634 3454
229773 202634 3454
229773 202634 3454
229773 202634 3454
229773 202634 3454
229773 202634 3454
229773 202634 3454
229773 202634 3454
229773 202634 3454
229773 202634 3454
229773 202634 3454
236838 226753 3460
236838 226753 3460
236838 226753 3460
236838 226753 3460
236838 226753 3460
236838 226753 3460
236838 226753 3460
236838 226753 3460
236838 226753 3460
236838 226753 3460
236838 226753 3460
236838 226753 3460
226753 9639 3462
226753 9639 3462
226753 9639 3462
226753 9639 3462
226753 9639 3462
226753 9639 3462
226753 9639 3462
226753 9639 3462
226753 9639 3462
226753 9639 3462
226753 9639 3462
226753 9639 3462
226753 9639 3462
208266 174915 3463
208266 174915 3463
208266 174915 3463
208266 174915 3463
208266 174915 3463
208266 174915 3463
208266 174915 3463
208266 174915 3463
208266 174915 3463
208266 174915 3463
208266 174915 3463
208266 174915 3463
265841 246303 3465
265841 246303 3465
265841 246303 3465
265841 246303 3465
265841 246303 3465
265841 246303 3465
265841 246303 3465
265841 246303 3465
265841 246303 3465
265841 246303 3465
265841 246303 3465
265841 246303 3465
229825 225748 3469
229825 225748 3469
229825 225748 3469
229825 225748 3469
229825 225748 3469
229825 225748 3469
229825 225748 3469
229825 225748 3469
229825 225748 3469
229825 225748 3469
229825 225748 3469
229825 225748 3469
229825 225748 3469
227267 236067 3469
227267 236067 3469
227267 236067 3469
227267 236067 3469
227267 236067 3469
227267 236067 3469
227267 236067 3469
227267 236067 3469
227267 236067 3469
227267 236067 3469
227267 236067 3469
227267 236067 3469
227267 236067 3469
239754 232684 3471
239754 232684 3471
239754 232684 3471
239754 232684 3471
239754 232684 3471
239754 232684 3471
239754 232684 3471
239754 232684 3471
239754 232684 3471
239754 232684 3471
239754 232684 3471
239754 232684 3471
239754 232684 3471
289167 293376 3475
289167 293376 3475
289167 293376 3475
289167 293376 3475
289167 293376 3475
289167 293376 3475
289167 293376 3475
289167 293376 3475
289167 293376 3475
289167 293376 3475
289167 293376 3475
289167 293376 3475
232360 235013 3475
232360 235013 3475
232360 235013 3475
232360 235013 3475
232360 235013 3475
232360 235013 3475
232360 235013 3475
232360 235013 3475
232360 235013 3475
232360 235013 3475
232360 235013 3475
232360 235013 3475
232360 235013 3475
296535 246044 3476
296535 246044 3476
296535 246044 3476
296535 246044 3476
296535 246044 3476
296535 246044 3476
296535 246044 3476
296535 246044 3476
296535 246044 3476
296535 246044 3476
296535 246044 3476
296535 246044 3476
150440 9639 3478
150440 9639 3478
150440 9639 3478
150440 9639 3478
150440 9639 3478
150440 9639 3478
150440 9639 3478
150440 9639 3478
150440 9639 3478
150440 9639 3478
150440 9639 3478
150440 9639 3478
235659 175963 3479
235659 175963 3479
235659 175963 3479
235659 175963 3479
235659 175963 3479
235659 175963 3479
235659 175963 3479
235659 175963 3479
235659 175963 3479
235659 175963 3479
235659 175963 3479
235659 175963 3479
240557 175933 3479
240557 175933 3479
240557 175933 3479
240557 175933 3479
240557 175933 3479
240557 175933 3479
240557 175933 3479
240557 175933 3479
240557 175933 3479
240557 175933 3479
240557 175933 3479
240557 175933 3479
240557 175933 3479
187078 230200 3479
187078 230200 3479
187078 230200 3479
187078 230200 3479
187078 230200 3479
187078 230200 3479
187078 230200 3479
187078 230200 3479
187078 230200 3479
187078 230200 3479
187078 230200 3479
187078 230200 3479
195262 230204 3481
195262 230204 3481
195262 230204 3481
195262 230204 3481
195262 230204 3481
195262 230204 3481
195262 230204 3481
195262 230204 3481
195262 230204 3481
195262 230204 3481
195262 230204 3481
195262 230204 3481
227095 294268 3485
227095 294268 3485
227095 294268 3485
227095 294268 3485
227095 294268 3485
227095 294268 3485
227095 294268 3485
227095 294268 3485
227095 294268 3485
227095 294268 3485
227095 294268 3485
227095 294268 3485
225597 238214 3485
225597 238214 3485
225597 238214 3485
225597 238214 3485
225597 238214 3485
225597 238214 3485
225597 238214 3485
225597 238214 3485
225597 238214 3485
225597 238214 3485
225597 238214 3485
225597 238214 3485
225597 238214 3485
227253 236921 3486
227253 236921 3486
227253 236921 3486
227253 236921 3486
227253 236921 3486
227253 236921 3486
227253 236921 3486
227253 236921 3486
227253 236921 3486
227253 236921 3486
227253 236921 3486
227253 236921 3486
227253 236921 3486
289331 246116 3487
289331 246116 3487
289331 246116 3487
289331 246116 3487
289331 246116 3487
289331 246116 3487
289331 246116 3487
289331 246116 3487
289331 246116 3487
289331 246116 3487
289331 246116 3487
289331 246116 3487
243552 285281 3488
243552 285281 3488
243552 285281 3488
243552 285281 3488
243552 285281 3488
243552 285281 3488
243552 285281 3488
243552 285281 3488
243552 285281 3488
243552 285281 3488
243552 285281 3488
243552 285281 3488
243552 285281 3488
236921 289528 3489
236921 289528 3489
236921 289528 3489
236921 289528 3489
236921 289528 3489
236921 289528 3489
236921 289528 3489
236921 289528 3489
236921 289528 3489
236921 289528 3489
236921 289528 3489
236921 289528 3489
236921 289528 3489
291226 285375 3491
291226 285375 3491
291226 285375 3491
291226 285375 3491
291226 285375 3491
291226 285375 3491
291226 285375 3491
291226 285375 3491
291226 285375 3491
291226 285375 3491
291226 285375 3491
291226 285375 3491
291226 285375 3491
289528 265960 3491
289528 265960 3491
289528 265960 3491
289528 265960 3491
289528 265960 3491
289528 265960 3491
289528 265960 3491
289528 265960 3491
289528 265960 3491
289528 265960 3491
289528 265960 3491
289528 265960 3491
289528 265960 3491
198559 228058 3492
198559 228058 3492
198559 228058 3492
198559 228058 3492
198559 228058 3492
198559 228058 3492
198559 228058 3492
198559 228058 3492
198559 228058 3492
198559 228058 3492
198559 228058 3492
198559 228058 3492
194344 236083 3492
194344 236083 3492
194344 236083 3492
194344 236083 3492
194344 236083 3492
194344 236083 3492
194344 236083 3492
194344 236083 3492
194344 236083 3492
194344 236083 3492
194344 236083 3492
194344 236083 3492
194344 236083 3492
225846 228418 3493
225846 228418 3493
225846 228418 3493
225846 228418 3493
225846 228418 3493
225846 228418 3493
225846 228418 3493
225846 228418 3493
225846 228418 3493
225846 228418 3493
225846 228418 3493
225846 228418 3493
225846 228418 3493
243556 285281 3493
243556 285281 3493
243556 285281 3493
243556 285281 3493
243556 285281 3493
243556 285281 3493
243556 285281 3493
243556 285281 3493
243556 285281 3493
243556 285281 3493
243556 285281 3493
243556 285281 3493
243556 285281 3493
243803 236529 3496
243803 236529 3496
243803 236529 3496
243803 236529 3496
243803 236529 3496
243803 236529 3496
243803 236529 3496
243803 236529 3496
243803 236529 3496
243803 236529 3496
243803 236529 3496
243803 236529 3496
283388 284514 3497
283388 284514 3497
283388 284514 3497
283388 284514 3497
283388 284514 3497
283388 284514 3497
283388 284514 3497
283388 284514 3497
283388 284514 3497
283388 284514 3497
283388 284514 3497
283388 284514 3497
235134 235966 3497
235134 235966 3497
235134 235966 3497
235134 235966 3497
235134 235966 3497
235134 235966 3497
235134 235966 3497
235134 235966 3497
235134 235966 3497
235134 235966 3497
235134 235966 3497
235134 235966 3497
235134 235966 3497
229836 228034 3498
229836 228034 3498
229836 228034 3498
229836 228034 3498
229836 228034 3498
229836 228034 3498
229836 228034 3498
229836 228034 3498
229836 228034 3498
229836 228034 3498
229836 228034 3498
229836 228034 3498
242491 230110 3499
242491 230110 3499
242491 230110 3499
242491 230110 3499
242491 230110 3499
242491 230110 3499
242491 230110 3499
242491 230110 3499
242491 230110 3499
242491 230110 3499
242491 230110 3499
242491 230110 3499
233644 14918 3500
233644 14918 3500
233644 14918 3500
233644 14918 3500
233644 14918 3500
233644 14918 3500
233644 14918 3500
233644 14918 3500
233644 14918 3500
233644 14918 3500
233644 14918 3500
233644 14918 3500
233644 229773 3500
233644 229773 3500
233644 229773 3500
233644 229773 3500
233644 229773 3500
233644 229773 3500
233644 229773 3500
233644 229773 3500
233644 229773 3500
233644 229773 3500
233644 229773 3500
233644 229773 3500
233644 14918 3500
233644 14918 3500
233644 14918 3500
233644 14918 3500
233644 14918 3500
233644 14918 3500
233644 14918 3500
233644 14918 3500
233644 14918 3500
233644 14918 3500
233644 14918 3500
233644 14918 3500
233644 14918 3500
233644 14918 3500
233644 14918 3500
233644 14918 3500
233644 14918 3500
233644 14918 3500
233644 14918 3500
233644 14918 3500
233644 14918 3500
233644 14918 3500
233644 14918 3500
233644 14918 3500
233644 14918 3500
233644 242072 3500
233644 242072 3500
233644 242072 3500
233644 242072 3500
233644 242072 3500
233644 242072 3500
233644 242072 3500
233644 242072 3500
233644 242072 3500
233644 242072 3500
233644 242072 3500
233644 242072 3500
233644 242072 3500
233644 14918 3500
233644 14918 3500
233644 14918 3500
233644 14918 3500
233644 14918 3500
233644 14918 3500
233644 14918 3500
233644 14918 3500
233644 14918 3500
233644 14918 3500
233644 14918 3500
233644 14918 3500
233644 14918 3500
233644 229773 3500
233644 229773 3500
233644 229773 3500
233644 229773 3500
233644 229773 3500
233644 229773 3500
233644 229773 3500
233644 229773 3500
233644 229773 3500
233644 229773 3500
233644 229773 3500
233644 229773 3500
233644 229773 3500
238203 245925 3501
238203 245925 3501
238203 245925 3501
238203 245925 3501
238203 245925 3501
238203 245925 3501
238203 245925 3501
238203 245925 3501
238203 245925 3501
238203 245925 3501
238203 245925 3501
238203 245925 3501
227064 229773 3501
227064 229773 3501
227064 229773 3501
227064 229773 3501
227064 229773 3501
227064 229773 3501
227064 229773 3501
227064 229773 3501
227064 229773 3501
227064 229773 3501
227064 229773 3501
227064 229773 3501
201672 191023 3501
201672 191023 3501
201672 191023 3501
201672 191023 3501
201672 191023 3501
201672 191023 3501
201672 191023 3501
201672 191023 3501
201672 191023 3501
201672 191023 3501
201672 191023 3501
201672 191023 3501
228132 229773 3501
228132 229773 3501
228132 229773 3501
228132 229773 3501
228132 229773 3501
228132 229773 3501
228132 229773 3501
228132 229773 3501
228132 229773 3501
228132 229773 3501
228132 229773 3501
228132 229773 3501
251995 235673 3501
251995 235673 3501
251995 235673 3501
251995 235673 3501
251995 235673 3501
251995 235673 3501
251995 235673 3501
251995 235673 3501
251995 235673 3501
251995 235673 3501
251995 235673 3501
251995 235673 3501
227828 229773 3501
227828 229773 3501
227828 229773 3501
227828 229773 3501
227828 229773 3501
227828 229773 3501
227828 229773 3501
227828 229773 3501
227828 229773 3501
227828 229773 3501
227828 229773 3501
227828 229773 3501
242334 225931 3501
242334 225931 3501
242334 225931 3501
242334 225931 3501
242334 225931 3501
242334 225931 3501
242334 225931 3501
242334 225931 3501
242334 225931 3501
242334 225931 3501
242334 225931 3501
242334 225931 3501
14918 238402 3502
14918 238402 3502
14918 238402 3502
14918 238402 3502
14918 238402 3502
14918 238402 3502
14918 238402 3502
14918 238402 3502
14918 238402 3502
14918 238402 3502
14918 238402 3502
14918 238402 3502
14918 238402 3502
14918 241874 3502
14918 241874 3502
14918 241874 3502
14918 241874 3502
14918 241874 3502
14918 241874 3502
14918 241874 3502
14918 241874 3502
14918 241874 3502
14918 241874 3502
14918 241874 3502
14918 241874 3502
193059 198597 3502
193059 198597 3502
193059 198597 3502
193059 198597 3502
193059 198597 3502
193059 198597 3502
193059 198597 3502
193059 198597 3502
193059 198597 3502
193059 198597 3502
193059 198597 3502
193059 198597 3502
193059 198597 3502
229773 4138 3503
229773 4138 3503
229773 4138 3503
229773 4138 3503
229773 4138 3503
229773 4138 3503
229773 4138 3503
229773 4138 3503
229773 4138 3503
229773 4138 3503
229773 4138 3503
229773 4138 3503
235690 190817 3504
235690 190817 3504
235690 190817 3504
235690 190817 3504
235690 190817 3504
235690 190817 3504
235690 190817 3504
235690 190817 3504
235690 190817 3504
235690 190817 3504
235690 190817 3504
235690 190817 3504
235673 188437 3504
235673 188437 3504
235673 188437 3504
235673 188437 3504
235673 188437 3504
235673 188437 3504
235673 188437 3504
235673 188437 3504
235673 188437 3504
235673 188437 3504
235673 188437 3504
235673 188437 3504
236474 190817 3504
236474 190817 3504
236474 190817 3504
236474 190817 3504
236474 190817 3504
236474 190817 3504
236474 190817 3504
236474 190817 3504
236474 190817 3504
236474 190817 3504
236474 190817 3504
236474 190817 3504
236474 190817 3504
236474 190817 3504
236474 190817 3504
236474 190817 3504
236474 190817 3504
236474 190817 3504
236474 190817 3504
236474 190817 3504
236474 190817 3504
236474 190817 3504
236474 190817 3504
236474 190817 3504
236474 190817 3504
226749 190817 3504
226749 190817 3504
226749 190817 3504
226749 190817 3504
226749 190817 3504
226749 190817 3504
226749 190817 3504
226749 190817 3504
226749 190817 3504
226749 190817 3504
226749 190817 3504
226749 190817 3504
226749 190817 3504
226455 236792 3504
226455 236792 3504
226455 236792 3504
226455 236792 3504
226455 236792 3504
226455 236792 3504
226455 236792 3504
226455 236792 3504
226455 236792 3504
226455 236792 3504
226455 236792 3504
226455 236792 3504
226455 236792 3504
235658 188437 3504
235658 188437 3504
235658 188437 3504
235658 188437 3504
235658 188437 3504
235658 188437 3504
235658 188437 3504
235658 188437 3504
235658 188437 3504
235658 188437 3504
235658 188437 3504
235658 188437 3504
235965 227267 3505
235965 227267 3505
235965 227267 3505
235965 227267 3505
235965 227267 3505
235965 227267 3505
235965 227267 3505
235965 227267 3505
235965 227267 3505
235965 227267 3505
235965 227267 3505
235965 227267 3505
237852 195248 3505
237852 195248 3505
237852 195248 3505
237852 195248 3505
237852 195248 3505
237852 195248 3505
237852 195248 3505
237852 195248 3505
237852 195248 3505
237852 195248 3505
237852 195248 3505
237852 195248 3505
226771 268489 3508
226771 268489 3508
226771 268489 3508
226771 268489 3508
226771 268489 3508
226771 268489 3508
226771 268489 3508
226771 268489 3508
226771 268489 3508
226771 268489 3508
226771 268489 3508
226771 268489 3508
237202 225845 3509
237202 225845 3509
237202 225845 3509
237202 225845 3509
237202 225845 3509
237202 225845 3509
237202 225845 3509
237202 225845 3509
237202 225845 3509
237202 225845 3509
237202 225845 3509
237202 225845 3509
237202 225845 3509
227257 228401 3510
227257 228401 3510
227257 228401 3510
227257 228401 3510
227257 228401 3510
227257 228401 3510
227257 228401 3510
227257 228401 3510
227257 228401 3510
227257 228401 3510
227257 228401 3510
227257 228401 3510
232923 228521 3512
232923 228521 3512
232923 228521 3512
232923 228521 3512
232923 228521 3512
232923 228521 3512
232923 228521 3512
232923 228521 3512
232923 228521 3512
232923 228521 3512
232923 228521 3512
232923 228521 3512
232923 228521 3512
124694 228445 3513
124694 228445 3513
124694 228445 3513
124694 228445 3513
124694 228445 3513
124694 228445 3513
124694 228445 3513
124694 228445 3513
124694 228445 3513
124694 228445 3513
124694 228445 3513
124694 228445 3513
124694 228445 3513
236178 228443 3517
236178 228443 3517
236178 228443 3517
236178 228443 3517
236178 228443 3517
236178 228443 3517
236178 228443 3517
236178 228443 3517
236178 228443 3517
236178 228443 3517
236178 228443 3517
236178 228443 3517
265307 290123 3518
265307 290123 3518
265307 290123 3518
265307 290123 3518
265307 290123 3518
265307 290123 3518
265307 290123 3518
265307 290123 3518
265307 290123 3518
265307 290123 3518
265307 290123 3518
265307 290123 3518
230956 241489 3518
230956 241489 3518
230956 241489 3518
230956 241489 3518
230956 241489 3518
230956 241489 3518
230956 241489 3518
230956 241489 3518
230956 241489 3518
230956 241489 3518
230956 241489 3518
230956 241489 3518
230956 241489 3518
241489 238631 3520
241489 238631 3520
241489 238631 3520
241489 238631 3520
241489 238631 3520
241489 238631 3520
241489 238631 3520
241489 238631 3520
241489 238631 3520
241489 238631 3520
241489 238631 3520
241489 238631 3520
241489 238631 3520
246116 150224 3520
246116 150224 3520
246116 150224 3520
246116 150224 3520
246116 150224 3520
246116 150224 3520
246116 150224 3520
246116 150224 3520
246116 150224 3520
246116 150224 3520
246116 150224 3520
246116 150224 3520
231019 236400 3522
231019 236400 3522
231019 236400 3522
231019 236400 3522
231019 236400 3522
231019 236400 3522
231019 236400 3522
231019 236400 3522
231019 236400 3522
231019 236400 3522
231019 236400 3522
231019 236400 3522
232189 237967 3523
232189 237967 3523
232189 237967 3523
232189 237967 3523
232189 237967 3523
232189 237967 3523
232189 237967 3523
232189 237967 3523
232189 237967 3523
232189 237967 3523
232189 237967 3523
232189 237967 3523
296709 227099 3524
296709 227099 3524
296709 227099 3524
296709 227099 3524
296709 227099 3524
296709 227099 3524
296709 227099 3524
296709 227099 3524
296709 227099 3524
296709 227099 3524
296709 227099 3524
296709 227099 3524
227098 226993 3525
227098 226993 3525
227098 226993 3525
227098 226993 3525
227098 226993 3525
227098 226993 3525
227098 226993 3525
227098 226993 3525
227098 226993 3525
227098 226993 3525
227098 226993 3525
227098 226993 3525
227098 226993 3525
288603 284514 3525
288603 284514 3525
288603 284514 3525
288603 284514 3525
288603 284514 3525
288603 284514 3525
288603 284514 3525
288603 284514 3525
288603 284514 3525
288603 284514 3525
288603 284514 3525
288603 284514 3525
288603 284514 3525
236075 239001 3527
236075 239001 3527
236075 239001 3527
236075 239001 3527
236075 239001 3527
236075 239001 3527
236075 239001 3527
236075 239001 3527
236075 239001 3527
236075 239001 3527
236075 239001 3527
236075 239001 3527
286613 237843 3528
286613 237843 3528
286613 237843 3528
286613 237843 3528
286613 237843 3528
286613 237843 3528
286613 237843 3528
286613 237843 3528
286613 237843 3528
286613 237843 3528
286613 237843 3528
286613 237843 3528
226966 246054 3528
226966 246054 3528
226966 246054 3528
226966 246054 3528
226966 246054 3528
226966 246054 3528
226966 246054 3528
226966 246054 3528
226966 246054 3528
226966 246054 3528
226966 246054 3528
226966 246054 3528
226966 246054 3528
284514 295112 3528
284514 295112 3528
284514 295112 3528
284514 295112 3528
284514 295112 3528
284514 295112 3528
284514 295112 3528
284514 295112 3528
284514 295112 3528
284514 295112 3528
284514 295112 3528
284514 295112 3528
175934 195022 3529
175934 195022 3529
175934 195022 3529
175934 195022 3529
175934 195022 3529
175934 195022 3529
175934 195022 3529
175934 195022 3529
175934 195022 3529
175934 195022 3529
175934 195022 3529
175934 195022 3529
175934 195022 3529
292473 265409 3529
292473 265409 3529
292473 265409 3529
292473 265409 3529
292473 265409 3529
292473 265409 3529
292473 265409 3529
292473 265409 3529
292473 265409 3529
292473 265409 3529
292473 265409 3529
292473 265409 3529
184794 285187 3529
184794 285187 3529
184794 285187 3529
184794 285187 3529
184794 285187 3529
184794 285187 3529
184794 285187 3529
184794 285187 3529
184794 285187 3529
184794 285187 3529
184794 285187 3529
184794 285187 3529
256656 248380 3530
256656 248380 3530
256656 248380 3530
256656 248380 3530
256656 248380 3530
256656 248380 3530
256656 248380 3530
256656 248380 3530
256656 248380 3530
256656 248380 3530
256656 248380 3530
256656 248380 3530
256656 248380 3530
237849 11013 3531
237849 11013 3531
237849 11013 3531
237849 11013 3531
237849 11013 3531
237849 11013 3531
237849 11013 3531
237849 11013 3531
237849 11013 3531
237849 11013 3531
237849 11013 3531
237849 11013 3531
294595 230101 3531
294595 230101 3531
294595 230101 3531
294595 230101 3531
294595 230101 3531
294595 230101 3531
294595 230101 3531
294595 230101 3531
294595 230101 3531
294595 230101 3531
294595 230101 3531
294595 230101 3531
294595 230101 3531
241873 14813 3531
241873 14813 3531
241873 14813 3531
241873 14813 3531
241873 14813 3531
241873 14813 3531
241873 14813 3531
241873 14813 3531
241873 14813 3531
241873 14813 3531
241873 14813 3531
241873 14813 3531
241873 14813 3531
195511 160240 3532
195511 160240 3532
195511 160240 3532
195511 160240 3532
195511 160240 3532
195511 160240 3532
195511 160240 3532
195511 160240 3532
195511 160240 3532
195511 160240 3532
195511 160240 3532
195511 160240 3532
195511 160240 3532
256628 265909 3533
256628 265909 3533
256628 265909 3533
256628 265909 3533
256628 265909 3533
256628 265909 3533
256628 265909 3533
256628 265909 3533
256628 265909 3533
256628 265909 3533
256628 265909 3533
256628 265909 3533
291455 296198 3534
291455 296198 3534
291455 296198 3534
291455 296198 3534
291455 296198 3534
291455 296198 3534
291455 296198 3534
291455 296198 3534
291455 296198 3534
291455 296198 3534
291455 296198 3534
291455 296198 3534
291455 296198 3534
191594 190992 3534
191594 190992 3534
191594 190992 3534
191594 190992 3534
191594 190992 3534
191594 190992 3534
191594 190992 3534
191594 190992 3534
191594 190992 3534
191594 190992 3534
191594 190992 3534
191594 190992 3534
194427 188293 3535
194427 188293 3535
194427 188293 3535
194427 188293 3535
194427 188293 3535
194427 188293 3535
194427 188293 3535
194427 188293 3535
194427 188293 3535
194427 188293 3535
194427 188293 3535
194427 188293 3535
230413 293376 3535
230413 293376 3535
230413 293376 3535
230413 293376 3535
230413 293376 3535
230413 293376 3535
230413 293376 3535
230413 293376 3535
230413 293376 3535
230413 293376 3535
230413 293376 3535
230413 293376 3535
230413 293376 3535
227286 227257 3536
227286 227257 3536
227286 227257 3536
227286 227257 3536
227286 227257 3536
227286 227257 3536
227286 227257 3536
227286 227257 3536
227286 227257 3536
227286 227257 3536
227286 227257 3536
227286 227257 3536
227286 227257 3536
285243 245977 3540
285243 245977 3540
285243 245977 3540
285243 245977 3540
285243 245977 3540
285243 245977 3540
285243 245977 3540
285243 245977 3540
285243 245977 3540
285243 245977 3540
285243 245977 3540
285243 245977 3540
285243 245977 3540
292432 236835 3541
292432 236835 3541
292432 236835 3541
292432 236835 3541
292432 236835 3541
292432 236835 3541
292432 236835 3541
292432 236835 3541
292432 236835 3541
292432 236835 3541
292432 236835 3541
292432 236835 3541
292432 236835 3541
228366 236105 3541
228366 236105 3541
228366 236105 3541
228366 236105 3541
228366 236105 3541
228366 236105 3541
228366 236105 3541
228366 236105 3541
228366 236105 3541
228366 236105 3541
228366 236105 3541
228366 236105 3541
228366 236105 3541
295112 239253 3545
295112 239253 3545
295112 239253 3545
295112 239253 3545
295112 239253 3545
295112 239253 3545
295112 239253 3545
295112 239253 3545
295112 239253 3545
295112 239253 3545
295112 239253 3545
295112 239253 3545
236835 226939 3547
236835 226939 3547
236835 226939 3547
236835 226939 3547
236835 226939 3547
236835 226939 3547
236835 226939 3547
236835 226939 3547
236835 226939 3547
236835 226939 3547
236835 226939 3547
236835 226939 3547
236835 226939 3547
240698 236024 3549
240698 236024 3549
240698 236024 3549
240698 236024 3549
240698 236024 3549
240698 236024 3549
240698 236024 3549
240698 236024 3549
240698 236024 3549
240698 236024 3549
240698 236024 3549
240698 236024 3549
235678 293656 3550
235678 293656 3550
235678 293656 3550
235678 293656 3550
235678 293656 3550
235678 293656 3550
235678 293656 3550
235678 293656 3550
235678 293656 3550
235678 293656 3550
235678 293656 3550
235678 293656 3550
242933 293656 3550
242933 293656 3550
242933 293656 3550
242933 293656 3550
242933 293656 3550
242933 293656 3550
242933 293656 3550
242933 293656 3550
242933 293656 3550
242933 293656 3550
242933 293656 3550
242933 293656 3550
242933 293656 3550
196158 190899 3554
196158 190899 3554
196158 190899 3554
196158 190899 3554
196158 190899 3554
196158 190899 3554
196158 190899 3554
196158 190899 3554
196158 190899 3554
196158 190899 3554
196158 190899 3554
196158 190899 3554
289734 238437 3554
289734 238437 3554
289734 238437 3554
289734 238437 3554
289734 238437 3554
289734 238437 3554
289734 238437 3554
289734 238437 3554
289734 238437 3554
289734 238437 3554
289734 238437 3554
289734 238437 3554
196158 159652 3555
196158 159652 3555
196158 159652 3555
196158 159652 3555
196158 159652 3555
196158 159652 3555
196158 159652 3555
196158 159652 3555
196158 159652 3555
196158 159652 3555
196158 159652 3555
196158 159652 3555
193619 265481 3556
193619 265481 3556
193619 265481 3556
193619 265481 3556
193619 265481 3556
193619 265481 3556
193619 265481 3556
193619 265481 3556
193619 265481 3556
193619 265481 3556
193619 265481 3556
193619 265481 3556
193619 265481 3556
230101 227254 3557
230101 227254 3557
230101 227254 3557
230101 227254 3557
230101 227254 3557
230101 227254 3557
230101 227254 3557
230101 227254 3557
230101 227254 3557
230101 227254 3557
230101 227254 3557
230101 227254 3557
174463 236474 3557
174463 236474 3557
174463 236474 3557
174463 236474 3557
174463 236474 3557
174463 236474 3557
174463 236474 3557
174463 236474 3557
174463 236474 3557
174463 236474 3557
174463 236474 3557
174463 236474 3557
174463 236474 3557
195340 153288 3557
195340 153288 3557
195340 153288 3557
195340 153288 3557
195340 153288 3557
195340 153288 3557
195340 153288 3557
195340 153288 3557
195340 153288 3557
195340 153288 3557
195340 153288 3557
195340 153288 3557
195340 153288 3557
231019 236168 3558
231019 236168 3558
231019 236168 3558
231019 236168 3558
231019 236168 3558
231019 236168 3558
231019 236168 3558
231019 236168 3558
231019 236168 3558
231019 236168 3558
231019 236168 3558
231019 236168 3558
231019 236168 3558
236168 234242 3560
236168 234242 3560
236168 234242 3560
236168 234242 3560
236168 234242 3560
236168 234242 3560
236168 234242 3560
236168 234242 3560
236168 234242 3560
236168 234242 3560
236168 234242 3560
236168 234242 3560
236168 234242 3560
243536 235683 3562
243536 235683 3562
243536 235683 3562
243536 235683 3562
243536 235683 3562
243536 235683 3562
243536 235683 3562
243536 235683 3562
243536 235683 3562
243536 235683 3562
243536 235683 3562
243536 235683 3562
243536 235683 3562
270405 265960 3563
270405 265960 3563
270405 265960 3563
270405 265960 3563
270405 265960 3563
270405 265960 3563
270405 265960 3563
270405 265960 3563
270405 265960 3563
270405 265960 3563
270405 265960 3563
270405 265960 3563
270405 265960 3563
295095 11777 3563
295095 11777 3563
295095 11777 3563
295095 11777 3563
295095 11777 3563
295095 11777 3563
295095 11777 3563
295095 11777 3563
295095 11777 3563
295095 11777 3563
295095 11777 3563
295095 11777 3563
235687 243706 3565
235687 243706 3565
235687 243706 3565
235687 243706 3565
235687 243706 3565
235687 243706 3565
235687 243706 3565
235687 243706 3565
235687 243706 3565
235687 243706 3565
235687 243706 3565
235687 243706 3565
235687 243706 3565
153282 193611 3566
153282 193611 3566
153282 193611 3566
153282 193611 3566
153282 193611 3566
153282 193611 3566
153282 193611 3566
153282 193611 3566
153282 193611 3566
153282 193611 3566
153282 193611 3566
153282 193611 3566
153282 193611 3566
201796 240657 3567
201796 240657 3567
201796 240657 3567
201796 240657 3567
201796 240657 3567
201796 240657 3567
201796 240657 3567
201796 240657 3567
201796 240657 3567
201796 240657 3567
201796 240657 3567
201796 240657 3567
201796 240657 3567
250698 289042 3572
250698 289042 3572
250698 289042 3572
250698 289042 3572
250698 289042 3572
250698 289042 3572
250698 289042 3572
250698 289042 3572
250698 289042 3572
250698 289042 3572
250698 289042 3572
250698 289042 3572
232701 238725 3573
232701 238725 3573
232701 238725 3573
232701 238725 3573
232701 238725 3573
232701 238725 3573
232701 238725 3573
232701 238725 3573
232701 238725 3573
232701 238725 3573
232701 238725 3573
232701 238725 3573
232701 238725 3573
238440 235679 3575
238440 235679 3575
238440 235679 3575
238440 235679 3575
238440 235679 3575
238440 235679 3575
238440 235679 3575
238440 235679 3575
238440 235679 3575
238440 235679 3575
238440 235679 3575
238440 235679 3575
238440 235679 3575
11144 4570 3575
11144 4570 3575
11144 4570 3575
11144 4570 3575
11144 4570 3575
11144 4570 3575
11144 4570 3575
11144 4570 3575
11144 4570 3575
11144 4570 3575
11144 4570 3575
11144 4570 3575
11144 4570 3575
10598 235934 3579
10598 235934 3579
10598 235934 3579
10598 235934 3579
10598 235934 3579
10598 235934 3579
10598 235934 3579
10598 235934 3579
10598 235934 3579
10598 235934 3579
10598 235934 3579
10598 235934 3579
246100 293376 3580
246100 293376 3580
246100 293376 3580
246100 293376 3580
246100 293376 3580
246100 293376 3580
246100 293376 3580
246100 293376 3580
246100 293376 3580
246100 293376 3580
246100 293376 3580
246100 293376 3580
246100 293376 3580
14923 226939 3580
14923 226939 3580
14923 226939 3580
14923 226939 3580
14923 226939 3580
14923 226939 3580
14923 226939 3580
14923 226939 3580
14923 226939 3580
14923 226939 3580
14923 226939 3580
14923 226939 3580
196506 174358 3581
196506 174358 3581
196506 174358 3581
196506 174358 3581
196506 174358 3581
196506 174358 3581
196506 174358 3581
196506 174358 3581
196506 174358 3581
196506 174358 3581
196506 174358 3581
196506 174358 3581
196506 174358 3581
236939 228034 3581
236939 228034 3581
236939 228034 3581
236939 228034 3581
236939 228034 3581
236939 228034 3581
236939 228034 3581
236939 228034 3581
236939 228034 3581
236939 228034 3581
236939 228034 3581
236939 228034 3581
236939 228034 3581
14923 235679 3581
14923 235679 3581
14923 235679 3581
14923 235679 3581
14923 235679 3581
14923 235679 3581
14923 235679 3581
14923 235679 3581
14923 235679 3581
14923 235679 3581
14923 235679 3581
14923 235679 3581
291348 182100 3581
291348 182100 3581
291348 182100 3581
291348 182100 3581
291348 182100 3581
291348 182100 3581
291348 182100 3581
291348 182100 3581
291348 182100 3581
291348 182100 3581
291348 182100 3581
291348 182100 3581
291348 182100 3581
240846 227105 3583
240846 227105 3583
240846 227105 3583
240846 227105 3583
240846 227105 3583
240846 227105 3583
240846 227105 3583
240846 227105 3583
240846 227105 3583
240846 227105 3583
240846 227105 3583
240846 227105 3583
240846 227105 3583
241489 243536 3583
241489 243536 3583
241489 243536 3583
241489 243536 3583
241489 243536 3583
241489 243536 3583
241489 243536 3583
241489 243536 3583
241489 243536 3583
241489 243536 3583
241489 243536 3583
241489 243536 3583
274607 285274 3585
274607 285274 3585
274607 285274 3585
274607 285274 3585
274607 285274 3585
274607 285274 3585
274607 285274 3585
274607 285274 3585
274607 285274 3585
274607 285274 3585
274607 285274 3585
274607 285274 3585
274607 285274 3585
201027 249352 3587
201027 249352 3587
201027 249352 3587
201027 249352 3587
201027 249352 3587
201027 249352 3587
201027 249352 3587
201027 249352 3587
201027 249352 3587
201027 249352 3587
201027 249352 3587
201027 249352 3587
285273 248348 3590
285273 248348 3590
285273 248348 3590
285273 248348 3590
285273 248348 3590
285273 248348 3590
285273 248348 3590
285273 248348 3590
285273 248348 3590
285273 248348 3590
285273 248348 3590
285273 248348 3590
187726 160293 3590
187726 160293 3590
187726 160293 3590
187726 160293 3590
187726 160293 3590
187726 160293 3590
187726 160293 3590
187726 160293 3590
187726 160293 3590
187726 160293 3590
187726 160293 3590
187726 160293 3590
160293 227071 3590
160293 227071 3590
160293 227071 3590
160293 227071 3590
160293 227071 3590
160293 227071 3590
160293 227071 3590
160293 227071 3590
160293 227071 3590
160293 227071 3590
160293 227071 3590
160293 227071 3590
160293 227071 3590
235942 239844 3590
235942 239844 3590
235942 239844 3590
235942 239844 3590
235942 239844 3590
235942 239844 3590
235942 239844 3590
235942 239844 3590
235942 239844 3590
235942 239844 3590
235942 239844 3590
235942 239844 3590
231025 232195 3591
231025 232195 3591
231025 232195 3591
231025 232195 3591
231025 232195 3591
231025 232195 3591
231025 232195 3591
231025 232195 3591
231025 232195 3591
231025 232195 3591
231025 232195 3591
231025 232195 3591
231025 232195 3591
289150 285355 3592
289150 285355 3592
289150 285355 3592
289150 285355 3592
289150 285355 3592
289150 285355 3592
289150 285355 3592
289150 285355 3592
289150 285355 3592
289150 285355 3592
289150 285355 3592
289150 285355 3592
160293 205994 3593
160293 205994 3593
160293 205994 3593
160293 205994 3593
160293 205994 3593
160293 205994 3593
160293 205994 3593
160293 205994 3593
160293 205994 3593
160293 205994 3593
160293 205994 3593
160293 205994 3593
240865 232831 3594
240865 232831 3594
240865 232831 3594
240865 232831 3594
240865 232831 3594
240865 232831 3594
240865 232831 3594
240865 232831 3594
240865 232831 3594
240865 232831 3594
240865 232831 3594
240865 232831 3594
240865 232831 3594
227050 235854 3595
227050 235854 3595
227050 235854 3595
227050 235854 3595
227050 235854 3595
227050 235854 3595
227050 235854 3595
227050 235854 3595
227050 235854 3595
227050 235854 3595
227050 235854 3595
227050 235854 3595
236927 227254 3599
236927 227254 3599
236927 227254 3599
236927 227254 3599
236927 227254 3599
236927 227254 3599
236927 227254 3599
236927 227254 3599
236927 227254 3599
236927 227254 3599
236927 227254 3599
236927 227254 3599
284633 11144 3599
284633 11144 3599
284633 11144 3599
284633 11144 3599
284633 11144 3599
284633 11144 3599
284633 11144 3599
284633 11144 3599
284633 11144 3599
284633 11144 3599
284633 11144 3599
284633 11144 3599
241191 237849 3599
241191 237849 3599
241191 237849 3599
241191 237849 3599
241191 237849 3599
241191 237849 3599
241191 237849 3599
241191 237849 3599
241191 237849 3599
241191 237849 3599
241191 237849 3599
241191 237849 3599
228201 238418 3600
228201 238418 3600
228201 238418 3600
228201 238418 3600
228201 238418 3600
228201 238418 3600
228201 238418 3600
228201 238418 3600
228201 238418 3600
228201 238418 3600
228201 238418 3600
228201 238418 3600
228201 238418 3600
