190929 237986 0
190929 237986 0
190929 237986 0
190929 237986 0
190929 237986 0
190929 237986 0
190929 237986 0
190929 237986 0
190929 237986 0
190929 237986 0
190929 237986 0
190929 237986 0
190929 237986 0
282533 285463 1
282533 285463 1
282533 285463 1
282533 285463 1
282533 285463 1
282533 285463 1
282533 285463 1
282533 285463 1
282533 285463 1
282533 285463 1
282533 285463 1
282533 285463 1
282533 285463 1
226433 236052 1
226433 236052 1
226433 236052 1
226433 236052 1
226433 236052 1
226433 236052 1
226433 236052 1
226433 236052 1
226433 236052 1
226433 236052 1
226433 236052 1
226433 236052 1
226433 236052 1
190374 265481 2
190374 265481 2
190374 265481 2
190374 265481 2
190374 265481 2
190374 265481 2
190374 265481 2
190374 265481 2
190374 265481 2
190374 265481 2
190374 265481 2
190374 265481 2
190374 265481 2
242072 237873 4
242072 237873 4
242072 237873 4
242072 237873 4
242072 237873 4
242072 237873 4
242072 237873 4
242072 237873 4
242072 237873 4
242072 237873 4
242072 237873 4
242072 237873 4
242072 237873 4
252001 226382 5
252001 226382 5
252001 226382 5
252001 226382 5
252001 226382 5
252001 226382 5
252001 226382 5
252001 226382 5
252001 226382 5
252001 226382 5
252001 226382 5
252001 226382 5
246086 295082 5
246086 295082 5
246086 295082 5
246086 295082 5
246086 295082 5
246086 295082 5
246086 295082 5
246086 295082 5
246086 295082 5
246086 295082 5
246086 295082 5
246086 295082 5
246086 295082 5
240629 230072 5
240629 230072 5
240629 230072 5
240629 230072 5
240629 230072 5
240629 230072 5
240629 230072 5
240629 230072 5
240629 230072 5
240629 230072 5
240629 230072 5
240629 230072 5
232832 245925 6
232832 245925 6
232832 245925 6
232832 245925 6
232832 245925 6
232832 245925 6
232832 245925 6
232832 245925 6
232832 245925 6
232832 245925 6
232832 245925 6
232832 245925 6
232832 245925 6
10447 194344 9
10447 194344 9
10447 194344 9
10447 194344 9
10447 194344 9
10447 194344 9
10447 194344 9
10447 194344 9
10447 194344 9
10447 194344 9
10447 194344 9
10447 194344 9
235974 236024 11
235974 236024 11
235974 236024 11
235974 236024 11
235974 236024 11
235974 236024 11
235974 236024 11
235974 236024 11
235974 236024 11
235974 236024 11
235974 236024 11
235974 236024 11
235974 236024 11
251934 201027 11
251934 201027 11
251934 201027 11
251934 201027 11
251934 201027 11
251934 201027 11
251934 201027 11
251934 201027 11
251934 201027 11
251934 201027 11
251934 201027 11
251934 201027 11
251934 201027 11
201801 169456 11
201801 169456 11
201801 169456 11
201801 169456 11
201801 169456 11
201801 169456 11
201801 169456 11
201801 169456 11
201801 169456 11
201801 169456 11
201801 169456 11
201801 169456 11
235683 227270 11
235683 227270 11
235683 227270 11
235683 227270 11
235683 227270 11
235683 227270 11
235683 227270 11
235683 227270 11
235683 227270 11
235683 227270 11
235683 227270 11
235683 227270 11
237845 225887 11
237845 225887 11
237845 225887 11
237845 225887 11
237845 225887 11
237845 225887 11
237845 225887 11
237845 225887 11
237845 225887 11
237845 225887 11
237845 225887 11
237845 225887 11
237845 225887 11
282556 246066 12
282556 246066 12
282556 246066 12
282556 246066 12
282556 246066 12
282556 246066 12
282556 246066 12
282556 246066 12
282556 246066 12
282556 246066 12
282556 246066 12
282556 246066 12
282556 246066 12
226527 235175 12
226527 235175 12
226527 235175 12
226527 235175 12
226527 235175 12
226527 235175 12
226527 235175 12
226527 235175 12
226527 235175 12
226527 235175 12
226527 235175 12
226527 235175 12
226527 235175 12
150295 293377 12
150295 293377 12
150295 293377 12
150295 293377 12
150295 293377 12
150295 293377 12
150295 293377 12
150295 293377 12
150295 293377 12
150295 293377 12
150295 293377 12
150295 293377 12
242084 231463 12
242084 231463 12
242084 231463 12
242084 231463 12
242084 231463 12
242084 231463 12
242084 231463 12
242084 231463 12
242084 231463 12
242084 231463 12
242084 231463 12
242084 231463 12
192975 14781 13
192975 14781 13
192975 14781 13
192975 14781 13
192975 14781 13
192975 14781 13
192975 14781 13
192975 14781 13
192975 14781 13
192975 14781 13
192975 14781 13
192975 14781 13
192975 14781 13
226527 236179 13
226527 236179 13
226527 236179 13
226527 236179 13
226527 236179 13
226527 236179 13
226527 236179 13
226527 236179 13
226527 236179 13
226527 236179 13
226527 236179 13
226527 236179 13
226527 236179 13
11430 202615 13
11430 202615 13
11430 202615 13
11430 202615 13
11430 202615 13
11430 202615 13
11430 202615 13
11430 202615 13
11430 202615 13
11430 202615 13
11430 202615 13
11430 202615 13
11430 202615 13
252019 232707 15
252019 232707 15
252019 232707 15
252019 232707 15
252019 232707 15
252019 232707 15
252019 232707 15
252019 232707 15
252019 232707 15
252019 232707 15
252019 232707 15
252019 232707 15
226988 14923 16
226988 14923 16
226988 14923 16
226988 14923 16
226988 14923 16
226988 14923 16
226988 14923 16
226988 14923 16
226988 14923 16
226988 14923 16
226988 14923 16
226988 14923 16
226988 14923 16
293376 294283 18
293376 294283 18
293376 294283 18
293376 294283 18
293376 294283 18
293376 294283 18
293376 294283 18
293376 294283 18
293376 294283 18
293376 294283 18
293376 294283 18
293376 294283 18
293376 294283 18
193117 236508 18
193117 236508 18
193117 236508 18
193117 236508 18
193117 236508 18
193117 236508 18
193117 236508 18
193117 236508 18
193117 236508 18
193117 236508 18
193117 236508 18
193117 236508 18
193117 236508 18
228034 10933 21
228034 10933 21
228034 10933 21
228034 10933 21
228034 10933 21
228034 10933 21
228034 10933 21
228034 10933 21
228034 10933 21
228034 10933 21
228034 10933 21
228034 10933 21
151584 283694 21
151584 283694 21
151584 283694 21
151584 283694 21
151584 283694 21
151584 283694 21
151584 283694 21
151584 283694 21
151584 283694 21
151584 283694 21
151584 283694 21
151584 283694 21
231025 237843 21
231025 237843 21
231025 237843 21
231025 237843 21
231025 237843 21
231025 237843 21
231025 237843 21
231025 237843 21
231025 237843 21
231025 237843 21
231025 237843 21
231025 237843 21
231025 237843 21
174934 202020 22
174934 202020 22
174934 202020 22
174934 202020 22
174934 202020 22
174934 202020 22
174934 202020 22
174934 202020 22
174934 202020 22
174934 202020 22
174934 202020 22
174934 202020 22
174934 202020 22
4544 262450 24
4544 262450 24
4544 262450 24
4544 262450 24
4544 262450 24
4544 262450 24
4544 262450 24
4544 262450 24
4544 262450 24
4544 262450 24
4544 262450 24
4544 262450 24
4544 262450 24
190371 209652 24
190371 209652 24
190371 209652 24
190371 209652 24
190371 209652 24
190371 209652 24
190371 209652 24
190371 209652 24
190371 209652 24
190371 209652 24
190371 209652 24
190371 209652 24
190371 209652 24
202020 202627 24
202020 202627 24
202020 202627 24
202020 202627 24
202020 202627 24
202020 202627 24
202020 202627 24
202020 202627 24
202020 202627 24
202020 202627 24
202020 202627 24
202020 202627 24
202020 202627 24
196008 153036 25
196008 153036 25
196008 153036 25
196008 153036 25
196008 153036 25
196008 153036 25
196008 153036 25
196008 153036 25
196008 153036 25
196008 153036 25
196008 153036 25
196008 153036 25
196008 153036 25
242339 155156 25
242339 155156 25
242339 155156 25
242339 155156 25
242339 155156 25
242339 155156 25
242339 155156 25
242339 155156 25
242339 155156 25
242339 155156 25
242339 155156 25
242339 155156 25
173799 196081 25
173799 196081 25
173799 196081 25
173799 196081 25
173799 196081 25
173799 196081 25
173799 196081 25
173799 196081 25
173799 196081 25
173799 196081 25
173799 196081 25
173799 196081 25
173799 196081 25
243760 227319 25
243760 227319 25
243760 227319 25
243760 227319 25
243760 227319 25
243760 227319 25
243760 227319 25
243760 227319 25
243760 227319 25
243760 227319 25
243760 227319 25
243760 227319 25
225991 231472 26
225991 231472 26
225991 231472 26
225991 231472 26
225991 231472 26
225991 231472 26
225991 231472 26
225991 231472 26
225991 231472 26
225991 231472 26
225991 231472 26
225991 231472 26
195017 200262 26
195017 200262 26
195017 200262 26
195017 200262 26
195017 200262 26
195017 200262 26
195017 200262 26
195017 200262 26
195017 200262 26
195017 200262 26
195017 200262 26
195017 200262 26
195017 200262 26
226744 246072 26
226744 246072 26
226744 246072 26
226744 246072 26
226744 246072 26
226744 246072 26
226744 246072 26
226744 246072 26
226744 246072 26
226744 246072 26
226744 246072 26
226744 246072 26
230715 251977 27
230715 251977 27
230715 251977 27
230715 251977 27
230715 251977 27
230715 251977 27
230715 251977 27
230715 251977 27
230715 251977 27
230715 251977 27
230715 251977 27
230715 251977 27
231462 236921 27
231462 236921 27
231462 236921 27
231462 236921 27
231462 236921 27
231462 236921 27
231462 236921 27
231462 236921 27
231462 236921 27
231462 236921 27
231462 236921 27
231462 236921 27
227885 243619 27
227885 243619 27
227885 243619 27
227885 243619 27
227885 243619 27
227885 243619 27
227885 243619 27
227885 243619 27
227885 243619 27
227885 243619 27
227885 243619 27
227885 243619 27
230710 227028 28
230710 227028 28
230710 227028 28
230710 227028 28
230710 227028 28
230710 227028 28
230710 227028 28
230710 227028 28
230710 227028 28
230710 227028 28
230710 227028 28
230710 227028 28
235950 251977 29
235950 251977 29
235950 251977 29
235950 251977 29
235950 251977 29
235950 251977 29
235950 251977 29
235950 251977 29
235950 251977 29
235950 251977 29
235950 251977 29
235950 251977 29
235950 251977 29
283694 150208 30
283694 150208 30
283694 150208 30
283694 150208 30
283694 150208 30
283694 150208 30
283694 150208 30
283694 150208 30
283694 150208 30
283694 150208 30
283694 150208 30
283694 150208 30
227093 292465 30
227093 292465 30
227093 292465 30
227093 292465 30
227093 292465 30
227093 292465 30
227093 292465 30
227093 292465 30
227093 292465 30
227093 292465 30
227093 292465 30
227093 292465 30
227093 292465 30
228114 289745 31
228114 289745 31
228114 289745 31
228114 289745 31
228114 289745 31
228114 289745 31
228114 289745 31
228114 289745 31
228114 289745 31
228114 289745 31
228114 289745 31
228114 289745 31
240557 227713 31
240557 227713 31
240557 227713 31
240557 227713 31
240557 227713 31
240557 227713 31
240557 227713 31
240557 227713 31
240557 227713 31
240557 227713 31
240557 227713 31
240557 227713 31
240557 227713 31
239504 124351 32
239504 124351 32
239504 124351 32
239504 124351 32
239504 124351 32
239504 124351 32
239504 124351 32
239504 124351 32
239504 124351 32
239504 124351 32
239504 124351 32
239504 124351 32
236400 236009 32
236400 236009 32
236400 236009 32
236400 236009 32
236400 236009 32
236400 236009 32
236400 236009 32
236400 236009 32
236400 236009 32
236400 236009 32
236400 236009 32
236400 236009 32
236400 236009 32
285375 282516 32
285375 282516 32
285375 282516 32
285375 282516 32
285375 282516 32
285375 282516 32
285375 282516 32
285375 282516 32
285375 282516 32
285375 282516 32
285375 282516 32
285375 282516 32
239504 4679 32
239504 4679 32
239504 4679 32
239504 4679 32
239504 4679 32
239504 4679 32
239504 4679 32
239504 4679 32
239504 4679 32
239504 4679 32
239504 4679 32
239504 4679 32
199108 238631 32
199108 238631 32
199108 238631 32
199108 238631 32
199108 238631 32
199108 238631 32
199108 238631 32
199108 238631 32
199108 238631 32
199108 238631 32
199108 238631 32
199108 238631 32
199108 238631 32
285187 296709 33
285187 296709 33
285187 296709 33
285187 296709 33
285187 296709 33
285187 296709 33
285187 296709 33
285187 296709 33
285187 296709 33
285187 296709 33
285187 296709 33
285187 296709 33
285187 296709 33
289745 293343 33
289745 293343 33
289745 293343 33
289745 293343 33
289745 293343 33
289745 293343 33
289745 293343 33
289745 293343 33
289745 293343 33
289745 293343 33
289745 293343 33
289745 293343 33
289745 293343 33
240623 292432 33
240623 292432 33
240623 292432 33
240623 292432 33
240623 292432 33
240623 292432 33
240623 292432 33
240623 292432 33
240623 292432 33
240623 292432 33
240623 292432 33
240623 292432 33
243644 237683 33
243644 237683 33
243644 237683 33
243644 237683 33
243644 237683 33
243644 237683 33
243644 237683 33
243644 237683 33
243644 237683 33
243644 237683 33
243644 237683 33
243644 237683 33
243644 237683 33
246070 293176 34
246070 293176 34
246070 293176 34
246070 293176 34
246070 293176 34
246070 293176 34
246070 293176 34
246070 293176 34
246070 293176 34
246070 293176 34
246070 293176 34
246070 293176 34
246070 293176 34
285375 252669 35
285375 252669 35
285375 252669 35
285375 252669 35
285375 252669 35
285375 252669 35
285375 252669 35
285375 252669 35
285375 252669 35
285375 252669 35
285375 252669 35
285375 252669 35
236065 225615 35
236065 225615 35
236065 225615 35
236065 225615 35
236065 225615 35
236065 225615 35
236065 225615 35
236065 225615 35
236065 225615 35
236065 225615 35
236065 225615 35
236065 225615 35
190951 10596 36
190951 10596 36
190951 10596 36
190951 10596 36
190951 10596 36
190951 10596 36
190951 10596 36
190951 10596 36
190951 10596 36
190951 10596 36
190951 10596 36
190951 10596 36
190951 10596 36
230368 237325 36
230368 237325 36
230368 237325 36
230368 237325 36
230368 237325 36
230368 237325 36
230368 237325 36
230368 237325 36
230368 237325 36
230368 237325 36
230368 237325 36
230368 237325 36
227243 202632 37
227243 202632 37
227243 202632 37
227243 202632 37
227243 202632 37
227243 202632 37
227243 202632 37
227243 202632 37
227243 202632 37
227243 202632 37
227243 202632 37
227243 202632 37
238440 226968 38
238440 226968 38
238440 226968 38
238440 226968 38
238440 226968 38
238440 226968 38
238440 226968 38
238440 226968 38
238440 226968 38
238440 226968 38
238440 226968 38
238440 226968 38
238440 226968 38
242114 246116 38
242114 246116 38
242114 246116 38
242114 246116 38
242114 246116 38
242114 246116 38
242114 246116 38
242114 246116 38
242114 246116 38
242114 246116 38
242114 246116 38
242114 246116 38
235963 226968 38
235963 226968 38
235963 226968 38
235963 226968 38
235963 226968 38
235963 226968 38
235963 226968 38
235963 226968 38
235963 226968 38
235963 226968 38
235963 226968 38
235963 226968 38
202632 196008 39
202632 196008 39
202632 196008 39
202632 196008 39
202632 196008 39
202632 196008 39
202632 196008 39
202632 196008 39
202632 196008 39
202632 196008 39
202632 196008 39
202632 196008 39
202632 196008 39
196007 190918 39
196007 190918 39
196007 190918 39
196007 190918 39
196007 190918 39
196007 190918 39
196007 190918 39
196007 190918 39
196007 190918 39
196007 190918 39
196007 190918 39
196007 190918 39
239179 235966 39
239179 235966 39
239179 235966 39
239179 235966 39
239179 235966 39
239179 235966 39
239179 235966 39
239179 235966 39
239179 235966 39
239179 235966 39
239179 235966 39
239179 235966 39
238721 227828 40
238721 227828 40
238721 227828 40
238721 227828 40
238721 227828 40
238721 227828 40
238721 227828 40
238721 227828 40
238721 227828 40
238721 227828 40
238721 227828 40
238721 227828 40
238721 227828 40
152788 204226 40
152788 204226 40
152788 204226 40
152788 204226 40
152788 204226 40
152788 204226 40
152788 204226 40
152788 204226 40
152788 204226 40
152788 204226 40
152788 204226 40
152788 204226 40
152788 204226 40
226255 151200 40
226255 151200 40
226255 151200 40
226255 151200 40
226255 151200 40
226255 151200 40
226255 151200 40
226255 151200 40
226255 151200 40
226255 151200 40
226255 151200 40
226255 151200 40
226255 151200 40
250605 268850 41
250605 268850 41
250605 268850 41
250605 268850 41
250605 268850 41
250605 268850 41
250605 268850 41
250605 268850 41
250605 268850 41
250605 268850 41
250605 268850 41
250605 268850 41
200260 195024 42
200260 195024 42
200260 195024 42
200260 195024 42
200260 195024 42
200260 195024 42
200260 195024 42
200260 195024 42
200260 195024 42
200260 195024 42
200260 195024 42
200260 195024 42
200262 190863 42
200262 190863 42
200262 190863 42
200262 190863 42
200262 190863 42
200262 190863 42
200262 190863 42
200262 190863 42
200262 190863 42
200262 190863 42
200262 190863 42
200262 190863 42
256639 288992 42
256639 288992 42
256639 288992 42
256639 288992 42
256639 288992 42
256639 288992 42
256639 288992 42
256639 288992 42
256639 288992 42
256639 288992 42
256639 288992 42
256639 288992 42
256639 288992 42
268850 246001 45
268850 246001 45
268850 246001 45
268850 246001 45
268850 246001 45
268850 246001 45
268850 246001 45
268850 246001 45
268850 246001 45
268850 246001 45
268850 246001 45
268850 246001 45
268850 246001 45
232076 235134 45
232076 235134 45
232076 235134 45
232076 235134 45
232076 235134 45
232076 235134 45
232076 235134 45
232076 235134 45
232076 235134 45
232076 235134 45
232076 235134 45
232076 235134 45
227720 14841 45
227720 14841 45
227720 14841 45
227720 14841 45
227720 14841 45
227720 14841 45
227720 14841 45
227720 14841 45
227720 14841 45
227720 14841 45
227720 14841 45
227720 14841 45
235657 235977 45
235657 235977 45
235657 235977 45
235657 235977 45
235657 235977 45
235657 235977 45
235657 235977 45
235657 235977 45
235657 235977 45
235657 235977 45
235657 235977 45
235657 235977 45
187722 174458 45
187722 174458 45
187722 174458 45
187722 174458 45
187722 174458 45
187722 174458 45
187722 174458 45
187722 174458 45
187722 174458 45
187722 174458 45
187722 174458 45
187722 174458 45
265367 245978 45
265367 245978 45
265367 245978 45
265367 245978 45
265367 245978 45
265367 245978 45
265367 245978 45
265367 245978 45
265367 245978 45
265367 245978 45
265367 245978 45
265367 245978 45
190380 160292 45
190380 160292 45
190380 160292 45
190380 160292 45
190380 160292 45
190380 160292 45
190380 160292 45
190380 160292 45
190380 160292 45
190380 160292 45
190380 160292 45
190380 160292 45
190899 195026 45
190899 195026 45
190899 195026 45
190899 195026 45
190899 195026 45
190899 195026 45
190899 195026 45
190899 195026 45
190899 195026 45
190899 195026 45
190899 195026 45
190899 195026 45
190899 195026 45
190899 195026 45
190899 195026 45
190899 195026 45
190899 195026 45
190899 195026 45
190899 195026 45
190899 195026 45
190899 195026 45
190899 195026 45
190899 195026 45
190899 195026 45
245982 285491 47
245982 285491 47
245982 285491 47
245982 285491 47
245982 285491 47
245982 285491 47
245982 285491 47
245982 285491 47
245982 285491 47
245982 285491 47
245982 285491 47
245982 285491 47
235996 236506 49
235996 236506 49
235996 236506 49
235996 236506 49
235996 236506 49
235996 236506 49
235996 236506 49
235996 236506 49
235996 236506 49
235996 236506 49
235996 236506 49
235996 236506 49
235996 236506 49
284249 294569 49
284249 294569 49
284249 294569 49
284249 294569 49
284249 294569 49
284249 294569 49
284249 294569 49
284249 294569 49
284249 294569 49
284249 294569 49
284249 294569 49
284249 294569 49
284249 294569 49
215711 190762 50
215711 190762 50
215711 190762 50
215711 190762 50
215711 190762 50
215711 190762 50
215711 190762 50
215711 190762 50
215711 190762 50
215711 190762 50
215711 190762 50
215711 190762 50
215711 190762 50
227541 229829 50
227541 229829 50
227541 229829 50
227541 229829 50
227541 229829 50
227541 229829 50
227541 229829 50
227541 229829 50
227541 229829 50
227541 229829 50
227541 229829 50
227541 229829 50
226382 290810 51
226382 290810 51
226382 290810 51
226382 290810 51
226382 290810 51
226382 290810 51
226382 290810 51
226382 290810 51
226382 290810 51
226382 290810 51
226382 290810 51
226382 290810 51
226382 290810 51
181447 186780 51
181447 186780 51
181447 186780 51
181447 186780 51
181447 186780 51
181447 186780 51
181447 186780 51
181447 186780 51
181447 186780 51
181447 186780 51
181447 186780 51
181447 186780 51
232046 193059 53
232046 193059 53
232046 193059 53
232046 193059 53
232046 193059 53
232046 193059 53
232046 193059 53
232046 193059 53
232046 193059 53
232046 193059 53
232046 193059 53
232046 193059 53
239754 229867 55
239754 229867 55
239754 229867 55
239754 229867 55
239754 229867 55
239754 229867 55
239754 229867 55
239754 229867 55
239754 229867 55
239754 229867 55
239754 229867 55
239754 229867 55
239754 229867 55
283400 226967 57
283400 226967 57
283400 226967 57
283400 226967 57
283400 226967 57
283400 226967 57
283400 226967 57
283400 226967 57
283400 226967 57
283400 226967 57
283400 226967 57
283400 226967 57
228174 151192 58
228174 151192 58
228174 151192 58
228174 151192 58
228174 151192 58
228174 151192 58
228174 151192 58
228174 151192 58
228174 151192 58
228174 151192 58
228174 151192 58
228174 151192 58
238000 194390 59
238000 194390 59
238000 194390 59
238000 194390 59
238000 194390 59
238000 194390 59
238000 194390 59
238000 194390 59
238000 194390 59
238000 194390 59
238000 194390 59
238000 194390 59
238000 194390 59
195018 186780 59
195018 186780 59
195018 186780 59
195018 186780 59
195018 186780 59
195018 186780 59
195018 186780 59
195018 186780 59
195018 186780 59
195018 186780 59
195018 186780 59
195018 186780 59
195018 186780 59
178313 195340 60
178313 195340 60
178313 195340 60
178313 195340 60
178313 195340 60
178313 195340 60
178313 195340 60
178313 195340 60
178313 195340 60
178313 195340 60
178313 195340 60
178313 195340 60
178313 195340 60
176253 191015 61
176253 191015 61
176253 191015 61
176253 191015 61
176253 191015 61
176253 191015 61
176253 191015 61
176253 191015 61
176253 191015 61
176253 191015 61
176253 191015 61
176253 191015 61
236470 231025 62
236470 231025 62
236470 231025 62
236470 231025 62
236470 231025 62
236470 231025 62
236470 231025 62
236470 231025 62
236470 231025 62
236470 231025 62
236470 231025 62
236470 231025 62
236470 231025 62
196505 195316 65
196505 195316 65
196505 195316 65
196505 195316 65
196505 195316 65
196505 195316 65
196505 195316 65
196505 195316 65
196505 195316 65
196505 195316 65
196505 195316 65
196505 195316 65
227723 230726 66
227723 230726 66
227723 230726 66
227723 230726 66
227723 230726 66
227723 230726 66
227723 230726 66
227723 230726 66
227723 230726 66
227723 230726 66
227723 230726 66
227723 230726 66
227723 230726 66
291398 186762 66
291398 186762 66
291398 186762 66
291398 186762 66
291398 186762 66
291398 186762 66
291398 186762 66
291398 186762 66
291398 186762 66
291398 186762 66
291398 186762 66
291398 186762 66
155156 251928 67
155156 251928 67
155156 251928 67
155156 251928 67
155156 251928 67
155156 251928 67
155156 251928 67
155156 251928 67
155156 251928 67
155156 251928 67
155156 251928 67
155156 251928 67
155156 251928 67
186852 184794 69
186852 184794 69
186852 184794 69
186852 184794 69
186852 184794 69
186852 184794 69
186852 184794 69
186852 184794 69
186852 184794 69
186852 184794 69
186852 184794 69
186852 184794 69
236851 14921 70
236851 14921 70
236851 14921 70
236851 14921 70
236851 14921 70
236851 14921 70
236851 14921 70
236851 14921 70
236851 14921 70
236851 14921 70
236851 14921 70
236851 14921 70
159589 175913 71
159589 175913 71
159589 175913 71
159589 175913 71
159589 175913 71
159589 175913 71
159589 175913 71
159589 175913 71
159589 175913 71
159589 175913 71
159589 175913 71
159589 175913 71
159589 175913 71
294270 289524 72
294270 289524 72
294270 289524 72
294270 289524 72
294270 289524 72
294270 289524 72
294270 289524 72
294270 289524 72
294270 289524 72
294270 289524 72
294270 289524 72
294270 289524 72
294270 289524 72
283089 295133 73
283089 295133 73
283089 295133 73
283089 295133 73
283089 295133 73
283089 295133 73
283089 295133 73
283089 295133 73
283089 295133 73
283089 295133 73
283089 295133 73
283089 295133 73
240612 296096 73
240612 296096 73
240612 296096 73
240612 296096 73
240612 296096 73
240612 296096 73
240612 296096 73
240612 296096 73
240612 296096 73
240612 296096 73
240612 296096 73
240612 296096 73
240612 296096 73
283089 295133 74
283089 295133 74
283089 295133 74
283089 295133 74
283089 295133 74
283089 295133 74
283089 295133 74
283089 295133 74
283089 295133 74
283089 295133 74
283089 295133 74
283089 295133 74
283089 295133 74
193980 190861 75
193980 190861 75
193980 190861 75
193980 190861 75
193980 190861 75
193980 190861 75
193980 190861 75
193980 190861 75
193980 190861 75
193980 190861 75
193980 190861 75
193980 190861 75
294567 262514 76
294567 262514 76
294567 262514 76
294567 262514 76
294567 262514 76
294567 262514 76
294567 262514 76
294567 262514 76
294567 262514 76
294567 262514 76
294567 262514 76
294567 262514 76
237581 191674 76
237581 191674 76
237581 191674 76
237581 191674 76
237581 191674 76
237581 191674 76
237581 191674 76
237581 191674 76
237581 191674 76
237581 191674 76
237581 191674 76
237581 191674 76
237581 191674 76
215700 193617 77
215700 193617 77
215700 193617 77
215700 193617 77
215700 193617 77
215700 193617 77
215700 193617 77
215700 193617 77
215700 193617 77
215700 193617 77
215700 193617 77
215700 193617 77
193432 199361 77
193432 199361 77
193432 199361 77
193432 199361 77
193432 199361 77
193432 199361 77
193432 199361 77
193432 199361 77
193432 199361 77
193432 199361 77
193432 199361 77
193432 199361 77
193432 199361 77
235862 251928 77
235862 251928 77
235862 251928 77
235862 251928 77
235862 251928 77
235862 251928 77
235862 251928 77
235862 251928 77
235862 251928 77
235862 251928 77
235862 251928 77
235862 251928 77
235862 251928 77
286722 245937 78
286722 245937 78
286722 245937 78
286722 245937 78
286722 245937 78
286722 245937 78
286722 245937 78
286722 245937 78
286722 245937 78
286722 245937 78
286722 245937 78
286722 245937 78
286722 245937 78
186852 193617 78
186852 193617 78
186852 193617 78
186852 193617 78
186852 193617 78
186852 193617 78
186852 193617 78
186852 193617 78
186852 193617 78
186852 193617 78
186852 193617 78
186852 193617 78
186852 193617 78
191601 194337 78
191601 194337 78
191601 194337 78
191601 194337 78
191601 194337 78
191601 194337 78
191601 194337 78
191601 194337 78
191601 194337 78
191601 194337 78
191601 194337 78
191601 194337 78
236141 242471 78
236141 242471 78
236141 242471 78
236141 242471 78
236141 242471 78
236141 242471 78
236141 242471 78
236141 242471 78
236141 242471 78
236141 242471 78
236141 242471 78
236141 242471 78
236141 242471 78
200262 291737 79
200262 291737 79
200262 291737 79
200262 291737 79
200262 291737 79
200262 291737 79
200262 291737 79
200262 291737 79
200262 291737 79
200262 291737 79
200262 291737 79
200262 291737 79
200262 291737 79
291455 19032 79
291455 19032 79
291455 19032 79
291455 19032 79
291455 19032 79
291455 19032 79
291455 19032 79
291455 19032 79
291455 19032 79
291455 19032 79
291455 19032 79
291455 19032 79
288587 245977 79
288587 245977 79
288587 245977 79
288587 245977 79
288587 245977 79
288587 245977 79
288587 245977 79
288587 245977 79
288587 245977 79
288587 245977 79
288587 245977 79
288587 245977 79
288587 245977 79
209888 183779 80
209888 183779 80
209888 183779 80
209888 183779 80
209888 183779 80
209888 183779 80
209888 183779 80
209888 183779 80
209888 183779 80
209888 183779 80
209888 183779 80
209888 183779 80
209888 183779 80
245943 284212 80
245943 284212 80
245943 284212 80
245943 284212 80
245943 284212 80
245943 284212 80
245943 284212 80
245943 284212 80
245943 284212 80
245943 284212 80
245943 284212 80
245943 284212 80
245943 284212 80
193617 265481 81
193617 265481 81
193617 265481 81
193617 265481 81
193617 265481 81
193617 265481 81
193617 265481 81
193617 265481 81
193617 265481 81
193617 265481 81
193617 265481 81
193617 265481 81
193617 265481 81
186707 183779 81
186707 183779 81
186707 183779 81
186707 183779 81
186707 183779 81
186707 183779 81
186707 183779 81
186707 183779 81
186707 183779 81
186707 183779 81
186707 183779 81
186707 183779 81
186707 183779 81
243463 238973 82
243463 238973 82
243463 238973 82
243463 238973 82
243463 238973 82
243463 238973 82
243463 238973 82
243463 238973 82
243463 238973 82
243463 238973 82
243463 238973 82
243463 238973 82
289620 282549 83
289620 282549 83
289620 282549 83
289620 282549 83
289620 282549 83
289620 282549 83
289620 282549 83
289620 282549 83
289620 282549 83
289620 282549 83
289620 282549 83
289620 282549 83
289620 282549 83
10598 187078 83
10598 187078 83
10598 187078 83
10598 187078 83
10598 187078 83
10598 187078 83
10598 187078 83
10598 187078 83
10598 187078 83
10598 187078 83
10598 187078 83
10598 187078 83
10598 187078 83
252007 266090 84
252007 266090 84
252007 266090 84
252007 266090 84
252007 266090 84
252007 266090 84
252007 266090 84
252007 266090 84
252007 266090 84
252007 266090 84
252007 266090 84
252007 266090 84
252007 266090 84
11835 228107 84
11835 228107 84
11835 228107 84
11835 228107 84
11835 228107 84
11835 228107 84
11835 228107 84
11835 228107 84
11835 228107 84
11835 228107 84
11835 228107 84
11835 228107 84
193008 174934 85
193008 174934 85
193008 174934 85
193008 174934 85
193008 174934 85
193008 174934 85
193008 174934 85
193008 174934 85
193008 174934 85
193008 174934 85
193008 174934 85
193008 174934 85
246116 252700 91
246116 252700 91
246116 252700 91
246116 252700 91
246116 252700 91
246116 252700 91
246116 252700 91
246116 252700 91
246116 252700 91
246116 252700 91
246116 252700 91
246116 252700 91
246116 252700 91
237846 193432 92
237846 193432 92
237846 193432 92
237846 193432 92
237846 193432 92
237846 193432 92
237846 193432 92
237846 193432 92
237846 193432 92
237846 193432 92
237846 193432 92
237846 193432 92
238546 232046 93
238546 232046 93
238546 232046 93
238546 232046 93
238546 232046 93
238546 232046 93
238546 232046 93
238546 232046 93
238546 232046 93
238546 232046 93
238546 232046 93
238546 232046 93
238546 232046 93
294595 227020 93
294595 227020 93
294595 227020 93
294595 227020 93
294595 227020 93
294595 227020 93
294595 227020 93
294595 227020 93
294595 227020 93
294595 227020 93
294595 227020 93
294595 227020 93
243704 238214 93
243704 238214 93
243704 238214 93
243704 238214 93
243704 238214 93
243704 238214 93
243704 238214 93
243704 238214 93
243704 238214 93
243704 238214 93
243704 238214 93
243704 238214 93
235134 226993 94
235134 226993 94
235134 226993 94
235134 226993 94
235134 226993 94
235134 226993 94
235134 226993 94
235134 226993 94
235134 226993 94
235134 226993 94
235134 226993 94
235134 226993 94
238214 9876 95
238214 9876 95
238214 9876 95
238214 9876 95
238214 9876 95
238214 9876 95
238214 9876 95
238214 9876 95
238214 9876 95
238214 9876 95
238214 9876 95
238214 9876 95
238214 9876 95
208235 248373 97
208235 248373 97
208235 248373 97
208235 248373 97
208235 248373 97
208235 248373 97
208235 248373 97
208235 248373 97
208235 248373 97
208235 248373 97
208235 248373 97
208235 248373 97
208235 248373 97
187758 175939 98
187758 175939 98
187758 175939 98
187758 175939 98
187758 175939 98
187758 175939 98
187758 175939 98
187758 175939 98
187758 175939 98
187758 175939 98
187758 175939 98
187758 175939 98
227071 173814 99
227071 173814 99
227071 173814 99
227071 173814 99
227071 173814 99
227071 173814 99
227071 173814 99
227071 173814 99
227071 173814 99
227071 173814 99
227071 173814 99
227071 173814 99
227071 173814 99
190920 235690 101
190920 235690 101
190920 235690 101
190920 235690 101
190920 235690 101
190920 235690 101
190920 235690 101
190920 235690 101
190920 235690 101
190920 235690 101
190920 235690 101
190920 235690 101
227095 231473 102
227095 231473 102
227095 231473 102
227095 231473 102
227095 231473 102
227095 231473 102
227095 231473 102
227095 231473 102
227095 231473 102
227095 231473 102
227095 231473 102
227095 231473 102
227095 231473 102
226966 235974 102
226966 235974 102
226966 235974 102
226966 235974 102
226966 235974 102
226966 235974 102
226966 235974 102
226966 235974 102
226966 235974 102
226966 235974 102
226966 235974 102
226966 235974 102
226966 235974 102
235966 236476 103
235966 236476 103
235966 236476 103
235966 236476 103
235966 236476 103
235966 236476 103
235966 236476 103
235966 236476 103
235966 236476 103
235966 236476 103
235966 236476 103
235966 236476 103
228466 242339 104
228466 242339 104
228466 242339 104
228466 242339 104
228466 242339 104
228466 242339 104
228466 242339 104
228466 242339 104
228466 242339 104
228466 242339 104
228466 242339 104
228466 242339 104
228466 242339 104
242072 236482 105
242072 236482 105
242072 236482 105
242072 236482 105
242072 236482 105
242072 236482 105
242072 236482 105
242072 236482 105
242072 236482 105
242072 236482 105
242072 236482 105
242072 236482 105
175939 173875 106
175939 173875 106
175939 173875 106
175939 173875 106
175939 173875 106
175939 173875 106
175939 173875 106
175939 173875 106
175939 173875 106
175939 173875 106
175939 173875 106
175939 173875 106
194390 187709 107
194390 187709 107
194390 187709 107
194390 187709 107
194390 187709 107
194390 187709 107
194390 187709 107
194390 187709 107
194390 187709 107
194390 187709 107
194390 187709 107
194390 187709 107
290596 245936 108
290596 245936 108
290596 245936 108
290596 245936 108
290596 245936 108
290596 245936 108
290596 245936 108
290596 245936 108
290596 245936 108
290596 245936 108
290596 245936 108
290596 245936 108
290596 245936 108
247522 11430 108
247522 11430 108
247522 11430 108
247522 11430 108
247522 11430 108
247522 11430 108
247522 11430 108
247522 11430 108
247522 11430 108
247522 11430 108
247522 11430 108
247522 11430 108
246111 226967 108
246111 226967 108
246111 226967 108
246111 226967 108
246111 226967 108
246111 226967 108
246111 226967 108
246111 226967 108
246111 226967 108
246111 226967 108
246111 226967 108
246111 226967 108
246111 226967 108
153028 184452 109
153028 184452 109
153028 184452 109
153028 184452 109
153028 184452 109
153028 184452 109
153028 184452 109
153028 184452 109
153028 184452 109
153028 184452 109
153028 184452 109
153028 184452 109
153028 184452 109
235974 231275 109
235974 231275 109
235974 231275 109
235974 231275 109
235974 231275 109
235974 231275 109
235974 231275 109
235974 231275 109
235974 231275 109
235974 231275 109
235974 231275 109
235974 231275 109
242306 228709 109
242306 228709 109
242306 228709 109
242306 228709 109
242306 228709 109
242306 228709 109
242306 228709 109
242306 228709 109
242306 228709 109
242306 228709 109
242306 228709 109
242306 228709 109
176495 184793 109
176495 184793 109
176495 184793 109
176495 184793 109
176495 184793 109
176495 184793 109
176495 184793 109
176495 184793 109
176495 184793 109
176495 184793 109
176495 184793 109
176495 184793 109
176495 184793 109
228104 252698 110
228104 252698 110
228104 252698 110
228104 252698 110
228104 252698 110
228104 252698 110
228104 252698 110
228104 252698 110
228104 252698 110
228104 252698 110
228104 252698 110
228104 252698 110
11535 175962 110
11535 175962 110
11535 175962 110
11535 175962 110
11535 175962 110
11535 175962 110
11535 175962 110
11535 175962 110
11535 175962 110
11535 175962 110
11535 175962 110
11535 175962 110
11535 175962 110
198597 199837 111
198597 199837 111
198597 199837 111
198597 199837 111
198597 199837 111
198597 199837 111
198597 199837 111
198597 199837 111
198597 199837 111
198597 199837 111
198597 199837 111
198597 199837 111
153037 195615 112
153037 195615 112
153037 195615 112
153037 195615 112
153037 195615 112
153037 195615 112
153037 195615 112
153037 195615 112
153037 195615 112
153037 195615 112
153037 195615 112
153037 195615 112
153037 195615 112
193422 227079 113
193422 227079 113
193422 227079 113
193422 227079 113
193422 227079 113
193422 227079 113
193422 227079 113
193422 227079 113
193422 227079 113
193422 227079 113
193422 227079 113
193422 227079 113
193422 227079 113
227221 251928 113
227221 251928 113
227221 251928 113
227221 251928 113
227221 251928 113
227221 251928 113
227221 251928 113
227221 251928 113
227221 251928 113
227221 251928 113
227221 251928 113
227221 251928 113
256639 295111 113
256639 295111 113
256639 295111 113
256639 295111 113
256639 295111 113
256639 295111 113
256639 295111 113
256639 295111 113
256639 295111 113
256639 295111 113
256639 295111 113
256639 295111 113
256639 295111 113
190937 209449 114
190937 209449 114
190937 209449 114
190937 209449 114
190937 209449 114
190937 209449 114
190937 209449 114
190937 209449 114
190937 209449 114
190937 209449 114
190937 209449 114
190937 209449 114
194390 227732 114
194390 227732 114
194390 227732 114
194390 227732 114
194390 227732 114
194390 227732 114
194390 227732 114
194390 227732 114
194390 227732 114
194390 227732 114
194390 227732 114
194390 227732 114
184793 215695 115
184793 215695 115
184793 215695 115
184793 215695 115
184793 215695 115
184793 215695 115
184793 215695 115
184793 215695 115
184793 215695 115
184793 215695 115
184793 215695 115
184793 215695 115
184793 215695 115
14923 151475 115
14923 151475 115
14923 151475 115
14923 151475 115
14923 151475 115
14923 151475 115
14923 151475 115
14923 151475 115
14923 151475 115
14923 151475 115
14923 151475 115
14923 151475 115
284631 285253 115
284631 285253 115
284631 285253 115
284631 285253 115
284631 285253 115
284631 285253 115
284631 285253 115
284631 285253 115
284631 285253 115
284631 285253 115
284631 285253 115
284631 285253 115
230957 267922 115
230957 267922 115
230957 267922 115
230957 267922 115
230957 267922 115
230957 267922 115
230957 267922 115
230957 267922 115
230957 267922 115
230957 267922 115
230957 267922 115
230957 267922 115
230957 267922 115
239001 228058 116
239001 228058 116
239001 228058 116
239001 228058 116
239001 228058 116
239001 228058 116
239001 228058 116
239001 228058 116
239001 228058 116
239001 228058 116
239001 228058 116
239001 228058 116
227640 292455 117
227640 292455 117
227640 292455 117
227640 292455 117
227640 292455 117
227640 292455 117
227640 292455 117
227640 292455 117
227640 292455 117
227640 292455 117
227640 292455 117
227640 292455 117
227640 292455 117
284208 295095 117
284208 295095 117
284208 295095 117
284208 295095 117
284208 295095 117
284208 295095 117
284208 295095 117
284208 295095 117
284208 295095 117
284208 295095 117
284208 295095 117
284208 295095 117
235969 251928 117
235969 251928 117
235969 251928 117
235969 251928 117
235969 251928 117
235969 251928 117
235969 251928 117
235969 251928 117
235969 251928 117
235969 251928 117
235969 251928 117
235969 251928 117
210459 186863 118
210459 186863 118
210459 186863 118
210459 186863 118
210459 186863 118
210459 186863 118
210459 186863 118
210459 186863 118
210459 186863 118
210459 186863 118
210459 186863 118
210459 186863 118
210459 186863 118
159647 219573 118
159647 219573 118
159647 219573 118
159647 219573 118
159647 219573 118
159647 219573 118
159647 219573 118
159647 219573 118
159647 219573 118
159647 219573 118
159647 219573 118
159647 219573 118
159647 219573 118
283694 283433 118
283694 283433 118
283694 283433 118
283694 283433 118
283694 283433 118
283694 283433 118
283694 283433 118
283694 283433 118
283694 283433 118
283694 283433 118
283694 283433 118
283694 283433 118
283694 283433 118
236067 228033 119
236067 228033 119
236067 228033 119
236067 228033 119
236067 228033 119
236067 228033 119
236067 228033 119
236067 228033 119
236067 228033 119
236067 228033 119
236067 228033 119
236067 228033 119
236067 228033 119
265412 250608 119
265412 250608 119
265412 250608 119
265412 250608 119
265412 250608 119
265412 250608 119
265412 250608 119
265412 250608 119
265412 250608 119
265412 250608 119
265412 250608 119
265412 250608 119
265412 250608 119
234242 230655 120
234242 230655 120
234242 230655 120
234242 230655 120
234242 230655 120
234242 230655 120
234242 230655 120
234242 230655 120
234242 230655 120
234242 230655 120
234242 230655 120
234242 230655 120
234242 230655 120
289518 150201 123
289518 150201 123
289518 150201 123
289518 150201 123
289518 150201 123
289518 150201 123
289518 150201 123
289518 150201 123
289518 150201 123
289518 150201 123
289518 150201 123
289518 150201 123
289518 150201 123
227540 228403 124
227540 228403 124
227540 228403 124
227540 228403 124
227540 228403 124
227540 228403 124
227540 228403 124
227540 228403 124
227540 228403 124
227540 228403 124
227540 228403 124
227540 228403 124
227540 228403 124
227983 243008 124
227983 243008 124
227983 243008 124
227983 243008 124
227983 243008 124
227983 243008 124
227983 243008 124
227983 243008 124
227983 243008 124
227983 243008 124
227983 243008 124
227983 243008 124
195512 190781 125
195512 190781 125
195512 190781 125
195512 190781 125
195512 190781 125
195512 190781 125
195512 190781 125
195512 190781 125
195512 190781 125
195512 190781 125
195512 190781 125
195512 190781 125
248412 286717 126
248412 286717 126
248412 286717 126
248412 286717 126
248412 286717 126
248412 286717 126
248412 286717 126
248412 286717 126
248412 286717 126
248412 286717 126
248412 286717 126
248412 286717 126
248412 286717 126
248384 228034 126
248384 228034 126
248384 228034 126
248384 228034 126
248384 228034 126
248384 228034 126
248384 228034 126
248384 228034 126
248384 228034 126
248384 228034 126
248384 228034 126
248384 228034 126
231728 228709 126
231728 228709 126
231728 228709 126
231728 228709 126
231728 228709 126
231728 228709 126
231728 228709 126
231728 228709 126
231728 228709 126
231728 228709 126
231728 228709 126
231728 228709 126
236039 281466 127
236039 281466 127
236039 281466 127
236039 281466 127
236039 281466 127
236039 281466 127
236039 281466 127
236039 281466 127
236039 281466 127
236039 281466 127
236039 281466 127
236039 281466 127
238227 232383 129
238227 232383 129
238227 232383 129
238227 232383 129
238227 232383 129
238227 232383 129
238227 232383 129
238227 232383 129
238227 232383 129
238227 232383 129
238227 232383 129
238227 232383 129
230956 232713 130
230956 232713 130
230956 232713 130
230956 232713 130
230956 232713 130
230956 232713 130
230956 232713 130
230956 232713 130
230956 232713 130
230956 232713 130
230956 232713 130
230956 232713 130
230956 232713 130
160238 170580 131
160238 170580 131
160238 170580 131
160238 170580 131
160238 170580 131
160238 170580 131
160238 170580 131
160238 170580 131
160238 170580 131
160238 170580 131
160238 170580 131
160238 170580 131
227098 238418 133
227098 238418 133
227098 238418 133
227098 238418 133
227098 238418 133
227098 238418 133
227098 238418 133
227098 238418 133
227098 238418 133
227098 238418 133
227098 238418 133
227098 238418 133
175179 193096 133
175179 193096 133
175179 193096 133
175179 193096 133
175179 193096 133
175179 193096 133
175179 193096 133
175179 193096 133
175179 193096 133
175179 193096 133
175179 193096 133
175179 193096 133
175179 193096 133
238630 230199 133
238630 230199 133
238630 230199 133
238630 230199 133
238630 230199 133
238630 230199 133
238630 230199 133
238630 230199 133
238630 230199 133
238630 230199 133
238630 230199 133
238630 230199 133
238630 230199 133
14459 295082 134
14459 295082 134
14459 295082 134
14459 295082 134
14459 295082 134
14459 295082 134
14459 295082 134
14459 295082 134
14459 295082 134
14459 295082 134
14459 295082 134
14459 295082 134
14459 295082 134
295092 283388 134
295092 283388 134
295092 283388 134
295092 283388 134
295092 283388 134
295092 283388 134
295092 283388 134
295092 283388 134
295092 283388 134
295092 283388 134
295092 283388 134
295092 283388 134
160288 208264 134
160288 208264 134
160288 208264 134
160288 208264 134
160288 208264 134
160288 208264 134
160288 208264 134
160288 208264 134
160288 208264 134
160288 208264 134
160288 208264 134
160288 208264 134
243706 236450 134
243706 236450 134
243706 236450 134
243706 236450 134
243706 236450 134
243706 236450 134
243706 236450 134
243706 236450 134
243706 236450 134
243706 236450 134
243706 236450 134
243706 236450 134
243706 236450 134
206099 184794 135
206099 184794 135
206099 184794 135
206099 184794 135
206099 184794 135
206099 184794 135
206099 184794 135
206099 184794 135
206099 184794 135
206099 184794 135
206099 184794 135
206099 184794 135
175935 160240 135
175935 160240 135
175935 160240 135
175935 160240 135
175935 160240 135
175935 160240 135
175935 160240 135
175935 160240 135
175935 160240 135
175935 160240 135
175935 160240 135
175935 160240 135
14923 235966 136
14923 235966 136
14923 235966 136
14923 235966 136
14923 235966 136
14923 235966 136
14923 235966 136
14923 235966 136
14923 235966 136
14923 235966 136
14923 235966 136
14923 235966 136
208266 3390 136
208266 3390 136
208266 3390 136
208266 3390 136
208266 3390 136
208266 3390 136
208266 3390 136
208266 3390 136
208266 3390 136
208266 3390 136
208266 3390 136
208266 3390 136
227093 234242 136
227093 234242 136
227093 234242 136
227093 234242 136
227093 234242 136
227093 234242 136
227093 234242 136
227093 234242 136
227093 234242 136
227093 234242 136
227093 234242 136
227093 234242 136
227093 234242 136
160250 208217 136
160250 208217 136
160250 208217 136
160250 208217 136
160250 208217 136
160250 208217 136
160250 208217 136
160250 208217 136
160250 208217 136
160250 208217 136
160250 208217 136
160250 208217 136
160250 208217 136
208270 10375 136
208270 10375 136
208270 10375 136
208270 10375 136
208270 10375 136
208270 10375 136
208270 10375 136
208270 10375 136
208270 10375 136
208270 10375 136
208270 10375 136
208270 10375 136
193096 208315 136
193096 208315 136
193096 208315 136
193096 208315 136
193096 208315 136
193096 208315 136
193096 208315 136
193096 208315 136
193096 208315 136
193096 208315 136
193096 208315 136
193096 208315 136
190918 187554 136
190918 187554 136
190918 187554 136
190918 187554 136
190918 187554 136
190918 187554 136
190918 187554 136
190918 187554 136
190918 187554 136
190918 187554 136
190918 187554 136
190918 187554 136
265841 285466 137
265841 285466 137
265841 285466 137
265841 285466 137
265841 285466 137
265841 285466 137
265841 285466 137
265841 285466 137
265841 285466 137
265841 285466 137
265841 285466 137
265841 285466 137
265841 285466 137
190880 183756 137
190880 183756 137
190880 183756 137
190880 183756 137
190880 183756 137
190880 183756 137
190880 183756 137
190880 183756 137
190880 183756 137
190880 183756 137
190880 183756 137
190880 183756 137
14776 183759 137
14776 183759 137
14776 183759 137
14776 183759 137
14776 183759 137
14776 183759 137
14776 183759 137
14776 183759 137
14776 183759 137
14776 183759 137
14776 183759 137
14776 183759 137
14776 183759 137
160237 159589 138
160237 159589 138
160237 159589 138
160237 159589 138
160237 159589 138
160237 159589 138
160237 159589 138
160237 159589 138
160237 159589 138
160237 159589 138
160237 159589 138
160237 159589 138
10447 11015 138
10447 11015 138
10447 11015 138
10447 11015 138
10447 11015 138
10447 11015 138
10447 11015 138
10447 11015 138
10447 11015 138
10447 11015 138
10447 11015 138
10447 11015 138
10447 11015 138
246012 246112 139
246012 246112 139
246012 246112 139
246012 246112 139
246012 246112 139
246012 246112 139
246012 246112 139
246012 246112 139
246012 246112 139
246012 246112 139
246012 246112 139
246012 246112 139
227540 9646 139
227540 9646 139
227540 9646 139
227540 9646 139
227540 9646 139
227540 9646 139
227540 9646 139
227540 9646 139
227540 9646 139
227540 9646 139
227540 9646 139
227540 9646 139
289042 293139 140
289042 293139 140
289042 293139 140
289042 293139 140
289042 293139 140
289042 293139 140
289042 293139 140
289042 293139 140
289042 293139 140
289042 293139 140
289042 293139 140
289042 293139 140
289042 293139 140
184792 268850 140
184792 268850 140
184792 268850 140
184792 268850 140
184792 268850 140
184792 268850 140
184792 268850 140
184792 268850 140
184792 268850 140
184792 268850 140
184792 268850 140
184792 268850 140
184792 268850 140
292030 233619 141
292030 233619 141
292030 233619 141
292030 233619 141
292030 233619 141
292030 233619 141
292030 233619 141
292030 233619 141
292030 233619 141
292030 233619 141
292030 233619 141
292030 233619 141
292030 233619 141
243733 238214 143
243733 238214 143
243733 238214 143
243733 238214 143
243733 238214 143
243733 238214 143
243733 238214 143
243733 238214 143
243733 238214 143
243733 238214 143
243733 238214 143
243733 238214 143
192797 208264 144
192797 208264 144
192797 208264 144
192797 208264 144
192797 208264 144
192797 208264 144
192797 208264 144
192797 208264 144
192797 208264 144
192797 208264 144
192797 208264 144
192797 208264 144
192797 208264 144
191672 209189 144
191672 209189 144
191672 209189 144
191672 209189 144
191672 209189 144
191672 209189 144
191672 209189 144
191672 209189 144
191672 209189 144
191672 209189 144
191672 209189 144
191672 209189 144
191672 209189 144
19032 245993 145
19032 245993 145
19032 245993 145
19032 245993 145
19032 245993 145
19032 245993 145
19032 245993 145
19032 245993 145
19032 245993 145
19032 245993 145
19032 245993 145
19032 245993 145
228013 236156 145
228013 236156 145
228013 236156 145
228013 236156 145
228013 236156 145
228013 236156 145
228013 236156 145
228013 236156 145
228013 236156 145
228013 236156 145
228013 236156 145
228013 236156 145
19032 245993 146
19032 245993 146
19032 245993 146
19032 245993 146
19032 245993 146
19032 245993 146
19032 245993 146
19032 245993 146
19032 245993 146
19032 245993 146
19032 245993 146
19032 245993 146
234708 289531 147
234708 289531 147
234708 289531 147
234708 289531 147
234708 289531 147
234708 289531 147
234708 289531 147
234708 289531 147
234708 289531 147
234708 289531 147
234708 289531 147
234708 289531 147
234708 289531 147
230956 228148 148
230956 228148 148
230956 228148 148
230956 228148 148
230956 228148 148
230956 228148 148
230956 228148 148
230956 228148 148
230956 228148 148
230956 228148 148
230956 228148 148
230956 228148 148
293343 246816 148
293343 246816 148
293343 246816 148
293343 246816 148
293343 246816 148
293343 246816 148
293343 246816 148
293343 246816 148
293343 246816 148
293343 246816 148
293343 246816 148
293343 246816 148
11042 159653 150
11042 159653 150
11042 159653 150
11042 159653 150
11042 159653 150
11042 159653 150
11042 159653 150
11042 159653 150
11042 159653 150
11042 159653 150
11042 159653 150
11042 159653 150
245982 245977 151
245982 245977 151
245982 245977 151
245982 245977 151
245982 245977 151
245982 245977 151
245982 245977 151
245982 245977 151
245982 245977 151
245982 245977 151
245982 245977 151
245982 245977 151
245982 245977 151
243113 188295 152
243113 188295 152
243113 188295 152
243113 188295 152
243113 188295 152
243113 188295 152
243113 188295 152
243113 188295 152
243113 188295 152
243113 188295 152
243113 188295 152
243113 188295 152
243113 188295 152
289038 285186 152
289038 285186 152
289038 285186 152
289038 285186 152
289038 285186 152
289038 285186 152
289038 285186 152
289038 285186 152
289038 285186 152
289038 285186 152
289038 285186 152
289038 285186 152
153289 160250 153
153289 160250 153
153289 160250 153
153289 160250 153
153289 160250 153
153289 160250 153
153289 160250 153
153289 160250 153
153289 160250 153
153289 160250 153
153289 160250 153
153289 160250 153
236507 124709 153
236507 124709 153
236507 124709 153
236507 124709 153
236507 124709 153
236507 124709 153
236507 124709 153
236507 124709 153
236507 124709 153
236507 124709 153
236507 124709 153
236507 124709 153
236507 124709 153
199336 203200 154
199336 203200 154
199336 203200 154
199336 203200 154
199336 203200 154
199336 203200 154
199336 203200 154
199336 203200 154
199336 203200 154
199336 203200 154
199336 203200 154
199336 203200 154
227253 228156 154
227253 228156 154
227253 228156 154
227253 228156 154
227253 228156 154
227253 228156 154
227253 228156 154
227253 228156 154
227253 228156 154
227253 228156 154
227253 228156 154
227253 228156 154
227253 228156 154
124706 240625 154
124706 240625 154
124706 240625 154
124706 240625 154
124706 240625 154
124706 240625 154
124706 240625 154
124706 240625 154
124706 240625 154
124706 240625 154
124706 240625 154
124706 240625 154
124706 240625 154
228112 228156 155
228112 228156 155
228112 228156 155
228112 228156 155
228112 228156 155
228112 228156 155
228112 228156 155
228112 228156 155
228112 228156 155
228112 228156 155
228112 228156 155
228112 228156 155
228112 228156 155
265578 286717 155
265578 286717 155
265578 286717 155
265578 286717 155
265578 286717 155
265578 286717 155
265578 286717 155
265578 286717 155
265578 286717 155
265578 286717 155
265578 286717 155
265578 286717 155
228107 227318 155
228107 227318 155
228107 227318 155
228107 227318 155
228107 227318 155
228107 227318 155
228107 227318 155
228107 227318 155
228107 227318 155
228107 227318 155
228107 227318 155
228107 227318 155
237846 230200 156
237846 230200 156
237846 230200 156
237846 230200 156
237846 230200 156
237846 230200 156
237846 230200 156
237846 230200 156
237846 230200 156
237846 230200 156
237846 230200 156
237846 230200 156
232713 231235 156
232713 231235 156
232713 231235 156
232713 231235 156
232713 231235 156
232713 231235 156
232713 231235 156
232713 231235 156
232713 231235 156
232713 231235 156
232713 231235 156
232713 231235 156
232713 231235 156
291455 265481 157
291455 265481 157
291455 265481 157
291455 265481 157
291455 265481 157
291455 265481 157
291455 265481 157
291455 265481 157
291455 265481 157
291455 265481 157
291455 265481 157
291455 265481 157
291455 265481 157
227053 235966 157
227053 235966 157
227053 235966 157
227053 235966 157
227053 235966 157
227053 235966 157
227053 235966 157
227053 235966 157
227053 235966 157
227053 235966 157
227053 235966 157
227053 235966 157
227053 235966 157
291665 182101 157
291665 182101 157
291665 182101 157
291665 182101 157
291665 182101 157
291665 182101 157
291665 182101 157
291665 182101 157
291665 182101 157
291665 182101 157
291665 182101 157
291665 182101 157
230285 4679 158
230285 4679 158
230285 4679 158
230285 4679 158
230285 4679 158
230285 4679 158
230285 4679 158
230285 4679 158
230285 4679 158
230285 4679 158
230285 4679 158
230285 4679 158
230285 4679 158
227296 233589 159
227296 233589 159
227296 233589 159
227296 233589 159
227296 233589 159
227296 233589 159
227296 233589 159
227296 233589 159
227296 233589 159
227296 233589 159
227296 233589 159
227296 233589 159
227296 233589 159
10447 193059 159
10447 193059 159
10447 193059 159
10447 193059 159
10447 193059 159
10447 193059 159
10447 193059 159
10447 193059 159
10447 193059 159
10447 193059 159
10447 193059 159
10447 193059 159
265481 293675 159
265481 293675 159
265481 293675 159
265481 293675 159
265481 293675 159
265481 293675 159
265481 293675 159
265481 293675 159
265481 293675 159
265481 293675 159
265481 293675 159
265481 293675 159
225831 239187 160
225831 239187 160
225831 239187 160
225831 239187 160
225831 239187 160
225831 239187 160
225831 239187 160
225831 239187 160
225831 239187 160
225831 239187 160
225831 239187 160
225831 239187 160
236838 235974 160
236838 235974 160
236838 235974 160
236838 235974 160
236838 235974 160
236838 235974 160
236838 235974 160
236838 235974 160
236838 235974 160
236838 235974 160
236838 235974 160
236838 235974 160
236838 235974 160
226972 226394 161
226972 226394 161
226972 226394 161
226972 226394 161
226972 226394 161
226972 226394 161
226972 226394 161
226972 226394 161
226972 226394 161
226972 226394 161
226972 226394 161
226972 226394 161
232719 230244 161
232719 230244 161
232719 230244 161
232719 230244 161
232719 230244 161
232719 230244 161
232719 230244 161
232719 230244 161
232719 230244 161
232719 230244 161
232719 230244 161
232719 230244 161
250668 265960 161
250668 265960 161
250668 265960 161
250668 265960 161
250668 265960 161
250668 265960 161
250668 265960 161
250668 265960 161
250668 265960 161
250668 265960 161
250668 265960 161
250668 265960 161
250668 265960 161
242322 229867 163
242322 229867 163
242322 229867 163
242322 229867 163
242322 229867 163
242322 229867 163
242322 229867 163
242322 229867 163
242322 229867 163
242322 229867 163
242322 229867 163
242322 229867 163
226986 231275 164
226986 231275 164
226986 231275 164
226986 231275 164
226986 231275 164
226986 231275 164
226986 231275 164
226986 231275 164
226986 231275 164
226986 231275 164
226986 231275 164
226986 231275 164
226986 231275 164
227093 277362 165
227093 277362 165
227093 277362 165
227093 277362 165
227093 277362 165
227093 277362 165
227093 277362 165
227093 277362 165
227093 277362 165
227093 277362 165
227093 277362 165
227093 277362 165
227093 277362 165
228058 176100 165
228058 176100 165
228058 176100 165
228058 176100 165
228058 176100 165
228058 176100 165
228058 176100 165
228058 176100 165
228058 176100 165
228058 176100 165
228058 176100 165
228058 176100 165
238722 227827 166
238722 227827 166
238722 227827 166
238722 227827 166
238722 227827 166
238722 227827 166
238722 227827 166
238722 227827 166
238722 227827 166
238722 227827 166
238722 227827 166
238722 227827 166
238722 227827 166
290558 252669 167
290558 252669 167
290558 252669 167
290558 252669 167
290558 252669 167
290558 252669 167
290558 252669 167
290558 252669 167
290558 252669 167
290558 252669 167
290558 252669 167
290558 252669 167
290558 252669 167
243706 226785 167
243706 226785 167
243706 226785 167
243706 226785 167
243706 226785 167
243706 226785 167
243706 226785 167
243706 226785 167
243706 226785 167
243706 226785 167
243706 226785 167
243706 226785 167
240620 233599 168
240620 233599 168
240620 233599 168
240620 233599 168
240620 233599 168
240620 233599 168
240620 233599 168
240620 233599 168
240620 233599 168
240620 233599 168
240620 233599 168
240620 233599 168
240620 233599 168
243709 242141 168
243709 242141 168
243709 242141 168
243709 242141 168
243709 242141 168
243709 242141 168
243709 242141 168
243709 242141 168
243709 242141 168
243709 242141 168
243709 242141 168
243709 242141 168
243709 242141 168
285183 288560 169
285183 288560 169
285183 288560 169
285183 288560 169
285183 288560 169
285183 288560 169
285183 288560 169
285183 288560 169
285183 288560 169
285183 288560 169
285183 288560 169
285183 288560 169
160250 195498 171
160250 195498 171
160250 195498 171
160250 195498 171
160250 195498 171
160250 195498 171
160250 195498 171
160250 195498 171
160250 195498 171
160250 195498 171
160250 195498 171
160250 195498 171
160250 195498 171
284247 246116 171
284247 246116 171
284247 246116 171
284247 246116 171
284247 246116 171
284247 246116 171
284247 246116 171
284247 246116 171
284247 246116 171
284247 246116 171
284247 246116 171
284247 246116 171
284247 246116 171
228143 227532 172
228143 227532 172
228143 227532 172
228143 227532 172
228143 227532 172
228143 227532 172
228143 227532 172
228143 227532 172
228143 227532 172
228143 227532 172
228143 227532 172
228143 227532 172
237849 193058 172
237849 193058 172
237849 193058 172
237849 193058 172
237849 193058 172
237849 193058 172
237849 193058 172
237849 193058 172
237849 193058 172
237849 193058 172
237849 193058 172
237849 193058 172
229867 241489 172
229867 241489 172
229867 241489 172
229867 241489 172
229867 241489 172
229867 241489 172
229867 241489 172
229867 241489 172
229867 241489 172
229867 241489 172
229867 241489 172
229867 241489 172
238011 225658 172
238011 225658 172
238011 225658 172
238011 225658 172
238011 225658 172
238011 225658 172
238011 225658 172
238011 225658 172
238011 225658 172
238011 225658 172
238011 225658 172
238011 225658 172
183754 160237 175
183754 160237 175
183754 160237 175
183754 160237 175
183754 160237 175
183754 160237 175
183754 160237 175
183754 160237 175
183754 160237 175
183754 160237 175
183754 160237 175
183754 160237 175
183754 160237 175
238725 238722 176
238725 238722 176
238725 238722 176
238725 238722 176
238725 238722 176
238725 238722 176
238725 238722 176
238725 238722 176
238725 238722 176
238725 238722 176
238725 238722 176
238725 238722 176
225931 237873 176
225931 237873 176
225931 237873 176
225931 237873 176
225931 237873 176
225931 237873 176
225931 237873 176
225931 237873 176
225931 237873 176
225931 237873 176
225931 237873 176
225931 237873 176
225931 237873 176
237927 237857 176
237927 237857 176
237927 237857 176
237927 237857 176
237927 237857 176
237927 237857 176
237927 237857 176
237927 237857 176
237927 237857 176
237927 237857 176
237927 237857 176
237927 237857 176
188712 10447 177
188712 10447 177
188712 10447 177
188712 10447 177
188712 10447 177
188712 10447 177
188712 10447 177
188712 10447 177
188712 10447 177
188712 10447 177
188712 10447 177
188712 10447 177
246169 227028 179
246169 227028 179
246169 227028 179
246169 227028 179
246169 227028 179
246169 227028 179
246169 227028 179
246169 227028 179
246169 227028 179
246169 227028 179
246169 227028 179
246169 227028 179
282552 289620 179
282552 289620 179
282552 289620 179
282552 289620 179
282552 289620 179
282552 289620 179
282552 289620 179
282552 289620 179
282552 289620 179
282552 289620 179
282552 289620 179
282552 289620 179
290817 232831 179
290817 232831 179
290817 232831 179
290817 232831 179
290817 232831 179
290817 232831 179
290817 232831 179
290817 232831 179
290817 232831 179
290817 232831 179
290817 232831 179
290817 232831 179
290817 232831 179
285273 252695 179
285273 252695 179
285273 252695 179
285273 252695 179
285273 252695 179
285273 252695 179
285273 252695 179
285273 252695 179
285273 252695 179
285273 252695 179
285273 252695 179
285273 252695 179
285317 285387 180
285317 285387 180
285317 285387 180
285317 285387 180
285317 285387 180
285317 285387 180
285317 285387 180
285317 285387 180
285317 285387 180
285317 285387 180
285317 285387 180
285317 285387 180
285317 285387 180
225957 241873 181
225957 241873 181
225957 241873 181
225957 241873 181
225957 241873 181
225957 241873 181
225957 241873 181
225957 241873 181
225957 241873 181
225957 241873 181
225957 241873 181
225957 241873 181
225957 241873 181
188465 193058 183
188465 193058 183
188465 193058 183
188465 193058 183
188465 193058 183
188465 193058 183
188465 193058 183
188465 193058 183
188465 193058 183
188465 193058 183
188465 193058 183
188465 193058 183
291425 11141 185
291425 11141 185
291425 11141 185
291425 11141 185
291425 11141 185
291425 11141 185
291425 11141 185
291425 11141 185
291425 11141 185
291425 11141 185
291425 11141 185
291425 11141 185
226959 150450 185
226959 150450 185
226959 150450 185
226959 150450 185
226959 150450 185
226959 150450 185
226959 150450 185
226959 150450 185
226959 150450 185
226959 150450 185
226959 150450 185
226959 150450 185
226959 150450 185
289524 293377 185
289524 293377 185
289524 293377 185
289524 293377 185
289524 293377 185
289524 293377 185
289524 293377 185
289524 293377 185
289524 293377 185
289524 293377 185
289524 293377 185
289524 293377 185
289524 293377 185
245932 285602 187
245932 285602 187
245932 285602 187
245932 285602 187
245932 285602 187
245932 285602 187
245932 285602 187
245932 285602 187
245932 285602 187
245932 285602 187
245932 285602 187
245932 285602 187
289524 289101 187
289524 289101 187
289524 289101 187
289524 289101 187
289524 289101 187
289524 289101 187
289524 289101 187
289524 289101 187
289524 289101 187
289524 289101 187
289524 289101 187
289524 289101 187
190887 190973 188
190887 190973 188
190887 190973 188
190887 190973 188
190887 190973 188
190887 190973 188
190887 190973 188
190887 190973 188
190887 190973 188
190887 190973 188
190887 190973 188
190887 190973 188
289101 9117 189
289101 9117 189
289101 9117 189
289101 9117 189
289101 9117 189
289101 9117 189
289101 9117 189
289101 9117 189
289101 9117 189
289101 9117 189
289101 9117 189
289101 9117 189
289101 9117 189
227232 187768 192
227232 187768 192
227232 187768 192
227232 187768 192
227232 187768 192
227232 187768 192
227232 187768 192
227232 187768 192
227232 187768 192
227232 187768 192
227232 187768 192
227232 187768 192
245982 291455 192
245982 291455 192
245982 291455 192
245982 291455 192
245982 291455 192
245982 291455 192
245982 291455 192
245982 291455 192
245982 291455 192
245982 291455 192
245982 291455 192
245982 291455 192
235935 209561 193
235935 209561 193
235935 209561 193
235935 209561 193
235935 209561 193
235935 209561 193
235935 209561 193
235935 209561 193
235935 209561 193
235935 209561 193
235935 209561 193
235935 209561 193
190783 160241 194
190783 160241 194
190783 160241 194
190783 160241 194
190783 160241 194
190783 160241 194
190783 160241 194
190783 160241 194
190783 160241 194
190783 160241 194
190783 160241 194
190783 160241 194
190783 160241 194
178225 291737 195
178225 291737 195
178225 291737 195
178225 291737 195
178225 291737 195
178225 291737 195
178225 291737 195
178225 291737 195
178225 291737 195
178225 291737 195
178225 291737 195
178225 291737 195
178225 291737 195
14666 236913 196
14666 236913 196
14666 236913 196
14666 236913 196
14666 236913 196
14666 236913 196
14666 236913 196
14666 236913 196
14666 236913 196
14666 236913 196
14666 236913 196
14666 236913 196
14666 236913 196
191674 204226 196
191674 204226 196
191674 204226 196
191674 204226 196
191674 204226 196
191674 204226 196
191674 204226 196
191674 204226 196
191674 204226 196
191674 204226 196
191674 204226 196
191674 204226 196
191674 204226 196
177252 195038 196
177252 195038 196
177252 195038 196
177252 195038 196
177252 195038 196
177252 195038 196
177252 195038 196
177252 195038 196
177252 195038 196
177252 195038 196
177252 195038 196
177252 195038 196
177252 195038 196
14794 237362 197
14794 237362 197
14794 237362 197
14794 237362 197
14794 237362 197
14794 237362 197
14794 237362 197
14794 237362 197
14794 237362 197
14794 237362 197
14794 237362 197
14794 237362 197
14794 237362 197
177253 193096 198
177253 193096 198
177253 193096 198
177253 193096 198
177253 193096 198
177253 193096 198
177253 193096 198
177253 193096 198
177253 193096 198
177253 193096 198
177253 193096 198
177253 193096 198
201794 190992 198
201794 190992 198
201794 190992 198
201794 190992 198
201794 190992 198
201794 190992 198
201794 190992 198
201794 190992 198
201794 190992 198
201794 190992 198
201794 190992 198
201794 190992 198
190419 153025 198
190419 153025 198
190419 153025 198
190419 153025 198
190419 153025 198
190419 153025 198
190419 153025 198
190419 153025 198
190419 153025 198
190419 153025 198
190419 153025 198
190419 153025 198
235945 243536 199
235945 243536 199
235945 243536 199
235945 243536 199
235945 243536 199
235945 243536 199
235945 243536 199
235945 243536 199
235945 243536 199
235945 243536 199
235945 243536 199
235945 243536 199
233594 243449 200
233594 243449 200
233594 243449 200
233594 243449 200
233594 243449 200
233594 243449 200
233594 243449 200
233594 243449 200
233594 243449 200
233594 243449 200
233594 243449 200
233594 243449 200
233594 243449 200
195248 194356 201
195248 194356 201
195248 194356 201
195248 194356 201
195248 194356 201
195248 194356 201
195248 194356 201
195248 194356 201
195248 194356 201
195248 194356 201
195248 194356 201
195248 194356 201
195248 194356 201
285287 235679 202
285287 235679 202
285287 235679 202
285287 235679 202
285287 235679 202
285287 235679 202
285287 235679 202
285287 235679 202
285287 235679 202
285287 235679 202
285287 235679 202
285287 235679 202
285287 235679 202
240557 173873 202
240557 173873 202
240557 173873 202
240557 173873 202
240557 173873 202
240557 173873 202
240557 173873 202
240557 173873 202
240557 173873 202
240557 173873 202
240557 173873 202
240557 173873 202
240557 173873 202
266103 291206 203
266103 291206 203
266103 291206 203
266103 291206 203
266103 291206 203
266103 291206 203
266103 291206 203
266103 291206 203
266103 291206 203
266103 291206 203
266103 291206 203
266103 291206 203
237357 237986 206
237357 237986 206
237357 237986 206
237357 237986 206
237357 237986 206
237357 237986 206
237357 237986 206
237357 237986 206
237357 237986 206
237357 237986 206
237357 237986 206
237357 237986 206
237357 237986 206
186852 192942 207
186852 192942 207
186852 192942 207
186852 192942 207
186852 192942 207
186852 192942 207
186852 192942 207
186852 192942 207
186852 192942 207
186852 192942 207
186852 192942 207
186852 192942 207
186707 202028 207
186707 202028 207
186707 202028 207
186707 202028 207
186707 202028 207
186707 202028 207
186707 202028 207
186707 202028 207
186707 202028 207
186707 202028 207
186707 202028 207
186707 202028 207
186707 202028 207
296702 232831 208
296702 232831 208
296702 232831 208
296702 232831 208
296702 232831 208
296702 232831 208
296702 232831 208
296702 232831 208
296702 232831 208
296702 232831 208
296702 232831 208
296702 232831 208
296702 232831 208
236839 274607 208
236839 274607 208
236839 274607 208
236839 274607 208
236839 274607 208
236839 274607 208
236839 274607 208
236839 274607 208
236839 274607 208
236839 274607 208
236839 274607 208
236839 274607 208
174458 175963 208
174458 175963 208
174458 175963 208
174458 175963 208
174458 175963 208
174458 175963 208
174458 175963 208
174458 175963 208
174458 175963 208
174458 175963 208
174458 175963 208
174458 175963 208
226976 226966 208
226976 226966 208
226976 226966 208
226976 226966 208
226976 226966 208
226976 226966 208
226976 226966 208
226976 226966 208
226976 226966 208
226976 226966 208
226976 226966 208
226976 226966 208
209658 235657 209
209658 235657 209
209658 235657 209
209658 235657 209
209658 235657 209
209658 235657 209
209658 235657 209
209658 235657 209
209658 235657 209
209658 235657 209
209658 235657 209
209658 235657 209
200260 236479 210
200260 236479 210
200260 236479 210
200260 236479 210
200260 236479 210
200260 236479 210
200260 236479 210
200260 236479 210
200260 236479 210
200260 236479 210
200260 236479 210
200260 236479 210
200260 236479 210
227486 227541 210
227486 227541 210
227486 227541 210
227486 227541 210
227486 227541 210
227486 227541 210
227486 227541 210
227486 227541 210
227486 227541 210
227486 227541 210
227486 227541 210
227486 227541 210
227486 227541 210
228032 228014 210
228032 228014 210
228032 228014 210
228032 228014 210
228032 228014 210
228032 228014 210
228032 228014 210
228032 228014 210
228032 228014 210
228032 228014 210
228032 228014 210
228032 228014 210
228032 228014 210
227541 234242 212
227541 234242 212
227541 234242 212
227541 234242 212
227541 234242 212
227541 234242 212
227541 234242 212
227541 234242 212
227541 234242 212
227541 234242 212
227541 234242 212
227541 234242 212
227541 234242 212
159592 190863 212
159592 190863 212
159592 190863 212
159592 190863 212
159592 190863 212
159592 190863 212
159592 190863 212
159592 190863 212
159592 190863 212
159592 190863 212
159592 190863 212
159592 190863 212
159592 190863 212
242543 228418 214
242543 228418 214
242543 228418 214
242543 228418 214
242543 228418 214
242543 228418 214
242543 228418 214
242543 228418 214
242543 228418 214
242543 228418 214
242543 228418 214
242543 228418 214
242543 228418 214
237366 226465 215
237366 226465 215
237366 226465 215
237366 226465 215
237366 226465 215
237366 226465 215
237366 226465 215
237366 226465 215
237366 226465 215
237366 226465 215
237366 226465 215
237366 226465 215
237366 226465 215
190922 193592 215
190922 193592 215
190922 193592 215
190922 193592 215
190922 193592 215
190922 193592 215
190922 193592 215
190922 193592 215
190922 193592 215
190922 193592 215
190922 193592 215
190922 193592 215
265637 246082 216
265637 246082 216
265637 246082 216
265637 246082 216
265637 246082 216
265637 246082 216
265637 246082 216
265637 246082 216
265637 246082 216
265637 246082 216
265637 246082 216
265637 246082 216
265637 246082 216
230743 228456 216
230743 228456 216
230743 228456 216
230743 228456 216
230743 228456 216
230743 228456 216
230743 228456 216
230743 228456 216
230743 228456 216
230743 228456 216
230743 228456 216
230743 228456 216
265637 246082 216
265637 246082 216
265637 246082 216
265637 246082 216
265637 246082 216
265637 246082 216
265637 246082 216
265637 246082 216
265637 246082 216
265637 246082 216
265637 246082 216
265637 246082 216
284632 242337 218
284632 242337 218
284632 242337 218
284632 242337 218
284632 242337 218
284632 242337 218
284632 242337 218
284632 242337 218
284632 242337 218
284632 242337 218
284632 242337 218
284632 242337 218
284632 242337 218
227296 236851 220
227296 236851 220
227296 236851 220
227296 236851 220
227296 236851 220
227296 236851 220
227296 236851 220
227296 236851 220
227296 236851 220
227296 236851 220
227296 236851 220
227296 236851 220
227296 236851 220
230655 235659 222
230655 235659 222
230655 235659 222
230655 235659 222
230655 235659 222
230655 235659 222
230655 235659 222
230655 235659 222
230655 235659 222
230655 235659 222
230655 235659 222
230655 235659 222
291376 286717 223
291376 286717 223
291376 286717 223
291376 286717 223
291376 286717 223
291376 286717 223
291376 286717 223
291376 286717 223
291376 286717 223
291376 286717 223
291376 286717 223
291376 286717 223
291376 286717 223
190997 193236 224
190997 193236 224
190997 193236 224
190997 193236 224
190997 193236 224
190997 193236 224
190997 193236 224
190997 193236 224
190997 193236 224
190997 193236 224
190997 193236 224
190997 193236 224
190997 193236 224
246895 246143 224
246895 246143 224
246895 246143 224
246895 246143 224
246895 246143 224
246895 246143 224
246895 246143 224
246895 246143 224
246895 246143 224
246895 246143 224
246895 246143 224
246895 246143 224
246895 246143 224
235673 190921 225
235673 190921 225
235673 190921 225
235673 190921 225
235673 190921 225
235673 190921 225
235673 190921 225
235673 190921 225
235673 190921 225
235673 190921 225
235673 190921 225
235673 190921 225
227077 232046 226
227077 232046 226
227077 232046 226
227077 232046 226
227077 232046 226
227077 232046 226
227077 232046 226
227077 232046 226
227077 232046 226
227077 232046 226
227077 232046 226
227077 232046 226
226999 236925 227
226999 236925 227
226999 236925 227
226999 236925 227
226999 236925 227
226999 236925 227
226999 236925 227
226999 236925 227
226999 236925 227
226999 236925 227
226999 236925 227
226999 236925 227
269983 283433 228
269983 283433 228
269983 283433 228
269983 283433 228
269983 283433 228
269983 283433 228
269983 283433 228
269983 283433 228
269983 283433 228
269983 283433 228
269983 283433 228
269983 283433 228
269983 283433 228
242072 226966 228
242072 226966 228
242072 226966 228
242072 226966 228
242072 226966 228
242072 226966 228
242072 226966 228
242072 226966 228
242072 226966 228
242072 226966 228
242072 226966 228
242072 226966 228
242072 226966 228
208237 186830 228
208237 186830 228
208237 186830 228
208237 186830 228
208237 186830 228
208237 186830 228
208237 186830 228
208237 186830 228
208237 186830 228
208237 186830 228
208237 186830 228
208237 186830 228
208237 186830 228
190992 193980 229
190992 193980 229
190992 193980 229
190992 193980 229
190992 193980 229
190992 193980 229
190992 193980 229
190992 193980 229
190992 193980 229
190992 193980 229
190992 193980 229
190992 193980 229
219709 175923 230
219709 175923 230
219709 175923 230
219709 175923 230
219709 175923 230
219709 175923 230
219709 175923 230
219709 175923 230
219709 175923 230
219709 175923 230
219709 175923 230
219709 175923 230
186780 175923 231
186780 175923 231
186780 175923 231
186780 175923 231
186780 175923 231
186780 175923 231
186780 175923 231
186780 175923 231
186780 175923 231
186780 175923 231
186780 175923 231
186780 175923 231
184419 175923 231
184419 175923 231
184419 175923 231
184419 175923 231
184419 175923 231
184419 175923 231
184419 175923 231
184419 175923 231
184419 175923 231
184419 175923 231
184419 175923 231
184419 175923 231
198526 243947 231
198526 243947 231
198526 243947 231
198526 243947 231
198526 243947 231
198526 243947 231
198526 243947 231
198526 243947 231
198526 243947 231
198526 243947 231
198526 243947 231
198526 243947 231
246116 285611 233
246116 285611 233
246116 285611 233
246116 285611 233
246116 285611 233
246116 285611 233
246116 285611 233
246116 285611 233
246116 285611 233
246116 285611 233
246116 285611 233
246116 285611 233
246116 285611 233
193135 175933 233
193135 175933 233
193135 175933 233
193135 175933 233
193135 175933 233
193135 175933 233
193135 175933 233
193135 175933 233
193135 175933 233
193135 175933 233
193135 175933 233
193135 175933 233
236470 243706 236
236470 243706 236
236470 243706 236
236470 243706 236
236470 243706 236
236470 243706 236
236470 243706 236
236470 243706 236
236470 243706 236
236470 243706 236
236470 243706 236
236470 243706 236
236470 243706 236
235685 227077 236
235685 227077 236
235685 227077 236
235685 227077 236
235685 227077 236
235685 227077 236
235685 227077 236
235685 227077 236
235685 227077 236
235685 227077 236
235685 227077 236
235685 227077 236
235685 227077 236
195492 208217 237
195492 208217 237
195492 208217 237
195492 208217 237
195492 208217 237
195492 208217 237
195492 208217 237
195492 208217 237
195492 208217 237
195492 208217 237
195492 208217 237
195492 208217 237
195492 208217 237
176089 235942 240
176089 235942 240
176089 235942 240
176089 235942 240
176089 235942 240
176089 235942 240
176089 235942 240
176089 235942 240
176089 235942 240
176089 235942 240
176089 235942 240
176089 235942 240
176089 235942 240
160237 192797 241
160237 192797 241
160237 192797 241
160237 192797 241
160237 192797 241
160237 192797 241
160237 192797 241
160237 192797 241
160237 192797 241
160237 192797 241
160237 192797 241
160237 192797 241
234828 227547 243
234828 227547 243
234828 227547 243
234828 227547 243
234828 227547 243
234828 227547 243
234828 227547 243
234828 227547 243
234828 227547 243
234828 227547 243
234828 227547 243
234828 227547 243
226467 194390 245
226467 194390 245
226467 194390 245
226467 194390 245
226467 194390 245
226467 194390 245
226467 194390 245
226467 194390 245
226467 194390 245
226467 194390 245
226467 194390 245
226467 194390 245
226467 194390 245
235862 235685 247
235862 235685 247
235862 235685 247
235862 235685 247
235862 235685 247
235862 235685 247
235862 235685 247
235862 235685 247
235862 235685 247
235862 235685 247
235862 235685 247
235862 235685 247
9160 177273 248
9160 177273 248
9160 177273 248
9160 177273 248
9160 177273 248
9160 177273 248
9160 177273 248
9160 177273 248
9160 177273 248
9160 177273 248
9160 177273 248
9160 177273 248
231901 227979 248
231901 227979 248
231901 227979 248
231901 227979 248
231901 227979 248
231901 227979 248
231901 227979 248
231901 227979 248
231901 227979 248
231901 227979 248
231901 227979 248
231901 227979 248
231901 227979 248
230659 194390 249
230659 194390 249
230659 194390 249
230659 194390 249
230659 194390 249
230659 194390 249
230659 194390 249
230659 194390 249
230659 194390 249
230659 194390 249
230659 194390 249
230659 194390 249
230659 194390 249
236836 227077 251
236836 227077 251
236836 227077 251
236836 227077 251
236836 227077 251
236836 227077 251
236836 227077 251
236836 227077 251
236836 227077 251
236836 227077 251
236836 227077 251
236836 227077 251
227079 173814 252
227079 173814 252
227079 173814 252
227079 173814 252
227079 173814 252
227079 173814 252
227079 173814 252
227079 173814 252
227079 173814 252
227079 173814 252
227079 173814 252
227079 173814 252
227079 173814 252
285203 245924 253
285203 245924 253
285203 245924 253
285203 245924 253
285203 245924 253
285203 245924 253
285203 245924 253
285203 245924 253
285203 245924 253
285203 245924 253
285203 245924 253
285203 245924 253
252648 284249 259
252648 284249 259
252648 284249 259
252648 284249 259
252648 284249 259
252648 284249 259
252648 284249 259
252648 284249 259
252648 284249 259
252648 284249 259
252648 284249 259
252648 284249 259
252648 284249 259
285233 293112 259
285233 293112 259
285233 293112 259
285233 293112 259
285233 293112 259
285233 293112 259
285233 293112 259
285233 293112 259
285233 293112 259
285233 293112 259
285233 293112 259
285233 293112 259
285233 293112 259
194346 201801 260
194346 201801 260
194346 201801 260
194346 201801 260
194346 201801 260
194346 201801 260
194346 201801 260
194346 201801 260
194346 201801 260
194346 201801 260
194346 201801 260
194346 201801 260
243718 243704 261
243718 243704 261
243718 243704 261
243718 243704 261
243718 243704 261
243718 243704 261
243718 243704 261
243718 243704 261
243718 243704 261
243718 243704 261
243718 243704 261
243718 243704 261
265307 151474 261
265307 151474 261
265307 151474 261
265307 151474 261
265307 151474 261
265307 151474 261
265307 151474 261
265307 151474 261
265307 151474 261
265307 151474 261
265307 151474 261
265307 151474 261
265307 151474 261
291226 151583 262
291226 151583 262
291226 151583 262
291226 151583 262
291226 151583 262
291226 151583 262
291226 151583 262
291226 151583 262
291226 151583 262
291226 151583 262
291226 151583 262
291226 151583 262
291226 151583 262
243704 242491 263
243704 242491 263
243704 242491 263
243704 242491 263
243704 242491 263
243704 242491 263
243704 242491 263
243704 242491 263
243704 242491 263
243704 242491 263
243704 242491 263
243704 242491 263
289528 291226 268
289528 291226 268
289528 291226 268
289528 291226 268
289528 291226 268
289528 291226 268
289528 291226 268
289528 291226 268
289528 291226 268
289528 291226 268
289528 291226 268
289528 291226 268
289528 291226 268
176501 190861 275
176501 190861 275
176501 190861 275
176501 190861 275
176501 190861 275
176501 190861 275
176501 190861 275
176501 190861 275
176501 190861 275
176501 190861 275
176501 190861 275
176501 190861 275
230245 4754 278
230245 4754 278
230245 4754 278
230245 4754 278
230245 4754 278
230245 4754 278
230245 4754 278
230245 4754 278
230245 4754 278
230245 4754 278
230245 4754 278
230245 4754 278
153037 241873 279
153037 241873 279
153037 241873 279
153037 241873 279
153037 241873 279
153037 241873 279
153037 241873 279
153037 241873 279
153037 241873 279
153037 241873 279
153037 241873 279
153037 241873 279
153037 241873 279
227416 237846 285
227416 237846 285
227416 237846 285
227416 237846 285
227416 237846 285
227416 237846 285
227416 237846 285
227416 237846 285
227416 237846 285
227416 237846 285
227416 237846 285
227416 237846 285
227416 237846 285
293376 290810 293
293376 290810 293
293376 290810 293
293376 290810 293
293376 290810 293
293376 290810 293
293376 290810 293
293376 290810 293
293376 290810 293
293376 290810 293
293376 290810 293
293376 290810 293
245982 274607 293
245982 274607 293
245982 274607 293
245982 274607 293
245982 274607 293
245982 274607 293
245982 274607 293
245982 274607 293
245982 274607 293
245982 274607 293
245982 274607 293
245982 274607 293
245982 274607 293
184196 184795 294
184196 184795 294
184196 184795 294
184196 184795 294
184196 184795 294
184196 184795 294
184196 184795 294
184196 184795 294
184196 184795 294
184196 184795 294
184196 184795 294
184196 184795 294
296535 237101 295
296535 237101 295
296535 237101 295
296535 237101 295
296535 237101 295
296535 237101 295
296535 237101 295
296535 237101 295
296535 237101 295
296535 237101 295
296535 237101 295
296535 237101 295
296535 237101 295
229855 289100 297
229855 289100 297
229855 289100 297
229855 289100 297
229855 289100 297
229855 289100 297
229855 289100 297
229855 289100 297
229855 289100 297
229855 289100 297
229855 289100 297
229855 289100 297
236479 236857 298
236479 236857 298
236479 236857 298
236479 236857 298
236479 236857 298
236479 236857 298
236479 236857 298
236479 236857 298
236479 236857 298
236479 236857 298
236479 236857 298
236479 236857 298
173814 235977 299
173814 235977 299
173814 235977 299
173814 235977 299
173814 235977 299
173814 235977 299
173814 235977 299
173814 235977 299
173814 235977 299
173814 235977 299
173814 235977 299
173814 235977 299
173814 235977 299
296129 214057 300
296129 214057 300
296129 214057 300
296129 214057 300
296129 214057 300
296129 214057 300
296129 214057 300
296129 214057 300
296129 214057 300
296129 214057 300
296129 214057 300
296129 214057 300
296129 214057 300
295112 265960 300
295112 265960 300
295112 265960 300
295112 265960 300
295112 265960 300
295112 265960 300
295112 265960 300
295112 265960 300
295112 265960 300
295112 265960 300
295112 265960 300
295112 265960 300
295112 265960 300
270089 284575 301
270089 284575 301
270089 284575 301
270089 284575 301
270089 284575 301
270089 284575 301
270089 284575 301
270089 284575 301
270089 284575 301
270089 284575 301
270089 284575 301
270089 284575 301
243536 239756 304
243536 239756 304
243536 239756 304
243536 239756 304
243536 239756 304
243536 239756 304
243536 239756 304
243536 239756 304
243536 239756 304
243536 239756 304
243536 239756 304
243536 239756 304
243536 239756 304
196507 192797 310
196507 192797 310
196507 192797 310
196507 192797 310
196507 192797 310
196507 192797 310
196507 192797 310
196507 192797 310
196507 192797 310
196507 192797 310
196507 192797 310
196507 192797 310
196507 192797 310
245982 295108 310
245982 295108 310
245982 295108 310
245982 295108 310
245982 295108 310
245982 295108 310
245982 295108 310
245982 295108 310
245982 295108 310
245982 295108 310
245982 295108 310
245982 295108 310
233594 227250 316
233594 227250 316
233594 227250 316
233594 227250 316
233594 227250 316
233594 227250 316
233594 227250 316
233594 227250 316
233594 227250 316
233594 227250 316
233594 227250 316
233594 227250 316
233594 227250 316
190764 192797 316
190764 192797 316
190764 192797 316
190764 192797 316
190764 192797 316
190764 192797 316
190764 192797 316
190764 192797 316
190764 192797 316
190764 192797 316
190764 192797 316
190764 192797 316
184772 295652 319
184772 295652 319
184772 295652 319
184772 295652 319
184772 295652 319
184772 295652 319
184772 295652 319
184772 295652 319
184772 295652 319
184772 295652 319
184772 295652 319
184772 295652 319
232537 245982 319
232537 245982 319
232537 245982 319
232537 245982 319
232537 245982 319
232537 245982 319
232537 245982 319
232537 245982 319
232537 245982 319
232537 245982 319
232537 245982 319
232537 245982 319
243622 237848 324
243622 237848 324
243622 237848 324
243622 237848 324
243622 237848 324
243622 237848 324
243622 237848 324
243622 237848 324
243622 237848 324
243622 237848 324
243622 237848 324
243622 237848 324
243622 237848 324
266114 236913 324
266114 236913 324
266114 236913 324
266114 236913 324
266114 236913 324
266114 236913 324
266114 236913 324
266114 236913 324
266114 236913 324
266114 236913 324
266114 236913 324
266114 236913 324
266114 236913 324
188465 193990 327
188465 193990 327
188465 193990 327
188465 193990 327
188465 193990 327
188465 193990 327
188465 193990 327
188465 193990 327
188465 193990 327
188465 193990 327
188465 193990 327
188465 193990 327
266104 236913 328
266104 236913 328
266104 236913 328
266104 236913 328
266104 236913 328
266104 236913 328
266104 236913 328
266104 236913 328
266104 236913 328
266104 236913 328
266104 236913 328
266104 236913 328
266104 236913 328
228156 283433 340
228156 283433 340
228156 283433 340
228156 283433 340
228156 283433 340
228156 283433 340
228156 283433 340
228156 283433 340
228156 283433 340
228156 283433 340
228156 283433 340
228156 283433 340
228156 283433 340
282552 289620 346
282552 289620 346
282552 289620 346
282552 289620 346
282552 289620 346
282552 289620 346
282552 289620 346
282552 289620 346
282552 289620 346
282552 289620 346
282552 289620 346
282552 289620 346
282552 289620 346
9640 290121 349
9640 290121 349
9640 290121 349
9640 290121 349
9640 290121 349
9640 290121 349
9640 290121 349
9640 290121 349
9640 290121 349
9640 290121 349
9640 290121 349
9640 290121 349
230413 294593 355
230413 294593 355
230413 294593 355
230413 294593 355
230413 294593 355
230413 294593 355
230413 294593 355
230413 294593 355
230413 294593 355
230413 294593 355
230413 294593 355
230413 294593 355
286935 283400 362
286935 283400 362
286935 283400 362
286935 283400 362
286935 283400 362
286935 283400 362
286935 283400 362
286935 283400 362
286935 283400 362
286935 283400 362
286935 283400 362
286935 283400 362
286935 283400 362
228058 201796 363
228058 201796 363
228058 201796 363
228058 201796 363
228058 201796 363
228058 201796 363
228058 201796 363
228058 201796 363
228058 201796 363
228058 201796 363
228058 201796 363
228058 201796 363
228058 201796 363
185243 14781 371
185243 14781 371
185243 14781 371
185243 14781 371
185243 14781 371
185243 14781 371
185243 14781 371
185243 14781 371
185243 14781 371
185243 14781 371
185243 14781 371
185243 14781 371
185243 14781 371
245978 245983 377
245978 245983 377
245978 245983 377
245978 245983 377
245978 245983 377
245978 245983 377
245978 245983 377
245978 245983 377
245978 245983 377
245978 245983 377
245978 245983 377
245978 245983 377
245978 245983 377
202872 195340 378
202872 195340 378
202872 195340 378
202872 195340 378
202872 195340 378
202872 195340 378
202872 195340 378
202872 195340 378
202872 195340 378
202872 195340 378
202872 195340 378
202872 195340 378
293376 284206 379
293376 284206 379
293376 284206 379
293376 284206 379
293376 284206 379
293376 284206 379
293376 284206 379
293376 284206 379
293376 284206 379
293376 284206 379
293376 284206 379
293376 284206 379
293376 284206 379
230924 227029 387
230924 227029 387
230924 227029 387
230924 227029 387
230924 227029 387
230924 227029 387
230924 227029 387
230924 227029 387
230924 227029 387
230924 227029 387
230924 227029 387
230924 227029 387
230924 227029 387
230924 227029 389
230924 227029 389
230924 227029 389
230924 227029 389
230924 227029 389
230924 227029 389
230924 227029 389
230924 227029 389
230924 227029 389
230924 227029 389
230924 227029 389
230924 227029 389
282516 293324 395
282516 293324 395
282516 293324 395
282516 293324 395
282516 293324 395
282516 293324 395
282516 293324 395
282516 293324 395
282516 293324 395
282516 293324 395
282516 293324 395
282516 293324 395
282516 293324 395
240630 266090 429
240630 266090 429
240630 266090 429
240630 266090 429
240630 266090 429
240630 266090 429
240630 266090 429
240630 266090 429
240630 266090 429
240630 266090 429
240630 266090 429
240630 266090 429
191590 242036 429
191590 242036 429
191590 242036 429
191590 242036 429
191590 242036 429
191590 242036 429
191590 242036 429
191590 242036 429
191590 242036 429
191590 242036 429
191590 242036 429
191590 242036 429
191590 242036 429
230101 14848 432
230101 14848 432
230101 14848 432
230101 14848 432
230101 14848 432
230101 14848 432
230101 14848 432
230101 14848 432
230101 14848 432
230101 14848 432
230101 14848 432
230101 14848 432
230655 228134 439
230655 228134 439
230655 228134 439
230655 228134 439
230655 228134 439
230655 228134 439
230655 228134 439
230655 228134 439
230655 228134 439
230655 228134 439
230655 228134 439
230655 228134 439
230655 228134 439
234709 232697 446
234709 232697 446
234709 232697 446
234709 232697 446
234709 232697 446
234709 232697 446
234709 232697 446
234709 232697 446
234709 232697 446
234709 232697 446
234709 232697 446
234709 232697 446
234709 232697 446
208308 187716 447
208308 187716 447
208308 187716 447
208308 187716 447
208308 187716 447
208308 187716 447
208308 187716 447
208308 187716 447
208308 187716 447
208308 187716 447
208308 187716 447
208308 187716 447
208308 187716 447
226380 239239 451
226380 239239 451
226380 239239 451
226380 239239 451
226380 239239 451
226380 239239 451
226380 239239 451
226380 239239 451
226380 239239 451
226380 239239 451
226380 239239 451
226380 239239 451
226380 239239 451
226587 296708 460
226587 296708 460
226587 296708 460
226587 296708 460
226587 296708 460
226587 296708 460
226587 296708 460
226587 296708 460
226587 296708 460
226587 296708 460
226587 296708 460
226587 296708 460
226587 296708 460
285376 287862 464
285376 287862 464
285376 287862 464
285376 287862 464
285376 287862 464
285376 287862 464
285376 287862 464
285376 287862 464
285376 287862 464
285376 287862 464
285376 287862 464
285376 287862 464
285376 287862 464
293343 245944 465
293343 245944 465
293343 245944 465
293343 245944 465
293343 245944 465
293343 245944 465
293343 245944 465
293343 245944 465
293343 245944 465
293343 245944 465
293343 245944 465
293343 245944 465
293343 245944 465
11763 245982 469
11763 245982 469
11763 245982 469
11763 245982 469
11763 245982 469
11763 245982 469
11763 245982 469
11763 245982 469
11763 245982 469
11763 245982 469
11763 245982 469
11763 245982 469
241489 230709 470
241489 230709 470
241489 230709 470
241489 230709 470
241489 230709 470
241489 230709 470
241489 230709 470
241489 230709 470
241489 230709 470
241489 230709 470
241489 230709 470
241489 230709 470
289528 284633 470
289528 284633 470
289528 284633 470
289528 284633 470
289528 284633 470
289528 284633 470
289528 284633 470
289528 284633 470
289528 284633 470
289528 284633 470
289528 284633 470
289528 284633 470
236866 285281 473
236866 285281 473
236866 285281 473
236866 285281 473
236866 285281 473
236866 285281 473
236866 285281 473
236866 285281 473
236866 285281 473
236866 285281 473
236866 285281 473
236866 285281 473
236866 285281 473
235974 292434 474
235974 292434 474
235974 292434 474
235974 292434 474
235974 292434 474
235974 292434 474
235974 292434 474
235974 292434 474
235974 292434 474
235974 292434 474
235974 292434 474
235974 292434 474
235974 292434 474
190915 193058 474
190915 193058 474
190915 193058 474
190915 193058 474
190915 193058 474
190915 193058 474
190915 193058 474
190915 193058 474
190915 193058 474
190915 193058 474
190915 193058 474
190915 193058 474
190915 193058 474
292029 230069 488
292029 230069 488
292029 230069 488
292029 230069 488
292029 230069 488
292029 230069 488
292029 230069 488
292029 230069 488
292029 230069 488
292029 230069 488
292029 230069 488
292029 230069 488
292029 230069 488
184196 4147 489
184196 4147 489
184196 4147 489
184196 4147 489
184196 4147 489
184196 4147 489
184196 4147 489
184196 4147 489
184196 4147 489
184196 4147 489
184196 4147 489
184196 4147 489
184196 4147 489
235966 296709 489
235966 296709 489
235966 296709 489
235966 296709 489
235966 296709 489
235966 296709 489
235966 296709 489
235966 296709 489
235966 296709 489
235966 296709 489
235966 296709 489
235966 296709 489
204246 198562 490
204246 198562 490
204246 198562 490
204246 198562 490
204246 198562 490
204246 198562 490
204246 198562 490
204246 198562 490
204246 198562 490
204246 198562 490
204246 198562 490
204246 198562 490
243886 233656 492
243886 233656 492
243886 233656 492
243886 233656 492
243886 233656 492
243886 233656 492
243886 233656 492
243886 233656 492
243886 233656 492
243886 233656 492
243886 233656 492
243886 233656 492
235862 235685 493
235862 235685 493
235862 235685 493
235862 235685 493
235862 235685 493
235862 235685 493
235862 235685 493
235862 235685 493
235862 235685 493
235862 235685 493
235862 235685 493
235862 235685 493
235862 235685 493
225991 235974 497
225991 235974 497
225991 235974 497
225991 235974 497
225991 235974 497
225991 235974 497
225991 235974 497
225991 235974 497
225991 235974 497
225991 235974 497
225991 235974 497
225991 235974 497
225991 235974 497
285170 285187 498
285170 285187 498
285170 285187 498
285170 285187 498
285170 285187 498
285170 285187 498
285170 285187 498
285170 285187 498
285170 285187 498
285170 285187 498
285170 285187 498
285170 285187 498
285170 285187 498
230957 239832 502
230957 239832 502
230957 239832 502
230957 239832 502
230957 239832 502
230957 239832 502
230957 239832 502
230957 239832 502
230957 239832 502
230957 239832 502
230957 239832 502
230957 239832 502
226527 225646 502
226527 225646 502
226527 225646 502
226527 225646 502
226527 225646 502
226527 225646 502
226527 225646 502
226527 225646 502
226527 225646 502
226527 225646 502
226527 225646 502
226527 225646 502
190969 235974 504
190969 235974 504
190969 235974 504
190969 235974 504
190969 235974 504
190969 235974 504
190969 235974 504
190969 235974 504
190969 235974 504
190969 235974 504
190969 235974 504
190969 235974 504
296617 228104 505
296617 228104 505
296617 228104 505
296617 228104 505
296617 228104 505
296617 228104 505
296617 228104 505
296617 228104 505
296617 228104 505
296617 228104 505
296617 228104 505
296617 228104 505
239046 236015 506
239046 236015 506
239046 236015 506
239046 236015 506
239046 236015 506
239046 236015 506
239046 236015 506
239046 236015 506
239046 236015 506
239046 236015 506
239046 236015 506
239046 236015 506
296525 227677 506
296525 227677 506
296525 227677 506
296525 227677 506
296525 227677 506
296525 227677 506
296525 227677 506
296525 227677 506
296525 227677 506
296525 227677 506
296525 227677 506
296525 227677 506
296525 227677 506
15668 202012 509
15668 202012 509
15668 202012 509
15668 202012 509
15668 202012 509
15668 202012 509
15668 202012 509
15668 202012 509
15668 202012 509
15668 202012 509
15668 202012 509
15668 202012 509
292548 227531 509
292548 227531 509
292548 227531 509
292548 227531 509
292548 227531 509
292548 227531 509
292548 227531 509
292548 227531 509
292548 227531 509
292548 227531 509
292548 227531 509
292548 227531 509
292548 227531 509
208217 202012 511
208217 202012 511
208217 202012 511
208217 202012 511
208217 202012 511
208217 202012 511
208217 202012 511
208217 202012 511
208217 202012 511
208217 202012 511
208217 202012 511
208217 202012 511
238630 241428 515
238630 241428 515
238630 241428 515
238630 241428 515
238630 241428 515
238630 241428 515
238630 241428 515
238630 241428 515
238630 241428 515
238630 241428 515
238630 241428 515
238630 241428 515
238630 241428 515
237873 160258 516
237873 160258 516
237873 160258 516
237873 160258 516
237873 160258 516
237873 160258 516
237873 160258 516
237873 160258 516
237873 160258 516
237873 160258 516
237873 160258 516
237873 160258 516
237873 160258 516
243464 14813 517
243464 14813 517
243464 14813 517
243464 14813 517
243464 14813 517
243464 14813 517
243464 14813 517
243464 14813 517
243464 14813 517
243464 14813 517
243464 14813 517
243464 14813 517
243464 14813 517
286717 250569 517
286717 250569 517
286717 250569 517
286717 250569 517
286717 250569 517
286717 250569 517
286717 250569 517
286717 250569 517
286717 250569 517
286717 250569 517
286717 250569 517
286717 250569 517
198574 238002 518
198574 238002 518
198574 238002 518
198574 238002 518
198574 238002 518
198574 238002 518
198574 238002 518
198574 238002 518
198574 238002 518
198574 238002 518
198574 238002 518
198574 238002 518
198574 238002 518
186905 291425 518
186905 291425 518
186905 291425 518
186905 291425 518
186905 291425 518
186905 291425 518
186905 291425 518
186905 291425 518
186905 291425 518
186905 291425 518
186905 291425 518
186905 291425 518
243536 292432 519
243536 292432 519
243536 292432 519
243536 292432 519
243536 292432 519
243536 292432 519
243536 292432 519
243536 292432 519
243536 292432 519
243536 292432 519
243536 292432 519
243536 292432 519
226966 235963 520
226966 235963 520
226966 235963 520
226966 235963 520
226966 235963 520
226966 235963 520
226966 235963 520
226966 235963 520
226966 235963 520
226966 235963 520
226966 235963 520
226966 235963 520
226966 235963 520
203200 196347 521
203200 196347 521
203200 196347 521
203200 196347 521
203200 196347 521
203200 196347 521
203200 196347 521
203200 196347 521
203200 196347 521
203200 196347 521
203200 196347 521
203200 196347 521
203200 196347 521
227081 239504 522
227081 239504 522
227081 239504 522
227081 239504 522
227081 239504 522
227081 239504 522
227081 239504 522
227081 239504 522
227081 239504 522
227081 239504 522
227081 239504 522
227081 239504 522
227081 239504 522
14450 14490 523
14450 14490 523
14450 14490 523
14450 14490 523
14450 14490 523
14450 14490 523
14450 14490 523
14450 14490 523
14450 14490 523
14450 14490 523
14450 14490 523
14450 14490 523
14450 14490 523
235810 296143 525
235810 296143 525
235810 296143 525
235810 296143 525
235810 296143 525
235810 296143 525
235810 296143 525
235810 296143 525
235810 296143 525
235810 296143 525
235810 296143 525
235810 296143 525
235810 296143 525
188270 195488 526
188270 195488 526
188270 195488 526
188270 195488 526
188270 195488 526
188270 195488 526
188270 195488 526
188270 195488 526
188270 195488 526
188270 195488 526
188270 195488 526
188270 195488 526
195017 190915 526
195017 190915 526
195017 190915 526
195017 190915 526
195017 190915 526
195017 190915 526
195017 190915 526
195017 190915 526
195017 190915 526
195017 190915 526
195017 190915 526
195017 190915 526
210476 11037 527
210476 11037 527
210476 11037 527
210476 11037 527
210476 11037 527
210476 11037 527
210476 11037 527
210476 11037 527
210476 11037 527
210476 11037 527
210476 11037 527
210476 11037 527
14431 294268 528
14431 294268 528
14431 294268 528
14431 294268 528
14431 294268 528
14431 294268 528
14431 294268 528
14431 294268 528
14431 294268 528
14431 294268 528
14431 294268 528
14431 294268 528
14812 295184 529
14812 295184 529
14812 295184 529
14812 295184 529
14812 295184 529
14812 295184 529
14812 295184 529
14812 295184 529
14812 295184 529
14812 295184 529
14812 295184 529
14812 295184 529
14812 295184 529
291449 186763 529
291449 186763 529
291449 186763 529
291449 186763 529
291449 186763 529
291449 186763 529
291449 186763 529
291449 186763 529
291449 186763 529
291449 186763 529
291449 186763 529
291449 186763 529
291449 186763 529
175903 188448 529
175903 188448 529
175903 188448 529
175903 188448 529
175903 188448 529
175903 188448 529
175903 188448 529
175903 188448 529
175903 188448 529
175903 188448 529
175903 188448 529
175903 188448 529
227037 225957 530
227037 225957 530
227037 225957 530
227037 225957 530
227037 225957 530
227037 225957 530
227037 225957 530
227037 225957 530
227037 225957 530
227037 225957 530
227037 225957 530
227037 225957 530
14923 267916 530
14923 267916 530
14923 267916 530
14923 267916 530
14923 267916 530
14923 267916 530
14923 267916 530
14923 267916 530
14923 267916 530
14923 267916 530
14923 267916 530
14923 267916 530
285249 265960 530
285249 265960 530
285249 265960 530
285249 265960 530
285249 265960 530
285249 265960 530
285249 265960 530
285249 265960 530
285249 265960 530
285249 265960 530
285249 265960 530
285249 265960 530
14923 227689 530
14923 227689 530
14923 227689 530
14923 227689 530
14923 227689 530
14923 227689 530
14923 227689 530
14923 227689 530
14923 227689 530
14923 227689 530
14923 227689 530
14923 227689 530
14923 227689 530
227063 231275 530
227063 231275 530
227063 231275 530
227063 231275 530
227063 231275 530
227063 231275 530
227063 231275 530
227063 231275 530
227063 231275 530
227063 231275 530
227063 231275 530
227063 231275 530
285458 245976 531
285458 245976 531
285458 245976 531
285458 245976 531
285458 245976 531
285458 245976 531
285458 245976 531
285458 245976 531
285458 245976 531
285458 245976 531
285458 245976 531
285458 245976 531
285458 245976 531
227256 236156 531
227256 236156 531
227256 236156 531
227256 236156 531
227256 236156 531
227256 236156 531
227256 236156 531
227256 236156 531
227256 236156 531
227256 236156 531
227256 236156 531
227256 236156 531
196008 185762 531
196008 185762 531
196008 185762 531
196008 185762 531
196008 185762 531
196008 185762 531
196008 185762 531
196008 185762 531
196008 185762 531
196008 185762 531
196008 185762 531
196008 185762 531
196008 185762 531
267916 294268 532
267916 294268 532
267916 294268 532
267916 294268 532
267916 294268 532
267916 294268 532
267916 294268 532
267916 294268 532
267916 294268 532
267916 294268 532
267916 294268 532
267916 294268 532
267916 294268 532
160240 19032 533
160240 19032 533
160240 19032 533
160240 19032 533
160240 19032 533
160240 19032 533
160240 19032 533
160240 19032 533
160240 19032 533
160240 19032 533
160240 19032 533
160240 19032 533
160240 19032 533
236065 191589 533
236065 191589 533
236065 191589 533
236065 191589 533
236065 191589 533
236065 191589 533
236065 191589 533
236065 191589 533
236065 191589 533
236065 191589 533
236065 191589 533
236065 191589 533
239504 238519 534
239504 238519 534
239504 238519 534
239504 238519 534
239504 238519 534
239504 238519 534
239504 238519 534
239504 238519 534
239504 238519 534
239504 238519 534
239504 238519 534
239504 238519 534
239504 238519 534
227689 194555 534
227689 194555 534
227689 194555 534
227689 194555 534
227689 194555 534
227689 194555 534
227689 194555 534
227689 194555 534
227689 194555 534
227689 194555 534
227689 194555 534
227689 194555 534
227689 194555 534
187715 169456 536
187715 169456 536
187715 169456 536
187715 169456 536
187715 169456 536
187715 169456 536
187715 169456 536
187715 169456 536
187715 169456 536
187715 169456 536
187715 169456 536
187715 169456 536
187715 169456 536
294268 289038 536
294268 289038 536
294268 289038 536
294268 289038 536
294268 289038 536
294268 289038 536
294268 289038 536
294268 289038 536
294268 289038 536
294268 289038 536
294268 289038 536
294268 289038 536
294268 289038 536
175903 188448 537
175903 188448 537
175903 188448 537
175903 188448 537
175903 188448 537
175903 188448 537
175903 188448 537
175903 188448 537
175903 188448 537
175903 188448 537
175903 188448 537
175903 188448 537
175903 188448 537
153037 4147 538
153037 4147 538
153037 4147 538
153037 4147 538
153037 4147 538
153037 4147 538
153037 4147 538
153037 4147 538
153037 4147 538
153037 4147 538
153037 4147 538
153037 4147 538
249341 265481 538
249341 265481 538
249341 265481 538
249341 265481 538
249341 265481 538
249341 265481 538
249341 265481 538
249341 265481 538
249341 265481 538
249341 265481 538
249341 265481 538
249341 265481 538
249341 265481 538
219560 245993 538
219560 245993 538
219560 245993 538
219560 245993 538
219560 245993 538
219560 245993 538
219560 245993 538
219560 245993 538
219560 245993 538
219560 245993 538
219560 245993 538
219560 245993 538
219560 245993 538
225957 228132 539
225957 228132 539
225957 228132 539
225957 228132 539
225957 228132 539
225957 228132 539
225957 228132 539
225957 228132 539
225957 228132 539
225957 228132 539
225957 228132 539
225957 228132 539
173921 159606 540
173921 159606 540
173921 159606 540
173921 159606 540
173921 159606 540
173921 159606 540
173921 159606 540
173921 159606 540
173921 159606 540
173921 159606 540
173921 159606 540
173921 159606 540
262387 230917 542
262387 230917 542
262387 230917 542
262387 230917 542
262387 230917 542
262387 230917 542
262387 230917 542
262387 230917 542
262387 230917 542
262387 230917 542
262387 230917 542
262387 230917 542
235658 209656 542
235658 209656 542
235658 209656 542
235658 209656 542
235658 209656 542
235658 209656 542
235658 209656 542
235658 209656 542
235658 209656 542
235658 209656 542
235658 209656 542
235658 209656 542
229835 227256 543
229835 227256 543
229835 227256 543
229835 227256 543
229835 227256 543
229835 227256 543
229835 227256 543
229835 227256 543
229835 227256 543
229835 227256 543
229835 227256 543
229835 227256 543
173960 195766 544
173960 195766 544
173960 195766 544
173960 195766 544
173960 195766 544
173960 195766 544
173960 195766 544
173960 195766 544
173960 195766 544
173960 195766 544
173960 195766 544
173960 195766 544
227720 236017 546
227720 236017 546
227720 236017 546
227720 236017 546
227720 236017 546
227720 236017 546
227720 236017 546
227720 236017 546
227720 236017 546
227720 236017 546
227720 236017 546
227720 236017 546
155156 232686 546
155156 232686 546
155156 232686 546
155156 232686 546
155156 232686 546
155156 232686 546
155156 232686 546
155156 232686 546
155156 232686 546
155156 232686 546
155156 232686 546
155156 232686 546
155156 232686 546
226251 194463 548
226251 194463 548
226251 194463 548
226251 194463 548
226251 194463 548
226251 194463 548
226251 194463 548
226251 194463 548
226251 194463 548
226251 194463 548
226251 194463 548
226251 194463 548
202619 196081 549
202619 196081 549
202619 196081 549
202619 196081 549
202619 196081 549
202619 196081 549
202619 196081 549
202619 196081 549
202619 196081 549
202619 196081 549
202619 196081 549
202619 196081 549
202619 196081 549
160293 196081 551
160293 196081 551
160293 196081 551
160293 196081 551
160293 196081 551
160293 196081 551
160293 196081 551
160293 196081 551
160293 196081 551
160293 196081 551
160293 196081 551
160293 196081 551
160293 196081 551
236046 236210 552
236046 236210 552
236046 236210 552
236046 236210 552
236046 236210 552
236046 236210 552
236046 236210 552
236046 236210 552
236046 236210 552
236046 236210 552
236046 236210 552
236046 236210 552
236046 236210 552
183769 201280 553
183769 201280 553
183769 201280 553
183769 201280 553
183769 201280 553
183769 201280 553
183769 201280 553
183769 201280 553
183769 201280 553
183769 201280 553
183769 201280 553
183769 201280 553
243927 195048 553
243927 195048 553
243927 195048 553
243927 195048 553
243927 195048 553
243927 195048 553
243927 195048 553
243927 195048 553
243927 195048 553
243927 195048 553
243927 195048 553
243927 195048 553
243927 195048 553
153272 19032 554
153272 19032 554
153272 19032 554
153272 19032 554
153272 19032 554
153272 19032 554
153272 19032 554
153272 19032 554
153272 19032 554
153272 19032 554
153272 19032 554
153272 19032 554
263655 250634 556
263655 250634 556
263655 250634 556
263655 250634 556
263655 250634 556
263655 250634 556
263655 250634 556
263655 250634 556
263655 250634 556
263655 250634 556
263655 250634 556
263655 250634 556
263655 250634 556
208218 190371 556
208218 190371 556
208218 190371 556
208218 190371 556
208218 190371 556
208218 190371 556
208218 190371 556
208218 190371 556
208218 190371 556
208218 190371 556
208218 190371 556
208218 190371 556
208218 190371 556
201801 194388 557
201801 194388 557
201801 194388 557
201801 194388 557
201801 194388 557
201801 194388 557
201801 194388 557
201801 194388 557
201801 194388 557
201801 194388 557
201801 194388 557
201801 194388 557
201801 194388 557
250582 284212 557
250582 284212 557
250582 284212 557
250582 284212 557
250582 284212 557
250582 284212 557
250582 284212 557
250582 284212 557
250582 284212 557
250582 284212 557
250582 284212 557
250582 284212 557
250582 284212 557
252031 227532 558
252031 227532 558
252031 227532 558
252031 227532 558
252031 227532 558
252031 227532 558
252031 227532 558
252031 227532 558
252031 227532 558
252031 227532 558
252031 227532 558
252031 227532 558
252031 227532 558
238988 235673 558
238988 235673 558
238988 235673 558
238988 235673 558
238988 235673 558
238988 235673 558
238988 235673 558
238988 235673 558
238988 235673 558
238988 235673 558
238988 235673 558
238988 235673 558
242322 225931 558
242322 225931 558
242322 225931 558
242322 225931 558
242322 225931 558
242322 225931 558
242322 225931 558
242322 225931 558
242322 225931 558
242322 225931 558
242322 225931 558
242322 225931 558
242322 225931 558
248378 284632 560
248378 284632 560
248378 284632 560
248378 284632 560
248378 284632 560
248378 284632 560
248378 284632 560
248378 284632 560
248378 284632 560
248378 284632 560
248378 284632 560
248378 284632 560
208280 193605 561
208280 193605 561
208280 193605 561
208280 193605 561
208280 193605 561
208280 193605 561
208280 193605 561
208280 193605 561
208280 193605 561
208280 193605 561
208280 193605 561
208280 193605 561
208280 193605 561
251980 225626 562
251980 225626 562
251980 225626 562
251980 225626 562
251980 225626 562
251980 225626 562
251980 225626 562
251980 225626 562
251980 225626 562
251980 225626 562
251980 225626 562
251980 225626 562
230956 231862 565
230956 231862 565
230956 231862 565
230956 231862 565
230956 231862 565
230956 231862 565
230956 231862 565
230956 231862 565
230956 231862 565
230956 231862 565
230956 231862 565
230956 231862 565
230956 231862 565
235860 242072 566
235860 242072 566
235860 242072 566
235860 242072 566
235860 242072 566
235860 242072 566
235860 242072 566
235860 242072 566
235860 242072 566
235860 242072 566
235860 242072 566
235860 242072 566
230956 231862 566
230956 231862 566
230956 231862 566
230956 231862 566
230956 231862 566
230956 231862 566
230956 231862 566
230956 231862 566
230956 231862 566
230956 231862 566
230956 231862 566
230956 231862 566
230956 231862 566
159653 160241 566
159653 160241 566
159653 160241 566
159653 160241 566
159653 160241 566
159653 160241 566
159653 160241 566
159653 160241 566
159653 160241 566
159653 160241 566
159653 160241 566
159653 160241 566
187715 227215 566
187715 227215 566
187715 227215 566
187715 227215 566
187715 227215 566
187715 227215 566
187715 227215 566
187715 227215 566
187715 227215 566
187715 227215 566
187715 227215 566
187715 227215 566
192945 285460 567
192945 285460 567
192945 285460 567
192945 285460 567
192945 285460 567
192945 285460 567
192945 285460 567
192945 285460 567
192945 285460 567
192945 285460 567
192945 285460 567
192945 285460 567
192945 285460 567
186765 245978 567
186765 245978 567
186765 245978 567
186765 245978 567
186765 245978 567
186765 245978 567
186765 245978 567
186765 245978 567
186765 245978 567
186765 245978 567
186765 245978 567
186765 245978 567
186765 245978 567
208266 184184 568
208266 184184 568
208266 184184 568
208266 184184 568
208266 184184 568
208266 184184 568
208266 184184 568
208266 184184 568
208266 184184 568
208266 184184 568
208266 184184 568
208266 184184 568
208266 184184 568
237090 227547 570
237090 227547 570
237090 227547 570
237090 227547 570
237090 227547 570
237090 227547 570
237090 227547 570
237090 227547 570
237090 227547 570
237090 227547 570
237090 227547 570
237090 227547 570
237090 227547 570
235860 11835 570
235860 11835 570
235860 11835 570
235860 11835 570
235860 11835 570
235860 11835 570
235860 11835 570
235860 11835 570
235860 11835 570
235860 11835 570
235860 11835 570
235860 11835 570
235860 11835 570
230956 231862 570
230956 231862 570
230956 231862 570
230956 231862 570
230956 231862 570
230956 231862 570
230956 231862 570
230956 231862 570
230956 231862 570
230956 231862 570
230956 231862 570
230956 231862 570
230956 231862 570
173814 209561 571
173814 209561 571
173814 209561 571
173814 209561 571
173814 209561 571
173814 209561 571
173814 209561 571
173814 209561 571
173814 209561 571
173814 209561 571
173814 209561 571
173814 209561 571
293675 246112 571
293675 246112 571
293675 246112 571
293675 246112 571
293675 246112 571
293675 246112 571
293675 246112 571
293675 246112 571
293675 246112 571
293675 246112 571
293675 246112 571
293675 246112 571
228107 234708 572
228107 234708 572
228107 234708 572
228107 234708 572
228107 234708 572
228107 234708 572
228107 234708 572
228107 234708 572
228107 234708 572
228107 234708 572
228107 234708 572
228107 234708 572
227267 229825 572
227267 229825 572
227267 229825 572
227267 229825 572
227267 229825 572
227267 229825 572
227267 229825 572
227267 229825 572
227267 229825 572
227267 229825 572
227267 229825 572
227267 229825 572
235673 126481 573
235673 126481 573
235673 126481 573
235673 126481 573
235673 126481 573
235673 126481 573
235673 126481 573
235673 126481 573
235673 126481 573
235673 126481 573
235673 126481 573
235673 126481 573
203732 208315 574
203732 208315 574
203732 208315 574
203732 208315 574
203732 208315 574
203732 208315 574
203732 208315 574
203732 208315 574
203732 208315 574
203732 208315 574
203732 208315 574
203732 208315 574
203732 208315 574
236888 236015 574
236888 236015 574
236888 236015 574
236888 236015 574
236888 236015 574
236888 236015 574
236888 236015 574
236888 236015 574
236888 236015 574
236888 236015 574
236888 236015 574
236888 236015 574
229534 236506 574
229534 236506 574
229534 236506 574
229534 236506 574
229534 236506 574
229534 236506 574
229534 236506 574
229534 236506 574
229534 236506 574
229534 236506 574
229534 236506 574
229534 236506 574
229534 236506 574
250636 252667 575
250636 252667 575
250636 252667 575
250636 252667 575
250636 252667 575
250636 252667 575
250636 252667 575
250636 252667 575
250636 252667 575
250636 252667 575
250636 252667 575
250636 252667 575
250636 252667 575
176237 201672 577
176237 201672 577
176237 201672 577
176237 201672 577
176237 201672 577
176237 201672 577
176237 201672 577
176237 201672 577
176237 201672 577
176237 201672 577
176237 201672 577
176237 201672 577
284208 246048 577
284208 246048 577
284208 246048 577
284208 246048 577
284208 246048 577
284208 246048 577
284208 246048 577
284208 246048 577
284208 246048 577
284208 246048 577
284208 246048 577
284208 246048 577
160288 208266 579
160288 208266 579
160288 208266 579
160288 208266 579
160288 208266 579
160288 208266 579
160288 208266 579
160288 208266 579
160288 208266 579
160288 208266 579
160288 208266 579
160288 208266 579
160288 208266 579
188712 201672 579
188712 201672 579
188712 201672 579
188712 201672 579
188712 201672 579
188712 201672 579
188712 201672 579
188712 201672 579
188712 201672 579
188712 201672 579
188712 201672 579
188712 201672 579
192942 3561 580
192942 3561 580
192942 3561 580
192942 3561 580
192942 3561 580
192942 3561 580
192942 3561 580
192942 3561 580
192942 3561 580
192942 3561 580
192942 3561 580
192942 3561 580
193636 124698 581
193636 124698 581
193636 124698 581
193636 124698 581
193636 124698 581
193636 124698 581
193636 124698 581
193636 124698 581
193636 124698 581
193636 124698 581
193636 124698 581
193636 124698 581
193636 124698 581
235974 226976 582
235974 226976 582
235974 226976 582
235974 226976 582
235974 226976 582
235974 226976 582
235974 226976 582
235974 226976 582
235974 226976 582
235974 226976 582
235974 226976 582
235974 226976 582
196007 285460 583
196007 285460 583
196007 285460 583
196007 285460 583
196007 285460 583
196007 285460 583
196007 285460 583
196007 285460 583
196007 285460 583
196007 285460 583
196007 285460 583
196007 285460 583
183759 173921 583
183759 173921 583
183759 173921 583
183759 173921 583
183759 173921 583
183759 173921 583
183759 173921 583
183759 173921 583
183759 173921 583
183759 173921 583
183759 173921 583
183759 173921 583
227095 289524 583
227095 289524 583
227095 289524 583
227095 289524 583
227095 289524 583
227095 289524 583
227095 289524 583
227095 289524 583
227095 289524 583
227095 289524 583
227095 289524 583
227095 289524 583
289351 288656 584
289351 288656 584
289351 288656 584
289351 288656 584
289351 288656 584
289351 288656 584
289351 288656 584
289351 288656 584
289351 288656 584
289351 288656 584
289351 288656 584
289351 288656 584
235953 10269 585
235953 10269 585
235953 10269 585
235953 10269 585
235953 10269 585
235953 10269 585
235953 10269 585
235953 10269 585
235953 10269 585
235953 10269 585
235953 10269 585
235953 10269 585
235953 10269 585
227020 236898 585
227020 236898 585
227020 236898 585
227020 236898 585
227020 236898 585
227020 236898 585
227020 236898 585
227020 236898 585
227020 236898 585
227020 236898 585
227020 236898 585
227020 236898 585
242119 228401 586
242119 228401 586
242119 228401 586
242119 228401 586
242119 228401 586
242119 228401 586
242119 228401 586
242119 228401 586
242119 228401 586
242119 228401 586
242119 228401 586
242119 228401 586
237660 230689 586
237660 230689 586
237660 230689 586
237660 230689 586
237660 230689 586
237660 230689 586
237660 230689 586
237660 230689 586
237660 230689 586
237660 230689 586
237660 230689 586
237660 230689 586
173921 196008 586
173921 196008 586
173921 196008 586
173921 196008 586
173921 196008 586
173921 196008 586
173921 196008 586
173921 196008 586
173921 196008 586
173921 196008 586
173921 196008 586
173921 196008 586
173921 196008 586
235134 236878 587
235134 236878 587
235134 236878 587
235134 236878 587
235134 236878 587
235134 236878 587
235134 236878 587
235134 236878 587
235134 236878 587
235134 236878 587
235134 236878 587
235134 236878 587
246989 9115 587
246989 9115 587
246989 9115 587
246989 9115 587
246989 9115 587
246989 9115 587
246989 9115 587
246989 9115 587
246989 9115 587
246989 9115 587
246989 9115 587
246989 9115 587
202613 187716 588
202613 187716 588
202613 187716 588
202613 187716 588
202613 187716 588
202613 187716 588
202613 187716 588
202613 187716 588
202613 187716 588
202613 187716 588
202613 187716 588
202613 187716 588
202613 187716 588
228708 240911 588
228708 240911 588
228708 240911 588
228708 240911 588
228708 240911 588
228708 240911 588
228708 240911 588
228708 240911 588
228708 240911 588
228708 240911 588
228708 240911 588
228708 240911 588
230689 235966 589
230689 235966 589
230689 235966 589
230689 235966 589
230689 235966 589
230689 235966 589
230689 235966 589
230689 235966 589
230689 235966 589
230689 235966 589
230689 235966 589
230689 235966 589
230398 236839 589
230398 236839 589
230398 236839 589
230398 236839 589
230398 236839 589
230398 236839 589
230398 236839 589
230398 236839 589
230398 236839 589
230398 236839 589
230398 236839 589
230398 236839 589
230398 236839 589
14810 246119 589
14810 246119 589
14810 246119 589
14810 246119 589
14810 246119 589
14810 246119 589
14810 246119 589
14810 246119 589
14810 246119 589
14810 246119 589
14810 246119 589
14810 246119 589
239504 194553 590
239504 194553 590
239504 194553 590
239504 194553 590
239504 194553 590
239504 194553 590
239504 194553 590
239504 194553 590
239504 194553 590
239504 194553 590
239504 194553 590
239504 194553 590
239504 194553 590
294567 256663 591
294567 256663 591
294567 256663 591
294567 256663 591
294567 256663 591
294567 256663 591
294567 256663 591
294567 256663 591
294567 256663 591
294567 256663 591
294567 256663 591
294567 256663 591
294567 256663 591
287862 233904 591
287862 233904 591
287862 233904 591
287862 233904 591
287862 233904 591
287862 233904 591
287862 233904 591
287862 233904 591
287862 233904 591
287862 233904 591
287862 233904 591
287862 233904 591
187715 188294 592
187715 188294 592
187715 188294 592
187715 188294 592
187715 188294 592
187715 188294 592
187715 188294 592
187715 188294 592
187715 188294 592
187715 188294 592
187715 188294 592
187715 188294 592
289150 246113 592
289150 246113 592
289150 246113 592
289150 246113 592
289150 246113 592
289150 246113 592
289150 246113 592
289150 246113 592
289150 246113 592
289150 246113 592
289150 246113 592
289150 246113 592
270401 246076 592
270401 246076 592
270401 246076 592
270401 246076 592
270401 246076 592
270401 246076 592
270401 246076 592
270401 246076 592
270401 246076 592
270401 246076 592
270401 246076 592
270401 246076 592
270401 246076 592
236851 242213 593
236851 242213 593
236851 242213 593
236851 242213 593
236851 242213 593
236851 242213 593
236851 242213 593
236851 242213 593
236851 242213 593
236851 242213 593
236851 242213 593
236851 242213 593
231019 231024 593
231019 231024 593
231019 231024 593
231019 231024 593
231019 231024 593
231019 231024 593
231019 231024 593
231019 231024 593
231019 231024 593
231019 231024 593
231019 231024 593
231019 231024 593
233589 235659 594
233589 235659 594
233589 235659 594
233589 235659 594
233589 235659 594
233589 235659 594
233589 235659 594
233589 235659 594
233589 235659 594
233589 235659 594
233589 235659 594
233589 235659 594
233589 235659 594
175965 174464 595
175965 174464 595
175965 174464 595
175965 174464 595
175965 174464 595
175965 174464 595
175965 174464 595
175965 174464 595
175965 174464 595
175965 174464 595
175965 174464 595
175965 174464 595
189007 175963 595
189007 175963 595
189007 175963 595
189007 175963 595
189007 175963 595
189007 175963 595
189007 175963 595
189007 175963 595
189007 175963 595
189007 175963 595
189007 175963 595
189007 175963 595
270089 286717 597
270089 286717 597
270089 286717 597
270089 286717 597
270089 286717 597
270089 286717 597
270089 286717 597
270089 286717 597
270089 286717 597
270089 286717 597
270089 286717 597
270089 286717 597
270089 286717 597
227053 242216 597
227053 242216 597
227053 242216 597
227053 242216 597
227053 242216 597
227053 242216 597
227053 242216 597
227053 242216 597
227053 242216 597
227053 242216 597
227053 242216 597
227053 242216 597
242933 242213 597
242933 242213 597
242933 242213 597
242933 242213 597
242933 242213 597
242933 242213 597
242933 242213 597
242933 242213 597
242933 242213 597
242933 242213 597
242933 242213 597
242933 242213 597
242933 242213 597
242166 236090 597
242166 236090 597
242166 236090 597
242166 236090 597
242166 236090 597
242166 236090 597
242166 236090 597
242166 236090 597
242166 236090 597
242166 236090 597
242166 236090 597
242166 236090 597
283968 247050 599
283968 247050 599
283968 247050 599
283968 247050 599
283968 247050 599
283968 247050 599
283968 247050 599
283968 247050 599
283968 247050 599
283968 247050 599
283968 247050 599
283968 247050 599
283968 247050 599
232030 193605 600
232030 193605 600
232030 193605 600
232030 193605 600
232030 193605 600
232030 193605 600
232030 193605 600
232030 193605 600
232030 193605 600
232030 193605 600
232030 193605 600
232030 193605 600
232030 193605 600
174464 208207 601
174464 208207 601
174464 208207 601
174464 208207 601
174464 208207 601
174464 208207 601
174464 208207 601
174464 208207 601
174464 208207 601
174464 208207 601
174464 208207 601
174464 208207 601
242339 237100 601
242339 237100 601
242339 237100 601
242339 237100 601
242339 237100 601
242339 237100 601
242339 237100 601
242339 237100 601
242339 237100 601
242339 237100 601
242339 237100 601
242339 237100 601
226966 236010 601
226966 236010 601
226966 236010 601
226966 236010 601
226966 236010 601
226966 236010 601
226966 236010 601
226966 236010 601
226966 236010 601
226966 236010 601
226966 236010 601
226966 236010 601
184430 248384 602
184430 248384 602
184430 248384 602
184430 248384 602
184430 248384 602
184430 248384 602
184430 248384 602
184430 248384 602
184430 248384 602
184430 248384 602
184430 248384 602
184430 248384 602
227872 236400 604
227872 236400 604
227872 236400 604
227872 236400 604
227872 236400 604
227872 236400 604
227872 236400 604
227872 236400 604
227872 236400 604
227872 236400 604
227872 236400 604
227872 236400 604
151583 235790 605
151583 235790 605
151583 235790 605
151583 235790 605
151583 235790 605
151583 235790 605
151583 235790 605
151583 235790 605
151583 235790 605
151583 235790 605
151583 235790 605
151583 235790 605
151583 235790 605
287862 290817 606
287862 290817 606
287862 290817 606
287862 290817 606
287862 290817 606
287862 290817 606
287862 290817 606
287862 290817 606
287862 290817 606
287862 290817 606
287862 290817 606
287862 290817 606
287862 290817 606
183759 196158 608
183759 196158 608
183759 196158 608
183759 196158 608
183759 196158 608
183759 196158 608
183759 196158 608
183759 196158 608
183759 196158 608
183759 196158 608
183759 196158 608
183759 196158 608
183759 196158 608
246116 235966 608
246116 235966 608
246116 235966 608
246116 235966 608
246116 235966 608
246116 235966 608
246116 235966 608
246116 235966 608
246116 235966 608
246116 235966 608
246116 235966 608
246116 235966 608
293376 14845 608
293376 14845 608
293376 14845 608
293376 14845 608
293376 14845 608
293376 14845 608
293376 14845 608
293376 14845 608
293376 14845 608
293376 14845 608
293376 14845 608
293376 14845 608
293376 14845 608
232059 235679 608
232059 235679 608
232059 235679 608
232059 235679 608
232059 235679 608
232059 235679 608
232059 235679 608
232059 235679 608
232059 235679 608
232059 235679 608
232059 235679 608
232059 235679 608
240629 239045 609
240629 239045 609
240629 239045 609
240629 239045 609
240629 239045 609
240629 239045 609
240629 239045 609
240629 239045 609
240629 239045 609
240629 239045 609
240629 239045 609
240629 239045 609
240629 239045 609
203417 232046 610
203417 232046 610
203417 232046 610
203417 232046 610
203417 232046 610
203417 232046 610
203417 232046 610
203417 232046 610
203417 232046 610
203417 232046 610
203417 232046 610
203417 232046 610
203417 232046 610
289531 227020 611
289531 227020 611
289531 227020 611
289531 227020 611
289531 227020 611
289531 227020 611
289531 227020 611
289531 227020 611
289531 227020 611
289531 227020 611
289531 227020 611
289531 227020 611
289531 227020 611
175937 227077 612
175937 227077 612
175937 227077 612
175937 227077 612
175937 227077 612
175937 227077 612
175937 227077 612
175937 227077 612
175937 227077 612
175937 227077 612
175937 227077 612
175937 227077 612
242072 230167 612
242072 230167 612
242072 230167 612
242072 230167 612
242072 230167 612
242072 230167 612
242072 230167 612
242072 230167 612
242072 230167 612
242072 230167 612
242072 230167 612
242072 230167 612
199203 173814 613
199203 173814 613
199203 173814 613
199203 173814 613
199203 173814 613
199203 173814 613
199203 173814 613
199203 173814 613
199203 173814 613
199203 173814 613
199203 173814 613
199203 173814 613
199203 173814 613
282890 252655 613
282890 252655 613
282890 252655 613
282890 252655 613
282890 252655 613
282890 252655 613
282890 252655 613
282890 252655 613
282890 252655 613
282890 252655 613
282890 252655 613
282890 252655 613
282890 252655 613
227081 226753 614
227081 226753 614
227081 226753 614
227081 226753 614
227081 226753 614
227081 226753 614
227081 226753 614
227081 226753 614
227081 226753 614
227081 226753 614
227081 226753 614
227081 226753 614
227541 232694 614
227541 232694 614
227541 232694 614
227541 232694 614
227541 232694 614
227541 232694 614
227541 232694 614
227541 232694 614
227541 232694 614
227541 232694 614
227541 232694 614
227541 232694 614
227093 227302 615
227093 227302 615
227093 227302 615
227093 227302 615
227093 227302 615
227093 227302 615
227093 227302 615
227093 227302 615
227093 227302 615
227093 227302 615
227093 227302 615
227093 227302 615
227093 227302 615
231520 226968 616
231520 226968 616
231520 226968 616
231520 226968 616
231520 226968 616
231520 226968 616
231520 226968 616
231520 226968 616
231520 226968 616
231520 226968 616
231520 226968 616
231520 226968 616
226939 230167 616
226939 230167 616
226939 230167 616
226939 230167 616
226939 230167 616
226939 230167 616
226939 230167 616
226939 230167 616
226939 230167 616
226939 230167 616
226939 230167 616
226939 230167 616
226939 230167 616
227250 295206 618
227250 295206 618
227250 295206 618
227250 295206 618
227250 295206 618
227250 295206 618
227250 295206 618
227250 295206 618
227250 295206 618
227250 295206 618
227250 295206 618
227250 295206 618
227250 295206 618
247030 246066 621
247030 246066 621
247030 246066 621
247030 246066 621
247030 246066 621
247030 246066 621
247030 246066 621
247030 246066 621
247030 246066 621
247030 246066 621
247030 246066 621
247030 246066 621
247030 246066 621
246112 296107 622
246112 296107 622
246112 296107 622
246112 296107 622
246112 296107 622
246112 296107 622
246112 296107 622
246112 296107 622
246112 296107 622
246112 296107 622
246112 296107 622
246112 296107 622
246112 296107 622
230146 225681 623
230146 225681 623
230146 225681 623
230146 225681 623
230146 225681 623
230146 225681 623
230146 225681 623
230146 225681 623
230146 225681 623
230146 225681 623
230146 225681 623
230146 225681 623
230146 225681 623
245959 293645 624
245959 293645 624
245959 293645 624
245959 293645 624
245959 293645 624
245959 293645 624
245959 293645 624
245959 293645 624
245959 293645 624
245959 293645 624
245959 293645 624
245959 293645 624
235673 173801 624
235673 173801 624
235673 173801 624
235673 173801 624
235673 173801 624
235673 173801 624
235673 173801 624
235673 173801 624
235673 173801 624
235673 173801 624
235673 173801 624
235673 173801 624
187715 194355 627
187715 194355 627
187715 194355 627
187715 194355 627
187715 194355 627
187715 194355 627
187715 194355 627
187715 194355 627
187715 194355 627
187715 194355 627
187715 194355 627
187715 194355 627
187715 194355 627
285265 285119 627
285265 285119 627
285265 285119 627
285265 285119 627
285265 285119 627
285265 285119 627
285265 285119 627
285265 285119 627
285265 285119 627
285265 285119 627
285265 285119 627
285265 285119 627
193614 19032 627
193614 19032 627
193614 19032 627
193614 19032 627
193614 19032 627
193614 19032 627
193614 19032 627
193614 19032 627
193614 19032 627
193614 19032 627
193614 19032 627
193614 19032 627
228156 293112 628
228156 293112 628
228156 293112 628
228156 293112 628
228156 293112 628
228156 293112 628
228156 293112 628
228156 293112 628
228156 293112 628
228156 293112 628
228156 293112 628
228156 293112 628
243733 227532 628
243733 227532 628
243733 227532 628
243733 227532 628
243733 227532 628
243733 227532 628
243733 227532 628
243733 227532 628
243733 227532 628
243733 227532 628
243733 227532 628
243733 227532 628
243733 227532 628
230156 267921 629
230156 267921 629
230156 267921 629
230156 267921 629
230156 267921 629
230156 267921 629
230156 267921 629
230156 267921 629
230156 267921 629
230156 267921 629
230156 267921 629
230156 267921 629
150440 289744 629
150440 289744 629
150440 289744 629
150440 289744 629
150440 289744 629
150440 289744 629
150440 289744 629
150440 289744 629
150440 289744 629
150440 289744 629
150440 289744 629
150440 289744 629
150440 289744 629
189432 195316 629
189432 195316 629
189432 195316 629
189432 195316 629
189432 195316 629
189432 195316 629
189432 195316 629
189432 195316 629
189432 195316 629
189432 195316 629
189432 195316 629
189432 195316 629
237886 203445 629
237886 203445 629
237886 203445 629
237886 203445 629
237886 203445 629
237886 203445 629
237886 203445 629
237886 203445 629
237886 203445 629
237886 203445 629
237886 203445 629
237886 203445 629
231482 236519 629
231482 236519 629
231482 236519 629
231482 236519 629
231482 236519 629
231482 236519 629
231482 236519 629
231482 236519 629
231482 236519 629
231482 236519 629
231482 236519 629
231482 236519 629
233589 227826 629
233589 227826 629
233589 227826 629
233589 227826 629
233589 227826 629
233589 227826 629
233589 227826 629
233589 227826 629
233589 227826 629
233589 227826 629
233589 227826 629
233589 227826 629
233589 227826 629
237848 14941 630
237848 14941 630
237848 14941 630
237848 14941 630
237848 14941 630
237848 14941 630
237848 14941 630
237848 14941 630
237848 14941 630
237848 14941 630
237848 14941 630
237848 14941 630
235683 236898 630
235683 236898 630
235683 236898 630
235683 236898 630
235683 236898 630
235683 236898 630
235683 236898 630
235683 236898 630
235683 236898 630
235683 236898 630
235683 236898 630
235683 236898 630
235683 236898 630
238631 236506 630
238631 236506 630
238631 236506 630
238631 236506 630
238631 236506 630
238631 236506 630
238631 236506 630
238631 236506 630
238631 236506 630
238631 236506 630
238631 236506 630
238631 236506 630
238631 236506 630
193604 190951 630
193604 190951 630
193604 190951 630
193604 190951 630
193604 190951 630
193604 190951 630
193604 190951 630
193604 190951 630
193604 190951 630
193604 190951 630
193604 190951 630
193604 190951 630
193604 190951 630
236845 232694 631
236845 232694 631
236845 232694 631
236845 232694 631
236845 232694 631
236845 232694 631
236845 232694 631
236845 232694 631
236845 232694 631
236845 232694 631
236845 232694 631
236845 232694 631
236845 232694 631
237990 237732 632
237990 237732 632
237990 237732 632
237990 237732 632
237990 237732 632
237990 237732 632
237990 237732 632
237990 237732 632
237990 237732 632
237990 237732 632
237990 237732 632
237990 237732 632
237990 237732 632
242213 229867 632
242213 229867 632
242213 229867 632
242213 229867 632
242213 229867 632
242213 229867 632
242213 229867 632
242213 229867 632
242213 229867 632
242213 229867 632
242213 229867 632
242213 229867 632
242213 229867 632
236000 231864 632
236000 231864 632
236000 231864 632
236000 231864 632
236000 231864 632
236000 231864 632
236000 231864 632
236000 231864 632
236000 231864 632
236000 231864 632
236000 231864 632
236000 231864 632
185409 178306 632
185409 178306 632
185409 178306 632
185409 178306 632
185409 178306 632
185409 178306 632
185409 178306 632
185409 178306 632
185409 178306 632
185409 178306 632
185409 178306 632
185409 178306 632
170586 160250 632
170586 160250 632
170586 160250 632
170586 160250 632
170586 160250 632
170586 160250 632
170586 160250 632
170586 160250 632
170586 160250 632
170586 160250 632
170586 160250 632
170586 160250 632
170586 160250 632
228543 235855 633
228543 235855 633
228543 235855 633
228543 235855 633
228543 235855 633
228543 235855 633
228543 235855 633
228543 235855 633
228543 235855 633
228543 235855 633
228543 235855 633
228543 235855 633
228543 235855 633
151135 285273 633
151135 285273 633
151135 285273 633
151135 285273 633
151135 285273 633
151135 285273 633
151135 285273 633
151135 285273 633
151135 285273 633
151135 285273 633
151135 285273 633
151135 285273 633
151135 285273 633
237733 236480 634
237733 236480 634
237733 236480 634
237733 236480 634
237733 236480 634
237733 236480 634
237733 236480 634
237733 236480 634
237733 236480 634
237733 236480 634
237733 236480 634
237733 236480 634
225922 237873 634
225922 237873 634
225922 237873 634
225922 237873 634
225922 237873 634
225922 237873 634
225922 237873 634
225922 237873 634
225922 237873 634
225922 237873 634
225922 237873 634
225922 237873 634
225922 237873 634
160289 202023 635
160289 202023 635
160289 202023 635
160289 202023 635
160289 202023 635
160289 202023 635
160289 202023 635
160289 202023 635
160289 202023 635
160289 202023 635
160289 202023 635
160289 202023 635
160289 202023 635
246819 284638 636
246819 284638 636
246819 284638 636
246819 284638 636
246819 284638 636
246819 284638 636
246819 284638 636
246819 284638 636
246819 284638 636
246819 284638 636
246819 284638 636
246819 284638 636
188474 187711 636
188474 187711 636
188474 187711 636
188474 187711 636
188474 187711 636
188474 187711 636
188474 187711 636
188474 187711 636
188474 187711 636
188474 187711 636
188474 187711 636
188474 187711 636
188474 187711 636
230086 231018 636
230086 231018 636
230086 231018 636
230086 231018 636
230086 231018 636
230086 231018 636
230086 231018 636
230086 231018 636
230086 231018 636
230086 231018 636
230086 231018 636
230086 231018 636
230086 231018 636
193117 235938 637
193117 235938 637
193117 235938 637
193117 235938 637
193117 235938 637
193117 235938 637
193117 235938 637
193117 235938 637
193117 235938 637
193117 235938 637
193117 235938 637
193117 235938 637
235973 265920 637
235973 265920 637
235973 265920 637
235973 265920 637
235973 265920 637
235973 265920 637
235973 265920 637
235973 265920 637
235973 265920 637
235973 265920 637
235973 265920 637
235973 265920 637
235973 265920 637
174945 10377 637
174945 10377 637
174945 10377 637
174945 10377 637
174945 10377 637
174945 10377 637
174945 10377 637
174945 10377 637
174945 10377 637
174945 10377 637
174945 10377 637
174945 10377 637
174945 10377 637
173825 206270 638
173825 206270 638
173825 206270 638
173825 206270 638
173825 206270 638
173825 206270 638
173825 206270 638
173825 206270 638
173825 206270 638
173825 206270 638
173825 206270 638
173825 206270 638
173825 206270 638
231862 233461 639
231862 233461 639
231862 233461 639
231862 233461 639
231862 233461 639
231862 233461 639
231862 233461 639
231862 233461 639
231862 233461 639
231862 233461 639
231862 233461 639
231862 233461 639
235998 238721 639
235998 238721 639
235998 238721 639
235998 238721 639
235998 238721 639
235998 238721 639
235998 238721 639
235998 238721 639
235998 238721 639
235998 238721 639
235998 238721 639
235998 238721 639
235998 238721 639
190875 190781 640
190875 190781 640
190875 190781 640
190875 190781 640
190875 190781 640
190875 190781 640
190875 190781 640
190875 190781 640
190875 190781 640
190875 190781 640
190875 190781 640
190875 190781 640
238002 232500 641
238002 232500 641
238002 232500 641
238002 232500 641
238002 232500 641
238002 232500 641
238002 232500 641
238002 232500 641
238002 232500 641
238002 232500 641
238002 232500 641
238002 232500 641
191005 194603 641
191005 194603 641
191005 194603 641
191005 194603 641
191005 194603 641
191005 194603 641
191005 194603 641
191005 194603 641
191005 194603 641
191005 194603 641
191005 194603 641
191005 194603 641
191005 194603 641
292460 289101 642
292460 289101 642
292460 289101 642
292460 289101 642
292460 289101 642
292460 289101 642
292460 289101 642
292460 289101 642
292460 289101 642
292460 289101 642
292460 289101 642
292460 289101 642
292460 289101 642
14813 230957 642
14813 230957 642
14813 230957 642
14813 230957 642
14813 230957 642
14813 230957 642
14813 230957 642
14813 230957 642
14813 230957 642
14813 230957 642
14813 230957 642
14813 230957 642
285257 296526 642
285257 296526 642
285257 296526 642
285257 296526 642
285257 296526 642
285257 296526 642
285257 296526 642
285257 296526 642
285257 296526 642
285257 296526 642
285257 296526 642
285257 296526 642
176004 236089 642
176004 236089 642
176004 236089 642
176004 236089 642
176004 236089 642
176004 236089 642
176004 236089 642
176004 236089 642
176004 236089 642
176004 236089 642
176004 236089 642
176004 236089 642
176004 236089 642
292810 289038 644
292810 289038 644
292810 289038 644
292810 289038 644
292810 289038 644
292810 289038 644
292810 289038 644
292810 289038 644
292810 289038 644
292810 289038 644
292810 289038 644
292810 289038 644
194603 237927 644
194603 237927 644
194603 237927 644
194603 237927 644
194603 237927 644
194603 237927 644
194603 237927 644
194603 237927 644
194603 237927 644
194603 237927 644
194603 237927 644
194603 237927 644
186861 175935 645
186861 175935 645
186861 175935 645
186861 175935 645
186861 175935 645
186861 175935 645
186861 175935 645
186861 175935 645
186861 175935 645
186861 175935 645
186861 175935 645
186861 175935 645
186861 175935 645
237732 235959 645
237732 235959 645
237732 235959 645
237732 235959 645
237732 235959 645
237732 235959 645
237732 235959 645
237732 235959 645
237732 235959 645
237732 235959 645
237732 235959 645
237732 235959 645
225957 235690 646
225957 235690 646
225957 235690 646
225957 235690 646
225957 235690 646
225957 235690 646
225957 235690 646
225957 235690 646
225957 235690 646
225957 235690 646
225957 235690 646
225957 235690 646
225957 235690 646
226932 227689 647
226932 227689 647
226932 227689 647
226932 227689 647
226932 227689 647
226932 227689 647
226932 227689 647
226932 227689 647
226932 227689 647
226932 227689 647
226932 227689 647
226932 227689 647
226932 227689 647
284212 274607 648
284212 274607 648
284212 274607 648
284212 274607 648
284212 274607 648
284212 274607 648
284212 274607 648
284212 274607 648
284212 274607 648
284212 274607 648
284212 274607 648
284212 274607 648
284212 274607 648
151584 292455 650
151584 292455 650
151584 292455 650
151584 292455 650
151584 292455 650
151584 292455 650
151584 292455 650
151584 292455 650
151584 292455 650
151584 292455 650
151584 292455 650
151584 292455 650
151584 292455 650
201672 10590 651
201672 10590 651
201672 10590 651
201672 10590 651
201672 10590 651
201672 10590 651
201672 10590 651
201672 10590 651
201672 10590 651
201672 10590 651
201672 10590 651
201672 10590 651
201672 10590 651
246819 284638 652
246819 284638 652
246819 284638 652
246819 284638 652
246819 284638 652
246819 284638 652
246819 284638 652
246819 284638 652
246819 284638 652
246819 284638 652
246819 284638 652
246819 284638 652
209537 201801 652
209537 201801 652
209537 201801 652
209537 201801 652
209537 201801 652
209537 201801 652
209537 201801 652
209537 201801 652
209537 201801 652
209537 201801 652
209537 201801 652
209537 201801 652
209537 201801 652
190887 159653 654
190887 159653 654
190887 159653 654
190887 159653 654
190887 159653 654
190887 159653 654
190887 159653 654
190887 159653 654
190887 159653 654
190887 159653 654
190887 159653 654
190887 159653 654
190887 159653 654
190812 202613 655
190812 202613 655
190812 202613 655
190812 202613 655
190812 202613 655
190812 202613 655
190812 202613 655
190812 202613 655
190812 202613 655
190812 202613 655
190812 202613 655
190812 202613 655
190812 202613 655
256642 293353 656
256642 293353 656
256642 293353 656
256642 293353 656
256642 293353 656
256642 293353 656
256642 293353 656
256642 293353 656
256642 293353 656
256642 293353 656
256642 293353 656
256642 293353 656
239748 226433 657
239748 226433 657
239748 226433 657
239748 226433 657
239748 226433 657
239748 226433 657
239748 226433 657
239748 226433 657
239748 226433 657
239748 226433 657
239748 226433 657
239748 226433 657
239748 226433 657
285187 292810 658
285187 292810 658
285187 292810 658
285187 292810 658
285187 292810 658
285187 292810 658
285187 292810 658
285187 292810 658
285187 292810 658
285187 292810 658
285187 292810 658
285187 292810 658
285187 292810 658
231496 239823 658
231496 239823 658
231496 239823 658
231496 239823 658
231496 239823 658
231496 239823 658
231496 239823 658
231496 239823 658
231496 239823 658
231496 239823 658
231496 239823 658
231496 239823 658
160250 159605 659
160250 159605 659
160250 159605 659
160250 159605 659
160250 159605 659
160250 159605 659
160250 159605 659
160250 159605 659
160250 159605 659
160250 159605 659
160250 159605 659
160250 159605 659
288638 246086 659
288638 246086 659
288638 246086 659
288638 246086 659
288638 246086 659
288638 246086 659
288638 246086 659
288638 246086 659
288638 246086 659
288638 246086 659
288638 246086 659
288638 246086 659
225759 150281 659
225759 150281 659
225759 150281 659
225759 150281 659
225759 150281 659
225759 150281 659
225759 150281 659
225759 150281 659
225759 150281 659
225759 150281 659
225759 150281 659
225759 150281 659
225759 150281 659
195617 200264 659
195617 200264 659
195617 200264 659
195617 200264 659
195617 200264 659
195617 200264 659
195617 200264 659
195617 200264 659
195617 200264 659
195617 200264 659
195617 200264 659
195617 200264 659
194426 236065 660
194426 236065 660
194426 236065 660
194426 236065 660
194426 236065 660
194426 236065 660
194426 236065 660
194426 236065 660
194426 236065 660
194426 236065 660
194426 236065 660
194426 236065 660
236470 243449 661
236470 243449 661
236470 243449 661
236470 243449 661
236470 243449 661
236470 243449 661
236470 243449 661
236470 243449 661
236470 243449 661
236470 243449 661
236470 243449 661
236470 243449 661
236470 243449 661
242036 227540 661
242036 227540 661
242036 227540 661
242036 227540 661
242036 227540 661
242036 227540 661
242036 227540 661
242036 227540 661
242036 227540 661
242036 227540 661
242036 227540 661
242036 227540 661
242036 227540 661
226394 239748 662
226394 239748 662
226394 239748 662
226394 239748 662
226394 239748 662
226394 239748 662
226394 239748 662
226394 239748 662
226394 239748 662
226394 239748 662
226394 239748 662
226394 239748 662
226394 239748 662
225957 241874 662
225957 241874 662
225957 241874 662
225957 241874 662
225957 241874 662
225957 241874 662
225957 241874 662
225957 241874 662
225957 241874 662
225957 241874 662
225957 241874 662
225957 241874 662
287862 289167 664
287862 289167 664
287862 289167 664
287862 289167 664
287862 289167 664
287862 289167 664
287862 289167 664
287862 289167 664
287862 289167 664
287862 289167 664
287862 289167 664
287862 289167 664
287862 289167 664
291514 285187 665
291514 285187 665
291514 285187 665
291514 285187 665
291514 285187 665
291514 285187 665
291514 285187 665
291514 285187 665
291514 285187 665
291514 285187 665
291514 285187 665
291514 285187 665
291514 285187 665
151466 235977 666
151466 235977 666
151466 235977 666
151466 235977 666
151466 235977 666
151466 235977 666
151466 235977 666
151466 235977 666
151466 235977 666
151466 235977 666
151466 235977 666
151466 235977 666
151466 235977 666
242063 14812 667
242063 14812 667
242063 14812 667
242063 14812 667
242063 14812 667
242063 14812 667
242063 14812 667
242063 14812 667
242063 14812 667
242063 14812 667
242063 14812 667
242063 14812 667
242063 14812 667
282553 252670 667
282553 252670 667
282553 252670 667
282553 252670 667
282553 252670 667
282553 252670 667
282553 252670 667
282553 252670 667
282553 252670 667
282553 252670 667
282553 252670 667
282553 252670 667
10197 236898 667
10197 236898 667
10197 236898 667
10197 236898 667
10197 236898 667
10197 236898 667
10197 236898 667
10197 236898 667
10197 236898 667
10197 236898 667
10197 236898 667
10197 236898 667
10197 236898 667
235678 235127 669
235678 235127 669
235678 235127 669
235678 235127 669
235678 235127 669
235678 235127 669
235678 235127 669
235678 235127 669
235678 235127 669
235678 235127 669
235678 235127 669
235678 235127 669
11787 245943 670
11787 245943 670
11787 245943 670
11787 245943 670
11787 245943 670
11787 245943 670
11787 245943 670
11787 245943 670
11787 245943 670
11787 245943 670
11787 245943 670
11787 245943 670
245969 284635 671
245969 284635 671
245969 284635 671
245969 284635 671
245969 284635 671
245969 284635 671
245969 284635 671
245969 284635 671
245969 284635 671
245969 284635 671
245969 284635 671
245969 284635 671
245969 284635 671
228032 237660 671
228032 237660 671
228032 237660 671
228032 237660 671
228032 237660 671
228032 237660 671
228032 237660 671
228032 237660 671
228032 237660 671
228032 237660 671
228032 237660 671
228032 237660 671
242127 227547 671
242127 227547 671
242127 227547 671
242127 227547 671
242127 227547 671
242127 227547 671
242127 227547 671
242127 227547 671
242127 227547 671
242127 227547 671
242127 227547 671
242127 227547 671
242127 227547 671
235966 239235 672
235966 239235 672
235966 239235 672
235966 239235 672
235966 239235 672
235966 239235 672
235966 239235 672
235966 239235 672
235966 239235 672
235966 239235 672
235966 239235 672
235966 239235 672
235966 239235 672
227662 227531 673
227662 227531 673
227662 227531 673
227662 227531 673
227662 227531 673
227662 227531 673
227662 227531 673
227662 227531 673
227662 227531 673
227662 227531 673
227662 227531 673
227662 227531 673
235974 227081 674
235974 227081 674
235974 227081 674
235974 227081 674
235974 227081 674
235974 227081 674
235974 227081 674
235974 227081 674
235974 227081 674
235974 227081 674
235974 227081 674
235974 227081 674
293376 245933 674
293376 245933 674
293376 245933 674
293376 245933 674
293376 245933 674
293376 245933 674
293376 245933 674
293376 245933 674
293376 245933 674
293376 245933 674
293376 245933 674
293376 245933 674
293376 245933 674
190921 235673 676
190921 235673 676
190921 235673 676
190921 235673 676
190921 235673 676
190921 235673 676
190921 235673 676
190921 235673 676
190921 235673 676
190921 235673 676
190921 235673 676
190921 235673 676
190921 235673 676
248373 283968 677
248373 283968 677
248373 283968 677
248373 283968 677
248373 283968 677
248373 283968 677
248373 283968 677
248373 283968 677
248373 283968 677
248373 283968 677
248373 283968 677
248373 283968 677
228543 228165 677
228543 228165 677
228543 228165 677
228543 228165 677
228543 228165 677
228543 228165 677
228543 228165 677
228543 228165 677
228543 228165 677
228543 228165 677
228543 228165 677
228543 228165 677
228543 228165 677
242322 228105 678
242322 228105 678
242322 228105 678
242322 228105 678
242322 228105 678
242322 228105 678
242322 228105 678
242322 228105 678
242322 228105 678
242322 228105 678
242322 228105 678
242322 228105 678
208879 226981 679
208879 226981 679
208879 226981 679
208879 226981 679
208879 226981 679
208879 226981 679
208879 226981 679
208879 226981 679
208879 226981 679
208879 226981 679
208879 226981 679
208879 226981 679
208879 226981 679
202626 293362 680
202626 293362 680
202626 293362 680
202626 293362 680
202626 293362 680
202626 293362 680
202626 293362 680
202626 293362 680
202626 293362 680
202626 293362 680
202626 293362 680
202626 293362 680
202626 293362 680
246815 9117 681
246815 9117 681
246815 9117 681
246815 9117 681
246815 9117 681
246815 9117 681
246815 9117 681
246815 9117 681
246815 9117 681
246815 9117 681
246815 9117 681
246815 9117 681
210458 289731 682
210458 289731 682
210458 289731 682
210458 289731 682
210458 289731 682
210458 289731 682
210458 289731 682
210458 289731 682
210458 289731 682
210458 289731 682
210458 289731 682
210458 289731 682
210458 289731 682
281478 227046 682
281478 227046 682
281478 227046 682
281478 227046 682
281478 227046 682
281478 227046 682
281478 227046 682
281478 227046 682
281478 227046 682
281478 227046 682
281478 227046 682
281478 227046 682
281478 227046 682
124728 228156 682
124728 228156 682
124728 228156 682
124728 228156 682
124728 228156 682
124728 228156 682
124728 228156 682
124728 228156 682
124728 228156 682
124728 228156 682
124728 228156 682
124728 228156 682
9117 260482 683
9117 260482 683
9117 260482 683
9117 260482 683
9117 260482 683
9117 260482 683
9117 260482 683
9117 260482 683
9117 260482 683
9117 260482 683
9117 260482 683
9117 260482 683
204549 206285 683
204549 206285 683
204549 206285 683
204549 206285 683
204549 206285 683
204549 206285 683
204549 206285 683
204549 206285 683
204549 206285 683
204549 206285 683
204549 206285 683
204549 206285 683
204549 206285 683
294270 285578 685
294270 285578 685
294270 285578 685
294270 285578 685
294270 285578 685
294270 285578 685
294270 285578 685
294270 285578 685
294270 285578 685
294270 285578 685
294270 285578 685
294270 285578 685
294270 285578 685
292010 294270 686
292010 294270 686
292010 294270 686
292010 294270 686
292010 294270 686
292010 294270 686
292010 294270 686
292010 294270 686
292010 294270 686
292010 294270 686
292010 294270 686
292010 294270 686
292010 294270 686
239179 246116 687
239179 246116 687
239179 246116 687
239179 246116 687
239179 246116 687
239179 246116 687
239179 246116 687
239179 246116 687
239179 246116 687
239179 246116 687
239179 246116 687
239179 246116 687
262497 295184 687
262497 295184 687
262497 295184 687
262497 295184 687
262497 295184 687
262497 295184 687
262497 295184 687
262497 295184 687
262497 295184 687
262497 295184 687
262497 295184 687
262497 295184 687
262497 295184 687
246617 295185 687
246617 295185 687
246617 295185 687
246617 295185 687
246617 295185 687
246617 295185 687
246617 295185 687
246617 295185 687
246617 295185 687
246617 295185 687
246617 295185 687
246617 295185 687
193980 208266 687
193980 208266 687
193980 208266 687
193980 208266 687
193980 208266 687
193980 208266 687
193980 208266 687
193980 208266 687
193980 208266 687
193980 208266 687
193980 208266 687
193980 208266 687
265636 246070 688
265636 246070 688
265636 246070 688
265636 246070 688
265636 246070 688
265636 246070 688
265636 246070 688
265636 246070 688
265636 246070 688
265636 246070 688
265636 246070 688
265636 246070 688
265636 246070 688
291737 183779 689
291737 183779 689
291737 183779 689
291737 183779 689
291737 183779 689
291737 183779 689
291737 183779 689
291737 183779 689
291737 183779 689
291737 183779 689
291737 183779 689
291737 183779 689
291737 183779 689
290819 294547 691
290819 294547 691
290819 294547 691
290819 294547 691
290819 294547 691
290819 294547 691
290819 294547 691
290819 294547 691
290819 294547 691
290819 294547 691
290819 294547 691
290819 294547 691
247034 289032 692
247034 289032 692
247034 289032 692
247034 289032 692
247034 289032 692
247034 289032 692
247034 289032 692
247034 289032 692
247034 289032 692
247034 289032 692
247034 289032 692
247034 289032 692
247034 289032 692
237361 228395 692
237361 228395 692
237361 228395 692
237361 228395 692
237361 228395 692
237361 228395 692
237361 228395 692
237361 228395 692
237361 228395 692
237361 228395 692
237361 228395 692
237361 228395 692
231268 225759 693
231268 225759 693
231268 225759 693
231268 225759 693
231268 225759 693
231268 225759 693
231268 225759 693
231268 225759 693
231268 225759 693
231268 225759 693
231268 225759 693
231268 225759 693
239179 289527 694
239179 289527 694
239179 289527 694
239179 289527 694
239179 289527 694
239179 289527 694
239179 289527 694
239179 289527 694
239179 289527 694
239179 289527 694
239179 289527 694
239179 289527 694
239179 289527 694
289032 291472 694
289032 291472 694
289032 291472 694
289032 291472 694
289032 291472 694
289032 291472 694
289032 291472 694
289032 291472 694
289032 291472 694
289032 291472 694
289032 291472 694
289032 291472 694
284247 230067 694
284247 230067 694
284247 230067 694
284247 230067 694
284247 230067 694
284247 230067 694
284247 230067 694
284247 230067 694
284247 230067 694
284247 230067 694
284247 230067 694
284247 230067 694
284247 230067 694
227253 296545 696
227253 296545 696
227253 296545 696
227253 296545 696
227253 296545 696
227253 296545 696
227253 296545 696
227253 296545 696
227253 296545 696
227253 296545 696
227253 296545 696
227253 296545 696
227253 296545 696
285355 14921 697
285355 14921 697
285355 14921 697
285355 14921 697
285355 14921 697
285355 14921 697
285355 14921 697
285355 14921 697
285355 14921 697
285355 14921 697
285355 14921 697
285355 14921 697
285355 14921 697
193059 198597 699
193059 198597 699
193059 198597 699
193059 198597 699
193059 198597 699
193059 198597 699
193059 198597 699
193059 198597 699
193059 198597 699
193059 198597 699
193059 198597 699
193059 198597 699
193059 198597 699
238519 236833 699
238519 236833 699
238519 236833 699
238519 236833 699
238519 236833 699
238519 236833 699
238519 236833 699
238519 236833 699
238519 236833 699
238519 236833 699
238519 236833 699
238519 236833 699
289042 245978 700
289042 245978 700
289042 245978 700
289042 245978 700
289042 245978 700
289042 245978 700
289042 245978 700
289042 245978 700
289042 245978 700
289042 245978 700
289042 245978 700
289042 245978 700
289042 245978 700
287863 234712 701
287863 234712 701
287863 234712 701
287863 234712 701
287863 234712 701
287863 234712 701
287863 234712 701
287863 234712 701
287863 234712 701
287863 234712 701
287863 234712 701
287863 234712 701
183779 202872 701
183779 202872 701
183779 202872 701
183779 202872 701
183779 202872 701
183779 202872 701
183779 202872 701
183779 202872 701
183779 202872 701
183779 202872 701
183779 202872 701
183779 202872 701
292455 285658 702
292455 285658 702
292455 285658 702
292455 285658 702
292455 285658 702
292455 285658 702
292455 285658 702
292455 285658 702
292455 285658 702
292455 285658 702
292455 285658 702
292455 285658 702
227053 246116 703
227053 246116 703
227053 246116 703
227053 246116 703
227053 246116 703
227053 246116 703
227053 246116 703
227053 246116 703
227053 246116 703
227053 246116 703
227053 246116 703
227053 246116 703
227053 246116 703
235790 293378 703
235790 293378 703
235790 293378 703
235790 293378 703
235790 293378 703
235790 293378 703
235790 293378 703
235790 293378 703
235790 293378 703
235790 293378 703
235790 293378 703
235790 293378 703
235790 293378 703
227081 229521 703
227081 229521 703
227081 229521 703
227081 229521 703
227081 229521 703
227081 229521 703
227081 229521 703
227081 229521 703
227081 229521 703
227081 229521 703
227081 229521 703
227081 229521 703
183756 208266 705
183756 208266 705
183756 208266 705
183756 208266 705
183756 208266 705
183756 208266 705
183756 208266 705
183756 208266 705
183756 208266 705
183756 208266 705
183756 208266 705
183756 208266 705
183756 208266 705
227260 242072 705
227260 242072 705
227260 242072 705
227260 242072 705
227260 242072 705
227260 242072 705
227260 242072 705
227260 242072 705
227260 242072 705
227260 242072 705
227260 242072 705
227260 242072 705
227260 242072 705
190921 189432 706
190921 189432 706
190921 189432 706
190921 189432 706
190921 189432 706
190921 189432 706
190921 189432 706
190921 189432 706
190921 189432 706
190921 189432 706
190921 189432 706
190921 189432 706
190921 189432 706
242322 231862 707
242322 231862 707
242322 231862 707
242322 231862 707
242322 231862 707
242322 231862 707
242322 231862 707
242322 231862 707
242322 231862 707
242322 231862 707
242322 231862 707
242322 231862 707
242322 231862 707
284258 289058 707
284258 289058 707
284258 289058 707
284258 289058 707
284258 289058 707
284258 289058 707
284258 289058 707
284258 289058 707
284258 289058 707
284258 289058 707
284258 289058 707
284258 289058 707
252007 236897 708
252007 236897 708
252007 236897 708
252007 236897 708
252007 236897 708
252007 236897 708
252007 236897 708
252007 236897 708
252007 236897 708
252007 236897 708
252007 236897 708
252007 236897 708
225846 226455 710
225846 226455 710
225846 226455 710
225846 226455 710
225846 226455 710
225846 226455 710
225846 226455 710
225846 226455 710
225846 226455 710
225846 226455 710
225846 226455 710
225846 226455 710
225846 226455 710
284684 209660 710
284684 209660 710
284684 209660 710
284684 209660 710
284684 209660 710
284684 209660 710
284684 209660 710
284684 209660 710
284684 209660 710
284684 209660 710
284684 209660 710
284684 209660 710
284684 209660 710
184454 187723 711
184454 187723 711
184454 187723 711
184454 187723 711
184454 187723 711
184454 187723 711
184454 187723 711
184454 187723 711
184454 187723 711
184454 187723 711
184454 187723 711
184454 187723 711
184454 187723 711
252698 292030 712
252698 292030 712
252698 292030 712
252698 292030 712
252698 292030 712
252698 292030 712
252698 292030 712
252698 292030 712
252698 292030 712
252698 292030 712
252698 292030 712
252698 292030 712
252698 292030 712
195499 14776 713
195499 14776 713
195499 14776 713
195499 14776 713
195499 14776 713
195499 14776 713
195499 14776 713
195499 14776 713
195499 14776 713
195499 14776 713
195499 14776 713
195499 14776 713
236925 11777 713
236925 11777 713
236925 11777 713
236925 11777 713
236925 11777 713
236925 11777 713
236925 11777 713
236925 11777 713
236925 11777 713
236925 11777 713
236925 11777 713
236925 11777 713
236925 11777 713
193627 173825 713
193627 173825 713
193627 173825 713
193627 173825 713
193627 173825 713
193627 173825 713
193627 173825 713
193627 173825 713
193627 173825 713
193627 173825 713
193627 173825 713
193627 173825 713
193627 173825 713
206099 184794 714
206099 184794 714
206099 184794 714
206099 184794 714
206099 184794 714
206099 184794 714
206099 184794 714
206099 184794 714
206099 184794 714
206099 184794 714
206099 184794 714
206099 184794 714
227689 228193 716
227689 228193 716
227689 228193 716
227689 228193 716
227689 228193 716
227689 228193 716
227689 228193 716
227689 228193 716
227689 228193 716
227689 228193 716
227689 228193 716
227689 228193 716
227689 228193 716
175913 159652 717
175913 159652 717
175913 159652 717
175913 159652 717
175913 159652 717
175913 159652 717
175913 159652 717
175913 159652 717
175913 159652 717
175913 159652 717
175913 159652 717
175913 159652 717
175913 159652 717
241948 235990 717
241948 235990 717
241948 235990 717
241948 235990 717
241948 235990 717
241948 235990 717
241948 235990 717
241948 235990 717
241948 235990 717
241948 235990 717
241948 235990 717
241948 235990 717
241948 235990 717
10598 196319 718
10598 196319 718
10598 196319 718
10598 196319 718
10598 196319 718
10598 196319 718
10598 196319 718
10598 196319 718
10598 196319 718
10598 196319 718
10598 196319 718
10598 196319 718
231235 232832 718
231235 232832 718
231235 232832 718
231235 232832 718
231235 232832 718
231235 232832 718
231235 232832 718
231235 232832 718
231235 232832 718
231235 232832 718
231235 232832 718
231235 232832 718
231235 232832 718
235974 14800 721
235974 14800 721
235974 14800 721
235974 14800 721
235974 14800 721
235974 14800 721
235974 14800 721
235974 14800 721
235974 14800 721
235974 14800 721
235974 14800 721
235974 14800 721
190964 11013 721
190964 11013 721
190964 11013 721
190964 11013 721
190964 11013 721
190964 11013 721
190964 11013 721
190964 11013 721
190964 11013 721
190964 11013 721
190964 11013 721
190964 11013 721
190964 11013 721
191032 194390 722
191032 194390 722
191032 194390 722
191032 194390 722
191032 194390 722
191032 194390 722
191032 194390 722
191032 194390 722
191032 194390 722
191032 194390 722
191032 194390 722
191032 194390 722
265906 285468 726
265906 285468 726
265906 285468 726
265906 285468 726
265906 285468 726
265906 285468 726
265906 285468 726
265906 285468 726
265906 285468 726
265906 285468 726
265906 285468 726
265906 285468 726
228107 268490 726
228107 268490 726
228107 268490 726
228107 268490 726
228107 268490 726
228107 268490 726
228107 268490 726
228107 268490 726
228107 268490 726
228107 268490 726
228107 268490 726
228107 268490 726
228107 268490 726
194390 240657 727
194390 240657 727
194390 240657 727
194390 240657 727
194390 240657 727
194390 240657 727
194390 240657 727
194390 240657 727
194390 240657 727
194390 240657 727
194390 240657 727
194390 240657 727
194390 240657 727
240657 236108 729
240657 236108 729
240657 236108 729
240657 236108 729
240657 236108 729
240657 236108 729
240657 236108 729
240657 236108 729
240657 236108 729
240657 236108 729
240657 236108 729
240657 236108 729
240657 236108 729
186841 183754 729
186841 183754 729
186841 183754 729
186841 183754 729
186841 183754 729
186841 183754 729
186841 183754 729
186841 183754 729
186841 183754 729
186841 183754 729
186841 183754 729
186841 183754 729
176253 204228 730
176253 204228 730
176253 204228 730
176253 204228 730
176253 204228 730
176253 204228 730
176253 204228 730
176253 204228 730
176253 204228 730
176253 204228 730
176253 204228 730
176253 204228 730
176253 204228 730
190419 201794 732
190419 201794 732
190419 201794 732
190419 201794 732
190419 201794 732
190419 201794 732
190419 201794 732
190419 201794 732
190419 201794 732
190419 201794 732
190419 201794 732
190419 201794 732
289527 285243 732
289527 285243 732
289527 285243 732
289527 285243 732
289527 285243 732
289527 285243 732
289527 285243 732
289527 285243 732
289527 285243 732
289527 285243 732
289527 285243 732
289527 285243 732
289527 285243 732
237927 237861 733
237927 237861 733
237927 237861 733
237927 237861 733
237927 237861 733
237927 237861 733
237927 237861 733
237927 237861 733
237927 237861 733
237927 237861 733
237927 237861 733
237927 237861 733
237927 237861 733
236876 230917 733
236876 230917 733
236876 230917 733
236876 230917 733
236876 230917 733
236876 230917 733
236876 230917 733
236876 230917 733
236876 230917 733
236876 230917 733
236876 230917 733
236876 230917 733
236876 230917 733
246111 285314 734
246111 285314 734
246111 285314 734
246111 285314 734
246111 285314 734
246111 285314 734
246111 285314 734
246111 285314 734
246111 285314 734
246111 285314 734
246111 285314 734
246111 285314 734
246111 285314 734
201794 188474 735
201794 188474 735
201794 188474 735
201794 188474 735
201794 188474 735
201794 188474 735
201794 188474 735
201794 188474 735
201794 188474 735
201794 188474 735
201794 188474 735
201794 188474 735
201794 188474 735
184462 174945 736
184462 174945 736
184462 174945 736
184462 174945 736
184462 174945 736
184462 174945 736
184462 174945 736
184462 174945 736
184462 174945 736
184462 174945 736
184462 174945 736
184462 174945 736
184462 174945 736
174935 190918 741
174935 190918 741
174935 190918 741
174935 190918 741
174935 190918 741
174935 190918 741
174935 190918 741
174935 190918 741
174935 190918 741
174935 190918 741
174935 190918 741
174935 190918 741
126481 188462 741
126481 188462 741
126481 188462 741
126481 188462 741
126481 188462 741
126481 188462 741
126481 188462 741
126481 188462 741
126481 188462 741
126481 188462 741
126481 188462 741
126481 188462 741
126481 188462 741
226433 229775 741
226433 229775 741
226433 229775 741
226433 229775 741
226433 229775 741
226433 229775 741
226433 229775 741
226433 229775 741
226433 229775 741
226433 229775 741
226433 229775 741
226433 229775 741
11430 215706 742
11430 215706 742
11430 215706 742
11430 215706 742
11430 215706 742
11430 215706 742
11430 215706 742
11430 215706 742
11430 215706 742
11430 215706 742
11430 215706 742
11430 215706 742
11430 215706 742
294124 285273 743
294124 285273 743
294124 285273 743
294124 285273 743
294124 285273 743
294124 285273 743
294124 285273 743
294124 285273 743
294124 285273 743
294124 285273 743
294124 285273 743
294124 285273 743
294124 285273 743
295156 284631 743
295156 284631 743
295156 284631 743
295156 284631 743
295156 284631 743
295156 284631 743
295156 284631 743
295156 284631 743
295156 284631 743
295156 284631 743
295156 284631 743
295156 284631 743
295156 284631 743
236017 226968 744
236017 226968 744
236017 226968 744
236017 226968 744
236017 226968 744
236017 226968 744
236017 226968 744
236017 226968 744
236017 226968 744
236017 226968 744
236017 226968 744
236017 226968 744
236017 226968 744
233585 236836 744
233585 236836 744
233585 236836 744
233585 236836 744
233585 236836 744
233585 236836 744
233585 236836 744
233585 236836 744
233585 236836 744
233585 236836 744
233585 236836 744
233585 236836 744
194388 204228 745
194388 204228 745
194388 204228 745
194388 204228 745
194388 204228 745
194388 204228 745
194388 204228 745
194388 204228 745
194388 204228 745
194388 204228 745
194388 204228 745
194388 204228 745
250559 245972 747
250559 245972 747
250559 245972 747
250559 245972 747
250559 245972 747
250559 245972 747
250559 245972 747
250559 245972 747
250559 245972 747
250559 245972 747
250559 245972 747
250559 245972 747
250559 245972 747
284632 245999 747
284632 245999 747
284632 245999 747
284632 245999 747
284632 245999 747
284632 245999 747
284632 245999 747
284632 245999 747
284632 245999 747
284632 245999 747
284632 245999 747
284632 245999 747
284632 245999 747
243708 236830 747
243708 236830 747
243708 236830 747
243708 236830 747
243708 236830 747
243708 236830 747
243708 236830 747
243708 236830 747
243708 236830 747
243708 236830 747
243708 236830 747
243708 236830 747
243708 236830 747
295080 245972 748
295080 245972 748
295080 245972 748
295080 245972 748
295080 245972 748
295080 245972 748
295080 245972 748
295080 245972 748
295080 245972 748
295080 245972 748
295080 245972 748
295080 245972 748
295080 245972 748
228472 227556 748
228472 227556 748
228472 227556 748
228472 227556 748
228472 227556 748
228472 227556 748
228472 227556 748
228472 227556 748
228472 227556 748
228472 227556 748
228472 227556 748
228472 227556 748
228472 227556 748
186752 285455 748
186752 285455 748
186752 285455 748
186752 285455 748
186752 285455 748
186752 285455 748
186752 285455 748
186752 285455 748
186752 285455 748
186752 285455 748
186752 285455 748
186752 285455 748
186752 285455 748
227827 262522 749
227827 262522 749
227827 262522 749
227827 262522 749
227827 262522 749
227827 262522 749
227827 262522 749
227827 262522 749
227827 262522 749
227827 262522 749
227827 262522 749
227827 262522 749
227827 262522 749
193636 232030 750
193636 232030 750
193636 232030 750
193636 232030 750
193636 232030 750
193636 232030 750
193636 232030 750
193636 232030 750
193636 232030 750
193636 232030 750
193636 232030 750
193636 232030 750
193636 232030 750
226475 228013 751
226475 228013 751
226475 228013 751
226475 228013 751
226475 228013 751
226475 228013 751
226475 228013 751
226475 228013 751
226475 228013 751
226475 228013 751
226475 228013 751
226475 228013 751
226475 228013 751
230119 284247 751
230119 284247 751
230119 284247 751
230119 284247 751
230119 284247 751
230119 284247 751
230119 284247 751
230119 284247 751
230119 284247 751
230119 284247 751
230119 284247 751
230119 284247 751
285346 226976 753
285346 226976 753
285346 226976 753
285346 226976 753
285346 226976 753
285346 226976 753
285346 226976 753
285346 226976 753
285346 226976 753
285346 226976 753
285346 226976 753
285346 226976 753
176089 153037 755
176089 153037 755
176089 153037 755
176089 153037 755
176089 153037 755
176089 153037 755
176089 153037 755
176089 153037 755
176089 153037 755
176089 153037 755
176089 153037 755
176089 153037 755
176089 153037 755
231864 243463 755
231864 243463 755
231864 243463 755
231864 243463 755
231864 243463 755
231864 243463 755
231864 243463 755
231864 243463 755
231864 243463 755
231864 243463 755
231864 243463 755
231864 243463 755
293376 268889 756
293376 268889 756
293376 268889 756
293376 268889 756
293376 268889 756
293376 268889 756
293376 268889 756
293376 268889 756
293376 268889 756
293376 268889 756
293376 268889 756
293376 268889 756
227063 236923 756
227063 236923 756
227063 236923 756
227063 236923 756
227063 236923 756
227063 236923 756
227063 236923 756
227063 236923 756
227063 236923 756
227063 236923 756
227063 236923 756
227063 236923 756
219709 186830 759
219709 186830 759
219709 186830 759
219709 186830 759
219709 186830 759
219709 186830 759
219709 186830 759
219709 186830 759
219709 186830 759
219709 186830 759
219709 186830 759
219709 186830 759
208274 188459 760
208274 188459 760
208274 188459 760
208274 188459 760
208274 188459 760
208274 188459 760
208274 188459 760
208274 188459 760
208274 188459 760
208274 188459 760
208274 188459 760
208274 188459 760
250582 285260 760
250582 285260 760
250582 285260 760
250582 285260 760
250582 285260 760
250582 285260 760
250582 285260 760
250582 285260 760
250582 285260 760
250582 285260 760
250582 285260 760
250582 285260 760
245978 184803 760
245978 184803 760
245978 184803 760
245978 184803 760
245978 184803 760
245978 184803 760
245978 184803 760
245978 184803 760
245978 184803 760
245978 184803 760
245978 184803 760
245978 184803 760
245978 184803 760
269983 250622 762
269983 250622 762
269983 250622 762
269983 250622 762
269983 250622 762
269983 250622 762
269983 250622 762
269983 250622 762
269983 250622 762
269983 250622 762
269983 250622 762
269983 250622 762
228058 234195 763
228058 234195 763
228058 234195 763
228058 234195 763
228058 234195 763
228058 234195 763
228058 234195 763
228058 234195 763
228058 234195 763
228058 234195 763
228058 234195 763
228058 234195 763
243704 226771 763
243704 226771 763
243704 226771 763
243704 226771 763
243704 226771 763
243704 226771 763
243704 226771 763
243704 226771 763
243704 226771 763
243704 226771 763
243704 226771 763
243704 226771 763
243704 226771 763
192944 159653 764
192944 159653 764
192944 159653 764
192944 159653 764
192944 159653 764
192944 159653 764
192944 159653 764
192944 159653 764
192944 159653 764
192944 159653 764
192944 159653 764
192944 159653 764
204228 236065 764
204228 236065 764
204228 236065 764
204228 236065 764
204228 236065 764
204228 236065 764
204228 236065 764
204228 236065 764
204228 236065 764
204228 236065 764
204228 236065 764
204228 236065 764
173843 249343 765
173843 249343 765
173843 249343 765
173843 249343 765
173843 249343 765
173843 249343 765
173843 249343 765
173843 249343 765
173843 249343 765
173843 249343 765
173843 249343 765
173843 249343 765
228032 242543 767
228032 242543 767
228032 242543 767
228032 242543 767
228032 242543 767
228032 242543 767
228032 242543 767
228032 242543 767
228032 242543 767
228032 242543 767
228032 242543 767
228032 242543 767
228032 242543 767
232360 227866 768
232360 227866 768
232360 227866 768
232360 227866 768
232360 227866 768
232360 227866 768
232360 227866 768
232360 227866 768
232360 227866 768
232360 227866 768
232360 227866 768
232360 227866 768
232360 227866 768
225940 187716 768
225940 187716 768
225940 187716 768
225940 187716 768
225940 187716 768
225940 187716 768
225940 187716 768
225940 187716 768
225940 187716 768
225940 187716 768
225940 187716 768
225940 187716 768
225940 187716 768
233589 225957 768
233589 225957 768
233589 225957 768
233589 225957 768
233589 225957 768
233589 225957 768
233589 225957 768
233589 225957 768
233589 225957 768
233589 225957 768
233589 225957 768
233589 225957 768
227215 188465 768
227215 188465 768
227215 188465 768
227215 188465 768
227215 188465 768
227215 188465 768
227215 188465 768
227215 188465 768
227215 188465 768
227215 188465 768
227215 188465 768
227215 188465 768
242213 229867 771
242213 229867 771
242213 229867 771
242213 229867 771
242213 229867 771
242213 229867 771
242213 229867 771
242213 229867 771
242213 229867 771
242213 229867 771
242213 229867 771
242213 229867 771
242213 229867 771
228445 236400 771
228445 236400 771
228445 236400 771
228445 236400 771
228445 236400 771
228445 236400 771
228445 236400 771
228445 236400 771
228445 236400 771
228445 236400 771
228445 236400 771
228445 236400 771
228445 236400 771
227541 242036 771
227541 242036 771
227541 242036 771
227541 242036 771
227541 242036 771
227541 242036 771
227541 242036 771
227541 242036 771
227541 242036 771
227541 242036 771
227541 242036 771
227541 242036 771
227541 242036 771
235683 237873 772
235683 237873 772
235683 237873 772
235683 237873 772
235683 237873 772
235683 237873 772
235683 237873 772
235683 237873 772
235683 237873 772
235683 237873 772
235683 237873 772
235683 237873 772
14794 243536 774
14794 243536 774
14794 243536 774
14794 243536 774
14794 243536 774
14794 243536 774
14794 243536 774
14794 243536 774
14794 243536 774
14794 243536 774
14794 243536 774
14794 243536 774
14794 243536 774
184794 288557 774
184794 288557 774
184794 288557 774
184794 288557 774
184794 288557 774
184794 288557 774
184794 288557 774
184794 288557 774
184794 288557 774
184794 288557 774
184794 288557 774
184794 288557 774
184794 288557 774
265637 248372 775
265637 248372 775
265637 248372 775
265637 248372 775
265637 248372 775
265637 248372 775
265637 248372 775
265637 248372 775
265637 248372 775
265637 248372 775
265637 248372 775
265637 248372 775
265637 248372 775
246116 266117 777
246116 266117 777
246116 266117 777
246116 266117 777
246116 266117 777
246116 266117 777
246116 266117 777
246116 266117 777
246116 266117 777
246116 266117 777
246116 266117 777
246116 266117 777
243947 238416 781
243947 238416 781
243947 238416 781
243947 238416 781
243947 238416 781
243947 238416 781
243947 238416 781
243947 238416 781
243947 238416 781
243947 238416 781
243947 238416 781
243947 238416 781
250536 282552 783
250536 282552 783
250536 282552 783
250536 282552 783
250536 282552 783
250536 282552 783
250536 282552 783
250536 282552 783
250536 282552 783
250536 282552 783
250536 282552 783
250536 282552 783
250536 282552 783
291376 286614 783
291376 286614 783
291376 286614 783
291376 286614 783
291376 286614 783
291376 286614 783
291376 286614 783
291376 286614 783
291376 286614 783
291376 286614 783
291376 286614 783
291376 286614 783
291376 286614 783
295185 292432 785
295185 292432 785
295185 292432 785
295185 292432 785
295185 292432 785
295185 292432 785
295185 292432 785
295185 292432 785
295185 292432 785
295185 292432 785
295185 292432 785
295185 292432 785
187716 9247 785
187716 9247 785
187716 9247 785
187716 9247 785
187716 9247 785
187716 9247 785
187716 9247 785
187716 9247 785
187716 9247 785
187716 9247 785
187716 9247 785
187716 9247 785
290810 236838 785
290810 236838 785
290810 236838 785
290810 236838 785
290810 236838 785
290810 236838 785
290810 236838 785
290810 236838 785
290810 236838 785
290810 236838 785
290810 236838 785
290810 236838 785
290810 236838 785
270405 262450 786
270405 262450 786
270405 262450 786
270405 262450 786
270405 262450 786
270405 262450 786
270405 262450 786
270405 262450 786
270405 262450 786
270405 262450 786
270405 262450 786
270405 262450 786
270405 262450 786
196158 190873 789
196158 190873 789
196158 190873 789
196158 190873 789
196158 190873 789
196158 190873 789
196158 190873 789
196158 190873 789
196158 190873 789
196158 190873 789
196158 190873 789
196158 190873 789
196158 190873 789
289150 291455 789
289150 291455 789
289150 291455 789
289150 291455 789
289150 291455 789
289150 291455 789
289150 291455 789
289150 291455 789
289150 291455 789
289150 291455 789
289150 291455 789
289150 291455 789
289150 291455 789
227084 203404 790
227084 203404 790
227084 203404 790
227084 203404 790
227084 203404 790
227084 203404 790
227084 203404 790
227084 203404 790
227084 203404 790
227084 203404 790
227084 203404 790
227084 203404 790
227084 203404 790
160292 208274 792
160292 208274 792
160292 208274 792
160292 208274 792
160292 208274 792
160292 208274 792
160292 208274 792
160292 208274 792
160292 208274 792
160292 208274 792
160292 208274 792
160292 208274 792
160292 208274 792
190762 195018 793
190762 195018 793
190762 195018 793
190762 195018 793
190762 195018 793
190762 195018 793
190762 195018 793
190762 195018 793
190762 195018 793
190762 195018 793
190762 195018 793
190762 195018 793
190762 195018 793
235982 237101 795
235982 237101 795
235982 237101 795
235982 237101 795
235982 237101 795
235982 237101 795
235982 237101 795
235982 237101 795
235982 237101 795
235982 237101 795
235982 237101 795
235982 237101 795
191589 176168 796
191589 176168 796
191589 176168 796
191589 176168 796
191589 176168 796
191589 176168 796
191589 176168 796
191589 176168 796
191589 176168 796
191589 176168 796
191589 176168 796
191589 176168 796
233608 227071 800
233608 227071 800
233608 227071 800
233608 227071 800
233608 227071 800
233608 227071 800
233608 227071 800
233608 227071 800
233608 227071 800
233608 227071 800
233608 227071 800
233608 227071 800
243622 151103 800
243622 151103 800
243622 151103 800
243622 151103 800
243622 151103 800
243622 151103 800
243622 151103 800
243622 151103 800
243622 151103 800
243622 151103 800
243622 151103 800
243622 151103 800
243622 151103 800
235974 236478 801
235974 236478 801
235974 236478 801
235974 236478 801
235974 236478 801
235974 236478 801
235974 236478 801
235974 236478 801
235974 236478 801
235974 236478 801
235974 236478 801
235974 236478 801
235974 236478 801
233456 232189 801
233456 232189 801
233456 232189 801
233456 232189 801
233456 232189 801
233456 232189 801
233456 232189 801
233456 232189 801
233456 232189 801
233456 232189 801
233456 232189 801
233456 232189 801
10599 191600 802
10599 191600 802
10599 191600 802
10599 191600 802
10599 191600 802
10599 191600 802
10599 191600 802
10599 191600 802
10599 191600 802
10599 191600 802
10599 191600 802
10599 191600 802
191674 9247 802
191674 9247 802
191674 9247 802
191674 9247 802
191674 9247 802
191674 9247 802
191674 9247 802
191674 9247 802
191674 9247 802
191674 9247 802
191674 9247 802
191674 9247 802
191674 9247 802
176237 238640 802
176237 238640 802
176237 238640 802
176237 238640 802
176237 238640 802
176237 238640 802
176237 238640 802
176237 238640 802
176237 238640 802
176237 238640 802
176237 238640 802
176237 238640 802
19032 193610 803
19032 193610 803
19032 193610 803
19032 193610 803
19032 193610 803
19032 193610 803
19032 193610 803
19032 193610 803
19032 193610 803
19032 193610 803
19032 193610 803
19032 193610 803
19032 193610 803
236478 173806 803
236478 173806 803
236478 173806 803
236478 173806 803
236478 173806 803
236478 173806 803
236478 173806 803
236478 173806 803
236478 173806 803
236478 173806 803
236478 173806 803
236478 173806 803
236478 173806 803
252698 235658 804
252698 235658 804
252698 235658 804
252698 235658 804
252698 235658 804
252698 235658 804
252698 235658 804
252698 235658 804
252698 235658 804
252698 235658 804
252698 235658 804
252698 235658 804
252698 235658 804
237942 243615 804
237942 243615 804
237942 243615 804
237942 243615 804
237942 243615 804
237942 243615 804
237942 243615 804
237942 243615 804
237942 243615 804
237942 243615 804
237942 243615 804
237942 243615 804
236476 291733 804
236476 291733 804
236476 291733 804
236476 291733 804
236476 291733 804
236476 291733 804
236476 291733 804
236476 291733 804
236476 291733 804
236476 291733 804
236476 291733 804
236476 291733 804
256655 285169 805
256655 285169 805
256655 285169 805
256655 285169 805
256655 285169 805
256655 285169 805
256655 285169 805
256655 285169 805
256655 285169 805
256655 285169 805
256655 285169 805
256655 285169 805
289524 246090 805
289524 246090 805
289524 246090 805
289524 246090 805
289524 246090 805
289524 246090 805
289524 246090 805
289524 246090 805
289524 246090 805
289524 246090 805
289524 246090 805
289524 246090 805
151112 227986 806
151112 227986 806
151112 227986 806
151112 227986 806
151112 227986 806
151112 227986 806
151112 227986 806
151112 227986 806
151112 227986 806
151112 227986 806
151112 227986 806
151112 227986 806
187716 175937 807
187716 175937 807
187716 175937 807
187716 175937 807
187716 175937 807
187716 175937 807
187716 175937 807
187716 175937 807
187716 175937 807
187716 175937 807
187716 175937 807
187716 175937 807
187716 175937 807
196315 199189 809
196315 199189 809
196315 199189 809
196315 199189 809
196315 199189 809
196315 199189 809
196315 199189 809
196315 199189 809
196315 199189 809
196315 199189 809
196315 199189 809
196315 199189 809
242036 230206 812
242036 230206 812
242036 230206 812
242036 230206 812
242036 230206 812
242036 230206 812
242036 230206 812
242036 230206 812
242036 230206 812
242036 230206 812
242036 230206 812
242036 230206 812
242036 230206 812
241489 238418 815
241489 238418 815
241489 238418 815
241489 238418 815
241489 238418 815
241489 238418 815
241489 238418 815
241489 238418 815
241489 238418 815
241489 238418 815
241489 238418 815
241489 238418 815
290121 242336 818
290121 242336 818
290121 242336 818
290121 242336 818
290121 242336 818
290121 242336 818
290121 242336 818
290121 242336 818
290121 242336 818
290121 242336 818
290121 242336 818
290121 242336 818
284632 228154 819
284632 228154 819
284632 228154 819
284632 228154 819
284632 228154 819
284632 228154 819
284632 228154 819
284632 228154 819
284632 228154 819
284632 228154 819
284632 228154 819
284632 228154 819
284632 228154 819
284253 232721 819
284253 232721 819
284253 232721 819
284253 232721 819
284253 232721 819
284253 232721 819
284253 232721 819
284253 232721 819
284253 232721 819
284253 232721 819
284253 232721 819
284253 232721 819
236898 243549 821
236898 243549 821
236898 243549 821
236898 243549 821
236898 243549 821
236898 243549 821
236898 243549 821
236898 243549 821
236898 243549 821
236898 243549 821
236898 243549 821
236898 243549 821
194426 290819 821
194426 290819 821
194426 290819 821
194426 290819 821
194426 290819 821
194426 290819 821
194426 290819 821
194426 290819 821
194426 290819 821
194426 290819 821
194426 290819 821
194426 290819 821
285219 296054 823
285219 296054 823
285219 296054 823
285219 296054 823
285219 296054 823
285219 296054 823
285219 296054 823
285219 296054 823
285219 296054 823
285219 296054 823
285219 296054 823
285219 296054 823
285219 296054 823
9876 267898 824
9876 267898 824
9876 267898 824
9876 267898 824
9876 267898 824
9876 267898 824
9876 267898 824
9876 267898 824
9876 267898 824
9876 267898 824
9876 267898 824
9876 267898 824
235935 174934 825
235935 174934 825
235935 174934 825
235935 174934 825
235935 174934 825
235935 174934 825
235935 174934 825
235935 174934 825
235935 174934 825
235935 174934 825
235935 174934 825
235935 174934 825
235935 174934 825
237325 236105 826
237325 236105 826
237325 236105 826
237325 236105 826
237325 236105 826
237325 236105 826
237325 236105 826
237325 236105 826
237325 236105 826
237325 236105 826
237325 236105 826
237325 236105 826
237325 236105 826
245944 228091 827
245944 228091 827
245944 228091 827
245944 228091 827
245944 228091 827
245944 228091 827
245944 228091 827
245944 228091 827
245944 228091 827
245944 228091 827
245944 228091 827
245944 228091 827
188286 237848 827
188286 237848 827
188286 237848 827
188286 237848 827
188286 237848 827
188286 237848 827
188286 237848 827
188286 237848 827
188286 237848 827
188286 237848 827
188286 237848 827
188286 237848 827
243617 243697 827
243617 243697 827
243617 243697 827
243617 243697 827
243617 243697 827
243617 243697 827
243617 243697 827
243617 243697 827
243617 243697 827
243617 243697 827
243617 243697 827
243617 243697 827
285119 228510 829
285119 228510 829
285119 228510 829
285119 228510 829
285119 228510 829
285119 228510 829
285119 228510 829
285119 228510 829
285119 228510 829
285119 228510 829
285119 228510 829
285119 228510 829
235966 233615 829
235966 233615 829
235966 233615 829
235966 233615 829
235966 233615 829
235966 233615 829
235966 233615 829
235966 233615 829
235966 233615 829
235966 233615 829
235966 233615 829
235966 233615 829
241873 173843 829
241873 173843 829
241873 173843 829
241873 173843 829
241873 173843 829
241873 173843 829
241873 173843 829
241873 173843 829
241873 173843 829
241873 173843 829
241873 173843 829
241873 173843 829
228034 230917 830
228034 230917 830
228034 230917 830
228034 230917 830
228034 230917 830
228034 230917 830
228034 230917 830
228034 230917 830
228034 230917 830
228034 230917 830
228034 230917 830
228034 230917 830
228034 230917 830
250586 270089 830
250586 270089 830
250586 270089 830
250586 270089 830
250586 270089 830
250586 270089 830
250586 270089 830
250586 270089 830
250586 270089 830
250586 270089 830
250586 270089 830
250586 270089 830
291226 233904 831
291226 233904 831
291226 233904 831
291226 233904 831
291226 233904 831
291226 233904 831
291226 233904 831
291226 233904 831
291226 233904 831
291226 233904 831
291226 233904 831
291226 233904 831
291226 233904 831
190764 215706 831
190764 215706 831
190764 215706 831
190764 215706 831
190764 215706 831
190764 215706 831
190764 215706 831
190764 215706 831
190764 215706 831
190764 215706 831
190764 215706 831
190764 215706 831
190764 215706 831
295092 293369 831
295092 293369 831
295092 293369 831
295092 293369 831
295092 293369 831
295092 293369 831
295092 293369 831
295092 293369 831
295092 293369 831
295092 293369 831
295092 293369 831
295092 293369 831
295092 293369 831
239263 237991 831
239263 237991 831
239263 237991 831
239263 237991 831
239263 237991 831
239263 237991 831
239263 237991 831
239263 237991 831
239263 237991 831
239263 237991 831
239263 237991 831
239263 237991 831
230917 268393 832
230917 268393 832
230917 268393 832
230917 268393 832
230917 268393 832
230917 268393 832
230917 268393 832
230917 268393 832
230917 268393 832
230917 268393 832
230917 268393 832
230917 268393 832
235966 286717 833
235966 286717 833
235966 286717 833
235966 286717 833
235966 286717 833
235966 286717 833
235966 286717 833
235966 286717 833
235966 286717 833
235966 286717 833
235966 286717 833
235966 286717 833
292434 286717 833
292434 286717 833
292434 286717 833
292434 286717 833
292434 286717 833
292434 286717 833
292434 286717 833
292434 286717 833
292434 286717 833
292434 286717 833
292434 286717 833
292434 286717 833
292434 286717 833
237855 231439 834
237855 231439 834
237855 231439 834
237855 231439 834
237855 231439 834
237855 231439 834
237855 231439 834
237855 231439 834
237855 231439 834
237855 231439 834
237855 231439 834
237855 231439 834
237855 231439 834
235934 291771 836
235934 291771 836
235934 291771 836
235934 291771 836
235934 291771 836
235934 291771 836
235934 291771 836
235934 291771 836
235934 291771 836
235934 291771 836
235934 291771 836
235934 291771 836
235934 291771 836
175956 9247 837
175956 9247 837
175956 9247 837
175956 9247 837
175956 9247 837
175956 9247 837
175956 9247 837
175956 9247 837
175956 9247 837
175956 9247 837
175956 9247 837
175956 9247 837
175956 9247 837
235966 265937 840
235966 265937 840
235966 265937 840
235966 265937 840
235966 265937 840
235966 265937 840
235966 265937 840
235966 265937 840
235966 265937 840
235966 265937 840
235966 265937 840
235966 265937 840
268850 235938 840
268850 235938 840
268850 235938 840
268850 235938 840
268850 235938 840
268850 235938 840
268850 235938 840
268850 235938 840
268850 235938 840
268850 235938 840
268850 235938 840
268850 235938 840
177273 173873 840
177273 173873 840
177273 173873 840
177273 173873 840
177273 173873 840
177273 173873 840
177273 173873 840
177273 173873 840
177273 173873 840
177273 173873 840
177273 173873 840
177273 173873 840
272702 14923 840
272702 14923 840
272702 14923 840
272702 14923 840
272702 14923 840
272702 14923 840
272702 14923 840
272702 14923 840
272702 14923 840
272702 14923 840
272702 14923 840
272702 14923 840
9247 225636 841
9247 225636 841
9247 225636 841
9247 225636 841
9247 225636 841
9247 225636 841
9247 225636 841
9247 225636 841
9247 225636 841
9247 225636 841
9247 225636 841
9247 225636 841
235862 239179 842
235862 239179 842
235862 239179 842
235862 239179 842
235862 239179 842
235862 239179 842
235862 239179 842
235862 239179 842
235862 239179 842
235862 239179 842
235862 239179 842
235862 239179 842
235862 239179 842
242540 231025 845
242540 231025 845
242540 231025 845
242540 231025 845
242540 231025 845
242540 231025 845
242540 231025 845
242540 231025 845
242540 231025 845
242540 231025 845
242540 231025 845
242540 231025 845
190918 160287 846
190918 160287 846
190918 160287 846
190918 160287 846
190918 160287 846
190918 160287 846
190918 160287 846
190918 160287 846
190918 160287 846
190918 160287 846
190918 160287 846
190918 160287 846
190918 160287 846
285455 296164 851
285455 296164 851
285455 296164 851
285455 296164 851
285455 296164 851
285455 296164 851
285455 296164 851
285455 296164 851
285455 296164 851
285455 296164 851
285455 296164 851
285455 296164 851
291206 226971 851
291206 226971 851
291206 226971 851
291206 226971 851
291206 226971 851
291206 226971 851
291206 226971 851
291206 226971 851
291206 226971 851
291206 226971 851
291206 226971 851
291206 226971 851
291206 226971 851
248373 227028 851
248373 227028 851
248373 227028 851
248373 227028 851
248373 227028 851
248373 227028 851
248373 227028 851
248373 227028 851
248373 227028 851
248373 227028 851
248373 227028 851
248373 227028 851
295081 248372 853
295081 248372 853
295081 248372 853
295081 248372 853
295081 248372 853
295081 248372 853
295081 248372 853
295081 248372 853
295081 248372 853
295081 248372 853
295081 248372 853
295081 248372 853
295081 248372 853
238227 231439 854
238227 231439 854
238227 231439 854
238227 231439 854
238227 231439 854
238227 231439 854
238227 231439 854
238227 231439 854
238227 231439 854
238227 231439 854
238227 231439 854
238227 231439 854
268960 290230 855
268960 290230 855
268960 290230 855
268960 290230 855
268960 290230 855
268960 290230 855
268960 290230 855
268960 290230 855
268960 290230 855
268960 290230 855
268960 290230 855
268960 290230 855
151728 268489 856
151728 268489 856
151728 268489 856
151728 268489 856
151728 268489 856
151728 268489 856
151728 268489 856
151728 268489 856
151728 268489 856
151728 268489 856
151728 268489 856
151728 268489 856
290230 206050 857
290230 206050 857
290230 206050 857
290230 206050 857
290230 206050 857
290230 206050 857
290230 206050 857
290230 206050 857
290230 206050 857
290230 206050 857
290230 206050 857
290230 206050 857
238716 228107 860
238716 228107 860
238716 228107 860
238716 228107 860
238716 228107 860
238716 228107 860
238716 228107 860
238716 228107 860
238716 228107 860
238716 228107 860
238716 228107 860
238716 228107 860
191590 225611 860
191590 225611 860
191590 225611 860
191590 225611 860
191590 225611 860
191590 225611 860
191590 225611 860
191590 225611 860
191590 225611 860
191590 225611 860
191590 225611 860
191590 225611 860
228107 268501 862
228107 268501 862
228107 268501 862
228107 268501 862
228107 268501 862
228107 268501 862
228107 268501 862
228107 268501 862
228107 268501 862
228107 268501 862
228107 268501 862
228107 268501 862
284212 250704 865
284212 250704 865
284212 250704 865
284212 250704 865
284212 250704 865
284212 250704 865
284212 250704 865
284212 250704 865
284212 250704 865
284212 250704 865
284212 250704 865
284212 250704 865
242141 236476 865
242141 236476 865
242141 236476 865
242141 236476 865
242141 236476 865
242141 236476 865
242141 236476 865
242141 236476 865
242141 236476 865
242141 236476 865
242141 236476 865
242141 236476 865
242141 236476 865
250684 284631 868
250684 284631 868
250684 284631 868
250684 284631 868
250684 284631 868
250684 284631 868
250684 284631 868
250684 284631 868
250684 284631 868
250684 284631 868
250684 284631 868
250684 284631 868
250684 284631 868
243511 227098 869
243511 227098 869
243511 227098 869
243511 227098 869
243511 227098 869
243511 227098 869
243511 227098 869
243511 227098 869
243511 227098 869
243511 227098 869
243511 227098 869
243511 227098 869
242114 246066 870
242114 246066 870
242114 246066 870
242114 246066 870
242114 246066 870
242114 246066 870
242114 246066 870
242114 246066 870
242114 246066 870
242114 246066 870
242114 246066 870
242114 246066 870
242114 246066 870
295133 256639 872
295133 256639 872
295133 256639 872
295133 256639 872
295133 256639 872
295133 256639 872
295133 256639 872
295133 256639 872
295133 256639 872
295133 256639 872
295133 256639 872
295133 256639 872
295133 256639 872
4726 150489 873
4726 150489 873
4726 150489 873
4726 150489 873
4726 150489 873
4726 150489 873
4726 150489 873
4726 150489 873
4726 150489 873
4726 150489 873
4726 150489 873
4726 150489 873
4726 150489 873
281478 246029 874
281478 246029 874
281478 246029 874
281478 246029 874
281478 246029 874
281478 246029 874
281478 246029 874
281478 246029 874
281478 246029 874
281478 246029 874
281478 246029 874
281478 246029 874
281478 246029 874
285265 246112 874
285265 246112 874
285265 246112 874
285265 246112 874
285265 246112 874
285265 246112 874
285265 246112 874
285265 246112 874
285265 246112 874
285265 246112 874
285265 246112 874
285265 246112 874
228180 267921 874
228180 267921 874
228180 267921 874
228180 267921 874
228180 267921 874
228180 267921 874
228180 267921 874
228180 267921 874
228180 267921 874
228180 267921 874
228180 267921 874
228180 267921 874
228180 267921 874
238211 233529 877
238211 233529 877
238211 233529 877
238211 233529 877
238211 233529 877
238211 233529 877
238211 233529 877
238211 233529 877
238211 233529 877
238211 233529 877
238211 233529 877
238211 233529 877
268888 296129 877
268888 296129 877
268888 296129 877
268888 296129 877
268888 296129 877
268888 296129 877
268888 296129 877
268888 296129 877
268888 296129 877
268888 296129 877
268888 296129 877
268888 296129 877
285187 266399 878
285187 266399 878
285187 266399 878
285187 266399 878
285187 266399 878
285187 266399 878
285187 266399 878
285187 266399 878
285187 266399 878
285187 266399 878
285187 266399 878
285187 266399 878
285187 266399 878
200260 184801 879
200260 184801 879
200260 184801 879
200260 184801 879
200260 184801 879
200260 184801 879
200260 184801 879
200260 184801 879
200260 184801 879
200260 184801 879
200260 184801 879
200260 184801 879
200260 184801 879
233529 238440 879
233529 238440 879
233529 238440 879
233529 238440 879
233529 238440 879
233529 238440 879
233529 238440 879
233529 238440 879
233529 238440 879
233529 238440 879
233529 238440 879
233529 238440 879
296129 210451 880
296129 210451 880
296129 210451 880
296129 210451 880
296129 210451 880
296129 210451 880
296129 210451 880
296129 210451 880
296129 210451 880
296129 210451 880
296129 210451 880
296129 210451 880
241874 251936 881
241874 251936 881
241874 251936 881
241874 251936 881
241874 251936 881
241874 251936 881
241874 251936 881
241874 251936 881
241874 251936 881
241874 251936 881
241874 251936 881
241874 251936 881
241874 251936 881
4677 262497 881
4677 262497 881
4677 262497 881
4677 262497 881
4677 262497 881
4677 262497 881
4677 262497 881
4677 262497 881
4677 262497 881
4677 262497 881
4677 262497 881
4677 262497 881
4677 262497 881
237848 243622 883
237848 243622 883
237848 243622 883
237848 243622 883
237848 243622 883
237848 243622 883
237848 243622 883
237848 243622 883
237848 243622 883
237848 243622 883
237848 243622 883
237848 243622 883
237848 243622 883
225617 238214 887
225617 238214 887
225617 238214 887
225617 238214 887
225617 238214 887
225617 238214 887
225617 238214 887
225617 238214 887
225617 238214 887
225617 238214 887
225617 238214 887
225617 238214 887
225617 238214 887
193100 236507 888
193100 236507 888
193100 236507 888
193100 236507 888
193100 236507 888
193100 236507 888
193100 236507 888
193100 236507 888
193100 236507 888
193100 236507 888
193100 236507 888
193100 236507 888
236173 242114 889
236173 242114 889
236173 242114 889
236173 242114 889
236173 242114 889
236173 242114 889
236173 242114 889
236173 242114 889
236173 242114 889
236173 242114 889
236173 242114 889
236173 242114 889
236173 242114 889
183779 219569 897
183779 219569 897
183779 219569 897
183779 219569 897
183779 219569 897
183779 219569 897
183779 219569 897
183779 219569 897
183779 219569 897
183779 219569 897
183779 219569 897
183779 219569 897
243622 228034 898
243622 228034 898
243622 228034 898
243622 228034 898
243622 228034 898
243622 228034 898
243622 228034 898
243622 228034 898
243622 228034 898
243622 228034 898
243622 228034 898
243622 228034 898
243622 228034 898
226943 289187 898
226943 289187 898
226943 289187 898
226943 289187 898
226943 289187 898
226943 289187 898
226943 289187 898
226943 289187 898
226943 289187 898
226943 289187 898
226943 289187 898
226943 289187 898
228034 237843 900
228034 237843 900
228034 237843 900
228034 237843 900
228034 237843 900
228034 237843 900
228034 237843 900
228034 237843 900
228034 237843 900
228034 237843 900
228034 237843 900
228034 237843 900
228034 237843 900
292432 228106 901
292432 228106 901
292432 228106 901
292432 228106 901
292432 228106 901
292432 228106 901
292432 228106 901
292432 228106 901
292432 228106 901
292432 228106 901
292432 228106 901
292432 228106 901
292432 228106 901
293376 227827 905
293376 227827 905
293376 227827 905
293376 227827 905
293376 227827 905
293376 227827 905
293376 227827 905
293376 227827 905
293376 227827 905
293376 227827 905
293376 227827 905
293376 227827 905
293376 227827 905
289545 285200 907
289545 285200 907
289545 285200 907
289545 285200 907
289545 285200 907
289545 285200 907
289545 285200 907
289545 285200 907
289545 285200 907
289545 285200 907
289545 285200 907
289545 285200 907
289545 285200 907
292042 295221 909
292042 295221 909
292042 295221 909
292042 295221 909
292042 295221 909
292042 295221 909
292042 295221 909
292042 295221 909
292042 295221 909
292042 295221 909
292042 295221 909
292042 295221 909
266114 282558 914
266114 282558 914
266114 282558 914
266114 282558 914
266114 282558 914
266114 282558 914
266114 282558 914
266114 282558 914
266114 282558 914
266114 282558 914
266114 282558 914
266114 282558 914
266114 282558 914
150457 150490 915
150457 150490 915
150457 150490 915
150457 150490 915
150457 150490 915
150457 150490 915
150457 150490 915
150457 150490 915
150457 150490 915
150457 150490 915
150457 150490 915
150457 150490 915
150457 150490 915
243512 260482 918
243512 260482 918
243512 260482 918
243512 260482 918
243512 260482 918
243512 260482 918
243512 260482 918
243512 260482 918
243512 260482 918
243512 260482 918
243512 260482 918
243512 260482 918
252675 248387 920
252675 248387 920
252675 248387 920
252675 248387 920
252675 248387 920
252675 248387 920
252675 248387 920
252675 248387 920
252675 248387 920
252675 248387 920
252675 248387 920
252675 248387 920
285455 286432 920
285455 286432 920
285455 286432 920
285455 286432 920
285455 286432 920
285455 286432 920
285455 286432 920
285455 286432 920
285455 286432 920
285455 286432 920
285455 286432 920
285455 286432 920
239046 227099 926
239046 227099 926
239046 227099 926
239046 227099 926
239046 227099 926
239046 227099 926
239046 227099 926
239046 227099 926
239046 227099 926
239046 227099 926
239046 227099 926
239046 227099 926
239046 227099 926
232961 151076 928
232961 151076 928
232961 151076 928
232961 151076 928
232961 151076 928
232961 151076 928
232961 151076 928
232961 151076 928
232961 151076 928
232961 151076 928
232961 151076 928
232961 151076 928
232961 151076 928
230245 228466 936
230245 228466 936
230245 228466 936
230245 228466 936
230245 228466 936
230245 228466 936
230245 228466 936
230245 228466 936
230245 228466 936
230245 228466 936
230245 228466 936
230245 228466 936
230245 228466 936
227547 226456 937
227547 226456 937
227547 226456 937
227547 226456 937
227547 226456 937
227547 226456 937
227547 226456 937
227547 226456 937
227547 226456 937
227547 226456 937
227547 226456 937
227547 226456 937
227547 226456 937
239823 233634 938
239823 233634 938
239823 233634 938
239823 233634 938
239823 233634 938
239823 233634 938
239823 233634 938
239823 233634 938
239823 233634 938
239823 233634 938
239823 233634 938
239823 233634 938
239823 233634 938
285366 250581 940
285366 250581 940
285366 250581 940
285366 250581 940
285366 250581 940
285366 250581 940
285366 250581 940
285366 250581 940
285366 250581 940
285366 250581 940
285366 250581 940
285366 250581 940
285366 250581 940
285121 286725 941
285121 286725 941
285121 286725 941
285121 286725 941
285121 286725 941
285121 286725 941
285121 286725 941
285121 286725 941
285121 286725 941
285121 286725 941
285121 286725 941
285121 286725 941
285121 286725 941
243622 232897 946
243622 232897 946
243622 232897 946
243622 232897 946
243622 232897 946
243622 232897 946
243622 232897 946
243622 232897 946
243622 232897 946
243622 232897 946
243622 232897 946
243622 232897 946
243622 232897 946
281466 11107 950
281466 11107 950
281466 11107 950
281466 11107 950
281466 11107 950
281466 11107 950
281466 11107 950
281466 11107 950
281466 11107 950
281466 11107 950
281466 11107 950
281466 11107 950
281466 11107 950
266114 283694 961
266114 283694 961
266114 283694 961
266114 283694 961
266114 283694 961
266114 283694 961
266114 283694 961
266114 283694 961
266114 283694 961
266114 283694 961
266114 283694 961
266114 283694 961
235974 243860 964
235974 243860 964
235974 243860 964
235974 243860 964
235974 243860 964
235974 243860 964
235974 243860 964
235974 243860 964
235974 243860 964
235974 243860 964
235974 243860 964
235974 243860 964
233594 9117 967
233594 9117 967
233594 9117 967
233594 9117 967
233594 9117 967
233594 9117 967
233594 9117 967
233594 9117 967
233594 9117 967
233594 9117 967
233594 9117 967
233594 9117 967
233594 9117 967
236652 294618 988
236652 294618 988
236652 294618 988
236652 294618 988
236652 294618 988
236652 294618 988
236652 294618 988
236652 294618 988
236652 294618 988
236652 294618 988
236652 294618 988
236652 294618 988
236652 294618 988
251943 227253 999
251943 227253 999
251943 227253 999
251943 227253 999
251943 227253 999
251943 227253 999
251943 227253 999
251943 227253 999
251943 227253 999
251943 227253 999
251943 227253 999
251943 227253 999
251943 227253 999
284635 251999 1004
284635 251999 1004
284635 251999 1004
284635 251999 1004
284635 251999 1004
284635 251999 1004
284635 251999 1004
284635 251999 1004
284635 251999 1004
284635 251999 1004
284635 251999 1004
284635 251999 1004
272702 285366 1005
272702 285366 1005
272702 285366 1005
272702 285366 1005
272702 285366 1005
272702 285366 1005
272702 285366 1005
272702 285366 1005
272702 285366 1005
272702 285366 1005
272702 285366 1005
272702 285366 1005
237374 232920 1012
237374 232920 1012
237374 232920 1012
237374 232920 1012
237374 232920 1012
237374 232920 1012
237374 232920 1012
237374 232920 1012
237374 232920 1012
237374 232920 1012
237374 232920 1012
237374 232920 1012
237374 232920 1012
246082 252648 1013
246082 252648 1013
246082 252648 1013
246082 252648 1013
246082 252648 1013
246082 252648 1013
246082 252648 1013
246082 252648 1013
246082 252648 1013
246082 252648 1013
246082 252648 1013
246082 252648 1013
285366 285121 1014
285366 285121 1014
285366 285121 1014
285366 285121 1014
285366 285121 1014
285366 285121 1014
285366 285121 1014
285366 285121 1014
285366 285121 1014
285366 285121 1014
285366 285121 1014
285366 285121 1014
285366 285121 1014
228174 293558 1020
228174 293558 1020
228174 293558 1020
228174 293558 1020
228174 293558 1020
228174 293558 1020
228174 293558 1020
228174 293558 1020
228174 293558 1020
228174 293558 1020
228174 293558 1020
228174 293558 1020
230413 150450 1021
230413 150450 1021
230413 150450 1021
230413 150450 1021
230413 150450 1021
230413 150450 1021
230413 150450 1021
230413 150450 1021
230413 150450 1021
230413 150450 1021
230413 150450 1021
230413 150450 1021
230398 289012 1021
230398 289012 1021
230398 289012 1021
230398 289012 1021
230398 289012 1021
230398 289012 1021
230398 289012 1021
230398 289012 1021
230398 289012 1021
230398 289012 1021
230398 289012 1021
230398 289012 1021
151188 228132 1027
151188 228132 1027
151188 228132 1027
151188 228132 1027
151188 228132 1027
151188 228132 1027
151188 228132 1027
151188 228132 1027
151188 228132 1027
151188 228132 1027
151188 228132 1027
151188 228132 1027
151188 228132 1027
235134 227028 1042
235134 227028 1042
235134 227028 1042
235134 227028 1042
235134 227028 1042
235134 227028 1042
235134 227028 1042
235134 227028 1042
235134 227028 1042
235134 227028 1042
235134 227028 1042
235134 227028 1042
235134 227028 1042
296535 165337 1046
296535 165337 1046
296535 165337 1046
296535 165337 1046
296535 165337 1046
296535 165337 1046
296535 165337 1046
296535 165337 1046
296535 165337 1046
296535 165337 1046
296535 165337 1046
296535 165337 1046
296535 165337 1046
228044 242036 1051
228044 242036 1051
228044 242036 1051
228044 242036 1051
228044 242036 1051
228044 242036 1051
228044 242036 1051
228044 242036 1051
228044 242036 1051
228044 242036 1051
228044 242036 1051
228044 242036 1051
228044 242036 1051
228406 232959 1053
228406 232959 1053
228406 232959 1053
228406 232959 1053
228406 232959 1053
228406 232959 1053
228406 232959 1053
228406 232959 1053
228406 232959 1053
228406 232959 1053
228406 232959 1053
228406 232959 1053
228406 232959 1053
236554 228466 1055
236554 228466 1055
236554 228466 1055
236554 228466 1055
236554 228466 1055
236554 228466 1055
236554 228466 1055
236554 228466 1055
236554 228466 1055
236554 228466 1055
236554 228466 1055
236554 228466 1055
236554 228466 1059
236554 228466 1059
236554 228466 1059
236554 228466 1059
236554 228466 1059
236554 228466 1059
236554 228466 1059
236554 228466 1059
236554 228466 1059
236554 228466 1059
236554 228466 1059
236554 228466 1059
236554 228466 1059
236857 235013 1060
236857 235013 1060
236857 235013 1060
236857 235013 1060
236857 235013 1060
236857 235013 1060
236857 235013 1060
236857 235013 1060
236857 235013 1060
236857 235013 1060
236857 235013 1060
236857 235013 1060
190969 235974 1062
190969 235974 1062
190969 235974 1062
190969 235974 1062
190969 235974 1062
190969 235974 1062
190969 235974 1062
190969 235974 1062
190969 235974 1062
190969 235974 1062
190969 235974 1062
190969 235974 1062
190969 235974 1062
251928 233644 1062
251928 233644 1062
251928 233644 1062
251928 233644 1062
251928 233644 1062
251928 233644 1062
251928 233644 1062
251928 233644 1062
251928 233644 1062
251928 233644 1062
251928 233644 1062
251928 233644 1062
196510 236479 1064
196510 236479 1064
196510 236479 1064
196510 236479 1064
196510 236479 1064
196510 236479 1064
196510 236479 1064
196510 236479 1064
196510 236479 1064
196510 236479 1064
196510 236479 1064
196510 236479 1064
196510 236479 1064
229516 282516 1064
229516 282516 1064
229516 282516 1064
229516 282516 1064
229516 282516 1064
229516 282516 1064
229516 282516 1064
229516 282516 1064
229516 282516 1064
229516 282516 1064
229516 282516 1064
229516 282516 1064
229516 282516 1064
242306 236914 1064
242306 236914 1064
242306 236914 1064
242306 236914 1064
242306 236914 1064
242306 236914 1064
242306 236914 1064
242306 236914 1064
242306 236914 1064
242306 236914 1064
242306 236914 1064
242306 236914 1064
242306 236914 1064
206099 184801 1065
206099 184801 1065
206099 184801 1065
206099 184801 1065
206099 184801 1065
206099 184801 1065
206099 184801 1065
206099 184801 1065
206099 184801 1065
206099 184801 1065
206099 184801 1065
206099 184801 1065
206099 184801 1065
190419 126479 1072
190419 126479 1072
190419 126479 1072
190419 126479 1072
190419 126479 1072
190419 126479 1072
190419 126479 1072
190419 126479 1072
190419 126479 1072
190419 126479 1072
190419 126479 1072
190419 126479 1072
190419 126479 1072
238637 235658 1072
238637 235658 1072
238637 235658 1072
238637 235658 1072
238637 235658 1072
238637 235658 1072
238637 235658 1072
238637 235658 1072
238637 235658 1072
238637 235658 1072
238637 235658 1072
238637 235658 1072
228132 227063 1073
228132 227063 1073
228132 227063 1073
228132 227063 1073
228132 227063 1073
228132 227063 1073
228132 227063 1073
228132 227063 1073
228132 227063 1073
228132 227063 1073
228132 227063 1073
228132 227063 1073
193604 232030 1074
193604 232030 1074
193604 232030 1074
193604 232030 1074
193604 232030 1074
193604 232030 1074
193604 232030 1074
193604 232030 1074
193604 232030 1074
193604 232030 1074
193604 232030 1074
193604 232030 1074
193604 232030 1074
194355 226480 1075
194355 226480 1075
194355 226480 1075
194355 226480 1075
194355 226480 1075
194355 226480 1075
194355 226480 1075
194355 226480 1075
194355 226480 1075
194355 226480 1075
194355 226480 1075
194355 226480 1075
228034 235080 1075
228034 235080 1075
228034 235080 1075
228034 235080 1075
228034 235080 1075
228034 235080 1075
228034 235080 1075
228034 235080 1075
228034 235080 1075
228034 235080 1075
228034 235080 1075
228034 235080 1075
228034 235080 1075
227250 227028 1077
227250 227028 1077
227250 227028 1077
227250 227028 1077
227250 227028 1077
227250 227028 1077
227250 227028 1077
227250 227028 1077
227250 227028 1077
227250 227028 1077
227250 227028 1077
227250 227028 1077
227250 227028 1077
250569 262498 1077
250569 262498 1077
250569 262498 1077
250569 262498 1077
250569 262498 1077
250569 262498 1077
250569 262498 1077
250569 262498 1077
250569 262498 1077
250569 262498 1077
250569 262498 1077
250569 262498 1077
239504 289563 1078
239504 289563 1078
239504 289563 1078
239504 289563 1078
239504 289563 1078
239504 289563 1078
239504 289563 1078
239504 289563 1078
239504 289563 1078
239504 289563 1078
239504 289563 1078
239504 289563 1078
239504 289563 1078
232537 9640 1080
232537 9640 1080
232537 9640 1080
232537 9640 1080
232537 9640 1080
232537 9640 1080
232537 9640 1080
232537 9640 1080
232537 9640 1080
232537 9640 1080
232537 9640 1080
232537 9640 1080
232537 9640 1080
289563 282516 1081
289563 282516 1081
289563 282516 1081
289563 282516 1081
289563 282516 1081
289563 282516 1081
289563 282516 1081
289563 282516 1081
289563 282516 1081
289563 282516 1081
289563 282516 1081
289563 282516 1081
227723 238741 1081
227723 238741 1081
227723 238741 1081
227723 238741 1081
227723 238741 1081
227723 238741 1081
227723 238741 1081
227723 238741 1081
227723 238741 1081
227723 238741 1081
227723 238741 1081
227723 238741 1081
227723 238741 1081
295216 246086 1081
295216 246086 1081
295216 246086 1081
295216 246086 1081
295216 246086 1081
295216 246086 1081
295216 246086 1081
295216 246086 1081
295216 246086 1081
295216 246086 1081
295216 246086 1081
295216 246086 1081
236015 289098 1082
236015 289098 1082
236015 289098 1082
236015 289098 1082
236015 289098 1082
236015 289098 1082
236015 289098 1082
236015 289098 1082
236015 289098 1082
236015 289098 1082
236015 289098 1082
236015 289098 1082
236015 289098 1082
294549 233644 1088
294549 233644 1088
294549 233644 1088
294549 233644 1088
294549 233644 1088
294549 233644 1088
294549 233644 1088
294549 233644 1088
294549 233644 1088
294549 233644 1088
294549 233644 1088
294549 233644 1088
294549 233644 1088
252698 265936 1089
252698 265936 1089
252698 265936 1089
252698 265936 1089
252698 265936 1089
252698 265936 1089
252698 265936 1089
252698 265936 1089
252698 265936 1089
252698 265936 1089
252698 265936 1089
252698 265936 1089
4570 295112 1091
4570 295112 1091
4570 295112 1091
4570 295112 1091
4570 295112 1091
4570 295112 1091
4570 295112 1091
4570 295112 1091
4570 295112 1091
4570 295112 1091
4570 295112 1091
4570 295112 1091
4570 295112 1091
228143 228105 1091
228143 228105 1091
228143 228105 1091
228143 228105 1091
228143 228105 1091
228143 228105 1091
228143 228105 1091
228143 228105 1091
228143 228105 1091
228143 228105 1091
228143 228105 1091
228143 228105 1091
228143 228105 1091
246119 246154 1091
246119 246154 1091
246119 246154 1091
246119 246154 1091
246119 246154 1091
246119 246154 1091
246119 246154 1091
246119 246154 1091
246119 246154 1091
246119 246154 1091
246119 246154 1091
246119 246154 1091
246119 246154 1091
184795 295112 1091
184795 295112 1091
184795 295112 1091
184795 295112 1091
184795 295112 1091
184795 295112 1091
184795 295112 1091
184795 295112 1091
184795 295112 1091
184795 295112 1091
184795 295112 1091
184795 295112 1091
246999 14459 1092
246999 14459 1092
246999 14459 1092
246999 14459 1092
246999 14459 1092
246999 14459 1092
246999 14459 1092
246999 14459 1092
246999 14459 1092
246999 14459 1092
246999 14459 1092
246999 14459 1092
14459 241490 1092
14459 241490 1092
14459 241490 1092
14459 241490 1092
14459 241490 1092
14459 241490 1092
14459 241490 1092
14459 241490 1092
14459 241490 1092
14459 241490 1092
14459 241490 1092
14459 241490 1092
14459 241490 1092
185409 174820 1093
185409 174820 1093
185409 174820 1093
185409 174820 1093
185409 174820 1093
185409 174820 1093
185409 174820 1093
185409 174820 1093
185409 174820 1093
185409 174820 1093
185409 174820 1093
185409 174820 1093
175946 195316 1096
175946 195316 1096
175946 195316 1096
175946 195316 1096
175946 195316 1096
175946 195316 1096
175946 195316 1096
175946 195316 1096
175946 195316 1096
175946 195316 1096
175946 195316 1096
175946 195316 1096
175946 195316 1096
262497 233599 1102
262497 233599 1102
262497 233599 1102
262497 233599 1102
262497 233599 1102
262497 233599 1102
262497 233599 1102
262497 233599 1102
262497 233599 1102
262497 233599 1102
262497 233599 1102
262497 233599 1102
262497 233599 1102
289098 227856 1102
289098 227856 1102
289098 227856 1102
289098 227856 1102
289098 227856 1102
289098 227856 1102
289098 227856 1102
289098 227856 1102
289098 227856 1102
289098 227856 1102
289098 227856 1102
289098 227856 1102
289098 227856 1102
228034 124695 1103
228034 124695 1103
228034 124695 1103
228034 124695 1103
228034 124695 1103
228034 124695 1103
228034 124695 1103
228034 124695 1103
228034 124695 1103
228034 124695 1103
228034 124695 1103
228034 124695 1103
228034 124695 1103
228034 124695 1103
228034 124695 1103
228034 124695 1103
228034 124695 1103
228034 124695 1103
228034 124695 1103
228034 124695 1103
228034 124695 1103
228034 124695 1103
228034 124695 1103
228034 124695 1103
151201 238735 1104
151201 238735 1104
151201 238735 1104
151201 238735 1104
151201 238735 1104
151201 238735 1104
151201 238735 1104
151201 238735 1104
151201 238735 1104
151201 238735 1104
151201 238735 1104
151201 238735 1104
191606 9248 1105
191606 9248 1105
191606 9248 1105
191606 9248 1105
191606 9248 1105
191606 9248 1105
191606 9248 1105
191606 9248 1105
191606 9248 1105
191606 9248 1105
191606 9248 1105
191606 9248 1105
191606 9248 1105
240909 230214 1105
240909 230214 1105
240909 230214 1105
240909 230214 1105
240909 230214 1105
240909 230214 1105
240909 230214 1105
240909 230214 1105
240909 230214 1105
240909 230214 1105
240909 230214 1105
240909 230214 1105
240909 230214 1105
186752 246816 1106
186752 246816 1106
186752 246816 1106
186752 246816 1106
186752 246816 1106
186752 246816 1106
186752 246816 1106
186752 246816 1106
186752 246816 1106
186752 246816 1106
186752 246816 1106
186752 246816 1106
186752 246816 1106
226590 238440 1106
226590 238440 1106
226590 238440 1106
226590 238440 1106
226590 238440 1106
226590 238440 1106
226590 238440 1106
226590 238440 1106
226590 238440 1106
226590 238440 1106
226590 238440 1106
226590 238440 1106
191606 9248 1106
191606 9248 1106
191606 9248 1106
191606 9248 1106
191606 9248 1106
191606 9248 1106
191606 9248 1106
191606 9248 1106
191606 9248 1106
191606 9248 1106
191606 9248 1106
191606 9248 1106
191606 9248 1106
291455 199517 1107
291455 199517 1107
291455 199517 1107
291455 199517 1107
291455 199517 1107
291455 199517 1107
291455 199517 1107
291455 199517 1107
291455 199517 1107
291455 199517 1107
291455 199517 1107
291455 199517 1107
291455 199517 1107
289098 282899 1107
289098 282899 1107
289098 282899 1107
289098 282899 1107
289098 282899 1107
289098 282899 1107
289098 282899 1107
289098 282899 1107
289098 282899 1107
289098 282899 1107
289098 282899 1107
289098 282899 1107
289098 282899 1107
193592 192799 1108
193592 192799 1108
193592 192799 1108
193592 192799 1108
193592 192799 1108
193592 192799 1108
193592 192799 1108
193592 192799 1108
193592 192799 1108
193592 192799 1108
193592 192799 1108
193592 192799 1108
193592 192799 1108
292432 234704 1108
292432 234704 1108
292432 234704 1108
292432 234704 1108
292432 234704 1108
292432 234704 1108
292432 234704 1108
292432 234704 1108
292432 234704 1108
292432 234704 1108
292432 234704 1108
292432 234704 1108
190816 229773 1108
190816 229773 1108
190816 229773 1108
190816 229773 1108
190816 229773 1108
190816 229773 1108
190816 229773 1108
190816 229773 1108
190816 229773 1108
190816 229773 1108
190816 229773 1108
190816 229773 1108
14666 270405 1109
14666 270405 1109
14666 270405 1109
14666 270405 1109
14666 270405 1109
14666 270405 1109
14666 270405 1109
14666 270405 1109
14666 270405 1109
14666 270405 1109
14666 270405 1109
14666 270405 1109
14666 270405 1109
293139 234828 1109
293139 234828 1109
293139 234828 1109
293139 234828 1109
293139 234828 1109
293139 234828 1109
293139 234828 1109
293139 234828 1109
293139 234828 1109
293139 234828 1109
293139 234828 1109
293139 234828 1109
293139 234828 1109
174934 174901 1110
174934 174901 1110
174934 174901 1110
174934 174901 1110
174934 174901 1110
174934 174901 1110
174934 174901 1110
174934 174901 1110
174934 174901 1110
174934 174901 1110
174934 174901 1110
174934 174901 1110
174934 174901 1110
226382 226986 1111
226382 226986 1111
226382 226986 1111
226382 226986 1111
226382 226986 1111
226382 226986 1111
226382 226986 1111
226382 226986 1111
226382 226986 1111
226382 226986 1111
226382 226986 1111
226382 226986 1111
291514 285187 1112
291514 285187 1112
291514 285187 1112
291514 285187 1112
291514 285187 1112
291514 285187 1112
291514 285187 1112
291514 285187 1112
291514 285187 1112
291514 285187 1112
291514 285187 1112
291514 285187 1112
291514 285187 1112
250701 283345 1114
250701 283345 1114
250701 283345 1114
250701 283345 1114
250701 283345 1114
250701 283345 1114
250701 283345 1114
250701 283345 1114
250701 283345 1114
250701 283345 1114
250701 283345 1114
250701 283345 1114
250701 283345 1114
9117 286717 1114
9117 286717 1114
9117 286717 1114
9117 286717 1114
9117 286717 1114
9117 286717 1114
9117 286717 1114
9117 286717 1114
9117 286717 1114
9117 286717 1114
9117 286717 1114
9117 286717 1114
289187 291226 1115
289187 291226 1115
289187 291226 1115
289187 291226 1115
289187 291226 1115
289187 291226 1115
289187 291226 1115
289187 291226 1115
289187 291226 1115
289187 291226 1115
289187 291226 1115
289187 291226 1115
284492 266399 1116
284492 266399 1116
284492 266399 1116
284492 266399 1116
284492 266399 1116
284492 266399 1116
284492 266399 1116
284492 266399 1116
284492 266399 1116
284492 266399 1116
284492 266399 1116
284492 266399 1116
284492 266399 1116
236572 228156 1116
236572 228156 1116
236572 228156 1116
236572 228156 1116
236572 228156 1116
236572 228156 1116
236572 228156 1116
236572 228156 1116
236572 228156 1116
236572 228156 1116
236572 228156 1116
236572 228156 1116
236572 228156 1116
236573 228156 1116
236573 228156 1116
236573 228156 1116
236573 228156 1116
236573 228156 1116
236573 228156 1116
236573 228156 1116
236573 228156 1116
236573 228156 1116
236573 228156 1116
236573 228156 1116
236573 228156 1116
272551 266318 1118
272551 266318 1118
272551 266318 1118
272551 266318 1118
272551 266318 1118
272551 266318 1118
272551 266318 1118
272551 266318 1118
272551 266318 1118
272551 266318 1118
272551 266318 1118
272551 266318 1118
246119 285282 1119
246119 285282 1119
246119 285282 1119
246119 285282 1119
246119 285282 1119
246119 285282 1119
246119 285282 1119
246119 285282 1119
246119 285282 1119
246119 285282 1119
246119 285282 1119
246119 285282 1119
246119 285282 1119
284253 251999 1121
284253 251999 1121
284253 251999 1121
284253 251999 1121
284253 251999 1121
284253 251999 1121
284253 251999 1121
284253 251999 1121
284253 251999 1121
284253 251999 1121
284253 251999 1121
284253 251999 1121
284253 251999 1121
151466 251999 1121
151466 251999 1121
151466 251999 1121
151466 251999 1121
151466 251999 1121
151466 251999 1121
151466 251999 1121
151466 251999 1121
151466 251999 1121
151466 251999 1121
151466 251999 1121
151466 251999 1121
151466 251999 1121
228576 291226 1122
228576 291226 1122
228576 291226 1122
228576 291226 1122
228576 291226 1122
228576 291226 1122
228576 291226 1122
228576 291226 1122
228576 291226 1122
228576 291226 1122
228576 291226 1122
228576 291226 1122
228576 291226 1122
235013 235683 1122
235013 235683 1122
235013 235683 1122
235013 235683 1122
235013 235683 1122
235013 235683 1122
235013 235683 1122
235013 235683 1122
235013 235683 1122
235013 235683 1122
235013 235683 1122
235013 235683 1122
289150 246116 1122
289150 246116 1122
289150 246116 1122
289150 246116 1122
289150 246116 1122
289150 246116 1122
289150 246116 1122
289150 246116 1122
289150 246116 1122
289150 246116 1122
289150 246116 1122
289150 246116 1122
289150 246116 1122
174461 266666 1122
174461 266666 1122
174461 266666 1122
174461 266666 1122
174461 266666 1122
174461 266666 1122
174461 266666 1122
174461 266666 1122
174461 266666 1122
174461 266666 1122
174461 266666 1122
174461 266666 1122
174461 266666 1122
159591 186847 1122
159591 186847 1122
159591 186847 1122
159591 186847 1122
159591 186847 1122
159591 186847 1122
159591 186847 1122
159591 186847 1122
159591 186847 1122
159591 186847 1122
159591 186847 1122
159591 186847 1122
159591 186847 1122
228200 226829 1124
228200 226829 1124
228200 226829 1124
228200 226829 1124
228200 226829 1124
228200 226829 1124
228200 226829 1124
228200 226829 1124
228200 226829 1124
228200 226829 1124
228200 226829 1124
228200 226829 1124
228200 226829 1124
174464 265841 1124
174464 265841 1124
174464 265841 1124
174464 265841 1124
174464 265841 1124
174464 265841 1124
174464 265841 1124
174464 265841 1124
174464 265841 1124
174464 265841 1124
174464 265841 1124
174464 265841 1124
174464 265841 1124
174464 285484 1124
174464 285484 1124
174464 285484 1124
174464 285484 1124
174464 285484 1124
174464 285484 1124
174464 285484 1124
174464 285484 1124
174464 285484 1124
174464 285484 1124
174464 285484 1124
174464 285484 1124
246111 293675 1126
246111 293675 1126
246111 293675 1126
246111 293675 1126
246111 293675 1126
246111 293675 1126
246111 293675 1126
246111 293675 1126
246111 293675 1126
246111 293675 1126
246111 293675 1126
246111 293675 1126
246111 293675 1126
231519 232719 1127
231519 232719 1127
231519 232719 1127
231519 232719 1127
231519 232719 1127
231519 232719 1127
231519 232719 1127
231519 232719 1127
231519 232719 1127
231519 232719 1127
231519 232719 1127
231519 232719 1127
231519 232719 1127
201019 193003 1127
201019 193003 1127
201019 193003 1127
201019 193003 1127
201019 193003 1127
201019 193003 1127
201019 193003 1127
201019 193003 1127
201019 193003 1127
201019 193003 1127
201019 193003 1127
201019 193003 1127
201019 193003 1127
235966 226433 1128
235966 226433 1128
235966 226433 1128
235966 226433 1128
235966 226433 1128
235966 226433 1128
235966 226433 1128
235966 226433 1128
235966 226433 1128
235966 226433 1128
235966 226433 1128
235966 226433 1128
235966 226433 1128
230069 226594 1128
230069 226594 1128
230069 226594 1128
230069 226594 1128
230069 226594 1128
230069 226594 1128
230069 226594 1128
230069 226594 1128
230069 226594 1128
230069 226594 1128
230069 226594 1128
230069 226594 1128
228174 227008 1128
228174 227008 1128
228174 227008 1128
228174 227008 1128
228174 227008 1128
228174 227008 1128
228174 227008 1128
228174 227008 1128
228174 227008 1128
228174 227008 1128
228174 227008 1128
228174 227008 1128
228174 227008 1128
151164 228034 1129
151164 228034 1129
151164 228034 1129
151164 228034 1129
151164 228034 1129
151164 228034 1129
151164 228034 1129
151164 228034 1129
151164 228034 1129
151164 228034 1129
151164 228034 1129
151164 228034 1129
237852 204226 1129
237852 204226 1129
237852 204226 1129
237852 204226 1129
237852 204226 1129
237852 204226 1129
237852 204226 1129
237852 204226 1129
237852 204226 1129
237852 204226 1129
237852 204226 1129
237852 204226 1129
235666 226972 1130
235666 226972 1130
235666 226972 1130
235666 226972 1130
235666 226972 1130
235666 226972 1130
235666 226972 1130
235666 226972 1130
235666 226972 1130
235666 226972 1130
235666 226972 1130
235666 226972 1130
235666 226972 1130
235966 226393 1130
235966 226393 1130
235966 226393 1130
235966 226393 1130
235966 226393 1130
235966 226393 1130
235966 226393 1130
235966 226393 1130
235966 226393 1130
235966 226393 1130
235966 226393 1130
235966 226393 1130
235966 226393 1130
193117 196007 1130
193117 196007 1130
193117 196007 1130
193117 196007 1130
193117 196007 1130
193117 196007 1130
193117 196007 1130
193117 196007 1130
193117 196007 1130
193117 196007 1130
193117 196007 1130
193117 196007 1130
226993 226433 1130
226993 226433 1130
226993 226433 1130
226993 226433 1130
226993 226433 1130
226993 226433 1130
226993 226433 1130
226993 226433 1130
226993 226433 1130
226993 226433 1130
226993 226433 1130
226993 226433 1130
233638 232537 1131
233638 232537 1131
233638 232537 1131
233638 232537 1131
233638 232537 1131
233638 232537 1131
233638 232537 1131
233638 232537 1131
233638 232537 1131
233638 232537 1131
233638 232537 1131
233638 232537 1131
201672 191585 1131
201672 191585 1131
201672 191585 1131
201672 191585 1131
201672 191585 1131
201672 191585 1131
201672 191585 1131
201672 191585 1131
201672 191585 1131
201672 191585 1131
201672 191585 1131
201672 191585 1131
231275 267920 1131
231275 267920 1131
231275 267920 1131
231275 267920 1131
231275 267920 1131
231275 267920 1131
231275 267920 1131
231275 267920 1131
231275 267920 1131
231275 267920 1131
231275 267920 1131
231275 267920 1131
190920 235959 1131
190920 235959 1131
190920 235959 1131
190920 235959 1131
190920 235959 1131
190920 235959 1131
190920 235959 1131
190920 235959 1131
190920 235959 1131
190920 235959 1131
190920 235959 1131
190920 235959 1131
190920 235959 1131
209191 191591 1132
209191 191591 1132
209191 191591 1132
209191 191591 1132
209191 191591 1132
209191 191591 1132
209191 191591 1132
209191 191591 1132
209191 191591 1132
209191 191591 1132
209191 191591 1132
209191 191591 1132
292432 226389 1132
292432 226389 1132
292432 226389 1132
292432 226389 1132
292432 226389 1132
292432 226389 1132
292432 226389 1132
292432 226389 1132
292432 226389 1132
292432 226389 1132
292432 226389 1132
292432 226389 1132
289530 242960 1132
289530 242960 1132
289530 242960 1132
289530 242960 1132
289530 242960 1132
289530 242960 1132
289530 242960 1132
289530 242960 1132
289530 242960 1132
289530 242960 1132
289530 242960 1132
289530 242960 1132
289530 242960 1132
227260 228344 1133
227260 228344 1133
227260 228344 1133
227260 228344 1133
227260 228344 1133
227260 228344 1133
227260 228344 1133
227260 228344 1133
227260 228344 1133
227260 228344 1133
227260 228344 1133
227260 228344 1133
227260 228344 1133
160293 199490 1134
160293 199490 1134
160293 199490 1134
160293 199490 1134
160293 199490 1134
160293 199490 1134
160293 199490 1134
160293 199490 1134
160293 199490 1134
160293 199490 1134
160293 199490 1134
160293 199490 1134
234708 293376 1134
234708 293376 1134
234708 293376 1134
234708 293376 1134
234708 293376 1134
234708 293376 1134
234708 293376 1134
234708 293376 1134
234708 293376 1134
234708 293376 1134
234708 293376 1134
234708 293376 1134
234708 293376 1134
235854 293376 1134
235854 293376 1134
235854 293376 1134
235854 293376 1134
235854 293376 1134
235854 293376 1134
235854 293376 1134
235854 293376 1134
235854 293376 1134
235854 293376 1134
235854 293376 1134
235854 293376 1134
235854 293376 1134
235974 235862 1135
235974 235862 1135
235974 235862 1135
235974 235862 1135
235974 235862 1135
235974 235862 1135
235974 235862 1135
235974 235862 1135
235974 235862 1135
235974 235862 1135
235974 235862 1135
235974 235862 1135
235974 235862 1135
235977 235862 1136
235977 235862 1136
235977 235862 1136
235977 235862 1136
235977 235862 1136
235977 235862 1136
235977 235862 1136
235977 235862 1136
235977 235862 1136
235977 235862 1136
235977 235862 1136
235977 235862 1136
289159 283698 1138
289159 283698 1138
289159 283698 1138
289159 283698 1138
289159 283698 1138
289159 283698 1138
289159 283698 1138
289159 283698 1138
289159 283698 1138
289159 283698 1138
289159 283698 1138
289159 283698 1138
289159 283698 1138
285260 236891 1139
285260 236891 1139
285260 236891 1139
285260 236891 1139
285260 236891 1139
285260 236891 1139
285260 236891 1139
285260 236891 1139
285260 236891 1139
285260 236891 1139
285260 236891 1139
285260 236891 1139
225616 243734 1140
225616 243734 1140
225616 243734 1140
225616 243734 1140
225616 243734 1140
225616 243734 1140
225616 243734 1140
225616 243734 1140
225616 243734 1140
225616 243734 1140
225616 243734 1140
225616 243734 1140
193627 193096 1140
193627 193096 1140
193627 193096 1140
193627 193096 1140
193627 193096 1140
193627 193096 1140
193627 193096 1140
193627 193096 1140
193627 193096 1140
193627 193096 1140
193627 193096 1140
193627 193096 1140
237971 292427 1141
237971 292427 1141
237971 292427 1141
237971 292427 1141
237971 292427 1141
237971 292427 1141
237971 292427 1141
237971 292427 1141
237971 292427 1141
237971 292427 1141
237971 292427 1141
237971 292427 1141
237971 292427 1141
229521 235132 1144
229521 235132 1144
229521 235132 1144
229521 235132 1144
229521 235132 1144
229521 235132 1144
229521 235132 1144
229521 235132 1144
229521 235132 1144
229521 235132 1144
229521 235132 1144
229521 235132 1144
229521 235132 1144
176272 237848 1145
176272 237848 1145
176272 237848 1145
176272 237848 1145
176272 237848 1145
176272 237848 1145
176272 237848 1145
176272 237848 1145
176272 237848 1145
176272 237848 1145
176272 237848 1145
176272 237848 1145
176272 237848 1145
195498 196680 1145
195498 196680 1145
195498 196680 1145
195498 196680 1145
195498 196680 1145
195498 196680 1145
195498 196680 1145
195498 196680 1145
195498 196680 1145
195498 196680 1145
195498 196680 1145
195498 196680 1145
165338 293675 1145
165338 293675 1145
165338 293675 1145
165338 293675 1145
165338 293675 1145
165338 293675 1145
165338 293675 1145
165338 293675 1145
165338 293675 1145
165338 293675 1145
165338 293675 1145
165338 293675 1145
234244 14842 1145
234244 14842 1145
234244 14842 1145
234244 14842 1145
234244 14842 1145
234244 14842 1145
234244 14842 1145
234244 14842 1145
234244 14842 1145
234244 14842 1145
234244 14842 1145
234244 14842 1145
234244 14842 1145
285274 294127 1145
285274 294127 1145
285274 294127 1145
285274 294127 1145
285274 294127 1145
285274 294127 1145
285274 294127 1145
285274 294127 1145
285274 294127 1145
285274 294127 1145
285274 294127 1145
285274 294127 1145
186852 10596 1145
186852 10596 1145
186852 10596 1145
186852 10596 1145
186852 10596 1145
186852 10596 1145
186852 10596 1145
186852 10596 1145
186852 10596 1145
186852 10596 1145
186852 10596 1145
186852 10596 1145
243708 225646 1145
243708 225646 1145
243708 225646 1145
243708 225646 1145
243708 225646 1145
243708 225646 1145
243708 225646 1145
243708 225646 1145
243708 225646 1145
243708 225646 1145
243708 225646 1145
243708 225646 1145
243708 225646 1145
176254 236105 1146
176254 236105 1146
176254 236105 1146
176254 236105 1146
176254 236105 1146
176254 236105 1146
176254 236105 1146
176254 236105 1146
176254 236105 1146
176254 236105 1146
176254 236105 1146
176254 236105 1146
236839 226394 1148
236839 226394 1148
236839 226394 1148
236839 226394 1148
236839 226394 1148
236839 226394 1148
236839 226394 1148
236839 226394 1148
236839 226394 1148
236839 226394 1148
236839 226394 1148
236839 226394 1148
236839 226394 1148
285186 294569 1149
285186 294569 1149
285186 294569 1149
285186 294569 1149
285186 294569 1149
285186 294569 1149
285186 294569 1149
285186 294569 1149
285186 294569 1149
285186 294569 1149
285186 294569 1149
285186 294569 1149
285186 294569 1149
236105 228466 1149
236105 228466 1149
236105 228466 1149
236105 228466 1149
236105 228466 1149
236105 228466 1149
236105 228466 1149
236105 228466 1149
236105 228466 1149
236105 228466 1149
236105 228466 1149
236105 228466 1149
236105 228466 1149
227532 267889 1149
227532 267889 1149
227532 267889 1149
227532 267889 1149
227532 267889 1149
227532 267889 1149
227532 267889 1149
227532 267889 1149
227532 267889 1149
227532 267889 1149
227532 267889 1149
227532 267889 1149
227532 267889 1149
183759 195237 1149
183759 195237 1149
183759 195237 1149
183759 195237 1149
183759 195237 1149
183759 195237 1149
183759 195237 1149
183759 195237 1149
183759 195237 1149
183759 195237 1149
183759 195237 1149
183759 195237 1149
227540 228457 1149
227540 228457 1149
227540 228457 1149
227540 228457 1149
227540 228457 1149
227540 228457 1149
227540 228457 1149
227540 228457 1149
227540 228457 1149
227540 228457 1149
227540 228457 1149
227540 228457 1149
227540 228457 1149
193611 188437 1152
193611 188437 1152
193611 188437 1152
193611 188437 1152
193611 188437 1152
193611 188437 1152
193611 188437 1152
193611 188437 1152
193611 188437 1152
193611 188437 1152
193611 188437 1152
193611 188437 1152
226525 198582 1152
226525 198582 1152
226525 198582 1152
226525 198582 1152
226525 198582 1152
226525 198582 1152
226525 198582 1152
226525 198582 1152
226525 198582 1152
226525 198582 1152
226525 198582 1152
226525 198582 1152
226525 198582 1152
232030 238438 1153
232030 238438 1153
232030 238438 1153
232030 238438 1153
232030 238438 1153
232030 238438 1153
232030 238438 1153
232030 238438 1153
232030 238438 1153
232030 238438 1153
232030 238438 1153
232030 238438 1153
232030 238438 1153
195017 183781 1153
195017 183781 1153
195017 183781 1153
195017 183781 1153
195017 183781 1153
195017 183781 1153
195017 183781 1153
195017 183781 1153
195017 183781 1153
195017 183781 1153
195017 183781 1153
195017 183781 1153
285491 265841 1153
285491 265841 1153
285491 265841 1153
285491 265841 1153
285491 265841 1153
285491 265841 1153
285491 265841 1153
285491 265841 1153
285491 265841 1153
285491 265841 1153
285491 265841 1153
285491 265841 1153
285491 265841 1153
290810 235966 1153
290810 235966 1153
290810 235966 1153
290810 235966 1153
290810 235966 1153
290810 235966 1153
290810 235966 1153
290810 235966 1153
290810 235966 1153
290810 235966 1153
290810 235966 1153
290810 235966 1153
249349 195511 1155
249349 195511 1155
249349 195511 1155
249349 195511 1155
249349 195511 1155
249349 195511 1155
249349 195511 1155
249349 195511 1155
249349 195511 1155
249349 195511 1155
249349 195511 1155
249349 195511 1155
191601 169456 1156
191601 169456 1156
191601 169456 1156
191601 169456 1156
191601 169456 1156
191601 169456 1156
191601 169456 1156
191601 169456 1156
191601 169456 1156
191601 169456 1156
191601 169456 1156
191601 169456 1156
195024 186780 1156
195024 186780 1156
195024 186780 1156
195024 186780 1156
195024 186780 1156
195024 186780 1156
195024 186780 1156
195024 186780 1156
195024 186780 1156
195024 186780 1156
195024 186780 1156
195024 186780 1156
195024 186780 1156
250582 226970 1157
250582 226970 1157
250582 226970 1157
250582 226970 1157
250582 226970 1157
250582 226970 1157
250582 226970 1157
250582 226970 1157
250582 226970 1157
250582 226970 1157
250582 226970 1157
250582 226970 1157
174461 184866 1157
174461 184866 1157
174461 184866 1157
174461 184866 1157
174461 184866 1157
174461 184866 1157
174461 184866 1157
174461 184866 1157
174461 184866 1157
174461 184866 1157
174461 184866 1157
174461 184866 1157
196309 191606 1157
196309 191606 1157
196309 191606 1157
196309 191606 1157
196309 191606 1157
196309 191606 1157
196309 191606 1157
196309 191606 1157
196309 191606 1157
196309 191606 1157
196309 191606 1157
196309 191606 1157
196309 191606 1157
151466 225945 1158
151466 225945 1158
151466 225945 1158
151466 225945 1158
151466 225945 1158
151466 225945 1158
151466 225945 1158
151466 225945 1158
151466 225945 1158
151466 225945 1158
151466 225945 1158
151466 225945 1158
250558 226970 1158
250558 226970 1158
250558 226970 1158
250558 226970 1158
250558 226970 1158
250558 226970 1158
250558 226970 1158
250558 226970 1158
250558 226970 1158
250558 226970 1158
250558 226970 1158
250558 226970 1158
268501 283694 1158
268501 283694 1158
268501 283694 1158
268501 283694 1158
268501 283694 1158
268501 283694 1158
268501 283694 1158
268501 283694 1158
268501 283694 1158
268501 283694 1158
268501 283694 1158
268501 283694 1158
268501 283694 1158
227541 242127 1159
227541 242127 1159
227541 242127 1159
227541 242127 1159
227541 242127 1159
227541 242127 1159
227541 242127 1159
227541 242127 1159
227541 242127 1159
227541 242127 1159
227541 242127 1159
227541 242127 1159
290116 230396 1159
290116 230396 1159
290116 230396 1159
290116 230396 1159
290116 230396 1159
290116 230396 1159
290116 230396 1159
290116 230396 1159
290116 230396 1159
290116 230396 1159
290116 230396 1159
290116 230396 1159
295082 246816 1160
295082 246816 1160
295082 246816 1160
295082 246816 1160
295082 246816 1160
295082 246816 1160
295082 246816 1160
295082 246816 1160
295082 246816 1160
295082 246816 1160
295082 246816 1160
295082 246816 1160
193432 191005 1161
193432 191005 1161
193432 191005 1161
193432 191005 1161
193432 191005 1161
193432 191005 1161
193432 191005 1161
193432 191005 1161
193432 191005 1161
193432 191005 1161
193432 191005 1161
193432 191005 1161
193432 191005 1161
151125 14725 1162
151125 14725 1162
151125 14725 1162
151125 14725 1162
151125 14725 1162
151125 14725 1162
151125 14725 1162
151125 14725 1162
151125 14725 1162
151125 14725 1162
151125 14725 1162
151125 14725 1162
151125 14725 1162
282533 250619 1162
282533 250619 1162
282533 250619 1162
282533 250619 1162
282533 250619 1162
282533 250619 1162
282533 250619 1162
282533 250619 1162
282533 250619 1162
282533 250619 1162
282533 250619 1162
282533 250619 1162
190800 204219 1162
190800 204219 1162
190800 204219 1162
190800 204219 1162
190800 204219 1162
190800 204219 1162
190800 204219 1162
190800 204219 1162
190800 204219 1162
190800 204219 1162
190800 204219 1162
190800 204219 1162
234242 227095 1162
234242 227095 1162
234242 227095 1162
234242 227095 1162
234242 227095 1162
234242 227095 1162
234242 227095 1162
234242 227095 1162
234242 227095 1162
234242 227095 1162
234242 227095 1162
234242 227095 1162
289527 285375 1162
289527 285375 1162
289527 285375 1162
289527 285375 1162
289527 285375 1162
289527 285375 1162
289527 285375 1162
289527 285375 1162
289527 285375 1162
289527 285375 1162
289527 285375 1162
289527 285375 1162
289527 285375 1162
289745 293377 1162
289745 293377 1162
289745 293377 1162
289745 293377 1162
289745 293377 1162
289745 293377 1162
289745 293377 1162
289745 293377 1162
289745 293377 1162
289745 293377 1162
289745 293377 1162
289745 293377 1162
232832 289527 1163
232832 289527 1163
232832 289527 1163
232832 289527 1163
232832 289527 1163
232832 289527 1163
232832 289527 1163
232832 289527 1163
232832 289527 1163
232832 289527 1163
232832 289527 1163
232832 289527 1163
232832 289527 1163
242127 285354 1163
242127 285354 1163
242127 285354 1163
242127 285354 1163
242127 285354 1163
242127 285354 1163
242127 285354 1163
242127 285354 1163
242127 285354 1163
242127 285354 1163
242127 285354 1163
242127 285354 1163
203200 208299 1163
203200 208299 1163
203200 208299 1163
203200 208299 1163
203200 208299 1163
203200 208299 1163
203200 208299 1163
203200 208299 1163
203200 208299 1163
203200 208299 1163
203200 208299 1163
203200 208299 1163
203200 208299 1163
190992 170593 1164
190992 170593 1164
190992 170593 1164
190992 170593 1164
190992 170593 1164
190992 170593 1164
190992 170593 1164
190992 170593 1164
190992 170593 1164
190992 170593 1164
190992 170593 1164
190992 170593 1164
190992 170593 1164
285375 240450 1164
285375 240450 1164
285375 240450 1164
285375 240450 1164
285375 240450 1164
285375 240450 1164
285375 240450 1164
285375 240450 1164
285375 240450 1164
285375 240450 1164
285375 240450 1164
285375 240450 1164
285375 240450 1164
191679 241444 1165
191679 241444 1165
191679 241444 1165
191679 241444 1165
191679 241444 1165
191679 241444 1165
191679 241444 1165
191679 241444 1165
191679 241444 1165
191679 241444 1165
191679 241444 1165
191679 241444 1165
191679 241444 1165
236898 236880 1165
236898 236880 1165
236898 236880 1165
236898 236880 1165
236898 236880 1165
236898 236880 1165
236898 236880 1165
236898 236880 1165
236898 236880 1165
236898 236880 1165
236898 236880 1165
236898 236880 1165
235130 226974 1168
235130 226974 1168
235130 226974 1168
235130 226974 1168
235130 226974 1168
235130 226974 1168
235130 226974 1168
235130 226974 1168
235130 226974 1168
235130 226974 1168
235130 226974 1168
235130 226974 1168
188437 236480 1168
188437 236480 1168
188437 236480 1168
188437 236480 1168
188437 236480 1168
188437 236480 1168
188437 236480 1168
188437 236480 1168
188437 236480 1168
188437 236480 1168
188437 236480 1168
188437 236480 1168
230543 243790 1169
230543 243790 1169
230543 243790 1169
230543 243790 1169
230543 243790 1169
230543 243790 1169
230543 243790 1169
230543 243790 1169
230543 243790 1169
230543 243790 1169
230543 243790 1169
230543 243790 1169
230543 243790 1169
236835 227852 1169
236835 227852 1169
236835 227852 1169
236835 227852 1169
236835 227852 1169
236835 227852 1169
236835 227852 1169
236835 227852 1169
236835 227852 1169
236835 227852 1169
236835 227852 1169
236835 227852 1169
236835 227852 1169
173873 235658 1169
173873 235658 1169
173873 235658 1169
173873 235658 1169
173873 235658 1169
173873 235658 1169
173873 235658 1169
173873 235658 1169
173873 235658 1169
173873 235658 1169
173873 235658 1169
173873 235658 1169
173873 235658 1169
242212 208315 1171
242212 208315 1171
242212 208315 1171
242212 208315 1171
242212 208315 1171
242212 208315 1171
242212 208315 1171
242212 208315 1171
242212 208315 1171
242212 208315 1171
242212 208315 1171
242212 208315 1171
294270 245982 1172
294270 245982 1172
294270 245982 1172
294270 245982 1172
294270 245982 1172
294270 245982 1172
294270 245982 1172
294270 245982 1172
294270 245982 1172
294270 245982 1172
294270 245982 1172
294270 245982 1172
173825 203454 1172
173825 203454 1172
173825 203454 1172
173825 203454 1172
173825 203454 1172
173825 203454 1172
173825 203454 1172
173825 203454 1172
173825 203454 1172
173825 203454 1172
173825 203454 1172
173825 203454 1172
242212 232832 1175
242212 232832 1175
242212 232832 1175
242212 232832 1175
242212 232832 1175
242212 232832 1175
242212 232832 1175
242212 232832 1175
242212 232832 1175
242212 232832 1175
242212 232832 1175
242212 232832 1175
242212 232832 1175
183759 160250 1177
183759 160250 1177
183759 160250 1177
183759 160250 1177
183759 160250 1177
183759 160250 1177
183759 160250 1177
183759 160250 1177
183759 160250 1177
183759 160250 1177
183759 160250 1177
183759 160250 1177
235013 242334 1178
235013 242334 1178
235013 242334 1178
235013 242334 1178
235013 242334 1178
235013 242334 1178
235013 242334 1178
235013 242334 1178
235013 242334 1178
235013 242334 1178
235013 242334 1178
235013 242334 1178
235013 242334 1178
294618 11107 1181
294618 11107 1181
294618 11107 1181
294618 11107 1181
294618 11107 1181
294618 11107 1181
294618 11107 1181
294618 11107 1181
294618 11107 1181
294618 11107 1181
294618 11107 1181
294618 11107 1181
294618 11107 1181
267921 251999 1181
267921 251999 1181
267921 251999 1181
267921 251999 1181
267921 251999 1181
267921 251999 1181
267921 251999 1181
267921 251999 1181
267921 251999 1181
267921 251999 1181
267921 251999 1181
267921 251999 1181
193954 190964 1182
193954 190964 1182
193954 190964 1182
193954 190964 1182
193954 190964 1182
193954 190964 1182
193954 190964 1182
193954 190964 1182
193954 190964 1182
193954 190964 1182
193954 190964 1182
193954 190964 1182
193954 190964 1182
240866 230143 1183
240866 230143 1183
240866 230143 1183
240866 230143 1183
240866 230143 1183
240866 230143 1183
240866 230143 1183
240866 230143 1183
240866 230143 1183
240866 230143 1183
240866 230143 1183
240866 230143 1183
240866 230143 1183
231862 242416 1183
231862 242416 1183
231862 242416 1183
231862 242416 1183
231862 242416 1183
231862 242416 1183
231862 242416 1183
231862 242416 1183
231862 242416 1183
231862 242416 1183
231862 242416 1183
231862 242416 1183
231862 242416 1183
4138 238637 1183
4138 238637 1183
4138 238637 1183
4138 238637 1183
4138 238637 1183
4138 238637 1183
4138 238637 1183
4138 238637 1183
4138 238637 1183
4138 238637 1183
4138 238637 1183
4138 238637 1183
265960 265409 1184
265960 265409 1184
265960 265409 1184
265960 265409 1184
265960 265409 1184
265960 265409 1184
265960 265409 1184
265960 265409 1184
265960 265409 1184
265960 265409 1184
265960 265409 1184
265960 265409 1184
265960 265409 1184
242416 226473 1185
242416 226473 1185
242416 226473 1185
242416 226473 1185
242416 226473 1185
242416 226473 1185
242416 226473 1185
242416 226473 1185
242416 226473 1185
242416 226473 1185
242416 226473 1185
242416 226473 1185
242416 226473 1185
191606 236105 1185
191606 236105 1185
191606 236105 1185
191606 236105 1185
191606 236105 1185
191606 236105 1185
191606 236105 1185
191606 236105 1185
191606 236105 1185
191606 236105 1185
191606 236105 1185
191606 236105 1185
191606 236105 1185
228107 242604 1186
228107 242604 1186
228107 242604 1186
228107 242604 1186
228107 242604 1186
228107 242604 1186
228107 242604 1186
228107 242604 1186
228107 242604 1186
228107 242604 1186
228107 242604 1186
228107 242604 1186
228107 242604 1186
231504 12057 1187
231504 12057 1187
231504 12057 1187
231504 12057 1187
231504 12057 1187
231504 12057 1187
231504 12057 1187
231504 12057 1187
231504 12057 1187
231504 12057 1187
231504 12057 1187
231504 12057 1187
231504 12057 1187
10596 193910 1188
10596 193910 1188
10596 193910 1188
10596 193910 1188
10596 193910 1188
10596 193910 1188
10596 193910 1188
10596 193910 1188
10596 193910 1188
10596 193910 1188
10596 193910 1188
10596 193910 1188
10596 193910 1188
226971 262511 1188
226971 262511 1188
226971 262511 1188
226971 262511 1188
226971 262511 1188
226971 262511 1188
226971 262511 1188
226971 262511 1188
226971 262511 1188
226971 262511 1188
226971 262511 1188
226971 262511 1188
12057 236206 1189
12057 236206 1189
12057 236206 1189
12057 236206 1189
12057 236206 1189
12057 236206 1189
12057 236206 1189
12057 236206 1189
12057 236206 1189
12057 236206 1189
12057 236206 1189
12057 236206 1189
12057 236206 1189
226753 292432 1189
226753 292432 1189
226753 292432 1189
226753 292432 1189
226753 292432 1189
226753 292432 1189
226753 292432 1189
226753 292432 1189
226753 292432 1189
226753 292432 1189
226753 292432 1189
226753 292432 1189
195617 265481 1191
195617 265481 1191
195617 265481 1191
195617 265481 1191
195617 265481 1191
195617 265481 1191
195617 265481 1191
195617 265481 1191
195617 265481 1191
195617 265481 1191
195617 265481 1191
195617 265481 1191
195617 265481 1191
231268 240722 1196
231268 240722 1196
231268 240722 1196
231268 240722 1196
231268 240722 1196
231268 240722 1196
231268 240722 1196
231268 240722 1196
231268 240722 1196
231268 240722 1196
231268 240722 1196
231268 240722 1196
227020 231473 1196
227020 231473 1196
227020 231473 1196
227020 231473 1196
227020 231473 1196
227020 231473 1196
227020 231473 1196
227020 231473 1196
227020 231473 1196
227020 231473 1196
227020 231473 1196
227020 231473 1196
227250 230708 1197
227250 230708 1197
227250 230708 1197
227250 230708 1197
227250 230708 1197
227250 230708 1197
227250 230708 1197
227250 230708 1197
227250 230708 1197
227250 230708 1197
227250 230708 1197
227250 230708 1197
235995 228709 1198
235995 228709 1198
235995 228709 1198
235995 228709 1198
235995 228709 1198
235995 228709 1198
235995 228709 1198
235995 228709 1198
235995 228709 1198
235995 228709 1198
235995 228709 1198
235995 228709 1198
230708 227093 1199
230708 227093 1199
230708 227093 1199
230708 227093 1199
230708 227093 1199
230708 227093 1199
230708 227093 1199
230708 227093 1199
230708 227093 1199
230708 227093 1199
230708 227093 1199
230708 227093 1199
226230 238637 1199
226230 238637 1199
226230 238637 1199
226230 238637 1199
226230 238637 1199
226230 238637 1199
226230 238637 1199
226230 238637 1199
226230 238637 1199
226230 238637 1199
226230 238637 1199
226230 238637 1199
226230 238637 1199
227885 237914 1199
227885 237914 1199
227885 237914 1199
227885 237914 1199
227885 237914 1199
227885 237914 1199
227885 237914 1199
227885 237914 1199
227885 237914 1199
227885 237914 1199
227885 237914 1199
227885 237914 1199
227885 237914 1199
234245 238552 1200
234245 238552 1200
234245 238552 1200
234245 238552 1200
234245 238552 1200
234245 238552 1200
234245 238552 1200
234245 238552 1200
234245 238552 1200
234245 238552 1200
234245 238552 1200
234245 238552 1200
237851 237971 1200
237851 237971 1200
237851 237971 1200
237851 237971 1200
237851 237971 1200
237851 237971 1200
237851 237971 1200
237851 237971 1200
237851 237971 1200
237851 237971 1200
237851 237971 1200
237851 237971 1200
229523 225935 1202
229523 225935 1202
229523 225935 1202
229523 225935 1202
229523 225935 1202
229523 225935 1202
229523 225935 1202
229523 225935 1202
229523 225935 1202
229523 225935 1202
229523 225935 1202
229523 225935 1202
229523 225935 1202
195340 3390 1204
195340 3390 1204
195340 3390 1204
195340 3390 1204
195340 3390 1204
195340 3390 1204
195340 3390 1204
195340 3390 1204
195340 3390 1204
195340 3390 1204
195340 3390 1204
195340 3390 1204
233586 246121 1206
233586 246121 1206
233586 246121 1206
233586 246121 1206
233586 246121 1206
233586 246121 1206
233586 246121 1206
233586 246121 1206
233586 246121 1206
233586 246121 1206
233586 246121 1206
233586 246121 1206
188432 208217 1206
188432 208217 1206
188432 208217 1206
188432 208217 1206
188432 208217 1206
188432 208217 1206
188432 208217 1206
188432 208217 1206
188432 208217 1206
188432 208217 1206
188432 208217 1206
188432 208217 1206
188432 208217 1206
239189 235974 1207
239189 235974 1207
239189 235974 1207
239189 235974 1207
239189 235974 1207
239189 235974 1207
239189 235974 1207
239189 235974 1207
239189 235974 1207
239189 235974 1207
239189 235974 1207
239189 235974 1207
239189 235974 1207
227237 228153 1208
227237 228153 1208
227237 228153 1208
227237 228153 1208
227237 228153 1208
227237 228153 1208
227237 228153 1208
227237 228153 1208
227237 228153 1208
227237 228153 1208
227237 228153 1208
227237 228153 1208
227237 228153 1208
202632 195341 1209
202632 195341 1209
202632 195341 1209
202632 195341 1209
202632 195341 1209
202632 195341 1209
202632 195341 1209
202632 195341 1209
202632 195341 1209
202632 195341 1209
202632 195341 1209
202632 195341 1209
226840 252022 1209
226840 252022 1209
226840 252022 1209
226840 252022 1209
226840 252022 1209
226840 252022 1209
226840 252022 1209
226840 252022 1209
226840 252022 1209
226840 252022 1209
226840 252022 1209
226840 252022 1209
235876 150450 1210
235876 150450 1210
235876 150450 1210
235876 150450 1210
235876 150450 1210
235876 150450 1210
235876 150450 1210
235876 150450 1210
235876 150450 1210
235876 150450 1210
235876 150450 1210
235876 150450 1210
237374 240557 1212
237374 240557 1212
237374 240557 1212
237374 240557 1212
237374 240557 1212
237374 240557 1212
237374 240557 1212
237374 240557 1212
237374 240557 1212
237374 240557 1212
237374 240557 1212
237374 240557 1212
294272 186863 1214
294272 186863 1214
294272 186863 1214
294272 186863 1214
294272 186863 1214
294272 186863 1214
294272 186863 1214
294272 186863 1214
294272 186863 1214
294272 186863 1214
294272 186863 1214
294272 186863 1214
294272 186863 1214
242072 226958 1214
242072 226958 1214
242072 226958 1214
242072 226958 1214
242072 226958 1214
242072 226958 1214
242072 226958 1214
242072 226958 1214
242072 226958 1214
242072 226958 1214
242072 226958 1214
242072 226958 1214
235690 160250 1217
235690 160250 1217
235690 160250 1217
235690 160250 1217
235690 160250 1217
235690 160250 1217
235690 160250 1217
235690 160250 1217
235690 160250 1217
235690 160250 1217
235690 160250 1217
235690 160250 1217
265906 250704 1217
265906 250704 1217
265906 250704 1217
265906 250704 1217
265906 250704 1217
265906 250704 1217
265906 250704 1217
265906 250704 1217
265906 250704 1217
265906 250704 1217
265906 250704 1217
265906 250704 1217
187566 3390 1217
187566 3390 1217
187566 3390 1217
187566 3390 1217
187566 3390 1217
187566 3390 1217
187566 3390 1217
187566 3390 1217
187566 3390 1217
187566 3390 1217
187566 3390 1217
187566 3390 1217
187566 3390 1217
291226 284252 1218
291226 284252 1218
291226 284252 1218
291226 284252 1218
291226 284252 1218
291226 284252 1218
291226 284252 1218
291226 284252 1218
291226 284252 1218
291226 284252 1218
291226 284252 1218
291226 284252 1218
291226 284252 1218
230956 242127 1218
230956 242127 1218
230956 242127 1218
230956 242127 1218
230956 242127 1218
230956 242127 1218
230956 242127 1218
230956 242127 1218
230956 242127 1218
230956 242127 1218
230956 242127 1218
230956 242127 1218
230956 242127 1218
175969 293359 1219
175969 293359 1219
175969 293359 1219
175969 293359 1219
175969 293359 1219
175969 293359 1219
175969 293359 1219
175969 293359 1219
175969 293359 1219
175969 293359 1219
175969 293359 1219
175969 293359 1219
160241 193581 1219
160241 193581 1219
160241 193581 1219
160241 193581 1219
160241 193581 1219
160241 193581 1219
160241 193581 1219
160241 193581 1219
160241 193581 1219
160241 193581 1219
160241 193581 1219
160241 193581 1219
160241 193581 1219
230957 231862 1220
230957 231862 1220
230957 231862 1220
230957 231862 1220
230957 231862 1220
230957 231862 1220
230957 231862 1220
230957 231862 1220
230957 231862 1220
230957 231862 1220
230957 231862 1220
230957 231862 1220
175945 200264 1220
175945 200264 1220
175945 200264 1220
175945 200264 1220
175945 200264 1220
175945 200264 1220
175945 200264 1220
175945 200264 1220
175945 200264 1220
175945 200264 1220
175945 200264 1220
175945 200264 1220
284252 294569 1221
284252 294569 1221
284252 294569 1221
284252 294569 1221
284252 294569 1221
284252 294569 1221
284252 294569 1221
284252 294569 1221
284252 294569 1221
284252 294569 1221
284252 294569 1221
284252 294569 1221
230956 242127 1223
230956 242127 1223
230956 242127 1223
230956 242127 1223
230956 242127 1223
230956 242127 1223
230956 242127 1223
230956 242127 1223
230956 242127 1223
230956 242127 1223
230956 242127 1223
230956 242127 1223
230956 242127 1223
14666 226516 1223
14666 226516 1223
14666 226516 1223
14666 226516 1223
14666 226516 1223
14666 226516 1223
14666 226516 1223
14666 226516 1223
14666 226516 1223
14666 226516 1223
14666 226516 1223
14666 226516 1223
14666 226516 1223
240640 228112 1224
240640 228112 1224
240640 228112 1224
240640 228112 1224
240640 228112 1224
240640 228112 1224
240640 228112 1224
240640 228112 1224
240640 228112 1224
240640 228112 1224
240640 228112 1224
240640 228112 1224
240640 228112 1224
234243 227537 1225
234243 227537 1225
234243 227537 1225
234243 227537 1225
234243 227537 1225
234243 227537 1225
234243 227537 1225
234243 227537 1225
234243 227537 1225
234243 227537 1225
234243 227537 1225
234243 227537 1225
234243 227537 1225
242127 232074 1226
242127 232074 1226
242127 232074 1226
242127 232074 1226
242127 232074 1226
242127 232074 1226
242127 232074 1226
242127 232074 1226
242127 232074 1226
242127 232074 1226
242127 232074 1226
242127 232074 1226
235683 236888 1226
235683 236888 1226
235683 236888 1226
235683 236888 1226
235683 236888 1226
235683 236888 1226
235683 236888 1226
235683 236888 1226
235683 236888 1226
235683 236888 1226
235683 236888 1226
235683 236888 1226
235683 236888 1226
237964 203454 1226
237964 203454 1226
237964 203454 1226
237964 203454 1226
237964 203454 1226
237964 203454 1226
237964 203454 1226
237964 203454 1226
237964 203454 1226
237964 203454 1226
237964 203454 1226
237964 203454 1226
237964 203454 1226
227260 228112 1227
227260 228112 1227
227260 228112 1227
227260 228112 1227
227260 228112 1227
227260 228112 1227
227260 228112 1227
227260 228112 1227
227260 228112 1227
227260 228112 1227
227260 228112 1227
227260 228112 1227
204226 173926 1227
204226 173926 1227
204226 173926 1227
204226 173926 1227
204226 173926 1227
204226 173926 1227
204226 173926 1227
204226 173926 1227
204226 173926 1227
204226 173926 1227
204226 173926 1227
204226 173926 1227
204226 173926 1227
296545 282823 1229
296545 282823 1229
296545 282823 1229
296545 282823 1229
296545 282823 1229
296545 282823 1229
296545 282823 1229
296545 282823 1229
296545 282823 1229
296545 282823 1229
296545 282823 1229
296545 282823 1229
160293 206267 1232
160293 206267 1232
160293 206267 1232
160293 206267 1232
160293 206267 1232
160293 206267 1232
160293 206267 1232
160293 206267 1232
160293 206267 1232
160293 206267 1232
160293 206267 1232
160293 206267 1232
160293 206267 1232
256628 293324 1233
256628 293324 1233
256628 293324 1233
256628 293324 1233
256628 293324 1233
256628 293324 1233
256628 293324 1233
256628 293324 1233
256628 293324 1233
256628 293324 1233
256628 293324 1233
256628 293324 1233
256628 293324 1233
3419 176495 1234
3419 176495 1234
3419 176495 1234
3419 176495 1234
3419 176495 1234
3419 176495 1234
3419 176495 1234
3419 176495 1234
3419 176495 1234
3419 176495 1234
3419 176495 1234
3419 176495 1234
3419 176495 1234
232922 230665 1236
232922 230665 1236
232922 230665 1236
232922 230665 1236
232922 230665 1236
232922 230665 1236
232922 230665 1236
232922 230665 1236
232922 230665 1236
232922 230665 1236
232922 230665 1236
232922 230665 1236
232922 230665 1236
236206 283694 1238
236206 283694 1238
236206 283694 1238
236206 283694 1238
236206 283694 1238
236206 283694 1238
236206 283694 1238
236206 283694 1238
236206 283694 1238
236206 283694 1238
236206 283694 1238
236206 283694 1238
236206 283694 1238
187755 267220 1239
187755 267220 1239
187755 267220 1239
187755 267220 1239
187755 267220 1239
187755 267220 1239
187755 267220 1239
187755 267220 1239
187755 267220 1239
187755 267220 1239
187755 267220 1239
187755 267220 1239
296709 236888 1239
296709 236888 1239
296709 236888 1239
296709 236888 1239
296709 236888 1239
296709 236888 1239
296709 236888 1239
296709 236888 1239
296709 236888 1239
296709 236888 1239
296709 236888 1239
296709 236888 1239
14812 227237 1240
14812 227237 1240
14812 227237 1240
14812 227237 1240
14812 227237 1240
14812 227237 1240
14812 227237 1240
14812 227237 1240
14812 227237 1240
14812 227237 1240
14812 227237 1240
14812 227237 1240
235982 236015 1241
235982 236015 1241
235982 236015 1241
235982 236015 1241
235982 236015 1241
235982 236015 1241
235982 236015 1241
235982 236015 1241
235982 236015 1241
235982 236015 1241
235982 236015 1241
235982 236015 1241
242142 227532 1241
242142 227532 1241
242142 227532 1241
242142 227532 1241
242142 227532 1241
242142 227532 1241
242142 227532 1241
242142 227532 1241
242142 227532 1241
242142 227532 1241
242142 227532 1241
242142 227532 1241
242142 227532 1241
206155 210065 1241
206155 210065 1241
206155 210065 1241
206155 210065 1241
206155 210065 1241
206155 210065 1241
206155 210065 1241
206155 210065 1241
206155 210065 1241
206155 210065 1241
206155 210065 1241
206155 210065 1241
153036 170586 1241
153036 170586 1241
153036 170586 1241
153036 170586 1241
153036 170586 1241
153036 170586 1241
153036 170586 1241
153036 170586 1241
153036 170586 1241
153036 170586 1241
153036 170586 1241
153036 170586 1241
293641 227077 1242
293641 227077 1242
293641 227077 1242
293641 227077 1242
293641 227077 1242
293641 227077 1242
293641 227077 1242
293641 227077 1242
293641 227077 1242
293641 227077 1242
293641 227077 1242
293641 227077 1242
231496 227828 1243
231496 227828 1243
231496 227828 1243
231496 227828 1243
231496 227828 1243
231496 227828 1243
231496 227828 1243
231496 227828 1243
231496 227828 1243
231496 227828 1243
231496 227828 1243
231496 227828 1243
231496 227828 1243
296107 241873 1243
296107 241873 1243
296107 241873 1243
296107 241873 1243
296107 241873 1243
296107 241873 1243
296107 241873 1243
296107 241873 1243
296107 241873 1243
296107 241873 1243
296107 241873 1243
296107 241873 1243
296107 241873 1243
228056 226251 1245
228056 226251 1245
228056 226251 1245
228056 226251 1245
228056 226251 1245
228056 226251 1245
228056 226251 1245
228056 226251 1245
228056 226251 1245
228056 226251 1245
228056 226251 1245
228056 226251 1245
226394 227044 1245
226394 227044 1245
226394 227044 1245
226394 227044 1245
226394 227044 1245
226394 227044 1245
226394 227044 1245
226394 227044 1245
226394 227044 1245
226394 227044 1245
226394 227044 1245
226394 227044 1245
226394 227044 1245
231890 226271 1246
231890 226271 1246
231890 226271 1246
231890 226271 1246
231890 226271 1246
231890 226271 1246
231890 226271 1246
231890 226271 1246
231890 226271 1246
231890 226271 1246
231890 226271 1246
231890 226271 1246
235977 267934 1247
235977 267934 1247
235977 267934 1247
235977 267934 1247
235977 267934 1247
235977 267934 1247
235977 267934 1247
235977 267934 1247
235977 267934 1247
235977 267934 1247
235977 267934 1247
235977 267934 1247
235977 267934 1247
191609 204219 1247
191609 204219 1247
191609 204219 1247
191609 204219 1247
191609 204219 1247
191609 204219 1247
191609 204219 1247
191609 204219 1247
191609 204219 1247
191609 204219 1247
191609 204219 1247
191609 204219 1247
242460 243766 1249
242460 243766 1249
242460 243766 1249
242460 243766 1249
242460 243766 1249
242460 243766 1249
242460 243766 1249
242460 243766 1249
242460 243766 1249
242460 243766 1249
242460 243766 1249
242460 243766 1249
289620 246114 1249
289620 246114 1249
289620 246114 1249
289620 246114 1249
289620 246114 1249
289620 246114 1249
289620 246114 1249
289620 246114 1249
289620 246114 1249
289620 246114 1249
289620 246114 1249
289620 246114 1249
14725 292454 1250
14725 292454 1250
14725 292454 1250
14725 292454 1250
14725 292454 1250
14725 292454 1250
14725 292454 1250
14725 292454 1250
14725 292454 1250
14725 292454 1250
14725 292454 1250
14725 292454 1250
14725 292454 1250
233746 236470 1251
233746 236470 1251
233746 236470 1251
233746 236470 1251
233746 236470 1251
233746 236470 1251
233746 236470 1251
233746 236470 1251
233746 236470 1251
233746 236470 1251
233746 236470 1251
233746 236470 1251
233746 236470 1251
238720 227321 1251
238720 227321 1251
238720 227321 1251
238720 227321 1251
238720 227321 1251
238720 227321 1251
238720 227321 1251
238720 227321 1251
238720 227321 1251
238720 227321 1251
238720 227321 1251
238720 227321 1251
231473 292020 1251
231473 292020 1251
231473 292020 1251
231473 292020 1251
231473 292020 1251
231473 292020 1251
231473 292020 1251
231473 292020 1251
231473 292020 1251
231473 292020 1251
231473 292020 1251
231473 292020 1251
191585 242141 1251
191585 242141 1251
191585 242141 1251
191585 242141 1251
191585 242141 1251
191585 242141 1251
191585 242141 1251
191585 242141 1251
191585 242141 1251
191585 242141 1251
191585 242141 1251
191585 242141 1251
191585 242141 1251
190740 177103 1252
190740 177103 1252
190740 177103 1252
190740 177103 1252
190740 177103 1252
190740 177103 1252
190740 177103 1252
190740 177103 1252
190740 177103 1252
190740 177103 1252
190740 177103 1252
190740 177103 1252
190740 177103 1252
243708 227719 1255
243708 227719 1255
243708 227719 1255
243708 227719 1255
243708 227719 1255
243708 227719 1255
243708 227719 1255
243708 227719 1255
243708 227719 1255
243708 227719 1255
243708 227719 1255
243708 227719 1255
243708 227719 1255
240905 228681 1255
240905 228681 1255
240905 228681 1255
240905 228681 1255
240905 228681 1255
240905 228681 1255
240905 228681 1255
240905 228681 1255
240905 228681 1255
240905 228681 1255
240905 228681 1255
240905 228681 1255
240905 228681 1255
250695 236878 1255
250695 236878 1255
250695 236878 1255
250695 236878 1255
250695 236878 1255
250695 236878 1255
250695 236878 1255
250695 236878 1255
250695 236878 1255
250695 236878 1255
250695 236878 1255
250695 236878 1255
282519 265841 1255
282519 265841 1255
282519 265841 1255
282519 265841 1255
282519 265841 1255
282519 265841 1255
282519 265841 1255
282519 265841 1255
282519 265841 1255
282519 265841 1255
282519 265841 1255
282519 265841 1255
239290 237708 1256
239290 237708 1256
239290 237708 1256
239290 237708 1256
239290 237708 1256
239290 237708 1256
239290 237708 1256
239290 237708 1256
239290 237708 1256
239290 237708 1256
239290 237708 1256
239290 237708 1256
247156 226433 1257
247156 226433 1257
247156 226433 1257
247156 226433 1257
247156 226433 1257
247156 226433 1257
247156 226433 1257
247156 226433 1257
247156 226433 1257
247156 226433 1257
247156 226433 1257
247156 226433 1257
247156 226433 1257
153036 208879 1257
153036 208879 1257
153036 208879 1257
153036 208879 1257
153036 208879 1257
153036 208879 1257
153036 208879 1257
153036 208879 1257
153036 208879 1257
153036 208879 1257
153036 208879 1257
153036 208879 1257
153036 208879 1257
195341 227077 1258
195341 227077 1258
195341 227077 1258
195341 227077 1258
195341 227077 1258
195341 227077 1258
195341 227077 1258
195341 227077 1258
195341 227077 1258
195341 227077 1258
195341 227077 1258
195341 227077 1258
195341 227077 1258
195615 184196 1259
195615 184196 1259
195615 184196 1259
195615 184196 1259
195615 184196 1259
195615 184196 1259
195615 184196 1259
195615 184196 1259
195615 184196 1259
195615 184196 1259
195615 184196 1259
195615 184196 1259
195615 184196 1259
229867 231864 1260
229867 231864 1260
229867 231864 1260
229867 231864 1260
229867 231864 1260
229867 231864 1260
229867 231864 1260
229867 231864 1260
229867 231864 1260
229867 231864 1260
229867 231864 1260
229867 231864 1260
229867 231864 1260
266103 232537 1261
266103 232537 1261
266103 232537 1261
266103 232537 1261
266103 232537 1261
266103 232537 1261
266103 232537 1261
266103 232537 1261
266103 232537 1261
266103 232537 1261
266103 232537 1261
266103 232537 1261
292103 246143 1263
292103 246143 1263
292103 246143 1263
292103 246143 1263
292103 246143 1263
292103 246143 1263
292103 246143 1263
292103 246143 1263
292103 246143 1263
292103 246143 1263
292103 246143 1263
292103 246143 1263
219574 215701 1265
219574 215701 1265
219574 215701 1265
219574 215701 1265
219574 215701 1265
219574 215701 1265
219574 215701 1265
219574 215701 1265
219574 215701 1265
219574 215701 1265
219574 215701 1265
219574 215701 1265
232537 228178 1265
232537 228178 1265
232537 228178 1265
232537 228178 1265
232537 228178 1265
232537 228178 1265
232537 228178 1265
232537 228178 1265
232537 228178 1265
232537 228178 1265
232537 228178 1265
232537 228178 1265
188476 152794 1266
188476 152794 1266
188476 152794 1266
188476 152794 1266
188476 152794 1266
188476 152794 1266
188476 152794 1266
188476 152794 1266
188476 152794 1266
188476 152794 1266
188476 152794 1266
188476 152794 1266
187723 190955 1266
187723 190955 1266
187723 190955 1266
187723 190955 1266
187723 190955 1266
187723 190955 1266
187723 190955 1266
187723 190955 1266
187723 190955 1266
187723 190955 1266
187723 190955 1266
187723 190955 1266
242411 236004 1267
242411 236004 1267
242411 236004 1267
242411 236004 1267
242411 236004 1267
242411 236004 1267
242411 236004 1267
242411 236004 1267
242411 236004 1267
242411 236004 1267
242411 236004 1267
242411 236004 1267
202629 203453 1267
202629 203453 1267
202629 203453 1267
202629 203453 1267
202629 203453 1267
202629 203453 1267
202629 203453 1267
202629 203453 1267
202629 203453 1267
202629 203453 1267
202629 203453 1267
202629 203453 1267
292432 233599 1268
292432 233599 1268
292432 233599 1268
292432 233599 1268
292432 233599 1268
292432 233599 1268
292432 233599 1268
292432 233599 1268
292432 233599 1268
292432 233599 1268
292432 233599 1268
292432 233599 1268
202630 195022 1268
202630 195022 1268
202630 195022 1268
202630 195022 1268
202630 195022 1268
202630 195022 1268
202630 195022 1268
202630 195022 1268
202630 195022 1268
202630 195022 1268
202630 195022 1268
202630 195022 1268
202630 195022 1268
235690 235942 1269
235690 235942 1269
235690 235942 1269
235690 235942 1269
235690 235942 1269
235690 235942 1269
235690 235942 1269
235690 235942 1269
235690 235942 1269
235690 235942 1269
235690 235942 1269
235690 235942 1269
190955 187758 1269
190955 187758 1269
190955 187758 1269
190955 187758 1269
190955 187758 1269
190955 187758 1269
190955 187758 1269
190955 187758 1269
190955 187758 1269
190955 187758 1269
190955 187758 1269
190955 187758 1269
226433 151176 1272
226433 151176 1272
226433 151176 1272
226433 151176 1272
226433 151176 1272
226433 151176 1272
226433 151176 1272
226433 151176 1272
226433 151176 1272
226433 151176 1272
226433 151176 1272
226433 151176 1272
285281 165338 1272
285281 165338 1272
285281 165338 1272
285281 165338 1272
285281 165338 1272
285281 165338 1272
285281 165338 1272
285281 165338 1272
285281 165338 1272
285281 165338 1272
285281 165338 1272
285281 165338 1272
285281 165338 1272
227029 291455 1272
227029 291455 1272
227029 291455 1272
227029 291455 1272
227029 291455 1272
227029 291455 1272
227029 291455 1272
227029 291455 1272
227029 291455 1272
227029 291455 1272
227029 291455 1272
227029 291455 1272
285272 165338 1272
285272 165338 1272
285272 165338 1272
285272 165338 1272
285272 165338 1272
285272 165338 1272
285272 165338 1272
285272 165338 1272
285272 165338 1272
285272 165338 1272
285272 165338 1272
285272 165338 1272
293324 9117 1272
293324 9117 1272
293324 9117 1272
293324 9117 1272
293324 9117 1272
293324 9117 1272
293324 9117 1272
293324 9117 1272
293324 9117 1272
293324 9117 1272
293324 9117 1272
293324 9117 1272
200258 174945 1273
200258 174945 1273
200258 174945 1273
200258 174945 1273
200258 174945 1273
200258 174945 1273
200258 174945 1273
200258 174945 1273
200258 174945 1273
200258 174945 1273
200258 174945 1273
200258 174945 1273
236474 173806 1273
236474 173806 1273
236474 173806 1273
236474 173806 1273
236474 173806 1273
236474 173806 1273
236474 173806 1273
236474 173806 1273
236474 173806 1273
236474 173806 1273
236474 173806 1273
236474 173806 1273
231019 236157 1273
231019 236157 1273
231019 236157 1273
231019 236157 1273
231019 236157 1273
231019 236157 1273
231019 236157 1273
231019 236157 1273
231019 236157 1273
231019 236157 1273
231019 236157 1273
231019 236157 1273
228174 227020 1274
228174 227020 1274
228174 227020 1274
228174 227020 1274
228174 227020 1274
228174 227020 1274
228174 227020 1274
228174 227020 1274
228174 227020 1274
228174 227020 1274
228174 227020 1274
228174 227020 1274
242444 226271 1275
242444 226271 1275
242444 226271 1275
242444 226271 1275
242444 226271 1275
242444 226271 1275
242444 226271 1275
242444 226271 1275
242444 226271 1275
242444 226271 1275
242444 226271 1275
242444 226271 1275
291376 265537 1275
291376 265537 1275
291376 265537 1275
291376 265537 1275
291376 265537 1275
291376 265537 1275
291376 265537 1275
291376 265537 1275
291376 265537 1275
291376 265537 1275
291376 265537 1275
291376 265537 1275
201794 194390 1275
201794 194390 1275
201794 194390 1275
201794 194390 1275
201794 194390 1275
201794 194390 1275
201794 194390 1275
201794 194390 1275
201794 194390 1275
201794 194390 1275
201794 194390 1275
201794 194390 1275
285274 294595 1277
285274 294595 1277
285274 294595 1277
285274 294595 1277
285274 294595 1277
285274 294595 1277
285274 294595 1277
285274 294595 1277
285274 294595 1277
285274 294595 1277
285274 294595 1277
285274 294595 1277
246116 246999 1278
246116 246999 1278
246116 246999 1278
246116 246999 1278
246116 246999 1278
246116 246999 1278
246116 246999 1278
246116 246999 1278
246116 246999 1278
246116 246999 1278
246116 246999 1278
246116 246999 1278
246116 246999 1278
294270 246999 1278
294270 246999 1278
294270 246999 1278
294270 246999 1278
294270 246999 1278
294270 246999 1278
294270 246999 1278
294270 246999 1278
294270 246999 1278
294270 246999 1278
294270 246999 1278
294270 246999 1278
294270 246999 1278
228092 263655 1278
228092 263655 1278
228092 263655 1278
228092 263655 1278
228092 263655 1278
228092 263655 1278
228092 263655 1278
228092 263655 1278
228092 263655 1278
228092 263655 1278
228092 263655 1278
228092 263655 1278
233900 151176 1278
233900 151176 1278
233900 151176 1278
233900 151176 1278
233900 151176 1278
233900 151176 1278
233900 151176 1278
233900 151176 1278
233900 151176 1278
233900 151176 1278
233900 151176 1278
233900 151176 1278
227744 226455 1278
227744 226455 1278
227744 226455 1278
227744 226455 1278
227744 226455 1278
227744 226455 1278
227744 226455 1278
227744 226455 1278
227744 226455 1278
227744 226455 1278
227744 226455 1278
227744 226455 1278
184792 185949 1279
184792 185949 1279
184792 185949 1279
184792 185949 1279
184792 185949 1279
184792 185949 1279
184792 185949 1279
184792 185949 1279
184792 185949 1279
184792 185949 1279
184792 185949 1279
184792 185949 1279
173843 10375 1282
173843 10375 1282
173843 10375 1282
173843 10375 1282
173843 10375 1282
173843 10375 1282
173843 10375 1282
173843 10375 1282
173843 10375 1282
173843 10375 1282
173843 10375 1282
173843 10375 1282
184779 184797 1282
184779 184797 1282
184779 184797 1282
184779 184797 1282
184779 184797 1282
184779 184797 1282
184779 184797 1282
184779 184797 1282
184779 184797 1282
184779 184797 1282
184779 184797 1282
184779 184797 1282
285274 226970 1282
285274 226970 1282
285274 226970 1282
285274 226970 1282
285274 226970 1282
285274 226970 1282
285274 226970 1282
285274 226970 1282
285274 226970 1282
285274 226970 1282
285274 226970 1282
285274 226970 1282
236400 240894 1282
236400 240894 1282
236400 240894 1282
236400 240894 1282
236400 240894 1282
236400 240894 1282
236400 240894 1282
236400 240894 1282
236400 240894 1282
236400 240894 1282
236400 240894 1282
236400 240894 1282
247062 250696 1282
247062 250696 1282
247062 250696 1282
247062 250696 1282
247062 250696 1282
247062 250696 1282
247062 250696 1282
247062 250696 1282
247062 250696 1282
247062 250696 1282
247062 250696 1282
247062 250696 1282
150207 293377 1283
150207 293377 1283
150207 293377 1283
150207 293377 1283
150207 293377 1283
150207 293377 1283
150207 293377 1283
150207 293377 1283
150207 293377 1283
150207 293377 1283
150207 293377 1283
150207 293377 1283
150207 293377 1283
124698 241873 1283
124698 241873 1283
124698 241873 1283
124698 241873 1283
124698 241873 1283
124698 241873 1283
124698 241873 1283
124698 241873 1283
124698 241873 1283
124698 241873 1283
124698 241873 1283
124698 241873 1283
150225 285121 1284
150225 285121 1284
150225 285121 1284
150225 285121 1284
150225 285121 1284
150225 285121 1284
150225 285121 1284
150225 285121 1284
150225 285121 1284
150225 285121 1284
150225 285121 1284
150225 285121 1284
150225 285121 1284
176190 187069 1285
176190 187069 1285
176190 187069 1285
176190 187069 1285
176190 187069 1285
176190 187069 1285
176190 187069 1285
176190 187069 1285
176190 187069 1285
176190 187069 1285
176190 187069 1285
176190 187069 1285
176190 187069 1285
245969 289528 1285
245969 289528 1285
245969 289528 1285
245969 289528 1285
245969 289528 1285
245969 289528 1285
245969 289528 1285
245969 289528 1285
245969 289528 1285
245969 289528 1285
245969 289528 1285
245969 289528 1285
245969 289528 1285
235685 227852 1285
235685 227852 1285
235685 227852 1285
235685 227852 1285
235685 227852 1285
235685 227852 1285
235685 227852 1285
235685 227852 1285
235685 227852 1285
235685 227852 1285
235685 227852 1285
235685 227852 1285
235685 227852 1285
191606 236939 1287
191606 236939 1287
191606 236939 1287
191606 236939 1287
191606 236939 1287
191606 236939 1287
191606 236939 1287
191606 236939 1287
191606 236939 1287
191606 236939 1287
191606 236939 1287
191606 236939 1287
191606 236939 1287
265841 174474 1287
265841 174474 1287
265841 174474 1287
265841 174474 1287
265841 174474 1287
265841 174474 1287
265841 174474 1287
265841 174474 1287
265841 174474 1287
265841 174474 1287
265841 174474 1287
265841 174474 1287
228471 238720 1289
228471 238720 1289
228471 238720 1289
228471 238720 1289
228471 238720 1289
228471 238720 1289
228471 238720 1289
228471 238720 1289
228471 238720 1289
228471 238720 1289
228471 238720 1289
228471 238720 1289
219569 190759 1289
219569 190759 1289
219569 190759 1289
219569 190759 1289
219569 190759 1289
219569 190759 1289
219569 190759 1289
219569 190759 1289
219569 190759 1289
219569 190759 1289
219569 190759 1289
219569 190759 1289
219569 190759 1289
296107 227108 1290
296107 227108 1290
296107 227108 1290
296107 227108 1290
296107 227108 1290
296107 227108 1290
296107 227108 1290
296107 227108 1290
296107 227108 1290
296107 227108 1290
296107 227108 1290
296107 227108 1290
296107 227108 1290
14813 236836 1290
14813 236836 1290
14813 236836 1290
14813 236836 1290
14813 236836 1290
14813 236836 1290
14813 236836 1290
14813 236836 1290
14813 236836 1290
14813 236836 1290
14813 236836 1290
14813 236836 1290
235974 268394 1291
235974 268394 1291
235974 268394 1291
235974 268394 1291
235974 268394 1291
235974 268394 1291
235974 268394 1291
235974 268394 1291
235974 268394 1291
235974 268394 1291
235974 268394 1291
235974 268394 1291
235974 268394 1291
229825 160289 1292
229825 160289 1292
229825 160289 1292
229825 160289 1292
229825 160289 1292
229825 160289 1292
229825 160289 1292
229825 160289 1292
229825 160289 1292
229825 160289 1292
229825 160289 1292
229825 160289 1292
232721 227073 1295
232721 227073 1295
232721 227073 1295
232721 227073 1295
232721 227073 1295
232721 227073 1295
232721 227073 1295
232721 227073 1295
232721 227073 1295
232721 227073 1295
232721 227073 1295
232721 227073 1295
10939 237964 1295
10939 237964 1295
10939 237964 1295
10939 237964 1295
10939 237964 1295
10939 237964 1295
10939 237964 1295
10939 237964 1295
10939 237964 1295
10939 237964 1295
10939 237964 1295
10939 237964 1295
10939 237964 1295
241874 195615 1295
241874 195615 1295
241874 195615 1295
241874 195615 1295
241874 195615 1295
241874 195615 1295
241874 195615 1295
241874 195615 1295
241874 195615 1295
241874 195615 1295
241874 195615 1295
241874 195615 1295
228751 267927 1295
228751 267927 1295
228751 267927 1295
228751 267927 1295
228751 267927 1295
228751 267927 1295
228751 267927 1295
228751 267927 1295
228751 267927 1295
228751 267927 1295
228751 267927 1295
228751 267927 1295
236939 238735 1295
236939 238735 1295
236939 238735 1295
236939 238735 1295
236939 238735 1295
236939 238735 1295
236939 238735 1295
236939 238735 1295
236939 238735 1295
236939 238735 1295
236939 238735 1295
236939 238735 1295
190751 170578 1296
190751 170578 1296
190751 170578 1296
190751 170578 1296
190751 170578 1296
190751 170578 1296
190751 170578 1296
190751 170578 1296
190751 170578 1296
190751 170578 1296
190751 170578 1296
190751 170578 1296
190751 170578 1296
199517 183779 1296
199517 183779 1296
199517 183779 1296
199517 183779 1296
199517 183779 1296
199517 183779 1296
199517 183779 1296
199517 183779 1296
199517 183779 1296
199517 183779 1296
199517 183779 1296
199517 183779 1296
195615 195015 1297
195615 195015 1297
195615 195015 1297
195615 195015 1297
195615 195015 1297
195615 195015 1297
195615 195015 1297
195615 195015 1297
195615 195015 1297
195615 195015 1297
195615 195015 1297
195615 195015 1297
228543 150281 1297
228543 150281 1297
228543 150281 1297
228543 150281 1297
228543 150281 1297
228543 150281 1297
228543 150281 1297
228543 150281 1297
228543 150281 1297
228543 150281 1297
228543 150281 1297
228543 150281 1297
228543 150281 1297
235977 236836 1298
235977 236836 1298
235977 236836 1298
235977 236836 1298
235977 236836 1298
235977 236836 1298
235977 236836 1298
235977 236836 1298
235977 236836 1298
235977 236836 1298
235977 236836 1298
235977 236836 1298
235977 236836 1298
289527 294127 1299
289527 294127 1299
289527 294127 1299
289527 294127 1299
289527 294127 1299
289527 294127 1299
289527 294127 1299
289527 294127 1299
289527 294127 1299
289527 294127 1299
289527 294127 1299
289527 294127 1299
289527 294127 1299
219569 190880 1299
219569 190880 1299
219569 190880 1299
219569 190880 1299
219569 190880 1299
219569 190880 1299
219569 190880 1299
219569 190880 1299
219569 190880 1299
219569 190880 1299
219569 190880 1299
219569 190880 1299
190740 153288 1302
190740 153288 1302
190740 153288 1302
190740 153288 1302
190740 153288 1302
190740 153288 1302
190740 153288 1302
190740 153288 1302
190740 153288 1302
190740 153288 1302
190740 153288 1302
190740 153288 1302
190740 153288 1302
195266 238642 1302
195266 238642 1302
195266 238642 1302
195266 238642 1302
195266 238642 1302
195266 238642 1302
195266 238642 1302
195266 238642 1302
195266 238642 1302
195266 238642 1302
195266 238642 1302
195266 238642 1302
187078 201794 1302
187078 201794 1302
187078 201794 1302
187078 201794 1302
187078 201794 1302
187078 201794 1302
187078 201794 1302
187078 201794 1302
187078 201794 1302
187078 201794 1302
187078 201794 1302
187078 201794 1302
208266 186934 1302
208266 186934 1302
208266 186934 1302
208266 186934 1302
208266 186934 1302
208266 186934 1302
208266 186934 1302
208266 186934 1302
208266 186934 1302
208266 186934 1302
208266 186934 1302
208266 186934 1302
203454 198574 1303
203454 198574 1303
203454 198574 1303
203454 198574 1303
203454 198574 1303
203454 198574 1303
203454 198574 1303
203454 198574 1303
203454 198574 1303
203454 198574 1303
203454 198574 1303
203454 198574 1303
203454 198574 1303
252023 228142 1304
252023 228142 1304
252023 228142 1304
252023 228142 1304
252023 228142 1304
252023 228142 1304
252023 228142 1304
252023 228142 1304
252023 228142 1304
252023 228142 1304
252023 228142 1304
252023 228142 1304
252023 228142 1304
174828 193631 1305
174828 193631 1305
174828 193631 1305
174828 193631 1305
174828 193631 1305
174828 193631 1305
174828 193631 1305
174828 193631 1305
174828 193631 1305
174828 193631 1305
174828 193631 1305
174828 193631 1305
227256 124698 1305
227256 124698 1305
227256 124698 1305
227256 124698 1305
227256 124698 1305
227256 124698 1305
227256 124698 1305
227256 124698 1305
227256 124698 1305
227256 124698 1305
227256 124698 1305
227256 124698 1305
227256 124698 1305
232707 235974 1305
232707 235974 1305
232707 235974 1305
232707 235974 1305
232707 235974 1305
232707 235974 1305
232707 235974 1305
232707 235974 1305
232707 235974 1305
232707 235974 1305
232707 235974 1305
232707 235974 1305
192944 175899 1306
192944 175899 1306
192944 175899 1306
192944 175899 1306
192944 175899 1306
192944 175899 1306
192944 175899 1306
192944 175899 1306
192944 175899 1306
192944 175899 1306
192944 175899 1306
192944 175899 1306
247062 250600 1307
247062 250600 1307
247062 250600 1307
247062 250600 1307
247062 250600 1307
247062 250600 1307
247062 250600 1307
247062 250600 1307
247062 250600 1307
247062 250600 1307
247062 250600 1307
247062 250600 1307
281361 248375 1307
281361 248375 1307
281361 248375 1307
281361 248375 1307
281361 248375 1307
281361 248375 1307
281361 248375 1307
281361 248375 1307
281361 248375 1307
281361 248375 1307
281361 248375 1307
281361 248375 1307
281361 248375 1307
226968 225957 1310
226968 225957 1310
226968 225957 1310
226968 225957 1310
226968 225957 1310
226968 225957 1310
226968 225957 1310
226968 225957 1310
226968 225957 1310
226968 225957 1310
226968 225957 1310
226968 225957 1310
226968 225957 1310
191023 193117 1311
191023 193117 1311
191023 193117 1311
191023 193117 1311
191023 193117 1311
191023 193117 1311
191023 193117 1311
191023 193117 1311
191023 193117 1311
191023 193117 1311
191023 193117 1311
191023 193117 1311
191023 193117 1311
190992 199837 1313
190992 199837 1313
190992 199837 1313
190992 199837 1313
190992 199837 1313
190992 199837 1313
190992 199837 1313
190992 199837 1313
190992 199837 1313
190992 199837 1313
190992 199837 1313
190992 199837 1313
208879 206270 1313
208879 206270 1313
208879 206270 1313
208879 206270 1313
208879 206270 1313
208879 206270 1313
208879 206270 1313
208879 206270 1313
208879 206270 1313
208879 206270 1313
208879 206270 1313
208879 206270 1313
9117 250622 1314
9117 250622 1314
9117 250622 1314
9117 250622 1314
9117 250622 1314
9117 250622 1314
9117 250622 1314
9117 250622 1314
9117 250622 1314
9117 250622 1314
9117 250622 1314
9117 250622 1314
9117 250622 1314
235013 232189 1315
235013 232189 1315
235013 232189 1315
235013 232189 1315
235013 232189 1315
235013 232189 1315
235013 232189 1315
235013 232189 1315
235013 232189 1315
235013 232189 1315
235013 232189 1315
235013 232189 1315
235013 232189 1315
191585 10936 1315
191585 10936 1315
191585 10936 1315
191585 10936 1315
191585 10936 1315
191585 10936 1315
191585 10936 1315
191585 10936 1315
191585 10936 1315
191585 10936 1315
191585 10936 1315
191585 10936 1315
191585 10936 1315
230957 236015 1316
230957 236015 1316
230957 236015 1316
230957 236015 1316
230957 236015 1316
230957 236015 1316
230957 236015 1316
230957 236015 1316
230957 236015 1316
230957 236015 1316
230957 236015 1316
230957 236015 1316
230957 236015 1316
245976 295112 1316
245976 295112 1316
245976 295112 1316
245976 295112 1316
245976 295112 1316
245976 295112 1316
245976 295112 1316
245976 295112 1316
245976 295112 1316
245976 295112 1316
245976 295112 1316
245976 295112 1316
200262 184467 1317
200262 184467 1317
200262 184467 1317
200262 184467 1317
200262 184467 1317
200262 184467 1317
200262 184467 1317
200262 184467 1317
200262 184467 1317
200262 184467 1317
200262 184467 1317
200262 184467 1317
227076 209652 1319
227076 209652 1319
227076 209652 1319
227076 209652 1319
227076 209652 1319
227076 209652 1319
227076 209652 1319
227076 209652 1319
227076 209652 1319
227076 209652 1319
227076 209652 1319
227076 209652 1319
231916 187716 1320
231916 187716 1320
231916 187716 1320
231916 187716 1320
231916 187716 1320
231916 187716 1320
231916 187716 1320
231916 187716 1320
231916 187716 1320
231916 187716 1320
231916 187716 1320
231916 187716 1320
233749 235813 1320
233749 235813 1320
233749 235813 1320
233749 235813 1320
233749 235813 1320
233749 235813 1320
233749 235813 1320
233749 235813 1320
233749 235813 1320
233749 235813 1320
233749 235813 1320
233749 235813 1320
284631 286717 1321
284631 286717 1321
284631 286717 1321
284631 286717 1321
284631 286717 1321
284631 286717 1321
284631 286717 1321
284631 286717 1321
284631 286717 1321
284631 286717 1321
284631 286717 1321
284631 286717 1321
230245 235974 1322
230245 235974 1322
230245 235974 1322
230245 235974 1322
230245 235974 1322
230245 235974 1322
230245 235974 1322
230245 235974 1322
230245 235974 1322
230245 235974 1322
230245 235974 1322
230245 235974 1322
230245 235974 1322
204226 201027 1325
204226 201027 1325
204226 201027 1325
204226 201027 1325
204226 201027 1325
204226 201027 1325
204226 201027 1325
204226 201027 1325
204226 201027 1325
204226 201027 1325
204226 201027 1325
204226 201027 1325
152785 199336 1326
152785 199336 1326
152785 199336 1326
152785 199336 1326
152785 199336 1326
152785 199336 1326
152785 199336 1326
152785 199336 1326
152785 199336 1326
152785 199336 1326
152785 199336 1326
152785 199336 1326
152785 199336 1326
228178 239832 1327
228178 239832 1327
228178 239832 1327
228178 239832 1327
228178 239832 1327
228178 239832 1327
228178 239832 1327
228178 239832 1327
228178 239832 1327
228178 239832 1327
228178 239832 1327
228178 239832 1327
238627 188465 1328
238627 188465 1328
238627 188465 1328
238627 188465 1328
238627 188465 1328
238627 188465 1328
238627 188465 1328
238627 188465 1328
238627 188465 1328
238627 188465 1328
238627 188465 1328
238627 188465 1328
239832 11835 1329
239832 11835 1329
239832 11835 1329
239832 11835 1329
239832 11835 1329
239832 11835 1329
239832 11835 1329
239832 11835 1329
239832 11835 1329
239832 11835 1329
239832 11835 1329
239832 11835 1329
234222 228458 1329
234222 228458 1329
234222 228458 1329
234222 228458 1329
234222 228458 1329
234222 228458 1329
234222 228458 1329
234222 228458 1329
234222 228458 1329
234222 228458 1329
234222 228458 1329
234222 228458 1329
208315 175939 1332
208315 175939 1332
208315 175939 1332
208315 175939 1332
208315 175939 1332
208315 175939 1332
208315 175939 1332
208315 175939 1332
208315 175939 1332
208315 175939 1332
208315 175939 1332
208315 175939 1332
177292 203445 1334
177292 203445 1334
177292 203445 1334
177292 203445 1334
177292 203445 1334
177292 203445 1334
177292 203445 1334
177292 203445 1334
177292 203445 1334
177292 203445 1334
177292 203445 1334
177292 203445 1334
177285 203445 1334
177285 203445 1334
177285 203445 1334
177285 203445 1334
177285 203445 1334
177285 203445 1334
177285 203445 1334
177285 203445 1334
177285 203445 1334
177285 203445 1334
177285 203445 1334
177285 203445 1334
177285 203445 1334
292550 4570 1335
292550 4570 1335
292550 4570 1335
292550 4570 1335
292550 4570 1335
292550 4570 1335
292550 4570 1335
292550 4570 1335
292550 4570 1335
292550 4570 1335
292550 4570 1335
292550 4570 1335
160270 193117 1335
160270 193117 1335
160270 193117 1335
160270 193117 1335
160270 193117 1335
160270 193117 1335
160270 193117 1335
160270 193117 1335
160270 193117 1335
160270 193117 1335
160270 193117 1335
160270 193117 1335
160270 193117 1335
203446 190915 1336
203446 190915 1336
203446 190915 1336
203446 190915 1336
203446 190915 1336
203446 190915 1336
203446 190915 1336
203446 190915 1336
203446 190915 1336
203446 190915 1336
203446 190915 1336
203446 190915 1336
203446 190915 1336
252031 227532 1336
252031 227532 1336
252031 227532 1336
252031 227532 1336
252031 227532 1336
252031 227532 1336
252031 227532 1336
252031 227532 1336
252031 227532 1336
252031 227532 1336
252031 227532 1336
252031 227532 1336
175935 191032 1336
175935 191032 1336
175935 191032 1336
175935 191032 1336
175935 191032 1336
175935 191032 1336
175935 191032 1336
175935 191032 1336
175935 191032 1336
175935 191032 1336
175935 191032 1336
175935 191032 1336
175935 191032 1336
226518 237100 1336
226518 237100 1336
226518 237100 1336
226518 237100 1336
226518 237100 1336
226518 237100 1336
226518 237100 1336
226518 237100 1336
226518 237100 1336
226518 237100 1336
226518 237100 1336
226518 237100 1336
226518 237100 1336
227071 193340 1337
227071 193340 1337
227071 193340 1337
227071 193340 1337
227071 193340 1337
227071 193340 1337
227071 193340 1337
227071 193340 1337
227071 193340 1337
227071 193340 1337
227071 193340 1337
227071 193340 1337
195512 187716 1337
195512 187716 1337
195512 187716 1337
195512 187716 1337
195512 187716 1337
195512 187716 1337
195512 187716 1337
195512 187716 1337
195512 187716 1337
195512 187716 1337
195512 187716 1337
195512 187716 1337
195512 187716 1337
243706 232897 1337
243706 232897 1337
243706 232897 1337
243706 232897 1337
243706 232897 1337
243706 232897 1337
243706 232897 1337
243706 232897 1337
243706 232897 1337
243706 232897 1337
243706 232897 1337
243706 232897 1337
243706 232897 1337
295092 293139 1337
295092 293139 1337
295092 293139 1337
295092 293139 1337
295092 293139 1337
295092 293139 1337
295092 293139 1337
295092 293139 1337
295092 293139 1337
295092 293139 1337
295092 293139 1337
295092 293139 1337
11037 186935 1338
11037 186935 1338
11037 186935 1338
11037 186935 1338
11037 186935 1338
11037 186935 1338
11037 186935 1338
11037 186935 1338
11037 186935 1338
11037 186935 1338
11037 186935 1338
11037 186935 1338
11037 186935 1338
227547 235134 1338
227547 235134 1338
227547 235134 1338
227547 235134 1338
227547 235134 1338
227547 235134 1338
227547 235134 1338
227547 235134 1338
227547 235134 1338
227547 235134 1338
227547 235134 1338
227547 235134 1338
227547 235134 1338
208308 159649 1338
208308 159649 1338
208308 159649 1338
208308 159649 1338
208308 159649 1338
208308 159649 1338
208308 159649 1338
208308 159649 1338
208308 159649 1338
208308 159649 1338
208308 159649 1338
208308 159649 1338
229810 227741 1338
229810 227741 1338
229810 227741 1338
229810 227741 1338
229810 227741 1338
229810 227741 1338
229810 227741 1338
229810 227741 1338
229810 227741 1338
229810 227741 1338
229810 227741 1338
229810 227741 1338
229810 227741 1338
292454 14921 1339
292454 14921 1339
292454 14921 1339
292454 14921 1339
292454 14921 1339
292454 14921 1339
292454 14921 1339
292454 14921 1339
292454 14921 1339
292454 14921 1339
292454 14921 1339
292454 14921 1339
292454 14921 1339
285121 285271 1339
285121 285271 1339
285121 285271 1339
285121 285271 1339
285121 285271 1339
285121 285271 1339
285121 285271 1339
285121 285271 1339
285121 285271 1339
285121 285271 1339
285121 285271 1339
285121 285271 1339
285121 285271 1339
196158 195508 1339
196158 195508 1339
196158 195508 1339
196158 195508 1339
196158 195508 1339
196158 195508 1339
196158 195508 1339
196158 195508 1339
196158 195508 1339
196158 195508 1339
196158 195508 1339
196158 195508 1339
195514 190920 1340
195514 190920 1340
195514 190920 1340
195514 190920 1340
195514 190920 1340
195514 190920 1340
195514 190920 1340
195514 190920 1340
195514 190920 1340
195514 190920 1340
195514 190920 1340
195514 190920 1340
195514 190920 1340
193631 200274 1341
193631 200274 1341
193631 200274 1341
193631 200274 1341
193631 200274 1341
193631 200274 1341
193631 200274 1341
193631 200274 1341
193631 200274 1341
193631 200274 1341
193631 200274 1341
193631 200274 1341
236851 236888 1341
236851 236888 1341
236851 236888 1341
236851 236888 1341
236851 236888 1341
236851 236888 1341
236851 236888 1341
236851 236888 1341
236851 236888 1341
236851 236888 1341
236851 236888 1341
236851 236888 1341
236851 236888 1341
236556 251980 1342
236556 251980 1342
236556 251980 1342
236556 251980 1342
236556 251980 1342
236556 251980 1342
236556 251980 1342
236556 251980 1342
236556 251980 1342
236556 251980 1342
236556 251980 1342
236556 251980 1342
236888 227020 1343
236888 227020 1343
236888 227020 1343
236888 227020 1343
236888 227020 1343
236888 227020 1343
236888 227020 1343
236888 227020 1343
236888 227020 1343
236888 227020 1343
236888 227020 1343
236888 227020 1343
236888 227020 1343
10224 226977 1343
10224 226977 1343
10224 226977 1343
10224 226977 1343
10224 226977 1343
10224 226977 1343
10224 226977 1343
10224 226977 1343
10224 226977 1343
10224 226977 1343
10224 226977 1343
10224 226977 1343
285243 246111 1343
285243 246111 1343
285243 246111 1343
285243 246111 1343
285243 246111 1343
285243 246111 1343
285243 246111 1343
285243 246111 1343
285243 246111 1343
285243 246111 1343
285243 246111 1343
285243 246111 1343
285243 246111 1343
10599 188294 1344
10599 188294 1344
10599 188294 1344
10599 188294 1344
10599 188294 1344
10599 188294 1344
10599 188294 1344
10599 188294 1344
10599 188294 1344
10599 188294 1344
10599 188294 1344
10599 188294 1344
10599 188294 1344
246111 227033 1345
246111 227033 1345
246111 227033 1345
246111 227033 1345
246111 227033 1345
246111 227033 1345
246111 227033 1345
246111 227033 1345
246111 227033 1345
246111 227033 1345
246111 227033 1345
246111 227033 1345
9247 198562 1345
9247 198562 1345
9247 198562 1345
9247 198562 1345
9247 198562 1345
9247 198562 1345
9247 198562 1345
9247 198562 1345
9247 198562 1345
9247 198562 1345
9247 198562 1345
9247 198562 1345
9247 198562 1345
160258 160287 1345
160258 160287 1345
160258 160287 1345
160258 160287 1345
160258 160287 1345
160258 160287 1345
160258 160287 1345
160258 160287 1345
160258 160287 1345
160258 160287 1345
160258 160287 1345
160258 160287 1345
193058 176284 1345
193058 176284 1345
193058 176284 1345
193058 176284 1345
193058 176284 1345
193058 176284 1345
193058 176284 1345
193058 176284 1345
193058 176284 1345
193058 176284 1345
193058 176284 1345
193058 176284 1345
193058 176284 1345
193059 10592 1345
193059 10592 1345
193059 10592 1345
193059 10592 1345
193059 10592 1345
193059 10592 1345
193059 10592 1345
193059 10592 1345
193059 10592 1345
193059 10592 1345
193059 10592 1345
193059 10592 1345
10933 225616 1346
10933 225616 1346
10933 225616 1346
10933 225616 1346
10933 225616 1346
10933 225616 1346
10933 225616 1346
10933 225616 1346
10933 225616 1346
10933 225616 1346
10933 225616 1346
10933 225616 1346
10933 225616 1346
265637 282823 1347
265637 282823 1347
265637 282823 1347
265637 282823 1347
265637 282823 1347
265637 282823 1347
265637 282823 1347
265637 282823 1347
265637 282823 1347
265637 282823 1347
265637 282823 1347
265637 282823 1347
183755 160247 1348
183755 160247 1348
183755 160247 1348
183755 160247 1348
183755 160247 1348
183755 160247 1348
183755 160247 1348
183755 160247 1348
183755 160247 1348
183755 160247 1348
183755 160247 1348
183755 160247 1348
183755 160247 1348
234244 232707 1348
234244 232707 1348
234244 232707 1348
234244 232707 1348
234244 232707 1348
234244 232707 1348
234244 232707 1348
234244 232707 1348
234244 232707 1348
234244 232707 1348
234244 232707 1348
234244 232707 1348
234244 232707 1348
193592 177252 1349
193592 177252 1349
193592 177252 1349
193592 177252 1349
193592 177252 1349
193592 177252 1349
193592 177252 1349
193592 177252 1349
193592 177252 1349
193592 177252 1349
193592 177252 1349
193592 177252 1349
235974 236888 1350
235974 236888 1350
235974 236888 1350
235974 236888 1350
235974 236888 1350
235974 236888 1350
235974 236888 1350
235974 236888 1350
235974 236888 1350
235974 236888 1350
235974 236888 1350
235974 236888 1350
235974 236888 1350
186778 178223 1350
186778 178223 1350
186778 178223 1350
186778 178223 1350
186778 178223 1350
186778 178223 1350
186778 178223 1350
186778 178223 1350
186778 178223 1350
186778 178223 1350
186778 178223 1350
186778 178223 1350
186778 178223 1350
195517 190816 1352
195517 190816 1352
195517 190816 1352
195517 190816 1352
195517 190816 1352
195517 190816 1352
195517 190816 1352
195517 190816 1352
195517 190816 1352
195517 190816 1352
195517 190816 1352
195517 190816 1352
195517 190816 1352
291225 283400 1352
291225 283400 1352
291225 283400 1352
291225 283400 1352
291225 283400 1352
291225 283400 1352
291225 283400 1352
291225 283400 1352
291225 283400 1352
291225 283400 1352
291225 283400 1352
291225 283400 1352
291225 283400 1352
188293 190992 1353
188293 190992 1353
188293 190992 1353
188293 190992 1353
188293 190992 1353
188293 190992 1353
188293 190992 1353
188293 190992 1353
188293 190992 1353
188293 190992 1353
188293 190992 1353
188293 190992 1353
248183 184794 1355
248183 184794 1355
248183 184794 1355
248183 184794 1355
248183 184794 1355
248183 184794 1355
248183 184794 1355
248183 184794 1355
248183 184794 1355
248183 184794 1355
248183 184794 1355
248183 184794 1355
241489 242036 1356
241489 242036 1356
241489 242036 1356
241489 242036 1356
241489 242036 1356
241489 242036 1356
241489 242036 1356
241489 242036 1356
241489 242036 1356
241489 242036 1356
241489 242036 1356
241489 242036 1356
176253 196315 1356
176253 196315 1356
176253 196315 1356
176253 196315 1356
176253 196315 1356
176253 196315 1356
176253 196315 1356
176253 196315 1356
176253 196315 1356
176253 196315 1356
176253 196315 1356
176253 196315 1356
176253 196315 1356
175963 190762 1357
175963 190762 1357
175963 190762 1357
175963 190762 1357
175963 190762 1357
175963 190762 1357
175963 190762 1357
175963 190762 1357
175963 190762 1357
175963 190762 1357
175963 190762 1357
175963 190762 1357
175963 190762 1357
265953 265591 1357
265953 265591 1357
265953 265591 1357
265953 265591 1357
265953 265591 1357
265953 265591 1357
265953 265591 1357
265953 265591 1357
265953 265591 1357
265953 265591 1357
265953 265591 1357
265953 265591 1357
286830 245977 1359
286830 245977 1359
286830 245977 1359
286830 245977 1359
286830 245977 1359
286830 245977 1359
286830 245977 1359
286830 245977 1359
286830 245977 1359
286830 245977 1359
286830 245977 1359
286830 245977 1359
243790 231441 1360
243790 231441 1360
243790 231441 1360
243790 231441 1360
243790 231441 1360
243790 231441 1360
243790 231441 1360
243790 231441 1360
243790 231441 1360
243790 231441 1360
243790 231441 1360
243790 231441 1360
243790 231441 1360
228466 228034 1361
228466 228034 1361
228466 228034 1361
228466 228034 1361
228466 228034 1361
228466 228034 1361
228466 228034 1361
228466 228034 1361
228466 228034 1361
228466 228034 1361
228466 228034 1361
228466 228034 1361
228466 228034 1361
246054 235966 1362
246054 235966 1362
246054 235966 1362
246054 235966 1362
246054 235966 1362
246054 235966 1362
246054 235966 1362
246054 235966 1362
246054 235966 1362
246054 235966 1362
246054 235966 1362
246054 235966 1362
246054 235966 1362
245944 281183 1362
245944 281183 1362
245944 281183 1362
245944 281183 1362
245944 281183 1362
245944 281183 1362
245944 281183 1362
245944 281183 1362
245944 281183 1362
245944 281183 1362
245944 281183 1362
245944 281183 1362
235790 235674 1362
235790 235674 1362
235790 235674 1362
235790 235674 1362
235790 235674 1362
235790 235674 1362
235790 235674 1362
235790 235674 1362
235790 235674 1362
235790 235674 1362
235790 235674 1362
235790 235674 1362
235790 235674 1362
246116 289528 1365
246116 289528 1365
246116 289528 1365
246116 289528 1365
246116 289528 1365
246116 289528 1365
246116 289528 1365
246116 289528 1365
246116 289528 1365
246116 289528 1365
246116 289528 1365
246116 289528 1365
246116 289528 1365
199531 190762 1367
199531 190762 1367
199531 190762 1367
199531 190762 1367
199531 190762 1367
199531 190762 1367
199531 190762 1367
199531 190762 1367
199531 190762 1367
199531 190762 1367
199531 190762 1367
199531 190762 1367
199531 190762 1367
226966 246059 1367
226966 246059 1367
226966 246059 1367
226966 246059 1367
226966 246059 1367
226966 246059 1367
226966 246059 1367
226966 246059 1367
226966 246059 1367
226966 246059 1367
226966 246059 1367
226966 246059 1367
226966 246059 1367
235674 246101 1368
235674 246101 1368
235674 246101 1368
235674 246101 1368
235674 246101 1368
235674 246101 1368
235674 246101 1368
235674 246101 1368
235674 246101 1368
235674 246101 1368
235674 246101 1368
235674 246101 1368
219574 190762 1368
219574 190762 1368
219574 190762 1368
219574 190762 1368
219574 190762 1368
219574 190762 1368
219574 190762 1368
219574 190762 1368
219574 190762 1368
219574 190762 1368
219574 190762 1368
219574 190762 1368
219574 190762 1368
237857 198559 1369
237857 198559 1369
237857 198559 1369
237857 198559 1369
237857 198559 1369
237857 198559 1369
237857 198559 1369
237857 198559 1369
237857 198559 1369
237857 198559 1369
237857 198559 1369
237857 198559 1369
285468 245976 1371
285468 245976 1371
285468 245976 1371
285468 245976 1371
285468 245976 1371
285468 245976 1371
285468 245976 1371
285468 245976 1371
285468 245976 1371
285468 245976 1371
285468 245976 1371
285468 245976 1371
188462 11535 1372
188462 11535 1372
188462 11535 1372
188462 11535 1372
188462 11535 1372
188462 11535 1372
188462 11535 1372
188462 11535 1372
188462 11535 1372
188462 11535 1372
188462 11535 1372
188462 11535 1372
190740 196086 1372
190740 196086 1372
190740 196086 1372
190740 196086 1372
190740 196086 1372
190740 196086 1372
190740 196086 1372
190740 196086 1372
190740 196086 1372
190740 196086 1372
190740 196086 1372
190740 196086 1372
236004 229829 1372
236004 229829 1372
236004 229829 1372
236004 229829 1372
236004 229829 1372
236004 229829 1372
236004 229829 1372
236004 229829 1372
236004 229829 1372
236004 229829 1372
236004 229829 1372
236004 229829 1372
225745 176289 1373
225745 176289 1373
225745 176289 1373
225745 176289 1373
225745 176289 1373
225745 176289 1373
225745 176289 1373
225745 176289 1373
225745 176289 1373
225745 176289 1373
225745 176289 1373
225745 176289 1373
225931 237873 1374
225931 237873 1374
225931 237873 1374
225931 237873 1374
225931 237873 1374
225931 237873 1374
225931 237873 1374
225931 237873 1374
225931 237873 1374
225931 237873 1374
225931 237873 1374
225931 237873 1374
225931 237873 1374
245925 285183 1375
245925 285183 1375
245925 285183 1375
245925 285183 1375
245925 285183 1375
245925 285183 1375
245925 285183 1375
245925 285183 1375
245925 285183 1375
245925 285183 1375
245925 285183 1375
245925 285183 1375
227828 239290 1376
227828 239290 1376
227828 239290 1376
227828 239290 1376
227828 239290 1376
227828 239290 1376
227828 239290 1376
227828 239290 1376
227828 239290 1376
227828 239290 1376
227828 239290 1376
227828 239290 1376
250604 199517 1377
250604 199517 1377
250604 199517 1377
250604 199517 1377
250604 199517 1377
250604 199517 1377
250604 199517 1377
250604 199517 1377
250604 199517 1377
250604 199517 1377
250604 199517 1377
250604 199517 1377
250604 199517 1377
227265 235683 1381
227265 235683 1381
227265 235683 1381
227265 235683 1381
227265 235683 1381
227265 235683 1381
227265 235683 1381
227265 235683 1381
227265 235683 1381
227265 235683 1381
227265 235683 1381
227265 235683 1381
227265 235683 1381
228130 265760 1382
228130 265760 1382
228130 265760 1382
228130 265760 1382
228130 265760 1382
228130 265760 1382
228130 265760 1382
228130 265760 1382
228130 265760 1382
228130 265760 1382
228130 265760 1382
228130 265760 1382
150440 151584 1382
150440 151584 1382
150440 151584 1382
150440 151584 1382
150440 151584 1382
150440 151584 1382
150440 151584 1382
150440 151584 1382
150440 151584 1382
150440 151584 1382
150440 151584 1382
150440 151584 1382
242072 202619 1383
242072 202619 1383
242072 202619 1383
242072 202619 1383
242072 202619 1383
242072 202619 1383
242072 202619 1383
242072 202619 1383
242072 202619 1383
242072 202619 1383
242072 202619 1383
242072 202619 1383
230101 228510 1383
230101 228510 1383
230101 228510 1383
230101 228510 1383
230101 228510 1383
230101 228510 1383
230101 228510 1383
230101 228510 1383
230101 228510 1383
230101 228510 1383
230101 228510 1383
230101 228510 1383
230101 228510 1383
228034 226771 1384
228034 226771 1384
228034 226771 1384
228034 226771 1384
228034 226771 1384
228034 226771 1384
228034 226771 1384
228034 226771 1384
228034 226771 1384
228034 226771 1384
228034 226771 1384
228034 226771 1384
208315 159589 1385
208315 159589 1385
208315 159589 1385
208315 159589 1385
208315 159589 1385
208315 159589 1385
208315 159589 1385
208315 159589 1385
208315 159589 1385
208315 159589 1385
208315 159589 1385
208315 159589 1385
208315 159589 1385
250582 245982 1385
250582 245982 1385
250582 245982 1385
250582 245982 1385
250582 245982 1385
250582 245982 1385
250582 245982 1385
250582 245982 1385
250582 245982 1385
250582 245982 1385
250582 245982 1385
250582 245982 1385
190918 191005 1385
190918 191005 1385
190918 191005 1385
190918 191005 1385
190918 191005 1385
190918 191005 1385
190918 191005 1385
190918 191005 1385
190918 191005 1385
190918 191005 1385
190918 191005 1385
190918 191005 1385
191015 160288 1385
191015 160288 1385
191015 160288 1385
191015 160288 1385
191015 160288 1385
191015 160288 1385
191015 160288 1385
191015 160288 1385
191015 160288 1385
191015 160288 1385
191015 160288 1385
191015 160288 1385
284635 245982 1385
284635 245982 1385
284635 245982 1385
284635 245982 1385
284635 245982 1385
284635 245982 1385
284635 245982 1385
284635 245982 1385
284635 245982 1385
284635 245982 1385
284635 245982 1385
284635 245982 1385
284635 245982 1385
208274 190751 1386
208274 190751 1386
208274 190751 1386
208274 190751 1386
208274 190751 1386
208274 190751 1386
208274 190751 1386
208274 190751 1386
208274 190751 1386
208274 190751 1386
208274 190751 1386
208274 190751 1386
208274 190751 1386
182980 176496 1386
182980 176496 1386
182980 176496 1386
182980 176496 1386
182980 176496 1386
182980 176496 1386
182980 176496 1386
182980 176496 1386
182980 176496 1386
182980 176496 1386
182980 176496 1386
182980 176496 1386
182980 176496 1386
239290 235679 1387
239290 235679 1387
239290 235679 1387
239290 235679 1387
239290 235679 1387
239290 235679 1387
239290 235679 1387
239290 235679 1387
239290 235679 1387
239290 235679 1387
239290 235679 1387
239290 235679 1387
236838 285195 1387
236838 285195 1387
236838 285195 1387
236838 285195 1387
236838 285195 1387
236838 285195 1387
236838 285195 1387
236838 285195 1387
236838 285195 1387
236838 285195 1387
236838 285195 1387
236838 285195 1387
236838 285195 1387
190992 195500 1387
190992 195500 1387
190992 195500 1387
190992 195500 1387
190992 195500 1387
190992 195500 1387
190992 195500 1387
190992 195500 1387
190992 195500 1387
190992 195500 1387
190992 195500 1387
190992 195500 1387
190992 195500 1387
227029 246084 1387
227029 246084 1387
227029 246084 1387
227029 246084 1387
227029 246084 1387
227029 246084 1387
227029 246084 1387
227029 246084 1387
227029 246084 1387
227029 246084 1387
227029 246084 1387
227029 246084 1387
265892 289559 1390
265892 289559 1390
265892 289559 1390
265892 289559 1390
265892 289559 1390
265892 289559 1390
265892 289559 1390
265892 289559 1390
265892 289559 1390
265892 289559 1390
265892 289559 1390
265892 289559 1390
226577 251999 1391
226577 251999 1391
226577 251999 1391
226577 251999 1391
226577 251999 1391
226577 251999 1391
226577 251999 1391
226577 251999 1391
226577 251999 1391
226577 251999 1391
226577 251999 1391
226577 251999 1391
226577 251999 1391
235679 231019 1391
235679 231019 1391
235679 231019 1391
235679 231019 1391
235679 231019 1391
235679 231019 1391
235679 231019 1391
235679 231019 1391
235679 231019 1391
235679 231019 1391
235679 231019 1391
235679 231019 1391
235679 231019 1391
4754 9119 1392
4754 9119 1392
4754 9119 1392
4754 9119 1392
4754 9119 1392
4754 9119 1392
4754 9119 1392
4754 9119 1392
4754 9119 1392
4754 9119 1392
4754 9119 1392
4754 9119 1392
4754 9119 1392
291449 265841 1395
291449 265841 1395
291449 265841 1395
291449 265841 1395
291449 265841 1395
291449 265841 1395
291449 265841 1395
291449 265841 1395
291449 265841 1395
291449 265841 1395
291449 265841 1395
291449 265841 1395
245900 296598 1396
245900 296598 1396
245900 296598 1396
245900 296598 1396
245900 296598 1396
245900 296598 1396
245900 296598 1396
245900 296598 1396
245900 296598 1396
245900 296598 1396
245900 296598 1396
245900 296598 1396
245900 296598 1396
291206 14923 1396
291206 14923 1396
291206 14923 1396
291206 14923 1396
291206 14923 1396
291206 14923 1396
291206 14923 1396
291206 14923 1396
291206 14923 1396
291206 14923 1396
291206 14923 1396
291206 14923 1396
236913 235683 1398
236913 235683 1398
236913 235683 1398
236913 235683 1398
236913 235683 1398
236913 235683 1398
236913 235683 1398
236913 235683 1398
236913 235683 1398
236913 235683 1398
236913 235683 1398
236913 235683 1398
238631 229825 1398
238631 229825 1398
238631 229825 1398
238631 229825 1398
238631 229825 1398
238631 229825 1398
238631 229825 1398
238631 229825 1398
238631 229825 1398
238631 229825 1398
238631 229825 1398
238631 229825 1398
230383 251977 1399
230383 251977 1399
230383 251977 1399
230383 251977 1399
230383 251977 1399
230383 251977 1399
230383 251977 1399
230383 251977 1399
230383 251977 1399
230383 251977 1399
230383 251977 1399
230383 251977 1399
230383 251977 1399
246595 246086 1403
246595 246086 1403
246595 246086 1403
246595 246086 1403
246595 246086 1403
246595 246086 1403
246595 246086 1403
246595 246086 1403
246595 246086 1403
246595 246086 1403
246595 246086 1403
246595 246086 1403
293112 247037 1404
293112 247037 1404
293112 247037 1404
293112 247037 1404
293112 247037 1404
293112 247037 1404
293112 247037 1404
293112 247037 1404
293112 247037 1404
293112 247037 1404
293112 247037 1404
293112 247037 1404
227715 251980 1404
227715 251980 1404
227715 251980 1404
227715 251980 1404
227715 251980 1404
227715 251980 1404
227715 251980 1404
227715 251980 1404
227715 251980 1404
227715 251980 1404
227715 251980 1404
227715 251980 1404
230917 227828 1404
230917 227828 1404
230917 227828 1404
230917 227828 1404
230917 227828 1404
230917 227828 1404
230917 227828 1404
230917 227828 1404
230917 227828 1404
230917 227828 1404
230917 227828 1404
230917 227828 1404
231520 124698 1407
231520 124698 1407
231520 124698 1407
231520 124698 1407
231520 124698 1407
231520 124698 1407
231520 124698 1407
231520 124698 1407
231520 124698 1407
231520 124698 1407
231520 124698 1407
231520 124698 1407
237321 238637 1410
237321 238637 1410
237321 238637 1410
237321 238637 1410
237321 238637 1410
237321 238637 1410
237321 238637 1410
237321 238637 1410
237321 238637 1410
237321 238637 1410
237321 238637 1410
237321 238637 1410
237321 238637 1410
285273 294569 1410
285273 294569 1410
285273 294569 1410
285273 294569 1410
285273 294569 1410
285273 294569 1410
285273 294569 1410
285273 294569 1410
285273 294569 1410
285273 294569 1410
285273 294569 1410
285273 294569 1410
285273 294569 1410
245958 291733 1411
245958 291733 1411
245958 291733 1411
245958 291733 1411
245958 291733 1411
245958 291733 1411
245958 291733 1411
245958 291733 1411
245958 291733 1411
245958 291733 1411
245958 291733 1411
245958 291733 1411
245958 291733 1411
294569 233485 1412
294569 233485 1412
294569 233485 1412
294569 233485 1412
294569 233485 1412
294569 233485 1412
294569 233485 1412
294569 233485 1412
294569 233485 1412
294569 233485 1412
294569 233485 1412
294569 233485 1412
294569 233485 1412
235679 265913 1413
235679 265913 1413
235679 265913 1413
235679 265913 1413
235679 265913 1413
235679 265913 1413
235679 265913 1413
235679 265913 1413
235679 265913 1413
235679 265913 1413
235679 265913 1413
235679 265913 1413
235679 265913 1413
226968 285276 1414
226968 285276 1414
226968 285276 1414
226968 285276 1414
226968 285276 1414
226968 285276 1414
226968 285276 1414
226968 285276 1414
226968 285276 1414
226968 285276 1414
226968 285276 1414
226968 285276 1414
226968 285276 1414
14812 150207 1417
14812 150207 1417
14812 150207 1417
14812 150207 1417
14812 150207 1417
14812 150207 1417
14812 150207 1417
14812 150207 1417
14812 150207 1417
14812 150207 1417
14812 150207 1417
14812 150207 1417
14812 150207 1417
219573 189432 1418
219573 189432 1418
219573 189432 1418
219573 189432 1418
219573 189432 1418
219573 189432 1418
219573 189432 1418
219573 189432 1418
219573 189432 1418
219573 189432 1418
219573 189432 1418
219573 189432 1418
242377 229511 1418
242377 229511 1418
242377 229511 1418
242377 229511 1418
242377 229511 1418
242377 229511 1418
242377 229511 1418
242377 229511 1418
242377 229511 1418
242377 229511 1418
242377 229511 1418
242377 229511 1418
287864 289528 1419
287864 289528 1419
287864 289528 1419
287864 289528 1419
287864 289528 1419
287864 289528 1419
287864 289528 1419
287864 289528 1419
287864 289528 1419
287864 289528 1419
287864 289528 1419
287864 289528 1419
188462 187552 1421
188462 187552 1421
188462 187552 1421
188462 187552 1421
188462 187552 1421
188462 187552 1421
188462 187552 1421
188462 187552 1421
188462 187552 1421
188462 187552 1421
188462 187552 1421
188462 187552 1421
188462 187552 1421
251995 235862 1421
251995 235862 1421
251995 235862 1421
251995 235862 1421
251995 235862 1421
251995 235862 1421
251995 235862 1421
251995 235862 1421
251995 235862 1421
251995 235862 1421
251995 235862 1421
251995 235862 1421
227098 235862 1422
227098 235862 1422
227098 235862 1422
227098 235862 1422
227098 235862 1422
227098 235862 1422
227098 235862 1422
227098 235862 1422
227098 235862 1422
227098 235862 1422
227098 235862 1422
227098 235862 1422
227098 235685 1422
227098 235685 1422
227098 235685 1422
227098 235685 1422
227098 235685 1422
227098 235685 1422
227098 235685 1422
227098 235685 1422
227098 235685 1422
227098 235685 1422
227098 235685 1422
227098 235685 1422
227098 235685 1422
263655 265841 1423
263655 265841 1423
263655 265841 1423
263655 265841 1423
263655 265841 1423
263655 265841 1423
263655 265841 1423
263655 265841 1423
263655 265841 1423
263655 265841 1423
263655 265841 1423
263655 265841 1423
263655 265841 1423
175963 236478 1423
175963 236478 1423
175963 236478 1423
175963 236478 1423
175963 236478 1423
175963 236478 1423
175963 236478 1423
175963 236478 1423
175963 236478 1423
175963 236478 1423
175963 236478 1423
175963 236478 1423
175963 236478 1423
194603 160289 1423
194603 160289 1423
194603 160289 1423
194603 160289 1423
194603 160289 1423
194603 160289 1423
194603 160289 1423
194603 160289 1423
194603 160289 1423
194603 160289 1423
194603 160289 1423
194603 160289 1423
200289 196510 1424
200289 196510 1424
200289 196510 1424
200289 196510 1424
200289 196510 1424
200289 196510 1424
200289 196510 1424
200289 196510 1424
200289 196510 1424
200289 196510 1424
200289 196510 1424
200289 196510 1424
200289 196510 1424
236179 232694 1428
236179 232694 1428
236179 232694 1428
236179 232694 1428
236179 232694 1428
236179 232694 1428
236179 232694 1428
236179 232694 1428
236179 232694 1428
236179 232694 1428
236179 232694 1428
236179 232694 1428
195766 190992 1428
195766 190992 1428
195766 190992 1428
195766 190992 1428
195766 190992 1428
195766 190992 1428
195766 190992 1428
195766 190992 1428
195766 190992 1428
195766 190992 1428
195766 190992 1428
195766 190992 1428
241933 193432 1430
241933 193432 1430
241933 193432 1430
241933 193432 1430
241933 193432 1430
241933 193432 1430
241933 193432 1430
241933 193432 1430
241933 193432 1430
241933 193432 1430
241933 193432 1430
241933 193432 1430
241933 193432 1430
160439 186780 1432
160439 186780 1432
160439 186780 1432
160439 186780 1432
160439 186780 1432
160439 186780 1432
160439 186780 1432
160439 186780 1432
160439 186780 1432
160439 186780 1432
160439 186780 1432
160439 186780 1432
191672 227882 1434
191672 227882 1434
191672 227882 1434
191672 227882 1434
191672 227882 1434
191672 227882 1434
191672 227882 1434
191672 227882 1434
191672 227882 1434
191672 227882 1434
191672 227882 1434
191672 227882 1434
176190 208315 1434
176190 208315 1434
176190 208315 1434
176190 208315 1434
176190 208315 1434
176190 208315 1434
176190 208315 1434
176190 208315 1434
176190 208315 1434
176190 208315 1434
176190 208315 1434
176190 208315 1434
283388 284225 1436
283388 284225 1436
283388 284225 1436
283388 284225 1436
283388 284225 1436
283388 284225 1436
283388 284225 1436
283388 284225 1436
283388 284225 1436
283388 284225 1436
283388 284225 1436
283388 284225 1436
235942 252022 1439
235942 252022 1439
235942 252022 1439
235942 252022 1439
235942 252022 1439
235942 252022 1439
235942 252022 1439
235942 252022 1439
235942 252022 1439
235942 252022 1439
235942 252022 1439
235942 252022 1439
232189 226394 1440
232189 226394 1440
232189 226394 1440
232189 226394 1440
232189 226394 1440
232189 226394 1440
232189 226394 1440
232189 226394 1440
232189 226394 1440
232189 226394 1440
232189 226394 1440
232189 226394 1440
243947 225652 1441
243947 225652 1441
243947 225652 1441
243947 225652 1441
243947 225652 1441
243947 225652 1441
243947 225652 1441
243947 225652 1441
243947 225652 1441
243947 225652 1441
243947 225652 1441
243947 225652 1441
243947 225652 1441
232694 231245 1441
232694 231245 1441
232694 231245 1441
232694 231245 1441
232694 231245 1441
232694 231245 1441
232694 231245 1441
232694 231245 1441
232694 231245 1441
232694 231245 1441
232694 231245 1441
232694 231245 1441
232694 231245 1441
236065 226242 1442
236065 226242 1442
236065 226242 1442
236065 226242 1442
236065 226242 1442
236065 226242 1442
236065 226242 1442
236065 226242 1442
236065 226242 1442
236065 226242 1442
236065 226242 1442
236065 226242 1442
274607 252698 1444
274607 252698 1444
274607 252698 1444
274607 252698 1444
274607 252698 1444
274607 252698 1444
274607 252698 1444
274607 252698 1444
274607 252698 1444
274607 252698 1444
274607 252698 1444
274607 252698 1444
193059 190380 1445
193059 190380 1445
193059 190380 1445
193059 190380 1445
193059 190380 1445
193059 190380 1445
193059 190380 1445
193059 190380 1445
193059 190380 1445
193059 190380 1445
193059 190380 1445
193059 190380 1445
193059 190380 1445
284632 246303 1452
284632 246303 1452
284632 246303 1452
284632 246303 1452
284632 246303 1452
284632 246303 1452
284632 246303 1452
284632 246303 1452
284632 246303 1452
284632 246303 1452
284632 246303 1452
284632 246303 1452
239235 268501 1453
239235 268501 1453
239235 268501 1453
239235 268501 1453
239235 268501 1453
239235 268501 1453
239235 268501 1453
239235 268501 1453
239235 268501 1453
239235 268501 1453
239235 268501 1453
239235 268501 1453
284630 11144 1454
284630 11144 1454
284630 11144 1454
284630 11144 1454
284630 11144 1454
284630 11144 1454
284630 11144 1454
284630 11144 1454
284630 11144 1454
284630 11144 1454
284630 11144 1454
284630 11144 1454
291455 265841 1454
291455 265841 1454
291455 265841 1454
291455 265841 1454
291455 265841 1454
291455 265841 1454
291455 265841 1454
291455 265841 1454
291455 265841 1454
291455 265841 1454
291455 265841 1454
291455 265841 1454
291455 265841 1454
235974 230957 1457
235974 230957 1457
235974 230957 1457
235974 230957 1457
235974 230957 1457
235974 230957 1457
235974 230957 1457
235974 230957 1457
235974 230957 1457
235974 230957 1457
235974 230957 1457
235974 230957 1457
238631 225626 1457
238631 225626 1457
238631 225626 1457
238631 225626 1457
238631 225626 1457
238631 225626 1457
238631 225626 1457
238631 225626 1457
238631 225626 1457
238631 225626 1457
238631 225626 1457
238631 225626 1457
238631 225626 1457
243447 225748 1458
243447 225748 1458
243447 225748 1458
243447 225748 1458
243447 225748 1458
243447 225748 1458
243447 225748 1458
243447 225748 1458
243447 225748 1458
243447 225748 1458
243447 225748 1458
243447 225748 1458
4147 186852 1458
4147 186852 1458
4147 186852 1458
4147 186852 1458
4147 186852 1458
4147 186852 1458
4147 186852 1458
4147 186852 1458
4147 186852 1458
4147 186852 1458
4147 186852 1458
4147 186852 1458
196507 236015 1463
196507 236015 1463
196507 236015 1463
196507 236015 1463
196507 236015 1463
196507 236015 1463
196507 236015 1463
196507 236015 1463
196507 236015 1463
196507 236015 1463
196507 236015 1463
196507 236015 1463
293377 236888 1485
293377 236888 1485
293377 236888 1485
293377 236888 1485
293377 236888 1485
293377 236888 1485
293377 236888 1485
293377 236888 1485
293377 236888 1485
293377 236888 1485
293377 236888 1485
293377 236888 1485
236888 155156 1489
236888 155156 1489
236888 155156 1489
236888 155156 1489
236888 155156 1489
236888 155156 1489
236888 155156 1489
236888 155156 1489
236888 155156 1489
236888 155156 1489
236888 155156 1489
236888 155156 1489
236888 155156 1489
238725 292473 1493
238725 292473 1493
238725 292473 1493
238725 292473 1493
238725 292473 1493
238725 292473 1493
238725 292473 1493
238725 292473 1493
238725 292473 1493
238725 292473 1493
238725 292473 1493
238725 292473 1493
238725 292473 1493
201279 293353 1493
201279 293353 1493
201279 293353 1493
201279 293353 1493
201279 293353 1493
201279 293353 1493
201279 293353 1493
201279 293353 1493
201279 293353 1493
201279 293353 1493
201279 293353 1493
201279 293353 1493
246058 252680 1499
246058 252680 1499
246058 252680 1499
246058 252680 1499
246058 252680 1499
246058 252680 1499
246058 252680 1499
246058 252680 1499
246058 252680 1499
246058 252680 1499
246058 252680 1499
246058 252680 1499
246058 252680 1499
235958 243449 1502
235958 243449 1502
235958 243449 1502
235958 243449 1502
235958 243449 1502
235958 243449 1502
235958 243449 1502
235958 243449 1502
235958 243449 1502
235958 243449 1502
235958 243449 1502
235958 243449 1502
294567 250687 1502
294567 250687 1502
294567 250687 1502
294567 250687 1502
294567 250687 1502
294567 250687 1502
294567 250687 1502
294567 250687 1502
294567 250687 1502
294567 250687 1502
294567 250687 1502
294567 250687 1502
151125 236015 1504
151125 236015 1504
151125 236015 1504
151125 236015 1504
151125 236015 1504
151125 236015 1504
151125 236015 1504
151125 236015 1504
151125 236015 1504
151125 236015 1504
151125 236015 1504
151125 236015 1504
151125 236015 1504
291514 270089 1505
291514 270089 1505
291514 270089 1505
291514 270089 1505
291514 270089 1505
291514 270089 1505
291514 270089 1505
291514 270089 1505
291514 270089 1505
291514 270089 1505
291514 270089 1505
291514 270089 1505
291514 270089 1505
291737 291371 1505
291737 291371 1505
291737 291371 1505
291737 291371 1505
291737 291371 1505
291737 291371 1505
291737 291371 1505
291737 291371 1505
291737 291371 1505
291737 291371 1505
291737 291371 1505
291737 291371 1505
291737 291371 1505
246114 227854 1505
246114 227854 1505
246114 227854 1505
246114 227854 1505
246114 227854 1505
246114 227854 1505
246114 227854 1505
246114 227854 1505
246114 227854 1505
246114 227854 1505
246114 227854 1505
246114 227854 1505
246114 227854 1505
293343 289620 1509
293343 289620 1509
293343 289620 1509
293343 289620 1509
293343 289620 1509
293343 289620 1509
293343 289620 1509
293343 289620 1509
293343 289620 1509
293343 289620 1509
293343 289620 1509
293343 289620 1509
239832 242322 1510
239832 242322 1510
239832 242322 1510
239832 242322 1510
239832 242322 1510
239832 242322 1510
239832 242322 1510
239832 242322 1510
239832 242322 1510
239832 242322 1510
239832 242322 1510
239832 242322 1510
242322 289037 1512
242322 289037 1512
242322 289037 1512
242322 289037 1512
242322 289037 1512
242322 289037 1512
242322 289037 1512
242322 289037 1512
242322 289037 1512
242322 289037 1512
242322 289037 1512
242322 289037 1512
232537 272843 1513
232537 272843 1513
232537 272843 1513
232537 272843 1513
232537 272843 1513
232537 272843 1513
232537 272843 1513
232537 272843 1513
232537 272843 1513
232537 272843 1513
232537 272843 1513
232537 272843 1513
232537 272843 1513
289620 285375 1518
289620 285375 1518
289620 285375 1518
289620 285375 1518
289620 285375 1518
289620 285375 1518
289620 285375 1518
289620 285375 1518
289620 285375 1518
289620 285375 1518
289620 285375 1518
289620 285375 1518
203368 225789 1519
203368 225789 1519
203368 225789 1519
203368 225789 1519
203368 225789 1519
203368 225789 1519
203368 225789 1519
203368 225789 1519
203368 225789 1519
203368 225789 1519
203368 225789 1519
203368 225789 1519
293178 293112 1527
293178 293112 1527
293178 293112 1527
293178 293112 1527
293178 293112 1527
293178 293112 1527
293178 293112 1527
293178 293112 1527
293178 293112 1527
293178 293112 1527
293178 293112 1527
293178 293112 1527
284207 293377 1532
284207 293377 1532
284207 293377 1532
284207 293377 1532
284207 293377 1532
284207 293377 1532
284207 293377 1532
284207 293377 1532
284207 293377 1532
284207 293377 1532
284207 293377 1532
284207 293377 1532
293343 295112 1534
293343 295112 1534
293343 295112 1534
293343 295112 1534
293343 295112 1534
293343 295112 1534
293343 295112 1534
293343 295112 1534
293343 295112 1534
293343 295112 1534
293343 295112 1534
293343 295112 1534
293343 295112 1534
191601 228132 1537
191601 228132 1537
191601 228132 1537
191601 228132 1537
191601 228132 1537
191601 228132 1537
191601 228132 1537
191601 228132 1537
191601 228132 1537
191601 228132 1537
191601 228132 1537
191601 228132 1537
236094 191594 1556
236094 191594 1556
236094 191594 1556
236094 191594 1556
236094 191594 1556
236094 191594 1556
236094 191594 1556
236094 191594 1556
236094 191594 1556
236094 191594 1556
236094 191594 1556
236094 191594 1556
236094 191594 1556
245978 246816 1560
245978 246816 1560
245978 246816 1560
245978 246816 1560
245978 246816 1560
245978 246816 1560
245978 246816 1560
245978 246816 1560
245978 246816 1560
245978 246816 1560
245978 246816 1560
245978 246816 1560
245978 246816 1560
235127 295156 1582
235127 295156 1582
235127 295156 1582
235127 295156 1582
235127 295156 1582
235127 295156 1582
235127 295156 1582
235127 295156 1582
235127 295156 1582
235127 295156 1582
235127 295156 1582
235127 295156 1582
14923 10225 1591
14923 10225 1591
14923 10225 1591
14923 10225 1591
14923 10225 1591
14923 10225 1591
14923 10225 1591
14923 10225 1591
14923 10225 1591
14923 10225 1591
14923 10225 1591
14923 10225 1591
193636 251936 1606
193636 251936 1606
193636 251936 1606
193636 251936 1606
193636 251936 1606
193636 251936 1606
193636 251936 1606
193636 251936 1606
193636 251936 1606
193636 251936 1606
193636 251936 1606
193636 251936 1606
193636 251936 1606
289528 235974 1607
289528 235974 1607
289528 235974 1607
289528 235974 1607
289528 235974 1607
289528 235974 1607
289528 235974 1607
289528 235974 1607
289528 235974 1607
289528 235974 1607
289528 235974 1607
289528 235974 1607
289528 235974 1607
11767 281439 1613
11767 281439 1613
11767 281439 1613
11767 281439 1613
11767 281439 1613
11767 281439 1613
11767 281439 1613
11767 281439 1613
11767 281439 1613
11767 281439 1613
11767 281439 1613
11767 281439 1613
160439 206099 1613
160439 206099 1613
160439 206099 1613
160439 206099 1613
160439 206099 1613
160439 206099 1613
160439 206099 1613
160439 206099 1613
160439 206099 1613
160439 206099 1613
160439 206099 1613
160439 206099 1613
160439 206099 1613
176500 182980 1614
176500 182980 1614
176500 182980 1614
176500 182980 1614
176500 182980 1614
176500 182980 1614
176500 182980 1614
176500 182980 1614
176500 182980 1614
176500 182980 1614
176500 182980 1614
176500 182980 1614
176500 182980 1614
252022 226968 1614
252022 226968 1614
252022 226968 1614
252022 226968 1614
252022 226968 1614
252022 226968 1614
252022 226968 1614
252022 226968 1614
252022 226968 1614
252022 226968 1614
252022 226968 1614
252022 226968 1614
252022 226968 1614
184415 182980 1615
184415 182980 1615
184415 182980 1615
184415 182980 1615
184415 182980 1615
184415 182980 1615
184415 182980 1615
184415 182980 1615
184415 182980 1615
184415 182980 1615
184415 182980 1615
184415 182980 1615
184415 182980 1615
227081 236925 1618
227081 236925 1618
227081 236925 1618
227081 236925 1618
227081 236925 1618
227081 236925 1618
227081 236925 1618
227081 236925 1618
227081 236925 1618
227081 236925 1618
227081 236925 1618
227081 236925 1618
236838 235661 1620
236838 235661 1620
236838 235661 1620
236838 235661 1620
236838 235661 1620
236838 235661 1620
236838 235661 1620
236838 235661 1620
236838 235661 1620
236838 235661 1620
236838 235661 1620
236838 235661 1620
236838 235661 1620
231441 238735 1620
231441 238735 1620
231441 238735 1620
231441 238735 1620
231441 238735 1620
231441 238735 1620
231441 238735 1620
231441 238735 1620
231441 238735 1620
231441 238735 1620
231441 238735 1620
231441 238735 1620
11764 281439 1621
11764 281439 1621
11764 281439 1621
11764 281439 1621
11764 281439 1621
11764 281439 1621
11764 281439 1621
11764 281439 1621
11764 281439 1621
11764 281439 1621
11764 281439 1621
11764 281439 1621
190934 206270 1624
190934 206270 1624
190934 206270 1624
190934 206270 1624
190934 206270 1624
190934 206270 1624
190934 206270 1624
190934 206270 1624
190934 206270 1624
190934 206270 1624
190934 206270 1624
190934 206270 1624
190934 206270 1624
285195 282897 1634
285195 282897 1634
285195 282897 1634
285195 282897 1634
285195 282897 1634
285195 282897 1634
285195 282897 1634
285195 282897 1634
285195 282897 1634
285195 282897 1634
285195 282897 1634
285195 282897 1634
237885 124698 1636
237885 124698 1636
237885 124698 1636
237885 124698 1636
237885 124698 1636
237885 124698 1636
237885 124698 1636
237885 124698 1636
237885 124698 1636
237885 124698 1636
237885 124698 1636
237885 124698 1636
237885 124698 1636
14813 239235 1640
14813 239235 1640
14813 239235 1640
14813 239235 1640
14813 239235 1640
14813 239235 1640
14813 239235 1640
14813 239235 1640
14813 239235 1640
14813 239235 1640
14813 239235 1640
14813 239235 1640
236839 226382 1640
236839 226382 1640
236839 226382 1640
236839 226382 1640
236839 226382 1640
236839 226382 1640
236839 226382 1640
236839 226382 1640
236839 226382 1640
236839 226382 1640
236839 226382 1640
236839 226382 1640
229867 228139 1643
229867 228139 1643
229867 228139 1643
229867 228139 1643
229867 228139 1643
229867 228139 1643
229867 228139 1643
229867 228139 1643
229867 228139 1643
229867 228139 1643
229867 228139 1643
229867 228139 1643
190969 236479 1651
190969 236479 1651
190969 236479 1651
190969 236479 1651
190969 236479 1651
190969 236479 1651
190969 236479 1651
190969 236479 1651
190969 236479 1651
190969 236479 1651
190969 236479 1651
190969 236479 1651
235942 188465 1653
235942 188465 1653
235942 188465 1653
235942 188465 1653
235942 188465 1653
235942 188465 1653
235942 188465 1653
235942 188465 1653
235942 188465 1653
235942 188465 1653
235942 188465 1653
235942 188465 1653
182981 201279 1653
182981 201279 1653
182981 201279 1653
182981 201279 1653
182981 201279 1653
182981 201279 1653
182981 201279 1653
182981 201279 1653
182981 201279 1653
182981 201279 1653
182981 201279 1653
182981 201279 1653
236839 226382 1655
236839 226382 1655
236839 226382 1655
236839 226382 1655
236839 226382 1655
236839 226382 1655
236839 226382 1655
236839 226382 1655
236839 226382 1655
236839 226382 1655
236839 226382 1655
236839 226382 1655
228200 238722 1659
228200 238722 1659
228200 238722 1659
228200 238722 1659
228200 238722 1659
228200 238722 1659
228200 238722 1659
228200 238722 1659
228200 238722 1659
228200 238722 1659
228200 238722 1659
228200 238722 1659
228200 238722 1659
284575 250595 1664
284575 250595 1664
284575 250595 1664
284575 250595 1664
284575 250595 1664
284575 250595 1664
284575 250595 1664
284575 250595 1664
284575 250595 1664
284575 250595 1664
284575 250595 1664
284575 250595 1664
284575 250595 1664
187715 176278 1665
187715 176278 1665
187715 176278 1665
187715 176278 1665
187715 176278 1665
187715 176278 1665
187715 176278 1665
187715 176278 1665
187715 176278 1665
187715 176278 1665
187715 176278 1665
187715 176278 1665
235860 232721 1667
235860 232721 1667
235860 232721 1667
235860 232721 1667
235860 232721 1667
235860 232721 1667
235860 232721 1667
235860 232721 1667
235860 232721 1667
235860 232721 1667
235860 232721 1667
235860 232721 1667
235860 232721 1667
291226 246070 1670
291226 246070 1670
291226 246070 1670
291226 246070 1670
291226 246070 1670
291226 246070 1670
291226 246070 1670
291226 246070 1670
291226 246070 1670
291226 246070 1670
291226 246070 1670
291226 246070 1670
291226 246070 1670
265579 265636 1671
265579 265636 1671
265579 265636 1671
265579 265636 1671
265579 265636 1671
265579 265636 1671
265579 265636 1671
265579 265636 1671
265579 265636 1671
265579 265636 1671
265579 265636 1671
265579 265636 1671
265579 265636 1671
288589 256655 1674
288589 256655 1674
288589 256655 1674
288589 256655 1674
288589 256655 1674
288589 256655 1674
288589 256655 1674
288589 256655 1674
288589 256655 1674
288589 256655 1674
288589 256655 1674
288589 256655 1674
288589 256655 1674
294618 265637 1674
294618 265637 1674
294618 265637 1674
294618 265637 1674
294618 265637 1674
294618 265637 1674
294618 265637 1674
294618 265637 1674
294618 265637 1674
294618 265637 1674
294618 265637 1674
294618 265637 1674
294618 265637 1674
289731 293376 1675
289731 293376 1675
289731 293376 1675
289731 293376 1675
289731 293376 1675
289731 293376 1675
289731 293376 1675
289731 293376 1675
289731 293376 1675
289731 293376 1675
289731 293376 1675
289731 293376 1675
289731 293376 1675
282558 265637 1675
282558 265637 1675
282558 265637 1675
282558 265637 1675
282558 265637 1675
282558 265637 1675
282558 265637 1675
282558 265637 1675
282558 265637 1675
282558 265637 1675
282558 265637 1675
282558 265637 1675
285284 294593 1677
285284 294593 1677
285284 294593 1677
285284 294593 1677
285284 294593 1677
285284 294593 1677
285284 294593 1677
285284 294593 1677
285284 294593 1677
285284 294593 1677
285284 294593 1677
285284 294593 1677
288589 256655 1678
288589 256655 1678
288589 256655 1678
288589 256655 1678
288589 256655 1678
288589 256655 1678
288589 256655 1678
288589 256655 1678
288589 256655 1678
288589 256655 1678
288589 256655 1678
288589 256655 1678
288589 256655 1678
174820 153038 1678
174820 153038 1678
174820 153038 1678
174820 153038 1678
174820 153038 1678
174820 153038 1678
174820 153038 1678
174820 153038 1678
174820 153038 1678
174820 153038 1678
174820 153038 1678
174820 153038 1678
174820 153038 1678
225957 235977 1680
225957 235977 1680
225957 235977 1680
225957 235977 1680
225957 235977 1680
225957 235977 1680
225957 235977 1680
225957 235977 1680
225957 235977 1680
225957 235977 1680
225957 235977 1680
225957 235977 1680
225957 235977 1680
228014 237202 1680
228014 237202 1680
228014 237202 1680
228014 237202 1680
228014 237202 1680
228014 237202 1680
228014 237202 1680
228014 237202 1680
228014 237202 1680
228014 237202 1680
228014 237202 1680
228014 237202 1680
150466 150281 1682
150466 150281 1682
150466 150281 1682
150466 150281 1682
150466 150281 1682
150466 150281 1682
150466 150281 1682
150466 150281 1682
150466 150281 1682
150466 150281 1682
150466 150281 1682
150466 150281 1682
160287 153282 1684
160287 153282 1684
160287 153282 1684
160287 153282 1684
160287 153282 1684
160287 153282 1684
160287 153282 1684
160287 153282 1684
160287 153282 1684
160287 153282 1684
160287 153282 1684
160287 153282 1684
160287 153282 1684
285375 289524 1688
285375 289524 1688
285375 289524 1688
285375 289524 1688
285375 289524 1688
285375 289524 1688
285375 289524 1688
285375 289524 1688
285375 289524 1688
285375 289524 1688
285375 289524 1688
285375 289524 1688
285375 289524 1688
243511 14923 1688
243511 14923 1688
243511 14923 1688
243511 14923 1688
243511 14923 1688
243511 14923 1688
243511 14923 1688
243511 14923 1688
243511 14923 1688
243511 14923 1688
243511 14923 1688
243511 14923 1688
285268 226977 1688
285268 226977 1688
285268 226977 1688
285268 226977 1688
285268 226977 1688
285268 226977 1688
285268 226977 1688
285268 226977 1688
285268 226977 1688
285268 226977 1688
285268 226977 1688
285268 226977 1688
176253 190994 1690
176253 190994 1690
176253 190994 1690
176253 190994 1690
176253 190994 1690
176253 190994 1690
176253 190994 1690
176253 190994 1690
176253 190994 1690
176253 190994 1690
176253 190994 1690
176253 190994 1690
191022 201801 1691
191022 201801 1691
191022 201801 1691
191022 201801 1691
191022 201801 1691
191022 201801 1691
191022 201801 1691
191022 201801 1691
191022 201801 1691
191022 201801 1691
191022 201801 1691
191022 201801 1691
227295 238546 1691
227295 238546 1691
227295 238546 1691
227295 238546 1691
227295 238546 1691
227295 238546 1691
227295 238546 1691
227295 238546 1691
227295 238546 1691
227295 238546 1691
227295 238546 1691
227295 238546 1691
236519 228112 1693
236519 228112 1693
236519 228112 1693
236519 228112 1693
236519 228112 1693
236519 228112 1693
236519 228112 1693
236519 228112 1693
236519 228112 1693
236519 228112 1693
236519 228112 1693
236519 228112 1693
236519 228112 1693
245925 227009 1693
245925 227009 1693
245925 227009 1693
245925 227009 1693
245925 227009 1693
245925 227009 1693
245925 227009 1693
245925 227009 1693
245925 227009 1693
245925 227009 1693
245925 227009 1693
245925 227009 1693
245925 227009 1693
175935 237845 1696
175935 237845 1696
175935 237845 1696
175935 237845 1696
175935 237845 1696
175935 237845 1696
175935 237845 1696
175935 237845 1696
175935 237845 1696
175935 237845 1696
175935 237845 1696
175935 237845 1696
285486 184793 1696
285486 184793 1696
285486 184793 1696
285486 184793 1696
285486 184793 1696
285486 184793 1696
285486 184793 1696
285486 184793 1696
285486 184793 1696
285486 184793 1696
285486 184793 1696
285486 184793 1696
285486 184793 1696
229775 228456 1697
229775 228456 1697
229775 228456 1697
229775 228456 1697
229775 228456 1697
229775 228456 1697
229775 228456 1697
229775 228456 1697
229775 228456 1697
229775 228456 1697
229775 228456 1697
229775 228456 1697
277362 234298 1698
277362 234298 1698
277362 234298 1698
277362 234298 1698
277362 234298 1698
277362 234298 1698
277362 234298 1698
277362 234298 1698
277362 234298 1698
277362 234298 1698
277362 234298 1698
277362 234298 1698
277362 234298 1698
225759 251999 1698
225759 251999 1698
225759 251999 1698
225759 251999 1698
225759 251999 1698
225759 251999 1698
225759 251999 1698
225759 251999 1698
225759 251999 1698
225759 251999 1698
225759 251999 1698
225759 251999 1698
225759 251999 1698
196761 196506 1699
196761 196506 1699
196761 196506 1699
196761 196506 1699
196761 196506 1699
196761 196506 1699
196761 196506 1699
196761 196506 1699
196761 196506 1699
196761 196506 1699
196761 196506 1699
196761 196506 1699
196761 196506 1699
226968 246154 1699
226968 246154 1699
226968 246154 1699
226968 246154 1699
226968 246154 1699
226968 246154 1699
226968 246154 1699
226968 246154 1699
226968 246154 1699
226968 246154 1699
226968 246154 1699
226968 246154 1699
226968 246154 1699
227063 226958 1701
227063 226958 1701
227063 226958 1701
227063 226958 1701
227063 226958 1701
227063 226958 1701
227063 226958 1701
227063 226958 1701
227063 226958 1701
227063 226958 1701
227063 226958 1701
227063 226958 1701
206267 232030 1701
206267 232030 1701
206267 232030 1701
206267 232030 1701
206267 232030 1701
206267 232030 1701
206267 232030 1701
206267 232030 1701
206267 232030 1701
206267 232030 1701
206267 232030 1701
206267 232030 1701
245995 252677 1703
245995 252677 1703
245995 252677 1703
245995 252677 1703
245995 252677 1703
245995 252677 1703
245995 252677 1703
245995 252677 1703
245995 252677 1703
245995 252677 1703
245995 252677 1703
245995 252677 1703
246119 250599 1705
246119 250599 1705
246119 250599 1705
246119 250599 1705
246119 250599 1705
246119 250599 1705
246119 250599 1705
246119 250599 1705
246119 250599 1705
246119 250599 1705
246119 250599 1705
246119 250599 1705
246119 250599 1705
285486 256663 1705
285486 256663 1705
285486 256663 1705
285486 256663 1705
285486 256663 1705
285486 256663 1705
285486 256663 1705
285486 256663 1705
285486 256663 1705
285486 256663 1705
285486 256663 1705
285486 256663 1705
228514 243524 1705
228514 243524 1705
228514 243524 1705
228514 243524 1705
228514 243524 1705
228514 243524 1705
228514 243524 1705
228514 243524 1705
228514 243524 1705
228514 243524 1705
228514 243524 1705
228514 243524 1705
235995 241489 1707
235995 241489 1707
235995 241489 1707
235995 241489 1707
235995 241489 1707
235995 241489 1707
235995 241489 1707
235995 241489 1707
235995 241489 1707
235995 241489 1707
235995 241489 1707
235995 241489 1707
252022 284260 1708
252022 284260 1708
252022 284260 1708
252022 284260 1708
252022 284260 1708
252022 284260 1708
252022 284260 1708
252022 284260 1708
252022 284260 1708
252022 284260 1708
252022 284260 1708
252022 284260 1708
252022 284260 1708
232697 232719 1710
232697 232719 1710
232697 232719 1710
232697 232719 1710
232697 232719 1710
232697 232719 1710
232697 232719 1710
232697 232719 1710
232697 232719 1710
232697 232719 1710
232697 232719 1710
232697 232719 1710
232697 232719 1710
232694 232719 1710
232694 232719 1710
232694 232719 1710
232694 232719 1710
232694 232719 1710
232694 232719 1710
232694 232719 1710
232694 232719 1710
232694 232719 1710
232694 232719 1710
232694 232719 1710
232694 232719 1710
296129 124351 1712
296129 124351 1712
296129 124351 1712
296129 124351 1712
296129 124351 1712
296129 124351 1712
296129 124351 1712
296129 124351 1712
296129 124351 1712
296129 124351 1712
296129 124351 1712
296129 124351 1712
236137 236447 1713
236137 236447 1713
236137 236447 1713
236137 236447 1713
236137 236447 1713
236137 236447 1713
236137 236447 1713
236137 236447 1713
236137 236447 1713
236137 236447 1713
236137 236447 1713
236137 236447 1713
242306 233322 1714
242306 233322 1714
242306 233322 1714
242306 233322 1714
242306 233322 1714
242306 233322 1714
242306 233322 1714
242306 233322 1714
242306 233322 1714
242306 233322 1714
242306 233322 1714
242306 233322 1714
291346 296524 1714
291346 296524 1714
291346 296524 1714
291346 296524 1714
291346 296524 1714
291346 296524 1714
291346 296524 1714
291346 296524 1714
291346 296524 1714
291346 296524 1714
291346 296524 1714
291346 296524 1714
237090 230701 1714
237090 230701 1714
237090 230701 1714
237090 230701 1714
237090 230701 1714
237090 230701 1714
237090 230701 1714
237090 230701 1714
237090 230701 1714
237090 230701 1714
237090 230701 1714
237090 230701 1714
195617 265481 1714
195617 265481 1714
195617 265481 1714
195617 265481 1714
195617 265481 1714
195617 265481 1714
195617 265481 1714
195617 265481 1714
195617 265481 1714
195617 265481 1714
195617 265481 1714
195617 265481 1714
195617 265481 1714
232713 233322 1714
232713 233322 1714
232713 233322 1714
232713 233322 1714
232713 233322 1714
232713 233322 1714
232713 233322 1714
232713 233322 1714
232713 233322 1714
232713 233322 1714
232713 233322 1714
232713 233322 1714
241489 237964 1715
241489 237964 1715
241489 237964 1715
241489 237964 1715
241489 237964 1715
241489 237964 1715
241489 237964 1715
241489 237964 1715
241489 237964 1715
241489 237964 1715
241489 237964 1715
241489 237964 1715
241489 237964 1715
294268 236839 1715
294268 236839 1715
294268 236839 1715
294268 236839 1715
294268 236839 1715
294268 236839 1715
294268 236839 1715
294268 236839 1715
294268 236839 1715
294268 236839 1715
294268 236839 1715
294268 236839 1715
294268 236839 1715
240657 240632 1715
240657 240632 1715
240657 240632 1715
240657 240632 1715
240657 240632 1715
240657 240632 1715
240657 240632 1715
240657 240632 1715
240657 240632 1715
240657 240632 1715
240657 240632 1715
240657 240632 1715
292460 285276 1717
292460 285276 1717
292460 285276 1717
292460 285276 1717
292460 285276 1717
292460 285276 1717
292460 285276 1717
292460 285276 1717
292460 285276 1717
292460 285276 1717
292460 285276 1717
292460 285276 1717
227532 242471 1717
227532 242471 1717
227532 242471 1717
227532 242471 1717
227532 242471 1717
227532 242471 1717
227532 242471 1717
227532 242471 1717
227532 242471 1717
227532 242471 1717
227532 242471 1717
227532 242471 1717
285276 227640 1718
285276 227640 1718
285276 227640 1718
285276 227640 1718
285276 227640 1718
285276 227640 1718
285276 227640 1718
285276 227640 1718
285276 227640 1718
285276 227640 1718
285276 227640 1718
285276 227640 1718
242425 228366 1718
242425 228366 1718
242425 228366 1718
242425 228366 1718
242425 228366 1718
242425 228366 1718
242425 228366 1718
242425 228366 1718
242425 228366 1718
242425 228366 1718
242425 228366 1718
242425 228366 1718
282549 283968 1720
282549 283968 1720
282549 283968 1720
282549 283968 1720
282549 283968 1720
282549 283968 1720
282549 283968 1720
282549 283968 1720
282549 283968 1720
282549 283968 1720
282549 283968 1720
282549 283968 1720
282549 283968 1720
282549 283968 1720
282549 283968 1720
282549 283968 1720
282549 283968 1720
282549 283968 1720
282549 283968 1720
282549 283968 1720
282549 283968 1720
282549 283968 1720
282549 283968 1720
282549 283968 1720
282549 283968 1720
11787 283968 1720
11787 283968 1720
11787 283968 1720
11787 283968 1720
11787 283968 1720
11787 283968 1720
11787 283968 1720
11787 283968 1720
11787 283968 1720
11787 283968 1720
11787 283968 1720
11787 283968 1720
190922 227079 1721
190922 227079 1721
190922 227079 1721
190922 227079 1721
190922 227079 1721
190922 227079 1721
190922 227079 1721
190922 227079 1721
190922 227079 1721
190922 227079 1721
190922 227079 1721
190922 227079 1721
187715 193910 1723
187715 193910 1723
187715 193910 1723
187715 193910 1723
187715 193910 1723
187715 193910 1723
187715 193910 1723
187715 193910 1723
187715 193910 1723
187715 193910 1723
187715 193910 1723
187715 193910 1723
187715 193910 1723
227079 229773 1723
227079 229773 1723
227079 229773 1723
227079 229773 1723
227079 229773 1723
227079 229773 1723
227079 229773 1723
227079 229773 1723
227079 229773 1723
227079 229773 1723
227079 229773 1723
227079 229773 1723
227079 229773 1723
124709 238518 1723
124709 238518 1723
124709 238518 1723
124709 238518 1723
124709 238518 1723
124709 238518 1723
124709 238518 1723
124709 238518 1723
124709 238518 1723
124709 238518 1723
124709 238518 1723
124709 238518 1723
124709 238518 1723
247030 245943 1724
247030 245943 1724
247030 245943 1724
247030 245943 1724
247030 245943 1724
247030 245943 1724
247030 245943 1724
247030 245943 1724
247030 245943 1724
247030 245943 1724
247030 245943 1724
247030 245943 1724
247030 245943 1724
236913 150224 1726
236913 150224 1726
236913 150224 1726
236913 150224 1726
236913 150224 1726
236913 150224 1726
236913 150224 1726
236913 150224 1726
236913 150224 1726
236913 150224 1726
236913 150224 1726
236913 150224 1726
227099 227042 1726
227099 227042 1726
227099 227042 1726
227099 227042 1726
227099 227042 1726
227099 227042 1726
227099 227042 1726
227099 227042 1726
227099 227042 1726
227099 227042 1726
227099 227042 1726
227099 227042 1726
227099 227042 1726
240839 228032 1727
240839 228032 1727
240839 228032 1727
240839 228032 1727
240839 228032 1727
240839 228032 1727
240839 228032 1727
240839 228032 1727
240839 228032 1727
240839 228032 1727
240839 228032 1727
240839 228032 1727
240839 228032 1727
238517 288199 1727
238517 288199 1727
238517 288199 1727
238517 288199 1727
238517 288199 1727
238517 288199 1727
238517 288199 1727
238517 288199 1727
238517 288199 1727
238517 288199 1727
238517 288199 1727
238517 288199 1727
226961 246302 1727
226961 246302 1727
226961 246302 1727
226961 246302 1727
226961 246302 1727
226961 246302 1727
226961 246302 1727
226961 246302 1727
226961 246302 1727
226961 246302 1727
226961 246302 1727
226961 246302 1727
226961 246302 1727
250848 228107 1727
250848 228107 1727
250848 228107 1727
250848 228107 1727
250848 228107 1727
250848 228107 1727
250848 228107 1727
250848 228107 1727
250848 228107 1727
250848 228107 1727
250848 228107 1727
250848 228107 1727
250848 228107 1727
227042 260482 1728
227042 260482 1728
227042 260482 1728
227042 260482 1728
227042 260482 1728
227042 260482 1728
227042 260482 1728
227042 260482 1728
227042 260482 1728
227042 260482 1728
227042 260482 1728
227042 260482 1728
245976 19032 1729
245976 19032 1729
245976 19032 1729
245976 19032 1729
245976 19032 1729
245976 19032 1729
245976 19032 1729
245976 19032 1729
245976 19032 1729
245976 19032 1729
245976 19032 1729
245976 19032 1729
245976 19032 1729
288199 245931 1729
288199 245931 1729
288199 245931 1729
288199 245931 1729
288199 245931 1729
288199 245931 1729
288199 245931 1729
288199 245931 1729
288199 245931 1729
288199 245931 1729
288199 245931 1729
288199 245931 1729
288199 245931 1729
191585 237848 1730
191585 237848 1730
191585 237848 1730
191585 237848 1730
191585 237848 1730
191585 237848 1730
191585 237848 1730
191585 237848 1730
191585 237848 1730
191585 237848 1730
191585 237848 1730
191585 237848 1730
191585 237848 1730
246101 293362 1730
246101 293362 1730
246101 293362 1730
246101 293362 1730
246101 293362 1730
246101 293362 1730
246101 293362 1730
246101 293362 1730
246101 293362 1730
246101 293362 1730
246101 293362 1730
246101 293362 1730
246053 228105 1730
246053 228105 1730
246053 228105 1730
246053 228105 1730
246053 228105 1730
246053 228105 1730
246053 228105 1730
246053 228105 1730
246053 228105 1730
246053 228105 1730
246053 228105 1730
246053 228105 1730
227019 150201 1731
227019 150201 1731
227019 150201 1731
227019 150201 1731
227019 150201 1731
227019 150201 1731
227019 150201 1731
227019 150201 1731
227019 150201 1731
227019 150201 1731
227019 150201 1731
227019 150201 1731
227019 150201 1731
188294 226242 1732
188294 226242 1732
188294 226242 1732
188294 226242 1732
188294 226242 1732
188294 226242 1732
188294 226242 1732
188294 226242 1732
188294 226242 1732
188294 226242 1732
188294 226242 1732
188294 226242 1732
282552 245976 1733
282552 245976 1733
282552 245976 1733
282552 245976 1733
282552 245976 1733
282552 245976 1733
282552 245976 1733
282552 245976 1733
282552 245976 1733
282552 245976 1733
282552 245976 1733
282552 245976 1733
282552 245976 1733
289528 285346 1734
289528 285346 1734
289528 285346 1734
289528 285346 1734
289528 285346 1734
289528 285346 1734
289528 285346 1734
289528 285346 1734
289528 285346 1734
289528 285346 1734
289528 285346 1734
289528 285346 1734
289528 285346 1734
233585 293925 1735
233585 293925 1735
233585 293925 1735
233585 293925 1735
233585 293925 1735
233585 293925 1735
233585 293925 1735
233585 293925 1735
233585 293925 1735
233585 293925 1735
233585 293925 1735
233585 293925 1735
226939 240452 1735
226939 240452 1735
226939 240452 1735
226939 240452 1735
226939 240452 1735
226939 240452 1735
226939 240452 1735
226939 240452 1735
226939 240452 1735
226939 240452 1735
226939 240452 1735
226939 240452 1735
190880 187716 1737
190880 187716 1737
190880 187716 1737
190880 187716 1737
190880 187716 1737
190880 187716 1737
190880 187716 1737
190880 187716 1737
190880 187716 1737
190880 187716 1737
190880 187716 1737
190880 187716 1737
206050 186762 1738
206050 186762 1738
206050 186762 1738
206050 186762 1738
206050 186762 1738
206050 186762 1738
206050 186762 1738
206050 186762 1738
206050 186762 1738
206050 186762 1738
206050 186762 1738
206050 186762 1738
206050 186762 1738
226483 243667 1738
226483 243667 1738
226483 243667 1738
226483 243667 1738
226483 243667 1738
226483 243667 1738
226483 243667 1738
226483 243667 1738
226483 243667 1738
226483 243667 1738
226483 243667 1738
226483 243667 1738
226483 243667 1738
290816 289032 1740
290816 289032 1740
290816 289032 1740
290816 289032 1740
290816 289032 1740
290816 289032 1740
290816 289032 1740
290816 289032 1740
290816 289032 1740
290816 289032 1740
290816 289032 1740
290816 289032 1740
246816 265636 1742
246816 265636 1742
246816 265636 1742
246816 265636 1742
246816 265636 1742
246816 265636 1742
246816 265636 1742
246816 265636 1742
246816 265636 1742
246816 265636 1742
246816 265636 1742
246816 265636 1742
246816 265636 1742
286446 296535 1743
286446 296535 1743
286446 296535 1743
286446 296535 1743
286446 296535 1743
286446 296535 1743
286446 296535 1743
286446 296535 1743
286446 296535 1743
286446 296535 1743
286446 296535 1743
286446 296535 1743
193621 209656 1743
193621 209656 1743
193621 209656 1743
193621 209656 1743
193621 209656 1743
193621 209656 1743
193621 209656 1743
193621 209656 1743
193621 209656 1743
193621 209656 1743
193621 209656 1743
193621 209656 1743
153036 236483 1745
153036 236483 1745
153036 236483 1745
153036 236483 1745
153036 236483 1745
153036 236483 1745
153036 236483 1745
153036 236483 1745
153036 236483 1745
153036 236483 1745
153036 236483 1745
153036 236483 1745
153036 236483 1745
203454 226251 1745
203454 226251 1745
203454 226251 1745
203454 226251 1745
203454 226251 1745
203454 226251 1745
203454 226251 1745
203454 226251 1745
203454 226251 1745
203454 226251 1745
203454 226251 1745
203454 226251 1745
203454 226251 1745
265960 282553 1746
265960 282553 1746
265960 282553 1746
265960 282553 1746
265960 282553 1746
265960 282553 1746
265960 282553 1746
265960 282553 1746
265960 282553 1746
265960 282553 1746
265960 282553 1746
265960 282553 1746
265960 282553 1746
227233 227732 1749
227233 227732 1749
227233 227732 1749
227233 227732 1749
227233 227732 1749
227233 227732 1749
227233 227732 1749
227233 227732 1749
227233 227732 1749
227233 227732 1749
227233 227732 1749
227233 227732 1749
227233 227732 1749
175934 10997 1750
175934 10997 1750
175934 10997 1750
175934 10997 1750
175934 10997 1750
175934 10997 1750
175934 10997 1750
175934 10997 1750
175934 10997 1750
175934 10997 1750
175934 10997 1750
175934 10997 1750
151466 251999 1750
151466 251999 1750
151466 251999 1750
151466 251999 1750
151466 251999 1750
151466 251999 1750
151466 251999 1750
151466 251999 1750
151466 251999 1750
151466 251999 1750
151466 251999 1750
151466 251999 1750
227732 236029 1751
227732 236029 1751
227732 236029 1751
227732 236029 1751
227732 236029 1751
227732 236029 1751
227732 236029 1751
227732 236029 1751
227732 236029 1751
227732 236029 1751
227732 236029 1751
227732 236029 1751
230146 238725 1752
230146 238725 1752
230146 238725 1752
230146 238725 1752
230146 238725 1752
230146 238725 1752
230146 238725 1752
230146 238725 1752
230146 238725 1752
230146 238725 1752
230146 238725 1752
230146 238725 1752
11041 203446 1753
11041 203446 1753
11041 203446 1753
11041 203446 1753
11041 203446 1753
11041 203446 1753
11041 203446 1753
11041 203446 1753
11041 203446 1753
11041 203446 1753
11041 203446 1753
11041 203446 1753
234245 231540 1755
234245 231540 1755
234245 231540 1755
234245 231540 1755
234245 231540 1755
234245 231540 1755
234245 231540 1755
234245 231540 1755
234245 231540 1755
234245 231540 1755
234245 231540 1755
234245 231540 1755
234245 231540 1755
239187 236888 1755
239187 236888 1755
239187 236888 1755
239187 236888 1755
239187 236888 1755
239187 236888 1755
239187 236888 1755
239187 236888 1755
239187 236888 1755
239187 236888 1755
239187 236888 1755
239187 236888 1755
239187 236888 1755
234245 227890 1755
234245 227890 1755
234245 227890 1755
234245 227890 1755
234245 227890 1755
234245 227890 1755
234245 227890 1755
234245 227890 1755
234245 227890 1755
234245 227890 1755
234245 227890 1755
234245 227890 1755
234245 227890 1755
285596 289527 1755
285596 289527 1755
285596 289527 1755
285596 289527 1755
285596 289527 1755
285596 289527 1755
285596 289527 1755
285596 289527 1755
285596 289527 1755
285596 289527 1755
285596 289527 1755
285596 289527 1755
239001 10995 1756
239001 10995 1756
239001 10995 1756
239001 10995 1756
239001 10995 1756
239001 10995 1756
239001 10995 1756
239001 10995 1756
239001 10995 1756
239001 10995 1756
239001 10995 1756
239001 10995 1756
239001 10995 1756
230957 228142 1756
230957 228142 1756
230957 228142 1756
230957 228142 1756
230957 228142 1756
230957 228142 1756
230957 228142 1756
230957 228142 1756
230957 228142 1756
230957 228142 1756
230957 228142 1756
230957 228142 1756
230957 228142 1756
231258 242127 1758
231258 242127 1758
231258 242127 1758
231258 242127 1758
231258 242127 1758
231258 242127 1758
231258 242127 1758
231258 242127 1758
231258 242127 1758
231258 242127 1758
231258 242127 1758
231258 242127 1758
231258 242127 1758
173941 187553 1758
173941 187553 1758
173941 187553 1758
173941 187553 1758
173941 187553 1758
173941 187553 1758
173941 187553 1758
173941 187553 1758
173941 187553 1758
173941 187553 1758
173941 187553 1758
173941 187553 1758
231540 225954 1760
231540 225954 1760
231540 225954 1760
231540 225954 1760
231540 225954 1760
231540 225954 1760
231540 225954 1760
231540 225954 1760
231540 225954 1760
231540 225954 1760
231540 225954 1760
231540 225954 1760
292030 289527 1760
292030 289527 1760
292030 289527 1760
292030 289527 1760
292030 289527 1760
292030 289527 1760
292030 289527 1760
292030 289527 1760
292030 289527 1760
292030 289527 1760
292030 289527 1760
292030 289527 1760
4570 245995 1760
4570 245995 1760
4570 245995 1760
4570 245995 1760
4570 245995 1760
4570 245995 1760
4570 245995 1760
4570 245995 1760
4570 245995 1760
4570 245995 1760
4570 245995 1760
4570 245995 1760
4570 245995 1760
286725 283967 1760
286725 283967 1760
286725 283967 1760
286725 283967 1760
286725 283967 1760
286725 283967 1760
286725 283967 1760
286725 283967 1760
286725 283967 1760
286725 283967 1760
286725 283967 1760
286725 283967 1760
286725 283967 1760
174912 19032 1761
174912 19032 1761
174912 19032 1761
174912 19032 1761
174912 19032 1761
174912 19032 1761
174912 19032 1761
174912 19032 1761
174912 19032 1761
174912 19032 1761
174912 19032 1761
174912 19032 1761
227254 232189 1762
227254 232189 1762
227254 232189 1762
227254 232189 1762
227254 232189 1762
227254 232189 1762
227254 232189 1762
227254 232189 1762
227254 232189 1762
227254 232189 1762
227254 232189 1762
227254 232189 1762
227254 232189 1762
289208 245977 1762
289208 245977 1762
289208 245977 1762
289208 245977 1762
289208 245977 1762
289208 245977 1762
289208 245977 1762
289208 245977 1762
289208 245977 1762
289208 245977 1762
289208 245977 1762
289208 245977 1762
289208 245977 1762
152796 231540 1763
152796 231540 1763
152796 231540 1763
152796 231540 1763
152796 231540 1763
152796 231540 1763
152796 231540 1763
152796 231540 1763
152796 231540 1763
152796 231540 1763
152796 231540 1763
152796 231540 1763
152796 231540 1763
252018 232189 1763
252018 232189 1763
252018 232189 1763
252018 232189 1763
252018 232189 1763
252018 232189 1763
252018 232189 1763
252018 232189 1763
252018 232189 1763
252018 232189 1763
252018 232189 1763
252018 232189 1763
243698 225954 1763
243698 225954 1763
243698 225954 1763
243698 225954 1763
243698 225954 1763
243698 225954 1763
243698 225954 1763
243698 225954 1763
243698 225954 1763
243698 225954 1763
243698 225954 1763
243698 225954 1763
243698 225954 1763
10377 10596 1763
10377 10596 1763
10377 10596 1763
10377 10596 1763
10377 10596 1763
10377 10596 1763
10377 10596 1763
10377 10596 1763
10377 10596 1763
10377 10596 1763
10377 10596 1763
10377 10596 1763
290810 289527 1763
290810 289527 1763
290810 289527 1763
290810 289527 1763
290810 289527 1763
290810 289527 1763
290810 289527 1763
290810 289527 1763
290810 289527 1763
290810 289527 1763
290810 289527 1763
290810 289527 1763
290810 289527 1763
14803 270399 1765
14803 270399 1765
14803 270399 1765
14803 270399 1765
14803 270399 1765
14803 270399 1765
14803 270399 1765
14803 270399 1765
14803 270399 1765
14803 270399 1765
14803 270399 1765
14803 270399 1765
14803 270399 1765
190915 191606 1765
190915 191606 1765
190915 191606 1765
190915 191606 1765
190915 191606 1765
190915 191606 1765
190915 191606 1765
190915 191606 1765
190915 191606 1765
190915 191606 1765
190915 191606 1765
190915 191606 1765
236507 238552 1766
236507 238552 1766
236507 238552 1766
236507 238552 1766
236507 238552 1766
236507 238552 1766
236507 238552 1766
236507 238552 1766
236507 238552 1766
236507 238552 1766
236507 238552 1766
236507 238552 1766
236507 238552 1766
226974 246598 1766
226974 246598 1766
226974 246598 1766
226974 246598 1766
226974 246598 1766
226974 246598 1766
226974 246598 1766
226974 246598 1766
226974 246598 1766
226974 246598 1766
226974 246598 1766
226974 246598 1766
226974 246598 1766
243708 242139 1766
243708 242139 1766
243708 242139 1766
243708 242139 1766
243708 242139 1766
243708 242139 1766
243708 242139 1766
243708 242139 1766
243708 242139 1766
243708 242139 1766
243708 242139 1766
243708 242139 1766
243708 242139 1766
245976 248378 1767
245976 248378 1767
245976 248378 1767
245976 248378 1767
245976 248378 1767
245976 248378 1767
245976 248378 1767
245976 248378 1767
245976 248378 1767
245976 248378 1767
245976 248378 1767
245976 248378 1767
245976 248378 1767
230208 236178 1767
230208 236178 1767
230208 236178 1767
230208 236178 1767
230208 236178 1767
230208 236178 1767
230208 236178 1767
230208 236178 1767
230208 236178 1767
230208 236178 1767
230208 236178 1767
230208 236178 1767
230208 236178 1767
235873 193610 1769
235873 193610 1769
235873 193610 1769
235873 193610 1769
235873 193610 1769
235873 193610 1769
235873 193610 1769
235873 193610 1769
235873 193610 1769
235873 193610 1769
235873 193610 1769
235873 193610 1769
235873 193610 1769
9639 242322 1769
9639 242322 1769
9639 242322 1769
9639 242322 1769
9639 242322 1769
9639 242322 1769
9639 242322 1769
9639 242322 1769
9639 242322 1769
9639 242322 1769
9639 242322 1769
9639 242322 1769
14941 239001 1769
14941 239001 1769
14941 239001 1769
14941 239001 1769
14941 239001 1769
14941 239001 1769
14941 239001 1769
14941 239001 1769
14941 239001 1769
14941 239001 1769
14941 239001 1769
14941 239001 1769
14941 239001 1769
235965 251934 1770
235965 251934 1770
235965 251934 1770
235965 251934 1770
235965 251934 1770
235965 251934 1770
235965 251934 1770
235965 251934 1770
235965 251934 1770
235965 251934 1770
235965 251934 1770
235965 251934 1770
235965 251934 1770
294595 11782 1772
294595 11782 1772
294595 11782 1772
294595 11782 1772
294595 11782 1772
294595 11782 1772
294595 11782 1772
294595 11782 1772
294595 11782 1772
294595 11782 1772
294595 11782 1772
294595 11782 1772
219573 183837 1772
219573 183837 1772
219573 183837 1772
219573 183837 1772
219573 183837 1772
219573 183837 1772
219573 183837 1772
219573 183837 1772
219573 183837 1772
219573 183837 1772
219573 183837 1772
219573 183837 1772
281466 285273 1773
281466 285273 1773
281466 285273 1773
281466 285273 1773
281466 285273 1773
281466 285273 1773
281466 285273 1773
281466 285273 1773
281466 285273 1773
281466 285273 1773
281466 285273 1773
281466 285273 1773
281466 285273 1773
285214 289527 1774
285214 289527 1774
285214 289527 1774
285214 289527 1774
285214 289527 1774
285214 289527 1774
285214 289527 1774
285214 289527 1774
285214 289527 1774
285214 289527 1774
285214 289527 1774
285214 289527 1774
285214 289527 1774
285214 285276 1774
285214 285276 1774
285214 285276 1774
285214 285276 1774
285214 285276 1774
285214 285276 1774
285214 285276 1774
285214 285276 1774
285214 285276 1774
285214 285276 1774
285214 285276 1774
285214 285276 1774
174945 195021 1774
174945 195021 1774
174945 195021 1774
174945 195021 1774
174945 195021 1774
174945 195021 1774
174945 195021 1774
174945 195021 1774
174945 195021 1774
174945 195021 1774
174945 195021 1774
174945 195021 1774
236646 228053 1775
236646 228053 1775
236646 228053 1775
236646 228053 1775
236646 228053 1775
236646 228053 1775
236646 228053 1775
236646 228053 1775
236646 228053 1775
236646 228053 1775
236646 228053 1775
236646 228053 1775
236646 228053 1775
227250 242471 1776
227250 242471 1776
227250 242471 1776
227250 242471 1776
227250 242471 1776
227250 242471 1776
227250 242471 1776
227250 242471 1776
227250 242471 1776
227250 242471 1776
227250 242471 1776
227250 242471 1776
11156 239160 1776
11156 239160 1776
11156 239160 1776
11156 239160 1776
11156 239160 1776
11156 239160 1776
11156 239160 1776
11156 239160 1776
11156 239160 1776
11156 239160 1776
11156 239160 1776
11156 239160 1776
11156 239160 1776
245926 296535 1776
245926 296535 1776
245926 296535 1776
245926 296535 1776
245926 296535 1776
245926 296535 1776
245926 296535 1776
245926 296535 1776
245926 296535 1776
245926 296535 1776
245926 296535 1776
245926 296535 1776
245926 296535 1776
3557 195019 1776
3557 195019 1776
3557 195019 1776
3557 195019 1776
3557 195019 1776
3557 195019 1776
3557 195019 1776
3557 195019 1776
3557 195019 1776
3557 195019 1776
3557 195019 1776
3557 195019 1776
201024 187574 1777
201024 187574 1777
201024 187574 1777
201024 187574 1777
201024 187574 1777
201024 187574 1777
201024 187574 1777
201024 187574 1777
201024 187574 1777
201024 187574 1777
201024 187574 1777
201024 187574 1777
201024 187574 1777
231018 236178 1777
231018 236178 1777
231018 236178 1777
231018 236178 1777
231018 236178 1777
231018 236178 1777
231018 236178 1777
231018 236178 1777
231018 236178 1777
231018 236178 1777
231018 236178 1777
231018 236178 1777
202615 185762 1778
202615 185762 1778
202615 185762 1778
202615 185762 1778
202615 185762 1778
202615 185762 1778
202615 185762 1778
202615 185762 1778
202615 185762 1778
202615 185762 1778
202615 185762 1778
202615 185762 1778
150295 294593 1779
150295 294593 1779
150295 294593 1779
150295 294593 1779
150295 294593 1779
150295 294593 1779
150295 294593 1779
150295 294593 1779
150295 294593 1779
150295 294593 1779
150295 294593 1779
150295 294593 1779
176260 235175 1779
176260 235175 1779
176260 235175 1779
176260 235175 1779
176260 235175 1779
176260 235175 1779
176260 235175 1779
176260 235175 1779
176260 235175 1779
176260 235175 1779
176260 235175 1779
176260 235175 1779
176260 235175 1779
228466 228031 1780
228466 228031 1780
228466 228031 1780
228466 228031 1780
228466 228031 1780
228466 228031 1780
228466 228031 1780
228466 228031 1780
228466 228031 1780
228466 228031 1780
228466 228031 1780
228466 228031 1780
226389 232189 1781
226389 232189 1781
226389 232189 1781
226389 232189 1781
226389 232189 1781
226389 232189 1781
226389 232189 1781
226389 232189 1781
226389 232189 1781
226389 232189 1781
226389 232189 1781
226389 232189 1781
226389 232189 1781
232603 236561 1782
232603 236561 1782
232603 236561 1782
232603 236561 1782
232603 236561 1782
232603 236561 1782
232603 236561 1782
232603 236561 1782
232603 236561 1782
232603 236561 1782
232603 236561 1782
232603 236561 1782
232603 236561 1782
191592 194388 1783
191592 194388 1783
191592 194388 1783
191592 194388 1783
191592 194388 1783
191592 194388 1783
191592 194388 1783
191592 194388 1783
191592 194388 1783
191592 194388 1783
191592 194388 1783
191592 194388 1783
191592 194388 1783
228013 228034 1784
228013 228034 1784
228013 228034 1784
228013 228034 1784
228013 228034 1784
228013 228034 1784
228013 228034 1784
228013 228034 1784
228013 228034 1784
228013 228034 1784
228013 228034 1784
228013 228034 1784
228013 228034 1784
294270 14725 1784
294270 14725 1784
294270 14725 1784
294270 14725 1784
294270 14725 1784
294270 14725 1784
294270 14725 1784
294270 14725 1784
294270 14725 1784
294270 14725 1784
294270 14725 1784
294270 14725 1784
232189 194603 1785
232189 194603 1785
232189 194603 1785
232189 194603 1785
232189 194603 1785
232189 194603 1785
232189 194603 1785
232189 194603 1785
232189 194603 1785
232189 194603 1785
232189 194603 1785
232189 194603 1785
242036 236554 1786
242036 236554 1786
242036 236554 1786
242036 236554 1786
242036 236554 1786
242036 236554 1786
242036 236554 1786
242036 236554 1786
242036 236554 1786
242036 236554 1786
242036 236554 1786
242036 236554 1786
242036 236554 1786
190861 175956 1786
190861 175956 1786
190861 175956 1786
190861 175956 1786
190861 175956 1786
190861 175956 1786
190861 175956 1786
190861 175956 1786
190861 175956 1786
190861 175956 1786
190861 175956 1786
190861 175956 1786
201027 235942 1787
201027 235942 1787
201027 235942 1787
201027 235942 1787
201027 235942 1787
201027 235942 1787
201027 235942 1787
201027 235942 1787
201027 235942 1787
201027 235942 1787
201027 235942 1787
201027 235942 1787
201027 235942 1787
228406 228419 1787
228406 228419 1787
228406 228419 1787
228406 228419 1787
228406 228419 1787
228406 228419 1787
228406 228419 1787
228406 228419 1787
228406 228419 1787
228406 228419 1787
228406 228419 1787
228406 228419 1787
230689 226455 1787
230689 226455 1787
230689 226455 1787
230689 226455 1787
230689 226455 1787
230689 226455 1787
230689 226455 1787
230689 226455 1787
230689 226455 1787
230689 226455 1787
230689 226455 1787
230689 226455 1787
194388 225614 1788
194388 225614 1788
194388 225614 1788
194388 225614 1788
194388 225614 1788
194388 225614 1788
194388 225614 1788
194388 225614 1788
194388 225614 1788
194388 225614 1788
194388 225614 1788
194388 225614 1788
204222 190992 1788
204222 190992 1788
204222 190992 1788
204222 190992 1788
204222 190992 1788
204222 190992 1788
204222 190992 1788
204222 190992 1788
204222 190992 1788
204222 190992 1788
204222 190992 1788
204222 190992 1788
196008 293359 1789
196008 293359 1789
196008 293359 1789
196008 293359 1789
196008 293359 1789
196008 293359 1789
196008 293359 1789
196008 293359 1789
196008 293359 1789
196008 293359 1789
196008 293359 1789
196008 293359 1789
196008 293359 1789
238418 293352 1790
238418 293352 1790
238418 293352 1790
238418 293352 1790
238418 293352 1790
238418 293352 1790
238418 293352 1790
238418 293352 1790
238418 293352 1790
238418 293352 1790
238418 293352 1790
238418 293352 1790
238418 293352 1790
225669 228034 1790
225669 228034 1790
225669 228034 1790
225669 228034 1790
225669 228034 1790
225669 228034 1790
225669 228034 1790
225669 228034 1790
225669 228034 1790
225669 228034 1790
225669 228034 1790
225669 228034 1790
4147 210485 1790
4147 210485 1790
4147 210485 1790
4147 210485 1790
4147 210485 1790
4147 210485 1790
4147 210485 1790
4147 210485 1790
4147 210485 1790
4147 210485 1790
4147 210485 1790
4147 210485 1790
225931 242322 1791
225931 242322 1791
225931 242322 1791
225931 242322 1791
225931 242322 1791
225931 242322 1791
225931 242322 1791
225931 242322 1791
225931 242322 1791
225931 242322 1791
225931 242322 1791
225931 242322 1791
225931 242322 1791
231234 228034 1791
231234 228034 1791
231234 228034 1791
231234 228034 1791
231234 228034 1791
231234 228034 1791
231234 228034 1791
231234 228034 1791
231234 228034 1791
231234 228034 1791
231234 228034 1791
231234 228034 1791
231234 228034 1791
171225 11037 1792
171225 11037 1792
171225 11037 1792
171225 11037 1792
171225 11037 1792
171225 11037 1792
171225 11037 1792
171225 11037 1792
171225 11037 1792
171225 11037 1792
171225 11037 1792
171225 11037 1792
171225 11037 1792
210485 192942 1792
210485 192942 1792
210485 192942 1792
210485 192942 1792
210485 192942 1792
210485 192942 1792
210485 192942 1792
210485 192942 1792
210485 192942 1792
210485 192942 1792
210485 192942 1792
210485 192942 1792
195316 203453 1793
195316 203453 1793
195316 203453 1793
195316 203453 1793
195316 203453 1793
195316 203453 1793
195316 203453 1793
195316 203453 1793
195316 203453 1793
195316 203453 1793
195316 203453 1793
195316 203453 1793
195316 203453 1793
190764 196158 1793
190764 196158 1793
190764 196158 1793
190764 196158 1793
190764 196158 1793
190764 196158 1793
190764 196158 1793
190764 196158 1793
190764 196158 1793
190764 196158 1793
190764 196158 1793
190764 196158 1793
190764 196158 1793
294593 272843 1794
294593 272843 1794
294593 272843 1794
294593 272843 1794
294593 272843 1794
294593 272843 1794
294593 272843 1794
294593 272843 1794
294593 272843 1794
294593 272843 1794
294593 272843 1794
294593 272843 1794
195617 200264 1794
195617 200264 1794
195617 200264 1794
195617 200264 1794
195617 200264 1794
195617 200264 1794
195617 200264 1794
195617 200264 1794
195617 200264 1794
195617 200264 1794
195617 200264 1794
195617 200264 1794
234195 243927 1795
234195 243927 1795
234195 243927 1795
234195 243927 1795
234195 243927 1795
234195 243927 1795
234195 243927 1795
234195 243927 1795
234195 243927 1795
234195 243927 1795
234195 243927 1795
234195 243927 1795
234195 243927 1795
236065 236105 1795
236065 236105 1795
236065 236105 1795
236065 236105 1795
236065 236105 1795
236065 236105 1795
236065 236105 1795
236065 236105 1795
236065 236105 1795
236065 236105 1795
236065 236105 1795
236065 236105 1795
236065 236105 1795
202615 265481 1797
202615 265481 1797
202615 265481 1797
202615 265481 1797
202615 265481 1797
202615 265481 1797
202615 265481 1797
202615 265481 1797
202615 265481 1797
202615 265481 1797
202615 265481 1797
202615 265481 1797
196008 265481 1797
196008 265481 1797
196008 265481 1797
196008 265481 1797
196008 265481 1797
196008 265481 1797
196008 265481 1797
196008 265481 1797
196008 265481 1797
196008 265481 1797
196008 265481 1797
196008 265481 1797
196008 265481 1797
242066 252022 1799
242066 252022 1799
242066 252022 1799
242066 252022 1799
242066 252022 1799
242066 252022 1799
242066 252022 1799
242066 252022 1799
242066 252022 1799
242066 252022 1799
242066 252022 1799
242066 252022 1799
232679 14921 1802
232679 14921 1802
232679 14921 1802
232679 14921 1802
232679 14921 1802
232679 14921 1802
232679 14921 1802
232679 14921 1802
232679 14921 1802
232679 14921 1802
232679 14921 1802
232679 14921 1802
196308 241188 1803
196308 241188 1803
196308 241188 1803
196308 241188 1803
196308 241188 1803
196308 241188 1803
196308 241188 1803
196308 241188 1803
196308 241188 1803
196308 241188 1803
196308 241188 1803
196308 241188 1803
195488 192983 1805
195488 192983 1805
195488 192983 1805
195488 192983 1805
195488 192983 1805
195488 192983 1805
195488 192983 1805
195488 192983 1805
195488 192983 1805
195488 192983 1805
195488 192983 1805
195488 192983 1805
236141 227543 1805
236141 227543 1805
236141 227543 1805
236141 227543 1805
236141 227543 1805
236141 227543 1805
236141 227543 1805
236141 227543 1805
236141 227543 1805
236141 227543 1805
236141 227543 1805
236141 227543 1805
236141 227543 1805
227541 235134 1805
227541 235134 1805
227541 235134 1805
227541 235134 1805
227541 235134 1805
227541 235134 1805
227541 235134 1805
227541 235134 1805
227541 235134 1805
227541 235134 1805
227541 235134 1805
227541 235134 1805
291996 291455 1806
291996 291455 1806
291996 291455 1806
291996 291455 1806
291996 291455 1806
291996 291455 1806
291996 291455 1806
291996 291455 1806
291996 291455 1806
291996 291455 1806
291996 291455 1806
291996 291455 1806
291996 291455 1806
208264 195022 1807
208264 195022 1807
208264 195022 1807
208264 195022 1807
208264 195022 1807
208264 195022 1807
208264 195022 1807
208264 195022 1807
208264 195022 1807
208264 195022 1807
208264 195022 1807
208264 195022 1807
208264 195022 1807
226394 267933 1807
226394 267933 1807
226394 267933 1807
226394 267933 1807
226394 267933 1807
226394 267933 1807
226394 267933 1807
226394 267933 1807
226394 267933 1807
226394 267933 1807
226394 267933 1807
226394 267933 1807
226394 267933 1807
235974 235683 1807
235974 235683 1807
235974 235683 1807
235974 235683 1807
235974 235683 1807
235974 235683 1807
235974 235683 1807
235974 235683 1807
235974 235683 1807
235974 235683 1807
235974 235683 1807
235974 235683 1807
235974 235683 1807
11042 175934 1807
11042 175934 1807
11042 175934 1807
11042 175934 1807
11042 175934 1807
11042 175934 1807
11042 175934 1807
11042 175934 1807
11042 175934 1807
11042 175934 1807
11042 175934 1807
11042 175934 1807
11042 175934 1807
294127 227046 1809
294127 227046 1809
294127 227046 1809
294127 227046 1809
294127 227046 1809
294127 227046 1809
294127 227046 1809
294127 227046 1809
294127 227046 1809
294127 227046 1809
294127 227046 1809
294127 227046 1809
288558 288995 1810
288558 288995 1810
288558 288995 1810
288558 288995 1810
288558 288995 1810
288558 288995 1810
288558 288995 1810
288558 288995 1810
288558 288995 1810
288558 288995 1810
288558 288995 1810
288558 288995 1810
288558 288995 1810
190380 153288 1811
190380 153288 1811
190380 153288 1811
190380 153288 1811
190380 153288 1811
190380 153288 1811
190380 153288 1811
190380 153288 1811
190380 153288 1811
190380 153288 1811
190380 153288 1811
190380 153288 1811
227046 227008 1811
227046 227008 1811
227046 227008 1811
227046 227008 1811
227046 227008 1811
227046 227008 1811
227046 227008 1811
227046 227008 1811
227046 227008 1811
227046 227008 1811
227046 227008 1811
227046 227008 1811
227532 236450 1811
227532 236450 1811
227532 236450 1811
227532 236450 1811
227532 236450 1811
227532 236450 1811
227532 236450 1811
227532 236450 1811
227532 236450 1811
227532 236450 1811
227532 236450 1811
227532 236450 1811
160238 193361 1813
160238 193361 1813
160238 193361 1813
160238 193361 1813
160238 193361 1813
160238 193361 1813
160238 193361 1813
160238 193361 1813
160238 193361 1813
160238 193361 1813
160238 193361 1813
160238 193361 1813
160238 193361 1813
238750 227715 1813
238750 227715 1813
238750 227715 1813
238750 227715 1813
238750 227715 1813
238750 227715 1813
238750 227715 1813
238750 227715 1813
238750 227715 1813
238750 227715 1813
238750 227715 1813
238750 227715 1813
238750 227715 1813
160240 194555 1813
160240 194555 1813
160240 194555 1813
160240 194555 1813
160240 194555 1813
160240 194555 1813
160240 194555 1813
160240 194555 1813
160240 194555 1813
160240 194555 1813
160240 194555 1813
160240 194555 1813
160240 194555 1813
235790 229521 1813
235790 229521 1813
235790 229521 1813
235790 229521 1813
235790 229521 1813
235790 229521 1813
235790 229521 1813
235790 229521 1813
235790 229521 1813
235790 229521 1813
235790 229521 1813
235790 229521 1813
235790 229521 1813
286830 284206 1814
286830 284206 1814
286830 284206 1814
286830 284206 1814
286830 284206 1814
286830 284206 1814
286830 284206 1814
286830 284206 1814
286830 284206 1814
286830 284206 1814
286830 284206 1814
286830 284206 1814
11054 175935 1814
11054 175935 1814
11054 175935 1814
11054 175935 1814
11054 175935 1814
11054 175935 1814
11054 175935 1814
11054 175935 1814
11054 175935 1814
11054 175935 1814
11054 175935 1814
11054 175935 1814
173921 153289 1815
173921 153289 1815
173921 153289 1815
173921 153289 1815
173921 153289 1815
173921 153289 1815
173921 153289 1815
173921 153289 1815
173921 153289 1815
173921 153289 1815
173921 153289 1815
173921 153289 1815
173921 153289 1815
191674 226453 1815
191674 226453 1815
191674 226453 1815
191674 226453 1815
191674 226453 1815
191674 226453 1815
191674 226453 1815
191674 226453 1815
191674 226453 1815
191674 226453 1815
191674 226453 1815
191674 226453 1815
191674 226453 1815
215701 265481 1815
215701 265481 1815
215701 265481 1815
215701 265481 1815
215701 265481 1815
215701 265481 1815
215701 265481 1815
215701 265481 1815
215701 265481 1815
215701 265481 1815
215701 265481 1815
215701 265481 1815
215701 265481 1815
242933 225931 1816
242933 225931 1816
242933 225931 1816
242933 225931 1816
242933 225931 1816
242933 225931 1816
242933 225931 1816
242933 225931 1816
242933 225931 1816
242933 225931 1816
242933 225931 1816
242933 225931 1816
242933 225931 1816
193059 124698 1818
193059 124698 1818
193059 124698 1818
193059 124698 1818
193059 124698 1818
193059 124698 1818
193059 124698 1818
193059 124698 1818
193059 124698 1818
193059 124698 1818
193059 124698 1818
193059 124698 1818
193059 124698 1818
233587 225931 1818
233587 225931 1818
233587 225931 1818
233587 225931 1818
233587 225931 1818
233587 225931 1818
233587 225931 1818
233587 225931 1818
233587 225931 1818
233587 225931 1818
233587 225931 1818
233587 225931 1818
233587 225931 1818
231018 236450 1818
231018 236450 1818
231018 236450 1818
231018 236450 1818
231018 236450 1818
231018 236450 1818
231018 236450 1818
231018 236450 1818
231018 236450 1818
231018 236450 1818
231018 236450 1818
231018 236450 1818
14923 236015 1819
14923 236015 1819
14923 236015 1819
14923 236015 1819
14923 236015 1819
14923 236015 1819
14923 236015 1819
14923 236015 1819
14923 236015 1819
14923 236015 1819
14923 236015 1819
14923 236015 1819
14923 236015 1819
241190 191672 1820
241190 191672 1820
241190 191672 1820
241190 191672 1820
241190 191672 1820
241190 191672 1820
241190 191672 1820
241190 191672 1820
241190 191672 1820
241190 191672 1820
241190 191672 1820
241190 191672 1820
202632 195492 1820
202632 195492 1820
202632 195492 1820
202632 195492 1820
202632 195492 1820
202632 195492 1820
202632 195492 1820
202632 195492 1820
202632 195492 1820
202632 195492 1820
202632 195492 1820
202632 195492 1820
202632 195492 1820
291440 291514 1823
291440 291514 1823
291440 291514 1823
291440 291514 1823
291440 291514 1823
291440 291514 1823
291440 291514 1823
291440 291514 1823
291440 291514 1823
291440 291514 1823
291440 291514 1823
291440 291514 1823
291226 227073 1824
291226 227073 1824
291226 227073 1824
291226 227073 1824
291226 227073 1824
291226 227073 1824
291226 227073 1824
291226 227073 1824
291226 227073 1824
291226 227073 1824
291226 227073 1824
291226 227073 1824
226939 236835 1824
226939 236835 1824
226939 236835 1824
226939 236835 1824
226939 236835 1824
226939 236835 1824
226939 236835 1824
226939 236835 1824
226939 236835 1824
226939 236835 1824
226939 236835 1824
226939 236835 1824
190751 192944 1824
190751 192944 1824
190751 192944 1824
190751 192944 1824
190751 192944 1824
190751 192944 1824
190751 192944 1824
190751 192944 1824
190751 192944 1824
190751 192944 1824
190751 192944 1824
190751 192944 1824
265329 284575 1824
265329 284575 1824
265329 284575 1824
265329 284575 1824
265329 284575 1824
265329 284575 1824
265329 284575 1824
265329 284575 1824
265329 284575 1824
265329 284575 1824
265329 284575 1824
265329 284575 1824
236888 233456 1827
236888 233456 1827
236888 233456 1827
236888 233456 1827
236888 233456 1827
236888 233456 1827
236888 233456 1827
236888 233456 1827
236888 233456 1827
236888 233456 1827
236888 233456 1827
236888 233456 1827
243622 228472 1827
243622 228472 1827
243622 228472 1827
243622 228472 1827
243622 228472 1827
243622 228472 1827
243622 228472 1827
243622 228472 1827
243622 228472 1827
243622 228472 1827
243622 228472 1827
243622 228472 1827
193604 193236 1829
193604 193236 1829
193604 193236 1829
193604 193236 1829
193604 193236 1829
193604 193236 1829
193604 193236 1829
193604 193236 1829
193604 193236 1829
193604 193236 1829
193604 193236 1829
193604 193236 1829
193604 193236 1829
226982 14813 1829
226982 14813 1829
226982 14813 1829
226982 14813 1829
226982 14813 1829
226982 14813 1829
226982 14813 1829
226982 14813 1829
226982 14813 1829
226982 14813 1829
226982 14813 1829
226982 14813 1829
226982 14813 1829
226232 209191 1829
226232 209191 1829
226232 209191 1829
226232 209191 1829
226232 209191 1829
226232 209191 1829
226232 209191 1829
226232 209191 1829
226232 209191 1829
226232 209191 1829
226232 209191 1829
226232 209191 1829
226232 209191 1829
233456 251928 1829
233456 251928 1829
233456 251928 1829
233456 251928 1829
233456 251928 1829
233456 251928 1829
233456 251928 1829
233456 251928 1829
233456 251928 1829
233456 251928 1829
233456 251928 1829
233456 251928 1829
270399 247156 1829
270399 247156 1829
270399 247156 1829
270399 247156 1829
270399 247156 1829
270399 247156 1829
270399 247156 1829
270399 247156 1829
270399 247156 1829
270399 247156 1829
270399 247156 1829
270399 247156 1829
270399 247156 1829
268393 193610 1829
268393 193610 1829
268393 193610 1829
268393 193610 1829
268393 193610 1829
268393 193610 1829
268393 193610 1829
268393 193610 1829
268393 193610 1829
268393 193610 1829
268393 193610 1829
268393 193610 1829
237942 198600 1830
237942 198600 1830
237942 198600 1830
237942 198600 1830
237942 198600 1830
237942 198600 1830
237942 198600 1830
237942 198600 1830
237942 198600 1830
237942 198600 1830
237942 198600 1830
237942 198600 1830
203454 225626 1830
203454 225626 1830
203454 225626 1830
203454 225626 1830
203454 225626 1830
203454 225626 1830
203454 225626 1830
203454 225626 1830
203454 225626 1830
203454 225626 1830
203454 225626 1830
203454 225626 1830
203454 225626 1830
232195 234692 1830
232195 234692 1830
232195 234692 1830
232195 234692 1830
232195 234692 1830
232195 234692 1830
232195 234692 1830
232195 234692 1830
232195 234692 1830
232195 234692 1830
232195 234692 1830
232195 234692 1830
193236 159653 1831
193236 159653 1831
193236 159653 1831
193236 159653 1831
193236 159653 1831
193236 159653 1831
193236 159653 1831
193236 159653 1831
193236 159653 1831
193236 159653 1831
193236 159653 1831
193236 159653 1831
11054 178788 1832
11054 178788 1832
11054 178788 1832
11054 178788 1832
11054 178788 1832
11054 178788 1832
11054 178788 1832
11054 178788 1832
11054 178788 1832
11054 178788 1832
11054 178788 1832
11054 178788 1832
11054 178788 1832
262497 268501 1832
262497 268501 1832
262497 268501 1832
262497 268501 1832
262497 268501 1832
262497 268501 1832
262497 268501 1832
262497 268501 1832
262497 268501 1832
262497 268501 1832
262497 268501 1832
262497 268501 1832
262497 268501 1832
196315 153025 1833
196315 153025 1833
196315 153025 1833
196315 153025 1833
196315 153025 1833
196315 153025 1833
196315 153025 1833
196315 153025 1833
196315 153025 1833
196315 153025 1833
196315 153025 1833
196315 153025 1833
242320 234709 1833
242320 234709 1833
242320 234709 1833
242320 234709 1833
242320 234709 1833
242320 234709 1833
242320 234709 1833
242320 234709 1833
242320 234709 1833
242320 234709 1833
242320 234709 1833
242320 234709 1833
159653 186778 1833
159653 186778 1833
159653 186778 1833
159653 186778 1833
159653 186778 1833
159653 186778 1833
159653 186778 1833
159653 186778 1833
159653 186778 1833
159653 186778 1833
159653 186778 1833
159653 186778 1833
235790 229773 1834
235790 229773 1834
235790 229773 1834
235790 229773 1834
235790 229773 1834
235790 229773 1834
235790 229773 1834
235790 229773 1834
235790 229773 1834
235790 229773 1834
235790 229773 1834
235790 229773 1834
235790 229773 1834
191578 188462 1835
191578 188462 1835
191578 188462 1835
191578 188462 1835
191578 188462 1835
191578 188462 1835
191578 188462 1835
191578 188462 1835
191578 188462 1835
191578 188462 1835
191578 188462 1835
191578 188462 1835
209534 187713 1836
209534 187713 1836
209534 187713 1836
209534 187713 1836
209534 187713 1836
209534 187713 1836
209534 187713 1836
209534 187713 1836
209534 187713 1836
209534 187713 1836
209534 187713 1836
209534 187713 1836
198597 198521 1836
198597 198521 1836
198597 198521 1836
198597 198521 1836
198597 198521 1836
198597 198521 1836
198597 198521 1836
198597 198521 1836
198597 198521 1836
198597 198521 1836
198597 198521 1836
198597 198521 1836
198597 198521 1836
235934 292427 1837
235934 292427 1837
235934 292427 1837
235934 292427 1837
235934 292427 1837
235934 292427 1837
235934 292427 1837
235934 292427 1837
235934 292427 1837
235934 292427 1837
235934 292427 1837
235934 292427 1837
235934 292427 1837
242460 227662 1838
242460 227662 1838
242460 227662 1838
242460 227662 1838
242460 227662 1838
242460 227662 1838
242460 227662 1838
242460 227662 1838
242460 227662 1838
242460 227662 1838
242460 227662 1838
242460 227662 1838
242460 227662 1838
231937 226455 1839
231937 226455 1839
231937 226455 1839
231937 226455 1839
231937 226455 1839
231937 226455 1839
231937 226455 1839
231937 226455 1839
231937 226455 1839
231937 226455 1839
231937 226455 1839
231937 226455 1839
191606 194603 1839
191606 194603 1839
191606 194603 1839
191606 194603 1839
191606 194603 1839
191606 194603 1839
191606 194603 1839
191606 194603 1839
191606 194603 1839
191606 194603 1839
191606 194603 1839
191606 194603 1839
183759 11054 1839
183759 11054 1839
183759 11054 1839
183759 11054 1839
183759 11054 1839
183759 11054 1839
183759 11054 1839
183759 11054 1839
183759 11054 1839
183759 11054 1839
183759 11054 1839
183759 11054 1839
186873 19032 1840
186873 19032 1840
186873 19032 1840
186873 19032 1840
186873 19032 1840
186873 19032 1840
186873 19032 1840
186873 19032 1840
186873 19032 1840
186873 19032 1840
186873 19032 1840
186873 19032 1840
186873 19032 1840
195511 4664 1840
195511 4664 1840
195511 4664 1840
195511 4664 1840
195511 4664 1840
195511 4664 1840
195511 4664 1840
195511 4664 1840
195511 4664 1840
195511 4664 1840
195511 4664 1840
195511 4664 1840
195511 4664 1840
238631 236478 1840
238631 236478 1840
238631 236478 1840
238631 236478 1840
238631 236478 1840
238631 236478 1840
238631 236478 1840
238631 236478 1840
238631 236478 1840
238631 236478 1840
238631 236478 1840
238631 236478 1840
238631 236478 1840
159646 206275 1841
159646 206275 1841
159646 206275 1841
159646 206275 1841
159646 206275 1841
159646 206275 1841
159646 206275 1841
159646 206275 1841
159646 206275 1841
159646 206275 1841
159646 206275 1841
159646 206275 1841
159646 206275 1841
242463 240703 1842
242463 240703 1842
242463 240703 1842
242463 240703 1842
242463 240703 1842
242463 240703 1842
242463 240703 1842
242463 240703 1842
242463 240703 1842
242463 240703 1842
242463 240703 1842
242463 240703 1842
159653 196008 1842
159653 196008 1842
159653 196008 1842
159653 196008 1842
159653 196008 1842
159653 196008 1842
159653 196008 1842
159653 196008 1842
159653 196008 1842
159653 196008 1842
159653 196008 1842
159653 196008 1842
247524 190814 1843
247524 190814 1843
247524 190814 1843
247524 190814 1843
247524 190814 1843
247524 190814 1843
247524 190814 1843
247524 190814 1843
247524 190814 1843
247524 190814 1843
247524 190814 1843
247524 190814 1843
247524 190814 1843
237335 186762 1844
237335 186762 1844
237335 186762 1844
237335 186762 1844
237335 186762 1844
237335 186762 1844
237335 186762 1844
237335 186762 1844
237335 186762 1844
237335 186762 1844
237335 186762 1844
237335 186762 1844
237335 186762 1844
228462 238720 1845
228462 238720 1845
228462 238720 1845
228462 238720 1845
228462 238720 1845
228462 238720 1845
228462 238720 1845
228462 238720 1845
228462 238720 1845
228462 238720 1845
228462 238720 1845
228462 238720 1845
236400 240640 1846
236400 240640 1846
236400 240640 1846
236400 240640 1846
236400 240640 1846
236400 240640 1846
236400 240640 1846
236400 240640 1846
236400 240640 1846
236400 240640 1846
236400 240640 1846
236400 240640 1846
236400 240640 1846
252032 227532 1847
252032 227532 1847
252032 227532 1847
252032 227532 1847
252032 227532 1847
252032 227532 1847
252032 227532 1847
252032 227532 1847
252032 227532 1847
252032 227532 1847
252032 227532 1847
252032 227532 1847
284225 250690 1848
284225 250690 1848
284225 250690 1848
284225 250690 1848
284225 250690 1848
284225 250690 1848
284225 250690 1848
284225 250690 1848
284225 250690 1848
284225 250690 1848
284225 250690 1848
284225 250690 1848
285476 240616 1848
285476 240616 1848
285476 240616 1848
285476 240616 1848
285476 240616 1848
285476 240616 1848
285476 240616 1848
285476 240616 1848
285476 240616 1848
285476 240616 1848
285476 240616 1848
285476 240616 1848
227532 236445 1849
227532 236445 1849
227532 236445 1849
227532 236445 1849
227532 236445 1849
227532 236445 1849
227532 236445 1849
227532 236445 1849
227532 236445 1849
227532 236445 1849
227532 236445 1849
227532 236445 1849
293369 288639 1849
293369 288639 1849
293369 288639 1849
293369 288639 1849
293369 288639 1849
293369 288639 1849
293369 288639 1849
293369 288639 1849
293369 288639 1849
293369 288639 1849
293369 288639 1849
293369 288639 1849
293369 288639 1849
287856 245982 1851
287856 245982 1851
287856 245982 1851
287856 245982 1851
287856 245982 1851
287856 245982 1851
287856 245982 1851
287856 245982 1851
287856 245982 1851
287856 245982 1851
287856 245982 1851
287856 245982 1851
287856 245982 1851
187078 190997 1851
187078 190997 1851
187078 190997 1851
187078 190997 1851
187078 190997 1851
187078 190997 1851
187078 190997 1851
187078 190997 1851
187078 190997 1851
187078 190997 1851
187078 190997 1851
187078 190997 1851
14808 241874 1851
14808 241874 1851
14808 241874 1851
14808 241874 1851
14808 241874 1851
14808 241874 1851
14808 241874 1851
14808 241874 1851
14808 241874 1851
14808 241874 1851
14808 241874 1851
14808 241874 1851
290230 265367 1852
290230 265367 1852
290230 265367 1852
290230 265367 1852
290230 265367 1852
290230 265367 1852
290230 265367 1852
290230 265367 1852
290230 265367 1852
290230 265367 1852
290230 265367 1852
290230 265367 1852
290230 265367 1852
289042 245925 1852
289042 245925 1852
289042 245925 1852
289042 245925 1852
289042 245925 1852
289042 245925 1852
289042 245925 1852
289042 245925 1852
289042 245925 1852
289042 245925 1852
289042 245925 1852
289042 245925 1852
289042 245925 1852
289101 286748 1852
289101 286748 1852
289101 286748 1852
289101 286748 1852
289101 286748 1852
289101 286748 1852
289101 286748 1852
289101 286748 1852
289101 286748 1852
289101 286748 1852
289101 286748 1852
289101 286748 1852
289101 286748 1852
236029 227260 1853
236029 227260 1853
236029 227260 1853
236029 227260 1853
236029 227260 1853
236029 227260 1853
236029 227260 1853
236029 227260 1853
236029 227260 1853
236029 227260 1853
236029 227260 1853
236029 227260 1853
236029 227260 1853
203079 176237 1854
203079 176237 1854
203079 176237 1854
203079 176237 1854
203079 176237 1854
203079 176237 1854
203079 176237 1854
203079 176237 1854
203079 176237 1854
203079 176237 1854
203079 176237 1854
203079 176237 1854
203079 176237 1854
265960 290818 1854
265960 290818 1854
265960 290818 1854
265960 290818 1854
265960 290818 1854
265960 290818 1854
265960 290818 1854
265960 290818 1854
265960 290818 1854
265960 290818 1854
265960 290818 1854
265960 290818 1854
236004 235963 1854
236004 235963 1854
236004 235963 1854
236004 235963 1854
236004 235963 1854
236004 235963 1854
236004 235963 1854
236004 235963 1854
236004 235963 1854
236004 235963 1854
236004 235963 1854
236004 235963 1854
236004 235963 1854
226986 227723 1856
226986 227723 1856
226986 227723 1856
226986 227723 1856
226986 227723 1856
226986 227723 1856
226986 227723 1856
226986 227723 1856
226986 227723 1856
226986 227723 1856
226986 227723 1856
226986 227723 1856
170576 174934 1857
170576 174934 1857
170576 174934 1857
170576 174934 1857
170576 174934 1857
170576 174934 1857
170576 174934 1857
170576 174934 1857
170576 174934 1857
170576 174934 1857
170576 174934 1857
170576 174934 1857
292030 227044 1858
292030 227044 1858
292030 227044 1858
292030 227044 1858
292030 227044 1858
292030 227044 1858
292030 227044 1858
292030 227044 1858
292030 227044 1858
292030 227044 1858
292030 227044 1858
292030 227044 1858
14813 285259 1859
14813 285259 1859
14813 285259 1859
14813 285259 1859
14813 285259 1859
14813 285259 1859
14813 285259 1859
14813 285259 1859
14813 285259 1859
14813 285259 1859
14813 285259 1859
14813 285259 1859
14813 285259 1859
256628 296617 1859
256628 296617 1859
256628 296617 1859
256628 296617 1859
256628 296617 1859
256628 296617 1859
256628 296617 1859
256628 296617 1859
256628 296617 1859
256628 296617 1859
256628 296617 1859
256628 296617 1859
227215 290210 1859
227215 290210 1859
227215 290210 1859
227215 290210 1859
227215 290210 1859
227215 290210 1859
227215 290210 1859
227215 290210 1859
227215 290210 1859
227215 290210 1859
227215 290210 1859
227215 290210 1859
242339 231482 1860
242339 231482 1860
242339 231482 1860
242339 231482 1860
242339 231482 1860
242339 231482 1860
242339 231482 1860
242339 231482 1860
242339 231482 1860
242339 231482 1860
242339 231482 1860
242339 231482 1860
242339 231482 1860
198562 242141 1863
198562 242141 1863
198562 242141 1863
198562 242141 1863
198562 242141 1863
198562 242141 1863
198562 242141 1863
198562 242141 1863
198562 242141 1863
198562 242141 1863
198562 242141 1863
198562 242141 1863
262510 294268 1864
262510 294268 1864
262510 294268 1864
262510 294268 1864
262510 294268 1864
262510 294268 1864
262510 294268 1864
262510 294268 1864
262510 294268 1864
262510 294268 1864
262510 294268 1864
262510 294268 1864
203279 187723 1864
203279 187723 1864
203279 187723 1864
203279 187723 1864
203279 187723 1864
203279 187723 1864
203279 187723 1864
203279 187723 1864
203279 187723 1864
203279 187723 1864
203279 187723 1864
203279 187723 1864
203279 187723 1864
175969 265481 1865
175969 265481 1865
175969 265481 1865
175969 265481 1865
175969 265481 1865
175969 265481 1865
175969 265481 1865
175969 265481 1865
175969 265481 1865
175969 265481 1865
175969 265481 1865
175969 265481 1865
175969 265481 1865
265919 262514 1865
265919 262514 1865
265919 262514 1865
265919 262514 1865
265919 262514 1865
265919 262514 1865
265919 262514 1865
265919 262514 1865
265919 262514 1865
265919 262514 1865
265919 262514 1865
265919 262514 1865
295090 248348 1870
295090 248348 1870
295090 248348 1870
295090 248348 1870
295090 248348 1870
295090 248348 1870
295090 248348 1870
295090 248348 1870
295090 248348 1870
295090 248348 1870
295090 248348 1870
295090 248348 1870
295090 248348 1870
178793 219573 1870
178793 219573 1870
178793 219573 1870
178793 219573 1870
178793 219573 1870
178793 219573 1870
178793 219573 1870
178793 219573 1870
178793 219573 1870
178793 219573 1870
178793 219573 1870
178793 219573 1870
178793 219573 1870
4727 240866 1873
4727 240866 1873
4727 240866 1873
4727 240866 1873
4727 240866 1873
4727 240866 1873
4727 240866 1873
4727 240866 1873
4727 240866 1873
4727 240866 1873
4727 240866 1873
4727 240866 1873
265636 250537 1875
265636 250537 1875
265636 250537 1875
265636 250537 1875
265636 250537 1875
265636 250537 1875
265636 250537 1875
265636 250537 1875
265636 250537 1875
265636 250537 1875
265636 250537 1875
265636 250537 1875
126481 175982 1878
126481 175982 1878
126481 175982 1878
126481 175982 1878
126481 175982 1878
126481 175982 1878
126481 175982 1878
126481 175982 1878
126481 175982 1878
126481 175982 1878
126481 175982 1878
126481 175982 1878
245977 293675 1879
245977 293675 1879
245977 293675 1879
245977 293675 1879
245977 293675 1879
245977 293675 1879
245977 293675 1879
245977 293675 1879
245977 293675 1879
245977 293675 1879
245977 293675 1879
245977 293675 1879
245977 293675 1879
227245 188440 1881
227245 188440 1881
227245 188440 1881
227245 188440 1881
227245 188440 1881
227245 188440 1881
227245 188440 1881
227245 188440 1881
227245 188440 1881
227245 188440 1881
227245 188440 1881
227245 188440 1881
243790 243610 1882
243790 243610 1882
243790 243610 1882
243790 243610 1882
243790 243610 1882
243790 243610 1882
243790 243610 1882
243790 243610 1882
243790 243610 1882
243790 243610 1882
243790 243610 1882
243790 243610 1882
243790 243610 1882
235974 226958 1882
235974 226958 1882
235974 226958 1882
235974 226958 1882
235974 226958 1882
235974 226958 1882
235974 226958 1882
235974 226958 1882
235974 226958 1882
235974 226958 1882
235974 226958 1882
235974 226958 1882
235974 226958 1882
243792 238227 1883
243792 238227 1883
243792 238227 1883
243792 238227 1883
243792 238227 1883
243792 238227 1883
243792 238227 1883
243792 238227 1883
243792 238227 1883
243792 238227 1883
243792 238227 1883
243792 238227 1883
243792 238227 1883
227872 238227 1883
227872 238227 1883
227872 238227 1883
227872 238227 1883
227872 238227 1883
227872 238227 1883
227872 238227 1883
227872 238227 1883
227872 238227 1883
227872 238227 1883
227872 238227 1883
227872 238227 1883
239160 246101 1884
239160 246101 1884
239160 246101 1884
239160 246101 1884
239160 246101 1884
239160 246101 1884
239160 246101 1884
239160 246101 1884
239160 246101 1884
239160 246101 1884
239160 246101 1884
239160 246101 1884
239160 246101 1884
150511 294593 1885
150511 294593 1885
150511 294593 1885
150511 294593 1885
150511 294593 1885
150511 294593 1885
150511 294593 1885
150511 294593 1885
150511 294593 1885
150511 294593 1885
150511 294593 1885
150511 294593 1885
150511 294593 1885
150450 227046 1887
150450 227046 1887
150450 227046 1887
150450 227046 1887
150450 227046 1887
150450 227046 1887
150450 227046 1887
150450 227046 1887
150450 227046 1887
150450 227046 1887
150450 227046 1887
150450 227046 1887
227532 228466 1888
227532 228466 1888
227532 228466 1888
227532 228466 1888
227532 228466 1888
227532 228466 1888
227532 228466 1888
227532 228466 1888
227532 228466 1888
227532 228466 1888
227532 228466 1888
227532 228466 1888
227532 228466 1888
183759 192994 1888
183759 192994 1888
183759 192994 1888
183759 192994 1888
183759 192994 1888
183759 192994 1888
183759 192994 1888
183759 192994 1888
183759 192994 1888
183759 192994 1888
183759 192994 1888
183759 192994 1888
291426 214057 1888
291426 214057 1888
291426 214057 1888
291426 214057 1888
291426 214057 1888
291426 214057 1888
291426 214057 1888
291426 214057 1888
291426 214057 1888
291426 214057 1888
291426 214057 1888
291426 214057 1888
245978 265367 1890
245978 265367 1890
245978 265367 1890
245978 265367 1890
245978 265367 1890
245978 265367 1890
245978 265367 1890
245978 265367 1890
245978 265367 1890
245978 265367 1890
245978 265367 1890
245978 265367 1890
245978 265367 1890
284633 282562 1890
284633 282562 1890
284633 282562 1890
284633 282562 1890
284633 282562 1890
284633 282562 1890
284633 282562 1890
284633 282562 1890
284633 282562 1890
284633 282562 1890
284633 282562 1890
284633 282562 1890
284633 282562 1890
236136 232189 1890
236136 232189 1890
236136 232189 1890
236136 232189 1890
236136 232189 1890
236136 232189 1890
236136 232189 1890
236136 232189 1890
236136 232189 1890
236136 232189 1890
236136 232189 1890
236136 232189 1890
260489 284638 1892
260489 284638 1892
260489 284638 1892
260489 284638 1892
260489 284638 1892
260489 284638 1892
260489 284638 1892
260489 284638 1892
260489 284638 1892
260489 284638 1892
260489 284638 1892
260489 284638 1892
260489 284638 1892
237856 204222 1894
237856 204222 1894
237856 204222 1894
237856 204222 1894
237856 204222 1894
237856 204222 1894
237856 204222 1894
237856 204222 1894
237856 204222 1894
237856 204222 1894
237856 204222 1894
237856 204222 1894
237856 204222 1894
243464 239179 1895
243464 239179 1895
243464 239179 1895
243464 239179 1895
243464 239179 1895
243464 239179 1895
243464 239179 1895
243464 239179 1895
243464 239179 1895
243464 239179 1895
243464 239179 1895
243464 239179 1895
243464 239179 1895
206261 190419 1897
206261 190419 1897
206261 190419 1897
206261 190419 1897
206261 190419 1897
206261 190419 1897
206261 190419 1897
206261 190419 1897
206261 190419 1897
206261 190419 1897
206261 190419 1897
206261 190419 1897
201672 237851 1899
201672 237851 1899
201672 237851 1899
201672 237851 1899
201672 237851 1899
201672 237851 1899
201672 237851 1899
201672 237851 1899
201672 237851 1899
201672 237851 1899
201672 237851 1899
201672 237851 1899
250696 246069 1900
250696 246069 1900
250696 246069 1900
250696 246069 1900
250696 246069 1900
250696 246069 1900
250696 246069 1900
250696 246069 1900
250696 246069 1900
250696 246069 1900
250696 246069 1900
250696 246069 1900
250696 246069 1900
227321 242072 1901
227321 242072 1901
227321 242072 1901
227321 242072 1901
227321 242072 1901
227321 242072 1901
227321 242072 1901
227321 242072 1901
227321 242072 1901
227321 242072 1901
227321 242072 1901
227321 242072 1901
227321 242072 1901
14459 11144 1901
14459 11144 1901
14459 11144 1901
14459 11144 1901
14459 11144 1901
14459 11144 1901
14459 11144 1901
14459 11144 1901
14459 11144 1901
14459 11144 1901
14459 11144 1901
14459 11144 1901
230543 236470 1902
230543 236470 1902
230543 236470 1902
230543 236470 1902
230543 236470 1902
230543 236470 1902
230543 236470 1902
230543 236470 1902
230543 236470 1902
230543 236470 1902
230543 236470 1902
230543 236470 1902
230543 236470 1902
236470 228034 1904
236470 228034 1904
236470 228034 1904
236470 228034 1904
236470 228034 1904
236470 228034 1904
236470 228034 1904
236470 228034 1904
236470 228034 1904
236470 228034 1904
236470 228034 1904
236470 228034 1904
236470 228034 1904
232898 231025 1904
232898 231025 1904
232898 231025 1904
232898 231025 1904
232898 231025 1904
232898 231025 1904
232898 231025 1904
232898 231025 1904
232898 231025 1904
232898 231025 1904
232898 231025 1904
232898 231025 1904
232898 231025 1904
225846 231025 1904
225846 231025 1904
225846 231025 1904
225846 231025 1904
225846 231025 1904
225846 231025 1904
225846 231025 1904
225846 231025 1904
225846 231025 1904
225846 231025 1904
225846 231025 1904
225846 231025 1904
225846 231025 1904
190997 190920 1905
190997 190920 1905
190997 190920 1905
190997 190920 1905
190997 190920 1905
190997 190920 1905
190997 190920 1905
190997 190920 1905
190997 190920 1905
190997 190920 1905
190997 190920 1905
190997 190920 1905
191023 251932 1908
191023 251932 1908
191023 251932 1908
191023 251932 1908
191023 251932 1908
191023 251932 1908
191023 251932 1908
191023 251932 1908
191023 251932 1908
191023 251932 1908
191023 251932 1908
191023 251932 1908
191023 251932 1908
230244 242036 1910
230244 242036 1910
230244 242036 1910
230244 242036 1910
230244 242036 1910
230244 242036 1910
230244 242036 1910
230244 242036 1910
230244 242036 1910
230244 242036 1910
230244 242036 1910
230244 242036 1910
230244 242036 1910
240911 231372 1910
240911 231372 1910
240911 231372 1910
240911 231372 1910
240911 231372 1910
240911 231372 1910
240911 231372 1910
240911 231372 1910
240911 231372 1910
240911 231372 1910
240911 231372 1910
240911 231372 1910
240911 231372 1910
235982 238725 1912
235982 238725 1912
235982 238725 1912
235982 238725 1912
235982 238725 1912
235982 238725 1912
235982 238725 1912
235982 238725 1912
235982 238725 1912
235982 238725 1912
235982 238725 1912
235982 238725 1912
235982 238725 1912
230081 246015 1912
230081 246015 1912
230081 246015 1912
230081 246015 1912
230081 246015 1912
230081 246015 1912
230081 246015 1912
230081 246015 1912
230081 246015 1912
230081 246015 1912
230081 246015 1912
230081 246015 1912
230081 246015 1912
235966 229773 1915
235966 229773 1915
235966 229773 1915
235966 229773 1915
235966 229773 1915
235966 229773 1915
235966 229773 1915
235966 229773 1915
235966 229773 1915
235966 229773 1915
235966 229773 1915
235966 229773 1915
235966 229773 1915
236898 230067 1918
236898 230067 1918
236898 230067 1918
236898 230067 1918
236898 230067 1918
236898 230067 1918
236898 230067 1918
236898 230067 1918
236898 230067 1918
236898 230067 1918
236898 230067 1918
236898 230067 1918
236898 230067 1918
228365 234298 1919
228365 234298 1919
228365 234298 1919
228365 234298 1919
228365 234298 1919
228365 234298 1919
228365 234298 1919
228365 234298 1919
228365 234298 1919
228365 234298 1919
228365 234298 1919
228365 234298 1919
228365 234298 1919
250571 250672 1919
250571 250672 1919
250571 250672 1919
250571 250672 1919
250571 250672 1919
250571 250672 1919
250571 250672 1919
250571 250672 1919
250571 250672 1919
250571 250672 1919
250571 250672 1919
250571 250672 1919
285612 256656 1920
285612 256656 1920
285612 256656 1920
285612 256656 1920
285612 256656 1920
285612 256656 1920
285612 256656 1920
285612 256656 1920
285612 256656 1920
285612 256656 1920
285612 256656 1920
285612 256656 1920
245925 225942 1920
245925 225942 1920
245925 225942 1920
245925 225942 1920
245925 225942 1920
245925 225942 1920
245925 225942 1920
245925 225942 1920
245925 225942 1920
245925 225942 1920
245925 225942 1920
245925 225942 1920
225942 226981 1922
225942 226981 1922
225942 226981 1922
225942 226981 1922
225942 226981 1922
225942 226981 1922
225942 226981 1922
225942 226981 1922
225942 226981 1922
225942 226981 1922
225942 226981 1922
225942 226981 1922
225942 226981 1922
265936 232831 1922
265936 232831 1922
265936 232831 1922
265936 232831 1922
265936 232831 1922
265936 232831 1922
265936 232831 1922
265936 232831 1922
265936 232831 1922
265936 232831 1922
265936 232831 1922
265936 232831 1922
185300 14776 1923
185300 14776 1923
185300 14776 1923
185300 14776 1923
185300 14776 1923
185300 14776 1923
185300 14776 1923
185300 14776 1923
185300 14776 1923
185300 14776 1923
185300 14776 1923
185300 14776 1923
284206 270089 1924
284206 270089 1924
284206 270089 1924
284206 270089 1924
284206 270089 1924
284206 270089 1924
284206 270089 1924
284206 270089 1924
284206 270089 1924
284206 270089 1924
284206 270089 1924
284206 270089 1924
284206 270089 1924
227532 236400 1927
227532 236400 1927
227532 236400 1927
227532 236400 1927
227532 236400 1927
227532 236400 1927
227532 236400 1927
227532 236400 1927
227532 236400 1927
227532 236400 1927
227532 236400 1927
227532 236400 1927
237886 235687 1927
237886 235687 1927
237886 235687 1927
237886 235687 1927
237886 235687 1927
237886 235687 1927
237886 235687 1927
237886 235687 1927
237886 235687 1927
237886 235687 1927
237886 235687 1927
237886 235687 1927
237886 235687 1927
186873 291514 1927
186873 291514 1927
186873 291514 1927
186873 291514 1927
186873 291514 1927
186873 291514 1927
186873 291514 1927
186873 291514 1927
186873 291514 1927
186873 291514 1927
186873 291514 1927
186873 291514 1927
208266 187713 1931
208266 187713 1931
208266 187713 1931
208266 187713 1931
208266 187713 1931
208266 187713 1931
208266 187713 1931
208266 187713 1931
208266 187713 1931
208266 187713 1931
208266 187713 1931
208266 187713 1931
194427 10592 1932
194427 10592 1932
194427 10592 1932
194427 10592 1932
194427 10592 1932
194427 10592 1932
194427 10592 1932
194427 10592 1932
194427 10592 1932
194427 10592 1932
194427 10592 1932
194427 10592 1932
194427 10592 1932
286726 248385 1932
286726 248385 1932
286726 248385 1932
286726 248385 1932
286726 248385 1932
286726 248385 1932
286726 248385 1932
286726 248385 1932
286726 248385 1932
286726 248385 1932
286726 248385 1932
286726 248385 1932
230244 243515 1932
230244 243515 1932
230244 243515 1932
230244 243515 1932
230244 243515 1932
230244 243515 1932
230244 243515 1932
230244 243515 1932
230244 243515 1932
230244 243515 1932
230244 243515 1932
230244 243515 1932
228466 230245 1933
228466 230245 1933
228466 230245 1933
228466 230245 1933
228466 230245 1933
228466 230245 1933
228466 230245 1933
228466 230245 1933
228466 230245 1933
228466 230245 1933
228466 230245 1933
228466 230245 1933
228466 230245 1933
235094 266117 1937
235094 266117 1937
235094 266117 1937
235094 266117 1937
235094 266117 1937
235094 266117 1937
235094 266117 1937
235094 266117 1937
235094 266117 1937
235094 266117 1937
235094 266117 1937
235094 266117 1937
226242 236400 1939
226242 236400 1939
226242 236400 1939
226242 236400 1939
226242 236400 1939
226242 236400 1939
226242 236400 1939
226242 236400 1939
226242 236400 1939
226242 236400 1939
226242 236400 1939
226242 236400 1939
226242 236400 1939
151112 227975 1940
151112 227975 1940
151112 227975 1940
151112 227975 1940
151112 227975 1940
151112 227975 1940
151112 227975 1940
151112 227975 1940
151112 227975 1940
151112 227975 1940
151112 227975 1940
151112 227975 1940
151112 227975 1940
160250 195508 1941
160250 195508 1941
160250 195508 1941
160250 195508 1941
160250 195508 1941
160250 195508 1941
160250 195508 1941
160250 195508 1941
160250 195508 1941
160250 195508 1941
160250 195508 1941
160250 195508 1941
160250 195508 1941
252022 232316 1942
252022 232316 1942
252022 232316 1942
252022 232316 1942
252022 232316 1942
252022 232316 1942
252022 232316 1942
252022 232316 1942
252022 232316 1942
252022 232316 1942
252022 232316 1942
252022 232316 1942
227250 236445 1944
227250 236445 1944
227250 236445 1944
227250 236445 1944
227250 236445 1944
227250 236445 1944
227250 236445 1944
227250 236445 1944
227250 236445 1944
227250 236445 1944
227250 236445 1944
227250 236445 1944
227250 236445 1944
194355 11519 1946
194355 11519 1946
194355 11519 1946
194355 11519 1946
194355 11519 1946
194355 11519 1946
194355 11519 1946
194355 11519 1946
194355 11519 1946
194355 11519 1946
194355 11519 1946
194355 11519 1946
225739 287863 1947
225739 287863 1947
225739 287863 1947
225739 287863 1947
225739 287863 1947
225739 287863 1947
225739 287863 1947
225739 287863 1947
225739 287863 1947
225739 287863 1947
225739 287863 1947
225739 287863 1947
296535 11097 1948
296535 11097 1948
296535 11097 1948
296535 11097 1948
296535 11097 1948
296535 11097 1948
296535 11097 1948
296535 11097 1948
296535 11097 1948
296535 11097 1948
296535 11097 1948
296535 11097 1948
296535 11097 1948
202012 190873 1948
202012 190873 1948
202012 190873 1948
202012 190873 1948
202012 190873 1948
202012 190873 1948
202012 190873 1948
202012 190873 1948
202012 190873 1948
202012 190873 1948
202012 190873 1948
202012 190873 1948
202012 190873 1948
243177 228013 1948
243177 228013 1948
243177 228013 1948
243177 228013 1948
243177 228013 1948
243177 228013 1948
243177 228013 1948
243177 228013 1948
243177 228013 1948
243177 228013 1948
243177 228013 1948
243177 228013 1948
226577 227250 1949
226577 227250 1949
226577 227250 1949
226577 227250 1949
226577 227250 1949
226577 227250 1949
226577 227250 1949
226577 227250 1949
226577 227250 1949
226577 227250 1949
226577 227250 1949
226577 227250 1949
237851 236089 1949
237851 236089 1949
237851 236089 1949
237851 236089 1949
237851 236089 1949
237851 236089 1949
237851 236089 1949
237851 236089 1949
237851 236089 1949
237851 236089 1949
237851 236089 1949
237851 236089 1949
225796 296545 1950
225796 296545 1950
225796 296545 1950
225796 296545 1950
225796 296545 1950
225796 296545 1950
225796 296545 1950
225796 296545 1950
225796 296545 1950
225796 296545 1950
225796 296545 1950
225796 296545 1950
238211 230705 1953
238211 230705 1953
238211 230705 1953
238211 230705 1953
238211 230705 1953
238211 230705 1953
238211 230705 1953
238211 230705 1953
238211 230705 1953
238211 230705 1953
238211 230705 1953
238211 230705 1953
238211 230705 1953
230705 231019 1955
230705 231019 1955
230705 231019 1955
230705 231019 1955
230705 231019 1955
230705 231019 1955
230705 231019 1955
230705 231019 1955
230705 231019 1955
230705 231019 1955
230705 231019 1955
230705 231019 1955
227541 235130 1956
227541 235130 1956
227541 235130 1956
227541 235130 1956
227541 235130 1956
227541 235130 1956
227541 235130 1956
227541 235130 1956
227541 235130 1956
227541 235130 1956
227541 235130 1956
227541 235130 1956
191022 238631 1956
191022 238631 1956
191022 238631 1956
191022 238631 1956
191022 238631 1956
191022 238631 1956
191022 238631 1956
191022 238631 1956
191022 238631 1956
191022 238631 1956
191022 238631 1956
191022 238631 1956
189013 124698 1956
189013 124698 1956
189013 124698 1956
189013 124698 1956
189013 124698 1956
189013 124698 1956
189013 124698 1956
189013 124698 1956
189013 124698 1956
189013 124698 1956
189013 124698 1956
189013 124698 1956
289042 265412 1956
289042 265412 1956
289042 265412 1956
289042 265412 1956
289042 265412 1956
289042 265412 1956
289042 265412 1956
289042 265412 1956
289042 265412 1956
289042 265412 1956
289042 265412 1956
289042 265412 1956
236004 230917 1956
236004 230917 1956
236004 230917 1956
236004 230917 1956
236004 230917 1956
236004 230917 1956
236004 230917 1956
236004 230917 1956
236004 230917 1956
236004 230917 1956
236004 230917 1956
236004 230917 1956
200262 293359 1958
200262 293359 1958
200262 293359 1958
200262 293359 1958
200262 293359 1958
200262 293359 1958
200262 293359 1958
200262 293359 1958
200262 293359 1958
200262 293359 1958
200262 293359 1958
200262 293359 1958
200262 293359 1958
150440 227046 1958
150440 227046 1958
150440 227046 1958
150440 227046 1958
150440 227046 1958
150440 227046 1958
150440 227046 1958
150440 227046 1958
150440 227046 1958
150440 227046 1958
150440 227046 1958
150440 227046 1958
150440 227046 1958
160292 293359 1958
160292 293359 1958
160292 293359 1958
160292 293359 1958
160292 293359 1958
160292 293359 1958
160292 293359 1958
160292 293359 1958
160292 293359 1958
160292 293359 1958
160292 293359 1958
160292 293359 1958
289042 265412 1958
289042 265412 1958
289042 265412 1958
289042 265412 1958
289042 265412 1958
289042 265412 1958
289042 265412 1958
289042 265412 1958
289042 265412 1958
289042 265412 1958
289042 265412 1958
289042 265412 1958
289042 265412 1958
282516 248403 1959
282516 248403 1959
282516 248403 1959
282516 248403 1959
282516 248403 1959
282516 248403 1959
282516 248403 1959
282516 248403 1959
282516 248403 1959
282516 248403 1959
282516 248403 1959
282516 248403 1959
242072 9638 1961
242072 9638 1961
242072 9638 1961
242072 9638 1961
242072 9638 1961
242072 9638 1961
242072 9638 1961
242072 9638 1961
242072 9638 1961
242072 9638 1961
242072 9638 1961
242072 9638 1961
267803 237660 1962
267803 237660 1962
267803 237660 1962
267803 237660 1962
267803 237660 1962
267803 237660 1962
267803 237660 1962
267803 237660 1962
267803 237660 1962
267803 237660 1962
267803 237660 1962
267803 237660 1962
267803 237660 1962
231260 235795 1963
231260 235795 1963
231260 235795 1963
231260 235795 1963
231260 235795 1963
231260 235795 1963
231260 235795 1963
231260 235795 1963
231260 235795 1963
231260 235795 1963
231260 235795 1963
231260 235795 1963
231260 235795 1963
233594 231019 1963
233594 231019 1963
233594 231019 1963
233594 231019 1963
233594 231019 1963
233594 231019 1963
233594 231019 1963
233594 231019 1963
233594 231019 1963
233594 231019 1963
233594 231019 1963
233594 231019 1963
233594 231019 1963
236554 237660 1964
236554 237660 1964
236554 237660 1964
236554 237660 1964
236554 237660 1964
236554 237660 1964
236554 237660 1964
236554 237660 1964
236554 237660 1964
236554 237660 1964
236554 237660 1964
236554 237660 1964
296137 292432 1964
296137 292432 1964
296137 292432 1964
296137 292432 1964
296137 292432 1964
296137 292432 1964
296137 292432 1964
296137 292432 1964
296137 292432 1964
296137 292432 1964
296137 292432 1964
296137 292432 1964
204226 193604 1966
204226 193604 1966
204226 193604 1966
204226 193604 1966
204226 193604 1966
204226 193604 1966
204226 193604 1966
204226 193604 1966
204226 193604 1966
204226 193604 1966
204226 193604 1966
204226 193604 1966
204226 193604 1966
226966 226971 1967
226966 226971 1967
226966 226971 1967
226966 226971 1967
226966 226971 1967
226966 226971 1967
226966 226971 1967
226966 226971 1967
226966 226971 1967
226966 226971 1967
226966 226971 1967
226966 226971 1967
226966 226971 1967
198513 188465 1977
198513 188465 1977
198513 188465 1977
198513 188465 1977
198513 188465 1977
198513 188465 1977
198513 188465 1977
198513 188465 1977
198513 188465 1977
198513 188465 1977
198513 188465 1977
198513 188465 1977
198513 188465 1977
233608 233590 1977
233608 233590 1977
233608 233590 1977
233608 233590 1977
233608 233590 1977
233608 233590 1977
233608 233590 1977
233608 233590 1977
233608 233590 1977
233608 233590 1977
233608 233590 1977
233608 233590 1977
198559 238631 1978
198559 238631 1978
198559 238631 1978
198559 238631 1978
198559 238631 1978
198559 238631 1978
198559 238631 1978
198559 238631 1978
198559 238631 1978
198559 238631 1978
198559 238631 1978
198559 238631 1978
227640 227541 1979
227640 227541 1979
227640 227541 1979
227640 227541 1979
227640 227541 1979
227640 227541 1979
227640 227541 1979
227640 227541 1979
227640 227541 1979
227640 227541 1979
227640 227541 1979
227640 227541 1979
208272 206270 1981
208272 206270 1981
208272 206270 1981
208272 206270 1981
208272 206270 1981
208272 206270 1981
208272 206270 1981
208272 206270 1981
208272 206270 1981
208272 206270 1981
208272 206270 1981
208272 206270 1981
289620 265637 1985
289620 265637 1985
289620 265637 1985
289620 265637 1985
289620 265637 1985
289620 265637 1985
289620 265637 1985
289620 265637 1985
289620 265637 1985
289620 265637 1985
289620 265637 1985
289620 265637 1985
289620 265637 1985
226993 295180 1986
226993 295180 1986
226993 295180 1986
226993 295180 1986
226993 295180 1986
226993 295180 1986
226993 295180 1986
226993 295180 1986
226993 295180 1986
226993 295180 1986
226993 295180 1986
226993 295180 1986
236470 225623 1990
236470 225623 1990
236470 225623 1990
236470 225623 1990
236470 225623 1990
236470 225623 1990
236470 225623 1990
236470 225623 1990
236470 225623 1990
236470 225623 1990
236470 225623 1990
236470 225623 1990
236470 225623 1990
230689 246044 1991
230689 246044 1991
230689 246044 1991
230689 246044 1991
230689 246044 1991
230689 246044 1991
230689 246044 1991
230689 246044 1991
230689 246044 1991
230689 246044 1991
230689 246044 1991
230689 246044 1991
230689 246044 1991
236561 226754 1996
236561 226754 1996
236561 226754 1996
236561 226754 1996
236561 226754 1996
236561 226754 1996
236561 226754 1996
236561 226754 1996
236561 226754 1996
236561 226754 1996
236561 226754 1996
236561 226754 1996
252662 226968 1996
252662 226968 1996
252662 226968 1996
252662 226968 1996
252662 226968 1996
252662 226968 1996
252662 226968 1996
252662 226968 1996
252662 226968 1996
252662 226968 1996
252662 226968 1996
252662 226968 1996
252662 226968 1996
230696 227068 1997
230696 227068 1997
230696 227068 1997
230696 227068 1997
230696 227068 1997
230696 227068 1997
230696 227068 1997
230696 227068 1997
230696 227068 1997
230696 227068 1997
230696 227068 1997
230696 227068 1997
243622 235996 1997
243622 235996 1997
243622 235996 1997
243622 235996 1997
243622 235996 1997
243622 235996 1997
243622 235996 1997
243622 235996 1997
243622 235996 1997
243622 235996 1997
243622 235996 1997
243622 235996 1997
14923 285658 1999
14923 285658 1999
14923 285658 1999
14923 285658 1999
14923 285658 1999
14923 285658 1999
14923 285658 1999
14923 285658 1999
14923 285658 1999
14923 285658 1999
14923 285658 1999
14923 285658 1999
284638 265579 2001
284638 265579 2001
284638 265579 2001
284638 265579 2001
284638 265579 2001
284638 265579 2001
284638 265579 2001
284638 265579 2001
284638 265579 2001
284638 265579 2001
284638 265579 2001
284638 265579 2001
284638 265579 2001
228034 239032 2002
228034 239032 2002
228034 239032 2002
228034 239032 2002
228034 239032 2002
228034 239032 2002
228034 239032 2002
228034 239032 2002
228034 239032 2002
228034 239032 2002
228034 239032 2002
228034 239032 2002
150450 283400 2003
150450 283400 2003
150450 283400 2003
150450 283400 2003
150450 283400 2003
150450 283400 2003
150450 283400 2003
150450 283400 2003
150450 283400 2003
150450 283400 2003
150450 283400 2003
150450 283400 2003
270089 296137 2010
270089 296137 2010
270089 296137 2010
270089 296137 2010
270089 296137 2010
270089 296137 2010
270089 296137 2010
270089 296137 2010
270089 296137 2010
270089 296137 2010
270089 296137 2010
270089 296137 2010
285273 248368 2011
285273 248368 2011
285273 248368 2011
285273 248368 2011
285273 248368 2011
285273 248368 2011
285273 248368 2011
285273 248368 2011
285273 248368 2011
285273 248368 2011
285273 248368 2011
285273 248368 2011
285273 248368 2011
240605 296096 2014
240605 296096 2014
240605 296096 2014
240605 296096 2014
240605 296096 2014
240605 296096 2014
240605 296096 2014
240605 296096 2014
240605 296096 2014
240605 296096 2014
240605 296096 2014
240605 296096 2014
240605 296096 2014
227007 227018 2014
227007 227018 2014
227007 227018 2014
227007 227018 2014
227007 227018 2014
227007 227018 2014
227007 227018 2014
227007 227018 2014
227007 227018 2014
227007 227018 2014
227007 227018 2014
227007 227018 2014
227007 227018 2014
289056 226986 2015
289056 226986 2015
289056 226986 2015
289056 226986 2015
289056 226986 2015
289056 226986 2015
289056 226986 2015
289056 226986 2015
289056 226986 2015
289056 226986 2015
289056 226986 2015
289056 226986 2015
236898 233619 2016
236898 233619 2016
236898 233619 2016
236898 233619 2016
236898 233619 2016
236898 233619 2016
236898 233619 2016
236898 233619 2016
236898 233619 2016
236898 233619 2016
236898 233619 2016
236898 233619 2016
246154 265329 2018
246154 265329 2018
246154 265329 2018
246154 265329 2018
246154 265329 2018
246154 265329 2018
246154 265329 2018
246154 265329 2018
246154 265329 2018
246154 265329 2018
246154 265329 2018
246154 265329 2018
291460 250607 2019
291460 250607 2019
291460 250607 2019
291460 250607 2019
291460 250607 2019
291460 250607 2019
291460 250607 2019
291460 250607 2019
291460 250607 2019
291460 250607 2019
291460 250607 2019
291460 250607 2019
291460 250607 2019
289050 296530 2020
289050 296530 2020
289050 296530 2020
289050 296530 2020
289050 296530 2020
289050 296530 2020
289050 296530 2020
289050 296530 2020
289050 296530 2020
289050 296530 2020
289050 296530 2020
289050 296530 2020
190937 188294 2022
190937 188294 2022
190937 188294 2022
190937 188294 2022
190937 188294 2022
190937 188294 2022
190937 188294 2022
190937 188294 2022
190937 188294 2022
190937 188294 2022
190937 188294 2022
190937 188294 2022
14666 282546 2024
14666 282546 2024
14666 282546 2024
14666 282546 2024
14666 282546 2024
14666 282546 2024
14666 282546 2024
14666 282546 2024
14666 282546 2024
14666 282546 2024
14666 282546 2024
14666 282546 2024
14666 282546 2024
248377 268489 2026
248377 268489 2026
248377 268489 2026
248377 268489 2026
248377 268489 2026
248377 268489 2026
248377 268489 2026
248377 268489 2026
248377 268489 2026
248377 268489 2026
248377 268489 2026
248377 268489 2026
248377 268489 2026
229773 235862 2031
229773 235862 2031
229773 235862 2031
229773 235862 2031
229773 235862 2031
229773 235862 2031
229773 235862 2031
229773 235862 2031
229773 235862 2031
229773 235862 2031
229773 235862 2031
229773 235862 2031
289528 288992 2037
289528 288992 2037
289528 288992 2037
289528 288992 2037
289528 288992 2037
289528 288992 2037
289528 288992 2037
289528 288992 2037
289528 288992 2037
289528 288992 2037
289528 288992 2037
289528 288992 2037
295112 296107 2041
295112 296107 2041
295112 296107 2041
295112 296107 2041
295112 296107 2041
295112 296107 2041
295112 296107 2041
295112 296107 2041
295112 296107 2041
295112 296107 2041
295112 296107 2041
295112 296107 2041
295112 296107 2041
285476 288587 2042
285476 288587 2042
285476 288587 2042
285476 288587 2042
285476 288587 2042
285476 288587 2042
285476 288587 2042
285476 288587 2042
285476 288587 2042
285476 288587 2042
285476 288587 2042
285476 288587 2042
285476 288587 2042
282516 150250 2044
282516 150250 2044
282516 150250 2044
282516 150250 2044
282516 150250 2044
282516 150250 2044
282516 150250 2044
282516 150250 2044
282516 150250 2044
282516 150250 2044
282516 150250 2044
282516 150250 2044
282516 150250 2044
248417 14803 2054
248417 14803 2054
248417 14803 2054
248417 14803 2054
248417 14803 2054
248417 14803 2054
248417 14803 2054
248417 14803 2054
248417 14803 2054
248417 14803 2054
248417 14803 2054
248417 14803 2054
248417 14803 2054
289554 284208 2057
289554 284208 2057
289554 284208 2057
289554 284208 2057
289554 284208 2057
289554 284208 2057
289554 284208 2057
289554 284208 2057
289554 284208 2057
289554 284208 2057
289554 284208 2057
289554 284208 2057
289554 284208 2057
284631 14711 2068
284631 14711 2068
284631 14711 2068
284631 14711 2068
284631 14711 2068
284631 14711 2068
284631 14711 2068
284631 14711 2068
284631 14711 2068
284631 14711 2068
284631 14711 2068
284631 14711 2068
285377 285354 2070
285377 285354 2070
285377 285354 2070
285377 285354 2070
285377 285354 2070
285377 285354 2070
285377 285354 2070
285377 285354 2070
285377 285354 2070
285377 285354 2070
285377 285354 2070
285377 285354 2070
285377 285354 2070
230957 234233 2071
230957 234233 2071
230957 234233 2071
230957 234233 2071
230957 234233 2071
230957 234233 2071
230957 234233 2071
230957 234233 2071
230957 234233 2071
230957 234233 2071
230957 234233 2071
230957 234233 2071
230957 234233 2071
228142 243230 2076
228142 243230 2076
228142 243230 2076
228142 243230 2076
228142 243230 2076
228142 243230 2076
228142 243230 2076
228142 243230 2076
228142 243230 2076
228142 243230 2076
228142 243230 2076
228142 243230 2076
228142 243230 2076
198559 236087 2078
198559 236087 2078
198559 236087 2078
198559 236087 2078
198559 236087 2078
198559 236087 2078
198559 236087 2078
198559 236087 2078
198559 236087 2078
198559 236087 2078
198559 236087 2078
198559 236087 2078
226976 268501 2079
226976 268501 2079
226976 268501 2079
226976 268501 2079
226976 268501 2079
226976 268501 2079
226976 268501 2079
226976 268501 2079
226976 268501 2079
226976 268501 2079
226976 268501 2079
226976 268501 2079
226976 268501 2079
291226 14666 2080
291226 14666 2080
291226 14666 2080
291226 14666 2080
291226 14666 2080
291226 14666 2080
291226 14666 2080
291226 14666 2080
291226 14666 2080
291226 14666 2080
291226 14666 2080
291226 14666 2080
294127 265960 2099
294127 265960 2099
294127 265960 2099
294127 265960 2099
294127 265960 2099
294127 265960 2099
294127 265960 2099
294127 265960 2099
294127 265960 2099
294127 265960 2099
294127 265960 2099
294127 265960 2099
294127 265960 2099
236172 230552 2104
236172 230552 2104
236172 230552 2104
236172 230552 2104
236172 230552 2104
236172 230552 2104
236172 230552 2104
236172 230552 2104
236172 230552 2104
236172 230552 2104
236172 230552 2104
236172 230552 2104
236172 230552 2104
235974 9117 2107
235974 9117 2107
235974 9117 2107
235974 9117 2107
235974 9117 2107
235974 9117 2107
235974 9117 2107
235974 9117 2107
235974 9117 2107
235974 9117 2107
235974 9117 2107
235974 9117 2107
240450 235974 2108
240450 235974 2108
240450 235974 2108
240450 235974 2108
240450 235974 2108
240450 235974 2108
240450 235974 2108
240450 235974 2108
240450 235974 2108
240450 235974 2108
240450 235974 2108
240450 235974 2108
240450 235974 2108
236172 230552 2116
236172 230552 2116
236172 230552 2116
236172 230552 2116
236172 230552 2116
236172 230552 2116
236172 230552 2116
236172 230552 2116
236172 230552 2116
236172 230552 2116
236172 230552 2116
236172 230552 2116
227556 236065 2118
227556 236065 2118
227556 236065 2118
227556 236065 2118
227556 236065 2118
227556 236065 2118
227556 236065 2118
227556 236065 2118
227556 236065 2118
227556 236065 2118
227556 236065 2118
227556 236065 2118
289037 245978 2132
289037 245978 2132
289037 245978 2132
289037 245978 2132
289037 245978 2132
289037 245978 2132
289037 245978 2132
289037 245978 2132
289037 245978 2132
289037 245978 2132
289037 245978 2132
289037 245978 2132
231025 262499 2160
231025 262499 2160
231025 262499 2160
231025 262499 2160
231025 262499 2160
231025 262499 2160
231025 262499 2160
231025 262499 2160
231025 262499 2160
231025 262499 2160
231025 262499 2160
231025 262499 2160
230677 230414 2187
230677 230414 2187
230677 230414 2187
230677 230414 2187
230677 230414 2187
230677 230414 2187
230677 230414 2187
230677 230414 2187
230677 230414 2187
230677 230414 2187
230677 230414 2187
230677 230414 2187
228167 230413 2201
228167 230413 2201
228167 230413 2201
228167 230413 2201
228167 230413 2201
228167 230413 2201
228167 230413 2201
228167 230413 2201
228167 230413 2201
228167 230413 2201
228167 230413 2201
228167 230413 2201
228167 230413 2201
245999 236897 2209
245999 236897 2209
245999 236897 2209
245999 236897 2209
245999 236897 2209
245999 236897 2209
245999 236897 2209
245999 236897 2209
245999 236897 2209
245999 236897 2209
245999 236897 2209
245999 236897 2209
239825 243620 2223
239825 243620 2223
239825 243620 2223
239825 243620 2223
239825 243620 2223
239825 243620 2223
239825 243620 2223
239825 243620 2223
239825 243620 2223
239825 243620 2223
239825 243620 2223
239825 243620 2223
286717 282822 2223
286717 282822 2223
286717 282822 2223
286717 282822 2223
286717 282822 2223
286717 282822 2223
286717 282822 2223
286717 282822 2223
286717 282822 2223
286717 282822 2223
286717 282822 2223
286717 282822 2223
286717 282822 2223
230956 285281 2227
230956 285281 2227
230956 285281 2227
230956 285281 2227
230956 285281 2227
230956 285281 2227
230956 285281 2227
230956 285281 2227
230956 285281 2227
230956 285281 2227
230956 285281 2227
230956 285281 2227
289351 228105 2239
289351 228105 2239
289351 228105 2239
289351 228105 2239
289351 228105 2239
289351 228105 2239
289351 228105 2239
289351 228105 2239
289351 228105 2239
289351 228105 2239
289351 228105 2239
289351 228105 2239
192973 195023 2248
192973 195023 2248
192973 195023 2248
192973 195023 2248
192973 195023 2248
192973 195023 2248
192973 195023 2248
192973 195023 2248
192973 195023 2248
192973 195023 2248
192973 195023 2248
192973 195023 2248
236844 285274 2252
236844 285274 2252
236844 285274 2252
236844 285274 2252
236844 285274 2252
236844 285274 2252
236844 285274 2252
236844 285274 2252
236844 285274 2252
236844 285274 2252
236844 285274 2252
236844 285274 2252
235683 227098 2254
235683 227098 2254
235683 227098 2254
235683 227098 2254
235683 227098 2254
235683 227098 2254
235683 227098 2254
235683 227098 2254
235683 227098 2254
235683 227098 2254
235683 227098 2254
235683 227098 2254
235013 243536 2258
235013 243536 2258
235013 243536 2258
235013 243536 2258
235013 243536 2258
235013 243536 2258
235013 243536 2258
235013 243536 2258
235013 243536 2258
235013 243536 2258
235013 243536 2258
235013 243536 2258
235013 243536 2258
283433 293377 2262
283433 293377 2262
283433 293377 2262
283433 293377 2262
283433 293377 2262
283433 293377 2262
283433 293377 2262
283433 293377 2262
283433 293377 2262
283433 293377 2262
283433 293377 2262
283433 293377 2262
283433 293377 2262
236004 236788 2268
236004 236788 2268
236004 236788 2268
236004 236788 2268
236004 236788 2268
236004 236788 2268
236004 236788 2268
236004 236788 2268
236004 236788 2268
236004 236788 2268
236004 236788 2268
236004 236788 2268
227256 243512 2271
227256 243512 2271
227256 243512 2271
227256 243512 2271
227256 243512 2271
227256 243512 2271
227256 243512 2271
227256 243512 2271
227256 243512 2271
227256 243512 2271
227256 243512 2271
227256 243512 2271
227256 243512 2271
209652 236474 2272
209652 236474 2272
209652 236474 2272
209652 236474 2272
209652 236474 2272
209652 236474 2272
209652 236474 2272
209652 236474 2272
209652 236474 2272
209652 236474 2272
209652 236474 2272
209652 236474 2272
159653 184770 2272
159653 184770 2272
159653 184770 2272
159653 184770 2272
159653 184770 2272
159653 184770 2272
159653 184770 2272
159653 184770 2272
159653 184770 2272
159653 184770 2272
159653 184770 2272
159653 184770 2272
159649 184770 2272
159649 184770 2272
159649 184770 2272
159649 184770 2272
159649 184770 2272
159649 184770 2272
159649 184770 2272
159649 184770 2272
159649 184770 2272
159649 184770 2272
159649 184770 2272
159649 184770 2272
192944 206164 2275
192944 206164 2275
192944 206164 2275
192944 206164 2275
192944 206164 2275
192944 206164 2275
192944 206164 2275
192944 206164 2275
192944 206164 2275
192944 206164 2275
192944 206164 2275
192944 206164 2275
192944 206164 2275
176237 194405 2276
176237 194405 2276
176237 194405 2276
176237 194405 2276
176237 194405 2276
176237 194405 2276
176237 194405 2276
176237 194405 2276
176237 194405 2276
176237 194405 2276
176237 194405 2276
176237 194405 2276
176237 194405 2276
235678 226380 2278
235678 226380 2278
235678 226380 2278
235678 226380 2278
235678 226380 2278
235678 226380 2278
235678 226380 2278
235678 226380 2278
235678 226380 2278
235678 226380 2278
235678 226380 2278
235678 226380 2278
235678 226380 2278
256663 293343 2279
256663 293343 2279
256663 293343 2279
256663 293343 2279
256663 293343 2279
256663 293343 2279
256663 293343 2279
256663 293343 2279
256663 293343 2279
256663 293343 2279
256663 293343 2279
256663 293343 2279
238637 188295 2279
238637 188295 2279
238637 188295 2279
238637 188295 2279
238637 188295 2279
238637 188295 2279
238637 188295 2279
238637 188295 2279
238637 188295 2279
238637 188295 2279
238637 188295 2279
238637 188295 2279
238637 188295 2279
242933 226966 2279
242933 226966 2279
242933 226966 2279
242933 226966 2279
242933 226966 2279
242933 226966 2279
242933 226966 2279
242933 226966 2279
242933 226966 2279
242933 226966 2279
242933 226966 2279
242933 226966 2279
233586 235674 2280
233586 235674 2280
233586 235674 2280
233586 235674 2280
233586 235674 2280
233586 235674 2280
233586 235674 2280
233586 235674 2280
233586 235674 2280
233586 235674 2280
233586 235674 2280
233586 235674 2280
265637 256656 2281
265637 256656 2281
265637 256656 2281
265637 256656 2281
265637 256656 2281
265637 256656 2281
265637 256656 2281
265637 256656 2281
265637 256656 2281
265637 256656 2281
265637 256656 2281
265637 256656 2281
265637 256656 2281
196319 190997 2281
196319 190997 2281
196319 190997 2281
196319 190997 2281
196319 190997 2281
196319 190997 2281
196319 190997 2281
196319 190997 2281
196319 190997 2281
196319 190997 2281
196319 190997 2281
196319 190997 2281
236843 289012 2281
236843 289012 2281
236843 289012 2281
236843 289012 2281
236843 289012 2281
236843 289012 2281
236843 289012 2281
236843 289012 2281
236843 289012 2281
236843 289012 2281
236843 289012 2281
236843 289012 2281
193432 151083 2281
193432 151083 2281
193432 151083 2281
193432 151083 2281
193432 151083 2281
193432 151083 2281
193432 151083 2281
193432 151083 2281
193432 151083 2281
193432 151083 2281
193432 151083 2281
193432 151083 2281
230956 227093 2282
230956 227093 2282
230956 227093 2282
230956 227093 2282
230956 227093 2282
230956 227093 2282
230956 227093 2282
230956 227093 2282
230956 227093 2282
230956 227093 2282
230956 227093 2282
230956 227093 2282
237857 243542 2283
237857 243542 2283
237857 243542 2283
237857 243542 2283
237857 243542 2283
237857 243542 2283
237857 243542 2283
237857 243542 2283
237857 243542 2283
237857 243542 2283
237857 243542 2283
237857 243542 2283
237857 243542 2283
246101 282552 2284
246101 282552 2284
246101 282552 2284
246101 282552 2284
246101 282552 2284
246101 282552 2284
246101 282552 2284
246101 282552 2284
246101 282552 2284
246101 282552 2284
246101 282552 2284
246101 282552 2284
246986 286717 2285
246986 286717 2285
246986 286717 2285
246986 286717 2285
246986 286717 2285
246986 286717 2285
246986 286717 2285
246986 286717 2285
246986 286717 2285
246986 286717 2285
246986 286717 2285
246986 286717 2285
152814 201794 2286
152814 201794 2286
152814 201794 2286
152814 201794 2286
152814 201794 2286
152814 201794 2286
152814 201794 2286
152814 201794 2286
152814 201794 2286
152814 201794 2286
152814 201794 2286
152814 201794 2286
152814 201794 2286
237714 227230 2288
237714 227230 2288
237714 227230 2288
237714 227230 2288
237714 227230 2288
237714 227230 2288
237714 227230 2288
237714 227230 2288
237714 227230 2288
237714 227230 2288
237714 227230 2288
237714 227230 2288
230848 236178 2290
230848 236178 2290
230848 236178 2290
230848 236178 2290
230848 236178 2290
230848 236178 2290
230848 236178 2290
230848 236178 2290
230848 236178 2290
230848 236178 2290
230848 236178 2290
230848 236178 2290
226394 246063 2291
226394 246063 2291
226394 246063 2291
226394 246063 2291
226394 246063 2291
226394 246063 2291
226394 246063 2291
226394 246063 2291
226394 246063 2291
226394 246063 2291
226394 246063 2291
226394 246063 2291
235860 240973 2293
235860 240973 2293
235860 240973 2293
235860 240973 2293
235860 240973 2293
235860 240973 2293
235860 240973 2293
235860 240973 2293
235860 240973 2293
235860 240973 2293
235860 240973 2293
235860 240973 2293
235860 240973 2293
285375 230655 2295
285375 230655 2295
285375 230655 2295
285375 230655 2295
285375 230655 2295
285375 230655 2295
285375 230655 2295
285375 230655 2295
285375 230655 2295
285375 230655 2295
285375 230655 2295
285375 230655 2295
292428 178781 2295
292428 178781 2295
292428 178781 2295
292428 178781 2295
292428 178781 2295
292428 178781 2295
292428 178781 2295
292428 178781 2295
292428 178781 2295
292428 178781 2295
292428 178781 2295
292428 178781 2295
292428 178781 2295
246986 286717 2299
246986 286717 2299
246986 286717 2299
246986 286717 2299
246986 286717 2299
246986 286717 2299
246986 286717 2299
246986 286717 2299
246986 286717 2299
246986 286717 2299
246986 286717 2299
246986 286717 2299
193598 235935 2307
193598 235935 2307
193598 235935 2307
193598 235935 2307
193598 235935 2307
193598 235935 2307
193598 235935 2307
193598 235935 2307
193598 235935 2307
193598 235935 2307
193598 235935 2307
193598 235935 2307
193598 235935 2307
150228 226976 2309
150228 226976 2309
150228 226976 2309
150228 226976 2309
150228 226976 2309
150228 226976 2309
150228 226976 2309
150228 226976 2309
150228 226976 2309
150228 226976 2309
150228 226976 2309
150228 226976 2309
150228 226976 2309
14813 245999 2309
14813 245999 2309
14813 245999 2309
14813 245999 2309
14813 245999 2309
14813 245999 2309
14813 245999 2309
14813 245999 2309
14813 245999 2309
14813 245999 2309
14813 245999 2309
14813 245999 2309
14813 245999 2309
287865 226970 2309
287865 226970 2309
287865 226970 2309
287865 226970 2309
287865 226970 2309
287865 226970 2309
287865 226970 2309
287865 226970 2309
287865 226970 2309
287865 226970 2309
287865 226970 2309
287865 226970 2309
287865 226970 2309
296678 246116 2310
296678 246116 2310
296678 246116 2310
296678 246116 2310
296678 246116 2310
296678 246116 2310
296678 246116 2310
296678 246116 2310
296678 246116 2310
296678 246116 2310
296678 246116 2310
296678 246116 2310
291435 183779 2310
291435 183779 2310
291435 183779 2310
291435 183779 2310
291435 183779 2310
291435 183779 2310
291435 183779 2310
291435 183779 2310
291435 183779 2310
291435 183779 2310
291435 183779 2310
291435 183779 2310
198559 225616 2311
198559 225616 2311
198559 225616 2311
198559 225616 2311
198559 225616 2311
198559 225616 2311
198559 225616 2311
198559 225616 2311
198559 225616 2311
198559 225616 2311
198559 225616 2311
198559 225616 2311
235973 227250 2311
235973 227250 2311
235973 227250 2311
235973 227250 2311
235973 227250 2311
235973 227250 2311
235973 227250 2311
235973 227250 2311
235973 227250 2311
235973 227250 2311
235973 227250 2311
235973 227250 2311
235973 227250 2311
243704 242213 2312
243704 242213 2312
243704 242213 2312
243704 242213 2312
243704 242213 2312
243704 242213 2312
243704 242213 2312
243704 242213 2312
243704 242213 2312
243704 242213 2312
243704 242213 2312
243704 242213 2312
243706 242339 2312
243706 242339 2312
243706 242339 2312
243706 242339 2312
243706 242339 2312
243706 242339 2312
243706 242339 2312
243706 242339 2312
243706 242339 2312
243706 242339 2312
243706 242339 2312
243706 242339 2312
243706 242339 2312
192995 183754 2313
192995 183754 2313
192995 183754 2313
192995 183754 2313
192995 183754 2313
192995 183754 2313
192995 183754 2313
192995 183754 2313
192995 183754 2313
192995 183754 2313
192995 183754 2313
192995 183754 2313
124351 243813 2314
124351 243813 2314
124351 243813 2314
124351 243813 2314
124351 243813 2314
124351 243813 2314
124351 243813 2314
124351 243813 2314
124351 243813 2314
124351 243813 2314
124351 243813 2314
124351 243813 2314
124351 243813 2314
234771 236921 2315
234771 236921 2315
234771 236921 2315
234771 236921 2315
234771 236921 2315
234771 236921 2315
234771 236921 2315
234771 236921 2315
234771 236921 2315
234771 236921 2315
234771 236921 2315
234771 236921 2315
240616 227486 2315
240616 227486 2315
240616 227486 2315
240616 227486 2315
240616 227486 2315
240616 227486 2315
240616 227486 2315
240616 227486 2315
240616 227486 2315
240616 227486 2315
240616 227486 2315
240616 227486 2315
240616 227486 2315
242339 296678 2315
242339 296678 2315
242339 296678 2315
242339 296678 2315
242339 296678 2315
242339 296678 2315
242339 296678 2315
242339 296678 2315
242339 296678 2315
242339 296678 2315
242339 296678 2315
242339 296678 2315
242339 296678 2315
236994 233643 2317
236994 233643 2317
236994 233643 2317
236994 233643 2317
236994 233643 2317
236994 233643 2317
236994 233643 2317
236994 233643 2317
236994 233643 2317
236994 233643 2317
236994 233643 2317
236994 233643 2317
236994 233643 2317
289012 265936 2319
289012 265936 2319
289012 265936 2319
289012 265936 2319
289012 265936 2319
289012 265936 2319
289012 265936 2319
289012 265936 2319
289012 265936 2319
289012 265936 2319
289012 265936 2319
289012 265936 2319
236136 228401 2321
236136 228401 2321
236136 228401 2321
236136 228401 2321
236136 228401 2321
236136 228401 2321
236136 228401 2321
236136 228401 2321
236136 228401 2321
236136 228401 2321
236136 228401 2321
236136 228401 2321
173799 195012 2323
173799 195012 2323
173799 195012 2323
173799 195012 2323
173799 195012 2323
173799 195012 2323
173799 195012 2323
173799 195012 2323
173799 195012 2323
173799 195012 2323
173799 195012 2323
173799 195012 2323
262499 150224 2323
262499 150224 2323
262499 150224 2323
262499 150224 2323
262499 150224 2323
262499 150224 2323
262499 150224 2323
262499 150224 2323
262499 150224 2323
262499 150224 2323
262499 150224 2323
262499 150224 2323
262499 150224 2323
295206 228193 2323
295206 228193 2323
295206 228193 2323
295206 228193 2323
295206 228193 2323
295206 228193 2323
295206 228193 2323
295206 228193 2323
295206 228193 2323
295206 228193 2323
295206 228193 2323
295206 228193 2323
295206 228193 2323
204546 9247 2328
204546 9247 2328
204546 9247 2328
204546 9247 2328
204546 9247 2328
204546 9247 2328
204546 9247 2328
204546 9247 2328
204546 9247 2328
204546 9247 2328
204546 9247 2328
204546 9247 2328
239286 268393 2328
239286 268393 2328
239286 268393 2328
239286 268393 2328
239286 268393 2328
239286 268393 2328
239286 268393 2328
239286 268393 2328
239286 268393 2328
239286 268393 2328
239286 268393 2328
239286 268393 2328
226664 236470 2330
226664 236470 2330
226664 236470 2330
226664 236470 2330
226664 236470 2330
226664 236470 2330
226664 236470 2330
226664 236470 2330
226664 236470 2330
226664 236470 2330
226664 236470 2330
226664 236470 2330
245995 250690 2333
245995 250690 2333
245995 250690 2333
245995 250690 2333
245995 250690 2333
245995 250690 2333
245995 250690 2333
245995 250690 2333
245995 250690 2333
245995 250690 2333
245995 250690 2333
245995 250690 2333
230956 227677 2333
230956 227677 2333
230956 227677 2333
230956 227677 2333
230956 227677 2333
230956 227677 2333
230956 227677 2333
230956 227677 2333
230956 227677 2333
230956 227677 2333
230956 227677 2333
230956 227677 2333
230101 227068 2335
230101 227068 2335
230101 227068 2335
230101 227068 2335
230101 227068 2335
230101 227068 2335
230101 227068 2335
230101 227068 2335
230101 227068 2335
230101 227068 2335
230101 227068 2335
230101 227068 2335
4675 227215 2335
4675 227215 2335
4675 227215 2335
4675 227215 2335
4675 227215 2335
4675 227215 2335
4675 227215 2335
4675 227215 2335
4675 227215 2335
4675 227215 2335
4675 227215 2335
4675 227215 2335
182494 174939 2338
182494 174939 2338
182494 174939 2338
182494 174939 2338
182494 174939 2338
182494 174939 2338
182494 174939 2338
182494 174939 2338
182494 174939 2338
182494 174939 2338
182494 174939 2338
182494 174939 2338
182494 174939 2338
182494 174939 2338
182494 174939 2338
182494 174939 2338
182494 174939 2338
182494 174939 2338
182494 174939 2338
182494 174939 2338
182494 174939 2338
182494 174939 2338
182494 174939 2338
182494 174939 2338
182494 174939 2338
293558 246083 2339
293558 246083 2339
293558 246083 2339
293558 246083 2339
293558 246083 2339
293558 246083 2339
293558 246083 2339
293558 246083 2339
293558 246083 2339
293558 246083 2339
293558 246083 2339
293558 246083 2339
293558 246083 2339
230245 228417 2339
230245 228417 2339
230245 228417 2339
230245 228417 2339
230245 228417 2339
230245 228417 2339
230245 228417 2339
230245 228417 2339
230245 228417 2339
230245 228417 2339
230245 228417 2339
230245 228417 2339
230245 228417 2339
232372 236137 2342
232372 236137 2342
232372 236137 2342
232372 236137 2342
232372 236137 2342
232372 236137 2342
232372 236137 2342
232372 236137 2342
232372 236137 2342
232372 236137 2342
232372 236137 2342
232372 236137 2342
227532 225658 2343
227532 225658 2343
227532 225658 2343
227532 225658 2343
227532 225658 2343
227532 225658 2343
227532 225658 2343
227532 225658 2343
227532 225658 2343
227532 225658 2343
227532 225658 2343
227532 225658 2343
227532 225658 2343
236838 252019 2346
236838 252019 2346
236838 252019 2346
236838 252019 2346
236838 252019 2346
236838 252019 2346
236838 252019 2346
236838 252019 2346
236838 252019 2346
236838 252019 2346
236838 252019 2346
236838 252019 2346
252019 228149 2348
252019 228149 2348
252019 228149 2348
252019 228149 2348
252019 228149 2348
252019 228149 2348
252019 228149 2348
252019 228149 2348
252019 228149 2348
252019 228149 2348
252019 228149 2348
252019 228149 2348
252019 228149 2348
291457 246098 2348
291457 246098 2348
291457 246098 2348
291457 246098 2348
291457 246098 2348
291457 246098 2348
291457 246098 2348
291457 246098 2348
291457 246098 2348
291457 246098 2348
291457 246098 2348
291457 246098 2348
10596 151103 2351
10596 151103 2351
10596 151103 2351
10596 151103 2351
10596 151103 2351
10596 151103 2351
10596 151103 2351
10596 151103 2351
10596 151103 2351
10596 151103 2351
10596 151103 2351
10596 151103 2351
10596 151103 2351
9117 286717 2352
9117 286717 2352
9117 286717 2352
9117 286717 2352
9117 286717 2352
9117 286717 2352
9117 286717 2352
9117 286717 2352
9117 286717 2352
9117 286717 2352
9117 286717 2352
9117 286717 2352
284207 286717 2353
284207 286717 2353
284207 286717 2353
284207 286717 2353
284207 286717 2353
284207 286717 2353
284207 286717 2353
284207 286717 2353
284207 286717 2353
284207 286717 2353
284207 286717 2353
284207 286717 2353
185300 11428 2353
185300 11428 2353
185300 11428 2353
185300 11428 2353
185300 11428 2353
185300 11428 2353
185300 11428 2353
185300 11428 2353
185300 11428 2353
185300 11428 2353
185300 11428 2353
185300 11428 2353
190880 183756 2354
190880 183756 2354
190880 183756 2354
190880 183756 2354
190880 183756 2354
190880 183756 2354
190880 183756 2354
190880 183756 2354
190880 183756 2354
190880 183756 2354
190880 183756 2354
190880 183756 2354
227093 228104 2357
227093 228104 2357
227093 228104 2357
227093 228104 2357
227093 228104 2357
227093 228104 2357
227093 228104 2357
227093 228104 2357
227093 228104 2357
227093 228104 2357
227093 228104 2357
227093 228104 2357
10597 189013 2357
10597 189013 2357
10597 189013 2357
10597 189013 2357
10597 189013 2357
10597 189013 2357
10597 189013 2357
10597 189013 2357
10597 189013 2357
10597 189013 2357
10597 189013 2357
10597 189013 2357
208315 202615 2359
208315 202615 2359
208315 202615 2359
208315 202615 2359
208315 202615 2359
208315 202615 2359
208315 202615 2359
208315 202615 2359
208315 202615 2359
208315 202615 2359
208315 202615 2359
208315 202615 2359
235942 237848 2360
235942 237848 2360
235942 237848 2360
235942 237848 2360
235942 237848 2360
235942 237848 2360
235942 237848 2360
235942 237848 2360
235942 237848 2360
235942 237848 2360
235942 237848 2360
235942 237848 2360
235942 237848 2360
190920 192944 2360
190920 192944 2360
190920 192944 2360
190920 192944 2360
190920 192944 2360
190920 192944 2360
190920 192944 2360
190920 192944 2360
190920 192944 2360
190920 192944 2360
190920 192944 2360
190920 192944 2360
190920 192944 2360
227267 225616 2360
227267 225616 2360
227267 225616 2360
227267 225616 2360
227267 225616 2360
227267 225616 2360
227267 225616 2360
227267 225616 2360
227267 225616 2360
227267 225616 2360
227267 225616 2360
227267 225616 2360
235945 237848 2360
235945 237848 2360
235945 237848 2360
235945 237848 2360
235945 237848 2360
235945 237848 2360
235945 237848 2360
235945 237848 2360
235945 237848 2360
235945 237848 2360
235945 237848 2360
235945 237848 2360
285491 239235 2364
285491 239235 2364
285491 239235 2364
285491 239235 2364
285491 239235 2364
285491 239235 2364
285491 239235 2364
285491 239235 2364
285491 239235 2364
285491 239235 2364
285491 239235 2364
285491 239235 2364
187716 11054 2370
187716 11054 2370
187716 11054 2370
187716 11054 2370
187716 11054 2370
187716 11054 2370
187716 11054 2370
187716 11054 2370
187716 11054 2370
187716 11054 2370
187716 11054 2370
187716 11054 2370
199158 11054 2371
199158 11054 2371
199158 11054 2371
199158 11054 2371
199158 11054 2371
199158 11054 2371
199158 11054 2371
199158 11054 2371
199158 11054 2371
199158 11054 2371
199158 11054 2371
199158 11054 2371
199158 11054 2371
231260 283400 2372
231260 283400 2372
231260 283400 2372
231260 283400 2372
231260 283400 2372
231260 283400 2372
231260 283400 2372
231260 283400 2372
231260 283400 2372
231260 283400 2372
231260 283400 2372
231260 283400 2372
193058 204222 2379
193058 204222 2379
193058 204222 2379
193058 204222 2379
193058 204222 2379
193058 204222 2379
193058 204222 2379
193058 204222 2379
193058 204222 2379
193058 204222 2379
193058 204222 2379
193058 204222 2379
226255 237848 2380
226255 237848 2380
226255 237848 2380
226255 237848 2380
226255 237848 2380
226255 237848 2380
226255 237848 2380
226255 237848 2380
226255 237848 2380
226255 237848 2380
226255 237848 2380
226255 237848 2380
226255 237848 2380
230691 228462 2382
230691 228462 2382
230691 228462 2382
230691 228462 2382
230691 228462 2382
230691 228462 2382
230691 228462 2382
230691 228462 2382
230691 228462 2382
230691 228462 2382
230691 228462 2382
230691 228462 2382
193571 196081 2386
193571 196081 2386
193571 196081 2386
193571 196081 2386
193571 196081 2386
193571 196081 2386
193571 196081 2386
193571 196081 2386
193571 196081 2386
193571 196081 2386
193571 196081 2386
193571 196081 2386
193571 196081 2386
231025 226394 2387
231025 226394 2387
231025 226394 2387
231025 226394 2387
231025 226394 2387
231025 226394 2387
231025 226394 2387
231025 226394 2387
231025 226394 2387
231025 226394 2387
231025 226394 2387
231025 226394 2387
195617 160258 2388
195617 160258 2388
195617 160258 2388
195617 160258 2388
195617 160258 2388
195617 160258 2388
195617 160258 2388
195617 160258 2388
195617 160258 2388
195617 160258 2388
195617 160258 2388
195617 160258 2388
240949 237852 2389
240949 237852 2389
240949 237852 2389
240949 237852 2389
240949 237852 2389
240949 237852 2389
240949 237852 2389
240949 237852 2389
240949 237852 2389
240949 237852 2389
240949 237852 2389
240949 237852 2389
240949 237852 2389
227975 237848 2390
227975 237848 2390
227975 237848 2390
227975 237848 2390
227975 237848 2390
227975 237848 2390
227975 237848 2390
227975 237848 2390
227975 237848 2390
227975 237848 2390
227975 237848 2390
227975 237848 2390
175933 10598 2391
175933 10598 2391
175933 10598 2391
175933 10598 2391
175933 10598 2391
175933 10598 2391
175933 10598 2391
175933 10598 2391
175933 10598 2391
175933 10598 2391
175933 10598 2391
175933 10598 2391
175933 10598 2391
237848 201024 2392
237848 201024 2392
237848 201024 2392
237848 201024 2392
237848 201024 2392
237848 201024 2392
237848 201024 2392
237848 201024 2392
237848 201024 2392
237848 201024 2392
237848 201024 2392
237848 201024 2392
176253 188465 2393
176253 188465 2393
176253 188465 2393
176253 188465 2393
176253 188465 2393
176253 188465 2393
176253 188465 2393
176253 188465 2393
176253 188465 2393
176253 188465 2393
176253 188465 2393
176253 188465 2393
9247 175963 2397
9247 175963 2397
9247 175963 2397
9247 175963 2397
9247 175963 2397
9247 175963 2397
9247 175963 2397
9247 175963 2397
9247 175963 2397
9247 175963 2397
9247 175963 2397
9247 175963 2397
9247 175963 2397
245949 291460 2398
245949 291460 2398
245949 291460 2398
245949 291460 2398
245949 291460 2398
245949 291460 2398
245949 291460 2398
245949 291460 2398
245949 291460 2398
245949 291460 2398
245949 291460 2398
245949 291460 2398
245949 291460 2398
194372 228342 2398
194372 228342 2398
194372 228342 2398
194372 228342 2398
194372 228342 2398
194372 228342 2398
194372 228342 2398
194372 228342 2398
194372 228342 2398
194372 228342 2398
194372 228342 2398
194372 228342 2398
194372 228342 2398
9633 160289 2401
9633 160289 2401
9633 160289 2401
9633 160289 2401
9633 160289 2401
9633 160289 2401
9633 160289 2401
9633 160289 2401
9633 160289 2401
9633 160289 2401
9633 160289 2401
9633 160289 2401
293139 236214 2401
293139 236214 2401
293139 236214 2401
293139 236214 2401
293139 236214 2401
293139 236214 2401
293139 236214 2401
293139 236214 2401
293139 236214 2401
293139 236214 2401
293139 236214 2401
293139 236214 2401
246101 266117 2402
246101 266117 2402
246101 266117 2402
246101 266117 2402
246101 266117 2402
246101 266117 2402
246101 266117 2402
246101 266117 2402
246101 266117 2402
246101 266117 2402
246101 266117 2402
246101 266117 2402
285214 282897 2402
285214 282897 2402
285214 282897 2402
285214 282897 2402
285214 282897 2402
285214 282897 2402
285214 282897 2402
285214 282897 2402
285214 282897 2402
285214 282897 2402
285214 282897 2402
285214 282897 2402
289744 270401 2402
289744 270401 2402
289744 270401 2402
289744 270401 2402
289744 270401 2402
289744 270401 2402
289744 270401 2402
289744 270401 2402
289744 270401 2402
289744 270401 2402
289744 270401 2402
289744 270401 2402
199205 175929 2405
199205 175929 2405
199205 175929 2405
199205 175929 2405
199205 175929 2405
199205 175929 2405
199205 175929 2405
199205 175929 2405
199205 175929 2405
199205 175929 2405
199205 175929 2405
199205 175929 2405
10448 190783 2406
10448 190783 2406
10448 190783 2406
10448 190783 2406
10448 190783 2406
10448 190783 2406
10448 190783 2406
10448 190783 2406
10448 190783 2406
10448 190783 2406
10448 190783 2406
10448 190783 2406
238552 238637 2406
238552 238637 2406
238552 238637 2406
238552 238637 2406
238552 238637 2406
238552 238637 2406
238552 238637 2406
238552 238637 2406
238552 238637 2406
238552 238637 2406
238552 238637 2406
238552 238637 2406
227541 225646 2407
227541 225646 2407
227541 225646 2407
227541 225646 2407
227541 225646 2407
227541 225646 2407
227541 225646 2407
227541 225646 2407
227541 225646 2407
227541 225646 2407
227541 225646 2407
227541 225646 2407
231864 243706 2409
231864 243706 2409
231864 243706 2409
231864 243706 2409
231864 243706 2409
231864 243706 2409
231864 243706 2409
231864 243706 2409
231864 243706 2409
231864 243706 2409
231864 243706 2409
231864 243706 2409
289032 246154 2413
289032 246154 2413
289032 246154 2413
289032 246154 2413
289032 246154 2413
289032 246154 2413
289032 246154 2413
289032 246154 2413
289032 246154 2413
289032 246154 2413
289032 246154 2413
289032 246154 2413
246154 227033 2415
246154 227033 2415
246154 227033 2415
246154 227033 2415
246154 227033 2415
246154 227033 2415
246154 227033 2415
246154 227033 2415
246154 227033 2415
246154 227033 2415
246154 227033 2415
246154 227033 2415
285257 252698 2419
285257 252698 2419
285257 252698 2419
285257 252698 2419
285257 252698 2419
285257 252698 2419
285257 252698 2419
285257 252698 2419
285257 252698 2419
285257 252698 2419
285257 252698 2419
285257 252698 2419
19032 184196 2420
19032 184196 2420
19032 184196 2420
19032 184196 2420
19032 184196 2420
19032 184196 2420
19032 184196 2420
19032 184196 2420
19032 184196 2420
19032 184196 2420
19032 184196 2420
19032 184196 2420
19032 184196 2420
173814 242072 2421
173814 242072 2421
173814 242072 2421
173814 242072 2421
173814 242072 2421
173814 242072 2421
173814 242072 2421
173814 242072 2421
173814 242072 2421
173814 242072 2421
173814 242072 2421
173814 242072 2421
173814 242072 2421
235673 247522 2421
235673 247522 2421
235673 247522 2421
235673 247522 2421
235673 247522 2421
235673 247522 2421
235673 247522 2421
235673 247522 2421
235673 247522 2421
235673 247522 2421
235673 247522 2421
235673 247522 2421
227975 237325 2421
227975 237325 2421
227975 237325 2421
227975 237325 2421
227975 237325 2421
227975 237325 2421
227975 237325 2421
227975 237325 2421
227975 237325 2421
227975 237325 2421
227975 237325 2421
227975 237325 2421
227975 237325 2421
243706 236178 2422
243706 236178 2422
243706 236178 2422
243706 236178 2422
243706 236178 2422
243706 236178 2422
243706 236178 2422
243706 236178 2422
243706 236178 2422
243706 236178 2422
243706 236178 2422
243706 236178 2422
236483 189428 2422
236483 189428 2422
236483 189428 2422
236483 189428 2422
236483 189428 2422
236483 189428 2422
236483 189428 2422
236483 189428 2422
236483 189428 2422
236483 189428 2422
236483 189428 2422
236483 189428 2422
187716 10596 2423
187716 10596 2423
187716 10596 2423
187716 10596 2423
187716 10596 2423
187716 10596 2423
187716 10596 2423
187716 10596 2423
187716 10596 2423
187716 10596 2423
187716 10596 2423
187716 10596 2423
252670 284638 2429
252670 284638 2429
252670 284638 2429
252670 284638 2429
252670 284638 2429
252670 284638 2429
252670 284638 2429
252670 284638 2429
252670 284638 2429
252670 284638 2429
252670 284638 2429
252670 284638 2429
252670 284638 2429
188293 188472 2434
188293 188472 2434
188293 188472 2434
188293 188472 2434
188293 188472 2434
188293 188472 2434
188293 188472 2434
188293 188472 2434
188293 188472 2434
188293 188472 2434
188293 188472 2434
188293 188472 2434
188293 188472 2434
226476 233461 2434
226476 233461 2434
226476 233461 2434
226476 233461 2434
226476 233461 2434
226476 233461 2434
226476 233461 2434
226476 233461 2434
226476 233461 2434
226476 233461 2434
226476 233461 2434
226476 233461 2434
231417 228049 2440
231417 228049 2440
231417 228049 2440
231417 228049 2440
231417 228049 2440
231417 228049 2440
231417 228049 2440
231417 228049 2440
231417 228049 2440
231417 228049 2440
231417 228049 2440
231417 228049 2440
231417 228049 2440
177103 190781 2442
177103 190781 2442
177103 190781 2442
177103 190781 2442
177103 190781 2442
177103 190781 2442
177103 190781 2442
177103 190781 2442
177103 190781 2442
177103 190781 2442
177103 190781 2442
177103 190781 2442
243622 235965 2442
243622 235965 2442
243622 235965 2442
243622 235965 2442
243622 235965 2442
243622 235965 2442
243622 235965 2442
243622 235965 2442
243622 235965 2442
243622 235965 2442
243622 235965 2442
243622 235965 2442
193008 185762 2444
193008 185762 2444
193008 185762 2444
193008 185762 2444
193008 185762 2444
193008 185762 2444
193008 185762 2444
193008 185762 2444
193008 185762 2444
193008 185762 2444
193008 185762 2444
193008 185762 2444
193008 185762 2444
235974 226966 2445
235974 226966 2445
235974 226966 2445
235974 226966 2445
235974 226966 2445
235974 226966 2445
235974 226966 2445
235974 226966 2445
235974 226966 2445
235974 226966 2445
235974 226966 2445
235974 226966 2445
160293 193886 2445
160293 193886 2445
160293 193886 2445
160293 193886 2445
160293 193886 2445
160293 193886 2445
160293 193886 2445
160293 193886 2445
160293 193886 2445
160293 193886 2445
160293 193886 2445
160293 193886 2445
238699 232046 2448
238699 232046 2448
238699 232046 2448
238699 232046 2448
238699 232046 2448
238699 232046 2448
238699 232046 2448
238699 232046 2448
238699 232046 2448
238699 232046 2448
238699 232046 2448
238699 232046 2448
236836 190915 2451
236836 190915 2451
236836 190915 2451
236836 190915 2451
236836 190915 2451
236836 190915 2451
236836 190915 2451
236836 190915 2451
236836 190915 2451
236836 190915 2451
236836 190915 2451
236836 190915 2451
209547 195033 2453
209547 195033 2453
209547 195033 2453
209547 195033 2453
209547 195033 2453
209547 195033 2453
209547 195033 2453
209547 195033 2453
209547 195033 2453
209547 195033 2453
209547 195033 2453
209547 195033 2453
238216 238214 2454
238216 238214 2454
238216 238214 2454
238216 238214 2454
238216 238214 2454
238216 238214 2454
238216 238214 2454
238216 238214 2454
238216 238214 2454
238216 238214 2454
238216 238214 2454
238216 238214 2454
238216 238214 2454
235974 262387 2455
235974 262387 2455
235974 262387 2455
235974 262387 2455
235974 262387 2455
235974 262387 2455
235974 262387 2455
235974 262387 2455
235974 262387 2455
235974 262387 2455
235974 262387 2455
235974 262387 2455
248375 11791 2455
248375 11791 2455
248375 11791 2455
248375 11791 2455
248375 11791 2455
248375 11791 2455
248375 11791 2455
248375 11791 2455
248375 11791 2455
248375 11791 2455
248375 11791 2455
248375 11791 2455
160288 204219 2457
160288 204219 2457
160288 204219 2457
160288 204219 2457
160288 204219 2457
160288 204219 2457
160288 204219 2457
160288 204219 2457
160288 204219 2457
160288 204219 2457
160288 204219 2457
160288 204219 2457
160288 204219 2457
289620 266399 2458
289620 266399 2458
289620 266399 2458
289620 266399 2458
289620 266399 2458
289620 266399 2458
289620 266399 2458
289620 266399 2458
289620 266399 2458
289620 266399 2458
289620 266399 2458
289620 266399 2458
289620 266399 2458
124698 193096 2459
124698 193096 2459
124698 193096 2459
124698 193096 2459
124698 193096 2459
124698 193096 2459
124698 193096 2459
124698 193096 2459
124698 193096 2459
124698 193096 2459
124698 193096 2459
124698 193096 2459
124698 193096 2459
242161 228044 2463
242161 228044 2463
242161 228044 2463
242161 228044 2463
242161 228044 2463
242161 228044 2463
242161 228044 2463
242161 228044 2463
242161 228044 2463
242161 228044 2463
242161 228044 2463
242161 228044 2463
242161 228044 2463
230101 243556 2464
230101 243556 2464
230101 243556 2464
230101 243556 2464
230101 243556 2464
230101 243556 2464
230101 243556 2464
230101 243556 2464
230101 243556 2464
230101 243556 2464
230101 243556 2464
230101 243556 2464
230101 243556 2464
176500 160240 2467
176500 160240 2467
176500 160240 2467
176500 160240 2467
176500 160240 2467
176500 160240 2467
176500 160240 2467
176500 160240 2467
176500 160240 2467
176500 160240 2467
176500 160240 2467
176500 160240 2467
237335 184794 2468
237335 184794 2468
237335 184794 2468
237335 184794 2468
237335 184794 2468
237335 184794 2468
237335 184794 2468
237335 184794 2468
237335 184794 2468
237335 184794 2468
237335 184794 2468
237335 184794 2468
237335 184794 2468
243803 227720 2469
243803 227720 2469
243803 227720 2469
243803 227720 2469
243803 227720 2469
243803 227720 2469
243803 227720 2469
243803 227720 2469
243803 227720 2469
243803 227720 2469
243803 227720 2469
243803 227720 2469
243803 227720 2469
238214 11835 2469
238214 11835 2469
238214 11835 2469
238214 11835 2469
238214 11835 2469
238214 11835 2469
238214 11835 2469
238214 11835 2469
238214 11835 2469
238214 11835 2469
238214 11835 2469
238214 11835 2469
233584 191590 2471
233584 191590 2471
233584 191590 2471
233584 191590 2471
233584 191590 2471
233584 191590 2471
233584 191590 2471
233584 191590 2471
233584 191590 2471
233584 191590 2471
233584 191590 2471
233584 191590 2471
233584 191590 2471
190800 190921 2473
190800 190921 2473
190800 190921 2473
190800 190921 2473
190800 190921 2473
190800 190921 2473
190800 190921 2473
190800 190921 2473
190800 190921 2473
190800 190921 2473
190800 190921 2473
190800 190921 2473
225739 227020 2477
225739 227020 2477
225739 227020 2477
225739 227020 2477
225739 227020 2477
225739 227020 2477
225739 227020 2477
225739 227020 2477
225739 227020 2477
225739 227020 2477
225739 227020 2477
225739 227020 2477
225739 227020 2477
199825 199186 2479
199825 199186 2479
199825 199186 2479
199825 199186 2479
199825 199186 2479
199825 199186 2479
199825 199186 2479
199825 199186 2479
199825 199186 2479
199825 199186 2479
199825 199186 2479
199825 199186 2479
199825 199186 2479
235683 235674 2479
235683 235674 2479
235683 235674 2479
235683 235674 2479
235683 235674 2479
235683 235674 2479
235683 235674 2479
235683 235674 2479
235683 235674 2479
235683 235674 2479
235683 235674 2479
235683 235674 2479
235683 235674 2479
293377 286446 2479
293377 286446 2479
293377 286446 2479
293377 286446 2479
293377 286446 2479
293377 286446 2479
293377 286446 2479
293377 286446 2479
293377 286446 2479
293377 286446 2479
293377 286446 2479
293377 286446 2479
293377 286446 2479
227732 237852 2481
227732 237852 2481
227732 237852 2481
227732 237852 2481
227732 237852 2481
227732 237852 2481
227732 237852 2481
227732 237852 2481
227732 237852 2481
227732 237852 2481
227732 237852 2481
227732 237852 2481
227732 237852 2481
230665 226242 2483
230665 226242 2483
230665 226242 2483
230665 226242 2483
230665 226242 2483
230665 226242 2483
230665 226242 2483
230665 226242 2483
230665 226242 2483
230665 226242 2483
230665 226242 2483
230665 226242 2483
228107 265382 2484
228107 265382 2484
228107 265382 2484
228107 265382 2484
228107 265382 2484
228107 265382 2484
228107 265382 2484
228107 265382 2484
228107 265382 2484
228107 265382 2484
228107 265382 2484
228107 265382 2484
228107 265382 2484
243615 209191 2485
243615 209191 2485
243615 209191 2485
243615 209191 2485
243615 209191 2485
243615 209191 2485
243615 209191 2485
243615 209191 2485
243615 209191 2485
243615 209191 2485
243615 209191 2485
243615 209191 2485
285274 292102 2486
285274 292102 2486
285274 292102 2486
285274 292102 2486
285274 292102 2486
285274 292102 2486
285274 292102 2486
285274 292102 2486
285274 292102 2486
285274 292102 2486
285274 292102 2486
285274 292102 2486
285274 292102 2486
238631 200260 2487
238631 200260 2487
238631 200260 2487
238631 200260 2487
238631 200260 2487
238631 200260 2487
238631 200260 2487
238631 200260 2487
238631 200260 2487
238631 200260 2487
238631 200260 2487
238631 200260 2487
238631 200260 2487
239832 226764 2488
239832 226764 2488
239832 226764 2488
239832 226764 2488
239832 226764 2488
239832 226764 2488
239832 226764 2488
239832 226764 2488
239832 226764 2488
239832 226764 2488
239832 226764 2488
239832 226764 2488
239832 226764 2488
196158 237957 2489
196158 237957 2489
196158 237957 2489
196158 237957 2489
196158 237957 2489
196158 237957 2489
196158 237957 2489
196158 237957 2489
196158 237957 2489
196158 237957 2489
196158 237957 2489
196158 237957 2489
196158 237957 2489
201801 230208 2493
201801 230208 2493
201801 230208 2493
201801 230208 2493
201801 230208 2493
201801 230208 2493
201801 230208 2493
201801 230208 2493
201801 230208 2493
201801 230208 2493
201801 230208 2493
201801 230208 2493
201801 230208 2493
228709 243947 2497
228709 243947 2497
228709 243947 2497
228709 243947 2497
228709 243947 2497
228709 243947 2497
228709 243947 2497
228709 243947 2497
228709 243947 2497
228709 243947 2497
228709 243947 2497
228709 243947 2497
228709 243947 2497
208315 196308 2502
208315 196308 2502
208315 196308 2502
208315 196308 2502
208315 196308 2502
208315 196308 2502
208315 196308 2502
208315 196308 2502
208315 196308 2502
208315 196308 2502
208315 196308 2502
208315 196308 2502
208315 196308 2502
226769 229857 2502
226769 229857 2502
226769 229857 2502
226769 229857 2502
226769 229857 2502
226769 229857 2502
226769 229857 2502
226769 229857 2502
226769 229857 2502
226769 229857 2502
226769 229857 2502
226769 229857 2502
226769 229857 2502
208315 153025 2516
208315 153025 2516
208315 153025 2516
208315 153025 2516
208315 153025 2516
208315 153025 2516
208315 153025 2516
208315 153025 2516
208315 153025 2516
208315 153025 2516
208315 153025 2516
208315 153025 2516
208315 153025 2516
232537 231260 2518
232537 231260 2518
232537 231260 2518
232537 231260 2518
232537 231260 2518
232537 231260 2518
232537 231260 2518
232537 231260 2518
232537 231260 2518
232537 231260 2518
232537 231260 2518
232537 231260 2518
232537 231260 2518
285121 245982 2518
285121 245982 2518
285121 245982 2518
285121 245982 2518
285121 245982 2518
285121 245982 2518
285121 245982 2518
285121 245982 2518
285121 245982 2518
285121 245982 2518
285121 245982 2518
285121 245982 2518
285121 245982 2518
294595 246084 2526
294595 246084 2526
294595 246084 2526
294595 246084 2526
294595 246084 2526
294595 246084 2526
294595 246084 2526
294595 246084 2526
294595 246084 2526
294595 246084 2526
294595 246084 2526
294595 246084 2526
240623 290211 2528
240623 290211 2528
240623 290211 2528
240623 290211 2528
240623 290211 2528
240623 290211 2528
240623 290211 2528
240623 290211 2528
240623 290211 2528
240623 290211 2528
240623 290211 2528
240623 290211 2528
240623 290211 2528
203370 155156 2533
203370 155156 2533
203370 155156 2533
203370 155156 2533
203370 155156 2533
203370 155156 2533
203370 155156 2533
203370 155156 2533
203370 155156 2533
203370 155156 2533
203370 155156 2533
203370 155156 2533
226433 246044 2533
226433 246044 2533
226433 246044 2533
226433 246044 2533
226433 246044 2533
226433 246044 2533
226433 246044 2533
226433 246044 2533
226433 246044 2533
226433 246044 2533
226433 246044 2533
226433 246044 2533
227017 283400 2539
227017 283400 2539
227017 283400 2539
227017 283400 2539
227017 283400 2539
227017 283400 2539
227017 283400 2539
227017 283400 2539
227017 283400 2539
227017 283400 2539
227017 283400 2539
227017 283400 2539
227017 283400 2539
245982 14814 2553
245982 14814 2553
245982 14814 2553
245982 14814 2553
245982 14814 2553
245982 14814 2553
245982 14814 2553
245982 14814 2553
245982 14814 2553
245982 14814 2553
245982 14814 2553
245982 14814 2553
285168 268963 2559
285168 268963 2559
285168 268963 2559
285168 268963 2559
285168 268963 2559
285168 268963 2559
285168 268963 2559
285168 268963 2559
285168 268963 2559
285168 268963 2559
285168 268963 2559
285168 268963 2559
285281 226977 2573
285281 226977 2573
285281 226977 2573
285281 226977 2573
285281 226977 2573
285281 226977 2573
285281 226977 2573
285281 226977 2573
285281 226977 2573
285281 226977 2573
285281 226977 2573
285281 226977 2573
285281 226977 2573
285274 234243 2573
285274 234243 2573
285274 234243 2573
285274 234243 2573
285274 234243 2573
285274 234243 2573
285274 234243 2573
285274 234243 2573
285274 234243 2573
285274 234243 2573
285274 234243 2573
285274 234243 2573
230159 228466 2581
230159 228466 2581
230159 228466 2581
230159 228466 2581
230159 228466 2581
230159 228466 2581
230159 228466 2581
230159 228466 2581
230159 228466 2581
230159 228466 2581
230159 228466 2581
230159 228466 2581
232049 225957 2582
232049 225957 2582
232049 225957 2582
232049 225957 2582
232049 225957 2582
232049 225957 2582
232049 225957 2582
232049 225957 2582
232049 225957 2582
232049 225957 2582
232049 225957 2582
232049 225957 2582
240011 252695 2584
240011 252695 2584
240011 252695 2584
240011 252695 2584
240011 252695 2584
240011 252695 2584
240011 252695 2584
240011 252695 2584
240011 252695 2584
240011 252695 2584
240011 252695 2584
240011 252695 2584
240011 252695 2584
10217 252695 2586
10217 252695 2586
10217 252695 2586
10217 252695 2586
10217 252695 2586
10217 252695 2586
10217 252695 2586
10217 252695 2586
10217 252695 2586
10217 252695 2586
10217 252695 2586
10217 252695 2586
232920 237965 2591
232920 237965 2591
232920 237965 2591
232920 237965 2591
232920 237965 2591
232920 237965 2591
232920 237965 2591
232920 237965 2591
232920 237965 2591
232920 237965 2591
232920 237965 2591
232920 237965 2591
295184 285288 2593
295184 285288 2593
295184 285288 2593
295184 285288 2593
295184 285288 2593
295184 285288 2593
295184 285288 2593
295184 285288 2593
295184 285288 2593
295184 285288 2593
295184 285288 2593
295184 285288 2593
295184 285288 2593
228466 236603 2593
228466 236603 2593
228466 236603 2593
228466 236603 2593
228466 236603 2593
228466 236603 2593
228466 236603 2593
228466 236603 2593
228466 236603 2593
228466 236603 2593
228466 236603 2593
228466 236603 2593
228466 236603 2593
191601 230208 2610
191601 230208 2610
191601 230208 2610
191601 230208 2610
191601 230208 2610
191601 230208 2610
191601 230208 2610
191601 230208 2610
191601 230208 2610
191601 230208 2610
191601 230208 2610
191601 230208 2610
230208 227540 2612
230208 227540 2612
230208 227540 2612
230208 227540 2612
230208 227540 2612
230208 227540 2612
230208 227540 2612
230208 227540 2612
230208 227540 2612
230208 227540 2612
230208 227540 2612
230208 227540 2612
191671 194387 2622
191671 194387 2622
191671 194387 2622
191671 194387 2622
191671 194387 2622
191671 194387 2622
191671 194387 2622
191671 194387 2622
191671 194387 2622
191671 194387 2622
191671 194387 2622
191671 194387 2622
191671 194387 2622
228107 243524 2622
228107 243524 2622
228107 243524 2622
228107 243524 2622
228107 243524 2622
228107 243524 2622
228107 243524 2622
228107 243524 2622
228107 243524 2622
228107 243524 2622
228107 243524 2622
228107 243524 2622
228107 243524 2622
262498 286726 2626
262498 286726 2626
262498 286726 2626
262498 286726 2626
262498 286726 2626
262498 286726 2626
262498 286726 2626
262498 286726 2626
262498 286726 2626
262498 286726 2626
262498 286726 2626
262498 286726 2626
262498 286726 2626
288543 295691 2631
288543 295691 2631
288543 295691 2631
288543 295691 2631
288543 295691 2631
288543 295691 2631
288543 295691 2631
288543 295691 2631
288543 295691 2631
288543 295691 2631
288543 295691 2631
288543 295691 2631
235996 237843 2636
235996 237843 2636
235996 237843 2636
235996 237843 2636
235996 237843 2636
235996 237843 2636
235996 237843 2636
235996 237843 2636
235996 237843 2636
235996 237843 2636
235996 237843 2636
235996 237843 2636
235996 237843 2636
232030 231019 2645
232030 231019 2645
232030 231019 2645
232030 231019 2645
232030 231019 2645
232030 231019 2645
232030 231019 2645
232030 231019 2645
232030 231019 2645
232030 231019 2645
232030 231019 2645
232030 231019 2645
232030 231019 2645
196119 195018 2651
196119 195018 2651
196119 195018 2651
196119 195018 2651
196119 195018 2651
196119 195018 2651
196119 195018 2651
196119 195018 2651
196119 195018 2651
196119 195018 2651
196119 195018 2651
196119 195018 2651
236141 227262 2651
236141 227262 2651
236141 227262 2651
236141 227262 2651
236141 227262 2651
236141 227262 2651
236141 227262 2651
236141 227262 2651
236141 227262 2651
236141 227262 2651
236141 227262 2651
236141 227262 2651
236141 227262 2651
286194 248403 2666
286194 248403 2666
286194 248403 2666
286194 248403 2666
286194 248403 2666
286194 248403 2666
286194 248403 2666
286194 248403 2666
286194 248403 2666
286194 248403 2666
286194 248403 2666
286194 248403 2666
242036 236065 2677
242036 236065 2677
242036 236065 2677
242036 236065 2677
242036 236065 2677
242036 236065 2677
242036 236065 2677
242036 236065 2677
242036 236065 2677
242036 236065 2677
242036 236065 2677
242036 236065 2677
242036 236065 2677
199166 198600 2677
199166 198600 2677
199166 198600 2677
199166 198600 2677
199166 198600 2677
199166 198600 2677
199166 198600 2677
199166 198600 2677
199166 198600 2677
199166 198600 2677
199166 198600 2677
199166 198600 2677
289541 288656 2711
289541 288656 2711
289541 288656 2711
289541 288656 2711
289541 288656 2711
289541 288656 2711
289541 288656 2711
289541 288656 2711
289541 288656 2711
289541 288656 2711
289541 288656 2711
289541 288656 2711
265481 153303 2735
265481 153303 2735
265481 153303 2735
265481 153303 2735
265481 153303 2735
265481 153303 2735
265481 153303 2735
265481 153303 2735
265481 153303 2735
265481 153303 2735
265481 153303 2735
265481 153303 2735
227319 236554 2754
227319 236554 2754
227319 236554 2754
227319 236554 2754
227319 236554 2754
227319 236554 2754
227319 236554 2754
227319 236554 2754
227319 236554 2754
227319 236554 2754
227319 236554 2754
227319 236554 2754
238228 238741 2779
238228 238741 2779
238228 238741 2779
238228 238741 2779
238228 238741 2779
238228 238741 2779
238228 238741 2779
238228 238741 2779
238228 238741 2779
238228 238741 2779
238228 238741 2779
238228 238741 2779
238228 238741 2779
186752 183754 2800
186752 183754 2800
186752 183754 2800
186752 183754 2800
186752 183754 2800
186752 183754 2800
186752 183754 2800
186752 183754 2800
186752 183754 2800
186752 183754 2800
186752 183754 2800
186752 183754 2800
186752 183754 2800
250690 272551 2837
250690 272551 2837
250690 272551 2837
250690 272551 2837
250690 272551 2837
250690 272551 2837
250690 272551 2837
250690 272551 2837
250690 272551 2837
250690 272551 2837
250690 272551 2837
250690 272551 2837
235942 176272 2838
235942 176272 2838
235942 176272 2838
235942 176272 2838
235942 176272 2838
235942 176272 2838
235942 176272 2838
235942 176272 2838
235942 176272 2838
235942 176272 2838
235942 176272 2838
235942 176272 2838
250690 272551 2840
250690 272551 2840
250690 272551 2840
250690 272551 2840
250690 272551 2840
250690 272551 2840
250690 272551 2840
250690 272551 2840
250690 272551 2840
250690 272551 2840
250690 272551 2840
250690 272551 2840
250690 272551 2840
246993 285470 2848
246993 285470 2848
246993 285470 2848
246993 285470 2848
246993 285470 2848
246993 285470 2848
246993 285470 2848
246993 285470 2848
246993 285470 2848
246993 285470 2848
246993 285470 2848
246993 285470 2848
230681 236157 2849
230681 236157 2849
230681 236157 2849
230681 236157 2849
230681 236157 2849
230681 236157 2849
230681 236157 2849
230681 236157 2849
230681 236157 2849
230681 236157 2849
230681 236157 2849
230681 236157 2849
230681 236157 2849
240629 232030 2850
240629 232030 2850
240629 232030 2850
240629 232030 2850
240629 232030 2850
240629 232030 2850
240629 232030 2850
240629 232030 2850
240629 232030 2850
240629 232030 2850
240629 232030 2850
240629 232030 2850
240629 232030 2850
293112 289032 2850
293112 289032 2850
293112 289032 2850
293112 289032 2850
293112 289032 2850
293112 289032 2850
293112 289032 2850
293112 289032 2850
293112 289032 2850
293112 289032 2850
293112 289032 2850
293112 289032 2850
293112 289032 2850
184801 184772 2857
184801 184772 2857
184801 184772 2857
184801 184772 2857
184801 184772 2857
184801 184772 2857
184801 184772 2857
184801 184772 2857
184801 184772 2857
184801 184772 2857
184801 184772 2857
184801 184772 2857
184801 184772 2857
230689 235966 2860
230689 235966 2860
230689 235966 2860
230689 235966 2860
230689 235966 2860
230689 235966 2860
230689 235966 2860
230689 235966 2860
230689 235966 2860
230689 235966 2860
230689 235966 2860
230689 235966 2860
236884 268394 2863
236884 268394 2863
236884 268394 2863
236884 268394 2863
236884 268394 2863
236884 268394 2863
236884 268394 2863
236884 268394 2863
236884 268394 2863
236884 268394 2863
236884 268394 2863
236884 268394 2863
236884 268394 2863
235966 289012 2870
235966 289012 2870
235966 289012 2870
235966 289012 2870
235966 289012 2870
235966 289012 2870
235966 289012 2870
235966 289012 2870
235966 289012 2870
235966 289012 2870
235966 289012 2870
235966 289012 2870
235966 289012 2870
292550 250687 2872
292550 250687 2872
292550 250687 2872
292550 250687 2872
292550 250687 2872
292550 250687 2872
292550 250687 2872
292550 250687 2872
292550 250687 2872
292550 250687 2872
292550 250687 2872
292550 250687 2872
10933 236083 2883
10933 236083 2883
10933 236083 2883
10933 236083 2883
10933 236083 2883
10933 236083 2883
10933 236083 2883
10933 236083 2883
10933 236083 2883
10933 236083 2883
10933 236083 2883
10933 236083 2883
10933 236083 2883
176272 236105 2886
176272 236105 2886
176272 236105 2886
176272 236105 2886
176272 236105 2886
176272 236105 2886
176272 236105 2886
176272 236105 2886
176272 236105 2886
176272 236105 2886
176272 236105 2886
176272 236105 2886
176272 236105 2886
236876 236925 2889
236876 236925 2889
236876 236925 2889
236876 236925 2889
236876 236925 2889
236876 236925 2889
236876 236925 2889
236876 236925 2889
236876 236925 2889
236876 236925 2889
236876 236925 2889
236876 236925 2889
237846 198593 2894
237846 198593 2894
237846 198593 2894
237846 198593 2894
237846 198593 2894
237846 198593 2894
237846 198593 2894
237846 198593 2894
237846 198593 2894
237846 198593 2894
237846 198593 2894
237846 198593 2894
237846 198593 2894
295133 284502 2896
295133 284502 2896
295133 284502 2896
295133 284502 2896
295133 284502 2896
295133 284502 2896
295133 284502 2896
295133 284502 2896
295133 284502 2896
295133 284502 2896
295133 284502 2896
295133 284502 2896
295133 284502 2896
285470 227720 2897
285470 227720 2897
285470 227720 2897
285470 227720 2897
285470 227720 2897
285470 227720 2897
285470 227720 2897
285470 227720 2897
285470 227720 2897
285470 227720 2897
285470 227720 2897
285470 227720 2897
199517 195511 2900
199517 195511 2900
199517 195511 2900
199517 195511 2900
199517 195511 2900
199517 195511 2900
199517 195511 2900
199517 195511 2900
199517 195511 2900
199517 195511 2900
199517 195511 2900
199517 195511 2900
199517 195511 2900
190790 192985 2900
190790 192985 2900
190790 192985 2900
190790 192985 2900
190790 192985 2900
190790 192985 2900
190790 192985 2900
190790 192985 2900
190790 192985 2900
190790 192985 2900
190790 192985 2900
190790 192985 2900
195511 195237 2902
195511 195237 2902
195511 195237 2902
195511 195237 2902
195511 195237 2902
195511 195237 2902
195511 195237 2902
195511 195237 2902
195511 195237 2902
195511 195237 2902
195511 195237 2902
195511 195237 2902
195511 195237 2902
296059 250672 2902
296059 250672 2902
296059 250672 2902
296059 250672 2902
296059 250672 2902
296059 250672 2902
296059 250672 2902
296059 250672 2902
296059 250672 2902
296059 250672 2902
296059 250672 2902
296059 250672 2902
236105 186904 2904
236105 186904 2904
236105 186904 2904
236105 186904 2904
236105 186904 2904
236105 186904 2904
236105 186904 2904
236105 186904 2904
236105 186904 2904
236105 186904 2904
236105 186904 2904
236105 186904 2904
236105 186904 2904
245993 250604 2906
245993 250604 2906
245993 250604 2906
245993 250604 2906
245993 250604 2906
245993 250604 2906
245993 250604 2906
245993 250604 2906
245993 250604 2906
245993 250604 2906
245993 250604 2906
245993 250604 2906
245993 250604 2906
296039 245976 2906
296039 245976 2906
296039 245976 2906
296039 245976 2906
296039 245976 2906
296039 245976 2906
296039 245976 2906
296039 245976 2906
296039 245976 2906
296039 245976 2906
296039 245976 2906
296039 245976 2906
295998 250672 2907
295998 250672 2907
295998 250672 2907
295998 250672 2907
295998 250672 2907
295998 250672 2907
295998 250672 2907
295998 250672 2907
295998 250672 2907
295998 250672 2907
295998 250672 2907
295998 250672 2907
208315 190900 2908
208315 190900 2908
208315 190900 2908
208315 190900 2908
208315 190900 2908
208315 190900 2908
208315 190900 2908
208315 190900 2908
208315 190900 2908
208315 190900 2908
208315 190900 2908
208315 190900 2908
232719 235013 2908
232719 235013 2908
232719 235013 2908
232719 235013 2908
232719 235013 2908
232719 235013 2908
232719 235013 2908
232719 235013 2908
232719 235013 2908
232719 235013 2908
232719 235013 2908
232719 235013 2908
239179 227020 2910
239179 227020 2910
239179 227020 2910
239179 227020 2910
239179 227020 2910
239179 227020 2910
239179 227020 2910
239179 227020 2910
239179 227020 2910
239179 227020 2910
239179 227020 2910
239179 227020 2910
231864 251943 2912
231864 251943 2912
231864 251943 2912
231864 251943 2912
231864 251943 2912
231864 251943 2912
231864 251943 2912
231864 251943 2912
231864 251943 2912
231864 251943 2912
231864 251943 2912
231864 251943 2912
235134 238627 2914
235134 238627 2914
235134 238627 2914
235134 238627 2914
235134 238627 2914
235134 238627 2914
235134 238627 2914
235134 238627 2914
235134 238627 2914
235134 238627 2914
235134 238627 2914
235134 238627 2914
293065 250571 2915
293065 250571 2915
293065 250571 2915
293065 250571 2915
293065 250571 2915
293065 250571 2915
293065 250571 2915
293065 250571 2915
293065 250571 2915
293065 250571 2915
293065 250571 2915
293065 250571 2915
293645 241489 2920
293645 241489 2920
293645 241489 2920
293645 241489 2920
293645 241489 2920
293645 241489 2920
293645 241489 2920
293645 241489 2920
293645 241489 2920
293645 241489 2920
293645 241489 2920
293645 241489 2920
293645 241489 2920
215701 291453 2920
215701 291453 2920
215701 291453 2920
215701 291453 2920
215701 291453 2920
215701 291453 2920
215701 291453 2920
215701 291453 2920
215701 291453 2920
215701 291453 2920
215701 291453 2920
215701 291453 2920
241489 232707 2924
241489 232707 2924
241489 232707 2924
241489 232707 2924
241489 232707 2924
241489 232707 2924
241489 232707 2924
241489 232707 2924
241489 232707 2924
241489 232707 2924
241489 232707 2924
241489 232707 2924
226483 237851 2924
226483 237851 2924
226483 237851 2924
226483 237851 2924
226483 237851 2924
226483 237851 2924
226483 237851 2924
226483 237851 2924
226483 237851 2924
226483 237851 2924
226483 237851 2924
226483 237851 2924
226483 237851 2924
227547 232705 2926
227547 232705 2926
227547 232705 2926
227547 232705 2926
227547 232705 2926
227547 232705 2926
227547 232705 2926
227547 232705 2926
227547 232705 2926
227547 232705 2926
227547 232705 2926
227547 232705 2926
227547 232705 2926
282551 283400 2926
282551 283400 2926
282551 283400 2926
282551 283400 2926
282551 283400 2926
282551 283400 2926
282551 283400 2926
282551 283400 2926
282551 283400 2926
282551 283400 2926
282551 283400 2926
282551 283400 2926
282551 283400 2926
126484 237852 2929
126484 237852 2929
126484 237852 2929
126484 237852 2929
126484 237852 2929
126484 237852 2929
126484 237852 2929
126484 237852 2929
126484 237852 2929
126484 237852 2929
126484 237852 2929
126484 237852 2929
230956 226437 2930
230956 226437 2930
230956 226437 2930
230956 226437 2930
230956 226437 2930
230956 226437 2930
230956 226437 2930
230956 226437 2930
230956 226437 2930
230956 226437 2930
230956 226437 2930
230956 226437 2930
190973 193064 2930
190973 193064 2930
190973 193064 2930
190973 193064 2930
190973 193064 2930
190973 193064 2930
190973 193064 2930
190973 193064 2930
190973 193064 2930
190973 193064 2930
190973 193064 2930
190973 193064 2930
190973 193064 2930
256663 293065 2932
256663 293065 2932
256663 293065 2932
256663 293065 2932
256663 293065 2932
256663 293065 2932
256663 293065 2932
256663 293065 2932
256663 293065 2932
256663 293065 2932
256663 293065 2932
256663 293065 2932
256663 293065 2932
227723 296708 2941
227723 296708 2941
227723 296708 2941
227723 296708 2941
227723 296708 2941
227723 296708 2941
227723 296708 2941
227723 296708 2941
227723 296708 2941
227723 296708 2941
227723 296708 2941
227723 296708 2941
243556 250690 2942
243556 250690 2942
243556 250690 2942
243556 250690 2942
243556 250690 2942
243556 250690 2942
243556 250690 2942
243556 250690 2942
243556 250690 2942
243556 250690 2942
243556 250690 2942
243556 250690 2942
243556 250690 2942
190783 190740 2943
190783 190740 2943
190783 190740 2943
190783 190740 2943
190783 190740 2943
190783 190740 2943
190783 190740 2943
190783 190740 2943
190783 190740 2943
190783 190740 2943
190783 190740 2943
190783 190740 2943
292432 284208 2949
292432 284208 2949
292432 284208 2949
292432 284208 2949
292432 284208 2949
292432 284208 2949
292432 284208 2949
292432 284208 2949
292432 284208 2949
292432 284208 2949
292432 284208 2949
292432 284208 2949
292432 284208 2949
246044 284631 2950
246044 284631 2950
246044 284631 2950
246044 284631 2950
246044 284631 2950
246044 284631 2950
246044 284631 2950
246044 284631 2950
246044 284631 2950
246044 284631 2950
246044 284631 2950
246044 284631 2950
246044 284631 2950
238214 239832 2951
238214 239832 2951
238214 239832 2951
238214 239832 2951
238214 239832 2951
238214 239832 2951
238214 239832 2951
238214 239832 2951
238214 239832 2951
238214 239832 2951
238214 239832 2951
238214 239832 2951
238214 239832 2951
186765 193101 2954
186765 193101 2954
186765 193101 2954
186765 193101 2954
186765 193101 2954
186765 193101 2954
186765 193101 2954
186765 193101 2954
186765 193101 2954
186765 193101 2954
186765 193101 2954
186765 193101 2954
235683 236995 2956
235683 236995 2956
235683 236995 2956
235683 236995 2956
235683 236995 2956
235683 236995 2956
235683 236995 2956
235683 236995 2956
235683 236995 2956
235683 236995 2956
235683 236995 2956
235683 236995 2956
235683 236995 2956
232694 232719 2957
232694 232719 2957
232694 232719 2957
232694 232719 2957
232694 232719 2957
232694 232719 2957
232694 232719 2957
232694 232719 2957
232694 232719 2957
232694 232719 2957
232694 232719 2957
232694 232719 2957
242161 236150 2959
242161 236150 2959
242161 236150 2959
242161 236150 2959
242161 236150 2959
242161 236150 2959
242161 236150 2959
242161 236150 2959
242161 236150 2959
242161 236150 2959
242161 236150 2959
242161 236150 2959
242161 236150 2959
160237 190915 2960
160237 190915 2960
160237 190915 2960
160237 190915 2960
160237 190915 2960
160237 190915 2960
160237 190915 2960
160237 190915 2960
160237 190915 2960
160237 190915 2960
160237 190915 2960
160237 190915 2960
160237 190915 2960
190915 193607 2965
190915 193607 2965
190915 193607 2965
190915 193607 2965
190915 193607 2965
190915 193607 2965
190915 193607 2965
190915 193607 2965
190915 193607 2965
190915 193607 2965
190915 193607 2965
190915 193607 2965
195012 186762 2965
195012 186762 2965
195012 186762 2965
195012 186762 2965
195012 186762 2965
195012 186762 2965
195012 186762 2965
195012 186762 2965
195012 186762 2965
195012 186762 2965
195012 186762 2965
195012 186762 2965
195012 186762 2965
236105 236447 2965
236105 236447 2965
236105 236447 2965
236105 236447 2965
236105 236447 2965
236105 236447 2965
236105 236447 2965
236105 236447 2965
236105 236447 2965
236105 236447 2965
236105 236447 2965
236105 236447 2965
236105 236447 2965
242084 267922 2965
242084 267922 2965
242084 267922 2965
242084 267922 2965
242084 267922 2965
242084 267922 2965
242084 267922 2965
242084 267922 2965
242084 267922 2965
242084 267922 2965
242084 267922 2965
242084 267922 2965
242084 267922 2965
285375 240866 2967
285375 240866 2967
285375 240866 2967
285375 240866 2967
285375 240866 2967
285375 240866 2967
285375 240866 2967
285375 240866 2967
285375 240866 2967
285375 240866 2967
285375 240866 2967
285375 240866 2967
285375 240866 2967
228024 227540 2970
228024 227540 2970
228024 227540 2970
228024 227540 2970
228024 227540 2970
228024 227540 2970
228024 227540 2970
228024 227540 2970
228024 227540 2970
228024 227540 2970
228024 227540 2970
228024 227540 2970
228024 227540 2970
226433 236445 2974
226433 236445 2974
226433 236445 2974
226433 236445 2974
226433 236445 2974
226433 236445 2974
226433 236445 2974
226433 236445 2974
226433 236445 2974
226433 236445 2974
226433 236445 2974
226433 236445 2974
226433 236445 2974
228394 228456 2981
228394 228456 2981
228394 228456 2981
228394 228456 2981
228394 228456 2981
228394 228456 2981
228394 228456 2981
228394 228456 2981
228394 228456 2981
228394 228456 2981
228394 228456 2981
228394 228456 2981
228394 228456 2981
268850 184803 2988
268850 184803 2988
268850 184803 2988
268850 184803 2988
268850 184803 2988
268850 184803 2988
268850 184803 2988
268850 184803 2988
268850 184803 2988
268850 184803 2988
268850 184803 2988
268850 184803 2988
245995 292034 2989
245995 292034 2989
245995 292034 2989
245995 292034 2989
245995 292034 2989
245995 292034 2989
245995 292034 2989
245995 292034 2989
245995 292034 2989
245995 292034 2989
245995 292034 2989
245995 292034 2989
245995 292034 2989
284206 284631 2994
284206 284631 2994
284206 284631 2994
284206 284631 2994
284206 284631 2994
284206 284631 2994
284206 284631 2994
284206 284631 2994
284206 284631 2994
284206 284631 2994
284206 284631 2994
284206 284631 2994
232898 242072 2995
232898 242072 2995
232898 242072 2995
232898 242072 2995
232898 242072 2995
232898 242072 2995
232898 242072 2995
232898 242072 2995
232898 242072 2995
232898 242072 2995
232898 242072 2995
232898 242072 2995
232898 242072 2995
226653 231025 2996
226653 231025 2996
226653 231025 2996
226653 231025 2996
226653 231025 2996
226653 231025 2996
226653 231025 2996
226653 231025 2996
226653 231025 2996
226653 231025 2996
226653 231025 2996
226653 231025 2996
226653 231025 2996
14781 208217 2997
14781 208217 2997
14781 208217 2997
14781 208217 2997
14781 208217 2997
14781 208217 2997
14781 208217 2997
14781 208217 2997
14781 208217 2997
14781 208217 2997
14781 208217 2997
14781 208217 2997
14781 208217 2997
283089 296129 2998
283089 296129 2998
283089 296129 2998
283089 296129 2998
283089 296129 2998
283089 296129 2998
283089 296129 2998
283089 296129 2998
283089 296129 2998
283089 296129 2998
283089 296129 2998
283089 296129 2998
151141 294547 2999
151141 294547 2999
151141 294547 2999
151141 294547 2999
151141 294547 2999
151141 294547 2999
151141 294547 2999
151141 294547 2999
151141 294547 2999
151141 294547 2999
151141 294547 2999
151141 294547 2999
251933 236508 3001
251933 236508 3001
251933 236508 3001
251933 236508 3001
251933 236508 3001
251933 236508 3001
251933 236508 3001
251933 236508 3001
251933 236508 3001
251933 236508 3001
251933 236508 3001
251933 236508 3001
126483 124698 3002
126483 124698 3002
126483 124698 3002
126483 124698 3002
126483 124698 3002
126483 124698 3002
126483 124698 3002
126483 124698 3002
126483 124698 3002
126483 124698 3002
126483 124698 3002
126483 124698 3002
236508 240597 3003
236508 240597 3003
236508 240597 3003
236508 240597 3003
236508 240597 3003
236508 240597 3003
236508 240597 3003
236508 240597 3003
236508 240597 3003
236508 240597 3003
236508 240597 3003
236508 240597 3003
238214 14813 3009
238214 14813 3009
238214 14813 3009
238214 14813 3009
238214 14813 3009
238214 14813 3009
238214 14813 3009
238214 14813 3009
238214 14813 3009
238214 14813 3009
238214 14813 3009
238214 14813 3009
238214 14813 3009
230957 226997 3010
230957 226997 3010
230957 226997 3010
230957 226997 3010
230957 226997 3010
230957 226997 3010
230957 226997 3010
230957 226997 3010
230957 226997 3010
230957 226997 3010
230957 226997 3010
230957 226997 3010
14813 246101 3011
14813 246101 3011
14813 246101 3011
14813 246101 3011
14813 246101 3011
14813 246101 3011
14813 246101 3011
14813 246101 3011
14813 246101 3011
14813 246101 3011
14813 246101 3011
14813 246101 3011
14813 246101 3011
11156 246055 3013
11156 246055 3013
11156 246055 3013
11156 246055 3013
11156 246055 3013
11156 246055 3013
11156 246055 3013
11156 246055 3013
11156 246055 3013
11156 246055 3013
11156 246055 3013
11156 246055 3013
11156 246055 3013
290810 226969 3020
290810 226969 3020
290810 226969 3020
290810 226969 3020
290810 226969 3020
290810 226969 3020
290810 226969 3020
290810 226969 3020
290810 226969 3020
290810 226969 3020
290810 226969 3020
290810 226969 3020
290810 226969 3020
250690 296708 3024
250690 296708 3024
250690 296708 3024
250690 296708 3024
250690 296708 3024
250690 296708 3024
250690 296708 3024
250690 296708 3024
250690 296708 3024
250690 296708 3024
250690 296708 3024
250690 296708 3024
250690 296708 3024
232372 252025 3024
232372 252025 3024
232372 252025 3024
232372 252025 3024
232372 252025 3024
232372 252025 3024
232372 252025 3024
232372 252025 3024
232372 252025 3024
232372 252025 3024
232372 252025 3024
232372 252025 3024
242036 227723 3026
242036 227723 3026
242036 227723 3026
242036 227723 3026
242036 227723 3026
242036 227723 3026
242036 227723 3026
242036 227723 3026
242036 227723 3026
242036 227723 3026
242036 227723 3026
242036 227723 3026
235796 292432 3028
235796 292432 3028
235796 292432 3028
235796 292432 3028
235796 292432 3028
235796 292432 3028
235796 292432 3028
235796 292432 3028
235796 292432 3028
235796 292432 3028
235796 292432 3028
235796 292432 3028
236835 236400 3029
236835 236400 3029
236835 236400 3029
236835 236400 3029
236835 236400 3029
236835 236400 3029
236835 236400 3029
236835 236400 3029
236835 236400 3029
236835 236400 3029
236835 236400 3029
236835 236400 3029
195495 174912 3032
195495 174912 3032
195495 174912 3032
195495 174912 3032
195495 174912 3032
195495 174912 3032
195495 174912 3032
195495 174912 3032
195495 174912 3032
195495 174912 3032
195495 174912 3032
195495 174912 3032
195495 174912 3032
248389 245976 3032
248389 245976 3032
248389 245976 3032
248389 245976 3032
248389 245976 3032
248389 245976 3032
248389 245976 3032
248389 245976 3032
248389 245976 3032
248389 245976 3032
248389 245976 3032
248389 245976 3032
194427 160289 3033
194427 160289 3033
194427 160289 3033
194427 160289 3033
194427 160289 3033
194427 160289 3033
194427 160289 3033
194427 160289 3033
194427 160289 3033
194427 160289 3033
194427 160289 3033
194427 160289 3033
228142 226236 3033
228142 226236 3033
228142 226236 3033
228142 226236 3033
228142 226236 3033
228142 226236 3033
228142 226236 3033
228142 226236 3033
228142 226236 3033
228142 226236 3033
228142 226236 3033
228142 226236 3033
228142 226236 3033
235013 232694 3034
235013 232694 3034
235013 232694 3034
235013 232694 3034
235013 232694 3034
235013 232694 3034
235013 232694 3034
235013 232694 3034
235013 232694 3034
235013 232694 3034
235013 232694 3034
235013 232694 3034
274406 250672 3037
274406 250672 3037
274406 250672 3037
274406 250672 3037
274406 250672 3037
274406 250672 3037
274406 250672 3037
274406 250672 3037
274406 250672 3037
274406 250672 3037
274406 250672 3037
274406 250672 3037
231245 236178 3037
231245 236178 3037
231245 236178 3037
231245 236178 3037
231245 236178 3037
231245 236178 3037
231245 236178 3037
231245 236178 3037
231245 236178 3037
231245 236178 3037
231245 236178 3037
231245 236178 3037
233629 236682 3039
233629 236682 3039
233629 236682 3039
233629 236682 3039
233629 236682 3039
233629 236682 3039
233629 236682 3039
233629 236682 3039
233629 236682 3039
233629 236682 3039
233629 236682 3039
233629 236682 3039
233629 236682 3039
238214 296545 3040
238214 296545 3040
238214 296545 3040
238214 296545 3040
238214 296545 3040
238214 296545 3040
238214 296545 3040
238214 296545 3040
238214 296545 3040
238214 296545 3040
238214 296545 3040
238214 296545 3040
225653 236589 3041
225653 236589 3041
225653 236589 3041
225653 236589 3041
225653 236589 3041
225653 236589 3041
225653 236589 3041
225653 236589 3041
225653 236589 3041
225653 236589 3041
225653 236589 3041
225653 236589 3041
225653 236589 3041
228398 236782 3043
228398 236782 3043
228398 236782 3043
228398 236782 3043
228398 236782 3043
228398 236782 3043
228398 236782 3043
228398 236782 3043
228398 236782 3043
228398 236782 3043
228398 236782 3043
228398 236782 3043
285281 235866 3043
285281 235866 3043
285281 235866 3043
285281 235866 3043
285281 235866 3043
285281 235866 3043
285281 235866 3043
285281 235866 3043
285281 235866 3043
285281 235866 3043
285281 235866 3043
285281 235866 3043
285281 235866 3043
242072 240640 3043
242072 240640 3043
242072 240640 3043
242072 240640 3043
242072 240640 3043
242072 240640 3043
242072 240640 3043
242072 240640 3043
242072 240640 3043
242072 240640 3043
242072 240640 3043
242072 240640 3043
235674 229511 3043
235674 229511 3043
235674 229511 3043
235674 229511 3043
235674 229511 3043
235674 229511 3043
235674 229511 3043
235674 229511 3043
235674 229511 3043
235674 229511 3043
235674 229511 3043
235674 229511 3043
235674 229511 3043
195179 10592 3044
195179 10592 3044
195179 10592 3044
195179 10592 3044
195179 10592 3044
195179 10592 3044
195179 10592 3044
195179 10592 3044
195179 10592 3044
195179 10592 3044
195179 10592 3044
195179 10592 3044
195179 10592 3044
243703 236888 3044
243703 236888 3044
243703 236888 3044
243703 236888 3044
243703 236888 3044
243703 236888 3044
243703 236888 3044
243703 236888 3044
243703 236888 3044
243703 236888 3044
243703 236888 3044
243703 236888 3044
283694 246113 3046
283694 246113 3046
283694 246113 3046
283694 246113 3046
283694 246113 3046
283694 246113 3046
283694 246113 3046
283694 246113 3046
283694 246113 3046
283694 246113 3046
283694 246113 3046
283694 246113 3046
243768 236447 3048
243768 236447 3048
243768 236447 3048
243768 236447 3048
243768 236447 3048
243768 236447 3048
243768 236447 3048
243768 236447 3048
243768 236447 3048
243768 236447 3048
243768 236447 3048
243768 236447 3048
289167 294593 3048
289167 294593 3048
289167 294593 3048
289167 294593 3048
289167 294593 3048
289167 294593 3048
289167 294593 3048
289167 294593 3048
289167 294593 3048
289167 294593 3048
289167 294593 3048
289167 294593 3048
238315 228543 3049
238315 228543 3049
238315 228543 3049
238315 228543 3049
238315 228543 3049
238315 228543 3049
238315 228543 3049
238315 228543 3049
238315 228543 3049
238315 228543 3049
238315 228543 3049
238315 228543 3049
238631 227415 3051
238631 227415 3051
238631 227415 3051
238631 227415 3051
238631 227415 3051
238631 227415 3051
238631 227415 3051
238631 227415 3051
238631 227415 3051
238631 227415 3051
238631 227415 3051
238631 227415 3051
237429 243696 3053
237429 243696 3053
237429 243696 3053
237429 243696 3053
237429 243696 3053
237429 243696 3053
237429 243696 3053
237429 243696 3053
237429 243696 3053
237429 243696 3053
237429 243696 3053
237429 243696 3053
237429 243696 3053
227827 242127 3055
227827 242127 3055
227827 242127 3055
227827 242127 3055
227827 242127 3055
227827 242127 3055
227827 242127 3055
227827 242127 3055
227827 242127 3055
227827 242127 3055
227827 242127 3055
227827 242127 3055
237427 243696 3055
237427 243696 3055
237427 243696 3055
237427 243696 3055
237427 243696 3055
237427 243696 3055
237427 243696 3055
237427 243696 3055
237427 243696 3055
237427 243696 3055
237427 243696 3055
237427 243696 3055
237427 243696 3055
227543 231239 3056
227543 231239 3056
227543 231239 3056
227543 231239 3056
227543 231239 3056
227543 231239 3056
227543 231239 3056
227543 231239 3056
227543 231239 3056
227543 231239 3056
227543 231239 3056
227543 231239 3056
227543 231239 3056
190920 204548 3057
190920 204548 3057
190920 204548 3057
190920 204548 3057
190920 204548 3057
190920 204548 3057
190920 204548 3057
190920 204548 3057
190920 204548 3057
190920 204548 3057
190920 204548 3057
190920 204548 3057
190920 204548 3057
289545 243556 3063
289545 243556 3063
289545 243556 3063
289545 243556 3063
289545 243556 3063
289545 243556 3063
289545 243556 3063
289545 243556 3063
289545 243556 3063
289545 243556 3063
289545 243556 3063
289545 243556 3063
289545 243556 3063
185514 174945 3063
185514 174945 3063
185514 174945 3063
185514 174945 3063
185514 174945 3063
185514 174945 3063
185514 174945 3063
185514 174945 3063
185514 174945 3063
185514 174945 3063
185514 174945 3063
185514 174945 3063
185514 174945 3063
176253 238631 3064
176253 238631 3064
176253 238631 3064
176253 238631 3064
176253 238631 3064
176253 238631 3064
176253 238631 3064
176253 238631 3064
176253 238631 3064
176253 238631 3064
176253 238631 3064
176253 238631 3064
239261 235013 3064
239261 235013 3064
239261 235013 3064
239261 235013 3064
239261 235013 3064
239261 235013 3064
239261 235013 3064
239261 235013 3064
239261 235013 3064
239261 235013 3064
239261 235013 3064
239261 235013 3064
236015 236508 3065
236015 236508 3065
236015 236508 3065
236015 236508 3065
236015 236508 3065
236015 236508 3065
236015 236508 3065
236015 236508 3065
236015 236508 3065
236015 236508 3065
236015 236508 3065
236015 236508 3065
236015 236508 3065
288552 291398 3069
288552 291398 3069
288552 291398 3069
288552 291398 3069
288552 291398 3069
288552 291398 3069
288552 291398 3069
288552 291398 3069
288552 291398 3069
288552 291398 3069
288552 291398 3069
288552 291398 3069
288552 291398 3069
14666 256656 3069
14666 256656 3069
14666 256656 3069
14666 256656 3069
14666 256656 3069
14666 256656 3069
14666 256656 3069
14666 256656 3069
14666 256656 3069
14666 256656 3069
14666 256656 3069
14666 256656 3069
14666 256656 3069
236483 249343 3071
236483 249343 3071
236483 249343 3071
236483 249343 3071
236483 249343 3071
236483 249343 3071
236483 249343 3071
236483 249343 3071
236483 249343 3071
236483 249343 3071
236483 249343 3071
236483 249343 3071
236483 249343 3071
239845 230463 3074
239845 230463 3074
239845 230463 3074
239845 230463 3074
239845 230463 3074
239845 230463 3074
239845 230463 3074
239845 230463 3074
239845 230463 3074
239845 230463 3074
239845 230463 3074
239845 230463 3074
239845 230463 3074
292034 284205 3075
292034 284205 3075
292034 284205 3075
292034 284205 3075
292034 284205 3075
292034 284205 3075
292034 284205 3075
292034 284205 3075
292034 284205 3075
292034 284205 3075
292034 284205 3075
292034 284205 3075
292034 284205 3075
265636 292034 3075
265636 292034 3075
265636 292034 3075
265636 292034 3075
265636 292034 3075
265636 292034 3075
265636 292034 3075
265636 292034 3075
265636 292034 3075
265636 292034 3075
265636 292034 3075
265636 292034 3075
284560 282899 3076
284560 282899 3076
284560 282899 3076
284560 282899 3076
284560 282899 3076
284560 282899 3076
284560 282899 3076
284560 282899 3076
284560 282899 3076
284560 282899 3076
284560 282899 3076
284560 282899 3076
284560 282899 3076
183779 195033 3079
183779 195033 3079
183779 195033 3079
183779 195033 3079
183779 195033 3079
183779 195033 3079
183779 195033 3079
183779 195033 3079
183779 195033 3079
183779 195033 3079
183779 195033 3079
183779 195033 3079
230956 231862 3083
230956 231862 3083
230956 231862 3083
230956 231862 3083
230956 231862 3083
230956 231862 3083
230956 231862 3083
230956 231862 3083
230956 231862 3083
230956 231862 3083
230956 231862 3083
230956 231862 3083
230956 231862 3083
281466 284855 3086
281466 284855 3086
281466 284855 3086
281466 284855 3086
281466 284855 3086
281466 284855 3086
281466 284855 3086
281466 284855 3086
281466 284855 3086
281466 284855 3086
281466 284855 3086
281466 284855 3086
242332 241874 3091
242332 241874 3091
242332 241874 3091
242332 241874 3091
242332 241874 3091
242332 241874 3091
242332 241874 3091
242332 241874 3091
242332 241874 3091
242332 241874 3091
242332 241874 3091
242332 241874 3091
235658 195271 3092
235658 195271 3092
235658 195271 3092
235658 195271 3092
235658 195271 3092
235658 195271 3092
235658 195271 3092
235658 195271 3092
235658 195271 3092
235658 195271 3092
235658 195271 3092
235658 195271 3092
196680 206285 3095
196680 206285 3095
196680 206285 3095
196680 206285 3095
196680 206285 3095
196680 206285 3095
196680 206285 3095
196680 206285 3095
196680 206285 3095
196680 206285 3095
196680 206285 3095
196680 206285 3095
227532 229829 3098
227532 229829 3098
227532 229829 3098
227532 229829 3098
227532 229829 3098
227532 229829 3098
227532 229829 3098
227532 229829 3098
227532 229829 3098
227532 229829 3098
227532 229829 3098
227532 229829 3098
227071 193100 3102
227071 193100 3102
227071 193100 3102
227071 193100 3102
227071 193100 3102
227071 193100 3102
227071 193100 3102
227071 193100 3102
227071 193100 3102
227071 193100 3102
227071 193100 3102
227071 193100 3102
227071 193100 3102
293112 250600 3103
293112 250600 3103
293112 250600 3103
293112 250600 3103
293112 250600 3103
293112 250600 3103
293112 250600 3103
293112 250600 3103
293112 250600 3103
293112 250600 3103
293112 250600 3103
293112 250600 3103
203445 208879 3104
203445 208879 3104
203445 208879 3104
203445 208879 3104
203445 208879 3104
203445 208879 3104
203445 208879 3104
203445 208879 3104
203445 208879 3104
203445 208879 3104
203445 208879 3104
203445 208879 3104
284212 282897 3109
284212 282897 3109
284212 282897 3109
284212 282897 3109
284212 282897 3109
284212 282897 3109
284212 282897 3109
284212 282897 3109
284212 282897 3109
284212 282897 3109
284212 282897 3109
284212 282897 3109
201672 10596 3112
201672 10596 3112
201672 10596 3112
201672 10596 3112
201672 10596 3112
201672 10596 3112
201672 10596 3112
201672 10596 3112
201672 10596 3112
201672 10596 3112
201672 10596 3112
201672 10596 3112
201672 10596 3112
228366 242444 3122
228366 242444 3122
228366 242444 3122
228366 242444 3122
228366 242444 3122
228366 242444 3122
228366 242444 3122
228366 242444 3122
228366 242444 3122
228366 242444 3122
228366 242444 3122
228366 242444 3122
241011 242460 3134
241011 242460 3134
241011 242460 3134
241011 242460 3134
241011 242460 3134
241011 242460 3134
241011 242460 3134
241011 242460 3134
241011 242460 3134
241011 242460 3134
241011 242460 3134
241011 242460 3134
201672 194603 3136
201672 194603 3136
201672 194603 3136
201672 194603 3136
201672 194603 3136
201672 194603 3136
201672 194603 3136
201672 194603 3136
201672 194603 3136
201672 194603 3136
201672 194603 3136
201672 194603 3136
228708 231019 3136
228708 231019 3136
228708 231019 3136
228708 231019 3136
228708 231019 3136
228708 231019 3136
228708 231019 3136
228708 231019 3136
228708 231019 3136
228708 231019 3136
228708 231019 3136
228708 231019 3136
151139 296526 3137
151139 296526 3137
151139 296526 3137
151139 296526 3137
151139 296526 3137
151139 296526 3137
151139 296526 3137
151139 296526 3137
151139 296526 3137
151139 296526 3137
151139 296526 3137
151139 296526 3137
151139 296526 3137
11144 294557 3139
11144 294557 3139
11144 294557 3139
11144 294557 3139
11144 294557 3139
11144 294557 3139
11144 294557 3139
11144 294557 3139
11144 294557 3139
11144 294557 3139
11144 294557 3139
11144 294557 3139
11144 294557 3139
267892 227099 3139
267892 227099 3139
267892 227099 3139
267892 227099 3139
267892 227099 3139
267892 227099 3139
267892 227099 3139
267892 227099 3139
267892 227099 3139
267892 227099 3139
267892 227099 3139
267892 227099 3139
267892 227099 3139
246069 250695 3140
246069 250695 3140
246069 250695 3140
246069 250695 3140
246069 250695 3140
246069 250695 3140
246069 250695 3140
246069 250695 3140
246069 250695 3140
246069 250695 3140
246069 250695 3140
246069 250695 3140
285273 235872 3140
285273 235872 3140
285273 235872 3140
285273 235872 3140
285273 235872 3140
285273 235872 3140
285273 235872 3140
285273 235872 3140
285273 235872 3140
285273 235872 3140
285273 235872 3140
285273 235872 3140
229825 191594 3142
229825 191594 3142
229825 191594 3142
229825 191594 3142
229825 191594 3142
229825 191594 3142
229825 191594 3142
229825 191594 3142
229825 191594 3142
229825 191594 3142
229825 191594 3142
229825 191594 3142
176495 208207 3146
176495 208207 3146
176495 208207 3146
176495 208207 3146
176495 208207 3146
176495 208207 3146
176495 208207 3146
176495 208207 3146
176495 208207 3146
176495 208207 3146
176495 208207 3146
176495 208207 3146
176495 208207 3146
246054 150246 3148
246054 150246 3148
246054 150246 3148
246054 150246 3148
246054 150246 3148
246054 150246 3148
246054 150246 3148
246054 150246 3148
246054 150246 3148
246054 150246 3148
246054 150246 3148
246054 150246 3148
246054 150246 3148
285611 9115 3149
285611 9115 3149
285611 9115 3149
285611 9115 3149
285611 9115 3149
285611 9115 3149
285611 9115 3149
285611 9115 3149
285611 9115 3149
285611 9115 3149
285611 9115 3149
285611 9115 3149
285611 9115 3149
262497 285187 3153
262497 285187 3153
262497 285187 3153
262497 285187 3153
262497 285187 3153
262497 285187 3153
262497 285187 3153
262497 285187 3153
262497 285187 3153
262497 285187 3153
262497 285187 3153
262497 285187 3153
236137 228401 3153
236137 228401 3153
236137 228401 3153
236137 228401 3153
236137 228401 3153
236137 228401 3153
236137 228401 3153
236137 228401 3153
236137 228401 3153
236137 228401 3153
236137 228401 3153
236137 228401 3153
236137 228401 3153
225606 231018 3155
225606 231018 3155
225606 231018 3155
225606 231018 3155
225606 231018 3155
225606 231018 3155
225606 231018 3155
225606 231018 3155
225606 231018 3155
225606 231018 3155
225606 231018 3155
225606 231018 3155
268960 250619 3156
268960 250619 3156
268960 250619 3156
268960 250619 3156
268960 250619 3156
268960 250619 3156
268960 250619 3156
268960 250619 3156
268960 250619 3156
268960 250619 3156
268960 250619 3156
268960 250619 3156
268960 250619 3156
195533 14784 3158
195533 14784 3158
195533 14784 3158
195533 14784 3158
195533 14784 3158
195533 14784 3158
195533 14784 3158
195533 14784 3158
195533 14784 3158
195533 14784 3158
195533 14784 3158
195533 14784 3158
243705 226777 3158
243705 226777 3158
243705 226777 3158
243705 226777 3158
243705 226777 3158
243705 226777 3158
243705 226777 3158
243705 226777 3158
243705 226777 3158
243705 226777 3158
243705 226777 3158
243705 226777 3158
190920 219562 3160
190920 219562 3160
190920 219562 3160
190920 219562 3160
190920 219562 3160
190920 219562 3160
190920 219562 3160
190920 219562 3160
190920 219562 3160
190920 219562 3160
190920 219562 3160
190920 219562 3160
236927 266300 3161
236927 266300 3161
236927 266300 3161
236927 266300 3161
236927 266300 3161
236927 266300 3161
236927 266300 3161
236927 266300 3161
236927 266300 3161
236927 266300 3161
236927 266300 3161
236927 266300 3161
291453 289321 3163
291453 289321 3163
291453 289321 3163
291453 289321 3163
291453 289321 3163
291453 289321 3163
291453 289321 3163
291453 289321 3163
291453 289321 3163
291453 289321 3163
291453 289321 3163
291453 289321 3163
227051 236015 3165
227051 236015 3165
227051 236015 3165
227051 236015 3165
227051 236015 3165
227051 236015 3165
227051 236015 3165
227051 236015 3165
227051 236015 3165
227051 236015 3165
227051 236015 3165
227051 236015 3165
227051 236015 3165
270401 150224 3167
270401 150224 3167
270401 150224 3167
270401 150224 3167
270401 150224 3167
270401 150224 3167
270401 150224 3167
270401 150224 3167
270401 150224 3167
270401 150224 3167
270401 150224 3167
270401 150224 3167
231018 230445 3167
231018 230445 3167
231018 230445 3167
231018 230445 3167
231018 230445 3167
231018 230445 3167
231018 230445 3167
231018 230445 3167
231018 230445 3167
231018 230445 3167
231018 230445 3167
231018 230445 3167
231018 230445 3167
225935 227540 3167
225935 227540 3167
225935 227540 3167
225935 227540 3167
225935 227540 3167
225935 227540 3167
225935 227540 3167
225935 227540 3167
225935 227540 3167
225935 227540 3167
225935 227540 3167
225935 227540 3167
227540 227278 3169
227540 227278 3169
227540 227278 3169
227540 227278 3169
227540 227278 3169
227540 227278 3169
227540 227278 3169
227540 227278 3169
227540 227278 3169
227540 227278 3169
227540 227278 3169
227540 227278 3169
227540 227278 3169
295185 292432 3169
295185 292432 3169
295185 292432 3169
295185 292432 3169
295185 292432 3169
295185 292432 3169
295185 292432 3169
295185 292432 3169
295185 292432 3169
295185 292432 3169
295185 292432 3169
295185 292432 3169
295185 292432 3169
232701 242378 3172
232701 242378 3172
232701 242378 3172
232701 242378 3172
232701 242378 3172
232701 242378 3172
232701 242378 3172
232701 242378 3172
232701 242378 3172
232701 242378 3172
232701 242378 3172
232701 242378 3172
268850 210451 3174
268850 210451 3174
268850 210451 3174
268850 210451 3174
268850 210451 3174
268850 210451 3174
268850 210451 3174
268850 210451 3174
268850 210451 3174
268850 210451 3174
268850 210451 3174
268850 210451 3174
268850 210451 3174
237335 176258 3181
237335 176258 3181
237335 176258 3181
237335 176258 3181
237335 176258 3181
237335 176258 3181
237335 176258 3181
237335 176258 3181
237335 176258 3181
237335 176258 3181
237335 176258 3181
237335 176258 3181
237335 176258 3181
237198 239692 3182
237198 239692 3182
237198 239692 3182
237198 239692 3182
237198 239692 3182
237198 239692 3182
237198 239692 3182
237198 239692 3182
237198 239692 3182
237198 239692 3182
237198 239692 3182
237198 239692 3182
237198 239692 3182
250582 227093 3183
250582 227093 3183
250582 227093 3183
250582 227093 3183
250582 227093 3183
250582 227093 3183
250582 227093 3183
250582 227093 3183
250582 227093 3183
250582 227093 3183
250582 227093 3183
250582 227093 3183
282519 239235 3184
282519 239235 3184
282519 239235 3184
282519 239235 3184
282519 239235 3184
282519 239235 3184
282519 239235 3184
282519 239235 3184
282519 239235 3184
282519 239235 3184
282519 239235 3184
282519 239235 3184
231025 227033 3185
231025 227033 3185
231025 227033 3185
231025 227033 3185
231025 227033 3185
231025 227033 3185
231025 227033 3185
231025 227033 3185
231025 227033 3185
231025 227033 3185
231025 227033 3185
231025 227033 3185
227253 14813 3186
227253 14813 3186
227253 14813 3186
227253 14813 3186
227253 14813 3186
227253 14813 3186
227253 14813 3186
227253 14813 3186
227253 14813 3186
227253 14813 3186
227253 14813 3186
227253 14813 3186
228709 225614 3189
228709 225614 3189
228709 225614 3189
228709 225614 3189
228709 225614 3189
228709 225614 3189
228709 225614 3189
228709 225614 3189
228709 225614 3189
228709 225614 3189
228709 225614 3189
228709 225614 3189
228709 225614 3189
250550 250595 3196
250550 250595 3196
250550 250595 3196
250550 250595 3196
250550 250595 3196
250550 250595 3196
250550 250595 3196
250550 250595 3196
250550 250595 3196
250550 250595 3196
250550 250595 3196
250550 250595 3196
250550 250595 3196
294270 291226 3201
294270 291226 3201
294270 291226 3201
294270 291226 3201
294270 291226 3201
294270 291226 3201
294270 291226 3201
294270 291226 3201
294270 291226 3201
294270 291226 3201
294270 291226 3201
294270 291226 3201
235666 235974 3204
235666 235974 3204
235666 235974 3204
235666 235974 3204
235666 235974 3204
235666 235974 3204
235666 235974 3204
235666 235974 3204
235666 235974 3204
235666 235974 3204
235666 235974 3204
235666 235974 3204
235666 235974 3204
243622 10933 3208
243622 10933 3208
243622 10933 3208
243622 10933 3208
243622 10933 3208
243622 10933 3208
243622 10933 3208
243622 10933 3208
243622 10933 3208
243622 10933 3208
243622 10933 3208
243622 10933 3208
243622 10933 3208
268850 245982 3211
268850 245982 3211
268850 245982 3211
268850 245982 3211
268850 245982 3211
268850 245982 3211
268850 245982 3211
268850 245982 3211
268850 245982 3211
268850 245982 3211
268850 245982 3211
268850 245982 3211
236921 289189 3217
236921 289189 3217
236921 289189 3217
236921 289189 3217
236921 289189 3217
236921 289189 3217
236921 289189 3217
236921 289189 3217
236921 289189 3217
236921 289189 3217
236921 289189 3217
236921 289189 3217
227253 296708 3346
227253 296708 3346
227253 296708 3346
227253 296708 3346
227253 296708 3346
227253 296708 3346
227253 296708 3346
227253 296708 3346
227253 296708 3346
227253 296708 3346
227253 296708 3346
227253 296708 3346
227253 296708 3346
226768 232719 3364
226768 232719 3364
226768 232719 3364
226768 232719 3364
226768 232719 3364
226768 232719 3364
226768 232719 3364
226768 232719 3364
226768 232719 3364
226768 232719 3364
226768 232719 3364
226768 232719 3364
232719 228466 3367
232719 228466 3367
232719 228466 3367
232719 228466 3367
232719 228466 3367
232719 228466 3367
232719 228466 3367
232719 228466 3367
232719 228466 3367
232719 228466 3367
232719 228466 3367
232719 228466 3367
236083 225931 3387
236083 225931 3387
236083 225931 3387
236083 225931 3387
236083 225931 3387
236083 225931 3387
236083 225931 3387
236083 225931 3387
236083 225931 3387
236083 225931 3387
236083 225931 3387
236083 225931 3387
236083 225931 3387
250690 284212 3393
250690 284212 3393
250690 284212 3393
250690 284212 3393
250690 284212 3393
250690 284212 3393
250690 284212 3393
250690 284212 3393
250690 284212 3393
250690 284212 3393
250690 284212 3393
250690 284212 3393
250690 284212 3393
198524 193811 3407
198524 193811 3407
198524 193811 3407
198524 193811 3407
198524 193811 3407
198524 193811 3407
198524 193811 3407
198524 193811 3407
198524 193811 3407
198524 193811 3407
198524 193811 3407
198524 193811 3407
226255 226528 3418
226255 226528 3418
226255 226528 3418
226255 226528 3418
226255 226528 3418
226255 226528 3418
226255 226528 3418
226255 226528 3418
226255 226528 3418
226255 226528 3418
226255 226528 3418
226255 226528 3418
226255 226528 3418
226482 232920 3419
226482 232920 3419
226482 232920 3419
226482 232920 3419
226482 232920 3419
226482 232920 3419
226482 232920 3419
226482 232920 3419
226482 232920 3419
226482 232920 3419
226482 232920 3419
226482 232920 3419
226482 232920 3419
124698 227098 3426
124698 227098 3426
124698 227098 3426
124698 227098 3426
124698 227098 3426
124698 227098 3426
124698 227098 3426
124698 227098 3426
124698 227098 3426
124698 227098 3426
124698 227098 3426
124698 227098 3426
124698 227098 3426
250582 291371 3429
250582 291371 3429
250582 291371 3429
250582 291371 3429
250582 291371 3429
250582 291371 3429
250582 291371 3429
250582 291371 3429
250582 291371 3429
250582 291371 3429
250582 291371 3429
250582 291371 3429
250582 291371 3429
265909 250599 3433
265909 250599 3433
265909 250599 3433
265909 250599 3433
265909 250599 3433
265909 250599 3433
265909 250599 3433
265909 250599 3433
265909 250599 3433
265909 250599 3433
265909 250599 3433
265909 250599 3433
250619 284206 3437
250619 284206 3437
250619 284206 3437
250619 284206 3437
250619 284206 3437
250619 284206 3437
250619 284206 3437
250619 284206 3437
250619 284206 3437
250619 284206 3437
250619 284206 3437
250619 284206 3437
250619 284206 3437
250595 284206 3437
250595 284206 3437
250595 284206 3437
250595 284206 3437
250595 284206 3437
250595 284206 3437
250595 284206 3437
250595 284206 3437
250595 284206 3437
250595 284206 3437
250595 284206 3437
250595 284206 3437
250595 284206 3437
226972 292030 3442
226972 292030 3442
226972 292030 3442
226972 292030 3442
226972 292030 3442
226972 292030 3442
226972 292030 3442
226972 292030 3442
226972 292030 3442
226972 292030 3442
226972 292030 3442
226972 292030 3442
226972 292030 3442
238988 230167 3443
238988 230167 3443
238988 230167 3443
238988 230167 3443
238988 230167 3443
238988 230167 3443
238988 230167 3443
238988 230167 3443
238988 230167 3443
238988 230167 3443
238988 230167 3443
238988 230167 3443
238988 230167 3443
236528 231019 3447
236528 231019 3447
236528 231019 3447
236528 231019 3447
236528 231019 3447
236528 231019 3447
236528 231019 3447
236528 231019 3447
236528 231019 3447
236528 231019 3447
236528 231019 3447
236528 231019 3447
230718 236400 3448
230718 236400 3448
230718 236400 3448
230718 236400 3448
230718 236400 3448
230718 236400 3448
230718 236400 3448
230718 236400 3448
230718 236400 3448
230718 236400 3448
230718 236400 3448
230718 236400 3448
246986 288656 3448
246986 288656 3448
246986 288656 3448
246986 288656 3448
246986 288656 3448
246986 288656 3448
246986 288656 3448
246986 288656 3448
246986 288656 3448
246986 288656 3448
246986 288656 3448
246986 288656 3448
238437 294569 3449
238437 294569 3449
238437 294569 3449
238437 294569 3449
238437 294569 3449
238437 294569 3449
238437 294569 3449
238437 294569 3449
238437 294569 3449
238437 294569 3449
238437 294569 3449
238437 294569 3449
248417 285612 3450
248417 285612 3450
248417 285612 3450
248417 285612 3450
248417 285612 3450
248417 285612 3450
248417 285612 3450
248417 285612 3450
248417 285612 3450
248417 285612 3450
248417 285612 3450
248417 285612 3450
248417 285612 3450
233322 237101 3451
233322 237101 3451
233322 237101 3451
233322 237101 3451
233322 237101 3451
233322 237101 3451
233322 237101 3451
233322 237101 3451
233322 237101 3451
233322 237101 3451
233322 237101 3451
233322 237101 3451
233322 237101 3451
285612 250690 3453
285612 250690 3453
285612 250690 3453
285612 250690 3453
285612 250690 3453
285612 250690 3453
285612 250690 3453
285612 250690 3453
285612 250690 3453
285612 250690 3453
285612 250690 3453
285612 250690 3453
194344 251934 3459
194344 251934 3459
194344 251934 3459
194344 251934 3459
194344 251934 3459
194344 251934 3459
194344 251934 3459
194344 251934 3459
194344 251934 3459
194344 251934 3459
194344 251934 3459
194344 251934 3459
194344 251934 3459
235681 262498 3462
235681 262498 3462
235681 262498 3462
235681 262498 3462
235681 262498 3462
235681 262498 3462
235681 262498 3462
235681 262498 3462
235681 262498 3462
235681 262498 3462
235681 262498 3462
235681 262498 3462
235681 262498 3462
177252 191601 3464
177252 191601 3464
177252 191601 3464
177252 191601 3464
177252 191601 3464
177252 191601 3464
177252 191601 3464
177252 191601 3464
177252 191601 3464
177252 191601 3464
177252 191601 3464
177252 191601 3464
196308 237856 3465
196308 237856 3465
196308 237856 3465
196308 237856 3465
196308 237856 3465
196308 237856 3465
196308 237856 3465
196308 237856 3465
196308 237856 3465
196308 237856 3465
196308 237856 3465
196308 237856 3465
235974 231275 3465
235974 231275 3465
235974 231275 3465
235974 231275 3465
235974 231275 3465
235974 231275 3465
235974 231275 3465
235974 231275 3465
235974 231275 3465
235974 231275 3465
235974 231275 3465
235974 231275 3465
235974 231275 3465
231025 203715 3466
231025 203715 3466
231025 203715 3466
231025 203715 3466
231025 203715 3466
231025 203715 3466
231025 203715 3466
231025 203715 3466
231025 203715 3466
231025 203715 3466
231025 203715 3466
231025 203715 3466
238699 295111 3466
238699 295111 3466
238699 295111 3466
238699 295111 3466
238699 295111 3466
238699 295111 3466
238699 295111 3466
238699 295111 3466
238699 295111 3466
238699 295111 3466
238699 295111 3466
238699 295111 3466
238699 295111 3466
191592 10597 3467
191592 10597 3467
191592 10597 3467
191592 10597 3467
191592 10597 3467
191592 10597 3467
191592 10597 3467
191592 10597 3467
191592 10597 3467
191592 10597 3467
191592 10597 3467
191592 10597 3467
191592 10597 3467
231473 225759 3467
231473 225759 3467
231473 225759 3467
231473 225759 3467
231473 225759 3467
231473 225759 3467
231473 225759 3467
231473 225759 3467
231473 225759 3467
231473 225759 3467
231473 225759 3467
231473 225759 3467
231473 225759 3467
232713 236851 3470
232713 236851 3470
232713 236851 3470
232713 236851 3470
232713 236851 3470
232713 236851 3470
232713 236851 3470
232713 236851 3470
232713 236851 3470
232713 236851 3470
232713 236851 3470
232713 236851 3470
232713 236851 3470
198532 187078 3471
198532 187078 3471
198532 187078 3471
198532 187078 3471
198532 187078 3471
198532 187078 3471
198532 187078 3471
198532 187078 3471
198532 187078 3471
198532 187078 3471
198532 187078 3471
198532 187078 3471
285183 256656 3472
285183 256656 3472
285183 256656 3472
285183 256656 3472
285183 256656 3472
285183 256656 3472
285183 256656 3472
285183 256656 3472
285183 256656 3472
285183 256656 3472
285183 256656 3472
285183 256656 3472
285183 256656 3472
291344 250605 3475
291344 250605 3475
291344 250605 3475
291344 250605 3475
291344 250605 3475
291344 250605 3475
291344 250605 3475
291344 250605 3475
291344 250605 3475
291344 250605 3475
291344 250605 3475
291344 250605 3475
203715 225922 3475
203715 225922 3475
203715 225922 3475
203715 225922 3475
203715 225922 3475
203715 225922 3475
203715 225922 3475
203715 225922 3475
203715 225922 3475
203715 225922 3475
203715 225922 3475
203715 225922 3475
203715 225922 3475
235860 235673 3476
235860 235673 3476
235860 235673 3476
235860 235673 3476
235860 235673 3476
235860 235673 3476
235860 235673 3476
235860 235673 3476
235860 235673 3476
235860 235673 3476
235860 235673 3476
235860 235673 3476
232731 243556 3476
232731 243556 3476
232731 243556 3476
232731 243556 3476
232731 243556 3476
232731 243556 3476
232731 243556 3476
232731 243556 3476
232731 243556 3476
232731 243556 3476
232731 243556 3476
232731 243556 3476
193452 225922 3476
193452 225922 3476
193452 225922 3476
193452 225922 3476
193452 225922 3476
193452 225922 3476
193452 225922 3476
193452 225922 3476
193452 225922 3476
193452 225922 3476
193452 225922 3476
193452 225922 3476
240657 233461 3477
240657 233461 3477
240657 233461 3477
240657 233461 3477
240657 233461 3477
240657 233461 3477
240657 233461 3477
240657 233461 3477
240657 233461 3477
240657 233461 3477
240657 233461 3477
240657 233461 3477
231024 238214 3479
231024 238214 3479
231024 238214 3479
231024 238214 3479
231024 238214 3479
231024 238214 3479
231024 238214 3479
231024 238214 3479
231024 238214 3479
231024 238214 3479
231024 238214 3479
231024 238214 3479
242127 289527 3482
242127 289527 3482
242127 289527 3482
242127 289527 3482
242127 289527 3482
242127 289527 3482
242127 289527 3482
242127 289527 3482
242127 289527 3482
242127 289527 3482
242127 289527 3482
242127 289527 3482
165337 151125 3482
165337 151125 3482
165337 151125 3482
165337 151125 3482
165337 151125 3482
165337 151125 3482
165337 151125 3482
165337 151125 3482
165337 151125 3482
165337 151125 3482
165337 151125 3482
165337 151125 3482
294547 151474 3485
294547 151474 3485
294547 151474 3485
294547 151474 3485
294547 151474 3485
294547 151474 3485
294547 151474 3485
294547 151474 3485
294547 151474 3485
294547 151474 3485
294547 151474 3485
294547 151474 3485
291449 4766 3488
291449 4766 3488
291449 4766 3488
291449 4766 3488
291449 4766 3488
291449 4766 3488
291449 4766 3488
291449 4766 3488
291449 4766 3488
291449 4766 3488
291449 4766 3488
291449 4766 3488
236450 235134 3489
236450 235134 3489
236450 235134 3489
236450 235134 3489
236450 235134 3489
236450 235134 3489
236450 235134 3489
236450 235134 3489
236450 235134 3489
236450 235134 3489
236450 235134 3489
236450 235134 3489
236450 235134 3489
151113 251995 3493
151113 251995 3493
151113 251995 3493
151113 251995 3493
151113 251995 3493
151113 251995 3493
151113 251995 3493
151113 251995 3493
151113 251995 3493
151113 251995 3493
151113 251995 3493
151113 251995 3493
233644 242072 3494
233644 242072 3494
233644 242072 3494
233644 242072 3494
233644 242072 3494
233644 242072 3494
233644 242072 3494
233644 242072 3494
233644 242072 3494
233644 242072 3494
233644 242072 3494
233644 242072 3494
233644 242072 3494
233644 14918 3494
233644 14918 3494
233644 14918 3494
233644 14918 3494
233644 14918 3494
233644 14918 3494
233644 14918 3494
233644 14918 3494
233644 14918 3494
233644 14918 3494
233644 14918 3494
233644 14918 3494
233644 14918 3494
251928 225931 3495
251928 225931 3495
251928 225931 3495
251928 225931 3495
251928 225931 3495
251928 225931 3495
251928 225931 3495
251928 225931 3495
251928 225931 3495
251928 225931 3495
251928 225931 3495
251928 225931 3495
227064 229773 3495
227064 229773 3495
227064 229773 3495
227064 229773 3495
227064 229773 3495
227064 229773 3495
227064 229773 3495
227064 229773 3495
227064 229773 3495
227064 229773 3495
227064 229773 3495
227064 229773 3495
242073 227070 3496
242073 227070 3496
242073 227070 3496
242073 227070 3496
242073 227070 3496
242073 227070 3496
242073 227070 3496
242073 227070 3496
242073 227070 3496
242073 227070 3496
242073 227070 3496
242073 227070 3496
14918 238402 3496
14918 238402 3496
14918 238402 3496
14918 238402 3496
14918 238402 3496
14918 238402 3496
14918 238402 3496
14918 238402 3496
14918 238402 3496
14918 238402 3496
14918 238402 3496
14918 238402 3496
14918 238402 3496
229773 235935 3497
229773 235935 3497
229773 235935 3497
229773 235935 3497
229773 235935 3497
229773 235935 3497
229773 235935 3497
229773 235935 3497
229773 235935 3497
229773 235935 3497
229773 235935 3497
229773 235935 3497
225931 173814 3497
225931 173814 3497
225931 173814 3497
225931 173814 3497
225931 173814 3497
225931 173814 3497
225931 173814 3497
225931 173814 3497
225931 173814 3497
225931 173814 3497
225931 173814 3497
225931 173814 3497
225931 173814 3497
11144 240854 3498
11144 240854 3498
11144 240854 3498
11144 240854 3498
11144 240854 3498
11144 240854 3498
11144 240854 3498
11144 240854 3498
11144 240854 3498
11144 240854 3498
11144 240854 3498
11144 240854 3498
193636 232046 3499
193636 232046 3499
193636 232046 3499
193636 232046 3499
193636 232046 3499
193636 232046 3499
193636 232046 3499
193636 232046 3499
193636 232046 3499
193636 232046 3499
193636 232046 3499
193636 232046 3499
229511 246822 3500
229511 246822 3500
229511 246822 3500
229511 246822 3500
229511 246822 3500
229511 246822 3500
229511 246822 3500
229511 246822 3500
229511 246822 3500
229511 246822 3500
229511 246822 3500
229511 246822 3500
246116 287864 3502
246116 287864 3502
246116 287864 3502
246116 287864 3502
246116 287864 3502
246116 287864 3502
246116 287864 3502
246116 287864 3502
246116 287864 3502
246116 287864 3502
246116 287864 3502
246116 287864 3502
184196 184801 3504
184196 184801 3504
184196 184801 3504
184196 184801 3504
184196 184801 3504
184196 184801 3504
184196 184801 3504
184196 184801 3504
184196 184801 3504
184196 184801 3504
184196 184801 3504
184196 184801 3504
232030 4762 3505
232030 4762 3505
232030 4762 3505
232030 4762 3505
232030 4762 3505
232030 4762 3505
232030 4762 3505
232030 4762 3505
232030 4762 3505
232030 4762 3505
232030 4762 3505
232030 4762 3505
232030 4762 3505
227540 232697 3507
227540 232697 3507
227540 232697 3507
227540 232697 3507
227540 232697 3507
227540 232697 3507
227540 232697 3507
227540 232697 3507
227540 232697 3507
227540 232697 3507
227540 232697 3507
227540 232697 3507
231937 228445 3508
231937 228445 3508
231937 228445 3508
231937 228445 3508
231937 228445 3508
231937 228445 3508
231937 228445 3508
231937 228445 3508
231937 228445 3508
231937 228445 3508
231937 228445 3508
231937 228445 3508
231937 228445 3508
226839 184806 3511
226839 184806 3511
226839 184806 3511
226839 184806 3511
226839 184806 3511
226839 184806 3511
226839 184806 3511
226839 184806 3511
226839 184806 3511
226839 184806 3511
226839 184806 3511
226839 184806 3511
226839 184806 3511
228127 226394 3511
228127 226394 3511
228127 226394 3511
228127 226394 3511
228127 226394 3511
228127 226394 3511
228127 226394 3511
228127 226394 3511
228127 226394 3511
228127 226394 3511
228127 226394 3511
228127 226394 3511
246617 289731 3512
246617 289731 3512
246617 289731 3512
246617 289731 3512
246617 289731 3512
246617 289731 3512
246617 289731 3512
246617 289731 3512
246617 289731 3512
246617 289731 3512
246617 289731 3512
246617 289731 3512
246617 289731 3512
11144 186763 3514
11144 186763 3514
11144 186763 3514
11144 186763 3514
11144 186763 3514
11144 186763 3514
11144 186763 3514
11144 186763 3514
11144 186763 3514
11144 186763 3514
11144 186763 3514
11144 186763 3514
238807 231411 3514
238807 231411 3514
238807 231411 3514
238807 231411 3514
238807 231411 3514
238807 231411 3514
238807 231411 3514
238807 231411 3514
238807 231411 3514
238807 231411 3514
238807 231411 3514
238807 231411 3514
248381 246048 3515
248381 246048 3515
248381 246048 3515
248381 246048 3515
248381 246048 3515
248381 246048 3515
248381 246048 3515
248381 246048 3515
248381 246048 3515
248381 246048 3515
248381 246048 3515
248381 246048 3515
285455 246077 3518
285455 246077 3518
285455 246077 3518
285455 246077 3518
285455 246077 3518
285455 246077 3518
285455 246077 3518
285455 246077 3518
285455 246077 3518
285455 246077 3518
285455 246077 3518
285455 246077 3518
193096 237846 3520
193096 237846 3520
193096 237846 3520
193096 237846 3520
193096 237846 3520
193096 237846 3520
193096 237846 3520
193096 237846 3520
193096 237846 3520
193096 237846 3520
193096 237846 3520
193096 237846 3520
193096 237846 3520
243705 250848 3522
243705 250848 3522
243705 250848 3522
243705 250848 3522
243705 250848 3522
243705 250848 3522
243705 250848 3522
243705 250848 3522
243705 250848 3522
243705 250848 3522
243705 250848 3522
243705 250848 3522
225597 228053 3522
225597 228053 3522
225597 228053 3522
225597 228053 3522
225597 228053 3522
225597 228053 3522
225597 228053 3522
225597 228053 3522
225597 228053 3522
225597 228053 3522
225597 228053 3522
225597 228053 3522
225597 228053 3522
236939 193058 3524
236939 193058 3524
236939 193058 3524
236939 193058 3524
236939 193058 3524
236939 193058 3524
236939 193058 3524
236939 193058 3524
236939 193058 3524
236939 193058 3524
236939 193058 3524
236939 193058 3524
236939 193058 3524
293376 9099 3531
293376 9099 3531
293376 9099 3531
293376 9099 3531
293376 9099 3531
293376 9099 3531
293376 9099 3531
293376 9099 3531
293376 9099 3531
293376 9099 3531
293376 9099 3531
293376 9099 3531
293376 9099 3531
9099 265636 3532
9099 265636 3532
9099 265636 3532
9099 265636 3532
9099 265636 3532
9099 265636 3532
9099 265636 3532
9099 265636 3532
9099 265636 3532
9099 265636 3532
9099 265636 3532
9099 265636 3532
9099 265636 3532
285121 245977 3534
285121 245977 3534
285121 245977 3534
285121 245977 3534
285121 245977 3534
285121 245977 3534
285121 245977 3534
285121 245977 3534
285121 245977 3534
285121 245977 3534
285121 245977 3534
285121 245977 3534
285121 245977 3534
240640 226939 3535
240640 226939 3535
240640 226939 3535
240640 226939 3535
240640 226939 3535
240640 226939 3535
240640 226939 3535
240640 226939 3535
240640 226939 3535
240640 226939 3535
240640 226939 3535
240640 226939 3535
265637 245977 3535
265637 245977 3535
265637 245977 3535
265637 245977 3535
265637 245977 3535
265637 245977 3535
265637 245977 3535
265637 245977 3535
265637 245977 3535
265637 245977 3535
265637 245977 3535
265637 245977 3535
235683 193340 3537
235683 193340 3537
235683 193340 3537
235683 193340 3537
235683 193340 3537
235683 193340 3537
235683 193340 3537
235683 193340 3537
235683 193340 3537
235683 193340 3537
235683 193340 3537
235683 193340 3537
291425 239253 3539
291425 239253 3539
291425 239253 3539
291425 239253 3539
291425 239253 3539
291425 239253 3539
291425 239253 3539
291425 239253 3539
291425 239253 3539
291425 239253 3539
291425 239253 3539
291425 239253 3539
291425 239253 3539
236505 190887 3539
236505 190887 3539
236505 190887 3539
236505 190887 3539
236505 190887 3539
236505 190887 3539
236505 190887 3539
236505 190887 3539
236505 190887 3539
236505 190887 3539
236505 190887 3539
236505 190887 3539
182100 248388 3544
182100 248388 3544
182100 248388 3544
182100 248388 3544
182100 248388 3544
182100 248388 3544
182100 248388 3544
182100 248388 3544
182100 248388 3544
182100 248388 3544
182100 248388 3544
182100 248388 3544
226939 236835 3544
226939 236835 3544
226939 236835 3544
226939 236835 3544
226939 236835 3544
226939 236835 3544
226939 236835 3544
226939 236835 3544
226939 236835 3544
226939 236835 3544
226939 236835 3544
226939 236835 3544
296096 239253 3550
296096 239253 3550
296096 239253 3550
296096 239253 3550
296096 239253 3550
296096 239253 3550
296096 239253 3550
296096 239253 3550
296096 239253 3550
296096 239253 3550
296096 239253 3550
296096 239253 3550
193616 236474 3550
193616 236474 3550
193616 236474 3550
193616 236474 3550
193616 236474 3550
193616 236474 3550
193616 236474 3550
193616 236474 3550
193616 236474 3550
193616 236474 3550
193616 236474 3550
193616 236474 3550
193616 236474 3550
184453 193101 3551
184453 193101 3551
184453 193101 3551
184453 193101 3551
184453 193101 3551
184453 193101 3551
184453 193101 3551
184453 193101 3551
184453 193101 3551
184453 193101 3551
184453 193101 3551
184453 193101 3551
233584 292810 3551
233584 292810 3551
233584 292810 3551
233584 292810 3551
233584 292810 3551
233584 292810 3551
233584 292810 3551
233584 292810 3551
233584 292810 3551
233584 292810 3551
233584 292810 3551
233584 292810 3551
290211 236835 3551
290211 236835 3551
290211 236835 3551
290211 236835 3551
290211 236835 3551
290211 236835 3551
290211 236835 3551
290211 236835 3551
290211 236835 3551
290211 236835 3551
290211 236835 3551
290211 236835 3551
235150 267803 3552
235150 267803 3552
235150 267803 3552
235150 267803 3552
235150 267803 3552
235150 267803 3552
235150 267803 3552
235150 267803 3552
235150 267803 3552
235150 267803 3552
235150 267803 3552
235150 267803 3552
235150 267803 3552
236157 226455 3553
236157 226455 3553
236157 226455 3553
236157 226455 3553
236157 226455 3553
236157 226455 3553
236157 226455 3553
236157 226455 3553
236157 226455 3553
236157 226455 3553
236157 226455 3553
236157 226455 3553
236157 226455 3553
243536 235683 3555
243536 235683 3555
243536 235683 3555
243536 235683 3555
243536 235683 3555
243536 235683 3555
243536 235683 3555
243536 235683 3555
243536 235683 3555
243536 235683 3555
243536 235683 3555
243536 235683 3555
243536 235683 3555
227823 291455 3558
227823 291455 3558
227823 291455 3558
227823 291455 3558
227823 291455 3558
227823 291455 3558
227823 291455 3558
227823 291455 3558
227823 291455 3558
227823 291455 3558
227823 291455 3558
227823 291455 3558
184781 184195 3559
184781 184195 3559
184781 184195 3559
184781 184195 3559
184781 184195 3559
184781 184195 3559
184781 184195 3559
184781 184195 3559
184781 184195 3559
184781 184195 3559
184781 184195 3559
184781 184195 3559
184781 184195 3559
291426 186830 3568
291426 186830 3568
291426 186830 3568
291426 186830 3568
291426 186830 3568
291426 186830 3568
291426 186830 3568
291426 186830 3568
291426 186830 3568
291426 186830 3568
291426 186830 3568
291426 186830 3568
291426 186830 3568
248409 268490 3569
248409 268490 3569
248409 268490 3569
248409 268490 3569
248409 268490 3569
248409 268490 3569
248409 268490 3569
248409 268490 3569
248409 268490 3569
248409 268490 3569
248409 268490 3569
248409 268490 3569
248409 268490 3569
240466 241489 3571
240466 241489 3571
240466 241489 3571
240466 241489 3571
240466 241489 3571
240466 241489 3571
240466 241489 3571
240466 241489 3571
240466 241489 3571
240466 241489 3571
240466 241489 3571
240466 241489 3571
240466 241489 3571
235013 225614 3571
235013 225614 3571
235013 225614 3571
235013 225614 3571
235013 225614 3571
235013 225614 3571
235013 225614 3571
235013 225614 3571
235013 225614 3571
235013 225614 3571
235013 225614 3571
235013 225614 3571
153037 196007 3573
153037 196007 3573
153037 196007 3573
153037 196007 3573
153037 196007 3573
153037 196007 3573
153037 196007 3573
153037 196007 3573
153037 196007 3573
153037 196007 3573
153037 196007 3573
153037 196007 3573
190920 209652 3573
190920 209652 3573
190920 209652 3573
190920 209652 3573
190920 209652 3573
190920 209652 3573
190920 209652 3573
190920 209652 3573
190920 209652 3573
190920 209652 3573
190920 209652 3573
190920 209652 3573
251934 230199 3573
251934 230199 3573
251934 230199 3573
251934 230199 3573
251934 230199 3573
251934 230199 3573
251934 230199 3573
251934 230199 3573
251934 230199 3573
251934 230199 3573
251934 230199 3573
251934 230199 3573
175963 160258 3574
175963 160258 3574
175963 160258 3574
175963 160258 3574
175963 160258 3574
175963 160258 3574
175963 160258 3574
175963 160258 3574
175963 160258 3574
175963 160258 3574
175963 160258 3574
175963 160258 3574
175963 160258 3574
175963 160258 3574
175963 160258 3574
175963 160258 3574
175963 160258 3574
175963 160258 3574
175963 160258 3574
175963 160258 3574
175963 160258 3574
175963 160258 3574
175963 160258 3574
175963 160258 3574
175963 160258 3574
241489 243536 3576
241489 243536 3576
241489 243536 3576
241489 243536 3576
241489 243536 3576
241489 243536 3576
241489 243536 3576
241489 243536 3576
241489 243536 3576
241489 243536 3576
241489 243536 3576
241489 243536 3576
190751 175906 3576
190751 175906 3576
190751 175906 3576
190751 175906 3576
190751 175906 3576
190751 175906 3576
190751 175906 3576
190751 175906 3576
190751 175906 3576
190751 175906 3576
190751 175906 3576
190751 175906 3576
243792 236400 3577
243792 236400 3577
243792 236400 3577
243792 236400 3577
243792 236400 3577
243792 236400 3577
243792 236400 3577
243792 236400 3577
243792 236400 3577
243792 236400 3577
243792 236400 3577
243792 236400 3577
243792 236400 3577
232189 237967 3577
232189 237967 3577
232189 237967 3577
232189 237967 3577
232189 237967 3577
232189 237967 3577
232189 237967 3577
232189 237967 3577
232189 237967 3577
232189 237967 3577
232189 237967 3577
232189 237967 3577
235679 226966 3577
235679 226966 3577
235679 226966 3577
235679 226966 3577
235679 226966 3577
235679 226966 3577
235679 226966 3577
235679 226966 3577
235679 226966 3577
235679 226966 3577
235679 226966 3577
235679 226966 3577
237844 228034 3577
237844 228034 3577
237844 228034 3577
237844 228034 3577
237844 228034 3577
237844 228034 3577
237844 228034 3577
237844 228034 3577
237844 228034 3577
237844 228034 3577
237844 228034 3577
237844 228034 3577
226966 285276 3579
226966 285276 3579
226966 285276 3579
226966 285276 3579
226966 285276 3579
226966 285276 3579
226966 285276 3579
226966 285276 3579
226966 285276 3579
226966 285276 3579
226966 285276 3579
226966 285276 3579
231441 231890 3580
231441 231890 3580
231441 231890 3580
231441 231890 3580
231441 231890 3580
231441 231890 3580
231441 231890 3580
231441 231890 3580
231441 231890 3580
231441 231890 3580
231441 231890 3580
231441 231890 3580
245888 289528 3580
245888 289528 3580
245888 289528 3580
245888 289528 3580
245888 289528 3580
245888 289528 3580
245888 289528 3580
245888 289528 3580
245888 289528 3580
245888 289528 3580
245888 289528 3580
245888 289528 3580
245888 289528 3580
226974 240629 3583
226974 240629 3583
226974 240629 3583
226974 240629 3583
226974 240629 3583
226974 240629 3583
226974 240629 3583
226974 240629 3583
226974 240629 3583
226974 240629 3583
226974 240629 3583
226974 240629 3583
226974 240629 3583
294268 226976 3583
294268 226976 3583
294268 226976 3583
294268 226976 3583
294268 226976 3583
294268 226976 3583
294268 226976 3583
294268 226976 3583
294268 226976 3583
294268 226976 3583
294268 226976 3583
294268 226976 3583
178306 189435 3584
178306 189435 3584
178306 189435 3584
178306 189435 3584
178306 189435 3584
178306 189435 3584
178306 189435 3584
178306 189435 3584
178306 189435 3584
178306 189435 3584
178306 189435 3584
178306 189435 3584
178306 189435 3584
235683 202632 3584
235683 202632 3584
235683 202632 3584
235683 202632 3584
235683 202632 3584
235683 202632 3584
235683 202632 3584
235683 202632 3584
235683 202632 3584
235683 202632 3584
235683 202632 3584
235683 202632 3584
285273 150228 3585
285273 150228 3585
285273 150228 3585
285273 150228 3585
285273 150228 3585
285273 150228 3585
285273 150228 3585
285273 150228 3585
285273 150228 3585
285273 150228 3585
285273 150228 3585
285273 150228 3585
226976 246116 3585
226976 246116 3585
226976 246116 3585
226976 246116 3585
226976 246116 3585
226976 246116 3585
226976 246116 3585
226976 246116 3585
226976 246116 3585
226976 246116 3585
226976 246116 3585
226976 246116 3585
227720 239832 3586
227720 239832 3586
227720 239832 3586
227720 239832 3586
227720 239832 3586
227720 239832 3586
227720 239832 3586
227720 239832 3586
227720 239832 3586
227720 239832 3586
227720 239832 3586
227720 239832 3586
4677 296709 3586
4677 296709 3586
4677 296709 3586
4677 296709 3586
4677 296709 3586
4677 296709 3586
4677 296709 3586
4677 296709 3586
4677 296709 3586
4677 296709 3586
4677 296709 3586
4677 296709 3586
242322 232719 3588
242322 232719 3588
242322 232719 3588
242322 232719 3588
242322 232719 3588
242322 232719 3588
242322 232719 3588
242322 232719 3588
242322 232719 3588
242322 232719 3588
242322 232719 3588
242322 232719 3588
230957 242127 3592
230957 242127 3592
230957 242127 3592
230957 242127 3592
230957 242127 3592
230957 242127 3592
230957 242127 3592
230957 242127 3592
230957 242127 3592
230957 242127 3592
230957 242127 3592
230957 242127 3592
272551 295105 3592
272551 295105 3592
272551 295105 3592
272551 295105 3592
272551 295105 3592
272551 295105 3592
272551 295105 3592
272551 295105 3592
272551 295105 3592
272551 295105 3592
272551 295105 3592
272551 295105 3592
252019 235799 3594
252019 235799 3594
252019 235799 3594
252019 235799 3594
252019 235799 3594
252019 235799 3594
252019 235799 3594
252019 235799 3594
252019 235799 3594
252019 235799 3594
252019 235799 3594
252019 235799 3594
240839 242072 3595
240839 242072 3595
240839 242072 3595
240839 242072 3595
240839 242072 3595
240839 242072 3595
240839 242072 3595
240839 242072 3595
240839 242072 3595
240839 242072 3595
240839 242072 3595
240839 242072 3595
240839 242072 3595
293352 246823 3597
293352 246823 3597
293352 246823 3597
293352 246823 3597
293352 246823 3597
293352 246823 3597
293352 246823 3597
293352 246823 3597
293352 246823 3597
293352 246823 3597
293352 246823 3597
293352 246823 3597
236206 150281 3598
236206 150281 3598
236206 150281 3598
236206 150281 3598
236206 150281 3598
236206 150281 3598
236206 150281 3598
236206 150281 3598
236206 150281 3598
236206 150281 3598
236206 150281 3598
236206 150281 3598
236206 150281 3598
240629 294567 3599
240629 294567 3599
240629 294567 3599
240629 294567 3599
240629 294567 3599
240629 294567 3599
240629 294567 3599
240629 294567 3599
240629 294567 3599
240629 294567 3599
240629 294567 3599
240629 294567 3599
240629 294567 3599
235681 246101 3599
235681 246101 3599
235681 246101 3599
235681 246101 3599
235681 246101 3599
235681 246101 3599
235681 246101 3599
235681 246101 3599
235681 246101 3599
235681 246101 3599
235681 246101 3599
235681 246101 3599
227854 245976 3600
227854 245976 3600
227854 245976 3600
227854 245976 3600
227854 245976 3600
227854 245976 3600
227854 245976 3600
227854 245976 3600
227854 245976 3600
227854 245976 3600
227854 245976 3600
227854 245976 3600
