246041 293653 0
246041 293653 0
246041 293653 0
246041 293653 0
246041 293653 0
246041 293653 0
246041 293653 0
246041 293653 0
246041 293653 0
246041 293653 0
246041 293653 0
246041 293653 0
193452 233584 0
193452 233584 0
193452 233584 0
193452 233584 0
193452 233584 0
193452 233584 0
193452 233584 0
193452 233584 0
193452 233584 0
193452 233584 0
193452 233584 0
193452 233584 0
235013 236104 1
235013 236104 1
235013 236104 1
235013 236104 1
235013 236104 1
235013 236104 1
235013 236104 1
235013 236104 1
235013 236104 1
235013 236104 1
235013 236104 1
235013 236104 1
285602 296096 2
285602 296096 2
285602 296096 2
285602 296096 2
285602 296096 2
285602 296096 2
285602 296096 2
285602 296096 2
285602 296096 2
285602 296096 2
285602 296096 2
285602 296096 2
227532 242141 2
227532 242141 2
227532 242141 2
227532 242141 2
227532 242141 2
227532 242141 2
227532 242141 2
227532 242141 2
227532 242141 2
227532 242141 2
227532 242141 2
227532 242141 2
227532 242141 2
235013 124698 3
235013 124698 3
235013 124698 3
235013 124698 3
235013 124698 3
235013 124698 3
235013 124698 3
235013 124698 3
235013 124698 3
235013 124698 3
235013 124698 3
235013 124698 3
251999 225957 3
251999 225957 3
251999 225957 3
251999 225957 3
251999 225957 3
251999 225957 3
251999 225957 3
251999 225957 3
251999 225957 3
251999 225957 3
251999 225957 3
251999 225957 3
153037 235942 4
153037 235942 4
153037 235942 4
153037 235942 4
153037 235942 4
153037 235942 4
153037 235942 4
153037 235942 4
153037 235942 4
153037 235942 4
153037 235942 4
153037 235942 4
153037 235942 4
195617 293359 6
195617 293359 6
195617 293359 6
195617 293359 6
195617 293359 6
195617 293359 6
195617 293359 6
195617 293359 6
195617 293359 6
195617 293359 6
195617 293359 6
195617 293359 6
225616 238002 8
225616 238002 8
225616 238002 8
225616 238002 8
225616 238002 8
225616 238002 8
225616 238002 8
225616 238002 8
225616 238002 8
225616 238002 8
225616 238002 8
225616 238002 8
235935 227243 8
235935 227243 8
235935 227243 8
235935 227243 8
235935 227243 8
235935 227243 8
235935 227243 8
235935 227243 8
235935 227243 8
235935 227243 8
235935 227243 8
235935 227243 8
245995 285276 10
245995 285276 10
245995 285276 10
245995 285276 10
245995 285276 10
245995 285276 10
245995 285276 10
245995 285276 10
245995 285276 10
245995 285276 10
245995 285276 10
245995 285276 10
296137 226394 13
296137 226394 13
296137 226394 13
296137 226394 13
296137 226394 13
296137 226394 13
296137 226394 13
296137 226394 13
296137 226394 13
296137 226394 13
296137 226394 13
296137 226394 13
252019 231463 15
252019 231463 15
252019 231463 15
252019 231463 15
252019 231463 15
252019 231463 15
252019 231463 15
252019 231463 15
252019 231463 15
252019 231463 15
252019 231463 15
252019 231463 15
228044 226754 15
228044 226754 15
228044 226754 15
228044 226754 15
228044 226754 15
228044 226754 15
228044 226754 15
228044 226754 15
228044 226754 15
228044 226754 15
228044 226754 15
228044 226754 15
228044 226754 15
226752 252007 16
226752 252007 16
226752 252007 16
226752 252007 16
226752 252007 16
226752 252007 16
226752 252007 16
226752 252007 16
226752 252007 16
226752 252007 16
226752 252007 16
226752 252007 16
226752 252007 16
228104 240839 21
228104 240839 21
228104 240839 21
228104 240839 21
228104 240839 21
228104 240839 21
228104 240839 21
228104 240839 21
228104 240839 21
228104 240839 21
228104 240839 21
228104 240839 21
228105 240839 21
228105 240839 21
228105 240839 21
228105 240839 21
228105 240839 21
228105 240839 21
228105 240839 21
228105 240839 21
228105 240839 21
228105 240839 21
228105 240839 21
228105 240839 21
228105 240839 21
232189 243536 22
232189 243536 22
232189 243536 22
232189 243536 22
232189 243536 22
232189 243536 22
232189 243536 22
232189 243536 22
232189 243536 22
232189 243536 22
232189 243536 22
232189 243536 22
239504 238518 24
239504 238518 24
239504 238518 24
239504 238518 24
239504 238518 24
239504 238518 24
239504 238518 24
239504 238518 24
239504 238518 24
239504 238518 24
239504 238518 24
239504 238518 24
175956 196081 24
175956 196081 24
175956 196081 24
175956 196081 24
175956 196081 24
175956 196081 24
175956 196081 24
175956 196081 24
175956 196081 24
175956 196081 24
175956 196081 24
175956 196081 24
195617 202629 26
195617 202629 26
195617 202629 26
195617 202629 26
195617 202629 26
195617 202629 26
195617 202629 26
195617 202629 26
195617 202629 26
195617 202629 26
195617 202629 26
195617 202629 26
195617 202629 26
151176 242213 28
151176 242213 28
151176 242213 28
151176 242213 28
151176 242213 28
151176 242213 28
151176 242213 28
151176 242213 28
151176 242213 28
151176 242213 28
151176 242213 28
151176 242213 28
193422 184806 28
193422 184806 28
193422 184806 28
193422 184806 28
193422 184806 28
193422 184806 28
193422 184806 28
193422 184806 28
193422 184806 28
193422 184806 28
193422 184806 28
193422 184806 28
238758 227093 28
238758 227093 28
238758 227093 28
238758 227093 28
238758 227093 28
238758 227093 28
238758 227093 28
238758 227093 28
238758 227093 28
238758 227093 28
238758 227093 28
238758 227093 28
238758 227093 28
239046 227028 28
239046 227028 28
239046 227028 28
239046 227028 28
239046 227028 28
239046 227028 28
239046 227028 28
239046 227028 28
239046 227028 28
239046 227028 28
239046 227028 28
239046 227028 28
239046 227028 28
236138 236155 29
236138 236155 29
236138 236155 29
236138 236155 29
236138 236155 29
236138 236155 29
236138 236155 29
236138 236155 29
236138 236155 29
236138 236155 29
236138 236155 29
236138 236155 29
236138 236155 29
236504 194603 30
236504 194603 30
236504 194603 30
236504 194603 30
236504 194603 30
236504 194603 30
236504 194603 30
236504 194603 30
236504 194603 30
236504 194603 30
236504 194603 30
236504 194603 30
251977 243644 31
251977 243644 31
251977 243644 31
251977 243644 31
251977 243644 31
251977 243644 31
251977 243644 31
251977 243644 31
251977 243644 31
251977 243644 31
251977 243644 31
251977 243644 31
251977 243644 31
286605 245995 31
286605 245995 31
286605 245995 31
286605 245995 31
286605 245995 31
286605 245995 31
286605 245995 31
286605 245995 31
286605 245995 31
286605 245995 31
286605 245995 31
286605 245995 31
239504 293362 32
239504 293362 32
239504 293362 32
239504 293362 32
239504 293362 32
239504 293362 32
239504 293362 32
239504 293362 32
239504 293362 32
239504 293362 32
239504 293362 32
239504 293362 32
230957 227345 33
230957 227345 33
230957 227345 33
230957 227345 33
230957 227345 33
230957 227345 33
230957 227345 33
230957 227345 33
230957 227345 33
230957 227345 33
230957 227345 33
230957 227345 33
230957 227345 33
247156 235659 33
247156 235659 33
247156 235659 33
247156 235659 33
247156 235659 33
247156 235659 33
247156 235659 33
247156 235659 33
247156 235659 33
247156 235659 33
247156 235659 33
247156 235659 33
237984 202634 36
237984 202634 36
237984 202634 36
237984 202634 36
237984 202634 36
237984 202634 36
237984 202634 36
237984 202634 36
237984 202634 36
237984 202634 36
237984 202634 36
237984 202634 36
237984 202634 36
227108 202634 37
227108 202634 37
227108 202634 37
227108 202634 37
227108 202634 37
227108 202634 37
227108 202634 37
227108 202634 37
227108 202634 37
227108 202634 37
227108 202634 37
227108 202634 37
227108 202634 37
236478 160292 38
236478 160292 38
236478 160292 38
236478 160292 38
236478 160292 38
236478 160292 38
236478 160292 38
236478 160292 38
236478 160292 38
236478 160292 38
236478 160292 38
236478 160292 38
252019 228034 44
252019 228034 44
252019 228034 44
252019 228034 44
252019 228034 44
252019 228034 44
252019 228034 44
252019 228034 44
252019 228034 44
252019 228034 44
252019 228034 44
252019 228034 44
235966 230957 44
235966 230957 44
235966 230957 44
235966 230957 44
235966 230957 44
235966 230957 44
235966 230957 44
235966 230957 44
235966 230957 44
235966 230957 44
235966 230957 44
235966 230957 44
252011 238219 46
252011 238219 46
252011 238219 46
252011 238219 46
252011 238219 46
252011 238219 46
252011 238219 46
252011 238219 46
252011 238219 46
252011 238219 46
252011 238219 46
252011 238219 46
252011 238219 46
190899 195026 46
190899 195026 46
190899 195026 46
190899 195026 46
190899 195026 46
190899 195026 46
190899 195026 46
190899 195026 46
190899 195026 46
190899 195026 46
190899 195026 46
190899 195026 46
235673 195545 47
235673 195545 47
235673 195545 47
235673 195545 47
235673 195545 47
235673 195545 47
235673 195545 47
235673 195545 47
235673 195545 47
235673 195545 47
235673 195545 47
235673 195545 47
235673 195545 47
243622 236879 48
243622 236879 48
243622 236879 48
243622 236879 48
243622 236879 48
243622 236879 48
243622 236879 48
243622 236879 48
243622 236879 48
243622 236879 48
243622 236879 48
243622 236879 48
243622 236879 48
4696 14800 57
4696 14800 57
4696 14800 57
4696 14800 57
4696 14800 57
4696 14800 57
4696 14800 57
4696 14800 57
4696 14800 57
4696 14800 57
4696 14800 57
4696 14800 57
4696 14800 57
236400 230692 58
236400 230692 58
236400 230692 58
236400 230692 58
236400 230692 58
236400 230692 58
236400 230692 58
236400 230692 58
236400 230692 58
236400 230692 58
236400 230692 58
236400 230692 58
285260 226967 59
285260 226967 59
285260 226967 59
285260 226967 59
285260 226967 59
285260 226967 59
285260 226967 59
285260 226967 59
285260 226967 59
285260 226967 59
285260 226967 59
285260 226967 59
236898 14812 62
236898 14812 62
236898 14812 62
236898 14812 62
236898 14812 62
236898 14812 62
236898 14812 62
236898 14812 62
236898 14812 62
236898 14812 62
236898 14812 62
236898 14812 62
238000 189008 67
238000 189008 67
238000 189008 67
238000 189008 67
238000 189008 67
238000 189008 67
238000 189008 67
238000 189008 67
238000 189008 67
238000 189008 67
238000 189008 67
238000 189008 67
238000 189008 67
227556 243622 69
227556 243622 69
227556 243622 69
227556 243622 69
227556 243622 69
227556 243622 69
227556 243622 69
227556 243622 69
227556 243622 69
227556 243622 69
227556 243622 69
227556 243622 69
227731 237366 70
227731 237366 70
227731 237366 70
227731 237366 70
227731 237366 70
227731 237366 70
227731 237366 70
227731 237366 70
227731 237366 70
227731 237366 70
227731 237366 70
227731 237366 70
285212 294270 76
285212 294270 76
285212 294270 76
285212 294270 76
285212 294270 76
285212 294270 76
285212 294270 76
285212 294270 76
285212 294270 76
285212 294270 76
285212 294270 76
285212 294270 76
296599 11143 85
296599 11143 85
296599 11143 85
296599 11143 85
296599 11143 85
296599 11143 85
296599 11143 85
296599 11143 85
296599 11143 85
296599 11143 85
296599 11143 85
296599 11143 85
232064 235678 86
232064 235678 86
232064 235678 86
232064 235678 86
232064 235678 86
232064 235678 86
232064 235678 86
232064 235678 86
232064 235678 86
232064 235678 86
232064 235678 86
232064 235678 86
228132 236876 90
228132 236876 90
228132 236876 90
228132 236876 90
228132 236876 90
228132 236876 90
228132 236876 90
228132 236876 90
228132 236876 90
228132 236876 90
228132 236876 90
228132 236876 90
227547 251980 90
227547 251980 90
227547 251980 90
227547 251980 90
227547 251980 90
227547 251980 90
227547 251980 90
227547 251980 90
227547 251980 90
227547 251980 90
227547 251980 90
227547 251980 90
227547 251980 90
227272 151143 91
227272 151143 91
227272 151143 91
227272 151143 91
227272 151143 91
227272 151143 91
227272 151143 91
227272 151143 91
227272 151143 91
227272 151143 91
227272 151143 91
227272 151143 91
227272 151143 91
124351 246012 91
124351 246012 91
124351 246012 91
124351 246012 91
124351 246012 91
124351 246012 91
124351 246012 91
124351 246012 91
124351 246012 91
124351 246012 91
124351 246012 91
124351 246012 91
124351 246012 91
151077 237957 92
151077 237957 92
151077 237957 92
151077 237957 92
151077 237957 92
151077 237957 92
151077 237957 92
151077 237957 92
151077 237957 92
151077 237957 92
151077 237957 92
151077 237957 92
236105 231859 93
236105 231859 93
236105 231859 93
236105 231859 93
236105 231859 93
236105 231859 93
236105 231859 93
236105 231859 93
236105 231859 93
236105 231859 93
236105 231859 93
236105 231859 93
236105 231859 93
230067 239236 94
230067 239236 94
230067 239236 94
230067 239236 94
230067 239236 94
230067 239236 94
230067 239236 94
230067 239236 94
230067 239236 94
230067 239236 94
230067 239236 94
230067 239236 94
230067 239236 94
151143 292455 95
151143 292455 95
151143 292455 95
151143 292455 95
151143 292455 95
151143 292455 95
151143 292455 95
151143 292455 95
151143 292455 95
151143 292455 95
151143 292455 95
151143 292455 95
151143 292455 95
232832 227029 96
232832 227029 96
232832 227029 96
232832 227029 96
232832 227029 96
232832 227029 96
232832 227029 96
232832 227029 96
232832 227029 96
232832 227029 96
232832 227029 96
232832 227029 96
225931 226389 100
225931 226389 100
225931 226389 100
225931 226389 100
225931 226389 100
225931 226389 100
225931 226389 100
225931 226389 100
225931 226389 100
225931 226389 100
225931 226389 100
225931 226389 100
225931 226389 100
236176 243542 100
236176 243542 100
236176 243542 100
236176 243542 100
236176 243542 100
236176 243542 100
236176 243542 100
236176 243542 100
236176 243542 100
236176 243542 100
236176 243542 100
236176 243542 100
236176 243542 100
232831 227819 103
232831 227819 103
232831 227819 103
232831 227819 103
232831 227819 103
232831 227819 103
232831 227819 103
232831 227819 103
232831 227819 103
232831 227819 103
232831 227819 103
232831 227819 103
232831 227819 103
233592 236476 104
233592 236476 104
233592 236476 104
233592 236476 104
233592 236476 104
233592 236476 104
233592 236476 104
233592 236476 104
233592 236476 104
233592 236476 104
233592 236476 104
233592 236476 104
235974 237873 105
235974 237873 105
235974 237873 105
235974 237873 105
235974 237873 105
235974 237873 105
235974 237873 105
235974 237873 105
235974 237873 105
235974 237873 105
235974 237873 105
235974 237873 105
235974 237873 105
238440 239845 106
238440 239845 106
238440 239845 106
238440 239845 106
238440 239845 106
238440 239845 106
238440 239845 106
238440 239845 106
238440 239845 106
238440 239845 106
238440 239845 106
238440 239845 106
231519 229867 113
231519 229867 113
231519 229867 113
231519 229867 113
231519 229867 113
231519 229867 113
231519 229867 113
231519 229867 113
231519 229867 113
231519 229867 113
231519 229867 113
231519 229867 113
285355 227028 116
285355 227028 116
285355 227028 116
285355 227028 116
285355 227028 116
285355 227028 116
285355 227028 116
285355 227028 116
285355 227028 116
285355 227028 116
285355 227028 116
285355 227028 116
285355 227028 116
236067 232360 125
236067 232360 125
236067 232360 125
236067 232360 125
236067 232360 125
236067 232360 125
236067 232360 125
236067 232360 125
236067 232360 125
236067 232360 125
236067 232360 125
236067 232360 125
235966 236898 126
235966 236898 126
235966 236898 126
235966 236898 126
235966 236898 126
235966 236898 126
235966 236898 126
235966 236898 126
235966 236898 126
235966 236898 126
235966 236898 126
235966 236898 126
235966 236898 126
227254 227093 128
227254 227093 128
227254 227093 128
227254 227093 128
227254 227093 128
227254 227093 128
227254 227093 128
227254 227093 128
227254 227093 128
227254 227093 128
227254 227093 128
227254 227093 128
227254 227093 128
237848 227416 132
237848 227416 132
237848 227416 132
237848 227416 132
237848 227416 132
237848 227416 132
237848 227416 132
237848 227416 132
237848 227416 132
237848 227416 132
237848 227416 132
237848 227416 132
237848 227416 132
225931 187723 133
225931 187723 133
225931 187723 133
225931 187723 133
225931 187723 133
225931 187723 133
225931 187723 133
225931 187723 133
225931 187723 133
225931 187723 133
225931 187723 133
225931 187723 133
124698 126479 135
124698 126479 135
124698 126479 135
124698 126479 135
124698 126479 135
124698 126479 135
124698 126479 135
124698 126479 135
124698 126479 135
124698 126479 135
124698 126479 135
124698 126479 135
124698 126479 135
235974 292020 135
235974 292020 135
235974 292020 135
235974 292020 135
235974 292020 135
235974 292020 135
235974 292020 135
235974 292020 135
235974 292020 135
235974 292020 135
235974 292020 135
235974 292020 135
235974 292020 135
242322 229773 135
242322 229773 135
242322 229773 135
242322 229773 135
242322 229773 135
242322 229773 135
242322 229773 135
242322 229773 135
242322 229773 135
242322 229773 135
242322 229773 135
242322 229773 135
242322 229773 135
242322 229773 136
242322 229773 136
242322 229773 136
242322 229773 136
242322 229773 136
242322 229773 136
242322 229773 136
242322 229773 136
242322 229773 136
242322 229773 136
242322 229773 136
242322 229773 136
238716 236924 137
238716 236924 137
238716 236924 137
238716 236924 137
238716 236924 137
238716 236924 137
238716 236924 137
238716 236924 137
238716 236924 137
238716 236924 137
238716 236924 137
238716 236924 137
238716 236924 137
210484 186863 139
210484 186863 139
210484 186863 139
210484 186863 139
210484 186863 139
210484 186863 139
210484 186863 139
210484 186863 139
210484 186863 139
210484 186863 139
210484 186863 139
210484 186863 139
210484 186863 139
236851 236836 140
236851 236836 140
236851 236836 140
236851 236836 140
236851 236836 140
236851 236836 140
236851 236836 140
236851 236836 140
236851 236836 140
236851 236836 140
236851 236836 140
236851 236836 140
290810 230398 144
290810 230398 144
290810 230398 144
290810 230398 144
290810 230398 144
290810 230398 144
290810 230398 144
290810 230398 144
290810 230398 144
290810 230398 144
290810 230398 144
290810 230398 144
290810 230398 144
173825 203079 145
173825 203079 145
173825 203079 145
173825 203079 145
173825 203079 145
173825 203079 145
173825 203079 145
173825 203079 145
173825 203079 145
173825 203079 145
173825 203079 145
173825 203079 145
238214 252007 152
238214 252007 152
238214 252007 152
238214 252007 152
238214 252007 152
238214 252007 152
238214 252007 152
238214 252007 152
238214 252007 152
238214 252007 152
238214 252007 152
238214 252007 152
238214 252007 152
285205 285183 153
285205 285183 153
285205 285183 153
285205 285183 153
285205 285183 153
285205 285183 153
285205 285183 153
285205 285183 153
285205 285183 153
285205 285183 153
285205 285183 153
285205 285183 153
285205 285183 153
282527 291440 153
282527 291440 153
282527 291440 153
282527 291440 153
282527 291440 153
282527 291440 153
282527 291440 153
282527 291440 153
282527 291440 153
282527 291440 153
282527 291440 153
282527 291440 153
251936 240606 158
251936 240606 158
251936 240606 158
251936 240606 158
251936 240606 158
251936 240606 158
251936 240606 158
251936 240606 158
251936 240606 158
251936 240606 158
251936 240606 158
251936 240606 158
236505 233589 160
236505 233589 160
236505 233589 160
236505 233589 160
236505 233589 160
236505 233589 160
236505 233589 160
236505 233589 160
236505 233589 160
236505 233589 160
236505 233589 160
236505 233589 160
236505 233589 160
190857 237971 161
190857 237971 161
190857 237971 161
190857 237971 161
190857 237971 161
190857 237971 161
190857 237971 161
190857 237971 161
190857 237971 161
190857 237971 161
190857 237971 161
190857 237971 161
190857 237971 161
285271 225943 161
285271 225943 161
285271 225943 161
285271 225943 161
285271 225943 161
285271 225943 161
285271 225943 161
285271 225943 161
285271 225943 161
285271 225943 161
285271 225943 161
285271 225943 161
285271 225943 161
195546 237846 161
195546 237846 161
195546 237846 161
195546 237846 161
195546 237846 161
195546 237846 161
195546 237846 161
195546 237846 161
195546 237846 161
195546 237846 161
195546 237846 161
195546 237846 161
233589 236898 162
233589 236898 162
233589 236898 162
233589 236898 162
233589 236898 162
233589 236898 162
233589 236898 162
233589 236898 162
233589 236898 162
233589 236898 162
233589 236898 162
233589 236898 162
268850 289009 163
268850 289009 163
268850 289009 163
268850 289009 163
268850 289009 163
268850 289009 163
268850 289009 163
268850 289009 163
268850 289009 163
268850 289009 163
268850 289009 163
268850 289009 163
240597 293650 163
240597 293650 163
240597 293650 163
240597 293650 163
240597 293650 163
240597 293650 163
240597 293650 163
240597 293650 163
240597 293650 163
240597 293650 163
240597 293650 163
240597 293650 163
236897 252022 164
236897 252022 164
236897 252022 164
236897 252022 164
236897 252022 164
236897 252022 164
236897 252022 164
236897 252022 164
236897 252022 164
236897 252022 164
236897 252022 164
236897 252022 164
236897 252022 164
230398 230081 165
230398 230081 165
230398 230081 165
230398 230081 165
230398 230081 165
230398 230081 165
230398 230081 165
230398 230081 165
230398 230081 165
230398 230081 165
230398 230081 165
230398 230081 165
226961 293650 165
226961 293650 165
226961 293650 165
226961 293650 165
226961 293650 165
226961 293650 165
226961 293650 165
226961 293650 165
226961 293650 165
226961 293650 165
226961 293650 165
226961 293650 165
235974 234654 166
235974 234654 166
235974 234654 166
235974 234654 166
235974 234654 166
235974 234654 166
235974 234654 166
235974 234654 166
235974 234654 166
235974 234654 166
235974 234654 166
235974 234654 166
235974 234654 166
227095 238720 167
227095 238720 167
227095 238720 167
227095 238720 167
227095 238720 167
227095 238720 167
227095 238720 167
227095 238720 167
227095 238720 167
227095 238720 167
227095 238720 167
227095 238720 167
226976 235977 169
226976 235977 169
226976 235977 169
226976 235977 169
226976 235977 169
226976 235977 169
226976 235977 169
226976 235977 169
226976 235977 169
226976 235977 169
226976 235977 169
226976 235977 169
226976 235977 169
173814 230069 170
173814 230069 170
173814 230069 170
173814 230069 170
173814 230069 170
173814 230069 170
173814 230069 170
173814 230069 170
173814 230069 170
173814 230069 170
173814 230069 170
173814 230069 170
173814 230069 170
232189 194603 176
232189 194603 176
232189 194603 176
232189 194603 176
232189 194603 176
232189 194603 176
232189 194603 176
232189 194603 176
232189 194603 176
232189 194603 176
232189 194603 176
232189 194603 176
237991 235935 193
237991 235935 193
237991 235935 193
237991 235935 193
237991 235935 193
237991 235935 193
237991 235935 193
237991 235935 193
237991 235935 193
237991 235935 193
237991 235935 193
237991 235935 193
236888 229867 194
236888 229867 194
236888 229867 194
236888 229867 194
236888 229867 194
236888 229867 194
236888 229867 194
236888 229867 194
236888 229867 194
236888 229867 194
236888 229867 194
236888 229867 194
285500 246116 196
285500 246116 196
285500 246116 196
285500 246116 196
285500 246116 196
285500 246116 196
285500 246116 196
285500 246116 196
285500 246116 196
285500 246116 196
285500 246116 196
285500 246116 196
206283 237886 197
206283 237886 197
206283 237886 197
206283 237886 197
206283 237886 197
206283 237886 197
206283 237886 197
206283 237886 197
206283 237886 197
206283 237886 197
206283 237886 197
206283 237886 197
187715 235945 197
187715 235945 197
187715 235945 197
187715 235945 197
187715 235945 197
187715 235945 197
187715 235945 197
187715 235945 197
187715 235945 197
187715 235945 197
187715 235945 197
187715 235945 197
246116 285486 203
246116 285486 203
246116 285486 203
246116 285486 203
246116 285486 203
246116 285486 203
246116 285486 203
246116 285486 203
246116 285486 203
246116 285486 203
246116 285486 203
246116 285486 203
246116 285486 203
235934 235658 206
235934 235658 206
235934 235658 206
235934 235658 206
235934 235658 206
235934 235658 206
235934 235658 206
235934 235658 206
235934 235658 206
235934 235658 206
235934 235658 206
235934 235658 206
187716 236479 212
187716 236479 212
187716 236479 212
187716 236479 212
187716 236479 212
187716 236479 212
187716 236479 212
187716 236479 212
187716 236479 212
187716 236479 212
187716 236479 212
187716 236479 212
187716 236479 212
153037 236479 213
153037 236479 213
153037 236479 213
153037 236479 213
153037 236479 213
153037 236479 213
153037 236479 213
153037 236479 213
153037 236479 213
153037 236479 213
153037 236479 213
153037 236479 213
153037 236479 213
227731 227296 214
227731 227296 214
227731 227296 214
227731 227296 214
227731 227296 214
227731 227296 214
227731 227296 214
227731 227296 214
227731 227296 214
227731 227296 214
227731 227296 214
227731 227296 214
227731 227296 214
227071 237886 215
227071 237886 215
227071 237886 215
227071 237886 215
227071 237886 215
227071 237886 215
227071 237886 215
227071 237886 215
227071 237886 215
227071 237886 215
227071 237886 215
227071 237886 215
227071 237886 215
226958 239749 219
226958 239749 219
226958 239749 219
226958 239749 219
226958 239749 219
226958 239749 219
226958 239749 219
226958 239749 219
226958 239749 219
226958 239749 219
226958 239749 219
226958 239749 219
245984 246059 219
245984 246059 219
245984 246059 219
245984 246059 219
245984 246059 219
245984 246059 219
245984 246059 219
245984 246059 219
245984 246059 219
245984 246059 219
245984 246059 219
245984 246059 219
245984 246059 219
14813 236898 219
14813 236898 219
14813 236898 219
14813 236898 219
14813 236898 219
14813 236898 219
14813 236898 219
14813 236898 219
14813 236898 219
14813 236898 219
14813 236898 219
14813 236898 219
188433 190915 221
188433 190915 221
188433 190915 221
188433 190915 221
188433 190915 221
188433 190915 221
188433 190915 221
188433 190915 221
188433 190915 221
188433 190915 221
188433 190915 221
188433 190915 221
235659 227077 225
235659 227077 225
235659 227077 225
235659 227077 225
235659 227077 225
235659 227077 225
235659 227077 225
235659 227077 225
235659 227077 225
235659 227077 225
235659 227077 225
235659 227077 225
227076 233584 226
227076 233584 226
227076 233584 226
227076 233584 226
227076 233584 226
227076 233584 226
227076 233584 226
227076 233584 226
227076 233584 226
227076 233584 226
227076 233584 226
227076 233584 226
226831 226966 227
226831 226966 227
226831 226966 227
226831 226966 227
226831 226966 227
226831 226966 227
226831 226966 227
226831 226966 227
226831 226966 227
226831 226966 227
226831 226966 227
226831 226966 227
238630 251936 228
238630 251936 228
238630 251936 228
238630 251936 228
238630 251936 228
238630 251936 228
238630 251936 228
238630 251936 228
238630 251936 228
238630 251936 228
238630 251936 228
238630 251936 228
227076 173806 228
227076 173806 228
227076 173806 228
227076 173806 228
227076 173806 228
227076 173806 228
227076 173806 228
227076 173806 228
227076 173806 228
227076 173806 228
227076 173806 228
227076 173806 228
227076 173806 228
230201 227541 231
230201 227541 231
230201 227541 231
230201 227541 231
230201 227541 231
230201 227541 231
230201 227541 231
230201 227541 231
230201 227541 231
230201 227541 231
230201 227541 231
230201 227541 231
230201 227541 231
233584 227732 232
233584 227732 232
233584 227732 232
233584 227732 232
233584 227732 232
233584 227732 232
233584 227732 232
233584 227732 232
233584 227732 232
233584 227732 232
233584 227732 232
233584 227732 232
233584 227732 232
236090 227345 239
236090 227345 239
236090 227345 239
236090 227345 239
236090 227345 239
236090 227345 239
236090 227345 239
236090 227345 239
236090 227345 239
236090 227345 239
236090 227345 239
236090 227345 239
236090 227345 239
285260 240839 246
285260 240839 246
285260 240839 246
285260 240839 246
285260 240839 246
285260 240839 246
285260 240839 246
285260 240839 246
285260 240839 246
285260 240839 246
285260 240839 246
285260 240839 246
285260 240839 246
235132 233584 251
235132 233584 251
235132 233584 251
235132 233584 251
235132 233584 251
235132 233584 251
235132 233584 251
235132 233584 251
235132 233584 251
235132 233584 251
235132 233584 251
235132 233584 251
235132 233584 251
237353 203453 252
237353 203453 252
237353 203453 252
237353 203453 252
237353 203453 252
237353 203453 252
237353 203453 252
237353 203453 252
237353 203453 252
237353 203453 252
237353 203453 252
237353 203453 252
237353 203453 252
242072 237873 257
242072 237873 257
242072 237873 257
242072 237873 257
242072 237873 257
242072 237873 257
242072 237873 257
242072 237873 257
242072 237873 257
242072 237873 257
242072 237873 257
242072 237873 257
155156 229855 258
155156 229855 258
155156 229855 258
155156 229855 258
155156 229855 258
155156 229855 258
155156 229855 258
155156 229855 258
155156 229855 258
155156 229855 258
155156 229855 258
155156 229855 258
235685 241874 263
235685 241874 263
235685 241874 263
235685 241874 263
235685 241874 263
235685 241874 263
235685 241874 263
235685 241874 263
235685 241874 263
235685 241874 263
235685 241874 263
235685 241874 263
235685 241874 263
225931 237360 264
225931 237360 264
225931 237360 264
225931 237360 264
225931 237360 264
225931 237360 264
225931 237360 264
225931 237360 264
225931 237360 264
225931 237360 264
225931 237360 264
225931 237360 264
290810 235790 279
290810 235790 279
290810 235790 279
290810 235790 279
290810 235790 279
290810 235790 279
290810 235790 279
290810 235790 279
290810 235790 279
290810 235790 279
290810 235790 279
290810 235790 279
239235 235935 284
239235 235935 284
239235 235935 284
239235 235935 284
239235 235935 284
239235 235935 284
239235 235935 284
239235 235935 284
239235 235935 284
239235 235935 284
239235 235935 284
239235 235935 284
239235 235935 284
236137 236897 294
236137 236897 294
236137 236897 294
236137 236897 294
236137 236897 294
236137 236897 294
236137 236897 294
236137 236897 294
236137 236897 294
236137 236897 294
236137 236897 294
236137 236897 294
236137 236897 294
235995 239754 302
235995 239754 302
235995 239754 302
235995 239754 302
235995 239754 302
235995 239754 302
235995 239754 302
235995 239754 302
235995 239754 302
235995 239754 302
235995 239754 302
235995 239754 302
235995 239754 302
246059 291455 312
246059 291455 312
246059 291455 312
246059 291455 312
246059 291455 312
246059 291455 312
246059 291455 312
246059 291455 312
246059 291455 312
246059 291455 312
246059 291455 312
246059 291455 312
246059 291455 312
151107 228034 335
151107 228034 335
151107 228034 335
151107 228034 335
151107 228034 335
151107 228034 335
151107 228034 335
151107 228034 335
151107 228034 335
151107 228034 335
151107 228034 335
151107 228034 335
151107 228034 335
232694 235013 424
232694 235013 424
232694 235013 424
232694 235013 424
232694 235013 424
232694 235013 424
232694 235013 424
232694 235013 424
232694 235013 424
232694 235013 424
232694 235013 424
232694 235013 424
232694 235013 424
230101 14848 431
230101 14848 431
230101 14848 431
230101 14848 431
230101 14848 431
230101 14848 431
230101 14848 431
230101 14848 431
230101 14848 431
230101 14848 431
230101 14848 431
230101 14848 431
230101 14848 431
226580 227098 439
226580 227098 439
226580 227098 439
226580 227098 439
226580 227098 439
226580 227098 439
226580 227098 439
226580 227098 439
226580 227098 439
226580 227098 439
226580 227098 439
226580 227098 439
246086 14812 442
246086 14812 442
246086 14812 442
246086 14812 442
246086 14812 442
246086 14812 442
246086 14812 442
246086 14812 442
246086 14812 442
246086 14812 442
246086 14812 442
246086 14812 442
226590 236866 449
226590 236866 449
226590 236866 449
226590 236866 449
226590 236866 449
226590 236866 449
226590 236866 449
226590 236866 449
226590 236866 449
226590 236866 449
226590 236866 449
226590 236866 449
226590 236866 449
227098 251949 470
227098 251949 470
227098 251949 470
227098 251949 470
227098 251949 470
227098 251949 470
227098 251949 470
227098 251949 470
227098 251949 470
227098 251949 470
227098 251949 470
227098 251949 470
227098 251949 470
272546 235683 480
272546 235683 480
272546 235683 480
272546 235683 480
272546 235683 480
272546 235683 480
272546 235683 480
272546 235683 480
272546 235683 480
272546 235683 480
272546 235683 480
272546 235683 480
272546 235683 480
230069 236921 492
230069 236921 492
230069 236921 492
230069 236921 492
230069 236921 492
230069 236921 492
230069 236921 492
230069 236921 492
230069 236921 492
230069 236921 492
230069 236921 492
230069 236921 492
226580 227093 508
226580 227093 508
226580 227093 508
226580 227093 508
226580 227093 508
226580 227093 508
226580 227093 508
226580 227093 508
226580 227093 508
226580 227093 508
226580 227093 508
226580 227093 508
227230 237848 508
227230 237848 508
227230 237848 508
227230 237848 508
227230 237848 508
227230 237848 508
227230 237848 508
227230 237848 508
227230 237848 508
227230 237848 508
227230 237848 508
227230 237848 508
227230 237848 508
226961 246121 513
226961 246121 513
226961 246121 513
226961 246121 513
226961 246121 513
226961 246121 513
226961 246121 513
226961 246121 513
226961 246121 513
226961 246121 513
226961 246121 513
226961 246121 513
238214 241489 514
238214 241489 514
238214 241489 514
238214 241489 514
238214 241489 514
238214 241489 514
238214 241489 514
238214 241489 514
238214 241489 514
238214 241489 514
238214 241489 514
238214 241489 514
126479 235013 519
126479 235013 519
126479 235013 519
126479 235013 519
126479 235013 519
126479 235013 519
126479 235013 519
126479 235013 519
126479 235013 519
126479 235013 519
126479 235013 519
126479 235013 519
232707 242127 519
232707 242127 519
232707 242127 519
232707 242127 519
232707 242127 519
232707 242127 519
232707 242127 519
232707 242127 519
232707 242127 519
232707 242127 519
232707 242127 519
232707 242127 519
232707 242127 519
293675 186863 526
293675 186863 526
293675 186863 526
293675 186863 526
293675 186863 526
293675 186863 526
293675 186863 526
293675 186863 526
293675 186863 526
293675 186863 526
293675 186863 526
293675 186863 526
293675 186863 526
236854 294268 528
236854 294268 528
236854 294268 528
236854 294268 528
236854 294268 528
236854 294268 528
236854 294268 528
236854 294268 528
236854 294268 528
236854 294268 528
236854 294268 528
236854 294268 528
14791 193616 531
14791 193616 531
14791 193616 531
14791 193616 531
14791 193616 531
14791 193616 531
14791 193616 531
14791 193616 531
14791 193616 531
14791 193616 531
14791 193616 531
14791 193616 531
245976 227010 541
245976 227010 541
245976 227010 541
245976 227010 541
245976 227010 541
245976 227010 541
245976 227010 541
245976 227010 541
245976 227010 541
245976 227010 541
245976 227010 541
245976 227010 541
245976 227010 541
235977 242390 542
235977 242390 542
235977 242390 542
235977 242390 542
235977 242390 542
235977 242390 542
235977 242390 542
235977 242390 542
235977 242390 542
235977 242390 542
235977 242390 542
235977 242390 542
235977 242390 542
227256 243886 559
227256 243886 559
227256 243886 559
227256 243886 559
227256 243886 559
227256 243886 559
227256 243886 559
227256 243886 559
227256 243886 559
227256 243886 559
227256 243886 559
227256 243886 559
227256 243886 559
251980 225626 563
251980 225626 563
251980 225626 563
251980 225626 563
251980 225626 563
251980 225626 563
251980 225626 563
251980 225626 563
251980 225626 563
251980 225626 563
251980 225626 563
251980 225626 563
225614 237843 565
225614 237843 565
225614 237843 565
225614 237843 565
225614 237843 565
225614 237843 565
225614 237843 565
225614 237843 565
225614 237843 565
225614 237843 565
225614 237843 565
225614 237843 565
225614 237843 565
173825 237914 570
173825 237914 570
173825 237914 570
173825 237914 570
173825 237914 570
173825 237914 570
173825 237914 570
173825 237914 570
173825 237914 570
173825 237914 570
173825 237914 570
173825 237914 570
233586 226580 571
233586 226580 571
233586 226580 571
233586 226580 571
233586 226580 571
233586 226580 571
233586 226580 571
233586 226580 571
233586 226580 571
233586 226580 571
233586 226580 571
233586 226580 571
285468 294269 572
285468 294269 572
285468 294269 572
285468 294269 572
285468 294269 572
285468 294269 572
285468 294269 572
285468 294269 572
285468 294269 572
285468 294269 572
285468 294269 572
285468 294269 572
236838 14813 572
236838 14813 572
236838 14813 572
236838 14813 572
236838 14813 572
236838 14813 572
236838 14813 572
236838 14813 572
236838 14813 572
236838 14813 572
236838 14813 572
236838 14813 572
236838 14813 572
234222 243706 572
234222 243706 572
234222 243706 572
234222 243706 572
234222 243706 572
234222 243706 572
234222 243706 572
234222 243706 572
234222 243706 572
234222 243706 572
234222 243706 572
234222 243706 572
234222 243706 572
193636 227079 573
193636 227079 573
193636 227079 573
193636 227079 573
193636 227079 573
193636 227079 573
193636 227079 573
193636 227079 573
193636 227079 573
193636 227079 573
193636 227079 573
193636 227079 573
242036 236067 575
242036 236067 575
242036 236067 575
242036 236067 575
242036 236067 575
242036 236067 575
242036 236067 575
242036 236067 575
242036 236067 575
242036 236067 575
242036 236067 575
242036 236067 575
242036 236067 575
227063 236015 576
227063 236015 576
227063 236015 576
227063 236015 576
227063 236015 576
227063 236015 576
227063 236015 576
227063 236015 576
227063 236015 576
227063 236015 576
227063 236015 576
227063 236015 576
191022 124698 576
191022 124698 576
191022 124698 576
191022 124698 576
191022 124698 576
191022 124698 576
191022 124698 576
191022 124698 576
191022 124698 576
191022 124698 576
191022 124698 576
191022 124698 576
239179 235796 577
239179 235796 577
239179 235796 577
239179 235796 577
239179 235796 577
239179 235796 577
239179 235796 577
239179 235796 577
239179 235796 577
239179 235796 577
239179 235796 577
239179 235796 577
229825 238001 578
229825 238001 578
229825 238001 578
229825 238001 578
229825 238001 578
229825 238001 578
229825 238001 578
229825 238001 578
229825 238001 578
229825 238001 578
229825 238001 578
229825 238001 578
229825 238001 578
225957 242322 579
225957 242322 579
225957 242322 579
225957 242322 579
225957 242322 579
225957 242322 579
225957 242322 579
225957 242322 579
225957 242322 579
225957 242322 579
225957 242322 579
225957 242322 579
225957 242322 579
232686 235964 579
232686 235964 579
232686 235964 579
232686 235964 579
232686 235964 579
232686 235964 579
232686 235964 579
232686 235964 579
232686 235964 579
232686 235964 579
232686 235964 579
232686 235964 579
232686 235964 579
231439 238440 580
231439 238440 580
231439 238440 580
231439 238440 580
231439 238440 580
231439 238440 580
231439 238440 580
231439 238440 580
231439 238440 580
231439 238440 580
231439 238440 580
231439 238440 580
231439 238440 580
240657 151106 580
240657 151106 580
240657 151106 580
240657 151106 580
240657 151106 580
240657 151106 580
240657 151106 580
240657 151106 580
240657 151106 580
240657 151106 580
240657 151106 580
240657 151106 580
240657 151106 580
285271 239179 581
285271 239179 581
285271 239179 581
285271 239179 581
285271 239179 581
285271 239179 581
285271 239179 581
285271 239179 581
285271 239179 581
285271 239179 581
285271 239179 581
285271 239179 581
285271 239179 581
151125 150231 582
151125 150231 582
151125 150231 582
151125 150231 582
151125 150231 582
151125 150231 582
151125 150231 582
151125 150231 582
151125 150231 582
151125 150231 582
151125 150231 582
151125 150231 582
151125 150231 582
226382 246119 583
226382 246119 583
226382 246119 583
226382 246119 583
226382 246119 583
226382 246119 583
226382 246119 583
226382 246119 583
226382 246119 583
226382 246119 583
226382 246119 583
226382 246119 583
235974 230067 583
235974 230067 583
235974 230067 583
235974 230067 583
235974 230067 583
235974 230067 583
235974 230067 583
235974 230067 583
235974 230067 583
235974 230067 583
235974 230067 583
235974 230067 583
226382 246119 584
226382 246119 584
226382 246119 584
226382 246119 584
226382 246119 584
226382 246119 584
226382 246119 584
226382 246119 584
226382 246119 584
226382 246119 584
226382 246119 584
226382 246119 584
240657 227732 588
240657 227732 588
240657 227732 588
240657 227732 588
240657 227732 588
240657 227732 588
240657 227732 588
240657 227732 588
240657 227732 588
240657 227732 588
240657 227732 588
240657 227732 588
235132 239755 590
235132 239755 590
235132 239755 590
235132 239755 590
235132 239755 590
235132 239755 590
235132 239755 590
235132 239755 590
235132 239755 590
235132 239755 590
235132 239755 590
235132 239755 590
235132 239755 590
236029 151154 595
236029 151154 595
236029 151154 595
236029 151154 595
236029 151154 595
236029 151154 595
236029 151154 595
236029 151154 595
236029 151154 595
236029 151154 595
236029 151154 595
236029 151154 595
229521 235080 597
229521 235080 597
229521 235080 597
229521 235080 597
229521 235080 597
229521 235080 597
229521 235080 597
229521 235080 597
229521 235080 597
229521 235080 597
229521 235080 597
229521 235080 597
229521 235080 597
238630 14788 600
238630 14788 600
238630 14788 600
238630 14788 600
238630 14788 600
238630 14788 600
238630 14788 600
238630 14788 600
238630 14788 600
238630 14788 600
238630 14788 600
238630 14788 600
238630 14788 600
233585 235659 602
233585 235659 602
233585 235659 602
233585 235659 602
233585 235659 602
233585 235659 602
233585 235659 602
233585 235659 602
233585 235659 602
233585 235659 602
233585 235659 602
233585 235659 602
232189 202634 602
232189 202634 602
232189 202634 602
232189 202634 602
232189 202634 602
232189 202634 602
232189 202634 602
232189 202634 602
232189 202634 602
232189 202634 602
232189 202634 602
232189 202634 602
232189 202634 602
124700 225931 606
124700 225931 606
124700 225931 606
124700 225931 606
124700 225931 606
124700 225931 606
124700 225931 606
124700 225931 606
124700 225931 606
124700 225931 606
124700 225931 606
124700 225931 606
124700 225931 606
226972 235974 608
226972 235974 608
226972 235974 608
226972 235974 608
226972 235974 608
226972 235974 608
226972 235974 608
226972 235974 608
226972 235974 608
226972 235974 608
226972 235974 608
226972 235974 608
14722 236010 611
14722 236010 611
14722 236010 611
14722 236010 611
14722 236010 611
14722 236010 611
14722 236010 611
14722 236010 611
14722 236010 611
14722 236010 611
14722 236010 611
14722 236010 611
14722 236010 611
236887 227272 611
236887 227272 611
236887 227272 611
236887 227272 611
236887 227272 611
236887 227272 611
236887 227272 611
236887 227272 611
236887 227272 611
236887 227272 611
236887 227272 611
236887 227272 611
235790 233587 613
235790 233587 613
235790 233587 613
235790 233587 613
235790 233587 613
235790 233587 613
235790 233587 613
235790 233587 613
235790 233587 613
235790 233587 613
235790 233587 613
235790 233587 613
235790 233587 613
227272 236157 615
227272 236157 615
227272 236157 615
227272 236157 615
227272 236157 615
227272 236157 615
227272 236157 615
227272 236157 615
227272 236157 615
227272 236157 615
227272 236157 615
227272 236157 615
236878 252009 616
236878 252009 616
236878 252009 616
236878 252009 616
236878 252009 616
236878 252009 616
236878 252009 616
236878 252009 616
236878 252009 616
236878 252009 616
236878 252009 616
236878 252009 616
236878 252009 616
203417 232046 616
203417 232046 616
203417 232046 616
203417 232046 616
203417 232046 616
203417 232046 616
203417 232046 616
203417 232046 616
203417 232046 616
203417 232046 616
203417 232046 616
203417 232046 616
229827 233461 620
229827 233461 620
229827 233461 620
229827 233461 620
229827 233461 620
229827 233461 620
229827 233461 620
229827 233461 620
229827 233461 620
229827 233461 620
229827 233461 620
229827 233461 620
176260 230656 622
176260 230656 622
176260 230656 622
176260 230656 622
176260 230656 622
176260 230656 622
176260 230656 622
176260 230656 622
176260 230656 622
176260 230656 622
176260 230656 622
176260 230656 622
232707 230167 626
232707 230167 626
232707 230167 626
232707 230167 626
232707 230167 626
232707 230167 626
232707 230167 626
232707 230167 626
232707 230167 626
232707 230167 626
232707 230167 626
232707 230167 626
230197 225922 628
230197 225922 628
230197 225922 628
230197 225922 628
230197 225922 628
230197 225922 628
230197 225922 628
230197 225922 628
230197 225922 628
230197 225922 628
230197 225922 628
230197 225922 628
230197 225922 628
190920 235687 629
190920 235687 629
190920 235687 629
190920 235687 629
190920 235687 629
190920 235687 629
190920 235687 629
190920 235687 629
190920 235687 629
190920 235687 629
190920 235687 629
190920 235687 629
190920 235687 629
174458 291453 631
174458 291453 631
174458 291453 631
174458 291453 631
174458 291453 631
174458 291453 631
174458 291453 631
174458 291453 631
174458 291453 631
174458 291453 631
174458 291453 631
174458 291453 631
174458 291453 631
237967 239001 632
237967 239001 632
237967 239001 632
237967 239001 632
237967 239001 632
237967 239001 632
237967 239001 632
237967 239001 632
237967 239001 632
237967 239001 632
237967 239001 632
237967 239001 632
237967 239001 632
235982 229867 633
235982 229867 633
235982 229867 633
235982 229867 633
235982 229867 633
235982 229867 633
235982 229867 633
235982 229867 633
235982 229867 633
235982 229867 633
235982 229867 633
235982 229867 633
153037 190875 634
153037 190875 634
153037 190875 634
153037 190875 634
153037 190875 634
153037 190875 634
153037 190875 634
153037 190875 634
153037 190875 634
153037 190875 634
153037 190875 634
153037 190875 634
227537 236951 635
227537 236951 635
227537 236951 635
227537 236951 635
227537 236951 635
227537 236951 635
227537 236951 635
227537 236951 635
227537 236951 635
227537 236951 635
227537 236951 635
227537 236951 635
227537 236951 635
242036 237848 639
242036 237848 639
242036 237848 639
242036 237848 639
242036 237848 639
242036 237848 639
242036 237848 639
242036 237848 639
242036 237848 639
242036 237848 639
242036 237848 639
242036 237848 639
242036 237848 639
186852 14785 640
186852 14785 640
186852 14785 640
186852 14785 640
186852 14785 640
186852 14785 640
186852 14785 640
186852 14785 640
186852 14785 640
186852 14785 640
186852 14785 640
186852 14785 640
240630 265920 641
240630 265920 641
240630 265920 641
240630 265920 641
240630 265920 641
240630 265920 641
240630 265920 641
240630 265920 641
240630 265920 641
240630 265920 641
240630 265920 641
240630 265920 641
240630 265920 641
233584 236836 643
233584 236836 643
233584 236836 643
233584 236836 643
233584 236836 643
233584 236836 643
233584 236836 643
233584 236836 643
233584 236836 643
233584 236836 643
233584 236836 643
233584 236836 643
173814 235690 648
173814 235690 648
173814 235690 648
173814 235690 648
173814 235690 648
173814 235690 648
173814 235690 648
173814 235690 648
173814 235690 648
173814 235690 648
173814 235690 648
173814 235690 648
227885 230110 650
227885 230110 650
227885 230110 650
227885 230110 650
227885 230110 650
227885 230110 650
227885 230110 650
227885 230110 650
227885 230110 650
227885 230110 650
227885 230110 650
227885 230110 650
227885 230110 650
174464 190887 653
174464 190887 653
174464 190887 653
174464 190887 653
174464 190887 653
174464 190887 653
174464 190887 653
174464 190887 653
174464 190887 653
174464 190887 653
174464 190887 653
174464 190887 653
174464 190887 653
242322 235811 656
242322 235811 656
242322 235811 656
242322 235811 656
242322 235811 656
242322 235811 656
242322 235811 656
242322 235811 656
242322 235811 656
242322 235811 656
242322 235811 656
242322 235811 656
235811 295206 658
235811 295206 658
235811 295206 658
235811 295206 658
235811 295206 658
235811 295206 658
235811 295206 658
235811 295206 658
235811 295206 658
235811 295206 658
235811 295206 658
235811 295206 658
235811 295206 658
190915 227071 661
190915 227071 661
190915 227071 661
190915 227071 661
190915 227071 661
190915 227071 661
190915 227071 661
190915 227071 661
190915 227071 661
190915 227071 661
190915 227071 661
190915 227071 661
190915 227071 661
209468 237851 663
209468 237851 663
209468 237851 663
209468 237851 663
209468 237851 663
209468 237851 663
209468 237851 663
209468 237851 663
209468 237851 663
209468 237851 663
209468 237851 663
209468 237851 663
209468 237851 663
292810 192942 663
292810 192942 663
292810 192942 663
292810 192942 663
292810 192942 663
292810 192942 663
292810 192942 663
292810 192942 663
292810 192942 663
292810 192942 663
292810 192942 663
292810 192942 663
239823 155156 664
239823 155156 664
239823 155156 664
239823 155156 664
239823 155156 664
239823 155156 664
239823 155156 664
239823 155156 664
239823 155156 664
239823 155156 664
239823 155156 664
239823 155156 664
236897 252007 666
236897 252007 666
236897 252007 666
236897 252007 666
236897 252007 666
236897 252007 666
236897 252007 666
236897 252007 666
236897 252007 666
236897 252007 666
236897 252007 666
236897 252007 666
291425 294567 667
291425 294567 667
291425 294567 667
291425 294567 667
291425 294567 667
291425 294567 667
291425 294567 667
291425 294567 667
291425 294567 667
291425 294567 667
291425 294567 667
291425 294567 667
233608 234214 668
233608 234214 668
233608 234214 668
233608 234214 668
233608 234214 668
233608 234214 668
233608 234214 668
233608 234214 668
233608 234214 668
233608 234214 668
233608 234214 668
233608 234214 668
235974 14921 674
235974 14921 674
235974 14921 674
235974 14921 674
235974 14921 674
235974 14921 674
235974 14921 674
235974 14921 674
235974 14921 674
235974 14921 674
235974 14921 674
235974 14921 674
235974 14921 674
186841 235687 674
186841 235687 674
186841 235687 674
186841 235687 674
186841 235687 674
186841 235687 674
186841 235687 674
186841 235687 674
186841 235687 674
186841 235687 674
186841 235687 674
186841 235687 674
186841 235687 674
190921 235673 677
190921 235673 677
190921 235673 677
190921 235673 677
190921 235673 677
190921 235673 677
190921 235673 677
190921 235673 677
190921 235673 677
190921 235673 677
190921 235673 677
190921 235673 677
190921 235673 677
236004 232684 678
236004 232684 678
236004 232684 678
236004 232684 678
236004 232684 678
236004 232684 678
236004 232684 678
236004 232684 678
236004 232684 678
236004 232684 678
236004 232684 678
236004 232684 678
227081 235126 678
227081 235126 678
227081 235126 678
227081 235126 678
227081 235126 678
227081 235126 678
227081 235126 678
227081 235126 678
227081 235126 678
227081 235126 678
227081 235126 678
227081 235126 678
227081 235126 678
242072 241873 683
242072 241873 683
242072 241873 683
242072 241873 683
242072 241873 683
242072 241873 683
242072 241873 683
242072 241873 683
242072 241873 683
242072 241873 683
242072 241873 683
242072 241873 683
242072 241873 683
288209 294270 685
288209 294270 685
288209 294270 685
288209 294270 685
288209 294270 685
288209 294270 685
288209 294270 685
288209 294270 685
288209 294270 685
288209 294270 685
288209 294270 685
288209 294270 685
266418 246086 687
266418 246086 687
266418 246086 687
266418 246086 687
266418 246086 687
266418 246086 687
266418 246086 687
266418 246086 687
266418 246086 687
266418 246086 687
266418 246086 687
266418 246086 687
246108 295184 689
246108 295184 689
246108 295184 689
246108 295184 689
246108 295184 689
246108 295184 689
246108 295184 689
246108 295184 689
246108 295184 689
246108 295184 689
246108 295184 689
246108 295184 689
246108 295184 689
246086 270401 692
246086 270401 692
246086 270401 692
246086 270401 692
246086 270401 692
246086 270401 692
246086 270401 692
246086 270401 692
246086 270401 692
246086 270401 692
246086 270401 692
246086 270401 692
246086 270401 692
295221 245940 692
295221 245940 692
295221 245940 692
295221 245940 692
295221 245940 692
295221 245940 692
295221 245940 692
295221 245940 692
295221 245940 692
295221 245940 692
295221 245940 692
295221 245940 692
262514 270401 695
262514 270401 695
262514 270401 695
262514 270401 695
262514 270401 695
262514 270401 695
262514 270401 695
262514 270401 695
262514 270401 695
262514 270401 695
262514 270401 695
262514 270401 695
262514 270401 695
225931 228013 695
225931 228013 695
225931 228013 695
225931 228013 695
225931 228013 695
225931 228013 695
225931 228013 695
225931 228013 695
225931 228013 695
225931 228013 695
225931 228013 695
225931 228013 695
153037 238631 696
153037 238631 696
153037 238631 696
153037 238631 696
153037 238631 696
153037 238631 696
153037 238631 696
153037 238631 696
153037 238631 696
153037 238631 696
153037 238631 696
153037 238631 696
153037 238631 696
233599 235982 698
233599 235982 698
233599 235982 698
233599 235982 698
233599 235982 698
233599 235982 698
233599 235982 698
233599 235982 698
233599 235982 698
233599 235982 698
233599 235982 698
233599 235982 698
289042 245978 700
289042 245978 700
289042 245978 700
289042 245978 700
289042 245978 700
289042 245978 700
289042 245978 700
289042 245978 700
289042 245978 700
289042 245978 700
289042 245978 700
289042 245978 700
291472 286605 700
291472 286605 700
291472 286605 700
291472 286605 700
291472 286605 700
291472 286605 700
291472 286605 700
291472 286605 700
291472 286605 700
291472 286605 700
291472 286605 700
291472 286605 700
235683 242213 702
235683 242213 702
235683 242213 702
235683 242213 702
235683 242213 702
235683 242213 702
235683 242213 702
235683 242213 702
235683 242213 702
235683 242213 702
235683 242213 702
235683 242213 702
226976 284258 705
226976 284258 705
226976 284258 705
226976 284258 705
226976 284258 705
226976 284258 705
226976 284258 705
226976 284258 705
226976 284258 705
226976 284258 705
226976 284258 705
226976 284258 705
226976 284258 705
225931 190921 705
225931 190921 705
225931 190921 705
225931 190921 705
225931 190921 705
225931 190921 705
225931 190921 705
225931 190921 705
225931 190921 705
225931 190921 705
225931 190921 705
225931 190921 705
289042 245978 708
289042 245978 708
289042 245978 708
289042 245978 708
289042 245978 708
289042 245978 708
289042 245978 708
289042 245978 708
289042 245978 708
289042 245978 708
289042 245978 708
289042 245978 708
236065 10939 708
236065 10939 708
236065 10939 708
236065 10939 708
236065 10939 708
236065 10939 708
236065 10939 708
236065 10939 708
236065 10939 708
236065 10939 708
236065 10939 708
236065 10939 708
236065 10939 708
226754 226402 711
226754 226402 711
226754 226402 711
226754 226402 711
226754 226402 711
226754 226402 711
226754 226402 711
226754 226402 711
226754 226402 711
226754 226402 711
226754 226402 711
226754 226402 711
226754 226402 711
238631 235657 712
238631 235657 712
238631 235657 712
238631 235657 712
238631 235657 712
238631 235657 712
238631 235657 712
238631 235657 712
238631 235657 712
238631 235657 712
238631 235657 712
238631 235657 712
227532 230701 712
227532 230701 712
227532 230701 712
227532 230701 712
227532 230701 712
227532 230701 712
227532 230701 712
227532 230701 712
227532 230701 712
227532 230701 712
227532 230701 712
227532 230701 712
235974 246072 715
235974 246072 715
235974 246072 715
235974 246072 715
235974 246072 715
235974 246072 715
235974 246072 715
235974 246072 715
235974 246072 715
235974 246072 715
235974 246072 715
235974 246072 715
226981 226974 715
226981 226974 715
226981 226974 715
226981 226974 715
226981 226974 715
226981 226974 715
226981 226974 715
226981 226974 715
226981 226974 715
226981 226974 715
226981 226974 715
226981 226974 715
226981 226974 715
230701 239754 716
230701 239754 716
230701 239754 716
230701 239754 716
230701 239754 716
230701 239754 716
230701 239754 716
230701 239754 716
230701 239754 716
230701 239754 716
230701 239754 716
230701 239754 716
230701 239754 716
235125 246072 717
235125 246072 717
235125 246072 717
235125 246072 717
235125 246072 717
235125 246072 717
235125 246072 717
235125 246072 717
235125 246072 717
235125 246072 717
235125 246072 717
235125 246072 717
235125 246072 717
173801 203453 718
173801 203453 718
173801 203453 718
173801 203453 718
173801 203453 718
173801 203453 718
173801 203453 718
173801 203453 718
173801 203453 718
173801 203453 718
173801 203453 718
173801 203453 718
173801 203453 718
295184 274607 718
295184 274607 718
295184 274607 718
295184 274607 718
295184 274607 718
295184 274607 718
295184 274607 718
295184 274607 718
295184 274607 718
295184 274607 718
295184 274607 718
295184 274607 718
282897 285271 719
282897 285271 719
282897 285271 719
282897 285271 719
282897 285271 719
282897 285271 719
282897 285271 719
282897 285271 719
282897 285271 719
282897 285271 719
282897 285271 719
282897 285271 719
240557 227823 721
240557 227823 721
240557 227823 721
240557 227823 721
240557 227823 721
240557 227823 721
240557 227823 721
240557 227823 721
240557 227823 721
240557 227823 721
240557 227823 721
240557 227823 721
240557 227823 721
237845 235990 722
237845 235990 722
237845 235990 722
237845 235990 722
237845 235990 722
237845 235990 722
237845 235990 722
237845 235990 722
237845 235990 722
237845 235990 722
237845 235990 722
237845 235990 722
237845 235990 722
232707 227260 724
232707 227260 724
232707 227260 724
232707 227260 724
232707 227260 724
232707 227260 724
232707 227260 724
232707 227260 724
232707 227260 724
232707 227260 724
232707 227260 724
232707 227260 724
235974 14800 726
235974 14800 726
235974 14800 726
235974 14800 726
235974 14800 726
235974 14800 726
235974 14800 726
235974 14800 726
235974 14800 726
235974 14800 726
235974 14800 726
235974 14800 726
235974 14800 726
236506 226753 735
236506 226753 735
236506 226753 735
236506 226753 735
236506 226753 735
236506 226753 735
236506 226753 735
236506 226753 735
236506 226753 735
236506 226753 735
236506 226753 735
236506 226753 735
236506 226753 735
175186 200258 747
175186 200258 747
175186 200258 747
175186 200258 747
175186 200258 747
175186 200258 747
175186 200258 747
175186 200258 747
175186 200258 747
175186 200258 747
175186 200258 747
175186 200258 747
284260 226970 748
284260 226970 748
284260 226970 748
284260 226970 748
284260 226970 748
284260 226970 748
284260 226970 748
284260 226970 748
284260 226970 748
284260 226970 748
284260 226970 748
284260 226970 748
240629 225931 748
240629 225931 748
240629 225931 748
240629 225931 748
240629 225931 748
240629 225931 748
240629 225931 748
240629 225931 748
240629 225931 748
240629 225931 748
240629 225931 748
240629 225931 748
228100 239179 751
228100 239179 751
228100 239179 751
228100 239179 751
228100 239179 751
228100 239179 751
228100 239179 751
228100 239179 751
228100 239179 751
228100 239179 751
228100 239179 751
228100 239179 751
228100 239179 751
243708 225614 753
243708 225614 753
243708 225614 753
243708 225614 753
243708 225614 753
243708 225614 753
243708 225614 753
243708 225614 753
243708 225614 753
243708 225614 753
243708 225614 753
243708 225614 753
231862 236141 754
231862 236141 754
231862 236141 754
231862 236141 754
231862 236141 754
231862 236141 754
231862 236141 754
231862 236141 754
231862 236141 754
231862 236141 754
231862 236141 754
231862 236141 754
225614 237848 755
225614 237848 755
225614 237848 755
225614 237848 755
225614 237848 755
225614 237848 755
225614 237848 755
225614 237848 755
225614 237848 755
225614 237848 755
225614 237848 755
225614 237848 755
225614 237848 755
245932 286605 756
245932 286605 756
245932 286605 756
245932 286605 756
245932 286605 756
245932 286605 756
245932 286605 756
245932 286605 756
245932 286605 756
245932 286605 756
245932 286605 756
245932 286605 756
239045 242036 756
239045 242036 756
239045 242036 756
239045 242036 756
239045 242036 756
239045 242036 756
239045 242036 756
239045 242036 756
239045 242036 756
239045 242036 756
239045 242036 756
239045 242036 756
285455 286615 756
285455 286615 756
285455 286615 756
285455 286615 756
285455 286615 756
285455 286615 756
285455 286615 756
285455 286615 756
285455 286615 756
285455 286615 756
285455 286615 756
285455 286615 756
285455 286615 756
239179 236923 758
239179 236923 758
239179 236923 758
239179 236923 758
239179 236923 758
239179 236923 758
239179 236923 758
239179 236923 758
239179 236923 758
239179 236923 758
239179 236923 758
239179 236923 758
239179 236923 758
235127 232834 760
235127 232834 760
235127 232834 760
235127 232834 760
235127 232834 760
235127 232834 760
235127 232834 760
235127 232834 760
235127 232834 760
235127 232834 760
235127 232834 760
235127 232834 760
155156 236482 761
155156 236482 761
155156 236482 761
155156 236482 761
155156 236482 761
155156 236482 761
155156 236482 761
155156 236482 761
155156 236482 761
155156 236482 761
155156 236482 761
155156 236482 761
231441 226242 761
231441 226242 761
231441 226242 761
231441 226242 761
231441 226242 761
231441 226242 761
231441 226242 761
231441 226242 761
231441 226242 761
231441 226242 761
231441 226242 761
231441 226242 761
231441 226242 761
237848 230696 767
237848 230696 767
237848 230696 767
237848 230696 767
237848 230696 767
237848 230696 767
237848 230696 767
237848 230696 767
237848 230696 767
237848 230696 767
237848 230696 767
237848 230696 767
237848 230696 767
236480 225931 767
236480 225931 767
236480 225931 767
236480 225931 767
236480 225931 767
236480 225931 767
236480 225931 767
236480 225931 767
236480 225931 767
236480 225931 767
236480 225931 767
236480 225931 767
225931 227098 770
225931 227098 770
225931 227098 770
225931 227098 770
225931 227098 770
225931 227098 770
225931 227098 770
225931 227098 770
225931 227098 770
225931 227098 770
225931 227098 770
225931 227098 770
236105 240839 771
236105 240839 771
236105 240839 771
236105 240839 771
236105 240839 771
236105 240839 771
236105 240839 771
236105 240839 771
236105 240839 771
236105 240839 771
236105 240839 771
236105 240839 771
9247 200262 775
9247 200262 775
9247 200262 775
9247 200262 775
9247 200262 775
9247 200262 775
9247 200262 775
9247 200262 775
9247 200262 775
9247 200262 775
9247 200262 775
9247 200262 775
9247 200262 775
236015 235942 776
236015 235942 776
236015 235942 776
236015 235942 776
236015 235942 776
236015 235942 776
236015 235942 776
236015 235942 776
236015 235942 776
236015 235942 776
236015 235942 776
236015 235942 776
227541 232694 779
227541 232694 779
227541 232694 779
227541 232694 779
227541 232694 779
227541 232694 779
227541 232694 779
227541 232694 779
227541 232694 779
227541 232694 779
227541 232694 779
227541 232694 779
227541 232694 779
251999 235974 787
251999 235974 787
251999 235974 787
251999 235974 787
251999 235974 787
251999 235974 787
251999 235974 787
251999 235974 787
251999 235974 787
251999 235974 787
251999 235974 787
251999 235974 787
232694 228143 788
232694 228143 788
232694 228143 788
232694 228143 788
232694 228143 788
232694 228143 788
232694 228143 788
232694 228143 788
232694 228143 788
232694 228143 788
232694 228143 788
232694 228143 788
232694 228143 788
292432 155156 791
292432 155156 791
292432 155156 791
292432 155156 791
292432 155156 791
292432 155156 791
292432 155156 791
292432 155156 791
292432 155156 791
292432 155156 791
292432 155156 791
292432 155156 791
292432 155156 791
242460 228127 791
242460 228127 791
242460 228127 791
242460 228127 791
242460 228127 791
242460 228127 791
242460 228127 791
242460 228127 791
242460 228127 791
242460 228127 791
242460 228127 791
242460 228127 791
242460 228127 791
236024 235982 795
236024 235982 795
236024 235982 795
236024 235982 795
236024 235982 795
236024 235982 795
236024 235982 795
236024 235982 795
236024 235982 795
236024 235982 795
236024 235982 795
236024 235982 795
173797 187715 796
173797 187715 796
173797 187715 796
173797 187715 796
173797 187715 796
173797 187715 796
173797 187715 796
173797 187715 796
173797 187715 796
173797 187715 796
173797 187715 796
173797 187715 796
174828 290210 797
174828 290210 797
174828 290210 797
174828 290210 797
174828 290210 797
174828 290210 797
174828 290210 797
174828 290210 797
174828 290210 797
174828 290210 797
174828 290210 797
174828 290210 797
235966 232684 799
235966 232684 799
235966 232684 799
235966 232684 799
235966 232684 799
235966 232684 799
235966 232684 799
235966 232684 799
235966 232684 799
235966 232684 799
235966 232684 799
235966 232684 799
233585 227071 801
233585 227071 801
233585 227071 801
233585 227071 801
233585 227071 801
233585 227071 801
233585 227071 801
233585 227071 801
233585 227071 801
233585 227071 801
233585 227071 801
233585 227071 801
242216 227071 802
242216 227071 802
242216 227071 802
242216 227071 802
242216 227071 802
242216 227071 802
242216 227071 802
242216 227071 802
242216 227071 802
242216 227071 802
242216 227071 802
242216 227071 802
242216 227071 802
226754 14812 803
226754 14812 803
226754 14812 803
226754 14812 803
226754 14812 803
226754 14812 803
226754 14812 803
226754 14812 803
226754 14812 803
226754 14812 803
226754 14812 803
226754 14812 803
226754 14812 803
291449 236835 805
291449 236835 805
291449 236835 805
291449 236835 805
291449 236835 805
291449 236835 805
291449 236835 805
291449 236835 805
291449 236835 805
291449 236835 805
291449 236835 805
291449 236835 805
232030 225957 813
232030 225957 813
232030 225957 813
232030 225957 813
232030 225957 813
232030 225957 813
232030 225957 813
232030 225957 813
232030 225957 813
232030 225957 813
232030 225957 813
232030 225957 813
232030 225957 813
193609 200260 816
193609 200260 816
193609 200260 816
193609 200260 816
193609 200260 816
193609 200260 816
193609 200260 816
193609 200260 816
193609 200260 816
193609 200260 816
193609 200260 816
193609 200260 816
193609 200260 816
193631 291426 817
193631 291426 817
193631 291426 817
193631 291426 817
193631 291426 817
193631 291426 817
193631 291426 817
193631 291426 817
193631 291426 817
193631 291426 817
193631 291426 817
193631 291426 817
230957 236015 823
230957 236015 823
230957 236015 823
230957 236015 823
230957 236015 823
230957 236015 823
230957 236015 823
230957 236015 823
230957 236015 823
230957 236015 823
230957 236015 823
230957 236015 823
228112 14813 824
228112 14813 824
228112 14813 824
228112 14813 824
228112 14813 824
228112 14813 824
228112 14813 824
228112 14813 824
228112 14813 824
228112 14813 824
228112 14813 824
228112 14813 824
228112 14813 824
236913 242091 829
236913 242091 829
236913 242091 829
236913 242091 829
236913 242091 829
236913 242091 829
236913 242091 829
236913 242091 829
236913 242091 829
236913 242091 829
236913 242091 829
236913 242091 829
236913 242091 829
233615 246111 833
233615 246111 833
233615 246111 833
233615 246111 833
233615 246111 833
233615 246111 833
233615 246111 833
233615 246111 833
233615 246111 833
233615 246111 833
233615 246111 833
233615 246111 833
233615 246111 833
236845 268393 834
236845 268393 834
236845 268393 834
236845 268393 834
236845 268393 834
236845 268393 834
236845 268393 834
236845 268393 834
236845 268393 834
236845 268393 834
236845 268393 834
236845 268393 834
291426 235938 841
291426 235938 841
291426 235938 841
291426 235938 841
291426 235938 841
291426 235938 841
291426 235938 841
291426 235938 841
291426 235938 841
291426 235938 841
291426 235938 841
291426 235938 841
226968 225931 842
226968 225931 842
226968 225931 842
226968 225931 842
226968 225931 842
226968 225931 842
226968 225931 842
226968 225931 842
226968 225931 842
226968 225931 842
226968 225931 842
226968 225931 842
173873 231864 844
173873 231864 844
173873 231864 844
173873 231864 844
173873 231864 844
173873 231864 844
173873 231864 844
173873 231864 844
173873 231864 844
173873 231864 844
173873 231864 844
173873 231864 844
173873 231864 844
230957 233619 845
230957 233619 845
230957 233619 845
230957 233619 845
230957 233619 845
230957 233619 845
230957 233619 845
230957 233619 845
230957 233619 845
230957 233619 845
230957 233619 845
230957 233619 845
251928 202632 859
251928 202632 859
251928 202632 859
251928 202632 859
251928 202632 859
251928 202632 859
251928 202632 859
251928 202632 859
251928 202632 859
251928 202632 859
251928 202632 859
251928 202632 859
251928 202632 859
227716 239844 860
227716 239844 860
227716 239844 860
227716 239844 860
227716 239844 860
227716 239844 860
227716 239844 860
227716 239844 860
227716 239844 860
227716 239844 860
227716 239844 860
227716 239844 860
227716 239844 860
235134 226967 863
235134 226967 863
235134 226967 863
235134 226967 863
235134 226967 863
235134 226967 863
235134 226967 863
235134 226967 863
235134 226967 863
235134 226967 863
235134 226967 863
235134 226967 863
285455 228105 881
285455 228105 881
285455 228105 881
285455 228105 881
285455 228105 881
285455 228105 881
285455 228105 881
285455 228105 881
285455 228105 881
285455 228105 881
285455 228105 881
285455 228105 881
228131 227099 906
228131 227099 906
228131 227099 906
228131 227099 906
228131 227099 906
228131 227099 906
228131 227099 906
228131 227099 906
228131 227099 906
228131 227099 906
228131 227099 906
228131 227099 906
228131 227099 906
242114 239017 931
242114 239017 931
242114 239017 931
242114 239017 931
242114 239017 931
242114 239017 931
242114 239017 931
242114 239017 931
242114 239017 931
242114 239017 931
242114 239017 931
242114 239017 931
295112 14921 932
295112 14921 932
295112 14921 932
295112 14921 932
295112 14921 932
295112 14921 932
295112 14921 932
295112 14921 932
295112 14921 932
295112 14921 932
295112 14921 932
295112 14921 932
291455 14921 932
291455 14921 932
291455 14921 932
291455 14921 932
291455 14921 932
291455 14921 932
291455 14921 932
291455 14921 932
291455 14921 932
291455 14921 932
291455 14921 932
291455 14921 932
236157 236015 939
236157 236015 939
236157 236015 939
236157 236015 939
236157 236015 939
236157 236015 939
236157 236015 939
236157 236015 939
236157 236015 939
236157 236015 939
236157 236015 939
236157 236015 939
236157 236015 939
235683 235974 947
235683 235974 947
235683 235974 947
235683 235974 947
235683 235974 947
235683 235974 947
235683 235974 947
235683 235974 947
235683 235974 947
235683 235974 947
235683 235974 947
235683 235974 947
236895 228132 1031
236895 228132 1031
236895 228132 1031
236895 228132 1031
236895 228132 1031
236895 228132 1031
236895 228132 1031
236895 228132 1031
236895 228132 1031
236895 228132 1031
236895 228132 1031
236895 228132 1031
236895 228132 1031
230103 228132 1031
230103 228132 1031
230103 228132 1031
230103 228132 1031
230103 228132 1031
230103 228132 1031
230103 228132 1031
230103 228132 1031
230103 228132 1031
230103 228132 1031
230103 228132 1031
230103 228132 1031
230103 228132 1031
14813 295206 1058
14813 295206 1058
14813 295206 1058
14813 295206 1058
14813 295206 1058
14813 295206 1058
14813 295206 1058
14813 295206 1058
14813 295206 1058
14813 295206 1058
14813 295206 1058
14813 295206 1058
14813 295206 1058
242339 294569 1058
242339 294569 1058
242339 294569 1058
242339 294569 1058
242339 294569 1058
242339 294569 1058
242339 294569 1058
242339 294569 1058
242339 294569 1058
242339 294569 1058
242339 294569 1058
242339 294569 1058
242339 294569 1058
262387 236857 1060
262387 236857 1060
262387 236857 1060
262387 236857 1060
262387 236857 1060
262387 236857 1060
262387 236857 1060
262387 236857 1060
262387 236857 1060
262387 236857 1060
262387 236857 1060
262387 236857 1060
246116 230655 1069
246116 230655 1069
246116 230655 1069
246116 230655 1069
246116 230655 1069
246116 230655 1069
246116 230655 1069
246116 230655 1069
246116 230655 1069
246116 230655 1069
246116 230655 1069
246116 230655 1069
227885 238418 1075
227885 238418 1075
227885 238418 1075
227885 238418 1075
227885 238418 1075
227885 238418 1075
227885 238418 1075
227885 238418 1075
227885 238418 1075
227885 238418 1075
227885 238418 1075
227885 238418 1075
227248 236108 1085
227248 236108 1085
227248 236108 1085
227248 236108 1085
227248 236108 1085
227248 236108 1085
227248 236108 1085
227248 236108 1085
227248 236108 1085
227248 236108 1085
227248 236108 1085
227248 236108 1085
227248 236108 1085
232066 235679 1085
232066 235679 1085
232066 235679 1085
232066 235679 1085
232066 235679 1085
232066 235679 1085
232066 235679 1085
232066 235679 1085
232066 235679 1085
232066 235679 1085
232066 235679 1085
232066 235679 1085
232066 235679 1085
230199 238000 1093
230199 238000 1093
230199 238000 1093
230199 238000 1093
230199 238000 1093
230199 238000 1093
230199 238000 1093
230199 238000 1093
230199 238000 1093
230199 238000 1093
230199 238000 1093
230199 238000 1093
285239 291455 1108
285239 291455 1108
285239 291455 1108
285239 291455 1108
285239 291455 1108
285239 291455 1108
285239 291455 1108
285239 291455 1108
285239 291455 1108
285239 291455 1108
285239 291455 1108
285239 291455 1108
285239 291455 1108
225934 228112 1113
225934 228112 1113
225934 228112 1113
225934 228112 1113
225934 228112 1113
225934 228112 1113
225934 228112 1113
225934 228112 1113
225934 228112 1113
225934 228112 1113
225934 228112 1113
225934 228112 1113
229773 232694 1114
229773 232694 1114
229773 232694 1114
229773 232694 1114
229773 232694 1114
229773 232694 1114
229773 232694 1114
229773 232694 1114
229773 232694 1114
229773 232694 1114
229773 232694 1114
229773 232694 1114
229773 232694 1114
291455 282527 1116
291455 282527 1116
291455 282527 1116
291455 282527 1116
291455 282527 1116
291455 282527 1116
291455 282527 1116
291455 282527 1116
291455 282527 1116
291455 282527 1116
291455 282527 1116
291455 282527 1116
285355 239754 1118
285355 239754 1118
285355 239754 1118
285355 239754 1118
285355 239754 1118
285355 239754 1118
285355 239754 1118
285355 239754 1118
285355 239754 1118
285355 239754 1118
285355 239754 1118
285355 239754 1118
285355 239754 1118
237991 186852 1120
237991 186852 1120
237991 186852 1120
237991 186852 1120
237991 186852 1120
237991 186852 1120
237991 186852 1120
237991 186852 1120
237991 186852 1120
237991 186852 1120
237991 186852 1120
237991 186852 1120
231862 235683 1122
231862 235683 1122
231862 235683 1122
231862 235683 1122
231862 235683 1122
231862 235683 1122
231862 235683 1122
231862 235683 1122
231862 235683 1122
231862 235683 1122
231862 235683 1122
231862 235683 1122
226242 238637 1123
226242 238637 1123
226242 238637 1123
226242 238637 1123
226242 238637 1123
226242 238637 1123
226242 238637 1123
226242 238637 1123
226242 238637 1123
226242 238637 1123
226242 238637 1123
226242 238637 1123
226242 238637 1123
282536 285282 1123
282536 285282 1123
282536 285282 1123
282536 285282 1123
282536 285282 1123
282536 285282 1123
282536 285282 1123
282536 285282 1123
282536 285282 1123
282536 285282 1123
282536 285282 1123
282536 285282 1123
282536 285282 1123
270401 265841 1129
270401 265841 1129
270401 265841 1129
270401 265841 1129
270401 265841 1129
270401 265841 1129
270401 265841 1129
270401 265841 1129
270401 265841 1129
270401 265841 1129
270401 265841 1129
270401 265841 1129
270401 265841 1129
293675 186863 1130
293675 186863 1130
293675 186863 1130
293675 186863 1130
293675 186863 1130
293675 186863 1130
293675 186863 1130
293675 186863 1130
293675 186863 1130
293675 186863 1130
293675 186863 1130
293675 186863 1130
184799 235934 1131
184799 235934 1131
184799 235934 1131
184799 235934 1131
184799 235934 1131
184799 235934 1131
184799 235934 1131
184799 235934 1131
184799 235934 1131
184799 235934 1131
184799 235934 1131
184799 235934 1131
236843 226433 1133
236843 226433 1133
236843 226433 1133
236843 226433 1133
236843 226433 1133
236843 226433 1133
236843 226433 1133
236843 226433 1133
236843 226433 1133
236843 226433 1133
236843 226433 1133
236843 226433 1133
236843 226433 1133
185762 235934 1137
185762 235934 1137
185762 235934 1137
185762 235934 1137
185762 235934 1137
185762 235934 1137
185762 235934 1137
185762 235934 1137
185762 235934 1137
185762 235934 1137
185762 235934 1137
185762 235934 1137
246113 250848 1139
246113 250848 1139
246113 250848 1139
246113 250848 1139
246113 250848 1139
246113 250848 1139
246113 250848 1139
246113 250848 1139
246113 250848 1139
246113 250848 1139
246113 250848 1139
246113 250848 1139
235080 227095 1140
235080 227095 1140
235080 227095 1140
235080 227095 1140
235080 227095 1140
235080 227095 1140
235080 227095 1140
235080 227095 1140
235080 227095 1140
235080 227095 1140
235080 227095 1140
235080 227095 1140
190930 196007 1142
190930 196007 1142
190930 196007 1142
190930 196007 1142
190930 196007 1142
190930 196007 1142
190930 196007 1142
190930 196007 1142
190930 196007 1142
190930 196007 1142
190930 196007 1142
190930 196007 1142
190930 196007 1142
296599 233584 1143
296599 233584 1143
296599 233584 1143
296599 233584 1143
296599 233584 1143
296599 233584 1143
296599 233584 1143
296599 233584 1143
296599 233584 1143
296599 233584 1143
296599 233584 1143
296599 233584 1143
235974 242175 1144
235974 242175 1144
235974 242175 1144
235974 242175 1144
235974 242175 1144
235974 242175 1144
235974 242175 1144
235974 242175 1144
235974 242175 1144
235974 242175 1144
235974 242175 1144
235974 242175 1144
235974 242175 1144
237846 232030 1147
237846 232030 1147
237846 232030 1147
237846 232030 1147
237846 232030 1147
237846 232030 1147
237846 232030 1147
237846 232030 1147
237846 232030 1147
237846 232030 1147
237846 232030 1147
237846 232030 1147
235935 231864 1147
235935 231864 1147
235935 231864 1147
235935 231864 1147
235935 231864 1147
235935 231864 1147
235935 231864 1147
235935 231864 1147
235935 231864 1147
235935 231864 1147
235935 231864 1147
235935 231864 1147
235935 231864 1147
229521 246111 1151
229521 246111 1151
229521 246111 1151
229521 246111 1151
229521 246111 1151
229521 246111 1151
229521 246111 1151
229521 246111 1151
229521 246111 1151
229521 246111 1151
229521 246111 1151
229521 246111 1151
292550 293675 1153
292550 293675 1153
292550 293675 1153
292550 293675 1153
292550 293675 1153
292550 293675 1153
292550 293675 1153
292550 293675 1153
292550 293675 1153
292550 293675 1153
292550 293675 1153
292550 293675 1153
292550 293675 1153
230067 246111 1155
230067 246111 1155
230067 246111 1155
230067 246111 1155
230067 246111 1155
230067 246111 1155
230067 246111 1155
230067 246111 1155
230067 246111 1155
230067 246111 1155
230067 246111 1155
230067 246111 1155
230067 246111 1155
237987 200260 1155
237987 200260 1155
237987 200260 1155
237987 200260 1155
237987 200260 1155
237987 200260 1155
237987 200260 1155
237987 200260 1155
237987 200260 1155
237987 200260 1155
237987 200260 1155
237987 200260 1155
265481 174464 1157
265481 174464 1157
265481 174464 1157
265481 174464 1157
265481 174464 1157
265481 174464 1157
265481 174464 1157
265481 174464 1157
265481 174464 1157
265481 174464 1157
265481 174464 1157
265481 174464 1157
265481 174464 1157
265481 174464 1157
265481 174464 1157
265481 174464 1157
265481 174464 1157
265481 174464 1157
265481 174464 1157
265481 174464 1157
265481 174464 1157
265481 174464 1157
265481 174464 1157
265481 174464 1157
265481 174464 1157
236496 227531 1159
236496 227531 1159
236496 227531 1159
236496 227531 1159
236496 227531 1159
236496 227531 1159
236496 227531 1159
236496 227531 1159
236496 227531 1159
236496 227531 1159
236496 227531 1159
236496 227531 1159
240640 235679 1159
240640 235679 1159
240640 235679 1159
240640 235679 1159
240640 235679 1159
240640 235679 1159
240640 235679 1159
240640 235679 1159
240640 235679 1159
240640 235679 1159
240640 235679 1159
240640 235679 1159
240640 235679 1159
238002 237851 1160
238002 237851 1160
238002 237851 1160
238002 237851 1160
238002 237851 1160
238002 237851 1160
238002 237851 1160
238002 237851 1160
238002 237851 1160
238002 237851 1160
238002 237851 1160
238002 237851 1160
238002 237851 1160
294567 285183 1161
294567 285183 1161
294567 285183 1161
294567 285183 1161
294567 285183 1161
294567 285183 1161
294567 285183 1161
294567 285183 1161
294567 285183 1161
294567 285183 1161
294567 285183 1161
294567 285183 1161
294567 285183 1161
294270 282533 1162
294270 282533 1162
294270 282533 1162
294270 282533 1162
294270 282533 1162
294270 282533 1162
294270 282533 1162
294270 282533 1162
294270 282533 1162
294270 282533 1162
294270 282533 1162
294270 282533 1162
294270 282533 1162
239823 228142 1164
239823 228142 1164
239823 228142 1164
239823 228142 1164
239823 228142 1164
239823 228142 1164
239823 228142 1164
239823 228142 1164
239823 228142 1164
239823 228142 1164
239823 228142 1164
239823 228142 1164
239823 228142 1164
226753 295170 1167
226753 295170 1167
226753 295170 1167
226753 295170 1167
226753 295170 1167
226753 295170 1167
226753 295170 1167
226753 295170 1167
226753 295170 1167
226753 295170 1167
226753 295170 1167
226753 295170 1167
226230 227885 1168
226230 227885 1168
226230 227885 1168
226230 227885 1168
226230 227885 1168
226230 227885 1168
226230 227885 1168
226230 227885 1168
226230 227885 1168
226230 227885 1168
226230 227885 1168
226230 227885 1168
226230 227885 1168
226247 229802 1170
226247 229802 1170
226247 229802 1170
226247 229802 1170
226247 229802 1170
226247 229802 1170
226247 229802 1170
226247 229802 1170
226247 229802 1170
226247 229802 1170
226247 229802 1170
226247 229802 1170
190375 293359 1171
190375 293359 1171
190375 293359 1171
190375 293359 1171
190375 293359 1171
190375 293359 1171
190375 293359 1171
190375 293359 1171
190375 293359 1171
190375 293359 1171
190375 293359 1171
190375 293359 1171
190375 293359 1171
190921 235658 1171
190921 235658 1171
190921 235658 1171
190921 235658 1171
190921 235658 1171
190921 235658 1171
190921 235658 1171
190921 235658 1171
190921 235658 1171
190921 235658 1171
190921 235658 1171
190921 235658 1171
236480 236836 1172
236480 236836 1172
236480 236836 1172
236480 236836 1172
236480 236836 1172
236480 236836 1172
236480 236836 1172
236480 236836 1172
236480 236836 1172
236480 236836 1172
236480 236836 1172
236480 236836 1172
236480 236836 1172
228034 236939 1174
228034 236939 1174
228034 236939 1174
228034 236939 1174
228034 236939 1174
228034 236939 1174
228034 236939 1174
228034 236939 1174
228034 236939 1174
228034 236939 1174
228034 236939 1174
228034 236939 1174
235673 227077 1174
235673 227077 1174
235673 227077 1174
235673 227077 1174
235673 227077 1174
235673 227077 1174
235673 227077 1174
235673 227077 1174
235673 227077 1174
235673 227077 1174
235673 227077 1174
235673 227077 1174
235673 227077 1174
235013 243622 1175
235013 243622 1175
235013 243622 1175
235013 243622 1175
235013 243622 1175
235013 243622 1175
235013 243622 1175
235013 243622 1175
235013 243622 1175
235013 243622 1175
235013 243622 1175
235013 243622 1175
235013 243622 1175
242072 242334 1176
242072 242334 1176
242072 242334 1176
242072 242334 1176
242072 242334 1176
242072 242334 1176
242072 242334 1176
242072 242334 1176
242072 242334 1176
242072 242334 1176
242072 242334 1176
242072 242334 1176
203715 235673 1178
203715 235673 1178
203715 235673 1178
203715 235673 1178
203715 235673 1178
203715 235673 1178
203715 235673 1178
203715 235673 1178
203715 235673 1178
203715 235673 1178
203715 235673 1178
203715 235673 1178
203715 235673 1178
174464 294270 1187
174464 294270 1187
174464 294270 1187
174464 294270 1187
174464 294270 1187
174464 294270 1187
174464 294270 1187
174464 294270 1187
174464 294270 1187
174464 294270 1187
174464 294270 1187
174464 294270 1187
232934 249343 1188
232934 249343 1188
232934 249343 1188
232934 249343 1188
232934 249343 1188
232934 249343 1188
232934 249343 1188
232934 249343 1188
232934 249343 1188
232934 249343 1188
232934 249343 1188
232934 249343 1188
232934 249343 1188
195617 265481 1190
195617 265481 1190
195617 265481 1190
195617 265481 1190
195617 265481 1190
195617 265481 1190
195617 265481 1190
195617 265481 1190
195617 265481 1190
195617 265481 1190
195617 265481 1190
195617 265481 1190
195617 265481 1190
294283 230167 1191
294283 230167 1191
294283 230167 1191
294283 230167 1191
294283 230167 1191
294283 230167 1191
294283 230167 1191
294283 230167 1191
294283 230167 1191
294283 230167 1191
294283 230167 1191
294283 230167 1191
238552 190964 1193
238552 190964 1193
238552 190964 1193
238552 190964 1193
238552 190964 1193
238552 190964 1193
238552 190964 1193
238552 190964 1193
238552 190964 1193
238552 190964 1193
238552 190964 1193
238552 190964 1193
235965 238552 1193
235965 238552 1193
235965 238552 1193
235965 238552 1193
235965 238552 1193
235965 238552 1193
235965 238552 1193
235965 238552 1193
235965 238552 1193
235965 238552 1193
235965 238552 1193
235965 238552 1193
235965 238552 1193
232076 238637 1201
232076 238637 1201
232076 238637 1201
232076 238637 1201
232076 238637 1201
232076 238637 1201
232076 238637 1201
232076 238637 1201
232076 238637 1201
232076 238637 1201
232076 238637 1201
232076 238637 1201
232076 238637 1201
173873 227223 1202
173873 227223 1202
173873 227223 1202
173873 227223 1202
173873 227223 1202
173873 227223 1202
173873 227223 1202
173873 227223 1202
173873 227223 1202
173873 227223 1202
173873 227223 1202
173873 227223 1202
227223 262497 1204
227223 262497 1204
227223 262497 1204
227223 262497 1204
227223 262497 1204
227223 262497 1204
227223 262497 1204
227223 262497 1204
227223 262497 1204
227223 262497 1204
227223 262497 1204
227223 262497 1204
176260 240557 1204
176260 240557 1204
176260 240557 1204
176260 240557 1204
176260 240557 1204
176260 240557 1204
176260 240557 1204
176260 240557 1204
176260 240557 1204
176260 240557 1204
176260 240557 1204
176260 240557 1204
176260 240557 1204
294268 293653 1204
294268 293653 1204
294268 293653 1204
294268 293653 1204
294268 293653 1204
294268 293653 1204
294268 293653 1204
294268 293653 1204
294268 293653 1204
294268 293653 1204
294268 293653 1204
294268 293653 1204
236083 236159 1205
236083 236159 1205
236083 236159 1205
236083 236159 1205
236083 236159 1205
236083 236159 1205
236083 236159 1205
236083 236159 1205
236083 236159 1205
236083 236159 1205
236083 236159 1205
236083 236159 1205
236083 236159 1205
236921 230655 1208
236921 230655 1208
236921 230655 1208
236921 230655 1208
236921 230655 1208
236921 230655 1208
236921 230655 1208
236921 230655 1208
236921 230655 1208
236921 230655 1208
236921 230655 1208
236921 230655 1208
236921 230655 1208
231477 230067 1208
231477 230067 1208
231477 230067 1208
231477 230067 1208
231477 230067 1208
231477 230067 1208
231477 230067 1208
231477 230067 1208
231477 230067 1208
231477 230067 1208
231477 230067 1208
231477 230067 1208
234706 155156 1209
234706 155156 1209
234706 155156 1209
234706 155156 1209
234706 155156 1209
234706 155156 1209
234706 155156 1209
234706 155156 1209
234706 155156 1209
234706 155156 1209
234706 155156 1209
234706 155156 1209
229829 225626 1212
229829 225626 1212
229829 225626 1212
229829 225626 1212
229829 225626 1212
229829 225626 1212
229829 225626 1212
229829 225626 1212
229829 225626 1212
229829 225626 1212
229829 225626 1212
229829 225626 1212
237906 200264 1213
237906 200264 1213
237906 200264 1213
237906 200264 1213
237906 200264 1213
237906 200264 1213
237906 200264 1213
237906 200264 1213
237906 200264 1213
237906 200264 1213
237906 200264 1213
237906 200264 1213
237906 200264 1213
193117 238002 1216
193117 238002 1216
193117 238002 1216
193117 238002 1216
193117 238002 1216
193117 238002 1216
193117 238002 1216
193117 238002 1216
193117 238002 1216
193117 238002 1216
193117 238002 1216
193117 238002 1216
193117 238002 1216
243536 230956 1221
243536 230956 1221
243536 230956 1221
243536 230956 1221
243536 230956 1221
243536 230956 1221
243536 230956 1221
243536 230956 1221
243536 230956 1221
243536 230956 1221
243536 230956 1221
243536 230956 1221
229867 242378 1223
229867 242378 1223
229867 242378 1223
229867 242378 1223
229867 242378 1223
229867 242378 1223
229867 242378 1223
229867 242378 1223
229867 242378 1223
229867 242378 1223
229867 242378 1223
229867 242378 1223
229867 242378 1223
243709 243644 1231
243709 243644 1231
243709 243644 1231
243709 243644 1231
243709 243644 1231
243709 243644 1231
243709 243644 1231
243709 243644 1231
243709 243644 1231
243709 243644 1231
243709 243644 1231
243709 243644 1231
236836 190899 1231
236836 190899 1231
236836 190899 1231
236836 190899 1231
236836 190899 1231
236836 190899 1231
236836 190899 1231
236836 190899 1231
236836 190899 1231
236836 190899 1231
236836 190899 1231
236836 190899 1231
236836 190899 1231
238631 225931 1233
238631 225931 1233
238631 225931 1233
238631 225931 1233
238631 225931 1233
238631 225931 1233
238631 225931 1233
238631 225931 1233
238631 225931 1233
238631 225931 1233
238631 225931 1233
238631 225931 1233
238631 225931 1233
274406 246116 1234
274406 246116 1234
274406 246116 1234
274406 246116 1234
274406 246116 1234
274406 246116 1234
274406 246116 1234
274406 246116 1234
274406 246116 1234
274406 246116 1234
274406 246116 1234
274406 246116 1234
225931 235977 1235
225931 235977 1235
225931 235977 1235
225931 235977 1235
225931 235977 1235
225931 235977 1235
225931 235977 1235
225931 235977 1235
225931 235977 1235
225931 235977 1235
225931 235977 1235
225931 235977 1235
225931 235977 1235
230655 229773 1236
230655 229773 1236
230655 229773 1236
230655 229773 1236
230655 229773 1236
230655 229773 1236
230655 229773 1236
230655 229773 1236
230655 229773 1236
230655 229773 1236
230655 229773 1236
230655 229773 1236
230655 229773 1236
232189 242142 1237
232189 242142 1237
232189 242142 1237
232189 242142 1237
232189 242142 1237
232189 242142 1237
232189 242142 1237
232189 242142 1237
232189 242142 1237
232189 242142 1237
232189 242142 1237
232189 242142 1237
241873 235935 1240
241873 235935 1240
241873 235935 1240
241873 235935 1240
241873 235935 1240
241873 235935 1240
241873 235935 1240
241873 235935 1240
241873 235935 1240
241873 235935 1240
241873 235935 1240
241873 235935 1240
241873 235935 1240
242141 236105 1241
242141 236105 1241
242141 236105 1241
242141 236105 1241
242141 236105 1241
242141 236105 1241
242141 236105 1241
242141 236105 1241
242141 236105 1241
242141 236105 1241
242141 236105 1241
242141 236105 1241
235963 236857 1246
235963 236857 1246
235963 236857 1246
235963 236857 1246
235963 236857 1246
235963 236857 1246
235963 236857 1246
235963 236857 1246
235963 236857 1246
235963 236857 1246
235963 236857 1246
235963 236857 1246
227732 227260 1248
227732 227260 1248
227732 227260 1248
227732 227260 1248
227732 227260 1248
227732 227260 1248
227732 227260 1248
227732 227260 1248
227732 227260 1248
227732 227260 1248
227732 227260 1248
227732 227260 1248
227732 227260 1248
226389 227044 1249
226389 227044 1249
226389 227044 1249
226389 227044 1249
226389 227044 1249
226389 227044 1249
226389 227044 1249
226389 227044 1249
226389 227044 1249
226389 227044 1249
226389 227044 1249
226389 227044 1249
226389 227044 1249
236857 230069 1250
236857 230069 1250
236857 230069 1250
236857 230069 1250
236857 230069 1250
236857 230069 1250
236857 230069 1250
236857 230069 1250
236857 230069 1250
236857 230069 1250
236857 230069 1250
236857 230069 1250
236857 230069 1250
233456 251948 1252
233456 251948 1252
233456 251948 1252
233456 251948 1252
233456 251948 1252
233456 251948 1252
233456 251948 1252
233456 251948 1252
233456 251948 1252
233456 251948 1252
233456 251948 1252
233456 251948 1252
233456 251948 1252
230699 227321 1253
230699 227321 1253
230699 227321 1253
230699 227321 1253
230699 227321 1253
230699 227321 1253
230699 227321 1253
230699 227321 1253
230699 227321 1253
230699 227321 1253
230699 227321 1253
230699 227321 1253
230699 227321 1253
242337 227246 1255
242337 227246 1255
242337 227246 1255
242337 227246 1255
242337 227246 1255
242337 227246 1255
242337 227246 1255
242337 227246 1255
242337 227246 1255
242337 227246 1255
242337 227246 1255
242337 227246 1255
242337 227246 1255
237846 243622 1255
237846 243622 1255
237846 243622 1255
237846 243622 1255
237846 243622 1255
237846 243622 1255
237846 243622 1255
237846 243622 1255
237846 243622 1255
237846 243622 1255
237846 243622 1255
237846 243622 1255
270401 265841 1256
270401 265841 1256
270401 265841 1256
270401 265841 1256
270401 265841 1256
270401 265841 1256
270401 265841 1256
270401 265841 1256
270401 265841 1256
270401 265841 1256
270401 265841 1256
270401 265841 1256
270401 265841 1256
235938 237873 1258
235938 237873 1258
235938 237873 1258
235938 237873 1258
235938 237873 1258
235938 237873 1258
235938 237873 1258
235938 237873 1258
235938 237873 1258
235938 237873 1258
235938 237873 1258
235938 237873 1258
235938 237873 1258
235974 235966 1259
235974 235966 1259
235974 235966 1259
235974 235966 1259
235974 235966 1259
235974 235966 1259
235974 235966 1259
235974 235966 1259
235974 235966 1259
235974 235966 1259
235974 235966 1259
235974 235966 1259
235938 237873 1260
235938 237873 1260
235938 237873 1260
235938 237873 1260
235938 237873 1260
235938 237873 1260
235938 237873 1260
235938 237873 1260
235938 237873 1260
235938 237873 1260
235938 237873 1260
235938 237873 1260
190887 293359 1261
190887 293359 1261
190887 293359 1261
190887 293359 1261
190887 293359 1261
190887 293359 1261
190887 293359 1261
190887 293359 1261
190887 293359 1261
190887 293359 1261
190887 293359 1261
190887 293359 1261
292030 227028 1261
292030 227028 1261
292030 227028 1261
292030 227028 1261
292030 227028 1261
292030 227028 1261
292030 227028 1261
292030 227028 1261
292030 227028 1261
292030 227028 1261
292030 227028 1261
292030 227028 1261
229867 230101 1262
229867 230101 1262
229867 230101 1262
229867 230101 1262
229867 230101 1262
229867 230101 1262
229867 230101 1262
229867 230101 1262
229867 230101 1262
229867 230101 1262
229867 230101 1262
229867 230101 1262
226380 235687 1262
226380 235687 1262
226380 235687 1262
226380 235687 1262
226380 235687 1262
226380 235687 1262
226380 235687 1262
226380 235687 1262
226380 235687 1262
226380 235687 1262
226380 235687 1262
226380 235687 1262
226380 235687 1262
247512 237360 1267
247512 237360 1267
247512 237360 1267
247512 237360 1267
247512 237360 1267
247512 237360 1267
247512 237360 1267
247512 237360 1267
247512 237360 1267
247512 237360 1267
247512 237360 1267
247512 237360 1267
225957 238254 1270
225957 238254 1270
225957 238254 1270
225957 238254 1270
225957 238254 1270
225957 238254 1270
225957 238254 1270
225957 238254 1270
225957 238254 1270
225957 238254 1270
225957 238254 1270
225957 238254 1270
174464 265841 1271
174464 265841 1271
174464 265841 1271
174464 265841 1271
174464 265841 1271
174464 265841 1271
174464 265841 1271
174464 265841 1271
174464 265841 1271
174464 265841 1271
174464 265841 1271
174464 265841 1271
235110 243511 1271
235110 243511 1271
235110 243511 1271
235110 243511 1271
235110 243511 1271
235110 243511 1271
235110 243511 1271
235110 243511 1271
235110 243511 1271
235110 243511 1271
235110 243511 1271
235110 243511 1271
228148 274609 1271
228148 274609 1271
228148 274609 1271
228148 274609 1271
228148 274609 1271
228148 274609 1271
228148 274609 1271
228148 274609 1271
228148 274609 1271
228148 274609 1271
228148 274609 1271
228148 274609 1271
228148 274609 1271
235690 251936 1272
235690 251936 1272
235690 251936 1272
235690 251936 1272
235690 251936 1272
235690 251936 1272
235690 251936 1272
235690 251936 1272
235690 251936 1272
235690 251936 1272
235690 251936 1272
235690 251936 1272
235690 251936 1272
233589 225931 1273
233589 225931 1273
233589 225931 1273
233589 225931 1273
233589 225931 1273
233589 225931 1273
233589 225931 1273
233589 225931 1273
233589 225931 1273
233589 225931 1273
233589 225931 1273
233589 225931 1273
233589 225931 1273
200260 203453 1275
200260 203453 1275
200260 203453 1275
200260 203453 1275
200260 203453 1275
200260 203453 1275
200260 203453 1275
200260 203453 1275
200260 203453 1275
200260 203453 1275
200260 203453 1275
200260 203453 1275
226247 236065 1275
226247 236065 1275
226247 236065 1275
226247 236065 1275
226247 236065 1275
226247 236065 1275
226247 236065 1275
226247 236065 1275
226247 236065 1275
226247 236065 1275
226247 236065 1275
226247 236065 1275
236105 235013 1275
236105 235013 1275
236105 235013 1275
236105 235013 1275
236105 235013 1275
236105 235013 1275
236105 235013 1275
236105 235013 1275
236105 235013 1275
236105 235013 1275
236105 235013 1275
236105 235013 1275
294272 246021 1276
294272 246021 1276
294272 246021 1276
294272 246021 1276
294272 246021 1276
294272 246021 1276
294272 246021 1276
294272 246021 1276
294272 246021 1276
294272 246021 1276
294272 246021 1276
294272 246021 1276
294272 246021 1276
282890 246114 1279
282890 246114 1279
282890 246114 1279
282890 246114 1279
282890 246114 1279
282890 246114 1279
282890 246114 1279
282890 246114 1279
282890 246114 1279
282890 246114 1279
282890 246114 1279
282890 246114 1279
237366 227112 1280
237366 227112 1280
237366 227112 1280
237366 227112 1280
237366 227112 1280
237366 227112 1280
237366 227112 1280
237366 227112 1280
237366 227112 1280
237366 227112 1280
237366 227112 1280
237366 227112 1280
237366 227112 1280
235790 235687 1283
235790 235687 1283
235790 235687 1283
235790 235687 1283
235790 235687 1283
235790 235687 1283
235790 235687 1283
235790 235687 1283
235790 235687 1283
235790 235687 1283
235790 235687 1283
235790 235687 1283
235790 235687 1283
289042 265936 1285
289042 265936 1285
289042 265936 1285
289042 265936 1285
289042 265936 1285
289042 265936 1285
289042 265936 1285
289042 265936 1285
289042 265936 1285
289042 265936 1285
289042 265936 1285
289042 265936 1285
240909 226785 1285
240909 226785 1285
240909 226785 1285
240909 226785 1285
240909 226785 1285
240909 226785 1285
240909 226785 1285
240909 226785 1285
240909 226785 1285
240909 226785 1285
240909 226785 1285
240909 226785 1285
240909 226785 1285
227068 160292 1286
227068 160292 1286
227068 160292 1286
227068 160292 1286
227068 160292 1286
227068 160292 1286
227068 160292 1286
227068 160292 1286
227068 160292 1286
227068 160292 1286
227068 160292 1286
227068 160292 1286
227068 160292 1286
236519 237846 1287
236519 237846 1287
236519 237846 1287
236519 237846 1287
236519 237846 1287
236519 237846 1287
236519 237846 1287
236519 237846 1287
236519 237846 1287
236519 237846 1287
236519 237846 1287
236519 237846 1287
236519 237846 1287
235658 229511 1290
235658 229511 1290
235658 229511 1290
235658 229511 1290
235658 229511 1290
235658 229511 1290
235658 229511 1290
235658 229511 1290
235658 229511 1290
235658 229511 1290
235658 229511 1290
235658 229511 1290
235658 229511 1290
294569 229521 1296
294569 229521 1296
294569 229521 1296
294569 229521 1296
294569 229521 1296
294569 229521 1296
294569 229521 1296
294569 229521 1296
294569 229521 1296
294569 229521 1296
294569 229521 1296
294569 229521 1296
294569 229521 1296
225931 173814 1297
225931 173814 1297
225931 173814 1297
225931 173814 1297
225931 173814 1297
225931 173814 1297
225931 173814 1297
225931 173814 1297
225931 173814 1297
225931 173814 1297
225931 173814 1297
225931 173814 1297
225931 173814 1297
239179 227254 1303
239179 227254 1303
239179 227254 1303
239179 227254 1303
239179 227254 1303
239179 227254 1303
239179 227254 1303
239179 227254 1303
239179 227254 1303
239179 227254 1303
239179 227254 1303
239179 227254 1303
239179 227254 1303
227689 155156 1309
227689 155156 1309
227689 155156 1309
227689 155156 1309
227689 155156 1309
227689 155156 1309
227689 155156 1309
227689 155156 1309
227689 155156 1309
227689 155156 1309
227689 155156 1309
227689 155156 1309
291440 291737 1314
291440 291737 1314
291440 291737 1314
291440 291737 1314
291440 291737 1314
291440 291737 1314
291440 291737 1314
291440 291737 1314
291440 291737 1314
291440 291737 1314
291440 291737 1314
291440 291737 1314
236478 160292 1314
236478 160292 1314
236478 160292 1314
236478 160292 1314
236478 160292 1314
236478 160292 1314
236478 160292 1314
236478 160292 1314
236478 160292 1314
236478 160292 1314
236478 160292 1314
236478 160292 1314
236478 160292 1314
236138 232961 1323
236138 232961 1323
236138 232961 1323
236138 232961 1323
236138 232961 1323
236138 232961 1323
236138 232961 1323
236138 232961 1323
236138 232961 1323
236138 232961 1323
236138 232961 1323
236138 232961 1323
236138 232961 1323
230407 155156 1326
230407 155156 1326
230407 155156 1326
230407 155156 1326
230407 155156 1326
230407 155156 1326
230407 155156 1326
230407 155156 1326
230407 155156 1326
230407 155156 1326
230407 155156 1326
230407 155156 1326
230407 155156 1326
230701 232697 1327
230701 232697 1327
230701 232697 1327
230701 232697 1327
230701 232697 1327
230701 232697 1327
230701 232697 1327
230701 232697 1327
230701 232697 1327
230701 232697 1327
230701 232697 1327
230701 232697 1327
231024 225614 1332
231024 225614 1332
231024 225614 1332
231024 225614 1332
231024 225614 1332
231024 225614 1332
231024 225614 1332
231024 225614 1332
231024 225614 1332
231024 225614 1332
231024 225614 1332
231024 225614 1332
265906 262514 1335
265906 262514 1335
265906 262514 1335
265906 262514 1335
265906 262514 1335
265906 262514 1335
265906 262514 1335
265906 262514 1335
265906 262514 1335
265906 262514 1335
265906 262514 1335
265906 262514 1335
265906 262514 1335
262497 14812 1338
262497 14812 1338
262497 14812 1338
262497 14812 1338
262497 14812 1338
262497 14812 1338
262497 14812 1338
262497 14812 1338
262497 14812 1338
262497 14812 1338
262497 14812 1338
262497 14812 1338
242114 226967 1351
242114 226967 1351
242114 226967 1351
242114 226967 1351
242114 226967 1351
242114 226967 1351
242114 226967 1351
242114 226967 1351
242114 226967 1351
242114 226967 1351
242114 226967 1351
242114 226967 1351
242114 226967 1351
196008 194427 1351
196008 194427 1351
196008 194427 1351
196008 194427 1351
196008 194427 1351
196008 194427 1351
196008 194427 1351
196008 194427 1351
196008 194427 1351
196008 194427 1351
196008 194427 1351
196008 194427 1351
230705 243708 1351
230705 243708 1351
230705 243708 1351
230705 243708 1351
230705 243708 1351
230705 243708 1351
230705 243708 1351
230705 243708 1351
230705 243708 1351
230705 243708 1351
230705 243708 1351
230705 243708 1351
230705 243708 1351
232719 225614 1364
232719 225614 1364
232719 225614 1364
232719 225614 1364
232719 225614 1364
232719 225614 1364
232719 225614 1364
232719 225614 1364
232719 225614 1364
232719 225614 1364
232719 225614 1364
232719 225614 1364
232719 225614 1364
240623 286614 1378
240623 286614 1378
240623 286614 1378
240623 286614 1378
240623 286614 1378
240623 286614 1378
240623 286614 1378
240623 286614 1378
240623 286614 1378
240623 286614 1378
240623 286614 1378
240623 286614 1378
240623 286614 1378
233585 268888 1383
233585 268888 1383
233585 268888 1383
233585 268888 1383
233585 268888 1383
233585 268888 1383
233585 268888 1383
233585 268888 1383
233585 268888 1383
233585 268888 1383
233585 268888 1383
233585 268888 1383
233585 268888 1383
227270 235683 1383
227270 235683 1383
227270 235683 1383
227270 235683 1383
227270 235683 1383
227270 235683 1383
227270 235683 1383
227270 235683 1383
227270 235683 1383
227270 235683 1383
227270 235683 1383
227270 235683 1383
227270 235683 1383
232831 235796 1391
232831 235796 1391
232831 235796 1391
232831 235796 1391
232831 235796 1391
232831 235796 1391
232831 235796 1391
232831 235796 1391
232831 235796 1391
232831 235796 1391
232831 235796 1391
232831 235796 1391
173820 4644 1393
173820 4644 1393
173820 4644 1393
173820 4644 1393
173820 4644 1393
173820 4644 1393
173820 4644 1393
173820 4644 1393
173820 4644 1393
173820 4644 1393
173820 4644 1393
173820 4644 1393
11141 233485 1393
11141 233485 1393
11141 233485 1393
11141 233485 1393
11141 233485 1393
11141 233485 1393
11141 233485 1393
11141 233485 1393
11141 233485 1393
11141 233485 1393
11141 233485 1393
11141 233485 1393
11141 233485 1393
236529 236088 1396
236529 236088 1396
236529 236088 1396
236529 236088 1396
236529 236088 1396
236529 236088 1396
236529 236088 1396
236529 236088 1396
236529 236088 1396
236529 236088 1396
236529 236088 1396
236529 236088 1396
251995 225931 1397
251995 225931 1397
251995 225931 1397
251995 225931 1397
251995 225931 1397
251995 225931 1397
251995 225931 1397
251995 225931 1397
251995 225931 1397
251995 225931 1397
251995 225931 1397
251995 225931 1397
251932 240685 1397
251932 240685 1397
251932 240685 1397
251932 240685 1397
251932 240685 1397
251932 240685 1397
251932 240685 1397
251932 240685 1397
251932 240685 1397
251932 240685 1397
251932 240685 1397
251932 240685 1397
251932 240685 1397
252022 233608 1414
252022 233608 1414
252022 233608 1414
252022 233608 1414
252022 233608 1414
252022 233608 1414
252022 233608 1414
252022 233608 1414
252022 233608 1414
252022 233608 1414
252022 233608 1414
252022 233608 1414
291733 237362 1416
291733 237362 1416
291733 237362 1416
291733 237362 1416
291733 237362 1416
291733 237362 1416
291733 237362 1416
291733 237362 1416
291733 237362 1416
291733 237362 1416
291733 237362 1416
291733 237362 1416
291733 237362 1416
236878 236914 1416
236878 236914 1416
236878 236914 1416
236878 236914 1416
236878 236914 1416
236878 236914 1416
236878 236914 1416
236878 236914 1416
236878 236914 1416
236878 236914 1416
236878 236914 1416
236878 236914 1416
233594 246116 1416
233594 246116 1416
233594 246116 1416
233594 246116 1416
233594 246116 1416
233594 246116 1416
233594 246116 1416
233594 246116 1416
233594 246116 1416
233594 246116 1416
233594 246116 1416
233594 246116 1416
233594 246116 1416
230098 236914 1416
230098 236914 1416
230098 236914 1416
230098 236914 1416
230098 236914 1416
230098 236914 1416
230098 236914 1416
230098 236914 1416
230098 236914 1416
230098 236914 1416
230098 236914 1416
230098 236914 1416
235982 236914 1416
235982 236914 1416
235982 236914 1416
235982 236914 1416
235982 236914 1416
235982 236914 1416
235982 236914 1416
235982 236914 1416
235982 236914 1416
235982 236914 1416
235982 236914 1416
235982 236914 1416
235982 236914 1416
229825 231019 1417
229825 231019 1417
229825 231019 1417
229825 231019 1417
229825 231019 1417
229825 231019 1417
229825 231019 1417
229825 231019 1417
229825 231019 1417
229825 231019 1417
229825 231019 1417
229825 231019 1417
229825 231019 1417
238631 231901 1417
238631 231901 1417
238631 231901 1417
238631 231901 1417
238631 231901 1417
238631 231901 1417
238631 231901 1417
238631 231901 1417
238631 231901 1417
238631 231901 1417
238631 231901 1417
238631 231901 1417
14800 227037 1417
14800 227037 1417
14800 227037 1417
14800 227037 1417
14800 227037 1417
14800 227037 1417
14800 227037 1417
14800 227037 1417
14800 227037 1417
14800 227037 1417
14800 227037 1417
14800 227037 1417
234704 252007 1445
234704 252007 1445
234704 252007 1445
234704 252007 1445
234704 252007 1445
234704 252007 1445
234704 252007 1445
234704 252007 1445
234704 252007 1445
234704 252007 1445
234704 252007 1445
234704 252007 1445
236911 236015 1449
236911 236015 1449
236911 236015 1449
236911 236015 1449
236911 236015 1449
236911 236015 1449
236911 236015 1449
236911 236015 1449
236911 236015 1449
236911 236015 1449
236911 236015 1449
236911 236015 1449
236911 236015 1449
190915 227071 1451
190915 227071 1451
190915 227071 1451
190915 227071 1451
190915 227071 1451
190915 227071 1451
190915 227071 1451
190915 227071 1451
190915 227071 1451
190915 227071 1451
190915 227071 1451
190915 227071 1451
295184 291455 1452
295184 291455 1452
295184 291455 1452
295184 291455 1452
295184 291455 1452
295184 291455 1452
295184 291455 1452
295184 291455 1452
295184 291455 1452
295184 291455 1452
295184 291455 1452
295184 291455 1452
296107 235690 1458
296107 235690 1458
296107 235690 1458
296107 235690 1458
296107 235690 1458
296107 235690 1458
296107 235690 1458
296107 235690 1458
296107 235690 1458
296107 235690 1458
296107 235690 1458
296107 235690 1458
151192 236838 1461
151192 236838 1461
151192 236838 1461
151192 236838 1461
151192 236838 1461
151192 236838 1461
151192 236838 1461
151192 236838 1461
151192 236838 1461
151192 236838 1461
151192 236838 1461
151192 236838 1461
151192 236838 1461
227230 240557 1469
227230 240557 1469
227230 240557 1469
227230 240557 1469
227230 240557 1469
227230 240557 1469
227230 240557 1469
227230 240557 1469
227230 240557 1469
227230 240557 1469
227230 240557 1469
227230 240557 1469
227230 240557 1469
242378 225616 1476
242378 225616 1476
242378 225616 1476
242378 225616 1476
242378 225616 1476
242378 225616 1476
242378 225616 1476
242378 225616 1476
242378 225616 1476
242378 225616 1476
242378 225616 1476
242378 225616 1476
237964 231019 1510
237964 231019 1510
237964 231019 1510
237964 231019 1510
237964 231019 1510
237964 231019 1510
237964 231019 1510
237964 231019 1510
237964 231019 1510
237964 231019 1510
237964 231019 1510
237964 231019 1510
289563 239754 1523
289563 239754 1523
289563 239754 1523
289563 239754 1523
289563 239754 1523
289563 239754 1523
289563 239754 1523
289563 239754 1523
289563 239754 1523
289563 239754 1523
289563 239754 1523
289563 239754 1523
245985 295188 1526
245985 295188 1526
245985 295188 1526
245985 295188 1526
245985 295188 1526
245985 295188 1526
245985 295188 1526
245985 295188 1526
245985 295188 1526
245985 295188 1526
245985 295188 1526
245985 295188 1526
292454 225707 1550
292454 225707 1550
292454 225707 1550
292454 225707 1550
292454 225707 1550
292454 225707 1550
292454 225707 1550
292454 225707 1550
292454 225707 1550
292454 225707 1550
292454 225707 1550
292454 225707 1550
292454 225707 1550
14923 236482 1578
14923 236482 1578
14923 236482 1578
14923 236482 1578
14923 236482 1578
14923 236482 1578
14923 236482 1578
14923 236482 1578
14923 236482 1578
14923 236482 1578
14923 236482 1578
14923 236482 1578
227250 295184 1591
227250 295184 1591
227250 295184 1591
227250 295184 1591
227250 295184 1591
227250 295184 1591
227250 295184 1591
227250 295184 1591
227250 295184 1591
227250 295184 1591
227250 295184 1591
227250 295184 1591
231374 236159 1602
231374 236159 1602
231374 236159 1602
231374 236159 1602
231374 236159 1602
231374 236159 1602
231374 236159 1602
231374 236159 1602
231374 236159 1602
231374 236159 1602
231374 236159 1602
231374 236159 1602
231374 236159 1602
190934 206270 1611
190934 206270 1611
190934 206270 1611
190934 206270 1611
190934 206270 1611
190934 206270 1611
190934 206270 1611
190934 206270 1611
190934 206270 1611
190934 206270 1611
190934 206270 1611
190934 206270 1611
236024 246084 1630
236024 246084 1630
236024 246084 1630
236024 246084 1630
236024 246084 1630
236024 246084 1630
236024 246084 1630
236024 246084 1630
236024 246084 1630
236024 246084 1630
236024 246084 1630
236024 246084 1630
236024 246084 1630
236838 239179 1635
236838 239179 1635
236838 239179 1635
236838 239179 1635
236838 239179 1635
236838 239179 1635
236838 239179 1635
236838 239179 1635
236838 239179 1635
236838 239179 1635
236838 239179 1635
236838 239179 1635
236884 246154 1644
236884 246154 1644
236884 246154 1644
236884 246154 1644
236884 246154 1644
236884 246154 1644
236884 246154 1644
236884 246154 1644
236884 246154 1644
236884 246154 1644
236884 246154 1644
236884 246154 1644
227093 235942 1652
227093 235942 1652
227093 235942 1652
227093 235942 1652
227093 235942 1652
227093 235942 1652
227093 235942 1652
227093 235942 1652
227093 235942 1652
227093 235942 1652
227093 235942 1652
227093 235942 1652
227093 235942 1652
267803 228143 1656
267803 228143 1656
267803 228143 1656
267803 228143 1656
267803 228143 1656
267803 228143 1656
267803 228143 1656
267803 228143 1656
267803 228143 1656
267803 228143 1656
267803 228143 1656
267803 228143 1656
228034 238722 1661
228034 238722 1661
228034 238722 1661
228034 238722 1661
228034 238722 1661
228034 238722 1661
228034 238722 1661
228034 238722 1661
228034 238722 1661
228034 238722 1661
228034 238722 1661
228034 238722 1661
226402 243551 1664
226402 243551 1664
226402 243551 1664
226402 243551 1664
226402 243551 1664
226402 243551 1664
226402 243551 1664
226402 243551 1664
226402 243551 1664
226402 243551 1664
226402 243551 1664
226402 243551 1664
226402 243551 1664
227846 200260 1665
227846 200260 1665
227846 200260 1665
227846 200260 1665
227846 200260 1665
227846 200260 1665
227846 200260 1665
227846 200260 1665
227846 200260 1665
227846 200260 1665
227846 200260 1665
227846 200260 1665
226969 239504 1673
226969 239504 1673
226969 239504 1673
226969 239504 1673
226969 239504 1673
226969 239504 1673
226969 239504 1673
226969 239504 1673
226969 239504 1673
226969 239504 1673
226969 239504 1673
226969 239504 1673
242141 227556 1674
242141 227556 1674
242141 227556 1674
242141 227556 1674
242141 227556 1674
242141 227556 1674
242141 227556 1674
242141 227556 1674
242141 227556 1674
242141 227556 1674
242141 227556 1674
242141 227556 1674
251928 233586 1679
251928 233586 1679
251928 233586 1679
251928 233586 1679
251928 233586 1679
251928 233586 1679
251928 233586 1679
251928 233586 1679
251928 233586 1679
251928 233586 1679
251928 233586 1679
251928 233586 1679
243467 232719 1711
243467 232719 1711
243467 232719 1711
243467 232719 1711
243467 232719 1711
243467 232719 1711
243467 232719 1711
243467 232719 1711
243467 232719 1711
243467 232719 1711
243467 232719 1711
243467 232719 1711
238214 232719 1712
238214 232719 1712
238214 232719 1712
238214 232719 1712
238214 232719 1712
238214 232719 1712
238214 232719 1712
238214 232719 1712
238214 232719 1712
238214 232719 1712
238214 232719 1712
238214 232719 1712
238214 232719 1712
285214 285276 1713
285214 285276 1713
285214 285276 1713
285214 285276 1713
285214 285276 1713
285214 285276 1713
285214 285276 1713
285214 285276 1713
285214 285276 1713
285214 285276 1713
285214 285276 1713
285214 285276 1713
285214 285276 1713
229867 232719 1713
229867 232719 1713
229867 232719 1713
229867 232719 1713
229867 232719 1713
229867 232719 1713
229867 232719 1713
229867 232719 1713
229867 232719 1713
229867 232719 1713
229867 232719 1713
229867 232719 1713
229867 232719 1713
293362 235974 1716
293362 235974 1716
293362 235974 1716
293362 235974 1716
293362 235974 1716
293362 235974 1716
293362 235974 1716
293362 235974 1716
293362 235974 1716
293362 235974 1716
293362 235974 1716
293362 235974 1716
227063 231520 1727
227063 231520 1727
227063 231520 1727
227063 231520 1727
227063 231520 1727
227063 231520 1727
227063 231520 1727
227063 231520 1727
227063 231520 1727
227063 231520 1727
227063 231520 1727
227063 231520 1727
227063 231520 1727
230709 236913 1727
230709 236913 1727
230709 236913 1727
230709 236913 1727
230709 236913 1727
230709 236913 1727
230709 236913 1727
230709 236913 1727
230709 236913 1727
230709 236913 1727
230709 236913 1727
230709 236913 1727
291516 289731 1729
291516 289731 1729
291516 289731 1729
291516 289731 1729
291516 289731 1729
291516 289731 1729
291516 289731 1729
291516 289731 1729
291516 289731 1729
291516 289731 1729
291516 289731 1729
291516 289731 1729
291516 289731 1729
285468 262497 1732
285468 262497 1732
285468 262497 1732
285468 262497 1732
285468 262497 1732
285468 262497 1732
285468 262497 1732
285468 262497 1732
285468 262497 1732
285468 262497 1732
285468 262497 1732
285468 262497 1732
285468 262497 1732
242073 226966 1738
242073 226966 1738
242073 226966 1738
242073 226966 1738
242073 226966 1738
242073 226966 1738
242073 226966 1738
242073 226966 1738
242073 226966 1738
242073 226966 1738
242073 226966 1738
242073 226966 1738
233585 293925 1738
233585 293925 1738
233585 293925 1738
233585 293925 1738
233585 293925 1738
233585 293925 1738
233585 293925 1738
233585 293925 1738
233585 293925 1738
233585 293925 1738
233585 293925 1738
233585 293925 1738
233585 293925 1738
242084 228032 1743
242084 228032 1743
242084 228032 1743
242084 228032 1743
242084 228032 1743
242084 228032 1743
242084 228032 1743
242084 228032 1743
242084 228032 1743
242084 228032 1743
242084 228032 1743
242084 228032 1743
226991 241873 1745
226991 241873 1745
226991 241873 1745
226991 241873 1745
226991 241873 1745
226991 241873 1745
226991 241873 1745
226991 241873 1745
226991 241873 1745
226991 241873 1745
226991 241873 1745
226991 241873 1745
226991 241873 1745
240657 242390 1748
240657 242390 1748
240657 242390 1748
240657 242390 1748
240657 242390 1748
240657 242390 1748
240657 242390 1748
240657 242390 1748
240657 242390 1748
240657 242390 1748
240657 242390 1748
240657 242390 1748
240657 242390 1748
228200 241489 1752
228200 241489 1752
228200 241489 1752
228200 241489 1752
228200 241489 1752
228200 241489 1752
228200 241489 1752
228200 241489 1752
228200 241489 1752
228200 241489 1752
228200 241489 1752
228200 241489 1752
228200 241489 1752
241873 190915 1753
241873 190915 1753
241873 190915 1753
241873 190915 1753
241873 190915 1753
241873 190915 1753
241873 190915 1753
241873 190915 1753
241873 190915 1753
241873 190915 1753
241873 190915 1753
241873 190915 1753
242213 236015 1757
242213 236015 1757
242213 236015 1757
242213 236015 1757
242213 236015 1757
242213 236015 1757
242213 236015 1757
242213 236015 1757
242213 236015 1757
242213 236015 1757
242213 236015 1757
242213 236015 1757
242213 236015 1757
232832 236898 1757
232832 236898 1757
232832 236898 1757
232832 236898 1757
232832 236898 1757
232832 236898 1757
232832 236898 1757
232832 236898 1757
232832 236898 1757
232832 236898 1757
232832 236898 1757
232832 236898 1757
232832 236898 1757
239187 236888 1758
239187 236888 1758
239187 236888 1758
239187 236888 1758
239187 236888 1758
239187 236888 1758
239187 236888 1758
239187 236888 1758
239187 236888 1758
239187 236888 1758
239187 236888 1758
239187 236888 1758
242072 235977 1758
242072 235977 1758
242072 235977 1758
242072 235977 1758
242072 235977 1758
242072 235977 1758
242072 235977 1758
242072 235977 1758
242072 235977 1758
242072 235977 1758
242072 235977 1758
242072 235977 1758
243536 194603 1762
243536 194603 1762
243536 194603 1762
243536 194603 1762
243536 194603 1762
243536 194603 1762
243536 194603 1762
243536 194603 1762
243536 194603 1762
243536 194603 1762
243536 194603 1762
243536 194603 1762
245985 165338 1765
245985 165338 1765
245985 165338 1765
245985 165338 1765
245985 165338 1765
245985 165338 1765
245985 165338 1765
245985 165338 1765
245985 165338 1765
245985 165338 1765
245985 165338 1765
245985 165338 1765
226247 237848 1767
226247 237848 1767
226247 237848 1767
226247 237848 1767
226247 237848 1767
226247 237848 1767
226247 237848 1767
226247 237848 1767
226247 237848 1767
226247 237848 1767
226247 237848 1767
226247 237848 1767
236104 237843 1769
236104 237843 1769
236104 237843 1769
236104 237843 1769
236104 237843 1769
236104 237843 1769
236104 237843 1769
236104 237843 1769
236104 237843 1769
236104 237843 1769
236104 237843 1769
236104 237843 1769
176008 239001 1773
176008 239001 1773
176008 239001 1773
176008 239001 1773
176008 239001 1773
176008 239001 1773
176008 239001 1773
176008 239001 1773
176008 239001 1773
176008 239001 1773
176008 239001 1773
176008 239001 1773
176258 187711 1776
176258 187711 1776
176258 187711 1776
176258 187711 1776
176258 187711 1776
176258 187711 1776
176258 187711 1776
176258 187711 1776
176258 187711 1776
176258 187711 1776
176258 187711 1776
176258 187711 1776
14803 270399 1777
14803 270399 1777
14803 270399 1777
14803 270399 1777
14803 270399 1777
14803 270399 1777
14803 270399 1777
14803 270399 1777
14803 270399 1777
14803 270399 1777
14803 270399 1777
14803 270399 1777
14803 270399 1777
198543 208315 1777
198543 208315 1777
198543 208315 1777
198543 208315 1777
198543 208315 1777
198543 208315 1777
198543 208315 1777
198543 208315 1777
198543 208315 1777
198543 208315 1777
198543 208315 1777
198543 208315 1777
174460 202615 1780
174460 202615 1780
174460 202615 1780
174460 202615 1780
174460 202615 1780
174460 202615 1780
174460 202615 1780
174460 202615 1780
174460 202615 1780
174460 202615 1780
174460 202615 1780
174460 202615 1780
226389 239823 1781
226389 239823 1781
226389 239823 1781
226389 239823 1781
226389 239823 1781
226389 239823 1781
226389 239823 1781
226389 239823 1781
226389 239823 1781
226389 239823 1781
226389 239823 1781
226389 239823 1781
246101 235966 1782
246101 235966 1782
246101 235966 1782
246101 235966 1782
246101 235966 1782
246101 235966 1782
246101 235966 1782
246101 235966 1782
246101 235966 1782
246101 235966 1782
246101 235966 1782
246101 235966 1782
246101 235966 1782
236847 226433 1787
236847 226433 1787
236847 226433 1787
236847 226433 1787
236847 226433 1787
236847 226433 1787
236847 226433 1787
236847 226433 1787
236847 226433 1787
236847 226433 1787
236847 226433 1787
236847 226433 1787
236478 242322 1793
236478 242322 1793
236478 242322 1793
236478 242322 1793
236478 242322 1793
236478 242322 1793
236478 242322 1793
236478 242322 1793
236478 242322 1793
236478 242322 1793
236478 242322 1793
236478 242322 1793
239263 174475 1795
239263 174475 1795
239263 174475 1795
239263 174475 1795
239263 174475 1795
239263 174475 1795
239263 174475 1795
239263 174475 1795
239263 174475 1795
239263 174475 1795
239263 174475 1795
239263 174475 1795
210485 192942 1795
210485 192942 1795
210485 192942 1795
210485 192942 1795
210485 192942 1795
210485 192942 1795
210485 192942 1795
210485 192942 1795
210485 192942 1795
210485 192942 1795
210485 192942 1795
210485 192942 1795
210485 192942 1795
239748 265911 1799
239748 265911 1799
239748 265911 1799
239748 265911 1799
239748 265911 1799
239748 265911 1799
239748 265911 1799
239748 265911 1799
239748 265911 1799
239748 265911 1799
239748 265911 1799
239748 265911 1799
239748 265911 1799
200262 187715 1805
200262 187715 1805
200262 187715 1805
200262 187715 1805
200262 187715 1805
200262 187715 1805
200262 187715 1805
200262 187715 1805
200262 187715 1805
200262 187715 1805
200262 187715 1805
200262 187715 1805
265481 293653 1805
265481 293653 1805
265481 293653 1805
265481 293653 1805
265481 293653 1805
265481 293653 1805
265481 293653 1805
265481 293653 1805
265481 293653 1805
265481 293653 1805
265481 293653 1805
265481 293653 1805
227015 290211 1808
227015 290211 1808
227015 290211 1808
227015 290211 1808
227015 290211 1808
227015 290211 1808
227015 290211 1808
227015 290211 1808
227015 290211 1808
227015 290211 1808
227015 290211 1808
227015 290211 1808
296109 246041 1808
296109 246041 1808
296109 246041 1808
296109 246041 1808
296109 246041 1808
296109 246041 1808
296109 246041 1808
296109 246041 1808
296109 246041 1808
296109 246041 1808
296109 246041 1808
296109 246041 1808
246041 291455 1810
246041 291455 1810
246041 291455 1810
246041 291455 1810
246041 291455 1810
246041 291455 1810
246041 291455 1810
246041 291455 1810
246041 291455 1810
246041 291455 1810
246041 291455 1810
246041 291455 1810
246041 291455 1810
274406 282516 1811
274406 282516 1811
274406 282516 1811
274406 282516 1811
274406 282516 1811
274406 282516 1811
274406 282516 1811
274406 282516 1811
274406 282516 1811
274406 282516 1811
274406 282516 1811
274406 282516 1811
274406 282516 1811
195511 239014 1812
195511 239014 1812
195511 239014 1812
195511 239014 1812
195511 239014 1812
195511 239014 1812
195511 239014 1812
195511 239014 1812
195511 239014 1812
195511 239014 1812
195511 239014 1812
195511 239014 1812
195511 239014 1812
236017 230167 1814
236017 230167 1814
236017 230167 1814
236017 230167 1814
236017 230167 1814
236017 230167 1814
236017 230167 1814
236017 230167 1814
236017 230167 1814
236017 230167 1814
236017 230167 1814
236017 230167 1814
236017 230167 1814
226967 236851 1815
226967 236851 1815
226967 236851 1815
226967 236851 1815
226967 236851 1815
226967 236851 1815
226967 236851 1815
226967 236851 1815
226967 236851 1815
226967 236851 1815
226967 236851 1815
226967 236851 1815
285466 236843 1822
285466 236843 1822
285466 236843 1822
285466 236843 1822
285466 236843 1822
285466 236843 1822
285466 236843 1822
285466 236843 1822
285466 236843 1822
285466 236843 1822
285466 236843 1822
285466 236843 1822
285466 236843 1822
246044 285186 1822
246044 285186 1822
246044 285186 1822
246044 285186 1822
246044 285186 1822
246044 285186 1822
246044 285186 1822
246044 285186 1822
246044 285186 1822
246044 285186 1822
246044 285186 1822
246044 285186 1822
246044 285186 1822
193610 246116 1828
193610 246116 1828
193610 246116 1828
193610 246116 1828
193610 246116 1828
193610 246116 1828
193610 246116 1828
193610 246116 1828
193610 246116 1828
193610 246116 1828
193610 246116 1828
193610 246116 1828
193610 246116 1828
193610 246116 1828
193610 246116 1828
193610 246116 1828
193610 246116 1828
193610 246116 1828
193610 246116 1828
193610 246116 1828
193610 246116 1828
193610 246116 1828
193610 246116 1828
193610 246116 1828
193610 246116 1828
236104 238418 1831
236104 238418 1831
236104 238418 1831
236104 238418 1831
236104 238418 1831
236104 238418 1831
236104 238418 1831
236104 238418 1831
236104 238418 1831
236104 238418 1831
236104 238418 1831
236104 238418 1831
236104 238418 1831
236851 237906 1833
236851 237906 1833
236851 237906 1833
236851 237906 1833
236851 237906 1833
236851 237906 1833
236851 237906 1833
236851 237906 1833
236851 237906 1833
236851 237906 1833
236851 237906 1833
236851 237906 1833
14813 232687 1834
14813 232687 1834
14813 232687 1834
14813 232687 1834
14813 232687 1834
14813 232687 1834
14813 232687 1834
14813 232687 1834
14813 232687 1834
14813 232687 1834
14813 232687 1834
14813 232687 1834
241489 238631 1835
241489 238631 1835
241489 238631 1835
241489 238631 1835
241489 238631 1835
241489 238631 1835
241489 238631 1835
241489 238631 1835
241489 238631 1835
241489 238631 1835
241489 238631 1835
241489 238631 1835
235146 227093 1836
235146 227093 1836
235146 227093 1836
235146 227093 1836
235146 227093 1836
235146 227093 1836
235146 227093 1836
235146 227093 1836
235146 227093 1836
235146 227093 1836
235146 227093 1836
235146 227093 1836
235986 238631 1838
235986 238631 1838
235986 238631 1838
235986 238631 1838
235986 238631 1838
235986 238631 1838
235986 238631 1838
235986 238631 1838
235986 238631 1838
235986 238631 1838
235986 238631 1838
235986 238631 1838
192944 293359 1848
192944 293359 1848
192944 293359 1848
192944 293359 1848
192944 293359 1848
192944 293359 1848
192944 293359 1848
192944 293359 1848
192944 293359 1848
192944 293359 1848
192944 293359 1848
192944 293359 1848
192944 293359 1848
234222 230167 1850
234222 230167 1850
234222 230167 1850
234222 230167 1850
234222 230167 1850
234222 230167 1850
234222 230167 1850
234222 230167 1850
234222 230167 1850
234222 230167 1850
234222 230167 1850
234222 230167 1850
202615 265481 1850
202615 265481 1850
202615 265481 1850
202615 265481 1850
202615 265481 1850
202615 265481 1850
202615 265481 1850
202615 265481 1850
202615 265481 1850
202615 265481 1850
202615 265481 1850
202615 265481 1850
202615 265481 1850
296191 235683 1852
296191 235683 1852
296191 235683 1852
296191 235683 1852
296191 235683 1852
296191 235683 1852
296191 235683 1852
296191 235683 1852
296191 235683 1852
296191 235683 1852
296191 235683 1852
296191 235683 1852
296191 235683 1852
237846 243709 1852
237846 243709 1852
237846 243709 1852
237846 243709 1852
237846 243709 1852
237846 243709 1852
237846 243709 1852
237846 243709 1852
237846 243709 1852
237846 243709 1852
237846 243709 1852
237846 243709 1852
240616 227852 1853
240616 227852 1853
240616 227852 1853
240616 227852 1853
240616 227852 1853
240616 227852 1853
240616 227852 1853
240616 227852 1853
240616 227852 1853
240616 227852 1853
240616 227852 1853
240616 227852 1853
240616 227852 1853
235945 227541 1853
235945 227541 1853
235945 227541 1853
235945 227541 1853
235945 227541 1853
235945 227541 1853
235945 227541 1853
235945 227541 1853
235945 227541 1853
235945 227541 1853
235945 227541 1853
235945 227541 1853
235945 227541 1853
288199 246115 1854
288199 246115 1854
288199 246115 1854
288199 246115 1854
288199 246115 1854
288199 246115 1854
288199 246115 1854
288199 246115 1854
288199 246115 1854
288199 246115 1854
288199 246115 1854
288199 246115 1854
288199 246115 1854
195546 238001 1856
195546 238001 1856
195546 238001 1856
195546 238001 1856
195546 238001 1856
195546 238001 1856
195546 238001 1856
195546 238001 1856
195546 238001 1856
195546 238001 1856
195546 238001 1856
195546 238001 1856
228034 228707 1856
228034 228707 1856
228034 228707 1856
228034 228707 1856
228034 228707 1856
228034 228707 1856
228034 228707 1856
228034 228707 1856
228034 228707 1856
228034 228707 1856
228034 228707 1856
228034 228707 1856
293672 245976 1858
293672 245976 1858
293672 245976 1858
293672 245976 1858
293672 245976 1858
293672 245976 1858
293672 245976 1858
293672 245976 1858
293672 245976 1858
293672 245976 1858
293672 245976 1858
293672 245976 1858
285466 245976 1860
285466 245976 1860
285466 245976 1860
285466 245976 1860
285466 245976 1860
285466 245976 1860
285466 245976 1860
285466 245976 1860
285466 245976 1860
285466 245976 1860
285466 245976 1860
285466 245976 1860
285466 245976 1860
235683 202634 1862
235683 202634 1862
235683 202634 1862
235683 202634 1862
235683 202634 1862
235683 202634 1862
235683 202634 1862
235683 202634 1862
235683 202634 1862
235683 202634 1862
235683 202634 1862
235683 202634 1862
282547 240961 1864
282547 240961 1864
282547 240961 1864
282547 240961 1864
282547 240961 1864
282547 240961 1864
282547 240961 1864
282547 240961 1864
282547 240961 1864
282547 240961 1864
282547 240961 1864
282547 240961 1864
282547 240961 1864
240961 230381 1866
240961 230381 1866
240961 230381 1866
240961 230381 1866
240961 230381 1866
240961 230381 1866
240961 230381 1866
240961 230381 1866
240961 230381 1866
240961 230381 1866
240961 230381 1866
240961 230381 1866
240961 230381 1866
289098 262514 1868
289098 262514 1868
289098 262514 1868
289098 262514 1868
289098 262514 1868
289098 262514 1868
289098 262514 1868
289098 262514 1868
289098 262514 1868
289098 262514 1868
289098 262514 1868
289098 262514 1868
235658 126481 1879
235658 126481 1879
235658 126481 1879
235658 126481 1879
235658 126481 1879
235658 126481 1879
235658 126481 1879
235658 126481 1879
235658 126481 1879
235658 126481 1879
235658 126481 1879
235658 126481 1879
235658 126481 1879
239190 235810 1884
239190 235810 1884
239190 235810 1884
239190 235810 1884
239190 235810 1884
239190 235810 1884
239190 235810 1884
239190 235810 1884
239190 235810 1884
239190 235810 1884
239190 235810 1884
239190 235810 1884
239160 246101 1887
239160 246101 1887
239160 246101 1887
239160 246101 1887
239160 246101 1887
239160 246101 1887
239160 246101 1887
239160 246101 1887
239160 246101 1887
239160 246101 1887
239160 246101 1887
239160 246101 1887
232061 246309 1888
232061 246309 1888
232061 246309 1888
232061 246309 1888
232061 246309 1888
232061 246309 1888
232061 246309 1888
232061 246309 1888
232061 246309 1888
232061 246309 1888
232061 246309 1888
232061 246309 1888
238721 228200 1890
238721 228200 1890
238721 228200 1890
238721 228200 1890
238721 228200 1890
238721 228200 1890
238721 228200 1890
238721 228200 1890
238721 228200 1890
238721 228200 1890
238721 228200 1890
238721 228200 1890
227098 230705 1891
227098 230705 1891
227098 230705 1891
227098 230705 1891
227098 230705 1891
227098 230705 1891
227098 230705 1891
227098 230705 1891
227098 230705 1891
227098 230705 1891
227098 230705 1891
227098 230705 1891
227098 230705 1891
237986 239001 1893
237986 239001 1893
237986 239001 1893
237986 239001 1893
237986 239001 1893
237986 239001 1893
237986 239001 1893
237986 239001 1893
237986 239001 1893
237986 239001 1893
237986 239001 1893
237986 239001 1893
237986 239001 1893
246169 151188 1894
246169 151188 1894
246169 151188 1894
246169 151188 1894
246169 151188 1894
246169 151188 1894
246169 151188 1894
246169 151188 1894
246169 151188 1894
246169 151188 1894
246169 151188 1894
246169 151188 1894
246169 151188 1894
4712 239754 1895
4712 239754 1895
4712 239754 1895
4712 239754 1895
4712 239754 1895
4712 239754 1895
4712 239754 1895
4712 239754 1895
4712 239754 1895
4712 239754 1895
4712 239754 1895
4712 239754 1895
230217 236400 1907
230217 236400 1907
230217 236400 1907
230217 236400 1907
230217 236400 1907
230217 236400 1907
230217 236400 1907
230217 236400 1907
230217 236400 1907
230217 236400 1907
230217 236400 1907
230217 236400 1907
151125 233599 1909
151125 233599 1909
151125 233599 1909
151125 233599 1909
151125 233599 1909
151125 233599 1909
151125 233599 1909
151125 233599 1909
151125 233599 1909
151125 233599 1909
151125 233599 1909
151125 233599 1909
240606 285466 1910
240606 285466 1910
240606 285466 1910
240606 285466 1910
240606 285466 1910
240606 285466 1910
240606 285466 1910
240606 285466 1910
240606 285466 1910
240606 285466 1910
240606 285466 1910
240606 285466 1910
226581 226394 1911
226581 226394 1911
226581 226394 1911
226581 226394 1911
226581 226394 1911
226581 226394 1911
226581 226394 1911
226581 226394 1911
226581 226394 1911
226581 226394 1911
226581 226394 1911
226581 226394 1911
226581 226394 1911
285354 230124 1922
285354 230124 1922
285354 230124 1922
285354 230124 1922
285354 230124 1922
285354 230124 1922
285354 230124 1922
285354 230124 1922
285354 230124 1922
285354 230124 1922
285354 230124 1922
285354 230124 1922
14800 290810 1923
14800 290810 1923
14800 290810 1923
14800 290810 1923
14800 290810 1923
14800 290810 1923
14800 290810 1923
14800 290810 1923
14800 290810 1923
14800 290810 1923
14800 290810 1923
14800 290810 1923
14800 290810 1923
245898 285187 1926
245898 285187 1926
245898 285187 1926
245898 285187 1926
245898 285187 1926
245898 285187 1926
245898 285187 1926
245898 285187 1926
245898 285187 1926
245898 285187 1926
245898 285187 1926
245898 285187 1926
153037 225931 1936
153037 225931 1936
153037 225931 1936
153037 225931 1936
153037 225931 1936
153037 225931 1936
153037 225931 1936
153037 225931 1936
153037 225931 1936
153037 225931 1936
153037 225931 1936
153037 225931 1936
153037 225931 1936
231372 226986 1949
231372 226986 1949
231372 226986 1949
231372 226986 1949
231372 226986 1949
231372 226986 1949
231372 226986 1949
231372 226986 1949
231372 226986 1949
231372 226986 1949
231372 226986 1949
231372 226986 1949
242212 235013 1954
242212 235013 1954
242212 235013 1954
242212 235013 1954
242212 235013 1954
242212 235013 1954
242212 235013 1954
242212 235013 1954
242212 235013 1954
242212 235013 1954
242212 235013 1954
242212 235013 1954
242212 235013 1954
235013 226840 1957
235013 226840 1957
235013 226840 1957
235013 226840 1957
235013 226840 1957
235013 226840 1957
235013 226840 1957
235013 226840 1957
235013 226840 1957
235013 226840 1957
235013 226840 1957
235013 226840 1957
200260 293359 1961
200260 293359 1961
200260 293359 1961
200260 293359 1961
200260 293359 1961
200260 293359 1961
200260 293359 1961
200260 293359 1961
200260 293359 1961
200260 293359 1961
200260 293359 1961
200260 293359 1961
227088 235687 1963
227088 235687 1963
227088 235687 1963
227088 235687 1963
227088 235687 1963
227088 235687 1963
227088 235687 1963
227088 235687 1963
227088 235687 1963
227088 235687 1963
227088 235687 1963
227088 235687 1963
227088 235687 1963
227243 235687 1963
227243 235687 1963
227243 235687 1963
227243 235687 1963
227243 235687 1963
227243 235687 1963
227243 235687 1963
227243 235687 1963
227243 235687 1963
227243 235687 1963
227243 235687 1963
227243 235687 1963
196008 265841 1964
196008 265841 1964
196008 265841 1964
196008 265841 1964
196008 265841 1964
196008 265841 1964
196008 265841 1964
196008 265841 1964
196008 265841 1964
196008 265841 1964
196008 265841 1964
196008 265841 1964
196008 265841 1964
231019 228034 1968
231019 228034 1968
231019 228034 1968
231019 228034 1968
231019 228034 1968
231019 228034 1968
231019 228034 1968
231019 228034 1968
231019 228034 1968
231019 228034 1968
231019 228034 1968
231019 228034 1968
231019 228034 1968
226380 226971 1970
226380 226971 1970
226380 226971 1970
226380 226971 1970
226380 226971 1970
226380 226971 1970
226380 226971 1970
226380 226971 1970
226380 226971 1970
226380 226971 1970
226380 226971 1970
226380 226971 1970
226380 226971 1970
227232 228034 1992
227232 228034 1992
227232 228034 1992
227232 228034 1992
227232 228034 1992
227232 228034 1992
227232 228034 1992
227232 228034 1992
227232 228034 1992
227232 228034 1992
227232 228034 1992
227232 228034 1992
227232 228034 1992
231439 231019 1993
231439 231019 1993
231439 231019 1993
231439 231019 1993
231439 231019 1993
231439 231019 1993
231439 231019 1993
231439 231019 1993
231439 231019 1993
231439 231019 1993
231439 231019 1993
231439 231019 1993
228034 246044 1994
228034 246044 1994
228034 246044 1994
228034 246044 1994
228034 246044 1994
228034 246044 1994
228034 246044 1994
228034 246044 1994
228034 246044 1994
228034 246044 1994
228034 246044 1994
228034 246044 1994
228034 246044 1994
190900 185761 1995
190900 185761 1995
190900 185761 1995
190900 185761 1995
190900 185761 1995
190900 185761 1995
190900 185761 1995
190900 185761 1995
190900 185761 1995
190900 185761 1995
190900 185761 1995
190900 185761 1995
190900 185761 1995
227071 195545 1999
227071 195545 1999
227071 195545 1999
227071 195545 1999
227071 195545 1999
227071 195545 1999
227071 195545 1999
227071 195545 1999
227071 195545 1999
227071 195545 1999
227071 195545 1999
227071 195545 1999
227071 195545 1999
262497 233592 2001
262497 233592 2001
262497 233592 2001
262497 233592 2001
262497 233592 2001
262497 233592 2001
262497 233592 2001
262497 233592 2001
262497 233592 2001
262497 233592 2001
262497 233592 2001
262497 233592 2001
240657 228034 2003
240657 228034 2003
240657 228034 2003
240657 228034 2003
240657 228034 2003
240657 228034 2003
240657 228034 2003
240657 228034 2003
240657 228034 2003
240657 228034 2003
240657 228034 2003
240657 228034 2003
235974 228032 2004
235974 228032 2004
235974 228032 2004
235974 228032 2004
235974 228032 2004
235974 228032 2004
235974 228032 2004
235974 228032 2004
235974 228032 2004
235974 228032 2004
235974 228032 2004
235974 228032 2004
228124 243947 2004
228124 243947 2004
228124 243947 2004
228124 243947 2004
228124 243947 2004
228124 243947 2004
228124 243947 2004
228124 243947 2004
228124 243947 2004
228124 243947 2004
228124 243947 2004
228124 243947 2004
228124 243947 2004
240600 296096 2018
240600 296096 2018
240600 296096 2018
240600 296096 2018
240600 296096 2018
240600 296096 2018
240600 296096 2018
240600 296096 2018
240600 296096 2018
240600 296096 2018
240600 296096 2018
240600 296096 2018
240600 296096 2018
240846 238720 2020
240846 238720 2020
240846 238720 2020
240846 238720 2020
240846 238720 2020
240846 238720 2020
240846 238720 2020
240846 238720 2020
240846 238720 2020
240846 238720 2020
240846 238720 2020
240846 238720 2020
240846 238720 2020
174458 190937 2023
174458 190937 2023
174458 190937 2023
174458 190937 2023
174458 190937 2023
174458 190937 2023
174458 190937 2023
174458 190937 2023
174458 190937 2023
174458 190937 2023
174458 190937 2023
174458 190937 2023
174458 190937 2023
235678 246119 2029
235678 246119 2029
235678 246119 2029
235678 246119 2029
235678 246119 2029
235678 246119 2029
235678 246119 2029
235678 246119 2029
235678 246119 2029
235678 246119 2029
235678 246119 2029
235678 246119 2029
235678 246119 2029
233585 246119 2030
233585 246119 2030
233585 246119 2030
233585 246119 2030
233585 246119 2030
233585 246119 2030
233585 246119 2030
233585 246119 2030
233585 246119 2030
233585 246119 2030
233585 246119 2030
233585 246119 2030
233608 284260 2030
233608 284260 2030
233608 284260 2030
233608 284260 2030
233608 284260 2030
233608 284260 2030
233608 284260 2030
233608 284260 2030
233608 284260 2030
233608 284260 2030
233608 284260 2030
233608 284260 2030
227257 232189 2034
227257 232189 2034
227257 232189 2034
227257 232189 2034
227257 232189 2034
227257 232189 2034
227257 232189 2034
227257 232189 2034
227257 232189 2034
227257 232189 2034
227257 232189 2034
227257 232189 2034
227257 232189 2034
226577 284260 2034
226577 284260 2034
226577 284260 2034
226577 284260 2034
226577 284260 2034
226577 284260 2034
226577 284260 2034
226577 284260 2034
226577 284260 2034
226577 284260 2034
226577 284260 2034
226577 284260 2034
226577 284260 2034
230957 14813 2039
230957 14813 2039
230957 14813 2039
230957 14813 2039
230957 14813 2039
230957 14813 2039
230957 14813 2039
230957 14813 2039
230957 14813 2039
230957 14813 2039
230957 14813 2039
230957 14813 2039
235935 226754 2044
235935 226754 2044
235935 226754 2044
235935 226754 2044
235935 226754 2044
235935 226754 2044
235935 226754 2044
235935 226754 2044
235935 226754 2044
235935 226754 2044
235935 226754 2044
235935 226754 2044
186873 294272 2046
186873 294272 2046
186873 294272 2046
186873 294272 2046
186873 294272 2046
186873 294272 2046
186873 294272 2046
186873 294272 2046
186873 294272 2046
186873 294272 2046
186873 294272 2046
186873 294272 2046
186873 294272 2046
238238 203453 2130
238238 203453 2130
238238 203453 2130
238238 203453 2130
238238 203453 2130
238238 203453 2130
238238 203453 2130
238238 203453 2130
238238 203453 2130
238238 203453 2130
238238 203453 2130
238238 203453 2130
233584 194603 2216
233584 194603 2216
233584 194603 2216
233584 194603 2216
233584 194603 2216
233584 194603 2216
233584 194603 2216
233584 194603 2216
233584 194603 2216
233584 194603 2216
233584 194603 2216
233584 194603 2216
242035 239825 2225
242035 239825 2225
242035 239825 2225
242035 239825 2225
242035 239825 2225
242035 239825 2225
242035 239825 2225
242035 239825 2225
242035 239825 2225
242035 239825 2225
242035 239825 2225
242035 239825 2225
242035 239825 2225
237374 174475 2244
237374 174475 2244
237374 174475 2244
237374 174475 2244
237374 174475 2244
237374 174475 2244
237374 174475 2244
237374 174475 2244
237374 174475 2244
237374 174475 2244
237374 174475 2244
237374 174475 2244
289042 245977 2266
289042 245977 2266
289042 245977 2266
289042 245977 2266
289042 245977 2266
289042 245977 2266
289042 245977 2266
289042 245977 2266
289042 245977 2266
289042 245977 2266
289042 245977 2266
289042 245977 2266
208315 252022 2274
208315 252022 2274
208315 252022 2274
208315 252022 2274
208315 252022 2274
208315 252022 2274
208315 252022 2274
208315 252022 2274
208315 252022 2274
208315 252022 2274
208315 252022 2274
208315 252022 2274
236847 232195 2276
236847 232195 2276
236847 232195 2276
236847 232195 2276
236847 232195 2276
236847 232195 2276
236847 232195 2276
236847 232195 2276
236847 232195 2276
236847 232195 2276
236847 232195 2276
236847 232195 2276
242933 226380 2282
242933 226380 2282
242933 226380 2282
242933 226380 2282
242933 226380 2282
242933 226380 2282
242933 226380 2282
242933 226380 2282
242933 226380 2282
242933 226380 2282
242933 226380 2282
242933 226380 2282
242933 226380 2282
240630 235966 2282
240630 235966 2282
240630 235966 2282
240630 235966 2282
240630 235966 2282
240630 235966 2282
240630 235966 2282
240630 235966 2282
240630 235966 2282
240630 235966 2282
240630 235966 2282
240630 235966 2282
233586 226583 2284
233586 226583 2284
233586 226583 2284
233586 226583 2284
233586 226583 2284
233586 226583 2284
233586 226583 2284
233586 226583 2284
233586 226583 2284
233586 226583 2284
233586 226583 2284
233586 226583 2284
233586 226583 2284
151083 239001 2288
151083 239001 2288
151083 239001 2288
151083 239001 2288
151083 239001 2288
151083 239001 2288
151083 239001 2288
151083 239001 2288
151083 239001 2288
151083 239001 2288
151083 239001 2288
151083 239001 2288
151083 239001 2288
228039 227856 2292
228039 227856 2292
228039 227856 2292
228039 227856 2292
228039 227856 2292
228039 227856 2292
228039 227856 2292
228039 227856 2292
228039 227856 2292
228039 227856 2292
228039 227856 2292
228039 227856 2292
228039 227856 2292
230932 225681 2297
230932 225681 2297
230932 225681 2297
230932 225681 2297
230932 225681 2297
230932 225681 2297
230932 225681 2297
230932 225681 2297
230932 225681 2297
230932 225681 2297
230932 225681 2297
230932 225681 2297
230932 225681 2297
227541 228014 2298
227541 228014 2298
227541 228014 2298
227541 228014 2298
227541 228014 2298
227541 228014 2298
227541 228014 2298
227541 228014 2298
227541 228014 2298
227541 228014 2298
227541 228014 2298
227541 228014 2298
151083 239001 2298
151083 239001 2298
151083 239001 2298
151083 239001 2298
151083 239001 2298
151083 239001 2298
151083 239001 2298
151083 239001 2298
151083 239001 2298
151083 239001 2298
151083 239001 2298
151083 239001 2298
196008 236478 2310
196008 236478 2310
196008 236478 2310
196008 236478 2310
196008 236478 2310
196008 236478 2310
196008 236478 2310
196008 236478 2310
196008 236478 2310
196008 236478 2310
196008 236478 2310
196008 236478 2310
296678 226976 2315
296678 226976 2315
296678 226976 2315
296678 226976 2315
296678 226976 2315
296678 226976 2315
296678 226976 2315
296678 226976 2315
296678 226976 2315
296678 226976 2315
296678 226976 2315
296678 226976 2315
296678 226971 2315
296678 226971 2315
296678 226971 2315
296678 226971 2315
296678 226971 2315
296678 226971 2315
296678 226971 2315
296678 226971 2315
296678 226971 2315
296678 226971 2315
296678 226971 2315
296678 226971 2315
226976 226991 2315
226976 226991 2315
226976 226991 2315
226976 226991 2315
226976 226991 2315
226976 226991 2315
226976 226991 2315
226976 226991 2315
226976 226991 2315
226976 226991 2315
226976 226991 2315
226976 226991 2315
243449 232832 2316
243449 232832 2316
243449 232832 2316
243449 232832 2316
243449 232832 2316
243449 232832 2316
243449 232832 2316
243449 232832 2316
243449 232832 2316
243449 232832 2316
243449 232832 2316
243449 232832 2316
227250 242460 2317
227250 242460 2317
227250 242460 2317
227250 242460 2317
227250 242460 2317
227250 242460 2317
227250 242460 2317
227250 242460 2317
227250 242460 2317
227250 242460 2317
227250 242460 2317
227250 242460 2317
235013 233584 2318
235013 233584 2318
235013 233584 2318
235013 233584 2318
235013 233584 2318
235013 233584 2318
235013 233584 2318
235013 233584 2318
235013 233584 2318
235013 233584 2318
235013 233584 2318
235013 233584 2318
289563 296096 2320
289563 296096 2320
289563 296096 2320
289563 296096 2320
289563 296096 2320
289563 296096 2320
289563 296096 2320
289563 296096 2320
289563 296096 2320
289563 296096 2320
289563 296096 2320
289563 296096 2320
289563 296096 2320
240561 226972 2323
240561 226972 2323
240561 226972 2323
240561 226972 2323
240561 226972 2323
240561 226972 2323
240561 226972 2323
240561 226972 2323
240561 226972 2323
240561 226972 2323
240561 226972 2323
240561 226972 2323
192974 285466 2324
192974 285466 2324
192974 285466 2324
192974 285466 2324
192974 285466 2324
192974 285466 2324
192974 285466 2324
192974 285466 2324
192974 285466 2324
192974 285466 2324
192974 285466 2324
192974 285466 2324
232697 235795 2329
232697 235795 2329
232697 235795 2329
232697 235795 2329
232697 235795 2329
232697 235795 2329
232697 235795 2329
232697 235795 2329
232697 235795 2329
232697 235795 2329
232697 235795 2329
232697 235795 2329
232697 235795 2329
237846 243708 2331
237846 243708 2331
237846 243708 2331
237846 243708 2331
237846 243708 2331
237846 243708 2331
237846 243708 2331
237846 243708 2331
237846 243708 2331
237846 243708 2331
237846 243708 2331
237846 243708 2331
237846 243708 2331
175963 237320 2357
175963 237320 2357
175963 237320 2357
175963 237320 2357
175963 237320 2357
175963 237320 2357
175963 237320 2357
175963 237320 2357
175963 237320 2357
175963 237320 2357
175963 237320 2357
175963 237320 2357
203445 237732 2359
203445 237732 2359
203445 237732 2359
203445 237732 2359
203445 237732 2359
203445 237732 2359
203445 237732 2359
203445 237732 2359
203445 237732 2359
203445 237732 2359
203445 237732 2359
203445 237732 2359
203445 237732 2359
294268 292458 2367
294268 292458 2367
294268 292458 2367
294268 292458 2367
294268 292458 2367
294268 292458 2367
294268 292458 2367
294268 292458 2367
294268 292458 2367
294268 292458 2367
294268 292458 2367
294268 292458 2367
294268 292458 2367
232705 238203 2375
232705 238203 2375
232705 238203 2375
232705 238203 2375
232705 238203 2375
232705 238203 2375
232705 238203 2375
232705 238203 2375
232705 238203 2375
232705 238203 2375
232705 238203 2375
232705 238203 2375
227975 237848 2379
227975 237848 2379
227975 237848 2379
227975 237848 2379
227975 237848 2379
227975 237848 2379
227975 237848 2379
227975 237848 2379
227975 237848 2379
227975 237848 2379
227975 237848 2379
227975 237848 2379
227975 237848 2379
193117 193404 2384
193117 193404 2384
193117 193404 2384
193117 193404 2384
193117 193404 2384
193117 193404 2384
193117 193404 2384
193117 193404 2384
193117 193404 2384
193117 193404 2384
193117 193404 2384
193117 193404 2384
236075 237848 2394
236075 237848 2394
236075 237848 2394
236075 237848 2394
236075 237848 2394
236075 237848 2394
236075 237848 2394
236075 237848 2394
236075 237848 2394
236075 237848 2394
236075 237848 2394
236075 237848 2394
236075 237848 2394
226958 240557 2400
226958 240557 2400
226958 240557 2400
226958 240557 2400
226958 240557 2400
226958 240557 2400
226958 240557 2400
226958 240557 2400
226958 240557 2400
226958 240557 2400
226958 240557 2400
226958 240557 2400
240597 227846 2401
240597 227846 2401
240597 227846 2401
240597 227846 2401
240597 227846 2401
240597 227846 2401
240597 227846 2401
240597 227846 2401
240597 227846 2401
240597 227846 2401
240597 227846 2401
240597 227846 2401
240597 227846 2401
186852 190920 2402
186852 190920 2402
186852 190920 2402
186852 190920 2402
186852 190920 2402
186852 190920 2402
186852 190920 2402
186852 190920 2402
186852 190920 2402
186852 190920 2402
186852 190920 2402
186852 190920 2402
186852 190920 2402
236000 235965 2405
236000 235965 2405
236000 235965 2405
236000 235965 2405
236000 235965 2405
236000 235965 2405
236000 235965 2405
236000 235965 2405
236000 235965 2405
236000 235965 2405
236000 235965 2405
236000 235965 2405
203471 238637 2409
203471 238637 2409
203471 238637 2409
203471 238637 2409
203471 238637 2409
203471 238637 2409
203471 238637 2409
203471 238637 2409
203471 238637 2409
203471 238637 2409
203471 238637 2409
203471 238637 2409
203471 238637 2409
193631 186852 2409
193631 186852 2409
193631 186852 2409
193631 186852 2409
193631 186852 2409
193631 186852 2409
193631 186852 2409
193631 186852 2409
193631 186852 2409
193631 186852 2409
193631 186852 2409
193631 186852 2409
193631 186852 2409
238631 238639 2410
238631 238639 2410
238631 238639 2410
238631 238639 2410
238631 238639 2410
238631 238639 2410
238631 238639 2410
238631 238639 2410
238631 238639 2410
238631 238639 2410
238631 238639 2410
238631 238639 2410
238631 238639 2410
230957 124698 2414
230957 124698 2414
230957 124698 2414
230957 124698 2414
230957 124698 2414
230957 124698 2414
230957 124698 2414
230957 124698 2414
230957 124698 2414
230957 124698 2414
230957 124698 2414
230957 124698 2414
235683 236857 2422
235683 236857 2422
235683 236857 2422
235683 236857 2422
235683 236857 2422
235683 236857 2422
235683 236857 2422
235683 236857 2422
235683 236857 2422
235683 236857 2422
235683 236857 2422
235683 236857 2422
236845 235673 2422
236845 235673 2422
236845 235673 2422
236845 235673 2422
236845 235673 2422
236845 235673 2422
236845 235673 2422
236845 235673 2422
236845 235673 2422
236845 235673 2422
236845 235673 2422
236845 235673 2422
237886 242322 2439
237886 242322 2439
237886 242322 2439
237886 242322 2439
237886 242322 2439
237886 242322 2439
237886 242322 2439
237886 242322 2439
237886 242322 2439
237886 242322 2439
237886 242322 2439
237886 242322 2439
237886 242322 2439
228014 236400 2442
228014 236400 2442
228014 236400 2442
228014 236400 2442
228014 236400 2442
228014 236400 2442
228014 236400 2442
228014 236400 2442
228014 236400 2442
228014 236400 2442
228014 236400 2442
228014 236400 2442
228014 236400 2442
229827 227540 2446
229827 227540 2446
229827 227540 2446
229827 227540 2446
229827 227540 2446
229827 227540 2446
229827 227540 2446
229827 227540 2446
229827 227540 2446
229827 227540 2446
229827 227540 2446
229827 227540 2446
251940 203454 2455
251940 203454 2455
251940 203454 2455
251940 203454 2455
251940 203454 2455
251940 203454 2455
251940 203454 2455
251940 203454 2455
251940 203454 2455
251940 203454 2455
251940 203454 2455
251940 203454 2455
265918 246076 2467
265918 246076 2467
265918 246076 2467
265918 246076 2467
265918 246076 2467
265918 246076 2467
265918 246076 2467
265918 246076 2467
265918 246076 2467
265918 246076 2467
265918 246076 2467
265918 246076 2467
265918 246076 2467
227547 232694 2470
227547 232694 2470
227547 232694 2470
227547 232694 2470
227547 232694 2470
227547 232694 2470
227547 232694 2470
227547 232694 2470
227547 232694 2470
227547 232694 2470
227547 232694 2470
227547 232694 2470
227547 232694 2470
235973 228406 2473
235973 228406 2473
235973 228406 2473
235973 228406 2473
235973 228406 2473
235973 228406 2473
235973 228406 2473
235973 228406 2473
235973 228406 2473
235973 228406 2473
235973 228406 2473
235973 228406 2473
239263 238001 2477
239263 238001 2477
239263 238001 2477
239263 238001 2477
239263 238001 2477
239263 238001 2477
239263 238001 2477
239263 238001 2477
239263 238001 2477
239263 238001 2477
239263 238001 2477
239263 238001 2477
226966 228406 2477
226966 228406 2477
226966 228406 2477
226966 228406 2477
226966 228406 2477
226966 228406 2477
226966 228406 2477
226966 228406 2477
226966 228406 2477
226966 228406 2477
226966 228406 2477
226966 228406 2477
226966 228406 2477
237886 235683 2482
237886 235683 2482
237886 235683 2482
237886 235683 2482
237886 235683 2482
237886 235683 2482
237886 235683 2482
237886 235683 2482
237886 235683 2482
237886 235683 2482
237886 235683 2482
237886 235683 2482
227267 236138 2483
227267 236138 2483
227267 236138 2483
227267 236138 2483
227267 236138 2483
227267 236138 2483
227267 236138 2483
227267 236138 2483
227267 236138 2483
227267 236138 2483
227267 236138 2483
227267 236138 2483
227267 236138 2483
228013 238002 2489
228013 238002 2489
228013 238002 2489
228013 238002 2489
228013 238002 2489
228013 238002 2489
228013 238002 2489
228013 238002 2489
228013 238002 2489
228013 238002 2489
228013 238002 2489
228013 238002 2489
240621 295112 2531
240621 295112 2531
240621 295112 2531
240621 295112 2531
240621 295112 2531
240621 295112 2531
240621 295112 2531
240621 295112 2531
240621 295112 2531
240621 295112 2531
240621 295112 2531
240621 295112 2531
294553 262497 2561
294553 262497 2561
294553 262497 2561
294553 262497 2561
294553 262497 2561
294553 262497 2561
294553 262497 2561
294553 262497 2561
294553 262497 2561
294553 262497 2561
294553 262497 2561
294553 262497 2561
294553 262497 2561
241874 236065 2563
241874 236065 2563
241874 236065 2563
241874 236065 2563
241874 236065 2563
241874 236065 2563
241874 236065 2563
241874 236065 2563
241874 236065 2563
241874 236065 2563
241874 236065 2563
241874 236065 2563
241874 236065 2563
295112 233592 2568
295112 233592 2568
295112 233592 2568
295112 233592 2568
295112 233592 2568
295112 233592 2568
295112 233592 2568
295112 233592 2568
295112 233592 2568
295112 233592 2568
295112 233592 2568
295112 233592 2568
295112 233592 2568
236927 231018 2597
236927 231018 2597
236927 231018 2597
236927 231018 2597
236927 231018 2597
236927 231018 2597
236927 231018 2597
236927 231018 2597
236927 231018 2597
236927 231018 2597
236927 231018 2597
236927 231018 2597
236927 231018 2597
289013 236482 2599
289013 236482 2599
289013 236482 2599
289013 236482 2599
289013 236482 2599
289013 236482 2599
289013 236482 2599
289013 236482 2599
289013 236482 2599
289013 236482 2599
289013 236482 2599
289013 236482 2599
289013 236482 2599
203445 293650 2635
203445 293650 2635
203445 293650 2635
203445 293650 2635
203445 293650 2635
203445 293650 2635
203445 293650 2635
203445 293650 2635
203445 293650 2635
203445 293650 2635
203445 293650 2635
203445 293650 2635
203445 293650 2635
246111 236845 2666
246111 236845 2666
246111 236845 2666
246111 236845 2666
246111 236845 2666
246111 236845 2666
246111 236845 2666
246111 236845 2666
246111 236845 2666
246111 236845 2666
246111 236845 2666
246111 236845 2666
246111 236845 2666
193421 229825 2713
193421 229825 2713
193421 229825 2713
193421 229825 2713
193421 229825 2713
193421 229825 2713
193421 229825 2713
193421 229825 2713
193421 229825 2713
193421 229825 2713
193421 229825 2713
193421 229825 2713
203079 232063 2808
203079 232063 2808
203079 232063 2808
203079 232063 2808
203079 232063 2808
203079 232063 2808
203079 232063 2808
203079 232063 2808
203079 232063 2808
203079 232063 2808
203079 232063 2808
203079 232063 2808
153274 237732 2846
153274 237732 2846
153274 237732 2846
153274 237732 2846
153274 237732 2846
153274 237732 2846
153274 237732 2846
153274 237732 2846
153274 237732 2846
153274 237732 2846
153274 237732 2846
153274 237732 2846
153274 237732 2846
155156 239014 2861
155156 239014 2861
155156 239014 2861
155156 239014 2861
155156 239014 2861
155156 239014 2861
155156 239014 2861
155156 239014 2861
155156 239014 2861
155156 239014 2861
155156 239014 2861
155156 239014 2861
251934 227556 2869
251934 227556 2869
251934 227556 2869
251934 227556 2869
251934 227556 2869
251934 227556 2869
251934 227556 2869
251934 227556 2869
251934 227556 2869
251934 227556 2869
251934 227556 2869
251934 227556 2869
227755 251980 2876
227755 251980 2876
227755 251980 2876
227755 251980 2876
227755 251980 2876
227755 251980 2876
227755 251980 2876
227755 251980 2876
227755 251980 2876
227755 251980 2876
227755 251980 2876
227755 251980 2876
237848 231439 2882
237848 231439 2882
237848 231439 2882
237848 231439 2882
237848 231439 2882
237848 231439 2882
237848 231439 2882
237848 231439 2882
237848 231439 2882
237848 231439 2882
237848 231439 2882
237848 231439 2882
237846 227547 2883
237846 227547 2883
237846 227547 2883
237846 227547 2883
237846 227547 2883
237846 227547 2883
237846 227547 2883
237846 227547 2883
237846 227547 2883
237846 227547 2883
237846 227547 2883
237846 227547 2883
238214 235974 2892
238214 235974 2892
238214 235974 2892
238214 235974 2892
238214 235974 2892
238214 235974 2892
238214 235974 2892
238214 235974 2892
238214 235974 2892
238214 235974 2892
238214 235974 2892
238214 235974 2892
238214 235974 2892
285205 291737 2898
285205 291737 2898
285205 291737 2898
285205 291737 2898
285205 291737 2898
285205 291737 2898
285205 291737 2898
285205 291737 2898
285205 291737 2898
285205 291737 2898
285205 291737 2898
285205 291737 2898
285205 291737 2898
291449 246302 2906
291449 246302 2906
291449 246302 2906
291449 246302 2906
291449 246302 2906
291449 246302 2906
291449 246302 2906
291449 246302 2906
291449 246302 2906
291449 246302 2906
291449 246302 2906
291449 246302 2906
291449 246302 2906
291435 11144 2906
291435 11144 2906
291435 11144 2906
291435 11144 2906
291435 11144 2906
291435 11144 2906
291435 11144 2906
291435 11144 2906
291435 11144 2906
291435 11144 2906
291435 11144 2906
291435 11144 2906
291435 11144 2906
296003 245976 2907
296003 245976 2907
296003 245976 2907
296003 245976 2907
296003 245976 2907
296003 245976 2907
296003 245976 2907
296003 245976 2907
296003 245976 2907
296003 245976 2907
296003 245976 2907
296003 245976 2907
235673 188437 2910
235673 188437 2910
235673 188437 2910
235673 188437 2910
235673 188437 2910
235673 188437 2910
235673 188437 2910
235673 188437 2910
235673 188437 2910
235673 188437 2910
235673 188437 2910
235673 188437 2910
235673 188437 2910
295986 245976 2912
295986 245976 2912
295986 245976 2912
295986 245976 2912
295986 245976 2912
295986 245976 2912
295986 245976 2912
295986 245976 2912
295986 245976 2912
295986 245976 2912
295986 245976 2912
295986 245976 2912
295986 245976 2912
241489 243706 2927
241489 243706 2927
241489 243706 2927
241489 243706 2927
241489 243706 2927
241489 243706 2927
241489 243706 2927
241489 243706 2927
241489 243706 2927
241489 243706 2927
241489 243706 2927
241489 243706 2927
188437 226587 2927
188437 226587 2927
188437 226587 2927
188437 226587 2927
188437 226587 2927
188437 226587 2927
188437 226587 2927
188437 226587 2927
188437 226587 2927
188437 226587 2927
188437 226587 2927
188437 226587 2927
239504 236024 2929
239504 236024 2929
239504 236024 2929
239504 236024 2929
239504 236024 2929
239504 236024 2929
239504 236024 2929
239504 236024 2929
239504 236024 2929
239504 236024 2929
239504 236024 2929
239504 236024 2929
242213 237873 2953
242213 237873 2953
242213 237873 2953
242213 237873 2953
242213 237873 2953
242213 237873 2953
242213 237873 2953
242213 237873 2953
242213 237873 2953
242213 237873 2953
242213 237873 2953
242213 237873 2953
242213 237873 2953
225922 227843 2964
225922 227843 2964
225922 227843 2964
225922 227843 2964
225922 227843 2964
225922 227843 2964
225922 227843 2964
225922 227843 2964
225922 227843 2964
225922 227843 2964
225922 227843 2964
225922 227843 2964
225922 227843 2964
227885 236400 2968
227885 236400 2968
227885 236400 2968
227885 236400 2968
227885 236400 2968
227885 236400 2968
227885 236400 2968
227885 236400 2968
227885 236400 2968
227885 236400 2968
227885 236400 2968
227885 236400 2968
227885 236400 2968
229521 229534 2976
229521 229534 2976
229521 229534 2976
229521 229534 2976
229521 229534 2976
229521 229534 2976
229521 229534 2976
229521 229534 2976
229521 229534 2976
229521 229534 2976
229521 229534 2976
229521 229534 2976
237848 227557 2981
237848 227557 2981
237848 227557 2981
237848 227557 2981
237848 227557 2981
237848 227557 2981
237848 227557 2981
237848 227557 2981
237848 227557 2981
237848 227557 2981
237848 227557 2981
237848 227557 2981
228032 236939 2981
228032 236939 2981
228032 236939 2981
228032 236939 2981
228032 236939 2981
228032 236939 2981
228032 236939 2981
228032 236939 2981
228032 236939 2981
228032 236939 2981
228032 236939 2981
228032 236939 2981
228032 236939 2981
226999 230956 2985
226999 230956 2985
226999 230956 2985
226999 230956 2985
226999 230956 2985
226999 230956 2985
226999 230956 2985
226999 230956 2985
226999 230956 2985
226999 230956 2985
226999 230956 2985
226999 230956 2985
226999 230956 2985
245978 186847 2994
245978 186847 2994
245978 186847 2994
245978 186847 2994
245978 186847 2994
245978 186847 2994
245978 186847 2994
245978 186847 2994
245978 186847 2994
245978 186847 2994
245978 186847 2994
245978 186847 2994
245978 186847 2994
10269 241874 2995
10269 241874 2995
10269 241874 2995
10269 241874 2995
10269 241874 2995
10269 241874 2995
10269 241874 2995
10269 241874 2995
10269 241874 2995
10269 241874 2995
10269 241874 2995
10269 241874 2995
240909 230708 2998
240909 230708 2998
240909 230708 2998
240909 230708 2998
240909 230708 2998
240909 230708 2998
240909 230708 2998
240909 230708 2998
240909 230708 2998
240909 230708 2998
240909 230708 2998
240909 230708 2998
240909 230708 2998
296129 235683 3005
296129 235683 3005
296129 235683 3005
296129 235683 3005
296129 235683 3005
296129 235683 3005
296129 235683 3005
296129 235683 3005
296129 235683 3005
296129 235683 3005
296129 235683 3005
296129 235683 3005
296129 235683 3005
233585 14813 3007
233585 14813 3007
233585 14813 3007
233585 14813 3007
233585 14813 3007
233585 14813 3007
233585 14813 3007
233585 14813 3007
233585 14813 3007
233585 14813 3007
233585 14813 3007
233585 14813 3007
233585 14813 3007
240633 240839 3009
240633 240839 3009
240633 240839 3009
240633 240839 3009
240633 240839 3009
240633 240839 3009
240633 240839 3009
240633 240839 3009
240633 240839 3009
240633 240839 3009
240633 240839 3009
240633 240839 3009
246093 236835 3015
246093 236835 3015
246093 236835 3015
246093 236835 3015
246093 236835 3015
246093 236835 3015
246093 236835 3015
246093 236835 3015
246093 236835 3015
246093 236835 3015
246093 236835 3015
246093 236835 3015
246093 236835 3015
14800 294567 3017
14800 294567 3017
14800 294567 3017
14800 294567 3017
14800 294567 3017
14800 294567 3017
14800 294567 3017
14800 294567 3017
14800 294567 3017
14800 294567 3017
14800 294567 3017
14800 294567 3017
14800 294567 3017
268850 285466 3019
268850 285466 3019
268850 285466 3019
268850 285466 3019
268850 285466 3019
268850 285466 3019
268850 285466 3019
268850 285466 3019
268850 285466 3019
268850 285466 3019
268850 285466 3019
268850 285466 3019
226585 229511 3039
226585 229511 3039
226585 229511 3039
226585 229511 3039
226585 229511 3039
226585 229511 3039
226585 229511 3039
226585 229511 3039
226585 229511 3039
226585 229511 3039
226585 229511 3039
226585 229511 3039
226585 229511 3039
240640 228014 3050
240640 228014 3050
240640 228014 3050
240640 228014 3050
240640 228014 3050
240640 228014 3050
240640 228014 3050
240640 228014 3050
240640 228014 3050
240640 228014 3050
240640 228014 3050
240640 228014 3050
240640 228014 3050
293362 294268 3064
293362 294268 3064
293362 294268 3064
293362 294268 3064
293362 294268 3064
293362 294268 3064
293362 294268 3064
293362 294268 3064
293362 294268 3064
293362 294268 3064
293362 294268 3064
293362 294268 3064
293362 294268 3064
240587 151075 3071
240587 151075 3071
240587 151075 3071
240587 151075 3071
240587 151075 3071
240587 151075 3071
240587 151075 3071
240587 151075 3071
240587 151075 3071
240587 151075 3071
240587 151075 3071
240587 151075 3071
240587 151075 3071
235966 251936 3074
235966 251936 3074
235966 251936 3074
235966 251936 3074
235966 251936 3074
235966 251936 3074
235966 251936 3074
235966 251936 3074
235966 251936 3074
235966 251936 3074
235966 251936 3074
235966 251936 3074
235966 251936 3074
236923 233529 3078
236923 233529 3078
236923 233529 3078
236923 233529 3078
236923 233529 3078
236923 233529 3078
236923 233529 3078
236923 233529 3078
236923 233529 3078
236923 233529 3078
236923 233529 3078
236923 233529 3078
236923 233529 3078
190915 265481 3084
190915 265481 3084
190915 265481 3084
190915 265481 3084
190915 265481 3084
190915 265481 3084
190915 265481 3084
190915 265481 3084
190915 265481 3084
190915 265481 3084
190915 265481 3084
190915 265481 3084
235974 229511 3093
235974 229511 3093
235974 229511 3093
235974 229511 3093
235974 229511 3093
235974 229511 3093
235974 229511 3093
235974 229511 3093
235974 229511 3093
235974 229511 3093
235974 229511 3093
235974 229511 3093
235974 229511 3093
236519 240683 3094
236519 240683 3094
236519 240683 3094
236519 240683 3094
236519 240683 3094
236519 240683 3094
236519 240683 3094
236519 240683 3094
236519 240683 3094
236519 240683 3094
236519 240683 3094
236519 240683 3094
237906 235977 3097
237906 235977 3097
237906 235977 3097
237906 235977 3097
237906 235977 3097
237906 235977 3097
237906 235977 3097
237906 235977 3097
237906 235977 3097
237906 235977 3097
237906 235977 3097
237906 235977 3097
237906 235977 3097
155156 235126 3097
155156 235126 3097
155156 235126 3097
155156 235126 3097
155156 235126 3097
155156 235126 3097
155156 235126 3097
155156 235126 3097
155156 235126 3097
155156 235126 3097
155156 235126 3097
155156 235126 3097
155156 235126 3097
173806 187715 3098
173806 187715 3098
173806 187715 3098
173806 187715 3098
173806 187715 3098
173806 187715 3098
173806 187715 3098
173806 187715 3098
173806 187715 3098
173806 187715 3098
173806 187715 3098
173806 187715 3098
230208 227541 3109
230208 227541 3109
230208 227541 3109
230208 227541 3109
230208 227541 3109
230208 227541 3109
230208 227541 3109
230208 227541 3109
230208 227541 3109
230208 227541 3109
230208 227541 3109
230208 227541 3109
265841 246134 3109
265841 246134 3109
265841 246134 3109
265841 246134 3109
265841 246134 3109
265841 246134 3109
265841 246134 3109
265841 246134 3109
265841 246134 3109
265841 246134 3109
265841 246134 3109
265841 246134 3109
265841 246134 3109
126481 236065 3115
126481 236065 3115
126481 236065 3115
126481 236065 3115
126481 236065 3115
126481 236065 3115
126481 236065 3115
126481 236065 3115
126481 236065 3115
126481 236065 3115
126481 236065 3115
126481 236065 3115
126481 236065 3115
228034 242322 3116
228034 242322 3116
228034 242322 3116
228034 242322 3116
228034 242322 3116
228034 242322 3116
228034 242322 3116
228034 242322 3116
228034 242322 3116
228034 242322 3116
228034 242322 3116
228034 242322 3116
228034 242322 3116
190920 229773 3124
190920 229773 3124
190920 229773 3124
190920 229773 3124
190920 229773 3124
190920 229773 3124
190920 229773 3124
190920 229773 3124
190920 229773 3124
190920 229773 3124
190920 229773 3124
190920 229773 3124
190920 229773 3124
239235 285466 3125
239235 285466 3125
239235 285466 3125
239235 285466 3125
239235 285466 3125
239235 285466 3125
239235 285466 3125
239235 285466 3125
239235 285466 3125
239235 285466 3125
239235 285466 3125
239235 285466 3125
239235 285466 3125
235663 235935 3142
235663 235935 3142
235663 235935 3142
235663 235935 3142
235663 235935 3142
235663 235935 3142
235663 235935 3142
235663 235935 3142
235663 235935 3142
235663 235935 3142
235663 235935 3142
235663 235935 3142
289344 285276 3146
289344 285276 3146
289344 285276 3146
289344 285276 3146
289344 285276 3146
289344 285276 3146
289344 285276 3146
289344 285276 3146
289344 285276 3146
289344 285276 3146
289344 285276 3146
289344 285276 3146
289344 285276 3146
293650 285354 3190
293650 285354 3190
293650 285354 3190
293650 285354 3190
293650 285354 3190
293650 285354 3190
293650 285354 3190
293650 285354 3190
293650 285354 3190
293650 285354 3190
293650 285354 3190
293650 285354 3190
293650 285354 3190
230957 246154 3192
230957 246154 3192
230957 246154 3192
230957 246154 3192
230957 246154 3192
230957 246154 3192
230957 246154 3192
230957 246154 3192
230957 246154 3192
230957 246154 3192
230957 246154 3192
230957 246154 3192
237846 243536 3196
237846 243536 3196
237846 243536 3196
237846 243536 3196
237846 243536 3196
237846 243536 3196
237846 243536 3196
237846 243536 3196
237846 243536 3196
237846 243536 3196
237846 243536 3196
237846 243536 3196
237846 243536 3196
153272 195511 3197
153272 195511 3197
153272 195511 3197
153272 195511 3197
153272 195511 3197
153272 195511 3197
153272 195511 3197
153272 195511 3197
153272 195511 3197
153272 195511 3197
153272 195511 3197
153272 195511 3197
153272 195511 3197
241489 237851 3204
241489 237851 3204
241489 237851 3204
241489 237851 3204
241489 237851 3204
241489 237851 3204
241489 237851 3204
241489 237851 3204
241489 237851 3204
241489 237851 3204
241489 237851 3204
241489 237851 3204
241489 237851 3204
229511 242391 3205
229511 242391 3205
229511 242391 3205
229511 242391 3205
229511 242391 3205
229511 242391 3205
229511 242391 3205
229511 242391 3205
229511 242391 3205
229511 242391 3205
229511 242391 3205
229511 242391 3205
229511 242391 3205
285187 246158 3217
285187 246158 3217
285187 246158 3217
285187 246158 3217
285187 246158 3217
285187 246158 3217
285187 246158 3217
285187 246158 3217
285187 246158 3217
285187 246158 3217
285187 246158 3217
285187 246158 3217
237886 10269 3382
237886 10269 3382
237886 10269 3382
237886 10269 3382
237886 10269 3382
237886 10269 3382
237886 10269 3382
237886 10269 3382
237886 10269 3382
237886 10269 3382
237886 10269 3382
237886 10269 3382
237886 10269 3382
241873 238211 3392
241873 238211 3392
241873 238211 3392
241873 238211 3392
241873 238211 3392
241873 238211 3392
241873 238211 3392
241873 238211 3392
241873 238211 3392
241873 238211 3392
241873 238211 3392
241873 238211 3392
241873 238211 3392
238631 235663 3401
238631 235663 3401
238631 235663 3401
238631 235663 3401
238631 235663 3401
238631 235663 3401
238631 235663 3401
238631 235663 3401
238631 235663 3401
238631 235663 3401
238631 235663 3401
238631 235663 3401
238631 235663 3401
226389 4147 3418
226389 4147 3418
226389 4147 3418
226389 4147 3418
226389 4147 3418
226389 4147 3418
226389 4147 3418
226389 4147 3418
226389 4147 3418
226389 4147 3418
226389 4147 3418
226389 4147 3418
231462 235678 3438
231462 235678 3438
231462 235678 3438
231462 235678 3438
231462 235678 3438
231462 235678 3438
231462 235678 3438
231462 235678 3438
231462 235678 3438
231462 235678 3438
231462 235678 3438
231462 235678 3438
9117 235966 3439
9117 235966 3439
9117 235966 3439
9117 235966 3439
9117 235966 3439
9117 235966 3439
9117 235966 3439
9117 235966 3439
9117 235966 3439
9117 235966 3439
9117 235966 3439
9117 235966 3439
9117 235966 3439
232719 235013 3440
232719 235013 3440
232719 235013 3440
232719 235013 3440
232719 235013 3440
232719 235013 3440
232719 235013 3440
232719 235013 3440
232719 235013 3440
232719 235013 3440
232719 235013 3440
232719 235013 3440
232719 235013 3440
160292 203471 3448
160292 203471 3448
160292 203471 3448
160292 203471 3448
160292 203471 3448
160292 203471 3448
160292 203471 3448
160292 203471 3448
160292 203471 3448
160292 203471 3448
160292 203471 3448
160292 203471 3448
160292 203471 3448
229773 202634 3454
229773 202634 3454
229773 202634 3454
229773 202634 3454
229773 202634 3454
229773 202634 3454
229773 202634 3454
229773 202634 3454
229773 202634 3454
229773 202634 3454
229773 202634 3454
229773 202634 3454
229773 202634 3454
236838 226753 3460
236838 226753 3460
236838 226753 3460
236838 226753 3460
236838 226753 3460
236838 226753 3460
236838 226753 3460
236838 226753 3460
236838 226753 3460
236838 226753 3460
236838 226753 3460
236838 226753 3460
265841 246303 3465
265841 246303 3465
265841 246303 3465
265841 246303 3465
265841 246303 3465
265841 246303 3465
265841 246303 3465
265841 246303 3465
265841 246303 3465
265841 246303 3465
265841 246303 3465
265841 246303 3465
227267 236067 3469
227267 236067 3469
227267 236067 3469
227267 236067 3469
227267 236067 3469
227267 236067 3469
227267 236067 3469
227267 236067 3469
227267 236067 3469
227267 236067 3469
227267 236067 3469
227267 236067 3469
227267 236067 3469
239754 232684 3471
239754 232684 3471
239754 232684 3471
239754 232684 3471
239754 232684 3471
239754 232684 3471
239754 232684 3471
239754 232684 3471
239754 232684 3471
239754 232684 3471
239754 232684 3471
239754 232684 3471
239754 232684 3471
232360 235013 3475
232360 235013 3475
232360 235013 3475
232360 235013 3475
232360 235013 3475
232360 235013 3475
232360 235013 3475
232360 235013 3475
232360 235013 3475
232360 235013 3475
232360 235013 3475
232360 235013 3475
235659 175963 3479
235659 175963 3479
235659 175963 3479
235659 175963 3479
235659 175963 3479
235659 175963 3479
235659 175963 3479
235659 175963 3479
235659 175963 3479
235659 175963 3479
235659 175963 3479
235659 175963 3479
289042 285276 3484
289042 285276 3484
289042 285276 3484
289042 285276 3484
289042 285276 3484
289042 285276 3484
289042 285276 3484
289042 285276 3484
289042 285276 3484
289042 285276 3484
289042 285276 3484
289042 285276 3484
289042 285276 3484
242334 4696 3485
242334 4696 3485
242334 4696 3485
242334 4696 3485
242334 4696 3485
242334 4696 3485
242334 4696 3485
242334 4696 3485
242334 4696 3485
242334 4696 3485
242334 4696 3485
242334 4696 3485
225597 238214 3485
225597 238214 3485
225597 238214 3485
225597 238214 3485
225597 238214 3485
225597 238214 3485
225597 238214 3485
225597 238214 3485
225597 238214 3485
225597 238214 3485
225597 238214 3485
225597 238214 3485
225597 238214 3485
227253 236921 3486
227253 236921 3486
227253 236921 3486
227253 236921 3486
227253 236921 3486
227253 236921 3486
227253 236921 3486
227253 236921 3486
227253 236921 3486
227253 236921 3486
227253 236921 3486
227253 236921 3486
227253 236921 3486
235134 235966 3497
235134 235966 3497
235134 235966 3497
235134 235966 3497
235134 235966 3497
235134 235966 3497
235134 235966 3497
235134 235966 3497
235134 235966 3497
235134 235966 3497
235134 235966 3497
235134 235966 3497
251995 235673 3501
251995 235673 3501
251995 235673 3501
251995 235673 3501
251995 235673 3501
251995 235673 3501
251995 235673 3501
251995 235673 3501
251995 235673 3501
251995 235673 3501
251995 235673 3501
251995 235673 3501
228132 229773 3501
228132 229773 3501
228132 229773 3501
228132 229773 3501
228132 229773 3501
228132 229773 3501
228132 229773 3501
228132 229773 3501
228132 229773 3501
228132 229773 3501
228132 229773 3501
228132 229773 3501
238203 245925 3501
238203 245925 3501
238203 245925 3501
238203 245925 3501
238203 245925 3501
238203 245925 3501
238203 245925 3501
238203 245925 3501
238203 245925 3501
238203 245925 3501
238203 245925 3501
238203 245925 3501
242334 225931 3501
242334 225931 3501
242334 225931 3501
242334 225931 3501
242334 225931 3501
242334 225931 3501
242334 225931 3501
242334 225931 3501
242334 225931 3501
242334 225931 3501
242334 225931 3501
242334 225931 3501
242334 225931 3501
14918 241874 3502
14918 241874 3502
14918 241874 3502
14918 241874 3502
14918 241874 3502
14918 241874 3502
14918 241874 3502
14918 241874 3502
14918 241874 3502
14918 241874 3502
14918 241874 3502
14918 241874 3502
14918 241874 3502
229773 190921 3503
229773 190921 3503
229773 190921 3503
229773 190921 3503
229773 190921 3503
229773 190921 3503
229773 190921 3503
229773 190921 3503
229773 190921 3503
229773 190921 3503
229773 190921 3503
229773 190921 3503
229773 4138 3503
229773 4138 3503
229773 4138 3503
229773 4138 3503
229773 4138 3503
229773 4138 3503
229773 4138 3503
229773 4138 3503
229773 4138 3503
229773 4138 3503
229773 4138 3503
229773 4138 3503
230956 241489 3518
230956 241489 3518
230956 241489 3518
230956 241489 3518
230956 241489 3518
230956 241489 3518
230956 241489 3518
230956 241489 3518
230956 241489 3518
230956 241489 3518
230956 241489 3518
230956 241489 3518
241489 238631 3520
241489 238631 3520
241489 238631 3520
241489 238631 3520
241489 238631 3520
241489 238631 3520
241489 238631 3520
241489 238631 3520
241489 238631 3520
241489 238631 3520
241489 238631 3520
241489 238631 3520
231019 236400 3522
231019 236400 3522
231019 236400 3522
231019 236400 3522
231019 236400 3522
231019 236400 3522
231019 236400 3522
231019 236400 3522
231019 236400 3522
231019 236400 3522
231019 236400 3522
231019 236400 3522
231019 236400 3522
232189 237967 3523
232189 237967 3523
232189 237967 3523
232189 237967 3523
232189 237967 3523
232189 237967 3523
232189 237967 3523
232189 237967 3523
232189 237967 3523
232189 237967 3523
232189 237967 3523
232189 237967 3523
296709 227099 3524
296709 227099 3524
296709 227099 3524
296709 227099 3524
296709 227099 3524
296709 227099 3524
296709 227099 3524
296709 227099 3524
296709 227099 3524
296709 227099 3524
296709 227099 3524
296709 227099 3524
227098 226993 3525
227098 226993 3525
227098 226993 3525
227098 226993 3525
227098 226993 3525
227098 226993 3525
227098 226993 3525
227098 226993 3525
227098 226993 3525
227098 226993 3525
227098 226993 3525
227098 226993 3525
236075 239001 3527
236075 239001 3527
236075 239001 3527
236075 239001 3527
236075 239001 3527
236075 239001 3527
236075 239001 3527
236075 239001 3527
236075 239001 3527
236075 239001 3527
236075 239001 3527
236075 239001 3527
236075 239001 3527
226966 246054 3528
226966 246054 3528
226966 246054 3528
226966 246054 3528
226966 246054 3528
226966 246054 3528
226966 246054 3528
226966 246054 3528
226966 246054 3528
226966 246054 3528
226966 246054 3528
226966 246054 3528
226966 246054 3528
286613 237843 3528
286613 237843 3528
286613 237843 3528
286613 237843 3528
286613 237843 3528
286613 237843 3528
286613 237843 3528
286613 237843 3528
286613 237843 3528
286613 237843 3528
286613 237843 3528
286613 237843 3528
286613 237843 3528
241873 14813 3531
241873 14813 3531
241873 14813 3531
241873 14813 3531
241873 14813 3531
241873 14813 3531
241873 14813 3531
241873 14813 3531
241873 14813 3531
241873 14813 3531
241873 14813 3531
241873 14813 3531
227286 227257 3536
227286 227257 3536
227286 227257 3536
227286 227257 3536
227286 227257 3536
227286 227257 3536
227286 227257 3536
227286 227257 3536
227286 227257 3536
227286 227257 3536
227286 227257 3536
227286 227257 3536
292432 236835 3541
292432 236835 3541
292432 236835 3541
292432 236835 3541
292432 236835 3541
292432 236835 3541
292432 236835 3541
292432 236835 3541
292432 236835 3541
292432 236835 3541
292432 236835 3541
292432 236835 3541
291455 239253 3545
291455 239253 3545
291455 239253 3545
291455 239253 3545
291455 239253 3545
291455 239253 3545
291455 239253 3545
291455 239253 3545
291455 239253 3545
291455 239253 3545
291455 239253 3545
291455 239253 3545
295112 239253 3545
295112 239253 3545
295112 239253 3545
295112 239253 3545
295112 239253 3545
295112 239253 3545
295112 239253 3545
295112 239253 3545
295112 239253 3545
295112 239253 3545
295112 239253 3545
295112 239253 3545
236835 226939 3547
236835 226939 3547
236835 226939 3547
236835 226939 3547
236835 226939 3547
236835 226939 3547
236835 226939 3547
236835 226939 3547
236835 226939 3547
236835 226939 3547
236835 226939 3547
236835 226939 3547
236835 226939 3547
240698 236024 3549
240698 236024 3549
240698 236024 3549
240698 236024 3549
240698 236024 3549
240698 236024 3549
240698 236024 3549
240698 236024 3549
240698 236024 3549
240698 236024 3549
240698 236024 3549
240698 236024 3549
242933 293656 3550
242933 293656 3550
242933 293656 3550
242933 293656 3550
242933 293656 3550
242933 293656 3550
242933 293656 3550
242933 293656 3550
242933 293656 3550
242933 293656 3550
242933 293656 3550
242933 293656 3550
242933 293656 3550
235678 293656 3550
235678 293656 3550
235678 293656 3550
235678 293656 3550
235678 293656 3550
235678 293656 3550
235678 293656 3550
235678 293656 3550
235678 293656 3550
235678 293656 3550
235678 293656 3550
235678 293656 3550
289734 238437 3554
289734 238437 3554
289734 238437 3554
289734 238437 3554
289734 238437 3554
289734 238437 3554
289734 238437 3554
289734 238437 3554
289734 238437 3554
289734 238437 3554
289734 238437 3554
289734 238437 3554
289734 238437 3554
193619 265481 3556
193619 265481 3556
193619 265481 3556
193619 265481 3556
193619 265481 3556
193619 265481 3556
193619 265481 3556
193619 265481 3556
193619 265481 3556
193619 265481 3556
193619 265481 3556
193619 265481 3556
193619 265481 3556
174463 236474 3557
174463 236474 3557
174463 236474 3557
174463 236474 3557
174463 236474 3557
174463 236474 3557
174463 236474 3557
174463 236474 3557
174463 236474 3557
174463 236474 3557
174463 236474 3557
174463 236474 3557
174463 236474 3557
230101 227254 3557
230101 227254 3557
230101 227254 3557
230101 227254 3557
230101 227254 3557
230101 227254 3557
230101 227254 3557
230101 227254 3557
230101 227254 3557
230101 227254 3557
230101 227254 3557
230101 227254 3557
186852 203445 3557
186852 203445 3557
186852 203445 3557
186852 203445 3557
186852 203445 3557
186852 203445 3557
186852 203445 3557
186852 203445 3557
186852 203445 3557
186852 203445 3557
186852 203445 3557
186852 203445 3557
231019 236168 3558
231019 236168 3558
231019 236168 3558
231019 236168 3558
231019 236168 3558
231019 236168 3558
231019 236168 3558
231019 236168 3558
231019 236168 3558
231019 236168 3558
231019 236168 3558
231019 236168 3558
231019 236168 3558
243536 235683 3562
243536 235683 3562
243536 235683 3562
243536 235683 3562
243536 235683 3562
243536 235683 3562
243536 235683 3562
243536 235683 3562
243536 235683 3562
243536 235683 3562
243536 235683 3562
243536 235683 3562
243536 235683 3562
235687 243706 3565
235687 243706 3565
235687 243706 3565
235687 243706 3565
235687 243706 3565
235687 243706 3565
235687 243706 3565
235687 243706 3565
235687 243706 3565
235687 243706 3565
235687 243706 3565
235687 243706 3565
235687 243706 3565
238440 235679 3575
238440 235679 3575
238440 235679 3575
238440 235679 3575
238440 235679 3575
238440 235679 3575
238440 235679 3575
238440 235679 3575
238440 235679 3575
238440 235679 3575
238440 235679 3575
238440 235679 3575
238440 235679 3575
153037 196007 3579
153037 196007 3579
153037 196007 3579
153037 196007 3579
153037 196007 3579
153037 196007 3579
153037 196007 3579
153037 196007 3579
153037 196007 3579
153037 196007 3579
153037 196007 3579
153037 196007 3579
10598 235934 3579
10598 235934 3579
10598 235934 3579
10598 235934 3579
10598 235934 3579
10598 235934 3579
10598 235934 3579
10598 235934 3579
10598 235934 3579
10598 235934 3579
10598 235934 3579
10598 235934 3579
10598 235934 3579
14923 226939 3580
14923 226939 3580
14923 226939 3580
14923 226939 3580
14923 226939 3580
14923 226939 3580
14923 226939 3580
14923 226939 3580
14923 226939 3580
14923 226939 3580
14923 226939 3580
14923 226939 3580
236939 228034 3581
236939 228034 3581
236939 228034 3581
236939 228034 3581
236939 228034 3581
236939 228034 3581
236939 228034 3581
236939 228034 3581
236939 228034 3581
236939 228034 3581
236939 228034 3581
236939 228034 3581
14923 235679 3581
14923 235679 3581
14923 235679 3581
14923 235679 3581
14923 235679 3581
14923 235679 3581
14923 235679 3581
14923 235679 3581
14923 235679 3581
14923 235679 3581
14923 235679 3581
14923 235679 3581
14923 235679 3581
241489 243536 3583
241489 243536 3583
241489 243536 3583
241489 243536 3583
241489 243536 3583
241489 243536 3583
241489 243536 3583
241489 243536 3583
241489 243536 3583
241489 243536 3583
241489 243536 3583
241489 243536 3583
241489 243536 3583
235942 239844 3590
235942 239844 3590
235942 239844 3590
235942 239844 3590
235942 239844 3590
235942 239844 3590
235942 239844 3590
235942 239844 3590
235942 239844 3590
235942 239844 3590
235942 239844 3590
235942 239844 3590
235942 239844 3590
187726 160293 3590
187726 160293 3590
187726 160293 3590
187726 160293 3590
187726 160293 3590
187726 160293 3590
187726 160293 3590
187726 160293 3590
187726 160293 3590
187726 160293 3590
187726 160293 3590
187726 160293 3590
231025 232195 3591
231025 232195 3591
231025 232195 3591
231025 232195 3591
231025 232195 3591
231025 232195 3591
231025 232195 3591
231025 232195 3591
231025 232195 3591
231025 232195 3591
231025 232195 3591
231025 232195 3591
227305 227256 3598
227305 227256 3598
227305 227256 3598
227305 227256 3598
227305 227256 3598
227305 227256 3598
227305 227256 3598
227305 227256 3598
227305 227256 3598
227305 227256 3598
227305 227256 3598
227305 227256 3598
236927 227254 3599
236927 227254 3599
236927 227254 3599
236927 227254 3599
236927 227254 3599
236927 227254 3599
236927 227254 3599
236927 227254 3599
236927 227254 3599
236927 227254 3599
236927 227254 3599
236927 227254 3599
236927 227254 3599
228201 238418 3600
228201 238418 3600
228201 238418 3600
228201 238418 3600
228201 238418 3600
228201 238418 3600
228201 238418 3600
228201 238418 3600
228201 238418 3600
228201 238418 3600
228201 238418 3600
228201 238418 3600
