11144 290601 0
11144 290601 0
11144 290601 0
11144 290601 0
11144 290601 0
11144 290601 0
11144 290601 0
11144 290601 0
11144 290601 0
11144 290601 0
11144 290601 0
11144 290601 0
11144 290601 0
274406 238424 0
274406 238424 0
274406 238424 0
274406 238424 0
274406 238424 0
274406 238424 0
274406 238424 0
274406 238424 0
274406 238424 0
274406 238424 0
274406 238424 0
274406 238424 0
235977 225957 1
235977 225957 1
235977 225957 1
235977 225957 1
235977 225957 1
235977 225957 1
235977 225957 1
235977 225957 1
235977 225957 1
235977 225957 1
235977 225957 1
235977 225957 1
235977 225957 1
227248 236508 1
227248 236508 1
227248 236508 1
227248 236508 1
227248 236508 1
227248 236508 1
227248 236508 1
227248 236508 1
227248 236508 1
227248 236508 1
227248 236508 1
227248 236508 1
227248 236508 1
290601 174820 2
290601 174820 2
290601 174820 2
290601 174820 2
290601 174820 2
290601 174820 2
290601 174820 2
290601 174820 2
290601 174820 2
290601 174820 2
290601 174820 2
290601 174820 2
290601 174820 2
14941 124702 3
14941 124702 3
14941 124702 3
14941 124702 3
14941 124702 3
14941 124702 3
14941 124702 3
14941 124702 3
14941 124702 3
14941 124702 3
14941 124702 3
14941 124702 3
14941 124702 3
240557 229825 3
240557 229825 3
240557 229825 3
240557 229825 3
240557 229825 3
240557 229825 3
240557 229825 3
240557 229825 3
240557 229825 3
240557 229825 3
240557 229825 3
240557 229825 3
240557 229825 3
236067 204222 3
236067 204222 3
236067 204222 3
236067 204222 3
236067 204222 3
236067 204222 3
236067 204222 3
236067 204222 3
236067 204222 3
236067 204222 3
236067 204222 3
236067 204222 3
196507 185300 3
196507 185300 3
196507 185300 3
196507 185300 3
196507 185300 3
196507 185300 3
196507 185300 3
196507 185300 3
196507 185300 3
196507 185300 3
196507 185300 3
196507 185300 3
256663 11144 4
256663 11144 4
256663 11144 4
256663 11144 4
256663 11144 4
256663 11144 4
256663 11144 4
256663 11144 4
256663 11144 4
256663 11144 4
256663 11144 4
256663 11144 4
246084 284633 4
246084 284633 4
246084 284633 4
246084 284633 4
246084 284633 4
246084 284633 4
246084 284633 4
246084 284633 4
246084 284633 4
246084 284633 4
246084 284633 4
246084 284633 4
14790 227243 4
14790 227243 4
14790 227243 4
14790 227243 4
14790 227243 4
14790 227243 4
14790 227243 4
14790 227243 4
14790 227243 4
14790 227243 4
14790 227243 4
14790 227243 4
236888 124695 6
236888 124695 6
236888 124695 6
236888 124695 6
236888 124695 6
236888 124695 6
236888 124695 6
236888 124695 6
236888 124695 6
236888 124695 6
236888 124695 6
236888 124695 6
293139 265637 6
293139 265637 6
293139 265637 6
293139 265637 6
293139 265637 6
293139 265637 6
293139 265637 6
293139 265637 6
293139 265637 6
293139 265637 6
293139 265637 6
293139 265637 6
293139 265637 6
293377 265637 7
293377 265637 7
293377 265637 7
293377 265637 7
293377 265637 7
293377 265637 7
293377 265637 7
293377 265637 7
293377 265637 7
293377 265637 7
293377 265637 7
293377 265637 7
293377 265637 7
3561 160250 7
3561 160250 7
3561 160250 7
3561 160250 7
3561 160250 7
3561 160250 7
3561 160250 7
3561 160250 7
3561 160250 7
3561 160250 7
3561 160250 7
3561 160250 7
3561 160250 7
190741 187717 7
190741 187717 7
190741 187717 7
190741 187717 7
190741 187717 7
190741 187717 7
190741 187717 7
190741 187717 7
190741 187717 7
190741 187717 7
190741 187717 7
190741 187717 7
190741 187717 7
285375 265637 7
285375 265637 7
285375 265637 7
285375 265637 7
285375 265637 7
285375 265637 7
285375 265637 7
285375 265637 7
285375 265637 7
285375 265637 7
285375 265637 7
285375 265637 7
285375 265637 7
237843 198559 8
237843 198559 8
237843 198559 8
237843 198559 8
237843 198559 8
237843 198559 8
237843 198559 8
237843 198559 8
237843 198559 8
237843 198559 8
237843 198559 8
237843 198559 8
237843 198559 8
236065 194603 8
236065 194603 8
236065 194603 8
236065 194603 8
236065 194603 8
236065 194603 8
236065 194603 8
236065 194603 8
236065 194603 8
236065 194603 8
236065 194603 8
236065 194603 8
236065 194603 8
11835 246090 10
11835 246090 10
11835 246090 10
11835 246090 10
11835 246090 10
11835 246090 10
11835 246090 10
11835 246090 10
11835 246090 10
11835 246090 10
11835 246090 10
11835 246090 10
175902 195022 10
175902 195022 10
175902 195022 10
175902 195022 10
175902 195022 10
175902 195022 10
175902 195022 10
175902 195022 10
175902 195022 10
175902 195022 10
175902 195022 10
175902 195022 10
175902 195022 10
226395 230245 10
226395 230245 10
226395 230245 10
226395 230245 10
226395 230245 10
226395 230245 10
226395 230245 10
226395 230245 10
226395 230245 10
226395 230245 10
226395 230245 10
226395 230245 10
226389 228453 10
226389 228453 10
226389 228453 10
226389 228453 10
226389 228453 10
226389 228453 10
226389 228453 10
226389 228453 10
226389 228453 10
226389 228453 10
226389 228453 10
226389 228453 10
226389 228453 10
173921 175956 10
173921 175956 10
173921 175956 10
173921 175956 10
173921 175956 10
173921 175956 10
173921 175956 10
173921 175956 10
173921 175956 10
173921 175956 10
173921 175956 10
173921 175956 10
193855 193117 10
193855 193117 10
193855 193117 10
193855 193117 10
193855 193117 10
193855 193117 10
193855 193117 10
193855 193117 10
193855 193117 10
193855 193117 10
193855 193117 10
193855 193117 10
193855 193117 10
188294 236083 11
188294 236083 11
188294 236083 11
188294 236083 11
188294 236083 11
188294 236083 11
188294 236083 11
188294 236083 11
188294 236083 11
188294 236083 11
188294 236083 11
188294 236083 11
188294 236083 11
285296 246066 11
285296 246066 11
285296 246066 11
285296 246066 11
285296 246066 11
285296 246066 11
285296 246066 11
285296 246066 11
285296 246066 11
285296 246066 11
285296 246066 11
285296 246066 11
285296 246066 11
187717 190973 12
187717 190973 12
187717 190973 12
187717 190973 12
187717 190973 12
187717 190973 12
187717 190973 12
187717 190973 12
187717 190973 12
187717 190973 12
187717 190973 12
187717 190973 12
187717 190973 12
196458 203079 12
196458 203079 12
196458 203079 12
196458 203079 12
196458 203079 12
196458 203079 12
196458 203079 12
196458 203079 12
196458 203079 12
196458 203079 12
196458 203079 12
196458 203079 12
196458 203079 12
293376 293379 12
293376 293379 12
293376 293379 12
293376 293379 12
293376 293379 12
293376 293379 12
293376 293379 12
293376 293379 12
293376 293379 12
293376 293379 12
293376 293379 12
293376 293379 12
293376 293379 12
195022 173799 13
195022 173799 13
195022 173799 13
195022 173799 13
195022 173799 13
195022 173799 13
195022 173799 13
195022 173799 13
195022 173799 13
195022 173799 13
195022 173799 13
195022 173799 13
195022 173799 13
231496 227099 13
231496 227099 13
231496 227099 13
231496 227099 13
231496 227099 13
231496 227099 13
231496 227099 13
231496 227099 13
231496 227099 13
231496 227099 13
231496 227099 13
231496 227099 13
231496 227099 13
150251 246087 15
150251 246087 15
150251 246087 15
150251 246087 15
150251 246087 15
150251 246087 15
150251 246087 15
150251 246087 15
150251 246087 15
150251 246087 15
150251 246087 15
150251 246087 15
150251 246087 15
203079 190838 16
203079 190838 16
203079 190838 16
203079 190838 16
203079 190838 16
203079 190838 16
203079 190838 16
203079 190838 16
203079 190838 16
203079 190838 16
203079 190838 16
203079 190838 16
289528 151584 18
289528 151584 18
289528 151584 18
289528 151584 18
289528 151584 18
289528 151584 18
289528 151584 18
289528 151584 18
289528 151584 18
289528 151584 18
289528 151584 18
289528 151584 18
289528 151584 18
227237 241489 18
227237 241489 18
227237 241489 18
227237 241489 18
227237 241489 18
227237 241489 18
227237 241489 18
227237 241489 18
227237 241489 18
227237 241489 18
227237 241489 18
227237 241489 18
228104 240839 19
228104 240839 19
228104 240839 19
228104 240839 19
228104 240839 19
228104 240839 19
228104 240839 19
228104 240839 19
228104 240839 19
228104 240839 19
228104 240839 19
228104 240839 19
242425 225626 19
242425 225626 19
242425 225626 19
242425 225626 19
242425 225626 19
242425 225626 19
242425 225626 19
242425 225626 19
242425 225626 19
242425 225626 19
242425 225626 19
242425 225626 19
242425 225626 19
227223 240624 19
227223 240624 19
227223 240624 19
227223 240624 19
227223 240624 19
227223 240624 19
227223 240624 19
227223 240624 19
227223 240624 19
227223 240624 19
227223 240624 19
227223 240624 19
227028 240839 19
227028 240839 19
227028 240839 19
227028 240839 19
227028 240839 19
227028 240839 19
227028 240839 19
227028 240839 19
227028 240839 19
227028 240839 19
227028 240839 19
227028 240839 19
235860 11835 20
235860 11835 20
235860 11835 20
235860 11835 20
235860 11835 20
235860 11835 20
235860 11835 20
235860 11835 20
235860 11835 20
235860 11835 20
235860 11835 20
235860 11835 20
243536 194427 22
243536 194427 22
243536 194427 22
243536 194427 22
243536 194427 22
243536 194427 22
243536 194427 22
243536 194427 22
243536 194427 22
243536 194427 22
243536 194427 22
243536 194427 22
243536 194427 22
225658 243667 22
225658 243667 22
225658 243667 22
225658 243667 22
225658 243667 22
225658 243667 22
225658 243667 22
225658 243667 22
225658 243667 22
225658 243667 22
225658 243667 22
225658 243667 22
225658 243667 22
203446 153036 23
203446 153036 23
203446 153036 23
203446 153036 23
203446 153036 23
203446 153036 23
203446 153036 23
203446 153036 23
203446 153036 23
203446 153036 23
203446 153036 23
203446 153036 23
203446 153036 23
236015 236506 24
236015 236506 24
236015 236506 24
236015 236506 24
236015 236506 24
236015 236506 24
236015 236506 24
236015 236506 24
236015 236506 24
236015 236506 24
236015 236506 24
236015 236506 24
237851 237914 24
237851 237914 24
237851 237914 24
237851 237914 24
237851 237914 24
237851 237914 24
237851 237914 24
237851 237914 24
237851 237914 24
237851 237914 24
237851 237914 24
237851 237914 24
237851 237914 24
289534 233644 24
289534 233644 24
289534 233644 24
289534 233644 24
289534 233644 24
289534 233644 24
289534 233644 24
289534 233644 24
289534 233644 24
289534 233644 24
289534 233644 24
289534 233644 24
226993 293676 25
226993 293676 25
226993 293676 25
226993 293676 25
226993 293676 25
226993 293676 25
226993 293676 25
226993 293676 25
226993 293676 25
226993 293676 25
226993 293676 25
226993 293676 25
226993 293676 25
226232 176100 27
226232 176100 27
226232 176100 27
226232 176100 27
226232 176100 27
226232 176100 27
226232 176100 27
226232 176100 27
226232 176100 27
226232 176100 27
226232 176100 27
226232 176100 27
226232 176100 27
227319 226962 27
227319 226962 27
227319 226962 27
227319 226962 27
227319 226962 27
227319 226962 27
227319 226962 27
227319 226962 27
227319 226962 27
227319 226962 27
227319 226962 27
227319 226962 27
242378 232189 27
242378 232189 27
242378 232189 27
242378 232189 27
242378 232189 27
242378 232189 27
242378 232189 27
242378 232189 27
242378 232189 27
242378 232189 27
242378 232189 27
242378 232189 27
151141 293558 28
151141 293558 28
151141 293558 28
151141 293558 28
151141 293558 28
151141 293558 28
151141 293558 28
151141 293558 28
151141 293558 28
151141 293558 28
151141 293558 28
151141 293558 28
236921 291002 28
236921 291002 28
236921 291002 28
236921 291002 28
236921 291002 28
236921 291002 28
236921 291002 28
236921 291002 28
236921 291002 28
236921 291002 28
236921 291002 28
236921 291002 28
236921 291002 28
226962 283400 29
226962 283400 29
226962 283400 29
226962 283400 29
226962 283400 29
226962 283400 29
226962 283400 29
226962 283400 29
226962 283400 29
226962 283400 29
226962 283400 29
226962 283400 29
226962 283400 29
290211 285187 29
290211 285187 29
290211 285187 29
290211 285187 29
290211 285187 29
290211 285187 29
290211 285187 29
290211 285187 29
290211 285187 29
290211 285187 29
290211 285187 29
290211 285187 29
290211 285187 29
227007 283400 29
227007 283400 29
227007 283400 29
227007 283400 29
227007 283400 29
227007 283400 29
227007 283400 29
227007 283400 29
227007 283400 29
227007 283400 29
227007 283400 29
227007 283400 29
289520 293343 32
289520 293343 32
289520 293343 32
289520 293343 32
289520 293343 32
289520 293343 32
289520 293343 32
289520 293343 32
289520 293343 32
289520 293343 32
289520 293343 32
289520 293343 32
236646 252019 32
236646 252019 32
236646 252019 32
236646 252019 32
236646 252019 32
236646 252019 32
236646 252019 32
236646 252019 32
236646 252019 32
236646 252019 32
236646 252019 32
236646 252019 32
239001 225615 33
239001 225615 33
239001 225615 33
239001 225615 33
239001 225615 33
239001 225615 33
239001 225615 33
239001 225615 33
239001 225615 33
239001 225615 33
239001 225615 33
239001 225615 33
239001 225615 33
227879 176100 33
227879 176100 33
227879 176100 33
227879 176100 33
227879 176100 33
227879 176100 33
227879 176100 33
227879 176100 33
227879 176100 33
227879 176100 33
227879 176100 33
227879 176100 33
285243 252669 34
285243 252669 34
285243 252669 34
285243 252669 34
285243 252669 34
285243 252669 34
285243 252669 34
285243 252669 34
285243 252669 34
285243 252669 34
285243 252669 34
285243 252669 34
285243 252669 34
285119 252670 34
285119 252670 34
285119 252670 34
285119 252670 34
285119 252670 34
285119 252670 34
285119 252670 34
285119 252670 34
285119 252670 34
285119 252670 34
285119 252670 34
285119 252670 34
285119 252670 34
227020 228132 34
227020 228132 34
227020 228132 34
227020 228132 34
227020 228132 34
227020 228132 34
227020 228132 34
227020 228132 34
227020 228132 34
227020 228132 34
227020 228132 34
227020 228132 34
227020 228132 34
226251 176100 35
226251 176100 35
226251 176100 35
226251 176100 35
226251 176100 35
226251 176100 35
226251 176100 35
226251 176100 35
226251 176100 35
226251 176100 35
226251 176100 35
226251 176100 35
226251 176100 35
226594 226433 35
226594 226433 35
226594 226433 35
226594 226433 35
226594 226433 35
226594 226433 35
226594 226433 35
226594 226433 35
226594 226433 35
226594 226433 35
226594 226433 35
226594 226433 35
226594 226433 35
228034 251943 35
228034 251943 35
228034 251943 35
228034 251943 35
228034 251943 35
228034 251943 35
228034 251943 35
228034 251943 35
228034 251943 35
228034 251943 35
228034 251943 35
228034 251943 35
250586 250604 36
250586 250604 36
250586 250604 36
250586 250604 36
250586 250604 36
250586 250604 36
250586 250604 36
250586 250604 36
250586 250604 36
250586 250604 36
250586 250604 36
250586 250604 36
226831 226968 36
226831 226968 36
226831 226968 36
226831 226968 36
226831 226968 36
226831 226968 36
226831 226968 36
226831 226968 36
226831 226968 36
226831 226968 36
226831 226968 36
226831 226968 36
226831 226968 36
202634 196008 37
202634 196008 37
202634 196008 37
202634 196008 37
202634 196008 37
202634 196008 37
202634 196008 37
202634 196008 37
202634 196008 37
202634 196008 37
202634 196008 37
202634 196008 37
14813 229521 38
14813 229521 38
14813 229521 38
14813 229521 38
14813 229521 38
14813 229521 38
14813 229521 38
14813 229521 38
14813 229521 38
14813 229521 38
14813 229521 38
14813 229521 38
14813 229521 38
245977 19032 39
245977 19032 39
245977 19032 39
245977 19032 39
245977 19032 39
245977 19032 39
245977 19032 39
245977 19032 39
245977 19032 39
245977 19032 39
245977 19032 39
245977 19032 39
240839 228201 39
240839 228201 39
240839 228201 39
240839 228201 39
240839 228201 39
240839 228201 39
240839 228201 39
240839 228201 39
240839 228201 39
240839 228201 39
240839 228201 39
240839 228201 39
228013 235934 39
228013 235934 39
228013 235934 39
228013 235934 39
228013 235934 39
228013 235934 39
228013 235934 39
228013 235934 39
228013 235934 39
228013 235934 39
228013 235934 39
228013 235934 39
160292 190863 40
160292 190863 40
160292 190863 40
160292 190863 40
160292 190863 40
160292 190863 40
160292 190863 40
160292 190863 40
160292 190863 40
160292 190863 40
160292 190863 40
160292 190863 40
245959 246001 42
245959 246001 42
245959 246001 42
245959 246001 42
245959 246001 42
245959 246001 42
245959 246001 42
245959 246001 42
245959 246001 42
245959 246001 42
245959 246001 42
245959 246001 42
245959 246001 42
226457 231025 43
226457 231025 43
226457 231025 43
226457 231025 43
226457 231025 43
226457 231025 43
226457 231025 43
226457 231025 43
226457 231025 43
226457 231025 43
226457 231025 43
226457 231025 43
226457 231025 43
250605 284206 43
250605 284206 43
250605 284206 43
250605 284206 43
250605 284206 43
250605 284206 43
250605 284206 43
250605 284206 43
250605 284206 43
250605 284206 43
250605 284206 43
250605 284206 43
250605 284206 43
284208 286717 43
284208 286717 43
284208 286717 43
284208 286717 43
284208 286717 43
284208 286717 43
284208 286717 43
284208 286717 43
284208 286717 43
284208 286717 43
284208 286717 43
284208 286717 43
195032 160292 43
195032 160292 43
195032 160292 43
195032 160292 43
195032 160292 43
195032 160292 43
195032 160292 43
195032 160292 43
195032 160292 43
195032 160292 43
195032 160292 43
195032 160292 43
285243 282823 43
285243 282823 43
285243 282823 43
285243 282823 43
285243 282823 43
285243 282823 43
285243 282823 43
285243 282823 43
285243 282823 43
285243 282823 43
285243 282823 43
285243 282823 43
232721 236052 44
232721 236052 44
232721 236052 44
232721 236052 44
232721 236052 44
232721 236052 44
232721 236052 44
232721 236052 44
232721 236052 44
232721 236052 44
232721 236052 44
232721 236052 44
291376 288992 44
291376 288992 44
291376 288992 44
291376 288992 44
291376 288992 44
291376 288992 44
291376 288992 44
291376 288992 44
291376 288992 44
291376 288992 44
291376 288992 44
291376 288992 44
292020 295184 44
292020 295184 44
292020 295184 44
292020 295184 44
292020 295184 44
292020 295184 44
292020 295184 44
292020 295184 44
292020 295184 44
292020 295184 44
292020 295184 44
292020 295184 44
292020 295184 44
173804 193608 45
173804 193608 45
173804 193608 45
173804 193608 45
173804 193608 45
173804 193608 45
173804 193608 45
173804 193608 45
173804 193608 45
173804 193608 45
173804 193608 45
173804 193608 45
186763 174932 47
186763 174932 47
186763 174932 47
186763 174932 47
186763 174932 47
186763 174932 47
186763 174932 47
186763 174932 47
186763 174932 47
186763 174932 47
186763 174932 47
186763 174932 47
195024 181447 47
195024 181447 47
195024 181447 47
195024 181447 47
195024 181447 47
195024 181447 47
195024 181447 47
195024 181447 47
195024 181447 47
195024 181447 47
195024 181447 47
195024 181447 47
195024 181447 47
193058 176275 47
193058 176275 47
193058 176275 47
193058 176275 47
193058 176275 47
193058 176275 47
193058 176275 47
193058 176275 47
193058 176275 47
193058 176275 47
193058 176275 47
193058 176275 47
195764 188269 50
195764 188269 50
195764 188269 50
195764 188269 50
195764 188269 50
195764 188269 50
195764 188269 50
195764 188269 50
195764 188269 50
195764 188269 50
195764 188269 50
195764 188269 50
245999 14812 52
245999 14812 52
245999 14812 52
245999 14812 52
245999 14812 52
245999 14812 52
245999 14812 52
245999 14812 52
245999 14812 52
245999 14812 52
245999 14812 52
245999 14812 52
292030 246816 54
292030 246816 54
292030 246816 54
292030 246816 54
292030 246816 54
292030 246816 54
292030 246816 54
292030 246816 54
292030 246816 54
292030 246816 54
292030 246816 54
292030 246816 54
292030 246816 54
237855 228013 55
237855 228013 55
237855 228013 55
237855 228013 55
237855 228013 55
237855 228013 55
237855 228013 55
237855 228013 55
237855 228013 55
237855 228013 55
237855 228013 55
237855 228013 55
237855 228013 55
249355 290409 56
249355 290409 56
249355 290409 56
249355 290409 56
249355 290409 56
249355 290409 56
249355 290409 56
249355 290409 56
249355 290409 56
249355 290409 56
249355 290409 56
249355 290409 56
249355 290409 56
262450 296708 57
262450 296708 57
262450 296708 57
262450 296708 57
262450 296708 57
262450 296708 57
262450 296708 57
262450 296708 57
262450 296708 57
262450 296708 57
262450 296708 57
262450 296708 57
235678 285282 58
235678 285282 58
235678 285282 58
235678 285282 58
235678 285282 58
235678 285282 58
235678 285282 58
235678 285282 58
235678 285282 58
235678 285282 58
235678 285282 58
235678 285282 58
235678 285282 58
291226 285281 58
291226 285281 58
291226 285281 58
291226 285281 58
291226 285281 58
291226 285281 58
291226 285281 58
291226 285281 58
291226 285281 58
291226 285281 58
291226 285281 58
291226 285281 58
291226 285281 58
237844 188294 58
237844 188294 58
237844 188294 58
237844 188294 58
237844 188294 58
237844 188294 58
237844 188294 58
237844 188294 58
237844 188294 58
237844 188294 58
237844 188294 58
237844 188294 58
226967 239045 60
226967 239045 60
226967 239045 60
226967 239045 60
226967 239045 60
226967 239045 60
226967 239045 60
226967 239045 60
226967 239045 60
226967 239045 60
226967 239045 60
226967 239045 60
198597 236848 60
198597 236848 60
198597 236848 60
198597 236848 60
198597 236848 60
198597 236848 60
198597 236848 60
198597 236848 60
198597 236848 60
198597 236848 60
198597 236848 60
198597 236848 60
228174 151192 60
228174 151192 60
228174 151192 60
228174 151192 60
228174 151192 60
228174 151192 60
228174 151192 60
228174 151192 60
228174 151192 60
228174 151192 60
228174 151192 60
228174 151192 60
226967 285282 60
226967 285282 60
226967 285282 60
226967 285282 60
226967 285282 60
226967 285282 60
226967 285282 60
226967 285282 60
226967 285282 60
226967 285282 60
226967 285282 60
226967 285282 60
226967 285282 60
236898 14813 61
236898 14813 61
236898 14813 61
236898 14813 61
236898 14813 61
236898 14813 61
236898 14813 61
236898 14813 61
236898 14813 61
236898 14813 61
236898 14813 61
236898 14813 61
228132 151192 62
228132 151192 62
228132 151192 62
228132 151192 62
228132 151192 62
228132 151192 62
228132 151192 62
228132 151192 62
228132 151192 62
228132 151192 62
228132 151192 62
228132 151192 62
228132 151192 62
230957 236015 63
230957 236015 63
230957 236015 63
230957 236015 63
230957 236015 63
230957 236015 63
230957 236015 63
230957 236015 63
230957 236015 63
230957 236015 63
230957 236015 63
230957 236015 63
230957 236015 63
235657 235960 63
235657 235960 63
235657 235960 63
235657 235960 63
235657 235960 63
235657 235960 63
235657 235960 63
235657 235960 63
235657 235960 63
235657 235960 63
235657 235960 63
235657 235960 63
225931 193627 63
225931 193627 63
225931 193627 63
225931 193627 63
225931 193627 63
225931 193627 63
225931 193627 63
225931 193627 63
225931 193627 63
225931 193627 63
225931 193627 63
225931 193627 63
225931 193627 63
239189 11777 63
239189 11777 63
239189 11777 63
239189 11777 63
239189 11777 63
239189 11777 63
239189 11777 63
239189 11777 63
239189 11777 63
239189 11777 63
239189 11777 63
239189 11777 63
237848 229809 64
237848 229809 64
237848 229809 64
237848 229809 64
237848 229809 64
237848 229809 64
237848 229809 64
237848 229809 64
237848 229809 64
237848 229809 64
237848 229809 64
237848 229809 64
237848 229809 64
235960 124700 65
235960 124700 65
235960 124700 65
235960 124700 65
235960 124700 65
235960 124700 65
235960 124700 65
235960 124700 65
235960 124700 65
235960 124700 65
235960 124700 65
235960 124700 65
9116 265493 66
9116 265493 66
9116 265493 66
9116 265493 66
9116 265493 66
9116 265493 66
9116 265493 66
9116 265493 66
9116 265493 66
9116 265493 66
9116 265493 66
9116 265493 66
294593 227046 67
294593 227046 67
294593 227046 67
294593 227046 67
294593 227046 67
294593 227046 67
294593 227046 67
294593 227046 67
294593 227046 67
294593 227046 67
294593 227046 67
294593 227046 67
294593 227046 67
236935 235868 68
236935 235868 68
236935 235868 68
236935 235868 68
236935 235868 68
236935 235868 68
236935 235868 68
236935 235868 68
236935 235868 68
236935 235868 68
236935 235868 68
236935 235868 68
236935 235868 68
238748 237851 69
238748 237851 69
238748 237851 69
238748 237851 69
238748 237851 69
238748 237851 69
238748 237851 69
238748 237851 69
238748 237851 69
238748 237851 69
238748 237851 69
238748 237851 69
237335 195341 69
237335 195341 69
237335 195341 69
237335 195341 69
237335 195341 69
237335 195341 69
237335 195341 69
237335 195341 69
237335 195341 69
237335 195341 69
237335 195341 69
237335 195341 69
237335 195341 69
206159 283089 69
206159 283089 69
206159 283089 69
206159 283089 69
206159 283089 69
206159 283089 69
206159 283089 69
206159 283089 69
206159 283089 69
206159 283089 69
206159 283089 69
206159 283089 69
206159 283089 69
14795 195341 71
14795 195341 71
14795 195341 71
14795 195341 71
14795 195341 71
14795 195341 71
14795 195341 71
14795 195341 71
14795 195341 71
14795 195341 71
14795 195341 71
14795 195341 71
263624 281478 71
263624 281478 71
263624 281478 71
263624 281478 71
263624 281478 71
263624 281478 71
263624 281478 71
263624 281478 71
263624 281478 71
263624 281478 71
263624 281478 71
263624 281478 71
285183 19032 71
285183 19032 71
285183 19032 71
285183 19032 71
285183 19032 71
285183 19032 71
285183 19032 71
285183 19032 71
285183 19032 71
285183 19032 71
285183 19032 71
285183 19032 71
285183 19032 71
246041 262497 71
246041 262497 71
246041 262497 71
246041 262497 71
246041 262497 71
246041 262497 71
246041 262497 71
246041 262497 71
246041 262497 71
246041 262497 71
246041 262497 71
246041 262497 71
190801 190741 73
190801 190741 73
190801 190741 73
190801 190741 73
190801 190741 73
190801 190741 73
190801 190741 73
190801 190741 73
190801 190741 73
190801 190741 73
190801 190741 73
190801 190741 73
190801 190741 73
234034 235862 75
234034 235862 75
234034 235862 75
234034 235862 75
234034 235862 75
234034 235862 75
234034 235862 75
234034 235862 75
234034 235862 75
234034 235862 75
234034 235862 75
234034 235862 75
203454 200260 75
203454 200260 75
203454 200260 75
203454 200260 75
203454 200260 75
203454 200260 75
203454 200260 75
203454 200260 75
203454 200260 75
203454 200260 75
203454 200260 75
203454 200260 75
203454 200260 75
294270 228095 76
294270 228095 76
294270 228095 76
294270 228095 76
294270 228095 76
294270 228095 76
294270 228095 76
294270 228095 76
294270 228095 76
294270 228095 76
294270 228095 76
294270 228095 76
293353 285239 77
293353 285239 77
293353 285239 77
293353 285239 77
293353 285239 77
293353 285239 77
293353 285239 77
293353 285239 77
293353 285239 77
293353 285239 77
293353 285239 77
293353 285239 77
293353 285239 77
191674 199336 77
191674 199336 77
191674 199336 77
191674 199336 77
191674 199336 77
191674 199336 77
191674 199336 77
191674 199336 77
191674 199336 77
191674 199336 77
191674 199336 77
191674 199336 77
191674 199336 77
228095 235862 78
228095 235862 78
228095 235862 78
228095 235862 78
228095 235862 78
228095 235862 78
228095 235862 78
228095 235862 78
228095 235862 78
228095 235862 78
228095 235862 78
228095 235862 78
151584 151465 79
151584 151465 79
151584 151465 79
151584 151465 79
151584 151465 79
151584 151465 79
151584 151465 79
151584 151465 79
151584 151465 79
151584 151465 79
151584 151465 79
151584 151465 79
151584 151465 79
209660 237906 80
209660 237906 80
209660 237906 80
209660 237906 80
209660 237906 80
209660 237906 80
209660 237906 80
209660 237906 80
209660 237906 80
209660 237906 80
209660 237906 80
209660 237906 80
209660 237906 80
239020 262497 80
239020 262497 80
239020 262497 80
239020 262497 80
239020 262497 80
239020 262497 80
239020 262497 80
239020 262497 80
239020 262497 80
239020 262497 80
239020 262497 80
239020 262497 80
230571 236181 80
230571 236181 80
230571 236181 80
230571 236181 80
230571 236181 80
230571 236181 80
230571 236181 80
230571 236181 80
230571 236181 80
230571 236181 80
230571 236181 80
230571 236181 80
230571 236181 80
239173 237851 81
239173 237851 81
239173 237851 81
239173 237851 81
239173 237851 81
239173 237851 81
239173 237851 81
239173 237851 81
239173 237851 81
239173 237851 81
239173 237851 81
239173 237851 81
239173 237851 81
245943 284212 81
245943 284212 81
245943 284212 81
245943 284212 81
245943 284212 81
245943 284212 81
245943 284212 81
245943 284212 81
245943 284212 81
245943 284212 81
245943 284212 81
245943 284212 81
245943 284212 81
177252 194390 82
177252 194390 82
177252 194390 82
177252 194390 82
177252 194390 82
177252 194390 82
177252 194390 82
177252 194390 82
177252 194390 82
177252 194390 82
177252 194390 82
177252 194390 82
246993 265579 84
246993 265579 84
246993 265579 84
246993 265579 84
246993 265579 84
246993 265579 84
246993 265579 84
246993 265579 84
246993 265579 84
246993 265579 84
246993 265579 84
246993 265579 84
246993 265579 84
186736 196084 84
186736 196084 84
186736 196084 84
186736 196084 84
186736 196084 84
186736 196084 84
186736 196084 84
186736 196084 84
186736 196084 84
186736 196084 84
186736 196084 84
186736 196084 84
186736 196084 84
285485 282526 87
285485 282526 87
285485 282526 87
285485 282526 87
285485 282526 87
285485 282526 87
285485 282526 87
285485 282526 87
285485 282526 87
285485 282526 87
285485 282526 87
285485 282526 87
285485 282526 87
231024 235134 87
231024 235134 87
231024 235134 87
231024 235134 87
231024 235134 87
231024 235134 87
231024 235134 87
231024 235134 87
231024 235134 87
231024 235134 87
231024 235134 87
231024 235134 87
189434 199837 87
189434 199837 87
189434 199837 87
189434 199837 87
189434 199837 87
189434 199837 87
189434 199837 87
189434 199837 87
189434 199837 87
189434 199837 87
189434 199837 87
189434 199837 87
189434 199837 87
245995 265911 88
245995 265911 88
245995 265911 88
245995 265911 88
245995 265911 88
245995 265911 88
245995 265911 88
245995 265911 88
245995 265911 88
245995 265911 88
245995 265911 88
245995 265911 88
245995 265911 88
227867 238546 89
227867 238546 89
227867 238546 89
227867 238546 89
227867 238546 89
227867 238546 89
227867 238546 89
227867 238546 89
227867 238546 89
227867 238546 89
227867 238546 89
227867 238546 89
227867 238546 89
249348 190876 89
249348 190876 89
249348 190876 89
249348 190876 89
249348 190876 89
249348 190876 89
249348 190876 89
249348 190876 89
249348 190876 89
249348 190876 89
249348 190876 89
249348 190876 89
226968 245925 91
226968 245925 91
226968 245925 91
226968 245925 91
226968 245925 91
226968 245925 91
226968 245925 91
226968 245925 91
226968 245925 91
226968 245925 91
226968 245925 91
226968 245925 91
246012 245982 92
246012 245982 92
246012 245982 92
246012 245982 92
246012 245982 92
246012 245982 92
246012 245982 92
246012 245982 92
246012 245982 92
246012 245982 92
246012 245982 92
246012 245982 92
177285 188448 93
177285 188448 93
177285 188448 93
177285 188448 93
177285 188448 93
177285 188448 93
177285 188448 93
177285 188448 93
177285 188448 93
177285 188448 93
177285 188448 93
177285 188448 93
177285 188448 93
175936 3390 94
175936 3390 94
175936 3390 94
175936 3390 94
175936 3390 94
175936 3390 94
175936 3390 94
175936 3390 94
175936 3390 94
175936 3390 94
175936 3390 94
175936 3390 94
175936 3390 94
230724 228406 95
230724 228406 95
230724 228406 95
230724 228406 95
230724 228406 95
230724 228406 95
230724 228406 95
230724 228406 95
230724 228406 95
230724 228406 95
230724 228406 95
230724 228406 95
230724 228406 95
245925 284247 97
245925 284247 97
245925 284247 97
245925 284247 97
245925 284247 97
245925 284247 97
245925 284247 97
245925 284247 97
245925 284247 97
245925 284247 97
245925 284247 97
245925 284247 97
245925 284247 97
209656 190921 97
209656 190921 97
209656 190921 97
209656 190921 97
209656 190921 97
209656 190921 97
209656 190921 97
209656 190921 97
209656 190921 97
209656 190921 97
209656 190921 97
209656 190921 97
240911 229857 98
240911 229857 98
240911 229857 98
240911 229857 98
240911 229857 98
240911 229857 98
240911 229857 98
240911 229857 98
240911 229857 98
240911 229857 98
240911 229857 98
240911 229857 98
227732 230715 99
227732 230715 99
227732 230715 99
227732 230715 99
227732 230715 99
227732 230715 99
227732 230715 99
227732 230715 99
227732 230715 99
227732 230715 99
227732 230715 99
227732 230715 99
227732 230715 99
14800 235974 100
14800 235974 100
14800 235974 100
14800 235974 100
14800 235974 100
14800 235974 100
14800 235974 100
14800 235974 100
14800 235974 100
14800 235974 100
14800 235974 100
14800 235974 100
199837 204217 100
199837 204217 100
199837 204217 100
199837 204217 100
199837 204217 100
199837 204217 100
199837 204217 100
199837 204217 100
199837 204217 100
199837 204217 100
199837 204217 100
199837 204217 100
199837 204217 100
190921 160250 100
190921 160250 100
190921 160250 100
190921 160250 100
190921 160250 100
190921 160250 100
190921 160250 100
190921 160250 100
190921 160250 100
190921 160250 100
190921 160250 100
190921 160250 100
190921 160250 100
226966 155156 100
226966 155156 100
226966 155156 100
226966 155156 100
226966 155156 100
226966 155156 100
226966 155156 100
226966 155156 100
226966 155156 100
226966 155156 100
226966 155156 100
226966 155156 100
226966 155156 100
226966 155156 100
226966 155156 100
226966 155156 100
226966 155156 100
226966 155156 100
226966 155156 100
226966 155156 100
226966 155156 100
226966 155156 100
226966 155156 100
226966 155156 100
203454 193581 102
203454 193581 102
203454 193581 102
203454 193581 102
203454 193581 102
203454 193581 102
203454 193581 102
203454 193581 102
203454 193581 102
203454 193581 102
203454 193581 102
203454 193581 102
289159 228104 102
289159 228104 102
289159 228104 102
289159 228104 102
289159 228104 102
289159 228104 102
289159 228104 102
289159 228104 102
289159 228104 102
289159 228104 102
289159 228104 102
289159 228104 102
289159 228104 102
203200 193236 103
203200 193236 103
203200 193236 103
203200 193236 103
203200 193236 103
203200 193236 103
203200 193236 103
203200 193236 103
203200 193236 103
203200 193236 103
203200 193236 103
203200 193236 103
203200 193236 103
296195 235676 103
296195 235676 103
296195 235676 103
296195 235676 103
296195 235676 103
296195 235676 103
296195 235676 103
296195 235676 103
296195 235676 103
296195 235676 103
296195 235676 103
296195 235676 103
296195 235676 103
203200 193236 103
203200 193236 103
203200 193236 103
203200 193236 103
203200 193236 103
203200 193236 103
203200 193236 103
203200 193236 103
203200 193236 103
203200 193236 103
203200 193236 103
203200 193236 103
236478 236851 104
236478 236851 104
236478 236851 104
236478 236851 104
236478 236851 104
236478 236851 104
236478 236851 104
236478 236851 104
236478 236851 104
236478 236851 104
236478 236851 104
236478 236851 104
236478 236851 104
236921 9639 104
236921 9639 104
236921 9639 104
236921 9639 104
236921 9639 104
236921 9639 104
236921 9639 104
236921 9639 104
236921 9639 104
236921 9639 104
236921 9639 104
236921 9639 104
285375 11829 105
285375 11829 105
285375 11829 105
285375 11829 105
285375 11829 105
285375 11829 105
285375 11829 105
285375 11829 105
285375 11829 105
285375 11829 105
285375 11829 105
285375 11829 105
193571 175894 105
193571 175894 105
193571 175894 105
193571 175894 105
193571 175894 105
193571 175894 105
193571 175894 105
193571 175894 105
193571 175894 105
193571 175894 105
193571 175894 105
193571 175894 105
236479 225931 105
236479 225931 105
236479 225931 105
236479 225931 105
236479 225931 105
236479 225931 105
236479 225931 105
236479 225931 105
236479 225931 105
236479 225931 105
236479 225931 105
236479 225931 105
236479 225931 105
160250 183759 106
160250 183759 106
160250 183759 106
160250 183759 106
160250 183759 106
160250 183759 106
160250 183759 106
160250 183759 106
160250 183759 106
160250 183759 106
160250 183759 106
160250 183759 106
175935 3390 106
175935 3390 106
175935 3390 106
175935 3390 106
175935 3390 106
175935 3390 106
175935 3390 106
175935 3390 106
175935 3390 106
175935 3390 106
175935 3390 106
175935 3390 106
184487 186911 107
184487 186911 107
184487 186911 107
184487 186911 107
184487 186911 107
184487 186911 107
184487 186911 107
184487 186911 107
184487 186911 107
184487 186911 107
184487 186911 107
184487 186911 107
184487 186911 107
237100 226971 107
237100 226971 107
237100 226971 107
237100 226971 107
237100 226971 107
237100 226971 107
237100 226971 107
237100 226971 107
237100 226971 107
237100 226971 107
237100 226971 107
237100 226971 107
246999 284493 108
246999 284493 108
246999 284493 108
246999 284493 108
246999 284493 108
246999 284493 108
246999 284493 108
246999 284493 108
246999 284493 108
246999 284493 108
246999 284493 108
246999 284493 108
4673 285276 109
4673 285276 109
4673 285276 109
4673 285276 109
4673 285276 109
4673 285276 109
4673 285276 109
4673 285276 109
4673 285276 109
4673 285276 109
4673 285276 109
4673 285276 109
190920 227079 109
190920 227079 109
190920 227079 109
190920 227079 109
190920 227079 109
190920 227079 109
190920 227079 109
190920 227079 109
190920 227079 109
190920 227079 109
190920 227079 109
190920 227079 109
190923 237987 111
190923 237987 111
190923 237987 111
190923 237987 111
190923 237987 111
190923 237987 111
190923 237987 111
190923 237987 111
190923 237987 111
190923 237987 111
190923 237987 111
190923 237987 111
190923 237987 111
250595 291455 111
250595 291455 111
250595 291455 111
250595 291455 111
250595 291455 111
250595 291455 111
250595 291455 111
250595 291455 111
250595 291455 111
250595 291455 111
250595 291455 111
250595 291455 111
250595 291455 111
202880 159647 114
202880 159647 114
202880 159647 114
202880 159647 114
202880 159647 114
202880 159647 114
202880 159647 114
202880 159647 114
202880 159647 114
202880 159647 114
202880 159647 114
202880 159647 114
202880 159647 114
239001 228033 116
239001 228033 116
239001 228033 116
239001 228033 116
239001 228033 116
239001 228033 116
239001 228033 116
239001 228033 116
239001 228033 116
239001 228033 116
239001 228033 116
239001 228033 116
283694 283433 116
283694 283433 116
283694 283433 116
283694 283433 116
283694 283433 116
283694 283433 116
283694 283433 116
283694 283433 116
283694 283433 116
283694 283433 116
283694 283433 116
283694 283433 116
210459 186863 118
210459 186863 118
210459 186863 118
210459 186863 118
210459 186863 118
210459 186863 118
210459 186863 118
210459 186863 118
210459 186863 118
210459 186863 118
210459 186863 118
210459 186863 118
292455 265637 119
292455 265637 119
292455 265637 119
292455 265637 119
292455 265637 119
292455 265637 119
292455 265637 119
292455 265637 119
292455 265637 119
292455 265637 119
292455 265637 119
292455 265637 119
285289 228100 120
285289 228100 120
285289 228100 120
285289 228100 120
285289 228100 120
285289 228100 120
285289 228100 120
285289 228100 120
285289 228100 120
285289 228100 120
285289 228100 120
285289 228100 120
285289 228100 120
242165 225626 121
242165 225626 121
242165 225626 121
242165 225626 121
242165 225626 121
242165 225626 121
242165 225626 121
242165 225626 121
242165 225626 121
242165 225626 121
242165 225626 121
242165 225626 121
242165 225626 121
176237 237848 121
176237 237848 121
176237 237848 121
176237 237848 121
176237 237848 121
176237 237848 121
176237 237848 121
176237 237848 121
176237 237848 121
176237 237848 121
176237 237848 121
176237 237848 121
246076 245977 124
246076 245977 124
246076 245977 124
246076 245977 124
246076 245977 124
246076 245977 124
246076 245977 124
246076 245977 124
246076 245977 124
246076 245977 124
246076 245977 124
246076 245977 124
236481 225931 124
236481 225931 124
236481 225931 124
236481 225931 124
236481 225931 124
236481 225931 124
236481 225931 124
236481 225931 124
236481 225931 124
236481 225931 124
236481 225931 124
236481 225931 124
236481 225931 124
9248 10447 125
9248 10447 125
9248 10447 125
9248 10447 125
9248 10447 125
9248 10447 125
9248 10447 125
9248 10447 125
9248 10447 125
9248 10447 125
9248 10447 125
9248 10447 125
293139 274610 125
293139 274610 125
293139 274610 125
293139 274610 125
293139 274610 125
293139 274610 125
293139 274610 125
293139 274610 125
293139 274610 125
293139 274610 125
293139 274610 125
293139 274610 125
285273 245951 126
285273 245951 126
285273 245951 126
285273 245951 126
285273 245951 126
285273 245951 126
285273 245951 126
285273 245951 126
285273 245951 126
285273 245951 126
285273 245951 126
285273 245951 126
285273 245951 126
153028 199189 127
153028 199189 127
153028 199189 127
153028 199189 127
153028 199189 127
153028 199189 127
153028 199189 127
153028 199189 127
153028 199189 127
153028 199189 127
153028 199189 127
153028 199189 127
188294 204228 130
188294 204228 130
188294 204228 130
188294 204228 130
188294 204228 130
188294 204228 130
188294 204228 130
188294 204228 130
188294 204228 130
188294 204228 130
188294 204228 130
188294 204228 130
196008 265841 131
196008 265841 131
196008 265841 131
196008 265841 131
196008 265841 131
196008 265841 131
196008 265841 131
196008 265841 131
196008 265841 131
196008 265841 131
196008 265841 131
196008 265841 131
190759 175938 131
190759 175938 131
190759 175938 131
190759 175938 131
190759 175938 131
190759 175938 131
190759 175938 131
190759 175938 131
190759 175938 131
190759 175938 131
190759 175938 131
190759 175938 131
204222 194390 132
204222 194390 132
204222 194390 132
204222 194390 132
204222 194390 132
204222 194390 132
204222 194390 132
204222 194390 132
204222 194390 132
204222 194390 132
204222 194390 132
204222 194390 132
237991 265841 133
237991 265841 133
237991 265841 133
237991 265841 133
237991 265841 133
237991 265841 133
237991 265841 133
237991 265841 133
237991 265841 133
237991 265841 133
237991 265841 133
237991 265841 133
175938 187576 134
175938 187576 134
175938 187576 134
175938 187576 134
175938 187576 134
175938 187576 134
175938 187576 134
175938 187576 134
175938 187576 134
175938 187576 134
175938 187576 134
175938 187576 134
232961 236067 134
232961 236067 134
232961 236067 134
232961 236067 134
232961 236067 134
232961 236067 134
232961 236067 134
232961 236067 134
232961 236067 134
232961 236067 134
232961 236067 134
232961 236067 134
232961 236067 134
151583 227224 134
151583 227224 134
151583 227224 134
151583 227224 134
151583 227224 134
151583 227224 134
151583 227224 134
151583 227224 134
151583 227224 134
151583 227224 134
151583 227224 134
151583 227224 134
175935 190861 134
175935 190861 134
175935 190861 134
175935 190861 134
175935 190861 134
175935 190861 134
175935 190861 134
175935 190861 134
175935 190861 134
175935 190861 134
175935 190861 134
175935 190861 134
175935 190861 134
219573 187552 134
219573 187552 134
219573 187552 134
219573 187552 134
219573 187552 134
219573 187552 134
219573 187552 134
219573 187552 134
219573 187552 134
219573 187552 134
219573 187552 134
219573 187552 134
219573 187552 134
232837 243610 135
232837 243610 135
232837 243610 135
232837 243610 135
232837 243610 135
232837 243610 135
232837 243610 135
232837 243610 135
232837 243610 135
232837 243610 135
232837 243610 135
232837 243610 135
160243 159589 136
160243 159589 136
160243 159589 136
160243 159589 136
160243 159589 136
160243 159589 136
160243 159589 136
160243 159589 136
160243 159589 136
160243 159589 136
160243 159589 136
160243 159589 136
160243 159589 136
187711 193811 137
187711 193811 137
187711 193811 137
187711 193811 137
187711 193811 137
187711 193811 137
187711 193811 137
187711 193811 137
187711 193811 137
187711 193811 137
187711 193811 137
187711 193811 137
187711 193811 137
200258 236480 137
200258 236480 137
200258 236480 137
200258 236480 137
200258 236480 137
200258 236480 137
200258 236480 137
200258 236480 137
200258 236480 137
200258 236480 137
200258 236480 137
200258 236480 137
240911 228406 137
240911 228406 137
240911 228406 137
240911 228406 137
240911 228406 137
240911 228406 137
240911 228406 137
240911 228406 137
240911 228406 137
240911 228406 137
240911 228406 137
240911 228406 137
240911 228406 137
236836 237873 140
236836 237873 140
236836 237873 140
236836 237873 140
236836 237873 140
236836 237873 140
236836 237873 140
236836 237873 140
236836 237873 140
236836 237873 140
236836 237873 140
236836 237873 140
283968 248382 142
283968 248382 142
283968 248382 142
283968 248382 142
283968 248382 142
283968 248382 142
283968 248382 142
283968 248382 142
283968 248382 142
283968 248382 142
283968 248382 142
283968 248382 142
283968 248382 142
173814 227079 142
173814 227079 142
173814 227079 142
173814 227079 142
173814 227079 142
173814 227079 142
173814 227079 142
173814 227079 142
173814 227079 142
173814 227079 142
173814 227079 142
173814 227079 142
183768 184794 143
183768 184794 143
183768 184794 143
183768 184794 143
183768 184794 143
183768 184794 143
183768 184794 143
183768 184794 143
183768 184794 143
183768 184794 143
183768 184794 143
183768 184794 143
248382 265636 144
248382 265636 144
248382 265636 144
248382 265636 144
248382 265636 144
248382 265636 144
248382 265636 144
248382 265636 144
248382 265636 144
248382 265636 144
248382 265636 144
248382 265636 144
248382 265636 144
235126 296709 144
235126 296709 144
235126 296709 144
235126 296709 144
235126 296709 144
235126 296709 144
235126 296709 144
235126 296709 144
235126 296709 144
235126 296709 144
235126 296709 144
235126 296709 144
235126 296709 144
240936 247512 145
240936 247512 145
240936 247512 145
240936 247512 145
240936 247512 145
240936 247512 145
240936 247512 145
240936 247512 145
240936 247512 145
240936 247512 145
240936 247512 145
240936 247512 145
285119 246593 146
285119 246593 146
285119 246593 146
285119 246593 146
285119 246593 146
285119 246593 146
285119 246593 146
285119 246593 146
285119 246593 146
285119 246593 146
285119 246593 146
285119 246593 146
282559 289559 148
282559 289559 148
282559 289559 148
282559 289559 148
282559 289559 148
282559 289559 148
282559 289559 148
282559 289559 148
282559 289559 148
282559 289559 148
282559 289559 148
282559 289559 148
190921 235658 148
190921 235658 148
190921 235658 148
190921 235658 148
190921 235658 148
190921 235658 148
190921 235658 148
190921 235658 148
190921 235658 148
190921 235658 148
190921 235658 148
190921 235658 148
190921 235658 148
233589 232719 148
233589 232719 148
233589 232719 148
233589 232719 148
233589 232719 148
233589 232719 148
233589 232719 148
233589 232719 148
233589 232719 148
233589 232719 148
233589 232719 148
233589 232719 148
233589 232719 148
14459 245977 149
14459 245977 149
14459 245977 149
14459 245977 149
14459 245977 149
14459 245977 149
14459 245977 149
14459 245977 149
14459 245977 149
14459 245977 149
14459 245977 149
14459 245977 149
230708 232832 149
230708 232832 149
230708 232832 149
230708 232832 149
230708 232832 149
230708 232832 149
230708 232832 149
230708 232832 149
230708 232832 149
230708 232832 149
230708 232832 149
230708 232832 149
193058 151083 149
193058 151083 149
193058 151083 149
193058 151083 149
193058 151083 149
193058 151083 149
193058 151083 149
193058 151083 149
193058 151083 149
193058 151083 149
193058 151083 149
193058 151083 149
193058 151083 149
281183 265578 150
281183 265578 150
281183 265578 150
281183 265578 150
281183 265578 150
281183 265578 150
281183 265578 150
281183 265578 150
281183 265578 150
281183 265578 150
281183 265578 150
281183 265578 150
226232 235952 151
226232 235952 151
226232 235952 151
226232 235952 151
226232 235952 151
226232 235952 151
226232 235952 151
226232 235952 151
226232 235952 151
226232 235952 151
226232 235952 151
226232 235952 151
292207 248375 152
292207 248375 152
292207 248375 152
292207 248375 152
292207 248375 152
292207 248375 152
292207 248375 152
292207 248375 152
292207 248375 152
292207 248375 152
292207 248375 152
292207 248375 152
292207 248375 152
194441 203079 152
194441 203079 152
194441 203079 152
194441 203079 152
194441 203079 152
194441 203079 152
194441 203079 152
194441 203079 152
194441 203079 152
194441 203079 152
194441 203079 152
194441 203079 152
238552 238002 152
238552 238002 152
238552 238002 152
238552 238002 152
238552 238002 152
238552 238002 152
238552 238002 152
238552 238002 152
238552 238002 152
238552 238002 152
238552 238002 152
238552 238002 152
291440 291737 153
291440 291737 153
291440 291737 153
291440 291737 153
291440 291737 153
291440 291737 153
291440 291737 153
291440 291737 153
291440 291737 153
291440 291737 153
291440 291737 153
291440 291737 153
291440 291737 153
246087 289559 153
246087 289559 153
246087 289559 153
246087 289559 153
246087 289559 153
246087 289559 153
246087 289559 153
246087 289559 153
246087 289559 153
246087 289559 153
246087 289559 153
246087 289559 153
246087 289559 153
241489 240625 153
241489 240625 153
241489 240625 153
241489 240625 153
241489 240625 153
241489 240625 153
241489 240625 153
241489 240625 153
241489 240625 153
241489 240625 153
241489 240625 153
241489 240625 153
241489 240625 153
291458 291514 153
291458 291514 153
291458 291514 153
291458 291514 153
291458 291514 153
291458 291514 153
291458 291514 153
291458 291514 153
291458 291514 153
291458 291514 153
291458 291514 153
291458 291514 153
291458 291514 153
215706 245978 154
215706 245978 154
215706 245978 154
215706 245978 154
215706 245978 154
215706 245978 154
215706 245978 154
215706 245978 154
215706 245978 154
215706 245978 154
215706 245978 154
215706 245978 154
289731 186762 154
289731 186762 154
289731 186762 154
289731 186762 154
289731 186762 154
289731 186762 154
289731 186762 154
289731 186762 154
289731 186762 154
289731 186762 154
289731 186762 154
289731 186762 154
289731 186762 154
291737 182101 155
291737 182101 155
291737 182101 155
291737 182101 155
291737 182101 155
291737 182101 155
291737 182101 155
291737 182101 155
291737 182101 155
291737 182101 155
291737 182101 155
291737 182101 155
243541 235687 156
243541 235687 156
243541 235687 156
243541 235687 156
243541 235687 156
243541 235687 156
243541 235687 156
243541 235687 156
243541 235687 156
243541 235687 156
243541 235687 156
243541 235687 156
208308 187567 157
208308 187567 157
208308 187567 157
208308 187567 157
208308 187567 157
208308 187567 157
208308 187567 157
208308 187567 157
208308 187567 157
208308 187567 157
208308 187567 157
208308 187567 157
208308 187567 157
14813 236838 157
14813 236838 157
14813 236838 157
14813 236838 157
14813 236838 157
14813 236838 157
14813 236838 157
14813 236838 157
14813 236838 157
14813 236838 157
14813 236838 157
14813 236838 157
173923 160237 158
173923 160237 158
173923 160237 158
173923 160237 158
173923 160237 158
173923 160237 158
173923 160237 158
173923 160237 158
173923 160237 158
173923 160237 158
173923 160237 158
173923 160237 158
173923 160237 158
186861 268961 158
186861 268961 158
186861 268961 158
186861 268961 158
186861 268961 158
186861 268961 158
186861 268961 158
186861 268961 158
186861 268961 158
186861 268961 158
186861 268961 158
186861 268961 158
289159 289559 158
289159 289559 158
289159 289559 158
289159 289559 158
289159 289559 158
289159 289559 158
289159 289559 158
289159 289559 158
289159 289559 158
289159 289559 158
289159 289559 158
289159 289559 158
226251 240632 158
226251 240632 158
226251 240632 158
226251 240632 158
226251 240632 158
226251 240632 158
226251 240632 158
226251 240632 158
226251 240632 158
226251 240632 158
226251 240632 158
226251 240632 158
293675 226981 159
293675 226981 159
293675 226981 159
293675 226981 159
293675 226981 159
293675 226981 159
293675 226981 159
293675 226981 159
293675 226981 159
293675 226981 159
293675 226981 159
293675 226981 159
193236 159653 160
193236 159653 160
193236 159653 160
193236 159653 160
193236 159653 160
193236 159653 160
193236 159653 160
193236 159653 160
193236 159653 160
193236 159653 160
193236 159653 160
193236 159653 160
193058 176279 161
193058 176279 161
193058 176279 161
193058 176279 161
193058 176279 161
193058 176279 161
193058 176279 161
193058 176279 161
193058 176279 161
193058 176279 161
193058 176279 161
193058 176279 161
226527 236450 161
226527 236450 161
226527 236450 161
226527 236450 161
226527 236450 161
226527 236450 161
226527 236450 161
226527 236450 161
226527 236450 161
226527 236450 161
226527 236450 161
226527 236450 161
195050 176289 163
195050 176289 163
195050 176289 163
195050 176289 163
195050 176289 163
195050 176289 163
195050 176289 163
195050 176289 163
195050 176289 163
195050 176289 163
195050 176289 163
195050 176289 163
227556 236088 163
227556 236088 163
227556 236088 163
227556 236088 163
227556 236088 163
227556 236088 163
227556 236088 163
227556 236088 163
227556 236088 163
227556 236088 163
227556 236088 163
227556 236088 163
289524 294595 164
289524 294595 164
289524 294595 164
289524 294595 164
289524 294595 164
289524 294595 164
289524 294595 164
289524 294595 164
289524 294595 164
289524 294595 164
289524 294595 164
289524 294595 164
242072 242322 164
242072 242322 164
242072 242322 164
242072 242322 164
242072 242322 164
242072 242322 164
242072 242322 164
242072 242322 164
242072 242322 164
242072 242322 164
242072 242322 164
242072 242322 164
256656 252655 165
256656 252655 165
256656 252655 165
256656 252655 165
256656 252655 165
256656 252655 165
256656 252655 165
256656 252655 165
256656 252655 165
256656 252655 165
256656 252655 165
256656 252655 165
230398 230081 165
230398 230081 165
230398 230081 165
230398 230081 165
230398 230081 165
230398 230081 165
230398 230081 165
230398 230081 165
230398 230081 165
230398 230081 165
230398 230081 165
230398 230081 165
236088 236067 165
236088 236067 165
236088 236067 165
236088 236067 165
236088 236067 165
236088 236067 165
236088 236067 165
236088 236067 165
236088 236067 165
236088 236067 165
236088 236067 165
236088 236067 165
236088 236067 165
285466 236838 165
285466 236838 165
285466 236838 165
285466 236838 165
285466 236838 165
285466 236838 165
285466 236838 165
285466 236838 165
285466 236838 165
285466 236838 165
285466 236838 165
285466 236838 165
189013 188462 166
189013 188462 166
189013 188462 166
189013 188462 166
189013 188462 166
189013 188462 166
189013 188462 166
189013 188462 166
189013 188462 166
189013 188462 166
189013 188462 166
189013 188462 166
189013 188462 166
238001 203079 167
238001 203079 167
238001 203079 167
238001 203079 167
238001 203079 167
238001 203079 167
238001 203079 167
238001 203079 167
238001 203079 167
238001 203079 167
238001 203079 167
238001 203079 167
228132 228143 168
228132 228143 168
228132 228143 168
228132 228143 168
228132 228143 168
228132 228143 168
228132 228143 168
228132 228143 168
228132 228143 168
228132 228143 168
228132 228143 168
228132 228143 168
228132 228143 168
208266 175894 168
208266 175894 168
208266 175894 168
208266 175894 168
208266 175894 168
208266 175894 168
208266 175894 168
208266 175894 168
208266 175894 168
208266 175894 168
208266 175894 168
208266 175894 168
208266 175894 168
229867 241489 168
229867 241489 168
229867 241489 168
229867 241489 168
229867 241489 168
229867 241489 168
229867 241489 168
229867 241489 168
229867 241489 168
229867 241489 168
229867 241489 168
229867 241489 168
229867 241489 168
252655 245931 169
252655 245931 169
252655 245931 169
252655 245931 169
252655 245931 169
252655 245931 169
252655 245931 169
252655 245931 169
252655 245931 169
252655 245931 169
252655 245931 169
252655 245931 169
252655 245931 169
11037 195509 170
11037 195509 170
11037 195509 170
11037 195509 170
11037 195509 170
11037 195509 170
11037 195509 170
11037 195509 170
11037 195509 170
11037 195509 170
11037 195509 170
11037 195509 170
155156 225931 170
155156 225931 170
155156 225931 170
155156 225931 170
155156 225931 170
155156 225931 170
155156 225931 170
155156 225931 170
155156 225931 170
155156 225931 170
155156 225931 170
155156 225931 170
155156 225931 170
228099 235977 172
228099 235977 172
228099 235977 172
228099 235977 172
228099 235977 172
228099 235977 172
228099 235977 172
228099 235977 172
228099 235977 172
228099 235977 172
228099 235977 172
228099 235977 172
228681 226792 172
228681 226792 172
228681 226792 172
228681 226792 172
228681 226792 172
228681 226792 172
228681 226792 172
228681 226792 172
228681 226792 172
228681 226792 172
228681 226792 172
228681 226792 172
225658 242416 173
225658 242416 173
225658 242416 173
225658 242416 173
225658 242416 173
225658 242416 173
225658 242416 173
225658 242416 173
225658 242416 173
225658 242416 173
225658 242416 173
225658 242416 173
296702 283400 174
296702 283400 174
296702 283400 174
296702 283400 174
296702 283400 174
296702 283400 174
296702 283400 174
296702 283400 174
296702 283400 174
296702 283400 174
296702 283400 174
296702 283400 174
10598 190958 174
10598 190958 174
10598 190958 174
10598 190958 174
10598 190958 174
10598 190958 174
10598 190958 174
10598 190958 174
10598 190958 174
10598 190958 174
10598 190958 174
10598 190958 174
195509 208270 174
195509 208270 174
195509 208270 174
195509 208270 174
195509 208270 174
195509 208270 174
195509 208270 174
195509 208270 174
195509 208270 174
195509 208270 174
195509 208270 174
195509 208270 174
208217 160247 175
208217 160247 175
208217 160247 175
208217 160247 175
208217 160247 175
208217 160247 175
208217 160247 175
208217 160247 175
208217 160247 175
208217 160247 175
208217 160247 175
208217 160247 175
190812 173925 176
190812 173925 176
190812 173925 176
190812 173925 176
190812 173925 176
190812 173925 176
190812 173925 176
190812 173925 176
190812 173925 176
190812 173925 176
190812 173925 176
190812 173925 176
282552 289620 178
282552 289620 178
282552 289620 178
282552 289620 178
282552 289620 178
282552 289620 178
282552 289620 178
282552 289620 178
282552 289620 178
282552 289620 178
282552 289620 178
282552 289620 178
251934 251936 178
251934 251936 178
251934 251936 178
251934 251936 178
251934 251936 178
251934 251936 178
251934 251936 178
251934 251936 178
251934 251936 178
251934 251936 178
251934 251936 178
251934 251936 178
251934 251936 178
188448 193058 179
188448 193058 179
188448 193058 179
188448 193058 179
188448 193058 179
188448 193058 179
188448 193058 179
188448 193058 179
188448 193058 179
188448 193058 179
188448 193058 179
188448 193058 179
227028 237100 180
227028 237100 180
227028 237100 180
227028 237100 180
227028 237100 180
227028 237100 180
227028 237100 180
227028 237100 180
227028 237100 180
227028 237100 180
227028 237100 180
227028 237100 180
250604 290240 181
250604 290240 181
250604 290240 181
250604 290240 181
250604 290240 181
250604 290240 181
250604 290240 181
250604 290240 181
250604 290240 181
250604 290240 181
250604 290240 181
250604 290240 181
160247 190920 182
160247 190920 182
160247 190920 182
160247 190920 182
160247 190920 182
160247 190920 182
160247 190920 182
160247 190920 182
160247 190920 182
160247 190920 182
160247 190920 182
160247 190920 182
241873 209652 182
241873 209652 182
241873 209652 182
241873 209652 182
241873 209652 182
241873 209652 182
241873 209652 182
241873 209652 182
241873 209652 182
241873 209652 182
241873 209652 182
241873 209652 182
241873 209652 182
294595 227019 182
294595 227019 182
294595 227019 182
294595 227019 182
294595 227019 182
294595 227019 182
294595 227019 182
294595 227019 182
294595 227019 182
294595 227019 182
294595 227019 182
294595 227019 182
294595 227019 182
227033 246054 183
227033 246054 183
227033 246054 183
227033 246054 183
227033 246054 183
227033 246054 183
227033 246054 183
227033 246054 183
227033 246054 183
227033 246054 183
227033 246054 183
227033 246054 183
227033 246054 183
245972 291455 183
245972 291455 183
245972 291455 183
245972 291455 183
245972 291455 183
245972 291455 183
245972 291455 183
245972 291455 183
245972 291455 183
245972 291455 183
245972 291455 183
245972 291455 183
252680 285121 184
252680 285121 184
252680 285121 184
252680 285121 184
252680 285121 184
252680 285121 184
252680 285121 184
252680 285121 184
252680 285121 184
252680 285121 184
252680 285121 184
252680 285121 184
252680 285121 184
242165 237493 184
242165 237493 184
242165 237493 184
242165 237493 184
242165 237493 184
242165 237493 184
242165 237493 184
242165 237493 184
242165 237493 184
242165 237493 184
242165 237493 184
242165 237493 184
242165 237493 184
232693 14923 186
232693 14923 186
232693 14923 186
232693 14923 186
232693 14923 186
232693 14923 186
232693 14923 186
232693 14923 186
232693 14923 186
232693 14923 186
232693 14923 186
232693 14923 186
232693 14923 186
236888 293139 187
236888 293139 187
236888 293139 187
236888 293139 187
236888 293139 187
236888 293139 187
236888 293139 187
236888 293139 187
236888 293139 187
236888 293139 187
236888 293139 187
236888 293139 187
236888 293139 187
290210 291733 188
290210 291733 188
290210 291733 188
290210 291733 188
290210 291733 188
290210 291733 188
290210 291733 188
290210 291733 188
290210 291733 188
290210 291733 188
290210 291733 188
290210 291733 188
252698 226974 188
252698 226974 188
252698 226974 188
252698 226974 188
252698 226974 188
252698 226974 188
252698 226974 188
252698 226974 188
252698 226974 188
252698 226974 188
252698 226974 188
252698 226974 188
252698 226974 188
284247 270401 191
284247 270401 191
284247 270401 191
284247 270401 191
284247 270401 191
284247 270401 191
284247 270401 191
284247 270401 191
284247 270401 191
284247 270401 191
284247 270401 191
284247 270401 191
237906 189432 192
237906 189432 192
237906 189432 192
237906 189432 192
237906 189432 192
237906 189432 192
237906 189432 192
237906 189432 192
237906 189432 192
237906 189432 192
237906 189432 192
237906 189432 192
237906 189432 192
11769 289559 192
11769 289559 192
11769 289559 192
11769 289559 192
11769 289559 192
11769 289559 192
11769 289559 192
11769 289559 192
11769 289559 192
11769 289559 192
11769 289559 192
11769 289559 192
285186 186763 192
285186 186763 192
285186 186763 192
285186 186763 192
285186 186763 192
285186 186763 192
285186 186763 192
285186 186763 192
285186 186763 192
285186 186763 192
285186 186763 192
285186 186763 192
285186 186763 192
288656 265591 193
288656 265591 193
288656 265591 193
288656 265591 193
288656 265591 193
288656 265591 193
288656 265591 193
288656 265591 193
288656 265591 193
288656 265591 193
288656 265591 193
288656 265591 193
288656 265591 193
190915 236478 194
190915 236478 194
190915 236478 194
190915 236478 194
190915 236478 194
190915 236478 194
190915 236478 194
190915 236478 194
190915 236478 194
190915 236478 194
190915 236478 194
190915 236478 194
250582 245933 194
250582 245933 194
250582 245933 194
250582 245933 194
250582 245933 194
250582 245933 194
250582 245933 194
250582 245933 194
250582 245933 194
250582 245933 194
250582 245933 194
250582 245933 194
286724 288639 194
286724 288639 194
286724 288639 194
286724 288639 194
286724 288639 194
286724 288639 194
286724 288639 194
286724 288639 194
286724 288639 194
286724 288639 194
286724 288639 194
286724 288639 194
285458 293664 194
285458 293664 194
285458 293664 194
285458 293664 194
285458 293664 194
285458 293664 194
285458 293664 194
285458 293664 194
285458 293664 194
285458 293664 194
285458 293664 194
285458 293664 194
199336 190992 196
199336 190992 196
199336 190992 196
199336 190992 196
199336 190992 196
199336 190992 196
199336 190992 196
199336 190992 196
199336 190992 196
199336 190992 196
199336 190992 196
199336 190992 196
204226 177273 196
204226 177273 196
204226 177273 196
204226 177273 196
204226 177273 196
204226 177273 196
204226 177273 196
204226 177273 196
204226 177273 196
204226 177273 196
204226 177273 196
204226 177273 196
204226 177273 196
199836 190992 196
199836 190992 196
199836 190992 196
199836 190992 196
199836 190992 196
199836 190992 196
199836 190992 196
199836 190992 196
199836 190992 196
199836 190992 196
199836 190992 196
199836 190992 196
242072 234692 198
242072 234692 198
242072 234692 198
242072 234692 198
242072 234692 198
242072 234692 198
242072 234692 198
242072 234692 198
242072 234692 198
242072 234692 198
242072 234692 198
242072 234692 198
177273 195501 198
177273 195501 198
177273 195501 198
177273 195501 198
177273 195501 198
177273 195501 198
177273 195501 198
177273 195501 198
177273 195501 198
177273 195501 198
177273 195501 198
177273 195501 198
208264 190992 202
208264 190992 202
208264 190992 202
208264 190992 202
208264 190992 202
208264 190992 202
208264 190992 202
208264 190992 202
208264 190992 202
208264 190992 202
208264 190992 202
208264 190992 202
208264 190992 202
190921 227071 203
190921 227071 203
190921 227071 203
190921 227071 203
190921 227071 203
190921 227071 203
190921 227071 203
190921 227071 203
190921 227071 203
190921 227071 203
190921 227071 203
190921 227071 203
242141 10995 205
242141 10995 205
242141 10995 205
242141 10995 205
242141 10995 205
242141 10995 205
242141 10995 205
242141 10995 205
242141 10995 205
242141 10995 205
242141 10995 205
242141 10995 205
231275 233322 208
231275 233322 208
231275 233322 208
231275 233322 208
231275 233322 208
231275 233322 208
231275 233322 208
231275 233322 208
231275 233322 208
231275 233322 208
231275 233322 208
231275 233322 208
11107 228107 209
11107 228107 209
11107 228107 209
11107 228107 209
11107 228107 209
11107 228107 209
11107 228107 209
11107 228107 209
11107 228107 209
11107 228107 209
11107 228107 209
11107 228107 209
235657 235974 210
235657 235974 210
235657 235974 210
235657 235974 210
235657 235974 210
235657 235974 210
235657 235974 210
235657 235974 210
235657 235974 210
235657 235974 210
235657 235974 210
235657 235974 210
235657 235974 210
201672 241444 213
201672 241444 213
201672 241444 213
201672 241444 213
201672 241444 213
201672 241444 213
201672 241444 213
201672 241444 213
201672 241444 213
201672 241444 213
201672 241444 213
201672 241444 213
201672 241444 213
201801 236083 214
201801 236083 214
201801 236083 214
201801 236083 214
201801 236083 214
201801 236083 214
201801 236083 214
201801 236083 214
201801 236083 214
201801 236083 214
201801 236083 214
201801 236083 214
201801 236083 214
296535 246082 214
296535 246082 214
296535 246082 214
296535 246082 214
296535 246082 214
296535 246082 214
296535 246082 214
296535 246082 214
296535 246082 214
296535 246082 214
296535 246082 214
296535 246082 214
296535 246082 214
296535 246082 214
296535 246082 214
296535 246082 214
296535 246082 214
296535 246082 214
296535 246082 214
296535 246082 214
296535 246082 214
296535 246082 214
296535 246082 214
296535 246082 214
296535 246082 214
296535 246082 214
204226 187716 215
204226 187716 215
204226 187716 215
204226 187716 215
204226 187716 215
204226 187716 215
204226 187716 215
204226 187716 215
204226 187716 215
204226 187716 215
204226 187716 215
204226 187716 215
204226 187716 215
231862 229511 215
231862 229511 215
231862 229511 215
231862 229511 215
231862 229511 215
231862 229511 215
231862 229511 215
231862 229511 215
231862 229511 215
231862 229511 215
231862 229511 215
231862 229511 215
231862 229511 215
292034 290121 215
292034 290121 215
292034 290121 215
292034 290121 215
292034 290121 215
292034 290121 215
292034 290121 215
292034 290121 215
292034 290121 215
292034 290121 215
292034 290121 215
292034 290121 215
225931 232074 215
225931 232074 215
225931 232074 215
225931 232074 215
225931 232074 215
225931 232074 215
225931 232074 215
225931 232074 215
225931 232074 215
225931 232074 215
225931 232074 215
225931 232074 215
225931 232074 215
293376 289528 215
293376 289528 215
293376 289528 215
293376 289528 215
293376 289528 215
293376 289528 215
293376 289528 215
293376 289528 215
293376 289528 215
293376 289528 215
293376 289528 215
293376 289528 215
246812 294550 218
246812 294550 218
246812 294550 218
246812 294550 218
246812 294550 218
246812 294550 218
246812 294550 218
246812 294550 218
246812 294550 218
246812 294550 218
246812 294550 218
246812 294550 218
246812 294550 218
193592 10596 218
193592 10596 218
193592 10596 218
193592 10596 218
193592 10596 218
193592 10596 218
193592 10596 218
193592 10596 218
193592 10596 218
193592 10596 218
193592 10596 218
193592 10596 218
193592 10596 218
226966 236923 218
226966 236923 218
226966 236923 218
226966 236923 218
226966 236923 218
226966 236923 218
226966 236923 218
226966 236923 218
226966 236923 218
226966 236923 218
226966 236923 218
226966 236923 218
243792 236400 218
243792 236400 218
243792 236400 218
243792 236400 218
243792 236400 218
243792 236400 218
243792 236400 218
243792 236400 218
243792 236400 218
243792 236400 218
243792 236400 218
243792 236400 218
243792 236400 218
285273 155156 219
285273 155156 219
285273 155156 219
285273 155156 219
285273 155156 219
285273 155156 219
285273 155156 219
285273 155156 219
285273 155156 219
285273 155156 219
285273 155156 219
285273 155156 219
285273 155156 219
289735 291426 219
289735 291426 219
289735 291426 219
289735 291426 219
289735 291426 219
289735 291426 219
289735 291426 219
289735 291426 219
289735 291426 219
289735 291426 219
289735 291426 219
289735 291426 219
227028 235673 220
227028 235673 220
227028 235673 220
227028 235673 220
227028 235673 220
227028 235673 220
227028 235673 220
227028 235673 220
227028 235673 220
227028 235673 220
227028 235673 220
227028 235673 220
227028 235673 220
246059 247007 220
246059 247007 220
246059 247007 220
246059 247007 220
246059 247007 220
246059 247007 220
246059 247007 220
246059 247007 220
246059 247007 220
246059 247007 220
246059 247007 220
246059 247007 220
246059 247007 220
235685 227076 224
235685 227076 224
235685 227076 224
235685 227076 224
235685 227076 224
235685 227076 224
235685 227076 224
235685 227076 224
235685 227076 224
235685 227076 224
235685 227076 224
235685 227076 224
291355 295112 224
291355 295112 224
291355 295112 224
291355 295112 224
291355 295112 224
291355 295112 224
291355 295112 224
291355 295112 224
291355 295112 224
291355 295112 224
291355 295112 224
291355 295112 224
291355 295112 224
183759 160250 224
183759 160250 224
183759 160250 224
183759 160250 224
183759 160250 224
183759 160250 224
183759 160250 224
183759 160250 224
183759 160250 224
183759 160250 224
183759 160250 224
183759 160250 224
240616 242378 225
240616 242378 225
240616 242378 225
240616 242378 225
240616 242378 225
240616 242378 225
240616 242378 225
240616 242378 225
240616 242378 225
240616 242378 225
240616 242378 225
240616 242378 225
237733 239271 225
237733 239271 225
237733 239271 225
237733 239271 225
237733 239271 225
237733 239271 225
237733 239271 225
237733 239271 225
237733 239271 225
237733 239271 225
237733 239271 225
237733 239271 225
193117 225931 226
193117 225931 226
193117 225931 226
193117 225931 226
193117 225931 226
193117 225931 226
193117 225931 226
193117 225931 226
193117 225931 226
193117 225931 226
193117 225931 226
193117 225931 226
193117 225931 226
195050 194427 226
195050 194427 226
195050 194427 226
195050 194427 226
195050 194427 226
195050 194427 226
195050 194427 226
195050 194427 226
195050 194427 226
195050 194427 226
195050 194427 226
195050 194427 226
195050 194427 226
11156 265409 227
11156 265409 227
11156 265409 227
11156 265409 227
11156 265409 227
11156 265409 227
11156 265409 227
11156 265409 227
11156 265409 227
11156 265409 227
11156 265409 227
11156 265409 227
186841 177943 227
186841 177943 227
186841 177943 227
186841 177943 227
186841 177943 227
186841 177943 227
186841 177943 227
186841 177943 227
186841 177943 227
186841 177943 227
186841 177943 227
186841 177943 227
237732 239271 227
237732 239271 227
237732 239271 227
237732 239271 227
237732 239271 227
237732 239271 227
237732 239271 227
237732 239271 227
237732 239271 227
237732 239271 227
237732 239271 227
237732 239271 227
9106 248403 228
9106 248403 228
9106 248403 228
9106 248403 228
9106 248403 228
9106 248403 228
9106 248403 228
9106 248403 228
9106 248403 228
9106 248403 228
9106 248403 228
9106 248403 228
9106 248403 228
151192 227828 230
151192 227828 230
151192 227828 230
151192 227828 230
151192 227828 230
151192 227828 230
151192 227828 230
151192 227828 230
151192 227828 230
151192 227828 230
151192 227828 230
151192 227828 230
159649 193135 230
159649 193135 230
159649 193135 230
159649 193135 230
159649 193135 230
159649 193135 230
159649 193135 230
159649 193135 230
159649 193135 230
159649 193135 230
159649 193135 230
159649 193135 230
159649 193135 230
227828 252031 237
227828 252031 237
227828 252031 237
227828 252031 237
227828 252031 237
227828 252031 237
227828 252031 237
227828 252031 237
227828 252031 237
227828 252031 237
227828 252031 237
227828 252031 237
227828 252031 237
174935 196506 237
174935 196506 237
174935 196506 237
174935 196506 237
174935 196506 237
174935 196506 237
174935 196506 237
174935 196506 237
174935 196506 237
174935 196506 237
174935 196506 237
174935 196506 237
288992 262497 238
288992 262497 238
288992 262497 238
288992 262497 238
288992 262497 238
288992 262497 238
288992 262497 238
288992 262497 238
288992 262497 238
288992 262497 238
288992 262497 238
288992 262497 238
288992 262497 238
283398 285274 239
283398 285274 239
283398 285274 239
283398 285274 239
283398 285274 239
283398 285274 239
283398 285274 239
283398 285274 239
283398 285274 239
283398 285274 239
283398 285274 239
283398 285274 239
283398 285274 239
196506 190797 240
196506 190797 240
196506 190797 240
196506 190797 240
196506 190797 240
196506 190797 240
196506 190797 240
196506 190797 240
196506 190797 240
196506 190797 240
196506 190797 240
196506 190797 240
238732 238630 241
238732 238630 241
238732 238630 241
238732 238630 241
238732 238630 241
238732 238630 241
238732 238630 241
238732 238630 241
238732 238630 241
238732 238630 241
238732 238630 241
238732 238630 241
285468 294268 241
285468 294268 241
285468 294268 241
285468 294268 241
285468 294268 241
285468 294268 241
285468 294268 241
285468 294268 241
285468 294268 241
285468 294268 241
285468 294268 241
285468 294268 241
285468 294268 241
291514 186847 244
291514 186847 244
291514 186847 244
291514 186847 244
291514 186847 244
291514 186847 244
291514 186847 244
291514 186847 244
291514 186847 244
291514 186847 244
291514 186847 244
291514 186847 244
291514 186847 244
293376 274609 245
293376 274609 245
293376 274609 245
293376 274609 245
293376 274609 245
293376 274609 245
293376 274609 245
293376 274609 245
293376 274609 245
293376 274609 245
293376 274609 245
293376 274609 245
237354 235657 247
237354 235657 247
237354 235657 247
237354 235657 247
237354 235657 247
237354 235657 247
237354 235657 247
237354 235657 247
237354 235657 247
237354 235657 247
237354 235657 247
237354 235657 247
243947 235950 247
243947 235950 247
243947 235950 247
243947 235950 247
243947 235950 247
243947 235950 247
243947 235950 247
243947 235950 247
243947 235950 247
243947 235950 247
243947 235950 247
243947 235950 247
243947 235950 247
199517 288638 248
199517 288638 248
199517 288638 248
199517 288638 248
199517 288638 248
199517 288638 248
199517 288638 248
199517 288638 248
199517 288638 248
199517 288638 248
199517 288638 248
199517 288638 248
199517 288638 248
232696 227033 250
232696 227033 250
232696 227033 250
232696 227033 250
232696 227033 250
232696 227033 250
232696 227033 250
232696 227033 250
232696 227033 250
232696 227033 250
232696 227033 250
232696 227033 250
237848 193636 251
237848 193636 251
237848 193636 251
237848 193636 251
237848 193636 251
237848 193636 251
237848 193636 251
237848 193636 251
237848 193636 251
237848 193636 251
237848 193636 251
237848 193636 251
237848 193636 251
230101 174718 254
230101 174718 254
230101 174718 254
230101 174718 254
230101 174718 254
230101 174718 254
230101 174718 254
230101 174718 254
230101 174718 254
230101 174718 254
230101 174718 254
230101 174718 254
230101 174718 254
237732 235657 255
237732 235657 255
237732 235657 255
237732 235657 255
237732 235657 255
237732 235657 255
237732 235657 255
237732 235657 255
237732 235657 255
237732 235657 255
237732 235657 255
237732 235657 255
237732 235657 255
285486 226966 256
285486 226966 256
285486 226966 256
285486 226966 256
285486 226966 256
285486 226966 256
285486 226966 256
285486 226966 256
285486 226966 256
285486 226966 256
285486 226966 256
285486 226966 256
285486 226966 256
226829 229855 256
226829 229855 256
226829 229855 256
226829 229855 256
226829 229855 256
226829 229855 256
226829 229855 256
226829 229855 256
226829 229855 256
226829 229855 256
226829 229855 256
226829 229855 256
226829 229855 256
155156 242213 259
155156 242213 259
155156 242213 259
155156 242213 259
155156 242213 259
155156 242213 259
155156 242213 259
155156 242213 259
155156 242213 259
155156 242213 259
155156 242213 259
155156 242213 259
14828 229773 259
14828 229773 259
14828 229773 259
14828 229773 259
14828 229773 259
14828 229773 259
14828 229773 259
14828 229773 259
14828 229773 259
14828 229773 259
14828 229773 259
14828 229773 259
14828 229773 259
291226 151474 260
291226 151474 260
291226 151474 260
291226 151474 260
291226 151474 260
291226 151474 260
291226 151474 260
291226 151474 260
291226 151474 260
291226 151474 260
291226 151474 260
291226 151474 260
291226 151474 260
240953 242491 261
240953 242491 261
240953 242491 261
240953 242491 261
240953 242491 261
240953 242491 261
240953 242491 261
240953 242491 261
240953 242491 261
240953 242491 261
240953 242491 261
240953 242491 261
191015 193235 262
191015 193235 262
191015 193235 262
191015 193235 262
191015 193235 262
191015 193235 262
191015 193235 262
191015 193235 262
191015 193235 262
191015 193235 262
191015 193235 262
191015 193235 262
285335 245985 264
285335 245985 264
285335 245985 264
285335 245985 264
285335 245985 264
285335 245985 264
285335 245985 264
285335 245985 264
285335 245985 264
285335 245985 264
285335 245985 264
285335 245985 264
285335 245985 264
228174 238722 267
228174 238722 267
228174 238722 267
228174 238722 267
228174 238722 267
228174 238722 267
228174 238722 267
228174 238722 267
228174 238722 267
228174 238722 267
228174 238722 267
228174 238722 267
228174 238722 267
232713 227720 267
232713 227720 267
232713 227720 267
232713 227720 267
232713 227720 267
232713 227720 267
232713 227720 267
232713 227720 267
232713 227720 267
232713 227720 267
232713 227720 267
232713 227720 267
232713 227720 267
3390 188454 268
3390 188454 268
3390 188454 268
3390 188454 268
3390 188454 268
3390 188454 268
3390 188454 268
3390 188454 268
3390 188454 268
3390 188454 268
3390 188454 268
3390 188454 268
3390 188454 268
238156 235974 269
238156 235974 269
238156 235974 269
238156 235974 269
238156 235974 269
238156 235974 269
238156 235974 269
238156 235974 269
238156 235974 269
238156 235974 269
238156 235974 269
238156 235974 269
238722 237090 270
238722 237090 270
238722 237090 270
238722 237090 270
238722 237090 270
238722 237090 270
238722 237090 270
238722 237090 270
238722 237090 270
238722 237090 270
238722 237090 270
238722 237090 270
238722 237090 270
227093 151583 274
227093 151583 274
227093 151583 274
227093 151583 274
227093 151583 274
227093 151583 274
227093 151583 274
227093 151583 274
227093 151583 274
227093 151583 274
227093 151583 274
227093 151583 274
227093 151583 274
204228 187576 275
204228 187576 275
204228 187576 275
204228 187576 275
204228 187576 275
204228 187576 275
204228 187576 275
204228 187576 275
204228 187576 275
204228 187576 275
204228 187576 275
204228 187576 275
204228 187576 275
238630 228058 278
238630 228058 278
238630 228058 278
238630 228058 278
238630 228058 278
238630 228058 278
238630 228058 278
238630 228058 278
238630 228058 278
238630 228058 278
238630 228058 278
238630 228058 278
245900 282552 279
245900 282552 279
245900 282552 279
245900 282552 279
245900 282552 279
245900 282552 279
245900 282552 279
245900 282552 279
245900 282552 279
245900 282552 279
245900 282552 279
245900 282552 279
245900 282552 279
235998 228014 281
235998 228014 281
235998 228014 281
235998 228014 281
235998 228014 281
235998 228014 281
235998 228014 281
235998 228014 281
235998 228014 281
235998 228014 281
235998 228014 281
235998 228014 281
235998 228014 281
290211 250595 282
290211 250595 282
290211 250595 282
290211 250595 282
290211 250595 282
290211 250595 282
290211 250595 282
290211 250595 282
290211 250595 282
290211 250595 282
290211 250595 282
290211 250595 282
226971 228142 282
226971 228142 282
226971 228142 282
226971 228142 282
226971 228142 282
226971 228142 282
226971 228142 282
226971 228142 282
226971 228142 282
226971 228142 282
226971 228142 282
226971 228142 282
226971 228142 282
265841 286717 285
265841 286717 285
265841 286717 285
265841 286717 285
265841 286717 285
265841 286717 285
265841 286717 285
265841 286717 285
265841 286717 285
265841 286717 285
265841 286717 285
265841 286717 285
236836 235966 286
236836 235966 286
236836 235966 286
236836 235966 286
236836 235966 286
236836 235966 286
236836 235966 286
236836 235966 286
236836 235966 286
236836 235966 286
236836 235966 286
236836 235966 286
236836 235966 286
228014 235133 287
228014 235133 287
228014 235133 287
228014 235133 287
228014 235133 287
228014 235133 287
228014 235133 287
228014 235133 287
228014 235133 287
228014 235133 287
228014 235133 287
228014 235133 287
228014 235133 287
11835 267804 290
11835 267804 290
11835 267804 290
11835 267804 290
11835 267804 290
11835 267804 290
11835 267804 290
11835 267804 290
11835 267804 290
11835 267804 290
11835 267804 290
11835 267804 290
235133 239755 290
235133 239755 290
235133 239755 290
235133 239755 290
235133 239755 290
235133 239755 290
235133 239755 290
235133 239755 290
235133 239755 290
235133 239755 290
235133 239755 290
235133 239755 290
235133 239755 290
285186 250579 291
285186 250579 291
285186 250579 291
285186 250579 291
285186 250579 291
285186 250579 291
285186 250579 291
285186 250579 291
285186 250579 291
285186 250579 291
285186 250579 291
285186 250579 291
232707 229829 291
232707 229829 291
232707 229829 291
232707 229829 291
232707 229829 291
232707 229829 291
232707 229829 291
232707 229829 291
232707 229829 291
232707 229829 291
232707 229829 291
232707 229829 291
232707 229829 291
247062 245952 291
247062 245952 291
247062 245952 291
247062 245952 291
247062 245952 291
247062 245952 291
247062 245952 291
247062 245952 291
247062 245952 291
247062 245952 291
247062 245952 291
247062 245952 291
153037 196008 294
153037 196008 294
153037 196008 294
153037 196008 294
153037 196008 294
153037 196008 294
153037 196008 294
153037 196008 294
153037 196008 294
153037 196008 294
153037 196008 294
153037 196008 294
153037 196008 294
250684 290121 295
250684 290121 295
250684 290121 295
250684 290121 295
250684 290121 295
250684 290121 295
250684 290121 295
250684 290121 295
250684 290121 295
250684 290121 295
250684 290121 295
250684 290121 295
226380 246072 295
226380 246072 295
226380 246072 295
226380 246072 295
226380 246072 295
226380 246072 295
226380 246072 295
226380 246072 295
226380 246072 295
226380 246072 295
226380 246072 295
226380 246072 295
235974 235995 296
235974 235995 296
235974 235995 296
235974 235995 296
235974 235995 296
235974 235995 296
235974 235995 296
235974 235995 296
235974 235995 296
235974 235995 296
235974 235995 296
235974 235995 296
235974 235995 296
285281 288992 297
285281 288992 297
285281 288992 297
285281 288992 297
285281 288992 297
285281 288992 297
285281 288992 297
285281 288992 297
285281 288992 297
285281 288992 297
285281 288992 297
285281 288992 297
283967 283089 301
283967 283089 301
283967 283089 301
283967 283089 301
283967 283089 301
283967 283089 301
283967 283089 301
283967 283089 301
283967 283089 301
283967 283089 301
283967 283089 301
283967 283089 301
274607 294593 302
274607 294593 302
274607 294593 302
274607 294593 302
274607 294593 302
274607 294593 302
274607 294593 302
274607 294593 302
274607 294593 302
274607 294593 302
274607 294593 302
274607 294593 302
274607 294593 302
227827 225739 309
227827 225739 309
227827 225739 309
227827 225739 309
227827 225739 309
227827 225739 309
227827 225739 309
227827 225739 309
227827 225739 309
227827 225739 309
227827 225739 309
227827 225739 309
227827 225739 309
232694 236661 314
232694 236661 314
232694 236661 314
232694 236661 314
232694 236661 314
232694 236661 314
232694 236661 314
232694 236661 314
232694 236661 314
232694 236661 314
232694 236661 314
232694 236661 314
243622 237848 318
243622 237848 318
243622 237848 318
243622 237848 318
243622 237848 318
243622 237848 318
243622 237848 318
243622 237848 318
243622 237848 318
243622 237848 318
243622 237848 318
243622 237848 318
246993 291996 332
246993 291996 332
246993 291996 332
246993 291996 332
246993 291996 332
246993 291996 332
246993 291996 332
246993 291996 332
246993 291996 332
246993 291996 332
246993 291996 332
246993 291996 332
246993 291996 332
228034 235790 334
228034 235790 334
228034 235790 334
228034 235790 334
228034 235790 334
228034 235790 334
228034 235790 334
228034 235790 334
228034 235790 334
228034 235790 334
228034 235790 334
228034 235790 334
228034 235790 334
291426 246072 334
291426 246072 334
291426 246072 334
291426 246072 334
291426 246072 334
291426 246072 334
291426 246072 334
291426 246072 334
291426 246072 334
291426 246072 334
291426 246072 334
291426 246072 334
291426 246072 334
282551 289620 344
282551 289620 344
282551 289620 344
282551 289620 344
282551 289620 344
282551 289620 344
282551 289620 344
282551 289620 344
282551 289620 344
282551 289620 344
282551 289620 344
282551 289620 344
286432 265960 361
286432 265960 361
286432 265960 361
286432 265960 361
286432 265960 361
286432 265960 361
286432 265960 361
286432 265960 361
286432 265960 361
286432 265960 361
286432 265960 361
286432 265960 361
286432 265960 361
293178 293376 375
293178 293376 375
293178 293376 375
293178 293376 375
293178 293376 375
293178 293376 375
293178 293376 375
293178 293376 375
293178 293376 375
293178 293376 375
293178 293376 375
293178 293376 375
293178 293376 375
183755 14781 375
183755 14781 375
183755 14781 375
183755 14781 375
183755 14781 375
183755 14781 375
183755 14781 375
183755 14781 375
183755 14781 375
183755 14781 375
183755 14781 375
183755 14781 375
183755 14781 375
291514 285500 375
291514 285500 375
291514 285500 375
291514 285500 375
291514 285500 375
291514 285500 375
291514 285500 375
291514 285500 375
291514 285500 375
291514 285500 375
291514 285500 375
291514 285500 375
291514 285500 375
183755 14781 375
183755 14781 375
183755 14781 375
183755 14781 375
183755 14781 375
183755 14781 375
183755 14781 375
183755 14781 375
183755 14781 375
183755 14781 375
183755 14781 375
183755 14781 375
183755 14781 375
227828 245985 378
227828 245985 378
227828 245985 378
227828 245985 378
227828 245985 378
227828 245985 378
227828 245985 378
227828 245985 378
227828 245985 378
227828 245985 378
227828 245985 378
227828 245985 378
227828 245985 378
183755 14781 383
183755 14781 383
183755 14781 383
183755 14781 383
183755 14781 383
183755 14781 383
183755 14781 383
183755 14781 383
183755 14781 383
183755 14781 383
183755 14781 383
183755 14781 383
183755 14781 383
183755 14781 383
183755 14781 383
183755 14781 383
183755 14781 383
183755 14781 383
183755 14781 383
183755 14781 383
183755 14781 383
183755 14781 383
183755 14781 383
183755 14781 383
183755 14781 383
183755 14781 383
236857 284208 391
236857 284208 391
236857 284208 391
236857 284208 391
236857 284208 391
236857 284208 391
236857 284208 391
236857 284208 391
236857 284208 391
236857 284208 391
236857 284208 391
236857 284208 391
294593 294570 393
294593 294570 393
294593 294570 393
294593 294570 393
294593 294570 393
294593 294570 393
294593 294570 393
294593 294570 393
294593 294570 393
294593 294570 393
294593 294570 393
294593 294570 393
294593 294570 393
250607 284212 404
250607 284212 404
250607 284212 404
250607 284212 404
250607 284212 404
250607 284212 404
250607 284212 404
250607 284212 404
250607 284212 404
250607 284212 404
250607 284212 404
250607 284212 404
250607 284212 404
236470 226394 426
236470 226394 426
236470 226394 426
236470 226394 426
236470 226394 426
236470 226394 426
236470 226394 426
236470 226394 426
236470 226394 426
236470 226394 426
236470 226394 426
236470 226394 426
236470 226394 426
230101 14848 432
230101 14848 432
230101 14848 432
230101 14848 432
230101 14848 432
230101 14848 432
230101 14848 432
230101 14848 432
230101 14848 432
230101 14848 432
230101 14848 432
230101 14848 432
250690 293324 432
250690 293324 432
250690 293324 432
250690 293324 432
250690 293324 432
250690 293324 432
250690 293324 432
250690 293324 432
250690 293324 432
250690 293324 432
250690 293324 432
250690 293324 432
250690 293324 432
249359 227093 435
249359 227093 435
249359 227093 435
249359 227093 435
249359 227093 435
249359 227093 435
249359 227093 435
249359 227093 435
249359 227093 435
249359 227093 435
249359 227093 435
249359 227093 435
249359 227093 435
228134 293378 440
228134 293378 440
228134 293378 440
228134 293378 440
228134 293378 440
228134 293378 440
228134 293378 440
228134 293378 440
228134 293378 440
228134 293378 440
228134 293378 440
228134 293378 440
228134 293378 440
231864 236889 441
231864 236889 441
231864 236889 441
231864 236889 441
231864 236889 441
231864 236889 441
231864 236889 441
231864 236889 441
231864 236889 441
231864 236889 441
231864 236889 441
231864 236889 441
239239 270089 452
239239 270089 452
239239 270089 452
239239 270089 452
239239 270089 452
239239 270089 452
239239 270089 452
239239 270089 452
239239 270089 452
239239 270089 452
239239 270089 452
239239 270089 452
239239 270089 452
246086 268850 463
246086 268850 463
246086 268850 463
246086 268850 463
246086 268850 463
246086 268850 463
246086 268850 463
246086 268850 463
246086 268850 463
246086 268850 463
246086 268850 463
246086 268850 463
246086 268850 463
232713 236898 466
232713 236898 466
232713 236898 466
232713 236898 466
232713 236898 466
232713 236898 466
232713 236898 466
232713 236898 466
232713 236898 466
232713 236898 466
232713 236898 466
232713 236898 466
232713 236898 466
236898 151137 468
236898 151137 468
236898 151137 468
236898 151137 468
236898 151137 468
236898 151137 468
236898 151137 468
236898 151137 468
236898 151137 468
236898 151137 468
236898 151137 468
236898 151137 468
236898 151137 468
236554 228445 470
236554 228445 470
236554 228445 470
236554 228445 470
236554 228445 470
236554 228445 470
236554 228445 470
236554 228445 470
236554 228445 470
236554 228445 470
236554 228445 470
236554 228445 470
11540 3390 471
11540 3390 471
11540 3390 471
11540 3390 471
11540 3390 471
11540 3390 471
11540 3390 471
11540 3390 471
11540 3390 471
11540 3390 471
11540 3390 471
11540 3390 471
11540 3390 471
235130 227037 477
235130 227037 477
235130 227037 477
235130 227037 477
235130 227037 477
235130 227037 477
235130 227037 477
235130 227037 477
235130 227037 477
235130 227037 477
235130 227037 477
235130 227037 477
230081 295184 481
230081 295184 481
230081 295184 481
230081 295184 481
230081 295184 481
230081 295184 481
230081 295184 481
230081 295184 481
230081 295184 481
230081 295184 481
230081 295184 481
230081 295184 481
191022 175969 482
191022 175969 482
191022 175969 482
191022 175969 482
191022 175969 482
191022 175969 482
191022 175969 482
191022 175969 482
191022 175969 482
191022 175969 482
191022 175969 482
191022 175969 482
9117 295364 490
9117 295364 490
9117 295364 490
9117 295364 490
9117 295364 490
9117 295364 490
9117 295364 490
9117 295364 490
9117 295364 490
9117 295364 490
9117 295364 490
9117 295364 490
239179 246154 491
239179 246154 491
239179 246154 491
239179 246154 491
239179 246154 491
239179 246154 491
239179 246154 491
239179 246154 491
239179 246154 491
239179 246154 491
239179 246154 491
239179 246154 491
239179 246154 491
246114 285476 491
246114 285476 491
246114 285476 491
246114 285476 491
246114 285476 491
246114 285476 491
246114 285476 491
246114 285476 491
246114 285476 491
246114 285476 491
246114 285476 491
246114 285476 491
246114 285476 491
228107 235685 492
228107 235685 492
228107 235685 492
228107 235685 492
228107 235685 492
228107 235685 492
228107 235685 492
228107 235685 492
228107 235685 492
228107 235685 492
228107 235685 492
228107 235685 492
228107 235685 492
289042 291455 492
289042 291455 492
289042 291455 492
289042 291455 492
289042 291455 492
289042 291455 492
289042 291455 492
289042 291455 492
289042 291455 492
289042 291455 492
289042 291455 492
289042 291455 492
291665 285187 492
291665 285187 492
291665 285187 492
291665 285187 492
291665 285187 492
291665 285187 492
291665 285187 492
291665 285187 492
291665 285187 492
291665 285187 492
291665 285187 492
291665 285187 492
209656 10447 493
209656 10447 493
209656 10447 493
209656 10447 493
209656 10447 493
209656 10447 493
209656 10447 493
209656 10447 493
209656 10447 493
209656 10447 493
209656 10447 493
209656 10447 493
209656 10447 493
282516 186765 495
282516 186765 495
282516 186765 495
282516 186765 495
282516 186765 495
282516 186765 495
282516 186765 495
282516 186765 495
282516 186765 495
282516 186765 495
282516 186765 495
282516 186765 495
282516 186765 495
245993 285187 496
245993 285187 496
245993 285187 496
245993 285187 496
245993 285187 496
245993 285187 496
245993 285187 496
245993 285187 496
245993 285187 496
245993 285187 496
245993 285187 496
245993 285187 496
251999 293925 496
251999 293925 496
251999 293925 496
251999 293925 496
251999 293925 496
251999 293925 496
251999 293925 496
251999 293925 496
251999 293925 496
251999 293925 496
251999 293925 496
251999 293925 496
251999 293925 496
228013 227732 501
228013 227732 501
228013 227732 501
228013 227732 501
228013 227732 501
228013 227732 501
228013 227732 501
228013 227732 501
228013 227732 501
228013 227732 501
228013 227732 501
228013 227732 501
228013 227732 501
236889 239832 502
236889 239832 502
236889 239832 502
236889 239832 502
236889 239832 502
236889 239832 502
236889 239832 502
236889 239832 502
236889 239832 502
236889 239832 502
236889 239832 502
236889 239832 502
160250 184416 504
160250 184416 504
160250 184416 504
160250 184416 504
160250 184416 504
160250 184416 504
160250 184416 504
160250 184416 504
160250 184416 504
160250 184416 504
160250 184416 504
160250 184416 504
160250 184416 504
196158 202615 505
196158 202615 505
196158 202615 505
196158 202615 505
196158 202615 505
196158 202615 505
196158 202615 505
196158 202615 505
196158 202615 505
196158 202615 505
196158 202615 505
196158 202615 505
190969 235974 506
190969 235974 506
190969 235974 506
190969 235974 506
190969 235974 506
190969 235974 506
190969 235974 506
190969 235974 506
190969 235974 506
190969 235974 506
190969 235974 506
190969 235974 506
190969 235974 506
245900 274406 508
245900 274406 508
245900 274406 508
245900 274406 508
245900 274406 508
245900 274406 508
245900 274406 508
245900 274406 508
245900 274406 508
245900 274406 508
245900 274406 508
245900 274406 508
245900 274406 508
225957 239823 509
225957 239823 509
225957 239823 509
225957 239823 509
225957 239823 509
225957 239823 509
225957 239823 509
225957 239823 509
225957 239823 509
225957 239823 509
225957 239823 509
225957 239823 509
206267 187711 513
206267 187711 513
206267 187711 513
206267 187711 513
206267 187711 513
206267 187711 513
206267 187711 513
206267 187711 513
206267 187711 513
206267 187711 513
206267 187711 513
206267 187711 513
206267 187711 513
246999 228107 518
246999 228107 518
246999 228107 518
246999 228107 518
246999 228107 518
246999 228107 518
246999 228107 518
246999 228107 518
246999 228107 518
246999 228107 518
246999 228107 518
246999 228107 518
234693 231519 519
234693 231519 519
234693 231519 519
234693 231519 519
234693 231519 519
234693 231519 519
234693 231519 519
234693 231519 519
234693 231519 519
234693 231519 519
234693 231519 519
234693 231519 519
234693 231519 519
190880 196008 519
190880 196008 519
190880 196008 519
190880 196008 519
190880 196008 519
190880 196008 519
190880 196008 519
190880 196008 519
190880 196008 519
190880 196008 519
190880 196008 519
190880 196008 519
190880 196008 519
14780 203005 520
14780 203005 520
14780 203005 520
14780 203005 520
14780 203005 520
14780 203005 520
14780 203005 520
14780 203005 520
14780 203005 520
14780 203005 520
14780 203005 520
14780 203005 520
293675 186863 523
293675 186863 523
293675 186863 523
293675 186863 523
293675 186863 523
293675 186863 523
293675 186863 523
293675 186863 523
293675 186863 523
293675 186863 523
293675 186863 523
293675 186863 523
293675 186863 523
210476 11037 526
210476 11037 526
210476 11037 526
210476 11037 526
210476 11037 526
210476 11037 526
210476 11037 526
210476 11037 526
210476 11037 526
210476 11037 526
210476 11037 526
210476 11037 526
237873 190370 526
237873 190370 526
237873 190370 526
237873 190370 526
237873 190370 526
237873 190370 526
237873 190370 526
237873 190370 526
237873 190370 526
237873 190370 526
237873 190370 526
237873 190370 526
237873 190370 526
225646 191589 529
225646 191589 529
225646 191589 529
225646 191589 529
225646 191589 529
225646 191589 529
225646 191589 529
225646 191589 529
225646 191589 529
225646 191589 529
225646 191589 529
225646 191589 529
225646 191589 529
186763 219545 529
186763 219545 529
186763 219545 529
186763 219545 529
186763 219545 529
186763 219545 529
186763 219545 529
186763 219545 529
186763 219545 529
186763 219545 529
186763 219545 529
186763 219545 529
236171 237660 530
236171 237660 530
236171 237660 530
236171 237660 530
236171 237660 530
236171 237660 530
236171 237660 530
236171 237660 530
236171 237660 530
236171 237660 530
236171 237660 530
236171 237660 530
199531 152814 530
199531 152814 530
199531 152814 530
199531 152814 530
199531 152814 530
199531 152814 530
199531 152814 530
199531 152814 530
199531 152814 530
199531 152814 530
199531 152814 530
199531 152814 530
295184 295081 530
295184 295081 530
295184 295081 530
295184 295081 530
295184 295081 530
295184 295081 530
295184 295081 530
295184 295081 530
295184 295081 530
295184 295081 530
295184 295081 530
295184 295081 530
295184 295081 530
175903 188448 531
175903 188448 531
175903 188448 531
175903 188448 531
175903 188448 531
175903 188448 531
175903 188448 531
175903 188448 531
175903 188448 531
175903 188448 531
175903 188448 531
175903 188448 531
227547 232372 531
227547 232372 531
227547 232372 531
227547 232372 531
227547 232372 531
227547 232372 531
227547 232372 531
227547 232372 531
227547 232372 531
227547 232372 531
227547 232372 531
227547 232372 531
187554 170576 531
187554 170576 531
187554 170576 531
187554 170576 531
187554 170576 531
187554 170576 531
187554 170576 531
187554 170576 531
187554 170576 531
187554 170576 531
187554 170576 531
187554 170576 531
187554 170576 531
228013 237848 533
228013 237848 533
228013 237848 533
228013 237848 533
228013 237848 533
228013 237848 533
228013 237848 533
228013 237848 533
228013 237848 533
228013 237848 533
228013 237848 533
228013 237848 533
265307 227049 533
265307 227049 533
265307 227049 533
265307 227049 533
265307 227049 533
265307 227049 533
265307 227049 533
265307 227049 533
265307 227049 533
265307 227049 533
265307 227049 533
265307 227049 533
265307 227049 533
246087 150224 533
246087 150224 533
246087 150224 533
246087 150224 533
246087 150224 533
246087 150224 533
246087 150224 533
246087 150224 533
246087 150224 533
246087 150224 533
246087 150224 533
246087 150224 533
243765 246066 534
243765 246066 534
243765 246066 534
243765 246066 534
243765 246066 534
243765 246066 534
243765 246066 534
243765 246066 534
243765 246066 534
243765 246066 534
243765 246066 534
243765 246066 534
243706 235098 536
243706 235098 536
243706 235098 536
243706 235098 536
243706 235098 536
243706 235098 536
243706 235098 536
243706 235098 536
243706 235098 536
243706 235098 536
243706 235098 536
243706 235098 536
243706 235098 536
250595 247024 537
250595 247024 537
250595 247024 537
250595 247024 537
250595 247024 537
250595 247024 537
250595 247024 537
250595 247024 537
250595 247024 537
250595 247024 537
250595 247024 537
250595 247024 537
250595 247024 537
150511 265637 537
150511 265637 537
150511 265637 537
150511 265637 537
150511 265637 537
150511 265637 537
150511 265637 537
150511 265637 537
150511 265637 537
150511 265637 537
150511 265637 537
150511 265637 537
150511 265637 537
289524 4727 539
289524 4727 539
289524 4727 539
289524 4727 539
289524 4727 539
289524 4727 539
289524 4727 539
289524 4727 539
289524 4727 539
289524 4727 539
289524 4727 539
289524 4727 539
237844 232030 539
237844 232030 539
237844 232030 539
237844 232030 539
237844 232030 539
237844 232030 539
237844 232030 539
237844 232030 539
237844 232030 539
237844 232030 539
237844 232030 539
237844 232030 539
237844 232030 539
231225 237848 542
231225 237848 542
231225 237848 542
231225 237848 542
231225 237848 542
231225 237848 542
231225 237848 542
231225 237848 542
231225 237848 542
231225 237848 542
231225 237848 542
231225 237848 542
231225 237848 542
228406 227029 545
228406 227029 545
228406 227029 545
228406 227029 545
228406 227029 545
228406 227029 545
228406 227029 545
228406 227029 545
228406 227029 545
228406 227029 545
228406 227029 545
228406 227029 545
226833 293376 547
226833 293376 547
226833 293376 547
226833 293376 547
226833 293376 547
226833 293376 547
226833 293376 547
226833 293376 547
226833 293376 547
226833 293376 547
226833 293376 547
226833 293376 547
226833 293376 547
190813 173799 549
190813 173799 549
190813 173799 549
190813 173799 549
190813 173799 549
190813 173799 549
190813 173799 549
190813 173799 549
190813 173799 549
190813 173799 549
190813 173799 549
190813 173799 549
190813 173799 549
236888 246116 550
236888 246116 550
236888 246116 550
236888 246116 550
236888 246116 550
236888 246116 550
236888 246116 550
236888 246116 550
236888 246116 550
236888 246116 550
236888 246116 550
236888 246116 550
236888 246116 550
235868 263655 552
235868 263655 552
235868 263655 552
235868 263655 552
235868 263655 552
235868 263655 552
235868 263655 552
235868 263655 552
235868 263655 552
235868 263655 552
235868 263655 552
235868 263655 552
263655 250634 554
263655 250634 554
263655 250634 554
263655 250634 554
263655 250634 554
263655 250634 554
263655 250634 554
263655 250634 554
263655 250634 554
263655 250634 554
263655 250634 554
263655 250634 554
263655 250634 554
198562 204226 556
198562 204226 556
198562 204226 556
198562 204226 556
198562 204226 556
198562 204226 556
198562 204226 556
198562 204226 556
198562 204226 556
198562 204226 556
198562 204226 556
198562 204226 556
228471 227532 557
228471 227532 557
228471 227532 557
228471 227532 557
228471 227532 557
228471 227532 557
228471 227532 557
228471 227532 557
228471 227532 557
228471 227532 557
228471 227532 557
228471 227532 557
227073 14923 559
227073 14923 559
227073 14923 559
227073 14923 559
227073 14923 559
227073 14923 559
227073 14923 559
227073 14923 559
227073 14923 559
227073 14923 559
227073 14923 559
227073 14923 559
227073 14923 559
284632 11777 560
284632 11777 560
284632 11777 560
284632 11777 560
284632 11777 560
284632 11777 560
284632 11777 560
284632 11777 560
284632 11777 560
284632 11777 560
284632 11777 560
284632 11777 560
193096 187715 561
193096 187715 561
193096 187715 561
193096 187715 561
193096 187715 561
193096 187715 561
193096 187715 561
193096 187715 561
193096 187715 561
193096 187715 561
193096 187715 561
193096 187715 561
193096 187715 561
228543 235860 562
228543 235860 562
228543 235860 562
228543 235860 562
228543 235860 562
228543 235860 562
228543 235860 562
228543 235860 562
228543 235860 562
228543 235860 562
228543 235860 562
228543 235860 562
190380 159653 563
190380 159653 563
190380 159653 563
190380 159653 563
190380 159653 563
190380 159653 563
190380 159653 563
190380 159653 563
190380 159653 563
190380 159653 563
190380 159653 563
190380 159653 563
195019 193102 565
195019 193102 565
195019 193102 565
195019 193102 565
195019 193102 565
195019 193102 565
195019 193102 565
195019 193102 565
195019 193102 565
195019 193102 565
195019 193102 565
195019 193102 565
195019 193102 565
233584 265841 566
233584 265841 566
233584 265841 566
233584 265841 566
233584 265841 566
233584 265841 566
233584 265841 566
233584 265841 566
233584 265841 566
233584 265841 566
233584 265841 566
233584 265841 566
233584 265841 566
245978 219562 567
245978 219562 567
245978 219562 567
245978 219562 567
245978 219562 567
245978 219562 567
245978 219562 567
245978 219562 567
245978 219562 567
245978 219562 567
245978 219562 567
245978 219562 567
227689 242337 567
227689 242337 567
227689 242337 567
227689 242337 567
227689 242337 567
227689 242337 567
227689 242337 567
227689 242337 567
227689 242337 567
227689 242337 567
227689 242337 567
227689 242337 567
235935 241874 569
235935 241874 569
235935 241874 569
235935 241874 569
235935 241874 569
235935 241874 569
235935 241874 569
235935 241874 569
235935 241874 569
235935 241874 569
235935 241874 569
235935 241874 569
272546 150253 571
272546 150253 571
272546 150253 571
272546 150253 571
272546 150253 571
272546 150253 571
272546 150253 571
272546 150253 571
272546 150253 571
272546 150253 571
272546 150253 571
272546 150253 571
265307 286446 572
265307 286446 572
265307 286446 572
265307 286446 572
265307 286446 572
265307 286446 572
265307 286446 572
265307 286446 572
265307 286446 572
265307 286446 572
265307 286446 572
265307 286446 572
246066 228107 572
246066 228107 572
246066 228107 572
246066 228107 572
246066 228107 572
246066 228107 572
246066 228107 572
246066 228107 572
246066 228107 572
246066 228107 572
246066 228107 572
246066 228107 572
289056 285187 573
289056 285187 573
289056 285187 573
289056 285187 573
289056 285187 573
289056 285187 573
289056 285187 573
289056 285187 573
289056 285187 573
289056 285187 573
289056 285187 573
289056 285187 573
250622 250704 574
250622 250704 574
250622 250704 574
250622 250704 574
250622 250704 574
250622 250704 574
250622 250704 574
250622 250704 574
250622 250704 574
250622 250704 574
250622 250704 574
250622 250704 574
250622 250704 574
245937 246077 574
245937 246077 574
245937 246077 574
245937 246077 574
245937 246077 574
245937 246077 574
245937 246077 574
245937 246077 574
245937 246077 574
245937 246077 574
245937 246077 574
245937 246077 574
191022 124698 575
191022 124698 575
191022 124698 575
191022 124698 575
191022 124698 575
191022 124698 575
191022 124698 575
191022 124698 575
191022 124698 575
191022 124698 575
191022 124698 575
191022 124698 575
191022 124698 575
243556 233322 575
243556 233322 575
243556 233322 575
243556 233322 575
243556 233322 575
243556 233322 575
243556 233322 575
243556 233322 575
243556 233322 575
243556 233322 575
243556 233322 575
243556 233322 575
284631 294268 576
284631 294268 576
284631 294268 576
284631 294268 576
284631 294268 576
284631 294268 576
284631 294268 576
284631 294268 576
284631 294268 576
284631 294268 576
284631 294268 576
284631 294268 576
226967 246119 580
226967 246119 580
226967 246119 580
226967 246119 580
226967 246119 580
226967 246119 580
226967 246119 580
226967 246119 580
226967 246119 580
226967 246119 580
226967 246119 580
226967 246119 580
190920 235942 580
190920 235942 580
190920 235942 580
190920 235942 580
190920 235942 580
190920 235942 580
190920 235942 580
190920 235942 580
190920 235942 580
190920 235942 580
190920 235942 580
190920 235942 580
196008 239252 580
196008 239252 580
196008 239252 580
196008 239252 580
196008 239252 580
196008 239252 580
196008 239252 580
196008 239252 580
196008 239252 580
196008 239252 580
196008 239252 580
196008 239252 580
227098 252019 580
227098 252019 580
227098 252019 580
227098 252019 580
227098 252019 580
227098 252019 580
227098 252019 580
227098 252019 580
227098 252019 580
227098 252019 580
227098 252019 580
227098 252019 580
227098 252019 580
236924 285272 580
236924 285272 580
236924 285272 580
236924 285272 580
236924 285272 580
236924 285272 580
236924 285272 580
236924 285272 580
236924 285272 580
236924 285272 580
236924 285272 580
236924 285272 580
246017 252665 581
246017 252665 581
246017 252665 581
246017 252665 581
246017 252665 581
246017 252665 581
246017 252665 581
246017 252665 581
246017 252665 581
246017 252665 581
246017 252665 581
246017 252665 581
246017 252665 581
245993 288560 581
245993 288560 581
245993 288560 581
245993 288560 581
245993 288560 581
245993 288560 581
245993 288560 581
245993 288560 581
245993 288560 581
245993 288560 581
245993 288560 581
245993 288560 581
245993 288560 581
236897 227256 582
236897 227256 582
236897 227256 582
236897 227256 582
236897 227256 582
236897 227256 582
236897 227256 582
236897 227256 582
236897 227256 582
236897 227256 582
236897 227256 582
236897 227256 582
285374 245983 584
285374 245983 584
285374 245983 584
285374 245983 584
285374 245983 584
285374 245983 584
285374 245983 584
285374 245983 584
285374 245983 584
285374 245983 584
285374 245983 584
285374 245983 584
285374 245983 584
228032 228013 585
228032 228013 585
228032 228013 585
228032 228013 585
228032 228013 585
228032 228013 585
228032 228013 585
228032 228013 585
228032 228013 585
228032 228013 585
228032 228013 585
228032 228013 585
236898 228132 586
236898 228132 586
236898 228132 586
236898 228132 586
236898 228132 586
236898 228132 586
236898 228132 586
236898 228132 586
236898 228132 586
236898 228132 586
236898 228132 586
236898 228132 586
262511 9117 586
262511 9117 586
262511 9117 586
262511 9117 586
262511 9117 586
262511 9117 586
262511 9117 586
262511 9117 586
262511 9117 586
262511 9117 586
262511 9117 586
262511 9117 586
262511 9117 586
228032 240974 587
228032 240974 587
228032 240974 587
228032 240974 587
228032 240974 587
228032 240974 587
228032 240974 587
228032 240974 587
228032 240974 587
228032 240974 587
228032 240974 587
228032 240974 587
228032 240974 587
292030 245982 590
292030 245982 590
292030 245982 590
292030 245982 590
292030 245982 590
292030 245982 590
292030 245982 590
292030 245982 590
292030 245982 590
292030 245982 590
292030 245982 590
292030 245982 590
292030 245982 590
292030 245982 590
292030 245982 590
292030 245982 590
292030 245982 590
292030 245982 590
292030 245982 590
292030 245982 590
292030 245982 590
292030 245982 590
292030 245982 590
292030 245982 590
292030 245982 590
294270 245977 591
294270 245977 591
294270 245977 591
294270 245977 591
294270 245977 591
294270 245977 591
294270 245977 591
294270 245977 591
294270 245977 591
294270 245977 591
294270 245977 591
294270 245977 591
294270 245977 591
245977 270089 593
245977 270089 593
245977 270089 593
245977 270089 593
245977 270089 593
245977 270089 593
245977 270089 593
245977 270089 593
245977 270089 593
245977 270089 593
245977 270089 593
245977 270089 593
236175 239032 593
236175 239032 593
236175 239032 593
236175 239032 593
236175 239032 593
236175 239032 593
236175 239032 593
236175 239032 593
236175 239032 593
236175 239032 593
236175 239032 593
236175 239032 593
246109 289038 593
246109 289038 593
246109 289038 593
246109 289038 593
246109 289038 593
246109 289038 593
246109 289038 593
246109 289038 593
246109 289038 593
246109 289038 593
246109 289038 593
246109 289038 593
175969 174464 594
175969 174464 594
175969 174464 594
175969 174464 594
175969 174464 594
175969 174464 594
175969 174464 594
175969 174464 594
175969 174464 594
175969 174464 594
175969 174464 594
175969 174464 594
243537 241444 594
243537 241444 594
243537 241444 594
243537 241444 594
243537 241444 594
243537 241444 594
243537 241444 594
243537 241444 594
243537 241444 594
243537 241444 594
243537 241444 594
243537 241444 594
9117 286722 596
9117 286722 596
9117 286722 596
9117 286722 596
9117 286722 596
9117 286722 596
9117 286722 596
9117 286722 596
9117 286722 596
9117 286722 596
9117 286722 596
9117 286722 596
9117 286722 596
236506 193605 597
236506 193605 597
236506 193605 597
236506 193605 597
236506 193605 597
236506 193605 597
236506 193605 597
236506 193605 597
236506 193605 597
236506 193605 597
236506 193605 597
236506 193605 597
190762 196158 597
190762 196158 597
190762 196158 597
190762 196158 597
190762 196158 597
190762 196158 597
190762 196158 597
190762 196158 597
190762 196158 597
190762 196158 597
190762 196158 597
190762 196158 597
190762 196158 597
236181 226527 599
236181 226527 599
236181 226527 599
236181 226527 599
236181 226527 599
236181 226527 599
236181 226527 599
236181 226527 599
236181 226527 599
236181 226527 599
236181 226527 599
236181 226527 599
236181 226527 599
235080 227720 599
235080 227720 599
235080 227720 599
235080 227720 599
235080 227720 599
235080 227720 599
235080 227720 599
235080 227720 599
235080 227720 599
235080 227720 599
235080 227720 599
235080 227720 599
235080 227720 599
242604 235860 600
242604 235860 600
242604 235860 600
242604 235860 600
242604 235860 600
242604 235860 600
242604 235860 600
242604 235860 600
242604 235860 600
242604 235860 600
242604 235860 600
242604 235860 600
242604 235860 600
286717 265960 601
286717 265960 601
286717 265960 601
286717 265960 601
286717 265960 601
286717 265960 601
286717 265960 601
286717 265960 601
286717 265960 601
286717 265960 601
286717 265960 601
286717 265960 601
286717 265960 601
227256 227267 603
227256 227267 603
227256 227267 603
227256 227267 603
227256 227267 603
227256 227267 603
227256 227267 603
227256 227267 603
227256 227267 603
227256 227267 603
227256 227267 603
227256 227267 603
227256 227267 603
283388 284223 604
283388 284223 604
283388 284223 604
283388 284223 604
283388 284223 604
283388 284223 604
283388 284223 604
283388 284223 604
283388 284223 604
283388 284223 604
283388 284223 604
283388 284223 604
14813 14722 606
14813 14722 606
14813 14722 606
14813 14722 606
14813 14722 606
14813 14722 606
14813 14722 606
14813 14722 606
14813 14722 606
14813 14722 606
14813 14722 606
14813 14722 606
230101 228516 607
230101 228516 607
230101 228516 607
230101 228516 607
230101 228516 607
230101 228516 607
230101 228516 607
230101 228516 607
230101 228516 607
230101 228516 607
230101 228516 607
230101 228516 607
230101 228516 607
231414 236449 607
231414 236449 607
231414 236449 607
231414 236449 607
231414 236449 607
231414 236449 607
231414 236449 607
231414 236449 607
231414 236449 607
231414 236449 607
231414 236449 607
231414 236449 607
194455 155156 608
194455 155156 608
194455 155156 608
194455 155156 608
194455 155156 608
194455 155156 608
194455 155156 608
194455 155156 608
194455 155156 608
194455 155156 608
194455 155156 608
194455 155156 608
194455 155156 608
282575 235876 609
282575 235876 609
282575 235876 609
282575 235876 609
282575 235876 609
282575 235876 609
282575 235876 609
282575 235876 609
282575 235876 609
282575 235876 609
282575 235876 609
282575 235876 609
289620 285348 610
289620 285348 610
289620 285348 610
289620 285348 610
289620 285348 610
289620 285348 610
289620 285348 610
289620 285348 610
289620 285348 610
289620 285348 610
289620 285348 610
289620 285348 610
227318 9876 610
227318 9876 610
227318 9876 610
227318 9876 610
227318 9876 610
227318 9876 610
227318 9876 610
227318 9876 610
227318 9876 610
227318 9876 610
227318 9876 610
227318 9876 610
236851 229867 611
236851 229867 611
236851 229867 611
236851 229867 611
236851 229867 611
236851 229867 611
236851 229867 611
236851 229867 611
236851 229867 611
236851 229867 611
236851 229867 611
236851 229867 611
236851 229867 611
190915 187715 612
190915 187715 612
190915 187715 612
190915 187715 612
190915 187715 612
190915 187715 612
190915 187715 612
190915 187715 612
190915 187715 612
190915 187715 612
190915 187715 612
190915 187715 612
190915 187715 612
239190 229521 612
239190 229521 612
239190 229521 612
239190 229521 612
239190 229521 612
239190 229521 612
239190 229521 612
239190 229521 612
239190 229521 612
239190 229521 612
239190 229521 612
239190 229521 612
239190 229521 612
242212 252009 613
242212 252009 613
242212 252009 613
242212 252009 613
242212 252009 613
242212 252009 613
242212 252009 613
242212 252009 613
242212 252009 613
242212 252009 613
242212 252009 613
242212 252009 613
228577 235876 613
228577 235876 613
228577 235876 613
228577 235876 613
228577 235876 613
228577 235876 613
228577 235876 613
228577 235876 613
228577 235876 613
228577 235876 613
228577 235876 613
228577 235876 613
228577 235876 613
219619 187714 613
219619 187714 613
219619 187714 613
219619 187714 613
219619 187714 613
219619 187714 613
219619 187714 613
219619 187714 613
219619 187714 613
219619 187714 613
219619 187714 613
219619 187714 613
219619 187714 613
242326 14841 614
242326 14841 614
242326 14841 614
242326 14841 614
242326 14841 614
242326 14841 614
242326 14841 614
242326 14841 614
242326 14841 614
242326 14841 614
242326 14841 614
242326 14841 614
242326 14841 614
184788 174458 616
184788 174458 616
184788 174458 616
184788 174458 616
184788 174458 616
184788 174458 616
184788 174458 616
184788 174458 616
184788 174458 616
184788 174458 616
184788 174458 616
184788 174458 616
184788 174458 616
284638 284492 617
284638 284492 617
284638 284492 617
284638 284492 617
284638 284492 617
284638 284492 617
284638 284492 617
284638 284492 617
284638 284492 617
284638 284492 617
284638 284492 617
284638 284492 617
235679 237873 618
235679 237873 618
235679 237873 618
235679 237873 618
235679 237873 618
235679 237873 618
235679 237873 618
235679 237873 618
235679 237873 618
235679 237873 618
235679 237873 618
235679 237873 618
236925 285272 620
236925 285272 620
236925 285272 620
236925 285272 620
236925 285272 620
236925 285272 620
236925 285272 620
236925 285272 620
236925 285272 620
236925 285272 620
236925 285272 620
236925 285272 620
236925 285272 620
268489 225931 620
268489 225931 620
268489 225931 620
268489 225931 620
268489 225931 620
268489 225931 620
268489 225931 620
268489 225931 620
268489 225931 620
268489 225931 620
268489 225931 620
268489 225931 620
235658 235974 620
235658 235974 620
235658 235974 620
235658 235974 620
235658 235974 620
235658 235974 620
235658 235974 620
235658 235974 620
235658 235974 620
235658 235974 620
235658 235974 620
235658 235974 620
228014 240899 621
228014 240899 621
228014 240899 621
228014 240899 621
228014 240899 621
228014 240899 621
228014 240899 621
228014 240899 621
228014 240899 621
228014 240899 621
228014 240899 621
228014 240899 621
230726 232707 621
230726 232707 621
230726 232707 621
230726 232707 621
230726 232707 621
230726 232707 621
230726 232707 621
230726 232707 621
230726 232707 621
230726 232707 621
230726 232707 621
230726 232707 621
227099 227720 622
227099 227720 622
227099 227720 622
227099 227720 622
227099 227720 622
227099 227720 622
227099 227720 622
227099 227720 622
227099 227720 622
227099 227720 622
227099 227720 622
227099 227720 622
227099 227720 622
198521 190920 622
198521 190920 622
198521 190920 622
198521 190920 622
198521 190920 622
198521 190920 622
198521 190920 622
198521 190920 622
198521 190920 622
198521 190920 622
198521 190920 622
198521 190920 622
198521 190920 622
208264 208207 623
208264 208207 623
208264 208207 623
208264 208207 623
208264 208207 623
208264 208207 623
208264 208207 623
208264 208207 623
208264 208207 623
208264 208207 623
208264 208207 623
208264 208207 623
236190 189432 623
236190 189432 623
236190 189432 623
236190 189432 623
236190 189432 623
236190 189432 623
236190 189432 623
236190 189432 623
236190 189432 623
236190 189432 623
236190 189432 623
236190 189432 623
236190 189432 623
265294 289167 624
265294 289167 624
265294 289167 624
265294 289167 624
265294 289167 624
265294 289167 624
265294 289167 624
265294 289167 624
265294 289167 624
265294 289167 624
265294 289167 624
265294 289167 624
265294 289167 624
192942 159646 631
192942 159646 631
192942 159646 631
192942 159646 631
192942 159646 631
192942 159646 631
192942 159646 631
192942 159646 631
192942 159646 631
192942 159646 631
192942 159646 631
192942 159646 631
192942 159646 631
187716 193620 631
187716 193620 631
187716 193620 631
187716 193620 631
187716 193620 631
187716 193620 631
187716 193620 631
187716 193620 631
187716 193620 631
187716 193620 631
187716 193620 631
187716 193620 631
187716 193620 631
151143 227254 632
151143 227254 632
151143 227254 632
151143 227254 632
151143 227254 632
151143 227254 632
151143 227254 632
151143 227254 632
151143 227254 632
151143 227254 632
151143 227254 632
151143 227254 632
195546 175963 633
195546 175963 633
195546 175963 633
195546 175963 633
195546 175963 633
195546 175963 633
195546 175963 633
195546 175963 633
195546 175963 633
195546 175963 633
195546 175963 633
195546 175963 633
195546 175963 633
227254 251928 634
227254 251928 634
227254 251928 634
227254 251928 634
227254 251928 634
227254 251928 634
227254 251928 634
227254 251928 634
227254 251928 634
227254 251928 634
227254 251928 634
227254 251928 634
227254 251928 634
237873 160265 634
237873 160265 634
237873 160265 634
237873 160265 634
237873 160265 634
237873 160265 634
237873 160265 634
237873 160265 634
237873 160265 634
237873 160265 634
237873 160265 634
237873 160265 634
239010 153037 636
239010 153037 636
239010 153037 636
239010 153037 636
239010 153037 636
239010 153037 636
239010 153037 636
239010 153037 636
239010 153037 636
239010 153037 636
239010 153037 636
239010 153037 636
239010 153037 636
243704 235961 636
243704 235961 636
243704 235961 636
243704 235961 636
243704 235961 636
243704 235961 636
243704 235961 636
243704 235961 636
243704 235961 636
243704 235961 636
243704 235961 636
243704 235961 636
183754 19032 636
183754 19032 636
183754 19032 636
183754 19032 636
183754 19032 636
183754 19032 636
183754 19032 636
183754 19032 636
183754 19032 636
183754 19032 636
183754 19032 636
183754 19032 636
292432 285281 636
292432 285281 636
292432 285281 636
292432 285281 636
292432 285281 636
292432 285281 636
292432 285281 636
292432 285281 636
292432 285281 636
292432 285281 636
292432 285281 636
292432 285281 636
227232 243617 636
227232 243617 636
227232 243617 636
227232 243617 636
227232 243617 636
227232 243617 636
227232 243617 636
227232 243617 636
227232 243617 636
227232 243617 636
227232 243617 636
227232 243617 636
227232 243617 636
11051 236480 637
11051 236480 637
11051 236480 637
11051 236480 637
11051 236480 637
11051 236480 637
11051 236480 637
11051 236480 637
11051 236480 637
11051 236480 637
11051 236480 637
11051 236480 637
19032 186863 638
19032 186863 638
19032 186863 638
19032 186863 638
19032 186863 638
19032 186863 638
19032 186863 638
19032 186863 638
19032 186863 638
19032 186863 638
19032 186863 638
19032 186863 638
265579 296528 639
265579 296528 639
265579 296528 639
265579 296528 639
265579 296528 639
265579 296528 639
265579 296528 639
265579 296528 639
265579 296528 639
265579 296528 639
265579 296528 639
265579 296528 639
227260 227112 639
227260 227112 639
227260 227112 639
227260 227112 639
227260 227112 639
227260 227112 639
227260 227112 639
227260 227112 639
227260 227112 639
227260 227112 639
227260 227112 639
227260 227112 639
227260 227112 639
173801 188465 640
173801 188465 640
173801 188465 640
173801 188465 640
173801 188465 640
173801 188465 640
173801 188465 640
173801 188465 640
173801 188465 640
173801 188465 640
173801 188465 640
173801 188465 640
228466 227532 640
228466 227532 640
228466 227532 640
228466 227532 640
228466 227532 640
228466 227532 640
228466 227532 640
228466 227532 640
228466 227532 640
228466 227532 640
228466 227532 640
228466 227532 640
194427 176237 640
194427 176237 640
194427 176237 640
194427 176237 640
194427 176237 640
194427 176237 640
194427 176237 640
194427 176237 640
194427 176237 640
194427 176237 640
194427 176237 640
194427 176237 640
194427 176237 640
237325 234195 640
237325 234195 640
237325 234195 640
237325 234195 640
237325 234195 640
237325 234195 640
237325 234195 640
237325 234195 640
237325 234195 640
237325 234195 640
237325 234195 640
237325 234195 640
195024 185406 641
195024 185406 641
195024 185406 641
195024 185406 641
195024 185406 641
195024 185406 641
195024 185406 641
195024 185406 641
195024 185406 641
195024 185406 641
195024 185406 641
195024 185406 641
195024 185406 641
240623 294550 643
240623 294550 643
240623 294550 643
240623 294550 643
240623 294550 643
240623 294550 643
240623 294550 643
240623 294550 643
240623 294550 643
240623 294550 643
240623 294550 643
240623 294550 643
240623 294550 643
190920 235685 643
190920 235685 643
190920 235685 643
190920 235685 643
190920 235685 643
190920 235685 643
190920 235685 643
190920 235685 643
190920 235685 643
190920 235685 643
190920 235685 643
190920 235685 643
190920 235685 643
151137 151583 644
151137 151583 644
151137 151583 644
151137 151583 644
151137 151583 644
151137 151583 644
151137 151583 644
151137 151583 644
151137 151583 644
151137 151583 644
151137 151583 644
151137 151583 644
151137 151583 644
226457 227715 647
226457 227715 647
226457 227715 647
226457 227715 647
226457 227715 647
226457 227715 647
226457 227715 647
226457 227715 647
226457 227715 647
226457 227715 647
226457 227715 647
226457 227715 647
226457 227715 647
229509 265841 647
229509 265841 647
229509 265841 647
229509 265841 647
229509 265841 647
229509 265841 647
229509 265841 647
229509 265841 647
229509 265841 647
229509 265841 647
229509 265841 647
229509 265841 647
229509 265841 647
230957 4712 648
230957 4712 648
230957 4712 648
230957 4712 648
230957 4712 648
230957 4712 648
230957 4712 648
230957 4712 648
230957 4712 648
230957 4712 648
230957 4712 648
230957 4712 648
175906 3390 651
175906 3390 651
175906 3390 651
175906 3390 651
175906 3390 651
175906 3390 651
175906 3390 651
175906 3390 651
175906 3390 651
175906 3390 651
175906 3390 651
175906 3390 651
175906 3390 651
178306 22161 652
178306 22161 652
178306 22161 652
178306 22161 652
178306 22161 652
178306 22161 652
178306 22161 652
178306 22161 652
178306 22161 652
178306 22161 652
178306 22161 652
178306 22161 652
227234 226230 653
227234 226230 653
227234 226230 653
227234 226230 653
227234 226230 653
227234 226230 653
227234 226230 653
227234 226230 653
227234 226230 653
227234 226230 653
227234 226230 653
227234 226230 653
227234 226230 653
10592 10596 654
10592 10596 654
10592 10596 654
10592 10596 654
10592 10596 654
10592 10596 654
10592 10596 654
10592 10596 654
10592 10596 654
10592 10596 654
10592 10596 654
10592 10596 654
10592 10596 654
289101 289734 655
289101 289734 655
289101 289734 655
289101 289734 655
289101 289734 655
289101 289734 655
289101 289734 655
289101 289734 655
289101 289734 655
289101 289734 655
289101 289734 655
289101 289734 655
289101 289734 655
201019 193135 656
201019 193135 656
201019 193135 656
201019 193135 656
201019 193135 656
201019 193135 656
201019 193135 656
201019 193135 656
201019 193135 656
201019 193135 656
201019 193135 656
201019 193135 656
201019 193135 656
193117 175955 657
193117 175955 657
193117 175955 657
193117 175955 657
193117 175955 657
193117 175955 657
193117 175955 657
193117 175955 657
193117 175955 657
193117 175955 657
193117 175955 657
193117 175955 657
174820 190887 658
174820 190887 658
174820 190887 658
174820 190887 658
174820 190887 658
174820 190887 658
174820 190887 658
174820 190887 658
174820 190887 658
174820 190887 658
174820 190887 658
174820 190887 658
203454 236065 658
203454 236065 658
203454 236065 658
203454 236065 658
203454 236065 658
203454 236065 658
203454 236065 658
203454 236065 658
203454 236065 658
203454 236065 658
203454 236065 658
203454 236065 658
195618 173795 659
195618 173795 659
195618 173795 659
195618 173795 659
195618 173795 659
195618 173795 659
195618 173795 659
195618 173795 659
195618 173795 659
195618 173795 659
195618 173795 659
195618 173795 659
195618 173795 659
227532 228466 660
227532 228466 660
227532 228466 660
227532 228466 660
227532 228466 660
227532 228466 660
227532 228466 660
227532 228466 660
227532 228466 660
227532 228466 660
227532 228466 660
227532 228466 660
236519 233461 660
236519 233461 660
236519 233461 660
236519 233461 660
236519 233461 660
236519 233461 660
236519 233461 660
236519 233461 660
236519 233461 660
236519 233461 660
236519 233461 660
236519 233461 660
236519 233461 660
295206 289158 660
295206 289158 660
295206 289158 660
295206 289158 660
295206 289158 660
295206 289158 660
295206 289158 660
295206 289158 660
295206 289158 660
295206 289158 660
295206 289158 660
295206 289158 660
295206 289158 660
173801 227071 660
173801 227071 660
173801 227071 660
173801 227071 660
173801 227071 660
173801 227071 660
173801 227071 660
173801 227071 660
173801 227071 660
173801 227071 660
173801 227071 660
173801 227071 660
290819 236838 662
290819 236838 662
290819 236838 662
290819 236838 662
290819 236838 662
290819 236838 662
290819 236838 662
290819 236838 662
290819 236838 662
290819 236838 662
290819 236838 662
290819 236838 662
291206 151466 662
291206 151466 662
291206 151466 662
291206 151466 662
291206 151466 662
291206 151466 662
291206 151466 662
291206 151466 662
291206 151466 662
291206 151466 662
291206 151466 662
291206 151466 662
291206 151466 662
274607 227063 663
274607 227063 663
274607 227063 663
274607 227063 663
274607 227063 663
274607 227063 663
274607 227063 663
274607 227063 663
274607 227063 663
274607 227063 663
274607 227063 663
274607 227063 663
235125 241489 664
235125 241489 664
235125 241489 664
235125 241489 664
235125 241489 664
235125 241489 664
235125 241489 664
235125 241489 664
235125 241489 664
235125 241489 664
235125 241489 664
235125 241489 664
235125 241489 664
292103 265960 665
292103 265960 665
292103 265960 665
292103 265960 665
292103 265960 665
292103 265960 665
292103 265960 665
292103 265960 665
292103 265960 665
292103 265960 665
292103 265960 665
292103 265960 665
292103 265960 665
195545 225931 665
195545 225931 665
195545 225931 665
195545 225931 665
195545 225931 665
195545 225931 665
195545 225931 665
195545 225931 665
195545 225931 665
195545 225931 665
195545 225931 665
195545 225931 665
246896 246308 667
246896 246308 667
246896 246308 667
246896 246308 667
246896 246308 667
246896 246308 667
246896 246308 667
246896 246308 667
246896 246308 667
246896 246308 667
246896 246308 667
246896 246308 667
282532 246309 667
282532 246309 667
282532 246309 667
282532 246309 667
282532 246309 667
282532 246309 667
282532 246309 667
282532 246309 667
282532 246309 667
282532 246309 667
282532 246309 667
282532 246309 667
282532 246309 667
236845 262499 668
236845 262499 668
236845 262499 668
236845 262499 668
236845 262499 668
236845 262499 668
236845 262499 668
236845 262499 668
236845 262499 668
236845 262499 668
236845 262499 668
236845 262499 668
236845 262499 668
245972 293343 669
245972 293343 669
245972 293343 669
245972 293343 669
245972 293343 669
245972 293343 669
245972 293343 669
245972 293343 669
245972 293343 669
245972 293343 669
245972 293343 669
245972 293343 669
184184 160287 669
184184 160287 669
184184 160287 669
184184 160287 669
184184 160287 669
184184 160287 669
184184 160287 669
184184 160287 669
184184 160287 669
184184 160287 669
184184 160287 669
184184 160287 669
262497 14799 669
262497 14799 669
262497 14799 669
262497 14799 669
262497 14799 669
262497 14799 669
262497 14799 669
262497 14799 669
262497 14799 669
262497 14799 669
262497 14799 669
262497 14799 669
238941 237588 670
238941 237588 670
238941 237588 670
238941 237588 670
238941 237588 670
238941 237588 670
238941 237588 670
238941 237588 670
238941 237588 670
238941 237588 670
238941 237588 670
238941 237588 670
238941 237588 670
190955 153025 670
190955 153025 670
190955 153025 670
190955 153025 670
190955 153025 670
190955 153025 670
190955 153025 670
190955 153025 670
190955 153025 670
190955 153025 670
190955 153025 670
190955 153025 670
292434 239235 670
292434 239235 670
292434 239235 670
292434 239235 670
292434 239235 670
292434 239235 670
292434 239235 670
292434 239235 670
292434 239235 670
292434 239235 670
292434 239235 670
292434 239235 670
240623 241873 672
240623 241873 672
240623 241873 672
240623 241873 672
240623 241873 672
240623 241873 672
240623 241873 672
240623 241873 672
240623 241873 672
240623 241873 672
240623 241873 672
240623 241873 672
195051 191004 672
195051 191004 672
195051 191004 672
195051 191004 672
195051 191004 672
195051 191004 672
195051 191004 672
195051 191004 672
195051 191004 672
195051 191004 672
195051 191004 672
195051 191004 672
195051 191004 672
296545 245933 673
296545 245933 673
296545 245933 673
296545 245933 673
296545 245933 673
296545 245933 673
296545 245933 673
296545 245933 673
296545 245933 673
296545 245933 673
296545 245933 673
296545 245933 673
240557 10447 676
240557 10447 676
240557 10447 676
240557 10447 676
240557 10447 676
240557 10447 676
240557 10447 676
240557 10447 676
240557 10447 676
240557 10447 676
240557 10447 676
240557 10447 676
240557 10447 676
266117 10217 676
266117 10217 676
266117 10217 676
266117 10217 676
266117 10217 676
266117 10217 676
266117 10217 676
266117 10217 676
266117 10217 676
266117 10217 676
266117 10217 676
266117 10217 676
266117 10217 676
232684 227015 677
232684 227015 677
232684 227015 677
232684 227015 677
232684 227015 677
232684 227015 677
232684 227015 677
232684 227015 677
232684 227015 677
232684 227015 677
232684 227015 677
232684 227015 677
232684 227015 677
262497 250583 677
262497 250583 677
262497 250583 677
262497 250583 677
262497 250583 677
262497 250583 677
262497 250583 677
262497 250583 677
262497 250583 677
262497 250583 677
262497 250583 677
262497 250583 677
292034 245982 677
292034 245982 677
292034 245982 677
292034 245982 677
292034 245982 677
292034 245982 677
292034 245982 677
292034 245982 677
292034 245982 677
292034 245982 677
292034 245982 677
292034 245982 677
177286 293362 678
177286 293362 678
177286 293362 678
177286 293362 678
177286 293362 678
177286 293362 678
177286 293362 678
177286 293362 678
177286 293362 678
177286 293362 678
177286 293362 678
177286 293362 678
177286 293362 678
155156 227828 678
155156 227828 678
155156 227828 678
155156 227828 678
155156 227828 678
155156 227828 678
155156 227828 678
155156 227828 678
155156 227828 678
155156 227828 678
155156 227828 678
155156 227828 678
155156 227828 678
246816 266089 679
246816 266089 679
246816 266089 679
246816 266089 679
246816 266089 679
246816 266089 679
246816 266089 679
246816 266089 679
246816 266089 679
246816 266089 679
246816 266089 679
246816 266089 679
246816 266089 679
226255 267798 680
226255 267798 680
226255 267798 680
226255 267798 680
226255 267798 680
226255 267798 680
226255 267798 680
226255 267798 680
226255 267798 680
226255 267798 680
226255 267798 680
226255 267798 680
226255 267798 680
235781 226833 680
235781 226833 680
235781 226833 680
235781 226833 680
235781 226833 680
235781 226833 680
235781 226833 680
235781 226833 680
235781 226833 680
235781 226833 680
235781 226833 680
235781 226833 680
165337 9119 681
165337 9119 681
165337 9119 681
165337 9119 681
165337 9119 681
165337 9119 681
165337 9119 681
165337 9119 681
165337 9119 681
165337 9119 681
165337 9119 681
165337 9119 681
165337 9119 681
245931 285578 681
245931 285578 681
245931 285578 681
245931 285578 681
245931 285578 681
245931 285578 681
245931 285578 681
245931 285578 681
245931 285578 681
245931 285578 681
245931 285578 681
245931 285578 681
245931 285578 681
292432 246063 681
292432 246063 681
292432 246063 681
292432 246063 681
292432 246063 681
292432 246063 681
292432 246063 681
292432 246063 681
292432 246063 681
292432 246063 681
292432 246063 681
292432 246063 681
292432 246063 681
235678 289098 681
235678 289098 681
235678 289098 681
235678 289098 681
235678 289098 681
235678 289098 681
235678 289098 681
235678 289098 681
235678 289098 681
235678 289098 681
235678 289098 681
235678 289098 681
282890 245940 682
282890 245940 682
282890 245940 682
282890 245940 682
282890 245940 682
282890 245940 682
282890 245940 682
282890 245940 682
282890 245940 682
282890 245940 682
282890 245940 682
282890 245940 682
245977 268850 682
245977 268850 682
245977 268850 682
245977 268850 682
245977 268850 682
245977 268850 682
245977 268850 682
245977 268850 682
245977 268850 682
245977 268850 682
245977 268850 682
245977 268850 682
291472 291514 682
291472 291514 682
291472 291514 682
291472 291514 682
291472 291514 682
291472 291514 682
291472 291514 682
291472 291514 682
291472 291514 682
291472 291514 682
291472 291514 682
291472 291514 682
291472 291514 682
285273 228100 683
285273 228100 683
285273 228100 683
285273 228100 683
285273 228100 683
285273 228100 683
285273 228100 683
285273 228100 683
285273 228100 683
285273 228100 683
285273 228100 683
285273 228100 683
294629 285256 685
294629 285256 685
294629 285256 685
294629 285256 685
294629 285256 685
294629 285256 685
294629 285256 685
294629 285256 685
294629 285256 685
294629 285256 685
294629 285256 685
294629 285256 685
294629 285256 685
292036 250690 685
292036 250690 685
292036 250690 685
292036 250690 685
292036 250690 685
292036 250690 685
292036 250690 685
292036 250690 685
292036 250690 685
292036 250690 685
292036 250690 685
292036 250690 685
227532 229829 686
227532 229829 686
227532 229829 686
227532 229829 686
227532 229829 686
227532 229829 686
227532 229829 686
227532 229829 686
227532 229829 686
227532 229829 686
227532 229829 686
227532 229829 686
227532 229829 686
263655 227046 687
263655 227046 687
263655 227046 687
263655 227046 687
263655 227046 687
263655 227046 687
263655 227046 687
263655 227046 687
263655 227046 687
263655 227046 687
263655 227046 687
263655 227046 687
263655 227046 687
246076 270401 689
246076 270401 689
246076 270401 689
246076 270401 689
246076 270401 689
246076 270401 689
246076 270401 689
246076 270401 689
246076 270401 689
246076 270401 689
246076 270401 689
246076 270401 689
246076 270401 689
237924 201801 689
237924 201801 689
237924 201801 689
237924 201801 689
237924 201801 689
237924 201801 689
237924 201801 689
237924 201801 689
237924 201801 689
237924 201801 689
237924 201801 689
237924 201801 689
153037 238631 689
153037 238631 689
153037 238631 689
153037 238631 689
153037 238631 689
153037 238631 689
153037 238631 689
153037 238631 689
153037 238631 689
153037 238631 689
153037 238631 689
153037 238631 689
246055 270401 691
246055 270401 691
246055 270401 691
246055 270401 691
246055 270401 691
246055 270401 691
246055 270401 691
246055 270401 691
246055 270401 691
246055 270401 691
246055 270401 691
246055 270401 691
246055 270401 691
288638 289038 691
288638 289038 691
288638 289038 691
288638 289038 691
288638 289038 691
288638 289038 691
288638 289038 691
288638 289038 691
288638 289038 691
288638 289038 691
288638 289038 691
288638 289038 691
226527 231025 691
226527 231025 691
226527 231025 691
226527 231025 691
226527 231025 691
226527 231025 691
226527 231025 691
226527 231025 691
226527 231025 691
226527 231025 691
226527 231025 691
226527 231025 691
232705 236925 693
232705 236925 693
232705 236925 693
232705 236925 693
232705 236925 693
232705 236925 693
232705 236925 693
232705 236925 693
232705 236925 693
232705 236925 693
232705 236925 693
232705 236925 693
228200 241489 694
228200 241489 694
228200 241489 694
228200 241489 694
228200 241489 694
228200 241489 694
228200 241489 694
228200 241489 694
228200 241489 694
228200 241489 694
228200 241489 694
228200 241489 694
228200 241489 694
195048 191609 695
195048 191609 695
195048 191609 695
195048 191609 695
195048 191609 695
195048 191609 695
195048 191609 695
195048 191609 695
195048 191609 695
195048 191609 695
195048 191609 695
195048 191609 695
188459 235673 695
188459 235673 695
188459 235673 695
188459 235673 695
188459 235673 695
188459 235673 695
188459 235673 695
188459 235673 695
188459 235673 695
188459 235673 695
188459 235673 695
188459 235673 695
188459 235673 695
236857 235982 696
236857 235982 696
236857 235982 696
236857 235982 696
236857 235982 696
236857 235982 696
236857 235982 696
236857 235982 696
236857 235982 696
236857 235982 696
236857 235982 696
236857 235982 696
227019 225991 696
227019 225991 696
227019 225991 696
227019 225991 696
227019 225991 696
227019 225991 696
227019 225991 696
227019 225991 696
227019 225991 696
227019 225991 696
227019 225991 696
227019 225991 696
227019 225991 696
241489 238416 696
241489 238416 696
241489 238416 696
241489 238416 696
241489 238416 696
241489 238416 696
241489 238416 696
241489 238416 696
241489 238416 696
241489 238416 696
241489 238416 696
241489 238416 696
289620 265637 698
289620 265637 698
289620 265637 698
289620 265637 698
289620 265637 698
289620 265637 698
289620 265637 698
289620 265637 698
289620 265637 698
289620 265637 698
289620 265637 698
289620 265637 698
289620 265637 698
230956 236925 699
230956 236925 699
230956 236925 699
230956 236925 699
230956 236925 699
230956 236925 699
230956 236925 699
230956 236925 699
230956 236925 699
230956 236925 699
230956 236925 699
230956 236925 699
153289 190759 700
153289 190759 700
153289 190759 700
153289 190759 700
153289 190759 700
153289 190759 700
153289 190759 700
153289 190759 700
153289 190759 700
153289 190759 700
153289 190759 700
153289 190759 700
282562 228095 702
282562 228095 702
282562 228095 702
282562 228095 702
282562 228095 702
282562 228095 702
282562 228095 702
282562 228095 702
282562 228095 702
282562 228095 702
282562 228095 702
282562 228095 702
282562 228095 702
293378 293112 703
293378 293112 703
293378 293112 703
293378 293112 703
293378 293112 703
293378 293112 703
293378 293112 703
293378 293112 703
293378 293112 703
293378 293112 703
293378 293112 703
293378 293112 703
293378 293112 703
285375 228095 703
285375 228095 703
285375 228095 703
285375 228095 703
285375 228095 703
285375 228095 703
285375 228095 703
285375 228095 703
285375 228095 703
285375 228095 703
285375 228095 703
285375 228095 703
227822 239179 706
227822 239179 706
227822 239179 706
227822 239179 706
227822 239179 706
227822 239179 706
227822 239179 706
227822 239179 706
227822 239179 706
227822 239179 706
227822 239179 706
227822 239179 706
227822 239179 706
14725 245978 707
14725 245978 707
14725 245978 707
14725 245978 707
14725 245978 707
14725 245978 707
14725 245978 707
14725 245978 707
14725 245978 707
14725 245978 707
14725 245978 707
14725 245978 707
14725 245978 707
232684 251928 707
232684 251928 707
232684 251928 707
232684 251928 707
232684 251928 707
232684 251928 707
232684 251928 707
232684 251928 707
232684 251928 707
232684 251928 707
232684 251928 707
232684 251928 707
245996 291514 707
245996 291514 707
245996 291514 707
245996 291514 707
245996 291514 707
245996 291514 707
245996 291514 707
245996 291514 707
245996 291514 707
245996 291514 707
245996 291514 707
245996 291514 707
245996 291514 707
227237 226967 709
227237 226967 709
227237 226967 709
227237 226967 709
227237 226967 709
227237 226967 709
227237 226967 709
227237 226967 709
227237 226967 709
227237 226967 709
227237 226967 709
227237 226967 709
227237 226967 709
153036 227071 709
153036 227071 709
153036 227071 709
153036 227071 709
153036 227071 709
153036 227071 709
153036 227071 709
153036 227071 709
153036 227071 709
153036 227071 709
153036 227071 709
153036 227071 709
153036 227071 709
227741 230957 711
227741 230957 711
227741 230957 711
227741 230957 711
227741 230957 711
227741 230957 711
227741 230957 711
227741 230957 711
227741 230957 711
227741 230957 711
227741 230957 711
227741 230957 711
227741 230957 711
191592 194388 711
191592 194388 711
191592 194388 711
191592 194388 711
191592 194388 711
191592 194388 711
191592 194388 711
191592 194388 711
191592 194388 711
191592 194388 711
191592 194388 711
191592 194388 711
191592 194388 711
291402 248372 712
291402 248372 712
291402 248372 712
291402 248372 712
291402 248372 712
291402 248372 712
291402 248372 712
291402 248372 712
291402 248372 712
291402 248372 712
291402 248372 712
291402 248372 712
227062 238637 712
227062 238637 712
227062 238637 712
227062 238637 712
227062 238637 712
227062 238637 712
227062 238637 712
227062 238637 712
227062 238637 712
227062 238637 712
227062 238637 712
227062 238637 712
227723 234766 712
227723 234766 712
227723 234766 712
227723 234766 712
227723 234766 712
227723 234766 712
227723 234766 712
227723 234766 712
227723 234766 712
227723 234766 712
227723 234766 712
227723 234766 712
227723 234766 712
235134 226389 713
235134 226389 713
235134 226389 713
235134 226389 713
235134 226389 713
235134 226389 713
235134 226389 713
235134 226389 713
235134 226389 713
235134 226389 713
235134 226389 713
235134 226389 713
186752 184779 714
186752 184779 714
186752 184779 714
186752 184779 714
186752 184779 714
186752 184779 714
186752 184779 714
186752 184779 714
186752 184779 714
186752 184779 714
186752 184779 714
186752 184779 714
203737 188448 714
203737 188448 714
203737 188448 714
203737 188448 714
203737 188448 714
203737 188448 714
203737 188448 714
203737 188448 714
203737 188448 714
203737 188448 714
203737 188448 714
203737 188448 714
186762 184779 714
186762 184779 714
186762 184779 714
186762 184779 714
186762 184779 714
186762 184779 714
186762 184779 714
186762 184779 714
186762 184779 714
186762 184779 714
186762 184779 714
186762 184779 714
236010 226968 715
236010 226968 715
236010 226968 715
236010 226968 715
236010 226968 715
236010 226968 715
236010 226968 715
236010 226968 715
236010 226968 715
236010 226968 715
236010 226968 715
236010 226968 715
246086 290211 715
246086 290211 715
246086 290211 715
246086 290211 715
246086 290211 715
246086 290211 715
246086 290211 715
246086 290211 715
246086 290211 715
246086 290211 715
246086 290211 715
246086 290211 715
246086 290211 715
231025 236470 715
231025 236470 715
231025 236470 715
231025 236470 715
231025 236470 715
231025 236470 715
231025 236470 715
231025 236470 715
231025 236470 715
231025 236470 715
231025 236470 715
231025 236470 715
231025 236470 715
256656 250571 716
256656 250571 716
256656 250571 716
256656 250571 716
256656 250571 716
256656 250571 716
256656 250571 716
256656 250571 716
256656 250571 716
256656 250571 716
256656 250571 716
256656 250571 716
250698 245982 716
250698 245982 716
250698 245982 716
250698 245982 716
250698 245982 716
250698 245982 716
250698 245982 716
250698 245982 716
250698 245982 716
250698 245982 716
250698 245982 716
250698 245982 716
293139 289559 716
293139 289559 716
293139 289559 716
293139 289559 716
293139 289559 716
293139 289559 716
293139 289559 716
293139 289559 716
293139 289559 716
293139 289559 716
293139 289559 716
293139 289559 716
293139 289559 716
236554 243805 717
236554 243805 717
236554 243805 717
236554 243805 717
236554 243805 717
236554 243805 717
236554 243805 717
236554 243805 717
236554 243805 717
236554 243805 717
236554 243805 717
236554 243805 717
236554 243805 717
225931 235974 717
225931 235974 717
225931 235974 717
225931 235974 717
225931 235974 717
225931 235974 717
225931 235974 717
225931 235974 717
225931 235974 717
225931 235974 717
225931 235974 717
225931 235974 717
225931 235974 717
236893 235862 717
236893 235862 717
236893 235862 717
236893 235862 717
236893 235862 717
236893 235862 717
236893 235862 717
236893 235862 717
236893 235862 717
236893 235862 717
236893 235862 717
236893 235862 717
236893 235862 717
250571 150300 718
250571 150300 718
250571 150300 718
250571 150300 718
250571 150300 718
250571 150300 718
250571 150300 718
250571 150300 718
250571 150300 718
250571 150300 718
250571 150300 718
250571 150300 718
188448 208315 718
188448 208315 718
188448 208315 718
188448 208315 718
188448 208315 718
188448 208315 718
188448 208315 718
188448 208315 718
188448 208315 718
188448 208315 718
188448 208315 718
188448 208315 718
188448 208315 718
227715 227556 718
227715 227556 718
227715 227556 718
227715 227556 718
227715 227556 718
227715 227556 718
227715 227556 718
227715 227556 718
227715 227556 718
227715 227556 718
227715 227556 718
227715 227556 718
233589 246119 719
233589 246119 719
233589 246119 719
233589 246119 719
233589 246119 719
233589 246119 719
233589 246119 719
233589 246119 719
233589 246119 719
233589 246119 719
233589 246119 719
233589 246119 719
233589 246119 719
191005 173814 719
191005 173814 719
191005 173814 719
191005 173814 719
191005 173814 719
191005 173814 719
191005 173814 719
191005 173814 719
191005 173814 719
191005 173814 719
191005 173814 719
191005 173814 719
294569 240623 721
294569 240623 721
294569 240623 721
294569 240623 721
294569 240623 721
294569 240623 721
294569 240623 721
294569 240623 721
294569 240623 721
294569 240623 721
294569 240623 721
294569 240623 721
227662 237198 722
227662 237198 722
227662 237198 722
227662 237198 722
227662 237198 722
227662 237198 722
227662 237198 722
227662 237198 722
227662 237198 722
227662 237198 722
227662 237198 722
227662 237198 722
11005 240657 723
11005 240657 723
11005 240657 723
11005 240657 723
11005 240657 723
11005 240657 723
11005 240657 723
11005 240657 723
11005 240657 723
11005 240657 723
11005 240657 723
11005 240657 723
228127 229841 725
228127 229841 725
228127 229841 725
228127 229841 725
228127 229841 725
228127 229841 725
228127 229841 725
228127 229841 725
228127 229841 725
228127 229841 725
228127 229841 725
228127 229841 725
228127 229841 725
235673 190921 725
235673 190921 725
235673 190921 725
235673 190921 725
235673 190921 725
235673 190921 725
235673 190921 725
235673 190921 725
235673 190921 725
235673 190921 725
235673 190921 725
235673 190921 725
235673 190921 725
191015 160289 727
191015 160289 727
191015 160289 727
191015 160289 727
191015 160289 727
191015 160289 727
191015 160289 727
191015 160289 727
191015 160289 727
191015 160289 727
191015 160289 727
191015 160289 727
191015 160289 727
173814 10447 728
173814 10447 728
173814 10447 728
173814 10447 728
173814 10447 728
173814 10447 728
173814 10447 728
173814 10447 728
173814 10447 728
173814 10447 728
173814 10447 728
173814 10447 728
173814 10447 728
245900 245944 728
245900 245944 728
245900 245944 728
245900 245944 728
245900 245944 728
245900 245944 728
245900 245944 728
245900 245944 728
245900 245944 728
245900 245944 728
245900 245944 728
245900 245944 728
245900 245944 728
293353 268963 729
293353 268963 729
293353 268963 729
293353 268963 729
293353 268963 729
293353 268963 729
293353 268963 729
293353 268963 729
293353 268963 729
293353 268963 729
293353 268963 729
293353 268963 729
238001 237861 729
238001 237861 729
238001 237861 729
238001 237861 729
238001 237861 729
238001 237861 729
238001 237861 729
238001 237861 729
238001 237861 729
238001 237861 729
238001 237861 729
238001 237861 729
238001 237861 729
233616 239179 731
233616 239179 731
233616 239179 731
233616 239179 731
233616 239179 731
233616 239179 731
233616 239179 731
233616 239179 731
233616 239179 731
233616 239179 731
233616 239179 731
233616 239179 731
174458 186904 731
174458 186904 731
174458 186904 731
174458 186904 731
174458 186904 731
174458 186904 731
174458 186904 731
174458 186904 731
174458 186904 731
174458 186904 731
174458 186904 731
174458 186904 731
174458 186904 731
245899 14459 731
245899 14459 731
245899 14459 731
245899 14459 731
245899 14459 731
245899 14459 731
245899 14459 731
245899 14459 731
245899 14459 731
245899 14459 731
245899 14459 731
245899 14459 731
247007 288557 733
247007 288557 733
247007 288557 733
247007 288557 733
247007 288557 733
247007 288557 733
247007 288557 733
247007 288557 733
247007 288557 733
247007 288557 733
247007 288557 733
247007 288557 733
193235 195316 733
193235 195316 733
193235 195316 733
193235 195316 733
193235 195316 733
193235 195316 733
193235 195316 733
193235 195316 733
193235 195316 733
193235 195316 733
193235 195316 733
193235 195316 733
256656 245977 736
256656 245977 736
256656 245977 736
256656 245977 736
256656 245977 736
256656 245977 736
256656 245977 736
256656 245977 736
256656 245977 736
256656 245977 736
256656 245977 736
256656 245977 736
256663 245900 736
256663 245900 736
256663 245900 736
256663 245900 736
256663 245900 736
256663 245900 736
256663 245900 736
256663 245900 736
256663 245900 736
256663 245900 736
256663 245900 736
256663 245900 736
256663 245900 736
190753 187555 738
190753 187555 738
190753 187555 738
190753 187555 738
190753 187555 738
190753 187555 738
190753 187555 738
190753 187555 738
190753 187555 738
190753 187555 738
190753 187555 738
190753 187555 738
262498 282907 738
262498 282907 738
262498 282907 738
262498 282907 738
262498 282907 738
262498 282907 738
262498 282907 738
262498 282907 738
262498 282907 738
262498 282907 738
262498 282907 738
262498 282907 738
262498 282907 738
282552 266103 740
282552 266103 740
282552 266103 740
282552 266103 740
282552 266103 740
282552 266103 740
282552 266103 740
282552 266103 740
282552 266103 740
282552 266103 740
282552 266103 740
282552 266103 740
282552 266103 740
10375 190918 741
10375 190918 741
10375 190918 741
10375 190918 741
10375 190918 741
10375 190918 741
10375 190918 741
10375 190918 741
10375 190918 741
10375 190918 741
10375 190918 741
10375 190918 741
174466 195509 741
174466 195509 741
174466 195509 741
174466 195509 741
174466 195509 741
174466 195509 741
174466 195509 741
174466 195509 741
174466 195509 741
174466 195509 741
174466 195509 741
174466 195509 741
232686 226968 742
232686 226968 742
232686 226968 742
232686 226968 742
232686 226968 742
232686 226968 742
232686 226968 742
232686 226968 742
232686 226968 742
232686 226968 742
232686 226968 742
232686 226968 742
232686 226968 742
240657 238631 745
240657 238631 745
240657 238631 745
240657 238631 745
240657 238631 745
240657 238631 745
240657 238631 745
240657 238631 745
240657 238631 745
240657 238631 745
240657 238631 745
240657 238631 745
228487 228466 745
228487 228466 745
228487 228466 745
228487 228466 745
228487 228466 745
228487 228466 745
228487 228466 745
228487 228466 745
228487 228466 745
228487 228466 745
228487 228466 745
228487 228466 745
228487 228466 745
266427 245972 747
266427 245972 747
266427 245972 747
266427 245972 747
266427 245972 747
266427 245972 747
266427 245972 747
266427 245972 747
266427 245972 747
266427 245972 747
266427 245972 747
266427 245972 747
250558 245972 747
250558 245972 747
250558 245972 747
250558 245972 747
250558 245972 747
250558 245972 747
250558 245972 747
250558 245972 747
250558 245972 747
250558 245972 747
250558 245972 747
250558 245972 747
286830 252648 748
286830 252648 748
286830 252648 748
286830 252648 748
286830 252648 748
286830 252648 748
286830 252648 748
286830 252648 748
286830 252648 748
286830 252648 748
286830 252648 748
286830 252648 748
286830 252648 748
250582 245999 748
250582 245999 748
250582 245999 748
250582 245999 748
250582 245999 748
250582 245999 748
250582 245999 748
250582 245999 748
250582 245999 748
250582 245999 748
250582 245999 748
250582 245999 748
176500 285455 749
176500 285455 749
176500 285455 749
176500 285455 749
176500 285455 749
176500 285455 749
176500 285455 749
176500 285455 749
176500 285455 749
176500 285455 749
176500 285455 749
176500 285455 749
284631 295184 749
284631 295184 749
284631 295184 749
284631 295184 749
284631 295184 749
284631 295184 749
284631 295184 749
284631 295184 749
284631 295184 749
284631 295184 749
284631 295184 749
284631 295184 749
195509 190964 750
195509 190964 750
195509 190964 750
195509 190964 750
195509 190964 750
195509 190964 750
195509 190964 750
195509 190964 750
195509 190964 750
195509 190964 750
195509 190964 750
195509 190964 750
232961 236065 752
232961 236065 752
232961 236065 752
232961 236065 752
232961 236065 752
232961 236065 752
232961 236065 752
232961 236065 752
232961 236065 752
232961 236065 752
232961 236065 752
232961 236065 752
151584 232832 752
151584 232832 752
151584 232832 752
151584 232832 752
151584 232832 752
151584 232832 752
151584 232832 752
151584 232832 752
151584 232832 752
151584 232832 752
151584 232832 752
151584 232832 752
296535 234693 754
296535 234693 754
296535 234693 754
296535 234693 754
296535 234693 754
296535 234693 754
296535 234693 754
296535 234693 754
296535 234693 754
296535 234693 754
296535 234693 754
296535 234693 754
228034 252019 754
228034 252019 754
228034 252019 754
228034 252019 754
228034 252019 754
228034 252019 754
228034 252019 754
228034 252019 754
228034 252019 754
228034 252019 754
228034 252019 754
228034 252019 754
228034 252019 754
228201 232189 756
228201 232189 756
228201 232189 756
228201 232189 756
228201 232189 756
228201 232189 756
228201 232189 756
228201 232189 756
228201 232189 756
228201 232189 756
228201 232189 756
228201 232189 756
239692 124700 757
239692 124700 757
239692 124700 757
239692 124700 757
239692 124700 757
239692 124700 757
239692 124700 757
239692 124700 757
239692 124700 757
239692 124700 757
239692 124700 757
239692 124700 757
228013 228058 757
228013 228058 757
228013 228058 757
228013 228058 757
228013 228058 757
228013 228058 757
228013 228058 757
228013 228058 757
228013 228058 757
228013 228058 757
228013 228058 757
228013 228058 757
242141 227732 758
242141 227732 758
242141 227732 758
242141 227732 758
242141 227732 758
242141 227732 758
242141 227732 758
242141 227732 758
242141 227732 758
242141 227732 758
242141 227732 758
242141 227732 758
202585 177252 758
202585 177252 758
202585 177252 758
202585 177252 758
202585 177252 758
202585 177252 758
202585 177252 758
202585 177252 758
202585 177252 758
202585 177252 758
202585 177252 758
202585 177252 758
202585 177252 758
150281 236650 760
150281 236650 760
150281 236650 760
150281 236650 760
150281 236650 760
150281 236650 760
150281 236650 760
150281 236650 760
150281 236650 760
150281 236650 760
150281 236650 760
150281 236650 760
235175 234195 762
235175 234195 762
235175 234195 762
235175 234195 762
235175 234195 762
235175 234195 762
235175 234195 762
235175 234195 762
235175 234195 762
235175 234195 762
235175 234195 762
235175 234195 762
235175 234195 762
190921 236480 762
190921 236480 762
190921 236480 762
190921 236480 762
190921 236480 762
190921 236480 762
190921 236480 762
190921 236480 762
190921 236480 762
190921 236480 762
190921 236480 762
190921 236480 762
191584 10936 762
191584 10936 762
191584 10936 762
191584 10936 762
191584 10936 762
191584 10936 762
191584 10936 762
191584 10936 762
191584 10936 762
191584 10936 762
191584 10936 762
191584 10936 762
191584 10936 762
243706 242543 763
243706 242543 763
243706 242543 763
243706 242543 763
243706 242543 763
243706 242543 763
243706 242543 763
243706 242543 763
243706 242543 763
243706 242543 763
243706 242543 763
243706 242543 763
226970 226968 763
226970 226968 763
226970 226968 763
226970 226968 763
226970 226968 763
226970 226968 763
226970 226968 763
226970 226968 763
226970 226968 763
226970 226968 763
226970 226968 763
226970 226968 763
226655 236450 764
226655 236450 764
226655 236450 764
226655 236450 764
226655 236450 764
226655 236450 764
226655 236450 764
226655 236450 764
226655 236450 764
226655 236450 764
226655 236450 764
226655 236450 764
151176 228466 766
151176 228466 766
151176 228466 766
151176 228466 766
151176 228466 766
151176 228466 766
151176 228466 766
151176 228466 766
151176 228466 766
151176 228466 766
151176 228466 766
151176 228466 766
151176 228466 766
155156 226966 766
155156 226966 766
155156 226966 766
155156 226966 766
155156 226966 766
155156 226966 766
155156 226966 766
155156 226966 766
155156 226966 766
155156 226966 766
155156 226966 766
155156 226966 766
155156 226966 766
231536 187716 766
231536 187716 766
231536 187716 766
231536 187716 766
231536 187716 766
231536 187716 766
231536 187716 766
231536 187716 766
231536 187716 766
231536 187716 766
231536 187716 766
231536 187716 766
248398 256656 768
248398 256656 768
248398 256656 768
248398 256656 768
248398 256656 768
248398 256656 768
248398 256656 768
248398 256656 768
248398 256656 768
248398 256656 768
248398 256656 768
248398 256656 768
248398 256656 768
193571 173814 768
193571 173814 768
193571 173814 768
193571 173814 768
193571 173814 768
193571 173814 768
193571 173814 768
193571 173814 768
193571 173814 768
193571 173814 768
193571 173814 768
193571 173814 768
193571 173814 768
191015 193581 768
191015 193581 768
191015 193581 768
191015 193581 768
191015 193581 768
191015 193581 768
191015 193581 768
191015 193581 768
191015 193581 768
191015 193581 768
191015 193581 768
191015 193581 768
227008 246116 769
227008 246116 769
227008 246116 769
227008 246116 769
227008 246116 769
227008 246116 769
227008 246116 769
227008 246116 769
227008 246116 769
227008 246116 769
227008 246116 769
227008 246116 769
227098 236015 769
227098 236015 769
227098 236015 769
227098 236015 769
227098 236015 769
227098 236015 769
227098 236015 769
227098 236015 769
227098 236015 769
227098 236015 769
227098 236015 769
227098 236015 769
193422 243536 769
193422 243536 769
193422 243536 769
193422 243536 769
193422 243536 769
193422 243536 769
193422 243536 769
193422 243536 769
193422 243536 769
193422 243536 769
193422 243536 769
193422 243536 769
193422 243536 769
232693 235013 770
232693 235013 770
232693 235013 770
232693 235013 770
232693 235013 770
232693 235013 770
232693 235013 770
232693 235013 770
232693 235013 770
232693 235013 770
232693 235013 770
232693 235013 770
232693 235013 770
242036 237848 772
242036 237848 772
242036 237848 772
242036 237848 772
242036 237848 772
242036 237848 772
242036 237848 772
242036 237848 772
242036 237848 772
242036 237848 772
242036 237848 772
242036 237848 772
242036 237848 772
239190 265637 772
239190 265637 772
239190 265637 772
239190 265637 772
239190 265637 772
239190 265637 772
239190 265637 772
239190 265637 772
239190 265637 772
239190 265637 772
239190 265637 772
239190 265637 772
239190 265637 772
238571 249348 772
238571 249348 772
238571 249348 772
238571 249348 772
238571 249348 772
238571 249348 772
238571 249348 772
238571 249348 772
238571 249348 772
238571 249348 772
238571 249348 772
238571 249348 772
285272 294127 772
285272 294127 772
285272 294127 772
285272 294127 772
285272 294127 772
285272 294127 772
285272 294127 772
285272 294127 772
285272 294127 772
285272 294127 772
285272 294127 772
285272 294127 772
285272 294127 772
190863 190758 773
190863 190758 773
190863 190758 773
190863 190758 773
190863 190758 773
190863 190758 773
190863 190758 773
190863 190758 773
190863 190758 773
190863 190758 773
190863 190758 773
190863 190758 773
191598 225646 774
191598 225646 774
191598 225646 774
191598 225646 774
191598 225646 774
191598 225646 774
191598 225646 774
191598 225646 774
191598 225646 774
191598 225646 774
191598 225646 774
191598 225646 774
175899 170580 775
175899 170580 775
175899 170580 775
175899 170580 775
175899 170580 775
175899 170580 775
175899 170580 775
175899 170580 775
175899 170580 775
175899 170580 775
175899 170580 775
175899 170580 775
175899 170580 775
285354 236888 776
285354 236888 776
285354 236888 776
285354 236888 776
285354 236888 776
285354 236888 776
285354 236888 776
285354 236888 776
285354 236888 776
285354 236888 776
285354 236888 776
285354 236888 776
187567 190781 776
187567 190781 776
187567 190781 776
187567 190781 776
187567 190781 776
187567 190781 776
187567 190781 776
187567 190781 776
187567 190781 776
187567 190781 776
187567 190781 776
187567 190781 776
243536 225615 777
243536 225615 777
243536 225615 777
243536 225615 777
243536 225615 777
243536 225615 777
243536 225615 777
243536 225615 777
243536 225615 777
243536 225615 777
243536 225615 777
243536 225615 777
265329 296606 777
265329 296606 777
265329 296606 777
265329 296606 777
265329 296606 777
265329 296606 777
265329 296606 777
265329 296606 777
265329 296606 777
265329 296606 777
265329 296606 777
265329 296606 777
265329 296606 777
238513 229825 777
238513 229825 777
238513 229825 777
238513 229825 777
238513 229825 777
238513 229825 777
238513 229825 777
238513 229825 777
238513 229825 777
238513 229825 777
238513 229825 777
238513 229825 777
225616 227540 780
225616 227540 780
225616 227540 780
225616 227540 780
225616 227540 780
225616 227540 780
225616 227540 780
225616 227540 780
225616 227540 780
225616 227540 780
225616 227540 780
225616 227540 780
225616 227540 780
160250 175934 781
160250 175934 781
160250 175934 781
160250 175934 781
160250 175934 781
160250 175934 781
160250 175934 781
160250 175934 781
160250 175934 781
160250 175934 781
160250 175934 781
160250 175934 781
195494 175934 782
195494 175934 782
195494 175934 782
195494 175934 782
195494 175934 782
195494 175934 782
195494 175934 782
195494 175934 782
195494 175934 782
195494 175934 782
195494 175934 782
195494 175934 782
230956 228193 782
230956 228193 782
230956 228193 782
230956 228193 782
230956 228193 782
230956 228193 782
230956 228193 782
230956 228193 782
230956 228193 782
230956 228193 782
230956 228193 782
230956 228193 782
230956 228193 782
196158 237886 783
196158 237886 783
196158 237886 783
196158 237886 783
196158 237886 783
196158 237886 783
196158 237886 783
196158 237886 783
196158 237886 783
196158 237886 783
196158 237886 783
196158 237886 783
196158 237886 783
235942 243615 784
235942 243615 784
235942 243615 784
235942 243615 784
235942 243615 784
235942 243615 784
235942 243615 784
235942 243615 784
235942 243615 784
235942 243615 784
235942 243615 784
235942 243615 784
190899 175936 785
190899 175936 785
190899 175936 785
190899 175936 785
190899 175936 785
190899 175936 785
190899 175936 785
190899 175936 785
190899 175936 785
190899 175936 785
190899 175936 785
190899 175936 785
282816 283967 785
282816 283967 785
282816 283967 785
282816 283967 785
282816 283967 785
282816 283967 785
282816 283967 785
282816 283967 785
282816 283967 785
282816 283967 785
282816 283967 785
282816 283967 785
268888 225931 785
268888 225931 785
268888 225931 785
268888 225931 785
268888 225931 785
268888 225931 785
268888 225931 785
268888 225931 785
268888 225931 785
268888 225931 785
268888 225931 785
268888 225931 785
246063 247156 786
246063 247156 786
246063 247156 786
246063 247156 786
246063 247156 786
246063 247156 786
246063 247156 786
246063 247156 786
246063 247156 786
246063 247156 786
246063 247156 786
246063 247156 786
246063 247156 786
195262 228005 786
195262 228005 786
195262 228005 786
195262 228005 786
195262 228005 786
195262 228005 786
195262 228005 786
195262 228005 786
195262 228005 786
195262 228005 786
195262 228005 786
195262 228005 786
195262 228005 786
235127 226970 786
235127 226970 786
235127 226970 786
235127 226970 786
235127 226970 786
235127 226970 786
235127 226970 786
235127 226970 786
235127 226970 786
235127 226970 786
235127 226970 786
235127 226970 786
235127 226970 786
175963 187711 788
175963 187711 788
175963 187711 788
175963 187711 788
175963 187711 788
175963 187711 788
175963 187711 788
175963 187711 788
175963 187711 788
175963 187711 788
175963 187711 788
175963 187711 788
289528 246154 789
289528 246154 789
289528 246154 789
289528 246154 789
289528 246154 789
289528 246154 789
289528 246154 789
289528 246154 789
289528 246154 789
289528 246154 789
289528 246154 789
289528 246154 789
194427 236507 790
194427 236507 790
194427 236507 790
194427 236507 790
194427 236507 790
194427 236507 790
194427 236507 790
194427 236507 790
194427 236507 790
194427 236507 790
194427 236507 790
194427 236507 790
194427 236507 790
202634 174828 790
202634 174828 790
202634 174828 790
202634 174828 790
202634 174828 790
202634 174828 790
202634 174828 790
202634 174828 790
202634 174828 790
202634 174828 790
202634 174828 790
202634 174828 790
202634 174828 790
196008 201279 790
196008 201279 790
196008 201279 790
196008 201279 790
196008 201279 790
196008 201279 790
196008 201279 790
196008 201279 790
196008 201279 790
196008 201279 790
196008 201279 790
196008 201279 790
235080 242460 791
235080 242460 791
235080 242460 791
235080 242460 791
235080 242460 791
235080 242460 791
235080 242460 791
235080 242460 791
235080 242460 791
235080 242460 791
235080 242460 791
235080 242460 791
235080 242460 791
202632 209656 793
202632 209656 793
202632 209656 793
202632 209656 793
202632 209656 793
202632 209656 793
202632 209656 793
202632 209656 793
202632 209656 793
202632 209656 793
202632 209656 793
202632 209656 793
202632 209656 793
240050 227547 793
240050 227547 793
240050 227547 793
240050 227547 793
240050 227547 793
240050 227547 793
240050 227547 793
240050 227547 793
240050 227547 793
240050 227547 793
240050 227547 793
240050 227547 793
240050 227547 793
242072 226968 793
242072 226968 793
242072 226968 793
242072 226968 793
242072 226968 793
242072 226968 793
242072 226968 793
242072 226968 793
242072 226968 793
242072 226968 793
242072 226968 793
242072 226968 793
242072 226968 793
233587 235674 794
233587 235674 794
233587 235674 794
233587 235674 794
233587 235674 794
233587 235674 794
233587 235674 794
233587 235674 794
233587 235674 794
233587 235674 794
233587 235674 794
233587 235674 794
233587 235674 794
236897 238238 795
236897 238238 795
236897 238238 795
236897 238238 795
236897 238238 795
236897 238238 795
236897 238238 795
236897 238238 795
236897 238238 795
236897 238238 795
236897 238238 795
236897 238238 795
295185 250551 795
295185 250551 795
295185 250551 795
295185 250551 795
295185 250551 795
295185 250551 795
295185 250551 795
295185 250551 795
295185 250551 795
295185 250551 795
295185 250551 795
295185 250551 795
295185 250551 795
235658 9638 796
235658 9638 796
235658 9638 796
235658 9638 796
235658 9638 796
235658 9638 796
235658 9638 796
235658 9638 796
235658 9638 796
235658 9638 796
235658 9638 796
235658 9638 796
235658 9638 796
233589 227071 797
233589 227071 797
233589 227071 797
233589 227071 797
233589 227071 797
233589 227071 797
233589 227071 797
233589 227071 797
233589 227071 797
233589 227071 797
233589 227071 797
233589 227071 797
233589 227071 797
232697 235795 797
232697 235795 797
232697 235795 797
232697 235795 797
232697 235795 797
232697 235795 797
232697 235795 797
232697 235795 797
232697 235795 797
232697 235795 797
232697 235795 797
232697 235795 797
232697 235795 797
233589 227071 797
233589 227071 797
233589 227071 797
233589 227071 797
233589 227071 797
233589 227071 797
233589 227071 797
233589 227071 797
233589 227071 797
233589 227071 797
233589 227071 797
233589 227071 797
233589 227071 797
195615 265841 798
195615 265841 798
195615 265841 798
195615 265841 798
195615 265841 798
195615 265841 798
195615 265841 798
195615 265841 798
195615 265841 798
195615 265841 798
195615 265841 798
195615 265841 798
233585 227071 798
233585 227071 798
233585 227071 798
233585 227071 798
233585 227071 798
233585 227071 798
233585 227071 798
233585 227071 798
233585 227071 798
233585 227071 798
233585 227071 798
233585 227071 798
233585 227071 798
191594 198625 798
191594 198625 798
191594 198625 798
191594 198625 798
191594 198625 798
191594 198625 798
191594 198625 798
191594 198625 798
191594 198625 798
191594 198625 798
191594 198625 798
191594 198625 798
237855 191672 799
237855 191672 799
237855 191672 799
237855 191672 799
237855 191672 799
237855 191672 799
237855 191672 799
237855 191672 799
237855 191672 799
237855 191672 799
237855 191672 799
237855 191672 799
237855 191672 799
206050 199490 800
206050 199490 800
206050 199490 800
206050 199490 800
206050 199490 800
206050 199490 800
206050 199490 800
206050 199490 800
206050 199490 800
206050 199490 800
206050 199490 800
206050 199490 800
206050 199490 800
231019 236839 800
231019 236839 800
231019 236839 800
231019 236839 800
231019 236839 800
231019 236839 800
231019 236839 800
231019 236839 800
231019 236839 800
231019 236839 800
231019 236839 800
231019 236839 800
208315 188465 804
208315 188465 804
208315 188465 804
208315 188465 804
208315 188465 804
208315 188465 804
208315 188465 804
208315 188465 804
208315 188465 804
208315 188465 804
208315 188465 804
208315 188465 804
242036 236426 804
242036 236426 804
242036 236426 804
242036 236426 804
242036 236426 804
242036 236426 804
242036 236426 804
242036 236426 804
242036 236426 804
242036 236426 804
242036 236426 804
242036 236426 804
242036 236426 804
193403 173825 804
193403 173825 804
193403 173825 804
193403 173825 804
193403 173825 804
193403 173825 804
193403 173825 804
193403 173825 804
193403 173825 804
193403 173825 804
193403 173825 804
193403 173825 804
193403 173825 804
193604 209085 804
193604 209085 804
193604 209085 804
193604 209085 804
193604 209085 804
193604 209085 804
193604 209085 804
193604 209085 804
193604 209085 804
193604 209085 804
193604 209085 804
193604 209085 804
193604 209085 804
200262 193058 805
200262 193058 805
200262 193058 805
200262 193058 805
200262 193058 805
200262 193058 805
200262 193058 805
200262 193058 805
200262 193058 805
200262 193058 805
200262 193058 805
200262 193058 805
200262 193058 805
187758 191594 807
187758 191594 807
187758 191594 807
187758 191594 807
187758 191594 807
187758 191594 807
187758 191594 807
187758 191594 807
187758 191594 807
187758 191594 807
187758 191594 807
187758 191594 807
238001 236493 807
238001 236493 807
238001 236493 807
238001 236493 807
238001 236493 807
238001 236493 807
238001 236493 807
238001 236493 807
238001 236493 807
238001 236493 807
238001 236493 807
238001 236493 807
236089 236561 807
236089 236561 807
236089 236561 807
236089 236561 807
236089 236561 807
236089 236561 807
236089 236561 807
236089 236561 807
236089 236561 807
236089 236561 807
236089 236561 807
236089 236561 807
175935 188474 808
175935 188474 808
175935 188474 808
175935 188474 808
175935 188474 808
175935 188474 808
175935 188474 808
175935 188474 808
175935 188474 808
175935 188474 808
175935 188474 808
175935 188474 808
19032 186880 809
19032 186880 809
19032 186880 809
19032 186880 809
19032 186880 809
19032 186880 809
19032 186880 809
19032 186880 809
19032 186880 809
19032 186880 809
19032 186880 809
19032 186880 809
19032 186880 809
246116 289528 811
246116 289528 811
246116 289528 811
246116 289528 811
246116 289528 811
246116 289528 811
246116 289528 811
246116 289528 811
246116 289528 811
246116 289528 811
246116 289528 811
246116 289528 811
246116 289528 811
285186 294270 815
285186 294270 815
285186 294270 815
285186 294270 815
285186 294270 815
285186 294270 815
285186 294270 815
285186 294270 815
285186 294270 815
285186 294270 815
285186 294270 815
285186 294270 815
285214 227037 816
285214 227037 816
285214 227037 816
285214 227037 816
285214 227037 816
285214 227037 816
285214 227037 816
285214 227037 816
285214 227037 816
285214 227037 816
285214 227037 816
285214 227037 816
193404 291426 816
193404 291426 816
193404 291426 816
193404 291426 816
193404 291426 816
193404 291426 816
193404 291426 816
193404 291426 816
193404 291426 816
193404 291426 816
193404 291426 816
193404 291426 816
284253 241490 817
284253 241490 817
284253 241490 817
284253 241490 817
284253 241490 817
284253 241490 817
284253 241490 817
284253 241490 817
284253 241490 817
284253 241490 817
284253 241490 817
284253 241490 817
270401 251995 817
270401 251995 817
270401 251995 817
270401 251995 817
270401 251995 817
270401 251995 817
270401 251995 817
270401 251995 817
270401 251995 817
270401 251995 817
270401 251995 817
270401 251995 817
233612 235975 818
233612 235975 818
233612 235975 818
233612 235975 818
233612 235975 818
233612 235975 818
233612 235975 818
233612 235975 818
233612 235975 818
233612 235975 818
233612 235975 818
233612 235975 818
289731 9119 819
289731 9119 819
289731 9119 819
289731 9119 819
289731 9119 819
289731 9119 819
289731 9119 819
289731 9119 819
289731 9119 819
289731 9119 819
289731 9119 819
289731 9119 819
289731 9119 819
282516 11788 820
282516 11788 820
282516 11788 820
282516 11788 820
282516 11788 820
282516 11788 820
282516 11788 820
282516 11788 820
282516 11788 820
282516 11788 820
282516 11788 820
282516 11788 820
282516 11788 820
235975 250698 822
235975 250698 822
235975 250698 822
235975 250698 822
235975 250698 822
235975 250698 822
235975 250698 822
235975 250698 822
235975 250698 822
235975 250698 822
235975 250698 822
235975 250698 822
235975 250698 822
233322 240938 822
233322 240938 822
233322 240938 822
233322 240938 822
233322 240938 822
233322 240938 822
233322 240938 822
233322 240938 822
233322 240938 822
233322 240938 822
233322 240938 822
233322 240938 822
233322 240938 822
228124 228142 822
228124 228142 822
228124 228142 822
228124 228142 822
228124 228142 822
228124 228142 822
228124 228142 822
228124 228142 822
228124 228142 822
228124 228142 822
228124 228142 822
228124 228142 822
228124 228142 822
176285 236105 825
176285 236105 825
176285 236105 825
176285 236105 825
176285 236105 825
176285 236105 825
176285 236105 825
176285 236105 825
176285 236105 825
176285 236105 825
176285 236105 825
176285 236105 825
176285 236105 825
10670 236105 825
10670 236105 825
10670 236105 825
10670 236105 825
10670 236105 825
10670 236105 825
10670 236105 825
10670 236105 825
10670 236105 825
10670 236105 825
10670 236105 825
10670 236105 825
10670 236105 825
236921 285658 826
236921 285658 826
236921 285658 826
236921 285658 826
236921 285658 826
236921 285658 826
236921 285658 826
236921 285658 826
236921 285658 826
236921 285658 826
236921 285658 826
236921 285658 826
236921 285658 826
174934 202014 826
174934 202014 826
174934 202014 826
174934 202014 826
174934 202014 826
174934 202014 826
174934 202014 826
174934 202014 826
174934 202014 826
174934 202014 826
174934 202014 826
174934 202014 826
174934 202014 826
295133 282890 826
295133 282890 826
295133 282890 826
295133 282890 826
295133 282890 826
295133 282890 826
295133 282890 826
295133 282890 826
295133 282890 826
295133 282890 826
295133 282890 826
295133 282890 826
295133 282890 826
234195 240936 828
234195 240936 828
234195 240936 828
234195 240936 828
234195 240936 828
234195 240936 828
234195 240936 828
234195 240936 828
234195 240936 828
234195 240936 828
234195 240936 828
234195 240936 828
234195 240936 828
295971 285500 832
295971 285500 832
295971 285500 832
295971 285500 832
295971 285500 832
295971 285500 832
295971 285500 832
295971 285500 832
295971 285500 832
295971 285500 832
295971 285500 832
295971 285500 832
237991 4569 832
237991 4569 832
237991 4569 832
237991 4569 832
237991 4569 832
237991 4569 832
237991 4569 832
237991 4569 832
237991 4569 832
237991 4569 832
237991 4569 832
237991 4569 832
240956 227696 833
240956 227696 833
240956 227696 833
240956 227696 833
240956 227696 833
240956 227696 833
240956 227696 833
240956 227696 833
240956 227696 833
240956 227696 833
240956 227696 833
240956 227696 833
240936 238637 834
240936 238637 834
240936 238637 834
240936 238637 834
240936 238637 834
240936 238637 834
240936 238637 834
240936 238637 834
240936 238637 834
240936 238637 834
240936 238637 834
240936 238637 834
240936 238637 834
285355 228132 834
285355 228132 834
285355 228132 834
285355 228132 834
285355 228132 834
285355 228132 834
285355 228132 834
285355 228132 834
285355 228132 834
285355 228132 834
285355 228132 834
285355 228132 834
285355 228132 834
190997 194346 840
190997 194346 840
190997 194346 840
190997 194346 840
190997 194346 840
190997 194346 840
190997 194346 840
190997 194346 840
190997 194346 840
190997 194346 840
190997 194346 840
190997 194346 840
242322 246066 841
242322 246066 841
242322 246066 841
242322 246066 841
242322 246066 841
242322 246066 841
242322 246066 841
242322 246066 841
242322 246066 841
242322 246066 841
242322 246066 841
242322 246066 841
242322 246066 841
238637 10447 843
238637 10447 843
238637 10447 843
238637 10447 843
238637 10447 843
238637 10447 843
238637 10447 843
238637 10447 843
238637 10447 843
238637 10447 843
238637 10447 843
238637 10447 843
227267 236474 843
227267 236474 843
227267 236474 843
227267 236474 843
227267 236474 843
227267 236474 843
227267 236474 843
227267 236474 843
227267 236474 843
227267 236474 843
227267 236474 843
227267 236474 843
237660 243704 843
237660 243704 843
237660 243704 843
237660 243704 843
237660 243704 843
237660 243704 843
237660 243704 843
237660 243704 843
237660 243704 843
237660 243704 843
237660 243704 843
237660 243704 843
237660 243704 843
235873 225943 848
235873 225943 848
235873 225943 848
235873 225943 848
235873 225943 848
235873 225943 848
235873 225943 848
235873 225943 848
235873 225943 848
235873 225943 848
235873 225943 848
235873 225943 848
191601 204226 848
191601 204226 848
191601 204226 848
191601 204226 848
191601 204226 848
191601 204226 848
191601 204226 848
191601 204226 848
191601 204226 848
191601 204226 848
191601 204226 848
191601 204226 848
235885 225943 850
235885 225943 850
235885 225943 850
235885 225943 850
235885 225943 850
235885 225943 850
235885 225943 850
235885 225943 850
235885 225943 850
235885 225943 850
235885 225943 850
235885 225943 850
235885 225943 850
190740 208202 851
190740 208202 851
190740 208202 851
190740 208202 851
190740 208202 851
190740 208202 851
190740 208202 851
190740 208202 851
190740 208202 851
190740 208202 851
190740 208202 851
190740 208202 851
190740 208202 851
204226 194447 852
204226 194447 852
204226 194447 852
204226 194447 852
204226 194447 852
204226 194447 852
204226 194447 852
204226 194447 852
204226 194447 852
204226 194447 852
204226 194447 852
204226 194447 852
176237 236067 853
176237 236067 853
176237 236067 853
176237 236067 853
176237 236067 853
176237 236067 853
176237 236067 853
176237 236067 853
176237 236067 853
176237 236067 853
176237 236067 853
176237 236067 853
250593 250537 857
250593 250537 857
250593 250537 857
250593 250537 857
250593 250537 857
250593 250537 857
250593 250537 857
250593 250537 857
250593 250537 857
250593 250537 857
250593 250537 857
250593 250537 857
289513 228107 857
289513 228107 857
289513 228107 857
289513 228107 857
289513 228107 857
289513 228107 857
289513 228107 857
289513 228107 857
289513 228107 857
289513 228107 857
289513 228107 857
289513 228107 857
289513 228107 857
232934 240866 861
232934 240866 861
232934 240866 861
232934 240866 861
232934 240866 861
232934 240866 861
232934 240866 861
232934 240866 861
232934 240866 861
232934 240866 861
232934 240866 861
232934 240866 861
232934 240866 861
238631 237848 864
238631 237848 864
238631 237848 864
238631 237848 864
238631 237848 864
238631 237848 864
238631 237848 864
238631 237848 864
238631 237848 864
238631 237848 864
238631 237848 864
238631 237848 864
238631 237848 864
178291 285455 873
178291 285455 873
178291 285455 873
178291 285455 873
178291 285455 873
178291 285455 873
178291 285455 873
178291 285455 873
178291 285455 873
178291 285455 873
178291 285455 873
178291 285455 873
178291 285455 873
198372 208264 875
198372 208264 875
198372 208264 875
198372 208264 875
198372 208264 875
198372 208264 875
198372 208264 875
198372 208264 875
198372 208264 875
198372 208264 875
198372 208264 875
198372 208264 875
198372 208264 875
231890 237660 875
231890 237660 875
231890 237660 875
231890 237660 875
231890 237660 875
231890 237660 875
231890 237660 875
231890 237660 875
231890 237660 875
231890 237660 875
231890 237660 875
231890 237660 875
231890 237660 875
294619 265760 879
294619 265760 879
294619 265760 879
294619 265760 879
294619 265760 879
294619 265760 879
294619 265760 879
294619 265760 879
294619 265760 879
294619 265760 879
294619 265760 879
294619 265760 879
284206 150250 882
284206 150250 882
284206 150250 882
284206 150250 882
284206 150250 882
284206 150250 882
284206 150250 882
284206 150250 882
284206 150250 882
284206 150250 882
284206 150250 882
284206 150250 882
284206 150250 882
232898 243644 883
232898 243644 883
232898 243644 883
232898 243644 883
232898 243644 883
232898 243644 883
232898 243644 883
232898 243644 883
232898 243644 883
232898 243644 883
232898 243644 883
232898 243644 883
225931 160258 891
225931 160258 891
225931 160258 891
225931 160258 891
225931 160258 891
225931 160258 891
225931 160258 891
225931 160258 891
225931 160258 891
225931 160258 891
225931 160258 891
225931 160258 891
225931 160258 891
225931 160258 891
225931 160258 891
225931 160258 891
225931 160258 891
225931 160258 891
225931 160258 891
225931 160258 891
225931 160258 891
225931 160258 891
225931 160258 891
225931 160258 891
225931 160258 891
208315 241873 894
208315 241873 894
208315 241873 894
208315 241873 894
208315 241873 894
208315 241873 894
208315 241873 894
208315 241873 894
208315 241873 894
208315 241873 894
208315 241873 894
208315 241873 894
151480 291206 894
151480 291206 894
151480 291206 894
151480 291206 894
151480 291206 894
151480 291206 894
151480 291206 894
151480 291206 894
151480 291206 894
151480 291206 894
151480 291206 894
151480 291206 894
151480 291206 894
291206 289187 898
291206 289187 898
291206 289187 898
291206 289187 898
291206 289187 898
291206 289187 898
291206 289187 898
291206 289187 898
291206 289187 898
291206 289187 898
291206 289187 898
291206 289187 898
251928 286748 899
251928 286748 899
251928 286748 899
251928 286748 899
251928 286748 899
251928 286748 899
251928 286748 899
251928 286748 899
251928 286748 899
251928 286748 899
251928 286748 899
251928 286748 899
242141 204222 900
242141 204222 900
242141 204222 900
242141 204222 900
242141 204222 900
242141 204222 900
242141 204222 900
242141 204222 900
242141 204222 900
242141 204222 900
242141 204222 900
242141 204222 900
242141 204222 900
250699 248378 900
250699 248378 900
250699 248378 900
250699 248378 900
250699 248378 900
250699 248378 900
250699 248378 900
250699 248378 900
250699 248378 900
250699 248378 900
250699 248378 900
250699 248378 900
226583 262498 900
226583 262498 900
226583 262498 900
226583 262498 900
226583 262498 900
226583 262498 900
226583 262498 900
226583 262498 900
226583 262498 900
226583 262498 900
226583 262498 900
226583 262498 900
285121 292042 905
285121 292042 905
285121 292042 905
285121 292042 905
285121 292042 905
285121 292042 905
285121 292042 905
285121 292042 905
285121 292042 905
285121 292042 905
285121 292042 905
285121 292042 905
286432 250583 907
286432 250583 907
286432 250583 907
286432 250583 907
286432 250583 907
286432 250583 907
286432 250583 907
286432 250583 907
286432 250583 907
286432 250583 907
286432 250583 907
286432 250583 907
233634 285121 908
233634 285121 908
233634 285121 908
233634 285121 908
233634 285121 908
233634 285121 908
233634 285121 908
233634 285121 908
233634 285121 908
233634 285121 908
233634 285121 908
233634 285121 908
233634 285121 908
230689 243477 910
230689 243477 910
230689 243477 910
230689 243477 910
230689 243477 910
230689 243477 910
230689 243477 910
230689 243477 910
230689 243477 910
230689 243477 910
230689 243477 910
230689 243477 910
230689 243477 910
284632 252667 911
284632 252667 911
284632 252667 911
284632 252667 911
284632 252667 911
284632 252667 911
284632 252667 911
284632 252667 911
284632 252667 911
284632 252667 911
284632 252667 911
284632 252667 911
246165 266114 913
246165 266114 913
246165 266114 913
246165 266114 913
246165 266114 913
246165 266114 913
246165 266114 913
246165 266114 913
246165 266114 913
246165 266114 913
246165 266114 913
246165 266114 913
233327 240894 913
233327 240894 913
233327 240894 913
233327 240894 913
233327 240894 913
233327 240894 913
233327 240894 913
233327 240894 913
233327 240894 913
233327 240894 913
233327 240894 913
233327 240894 913
14712 285354 916
14712 285354 916
14712 285354 916
14712 285354 916
14712 285354 916
14712 285354 916
14712 285354 916
14712 285354 916
14712 285354 916
14712 285354 916
14712 285354 916
14712 285354 916
227246 243230 916
227246 243230 916
227246 243230 916
227246 243230 916
227246 243230 916
227246 243230 916
227246 243230 916
227246 243230 916
227246 243230 916
227246 243230 916
227246 243230 916
227246 243230 916
10207 294123 918
10207 294123 918
10207 294123 918
10207 294123 918
10207 294123 918
10207 294123 918
10207 294123 918
10207 294123 918
10207 294123 918
10207 294123 918
10207 294123 918
10207 294123 918
10207 294123 918
266104 284212 919
266104 284212 919
266104 284212 919
266104 284212 919
266104 284212 919
266104 284212 919
266104 284212 919
266104 284212 919
266104 284212 919
266104 284212 919
266104 284212 919
266104 284212 919
291376 282552 928
291376 282552 928
291376 282552 928
291376 282552 928
291376 282552 928
291376 282552 928
291376 282552 928
291376 282552 928
291376 282552 928
291376 282552 928
291376 282552 928
291376 282552 928
291376 282552 928
289620 228156 930
289620 228156 930
289620 228156 930
289620 228156 930
289620 228156 930
289620 228156 930
289620 228156 930
289620 228156 930
289620 228156 930
289620 228156 930
289620 228156 930
289620 228156 930
284633 9115 931
284633 9115 931
284633 9115 931
284633 9115 931
284633 9115 931
284633 9115 931
284633 9115 931
284633 9115 931
284633 9115 931
284633 9115 931
284633 9115 931
284633 9115 931
230245 228466 934
230245 228466 934
230245 228466 934
230245 228466 934
230245 228466 934
230245 228466 934
230245 228466 934
230245 228466 934
230245 228466 934
230245 228466 934
230245 228466 934
230245 228466 934
150494 228156 935
150494 228156 935
150494 228156 935
150494 228156 935
150494 228156 935
150494 228156 935
150494 228156 935
150494 228156 935
150494 228156 935
150494 228156 935
150494 228156 935
150494 228156 935
243622 232897 937
243622 232897 937
243622 232897 937
243622 232897 937
243622 232897 937
243622 232897 937
243622 232897 937
243622 232897 937
243622 232897 937
243622 232897 937
243622 232897 937
243622 232897 937
285121 286725 940
285121 286725 940
285121 286725 940
285121 286725 940
285121 286725 940
285121 286725 940
285121 286725 940
285121 286725 940
285121 286725 940
285121 286725 940
285121 286725 940
285121 286725 940
285121 286725 940
11777 285186 942
11777 285186 942
11777 285186 942
11777 285186 942
11777 285186 942
11777 285186 942
11777 285186 942
11777 285186 942
11777 285186 942
11777 285186 942
11777 285186 942
11777 285186 942
11777 285186 942
236839 285276 947
236839 285276 947
236839 285276 947
236839 285276 947
236839 285276 947
236839 285276 947
236839 285276 947
236839 285276 947
236839 285276 947
236839 285276 947
236839 285276 947
236839 285276 947
236839 285276 947
290393 245976 948
290393 245976 948
290393 245976 948
290393 245976 948
290393 245976 948
290393 245976 948
290393 245976 948
290393 245976 948
290393 245976 948
290393 245976 948
290393 245976 948
290393 245976 948
290393 245976 948
230957 262498 963
230957 262498 963
230957 262498 963
230957 262498 963
230957 262498 963
230957 262498 963
230957 262498 963
230957 262498 963
230957 262498 963
230957 262498 963
230957 262498 963
230957 262498 963
230957 262498 963
293343 285366 976
293343 285366 976
293343 285366 976
293343 285366 976
293343 285366 976
293343 285366 976
293343 285366 976
293343 285366 976
293343 285366 976
293343 285366 976
293343 285366 976
293343 285366 976
225931 292473 999
225931 292473 999
225931 292473 999
225931 292473 999
225931 292473 999
225931 292473 999
225931 292473 999
225931 292473 999
225931 292473 999
225931 292473 999
225931 292473 999
225931 292473 999
230262 124694 1000
230262 124694 1000
230262 124694 1000
230262 124694 1000
230262 124694 1000
230262 124694 1000
230262 124694 1000
230262 124694 1000
230262 124694 1000
230262 124694 1000
230262 124694 1000
230262 124694 1000
231019 124351 1003
231019 124351 1003
231019 124351 1003
231019 124351 1003
231019 124351 1003
231019 124351 1003
231019 124351 1003
231019 124351 1003
231019 124351 1003
231019 124351 1003
231019 124351 1003
231019 124351 1003
230262 124694 1009
230262 124694 1009
230262 124694 1009
230262 124694 1009
230262 124694 1009
230262 124694 1009
230262 124694 1009
230262 124694 1009
230262 124694 1009
230262 124694 1009
230262 124694 1009
230262 124694 1009
230262 124694 1009
227074 293558 1018
227074 293558 1018
227074 293558 1018
227074 293558 1018
227074 293558 1018
227074 293558 1018
227074 293558 1018
227074 293558 1018
227074 293558 1018
227074 293558 1018
227074 293558 1018
227074 293558 1018
284492 296526 1027
284492 296526 1027
284492 296526 1027
284492 296526 1027
284492 296526 1027
284492 296526 1027
284492 296526 1027
284492 296526 1027
284492 296526 1027
284492 296526 1027
284492 296526 1027
284492 296526 1027
284492 296526 1027
184794 206050 1028
184794 206050 1028
184794 206050 1028
184794 206050 1028
184794 206050 1028
184794 206050 1028
184794 206050 1028
184794 206050 1028
184794 206050 1028
184794 206050 1028
184794 206050 1028
184794 206050 1028
252010 267922 1034
252010 267922 1034
252010 267922 1034
252010 267922 1034
252010 267922 1034
252010 267922 1034
252010 267922 1034
252010 267922 1034
252010 267922 1034
252010 267922 1034
252010 267922 1034
252010 267922 1034
252010 267922 1034
268937 285121 1034
268937 285121 1034
268937 285121 1034
268937 285121 1034
268937 285121 1034
268937 285121 1034
268937 285121 1034
268937 285121 1034
268937 285121 1034
268937 285121 1034
268937 285121 1034
268937 285121 1034
268937 285121 1034
249343 160287 1048
249343 160287 1048
249343 160287 1048
249343 160287 1048
249343 160287 1048
249343 160287 1048
249343 160287 1048
249343 160287 1048
249343 160287 1048
249343 160287 1048
249343 160287 1048
249343 160287 1048
225616 227540 1049
225616 227540 1049
225616 227540 1049
225616 227540 1049
225616 227540 1049
225616 227540 1049
225616 227540 1049
225616 227540 1049
225616 227540 1049
225616 227540 1049
225616 227540 1049
225616 227540 1049
225616 227540 1049
226526 239504 1050
226526 239504 1050
226526 239504 1050
226526 239504 1050
226526 239504 1050
226526 239504 1050
226526 239504 1050
226526 239504 1050
226526 239504 1050
226526 239504 1050
226526 239504 1050
226526 239504 1050
226526 239504 1050
206259 204222 1054
206259 204222 1054
206259 204222 1054
206259 204222 1054
206259 204222 1054
206259 204222 1054
206259 204222 1054
206259 204222 1054
206259 204222 1054
206259 204222 1054
206259 204222 1054
206259 204222 1054
246116 245999 1055
246116 245999 1055
246116 245999 1055
246116 245999 1055
246116 245999 1055
246116 245999 1055
246116 245999 1055
246116 245999 1055
246116 245999 1055
246116 245999 1055
246116 245999 1055
246116 245999 1055
246113 246053 1056
246113 246053 1056
246113 246053 1056
246113 246053 1056
246113 246053 1056
246113 246053 1056
246113 246053 1056
246113 246053 1056
246113 246053 1056
246113 246053 1056
246113 246053 1056
246113 246053 1056
246113 246053 1056
285274 236843 1057
285274 236843 1057
285274 236843 1057
285274 236843 1057
285274 236843 1057
285274 236843 1057
285274 236843 1057
285274 236843 1057
285274 236843 1057
285274 236843 1057
285274 236843 1057
285274 236843 1057
285274 236843 1057
246054 250622 1058
246054 250622 1058
246054 250622 1058
246054 250622 1058
246054 250622 1058
246054 250622 1058
246054 250622 1058
246054 250622 1058
246054 250622 1058
246054 250622 1058
246054 250622 1058
246054 250622 1058
227265 240623 1059
227265 240623 1059
227265 240623 1059
227265 240623 1059
227265 240623 1059
227265 240623 1059
227265 240623 1059
227265 240623 1059
227265 240623 1059
227265 240623 1059
227265 240623 1059
227265 240623 1059
227265 240623 1059
230956 228521 1061
230956 228521 1061
230956 228521 1061
230956 228521 1061
230956 228521 1061
230956 228521 1061
230956 228521 1061
230956 228521 1061
230956 228521 1061
230956 228521 1061
230956 228521 1061
230956 228521 1061
240623 236845 1061
240623 236845 1061
240623 236845 1061
240623 236845 1061
240623 236845 1061
240623 236845 1061
240623 236845 1061
240623 236845 1061
240623 236845 1061
240623 236845 1061
240623 236845 1061
240623 236845 1061
239504 240623 1062
239504 240623 1062
239504 240623 1062
239504 240623 1062
239504 240623 1062
239504 240623 1062
239504 240623 1062
239504 240623 1062
239504 240623 1062
239504 240623 1062
239504 240623 1062
239504 240623 1062
233609 283345 1062
233609 283345 1062
233609 283345 1062
233609 283345 1062
233609 283345 1062
233609 283345 1062
233609 283345 1062
233609 283345 1062
233609 283345 1062
233609 283345 1062
233609 283345 1062
233609 283345 1062
190969 235974 1064
190969 235974 1064
190969 235974 1064
190969 235974 1064
190969 235974 1064
190969 235974 1064
190969 235974 1064
190969 235974 1064
190969 235974 1064
190969 235974 1064
190969 235974 1064
190969 235974 1064
190969 235974 1064
243645 228034 1065
243645 228034 1065
243645 228034 1065
243645 228034 1065
243645 228034 1065
243645 228034 1065
243645 228034 1065
243645 228034 1065
243645 228034 1065
243645 228034 1065
243645 228034 1065
243645 228034 1065
243645 228034 1065
232696 228153 1066
232696 228153 1066
232696 228153 1066
232696 228153 1066
232696 228153 1066
232696 228153 1066
232696 228153 1066
232696 228153 1066
232696 228153 1066
232696 228153 1066
232696 228153 1066
232696 228153 1066
195508 184866 1068
195508 184866 1068
195508 184866 1068
195508 184866 1068
195508 184866 1068
195508 184866 1068
195508 184866 1068
195508 184866 1068
195508 184866 1068
195508 184866 1068
195508 184866 1068
195508 184866 1068
289620 235852 1070
289620 235852 1070
289620 235852 1070
289620 235852 1070
289620 235852 1070
289620 235852 1070
289620 235852 1070
289620 235852 1070
289620 235852 1070
289620 235852 1070
289620 235852 1070
289620 235852 1070
176190 231916 1071
176190 231916 1071
176190 231916 1071
176190 231916 1071
176190 231916 1071
176190 231916 1071
176190 231916 1071
176190 231916 1071
176190 231916 1071
176190 231916 1071
176190 231916 1071
176190 231916 1071
176190 231916 1071
191640 199108 1073
191640 199108 1073
191640 199108 1073
191640 199108 1073
191640 199108 1073
191640 199108 1073
191640 199108 1073
191640 199108 1073
191640 199108 1073
191640 199108 1073
191640 199108 1073
191640 199108 1073
231018 235977 1074
231018 235977 1074
231018 235977 1074
231018 235977 1074
231018 235977 1074
231018 235977 1074
231018 235977 1074
231018 235977 1074
231018 235977 1074
231018 235977 1074
231018 235977 1074
231018 235977 1074
191600 10599 1075
191600 10599 1075
191600 10599 1075
191600 10599 1075
191600 10599 1075
191600 10599 1075
191600 10599 1075
191600 10599 1075
191600 10599 1075
191600 10599 1075
191600 10599 1075
191600 10599 1075
191600 10599 1075
235974 227020 1076
235974 227020 1076
235974 227020 1076
235974 227020 1076
235974 227020 1076
235974 227020 1076
235974 227020 1076
235974 227020 1076
235974 227020 1076
235974 227020 1076
235974 227020 1076
235974 227020 1076
235974 227020 1076
176253 209470 1076
176253 209470 1076
176253 209470 1076
176253 209470 1076
176253 209470 1076
176253 209470 1076
176253 209470 1076
176253 209470 1076
176253 209470 1076
176253 209470 1076
176253 209470 1076
176253 209470 1076
232694 227256 1077
232694 227256 1077
232694 227256 1077
232694 227256 1077
232694 227256 1077
232694 227256 1077
232694 227256 1077
232694 227256 1077
232694 227256 1077
232694 227256 1077
232694 227256 1077
232694 227256 1077
232694 227256 1077
240612 289563 1078
240612 289563 1078
240612 289563 1078
240612 289563 1078
240612 289563 1078
240612 289563 1078
240612 289563 1078
240612 289563 1078
240612 289563 1078
240612 289563 1078
240612 289563 1078
240612 289563 1078
246986 250635 1078
246986 250635 1078
246986 250635 1078
246986 250635 1078
246986 250635 1078
246986 250635 1078
246986 250635 1078
246986 250635 1078
246986 250635 1078
246986 250635 1078
246986 250635 1078
246986 250635 1078
151187 235679 1081
151187 235679 1081
151187 235679 1081
151187 235679 1081
151187 235679 1081
151187 235679 1081
151187 235679 1081
151187 235679 1081
151187 235679 1081
151187 235679 1081
151187 235679 1081
151187 235679 1081
151187 235679 1081
237856 237965 1083
237856 237965 1083
237856 237965 1083
237856 237965 1083
237856 237965 1083
237856 237965 1083
237856 237965 1083
237856 237965 1083
237856 237965 1083
237856 237965 1083
237856 237965 1083
237856 237965 1083
289150 227640 1084
289150 227640 1084
289150 227640 1084
289150 227640 1084
289150 227640 1084
289150 227640 1084
289150 227640 1084
289150 227640 1084
289150 227640 1084
289150 227640 1084
289150 227640 1084
289150 227640 1084
289150 227640 1084
239235 265481 1085
239235 265481 1085
239235 265481 1085
239235 265481 1085
239235 265481 1085
239235 265481 1085
239235 265481 1085
239235 265481 1085
239235 265481 1085
239235 265481 1085
239235 265481 1085
239235 265481 1085
246093 226981 1086
246093 226981 1086
246093 226981 1086
246093 226981 1086
246093 226981 1086
246093 226981 1086
246093 226981 1086
246093 226981 1086
246093 226981 1086
246093 226981 1086
246093 226981 1086
246093 226981 1086
246093 226981 1086
238631 236505 1086
238631 236505 1086
238631 236505 1086
238631 236505 1086
238631 236505 1086
238631 236505 1086
238631 236505 1086
238631 236505 1086
238631 236505 1086
238631 236505 1086
238631 236505 1086
238631 236505 1086
238631 236505 1086
227540 240839 1087
227540 240839 1087
227540 240839 1087
227540 240839 1087
227540 240839 1087
227540 240839 1087
227540 240839 1087
227540 240839 1087
227540 240839 1087
227540 240839 1087
227540 240839 1087
227540 240839 1087
246155 293377 1091
246155 293377 1091
246155 293377 1091
246155 293377 1091
246155 293377 1091
246155 293377 1091
246155 293377 1091
246155 293377 1091
246155 293377 1091
246155 293377 1091
246155 293377 1091
246155 293377 1091
175601 193058 1093
175601 193058 1093
175601 193058 1093
175601 193058 1093
175601 193058 1093
175601 193058 1093
175601 193058 1093
175601 193058 1093
175601 193058 1093
175601 193058 1093
175601 193058 1093
175601 193058 1093
175601 193058 1093
290810 227051 1095
290810 227051 1095
290810 227051 1095
290810 227051 1095
290810 227051 1095
290810 227051 1095
290810 227051 1095
290810 227051 1095
290810 227051 1095
290810 227051 1095
290810 227051 1095
290810 227051 1095
293377 294127 1095
293377 294127 1095
293377 294127 1095
293377 294127 1095
293377 294127 1095
293377 294127 1095
293377 294127 1095
293377 294127 1095
293377 294127 1095
293377 294127 1095
293377 294127 1095
293377 294127 1095
293377 294127 1095
228466 232707 1096
228466 232707 1096
228466 232707 1096
228466 232707 1096
228466 232707 1096
228466 232707 1096
228466 232707 1096
228466 232707 1096
228466 232707 1096
228466 232707 1096
228466 232707 1096
228466 232707 1096
228466 232707 1096
187569 193215 1097
187569 193215 1097
187569 193215 1097
187569 193215 1097
187569 193215 1097
187569 193215 1097
187569 193215 1097
187569 193215 1097
187569 193215 1097
187569 193215 1097
187569 193215 1097
187569 193215 1097
187569 193215 1097
226829 232189 1099
226829 232189 1099
226829 232189 1099
226829 232189 1099
226829 232189 1099
226829 232189 1099
226829 232189 1099
226829 232189 1099
226829 232189 1099
226829 232189 1099
226829 232189 1099
226829 232189 1099
228366 227537 1100
228366 227537 1100
228366 227537 1100
228366 227537 1100
228366 227537 1100
228366 227537 1100
228366 227537 1100
228366 227537 1100
228366 227537 1100
228366 227537 1100
228366 227537 1100
228366 227537 1100
4727 239187 1100
4727 239187 1100
4727 239187 1100
4727 239187 1100
4727 239187 1100
4727 239187 1100
4727 239187 1100
4727 239187 1100
4727 239187 1100
4727 239187 1100
4727 239187 1100
4727 239187 1100
4727 239187 1100
228366 236554 1101
228366 236554 1101
228366 236554 1101
228366 236554 1101
228366 236554 1101
228366 236554 1101
228366 236554 1101
228366 236554 1101
228366 236554 1101
228366 236554 1101
228366 236554 1101
228366 236554 1101
292030 235966 1101
292030 235966 1101
292030 235966 1101
292030 235966 1101
292030 235966 1101
292030 235966 1101
292030 235966 1101
292030 235966 1101
292030 235966 1101
292030 235966 1101
292030 235966 1101
292030 235966 1101
274610 150228 1104
274610 150228 1104
274610 150228 1104
274610 150228 1104
274610 150228 1104
274610 150228 1104
274610 150228 1104
274610 150228 1104
274610 150228 1104
274610 150228 1104
274610 150228 1104
274610 150228 1104
227265 243704 1106
227265 243704 1106
227265 243704 1106
227265 243704 1106
227265 243704 1106
227265 243704 1106
227265 243704 1106
227265 243704 1106
227265 243704 1106
227265 243704 1106
227265 243704 1106
227265 243704 1106
227108 237851 1106
227108 237851 1106
227108 237851 1106
227108 237851 1106
227108 237851 1106
227108 237851 1106
227108 237851 1106
227108 237851 1106
227108 237851 1106
227108 237851 1106
227108 237851 1106
227108 237851 1106
227108 237851 1106
245933 296545 1107
245933 296545 1107
245933 296545 1107
245933 296545 1107
245933 296545 1107
245933 296545 1107
245933 296545 1107
245933 296545 1107
245933 296545 1107
245933 296545 1107
245933 296545 1107
245933 296545 1107
245933 296545 1107
228142 236573 1108
228142 236573 1108
228142 236573 1108
228142 236573 1108
228142 236573 1108
228142 236573 1108
228142 236573 1108
228142 236573 1108
228142 236573 1108
228142 236573 1108
228142 236573 1108
228142 236573 1108
237851 237198 1110
237851 237198 1110
237851 237198 1110
237851 237198 1110
237851 237198 1110
237851 237198 1110
237851 237198 1110
237851 237198 1110
237851 237198 1110
237851 237198 1110
237851 237198 1110
237851 237198 1110
226966 290810 1112
226966 290810 1112
226966 290810 1112
226966 290810 1112
226966 290810 1112
226966 290810 1112
226966 290810 1112
226966 290810 1112
226966 290810 1112
226966 290810 1112
226966 290810 1112
226966 290810 1112
226966 290810 1112
286935 267933 1113
286935 267933 1113
286935 267933 1113
286935 267933 1113
286935 267933 1113
286935 267933 1113
286935 267933 1113
286935 267933 1113
286935 267933 1113
286935 267933 1113
286935 267933 1113
286935 267933 1113
283345 239235 1114
283345 239235 1114
283345 239235 1114
283345 239235 1114
283345 239235 1114
283345 239235 1114
283345 239235 1114
283345 239235 1114
283345 239235 1114
283345 239235 1114
283345 239235 1114
283345 239235 1114
190812 195495 1114
190812 195495 1114
190812 195495 1114
190812 195495 1114
190812 195495 1114
190812 195495 1114
190812 195495 1114
190812 195495 1114
190812 195495 1114
190812 195495 1114
190812 195495 1114
190812 195495 1114
190812 195495 1114
236573 227318 1114
236573 227318 1114
236573 227318 1114
236573 227318 1114
236573 227318 1114
236573 227318 1114
236573 227318 1114
236573 227318 1114
236573 227318 1114
236573 227318 1114
236573 227318 1114
236573 227318 1114
237090 242127 1115
237090 242127 1115
237090 242127 1115
237090 242127 1115
237090 242127 1115
237090 242127 1115
237090 242127 1115
237090 242127 1115
237090 242127 1115
237090 242127 1115
237090 242127 1115
237090 242127 1115
237090 242127 1115
292039 284247 1116
292039 284247 1116
292039 284247 1116
292039 284247 1116
292039 284247 1116
292039 284247 1116
292039 284247 1116
292039 284247 1116
292039 284247 1116
292039 284247 1116
292039 284247 1116
292039 284247 1116
176500 289310 1116
176500 289310 1116
176500 289310 1116
176500 289310 1116
176500 289310 1116
176500 289310 1116
176500 289310 1116
176500 289310 1116
176500 289310 1116
176500 289310 1116
176500 289310 1116
176500 289310 1116
239235 124698 1116
239235 124698 1116
239235 124698 1116
239235 124698 1116
239235 124698 1116
239235 124698 1116
239235 124698 1116
239235 124698 1116
239235 124698 1116
239235 124698 1116
239235 124698 1116
239235 124698 1116
239235 124698 1116
150450 284253 1117
150450 284253 1117
150450 284253 1117
150450 284253 1117
150450 284253 1117
150450 284253 1117
150450 284253 1117
150450 284253 1117
150450 284253 1117
150450 284253 1117
150450 284253 1117
150450 284253 1117
232832 230413 1118
232832 230413 1118
232832 230413 1118
232832 230413 1118
232832 230413 1118
232832 230413 1118
232832 230413 1118
232832 230413 1118
232832 230413 1118
232832 230413 1118
232832 230413 1118
232832 230413 1118
232832 230413 1118
227828 236052 1118
227828 236052 1118
227828 236052 1118
227828 236052 1118
227828 236052 1118
227828 236052 1118
227828 236052 1118
227828 236052 1118
227828 236052 1118
227828 236052 1118
227828 236052 1118
227828 236052 1118
245982 289545 1118
245982 289545 1118
245982 289545 1118
245982 289545 1118
245982 289545 1118
245982 289545 1118
245982 289545 1118
245982 289545 1118
245982 289545 1118
245982 289545 1118
245982 289545 1118
245982 289545 1118
195495 193910 1118
195495 193910 1118
195495 193910 1118
195495 193910 1118
195495 193910 1118
195495 193910 1118
195495 193910 1118
195495 193910 1118
195495 193910 1118
195495 193910 1118
195495 193910 1118
195495 193910 1118
195495 193910 1118
245982 289545 1118
245982 289545 1118
245982 289545 1118
245982 289545 1118
245982 289545 1118
245982 289545 1118
245982 289545 1118
245982 289545 1118
245982 289545 1118
245982 289545 1118
245982 289545 1118
245982 289545 1118
289744 270401 1119
289744 270401 1119
289744 270401 1119
289744 270401 1119
289744 270401 1119
289744 270401 1119
289744 270401 1119
289744 270401 1119
289744 270401 1119
289744 270401 1119
289744 270401 1119
289744 270401 1119
289744 270401 1119
235658 190920 1120
235658 190920 1120
235658 190920 1120
235658 190920 1120
235658 190920 1120
235658 190920 1120
235658 190920 1120
235658 190920 1120
235658 190920 1120
235658 190920 1120
235658 190920 1120
235658 190920 1120
294270 265412 1121
294270 265412 1121
294270 265412 1121
294270 265412 1121
294270 265412 1121
294270 265412 1121
294270 265412 1121
294270 265412 1121
294270 265412 1121
294270 265412 1121
294270 265412 1121
294270 265412 1121
294270 265412 1121
225759 230957 1121
225759 230957 1121
225759 230957 1121
225759 230957 1121
225759 230957 1121
225759 230957 1121
225759 230957 1121
225759 230957 1121
225759 230957 1121
225759 230957 1121
225759 230957 1121
225759 230957 1121
225759 230957 1121
230413 294127 1121
230413 294127 1121
230413 294127 1121
230413 294127 1121
230413 294127 1121
230413 294127 1121
230413 294127 1121
230413 294127 1121
230413 294127 1121
230413 294127 1121
230413 294127 1121
230413 294127 1121
230413 294127 1121
288988 291454 1121
288988 291454 1121
288988 291454 1121
288988 291454 1121
288988 291454 1121
288988 291454 1121
288988 291454 1121
288988 291454 1121
288988 291454 1121
288988 291454 1121
288988 291454 1121
288988 291454 1121
281445 285281 1121
281445 285281 1121
281445 285281 1121
281445 285281 1121
281445 285281 1121
281445 285281 1121
281445 285281 1121
281445 285281 1121
281445 285281 1121
281445 285281 1121
281445 285281 1121
281445 285281 1121
150466 285281 1121
150466 285281 1121
150466 285281 1121
150466 285281 1121
150466 285281 1121
150466 285281 1121
150466 285281 1121
150466 285281 1121
150466 285281 1121
150466 285281 1121
150466 285281 1121
150466 285281 1121
150466 285281 1121
281445 285273 1121
281445 285273 1121
281445 285273 1121
281445 285273 1121
281445 285273 1121
281445 285273 1121
281445 285273 1121
281445 285273 1121
281445 285273 1121
281445 285273 1121
281445 285273 1121
281445 285273 1121
281445 285273 1121
247083 291425 1122
247083 291425 1122
247083 291425 1122
247083 291425 1122
247083 291425 1122
247083 291425 1122
247083 291425 1122
247083 291425 1122
247083 291425 1122
247083 291425 1122
247083 291425 1122
247083 291425 1122
246116 227033 1122
246116 227033 1122
246116 227033 1122
246116 227033 1122
246116 227033 1122
246116 227033 1122
246116 227033 1122
246116 227033 1122
246116 227033 1122
246116 227033 1122
246116 227033 1122
246116 227033 1122
246116 227033 1122
246116 227033 1122
246116 227033 1122
246116 227033 1122
246116 227033 1122
246116 227033 1122
246116 227033 1122
246116 227033 1122
246116 227033 1122
246116 227033 1122
246116 227033 1122
246116 227033 1122
246116 227033 1122
238571 126483 1122
238571 126483 1122
238571 126483 1122
238571 126483 1122
238571 126483 1122
238571 126483 1122
238571 126483 1122
238571 126483 1122
238571 126483 1122
238571 126483 1122
238571 126483 1122
238571 126483 1122
238571 126483 1122
238720 230956 1122
238720 230956 1122
238720 230956 1122
238720 230956 1122
238720 230956 1122
238720 230956 1122
238720 230956 1122
238720 230956 1122
238720 230956 1122
238720 230956 1122
238720 230956 1122
238720 230956 1122
238720 230956 1122
174464 285484 1123
174464 285484 1123
174464 285484 1123
174464 285484 1123
174464 285484 1123
174464 285484 1123
174464 285484 1123
174464 285484 1123
174464 285484 1123
174464 285484 1123
174464 285484 1123
174464 285484 1123
174464 285484 1123
291737 246007 1123
291737 246007 1123
291737 246007 1123
291737 246007 1123
291737 246007 1123
291737 246007 1123
291737 246007 1123
291737 246007 1123
291737 246007 1123
291737 246007 1123
291737 246007 1123
291737 246007 1123
235974 231862 1123
235974 231862 1123
235974 231862 1123
235974 231862 1123
235974 231862 1123
235974 231862 1123
235974 231862 1123
235974 231862 1123
235974 231862 1123
235974 231862 1123
235974 231862 1123
235974 231862 1123
235974 231862 1123
160287 173941 1124
160287 173941 1124
160287 173941 1124
160287 173941 1124
160287 173941 1124
160287 173941 1124
160287 173941 1124
160287 173941 1124
160287 173941 1124
160287 173941 1124
160287 173941 1124
160287 173941 1124
160287 173941 1124
240633 243464 1124
240633 243464 1124
240633 243464 1124
240633 243464 1124
240633 243464 1124
240633 243464 1124
240633 243464 1124
240633 243464 1124
240633 243464 1124
240633 243464 1124
240633 243464 1124
240633 243464 1124
227318 266090 1124
227318 266090 1124
227318 266090 1124
227318 266090 1124
227318 266090 1124
227318 266090 1124
227318 266090 1124
227318 266090 1124
227318 266090 1124
227318 266090 1124
227318 266090 1124
227318 266090 1124
227318 266090 1124
228154 266090 1125
228154 266090 1125
228154 266090 1125
228154 266090 1125
228154 266090 1125
228154 266090 1125
228154 266090 1125
228154 266090 1125
228154 266090 1125
228154 266090 1125
228154 266090 1125
228154 266090 1125
228154 266090 1125
230957 236925 1125
230957 236925 1125
230957 236925 1125
230957 236925 1125
230957 236925 1125
230957 236925 1125
230957 236925 1125
230957 236925 1125
230957 236925 1125
230957 236925 1125
230957 236925 1125
230957 236925 1125
230957 236925 1125
295364 246617 1125
295364 246617 1125
295364 246617 1125
295364 246617 1125
295364 246617 1125
295364 246617 1125
295364 246617 1125
295364 246617 1125
295364 246617 1125
295364 246617 1125
295364 246617 1125
295364 246617 1125
245942 250600 1125
245942 250600 1125
245942 250600 1125
245942 250600 1125
245942 250600 1125
245942 250600 1125
245942 250600 1125
245942 250600 1125
245942 250600 1125
245942 250600 1125
245942 250600 1125
245942 250600 1125
243561 266090 1125
243561 266090 1125
243561 266090 1125
243561 266090 1125
243561 266090 1125
243561 266090 1125
243561 266090 1125
243561 266090 1125
243561 266090 1125
243561 266090 1125
243561 266090 1125
243561 266090 1125
285119 239187 1126
285119 239187 1126
285119 239187 1126
285119 239187 1126
285119 239187 1126
285119 239187 1126
285119 239187 1126
285119 239187 1126
285119 239187 1126
285119 239187 1126
285119 239187 1126
285119 239187 1126
190815 202629 1126
190815 202629 1126
190815 202629 1126
190815 202629 1126
190815 202629 1126
190815 202629 1126
190815 202629 1126
190815 202629 1126
190815 202629 1126
190815 202629 1126
190815 202629 1126
190815 202629 1126
190815 202629 1126
190815 202629 1126
190815 202629 1126
190815 202629 1126
190815 202629 1126
190815 202629 1126
190815 202629 1126
190815 202629 1126
190815 202629 1126
190815 202629 1126
190815 202629 1126
190815 202629 1126
235966 296597 1127
235966 296597 1127
235966 296597 1127
235966 296597 1127
235966 296597 1127
235966 296597 1127
235966 296597 1127
235966 296597 1127
235966 296597 1127
235966 296597 1127
235966 296597 1127
235966 296597 1127
235966 296597 1127
243464 237090 1127
243464 237090 1127
243464 237090 1127
243464 237090 1127
243464 237090 1127
243464 237090 1127
243464 237090 1127
243464 237090 1127
243464 237090 1127
243464 237090 1127
243464 237090 1127
243464 237090 1127
243464 237090 1127
10933 204226 1129
10933 204226 1129
10933 204226 1129
10933 204226 1129
10933 204226 1129
10933 204226 1129
10933 204226 1129
10933 204226 1129
10933 204226 1129
10933 204226 1129
10933 204226 1129
10933 204226 1129
191601 191591 1129
191601 191591 1129
191601 191591 1129
191601 191591 1129
191601 191591 1129
191601 191591 1129
191601 191591 1129
191601 191591 1129
191601 191591 1129
191601 191591 1129
191601 191591 1129
191601 191591 1129
187552 170574 1130
187552 170574 1130
187552 170574 1130
187552 170574 1130
187552 170574 1130
187552 170574 1130
187552 170574 1130
187552 170574 1130
187552 170574 1130
187552 170574 1130
187552 170574 1130
187552 170574 1130
187552 170574 1130
243615 227546 1132
243615 227546 1132
243615 227546 1132
243615 227546 1132
243615 227546 1132
243615 227546 1132
243615 227546 1132
243615 227546 1132
243615 227546 1132
243615 227546 1132
243615 227546 1132
243615 227546 1132
243615 227546 1132
235966 236836 1132
235966 236836 1132
235966 236836 1132
235966 236836 1132
235966 236836 1132
235966 236836 1132
235966 236836 1132
235966 236836 1132
235966 236836 1132
235966 236836 1132
235966 236836 1132
235966 236836 1132
242378 227513 1132
242378 227513 1132
242378 227513 1132
242378 227513 1132
242378 227513 1132
242378 227513 1132
242378 227513 1132
242378 227513 1132
242378 227513 1132
242378 227513 1132
242378 227513 1132
242378 227513 1132
235966 236836 1132
235966 236836 1132
235966 236836 1132
235966 236836 1132
235966 236836 1132
235966 236836 1132
235966 236836 1132
235966 236836 1132
235966 236836 1132
235966 236836 1132
235966 236836 1132
235966 236836 1132
235966 236836 1132
226526 236449 1133
226526 236449 1133
226526 236449 1133
226526 236449 1133
226526 236449 1133
226526 236449 1133
226526 236449 1133
226526 236449 1133
226526 236449 1133
226526 236449 1133
226526 236449 1133
226526 236449 1133
226526 236449 1133
186852 265841 1133
186852 265841 1133
186852 265841 1133
186852 265841 1133
186852 265841 1133
186852 265841 1133
186852 265841 1133
186852 265841 1133
186852 265841 1133
186852 265841 1133
186852 265841 1133
186852 265841 1133
186852 265841 1133
235966 285486 1134
235966 285486 1134
235966 285486 1134
235966 285486 1134
235966 285486 1134
235966 285486 1134
235966 285486 1134
235966 285486 1134
235966 285486 1134
235966 285486 1134
235966 285486 1134
235966 285486 1134
237855 199108 1134
237855 199108 1134
237855 199108 1134
237855 199108 1134
237855 199108 1134
237855 199108 1134
237855 199108 1134
237855 199108 1134
237855 199108 1134
237855 199108 1134
237855 199108 1134
237855 199108 1134
265841 282536 1135
265841 282536 1135
265841 282536 1135
265841 282536 1135
265841 282536 1135
265841 282536 1135
265841 282536 1135
265841 282536 1135
265841 282536 1135
265841 282536 1135
265841 282536 1135
265841 282536 1135
265841 282536 1135
226271 232603 1137
226271 232603 1137
226271 232603 1137
226271 232603 1137
226271 232603 1137
226271 232603 1137
226271 232603 1137
226271 232603 1137
226271 232603 1137
226271 232603 1137
226271 232603 1137
226271 232603 1137
226271 232603 1137
124698 237873 1137
124698 237873 1137
124698 237873 1137
124698 237873 1137
124698 237873 1137
124698 237873 1137
124698 237873 1137
124698 237873 1137
124698 237873 1137
124698 237873 1137
124698 237873 1137
124698 237873 1137
236519 267889 1137
236519 267889 1137
236519 267889 1137
236519 267889 1137
236519 267889 1137
236519 267889 1137
236519 267889 1137
236519 267889 1137
236519 267889 1137
236519 267889 1137
236519 267889 1137
236519 267889 1137
209547 201801 1137
209547 201801 1137
209547 201801 1137
209547 201801 1137
209547 201801 1137
209547 201801 1137
209547 201801 1137
209547 201801 1137
209547 201801 1137
209547 201801 1137
209547 201801 1137
209547 201801 1137
209547 201801 1137
289150 285260 1138
289150 285260 1138
289150 285260 1138
289150 285260 1138
289150 285260 1138
289150 285260 1138
289150 285260 1138
289150 285260 1138
289150 285260 1138
289150 285260 1138
289150 285260 1138
289150 285260 1138
289150 285260 1138
235974 14813 1138
235974 14813 1138
235974 14813 1138
235974 14813 1138
235974 14813 1138
235974 14813 1138
235974 14813 1138
235974 14813 1138
235974 14813 1138
235974 14813 1138
235974 14813 1138
235974 14813 1138
235974 14813 1138
236519 267889 1139
236519 267889 1139
236519 267889 1139
236519 267889 1139
236519 267889 1139
236519 267889 1139
236519 267889 1139
236519 267889 1139
236519 267889 1139
236519 267889 1139
236519 267889 1139
236519 267889 1139
232603 236179 1139
232603 236179 1139
232603 236179 1139
232603 236179 1139
232603 236179 1139
232603 236179 1139
232603 236179 1139
232603 236179 1139
232603 236179 1139
232603 236179 1139
232603 236179 1139
232603 236179 1139
240612 239014 1140
240612 239014 1140
240612 239014 1140
240612 239014 1140
240612 239014 1140
240612 239014 1140
240612 239014 1140
240612 239014 1140
240612 239014 1140
240612 239014 1140
240612 239014 1140
240612 239014 1140
240612 239014 1140
239001 226465 1140
239001 226465 1140
239001 226465 1140
239001 226465 1140
239001 226465 1140
239001 226465 1140
239001 226465 1140
239001 226465 1140
239001 226465 1140
239001 226465 1140
239001 226465 1140
239001 226465 1140
226651 234242 1140
226651 234242 1140
226651 234242 1140
226651 234242 1140
226651 234242 1140
226651 234242 1140
226651 234242 1140
226651 234242 1140
226651 234242 1140
226651 234242 1140
226651 234242 1140
226651 234242 1140
226651 234242 1140
242306 232694 1142
242306 232694 1142
242306 232694 1142
242306 232694 1142
242306 232694 1142
242306 232694 1142
242306 232694 1142
242306 232694 1142
242306 232694 1142
242306 232694 1142
242306 232694 1142
242306 232694 1142
232697 14923 1144
232697 14923 1144
232697 14923 1144
232697 14923 1144
232697 14923 1144
232697 14923 1144
232697 14923 1144
232697 14923 1144
232697 14923 1144
232697 14923 1144
232697 14923 1144
232697 14923 1144
292427 202880 1144
292427 202880 1144
292427 202880 1144
292427 202880 1144
292427 202880 1144
292427 202880 1144
292427 202880 1144
292427 202880 1144
292427 202880 1144
292427 202880 1144
292427 202880 1144
292427 202880 1144
292427 202880 1144
201801 225616 1144
201801 225616 1144
201801 225616 1144
201801 225616 1144
201801 225616 1144
201801 225616 1144
201801 225616 1144
201801 225616 1144
201801 225616 1144
201801 225616 1144
201801 225616 1144
201801 225616 1144
198559 225616 1145
198559 225616 1145
198559 225616 1145
198559 225616 1145
198559 225616 1145
198559 225616 1145
198559 225616 1145
198559 225616 1145
198559 225616 1145
198559 225616 1145
198559 225616 1145
198559 225616 1145
198559 225616 1145
182496 175934 1145
182496 175934 1145
182496 175934 1145
182496 175934 1145
182496 175934 1145
182496 175934 1145
182496 175934 1145
182496 175934 1145
182496 175934 1145
182496 175934 1145
182496 175934 1145
182496 175934 1145
182496 175934 1145
193621 186852 1146
193621 186852 1146
193621 186852 1146
193621 186852 1146
193621 186852 1146
193621 186852 1146
193621 186852 1146
193621 186852 1146
193621 186852 1146
193621 186852 1146
193621 186852 1146
193621 186852 1146
193621 186852 1146
252680 14459 1147
252680 14459 1147
252680 14459 1147
252680 14459 1147
252680 14459 1147
252680 14459 1147
252680 14459 1147
252680 14459 1147
252680 14459 1147
252680 14459 1147
252680 14459 1147
252680 14459 1147
252680 14459 1147
285273 294570 1148
285273 294570 1148
285273 294570 1148
285273 294570 1148
285273 294570 1148
285273 294570 1148
285273 294570 1148
285273 294570 1148
285273 294570 1148
285273 294570 1148
285273 294570 1148
285273 294570 1148
285273 294570 1148
289101 293675 1149
289101 293675 1149
289101 293675 1149
289101 293675 1149
289101 293675 1149
289101 293675 1149
289101 293675 1149
289101 293675 1149
289101 293675 1149
289101 293675 1149
289101 293675 1149
289101 293675 1149
230101 225849 1149
230101 225849 1149
230101 225849 1149
230101 225849 1149
230101 225849 1149
230101 225849 1149
230101 225849 1149
230101 225849 1149
230101 225849 1149
230101 225849 1149
230101 225849 1149
230101 225849 1149
230101 225849 1149
294595 294619 1149
294595 294619 1149
294595 294619 1149
294595 294619 1149
294595 294619 1149
294595 294619 1149
294595 294619 1149
294595 294619 1149
294595 294619 1149
294595 294619 1149
294595 294619 1149
294595 294619 1149
226966 246111 1149
226966 246111 1149
226966 246111 1149
226966 246111 1149
226966 246111 1149
226966 246111 1149
226966 246111 1149
226966 246111 1149
226966 246111 1149
226966 246111 1149
226966 246111 1149
226966 246111 1149
201801 249349 1149
201801 249349 1149
201801 249349 1149
201801 249349 1149
201801 249349 1149
201801 249349 1149
201801 249349 1149
201801 249349 1149
201801 249349 1149
201801 249349 1149
201801 249349 1149
201801 249349 1149
201801 249349 1149
256656 295156 1150
256656 295156 1150
256656 295156 1150
256656 295156 1150
256656 295156 1150
256656 295156 1150
256656 295156 1150
256656 295156 1150
256656 295156 1150
256656 295156 1150
256656 295156 1150
256656 295156 1150
291226 289528 1150
291226 289528 1150
291226 289528 1150
291226 289528 1150
291226 289528 1150
291226 289528 1150
291226 289528 1150
291226 289528 1150
291226 289528 1150
291226 289528 1150
291226 289528 1150
291226 289528 1150
237660 198582 1150
237660 198582 1150
237660 198582 1150
237660 198582 1150
237660 198582 1150
237660 198582 1150
237660 198582 1150
237660 198582 1150
237660 198582 1150
237660 198582 1150
237660 198582 1150
237660 198582 1150
173814 202613 1151
173814 202613 1151
173814 202613 1151
173814 202613 1151
173814 202613 1151
173814 202613 1151
173814 202613 1151
173814 202613 1151
173814 202613 1151
173814 202613 1151
173814 202613 1151
173814 202613 1151
173814 202613 1151
173814 202613 1151
173814 202613 1151
173814 202613 1151
173814 202613 1151
173814 202613 1151
173814 202613 1151
173814 202613 1151
173814 202613 1151
173814 202613 1151
173814 202613 1151
173814 202613 1151
173814 202613 1151
202632 4147 1152
202632 4147 1152
202632 4147 1152
202632 4147 1152
202632 4147 1152
202632 4147 1152
202632 4147 1152
202632 4147 1152
202632 4147 1152
202632 4147 1152
202632 4147 1152
202632 4147 1152
202632 4147 1152
10592 169456 1153
10592 169456 1153
10592 169456 1153
10592 169456 1153
10592 169456 1153
10592 169456 1153
10592 169456 1153
10592 169456 1153
10592 169456 1153
10592 169456 1153
10592 169456 1153
10592 169456 1153
10592 169456 1153
195022 183781 1153
195022 183781 1153
195022 183781 1153
195022 183781 1153
195022 183781 1153
195022 183781 1153
195022 183781 1153
195022 183781 1153
195022 183781 1153
195022 183781 1153
195022 183781 1153
195022 183781 1153
228058 238001 1153
228058 238001 1153
228058 238001 1153
228058 238001 1153
228058 238001 1153
228058 238001 1153
228058 238001 1153
228058 238001 1153
228058 238001 1153
228058 238001 1153
228058 238001 1153
228058 238001 1153
228058 238001 1153
228058 238001 1154
228058 238001 1154
228058 238001 1154
228058 238001 1154
228058 238001 1154
228058 238001 1154
228058 238001 1154
228058 238001 1154
228058 238001 1154
228058 238001 1154
228058 238001 1154
228058 238001 1154
228058 238001 1154
191606 169456 1154
191606 169456 1154
191606 169456 1154
191606 169456 1154
191606 169456 1154
191606 169456 1154
191606 169456 1154
191606 169456 1154
191606 169456 1154
191606 169456 1154
191606 169456 1154
191606 169456 1154
193793 190875 1154
193793 190875 1154
193793 190875 1154
193793 190875 1154
193793 190875 1154
193793 190875 1154
193793 190875 1154
193793 190875 1154
193793 190875 1154
193793 190875 1154
193793 190875 1154
193793 190875 1154
191606 169456 1154
191606 169456 1154
191606 169456 1154
191606 169456 1154
191606 169456 1154
191606 169456 1154
191606 169456 1154
191606 169456 1154
191606 169456 1154
191606 169456 1154
191606 169456 1154
191606 169456 1154
237101 227246 1154
237101 227246 1154
237101 227246 1154
237101 227246 1154
237101 227246 1154
237101 227246 1154
237101 227246 1154
237101 227246 1154
237101 227246 1154
237101 227246 1154
237101 227246 1154
237101 227246 1154
191601 191594 1155
191601 191594 1155
191601 191594 1155
191601 191594 1155
191601 191594 1155
191601 191594 1155
191601 191594 1155
191601 191594 1155
191601 191594 1155
191601 191594 1155
191601 191594 1155
191601 191594 1155
192983 184430 1157
192983 184430 1157
192983 184430 1157
192983 184430 1157
192983 184430 1157
192983 184430 1157
192983 184430 1157
192983 184430 1157
192983 184430 1157
192983 184430 1157
192983 184430 1157
192983 184430 1157
237843 193432 1157
237843 193432 1157
237843 193432 1157
237843 193432 1157
237843 193432 1157
237843 193432 1157
237843 193432 1157
237843 193432 1157
237843 193432 1157
237843 193432 1157
237843 193432 1157
237843 193432 1157
237843 193432 1157
236482 209652 1157
236482 209652 1157
236482 209652 1157
236482 209652 1157
236482 209652 1157
236482 209652 1157
236482 209652 1157
236482 209652 1157
236482 209652 1157
236482 209652 1157
236482 209652 1157
236482 209652 1157
236482 209652 1157
292548 235673 1158
292548 235673 1158
292548 235673 1158
292548 235673 1158
292548 235673 1158
292548 235673 1158
292548 235673 1158
292548 235673 1158
292548 235673 1158
292548 235673 1158
292548 235673 1158
292548 235673 1158
186934 206099 1158
186934 206099 1158
186934 206099 1158
186934 206099 1158
186934 206099 1158
186934 206099 1158
186934 206099 1158
186934 206099 1158
186934 206099 1158
186934 206099 1158
186934 206099 1158
186934 206099 1158
186934 206099 1158
150218 256640 1158
150218 256640 1158
150218 256640 1158
150218 256640 1158
150218 256640 1158
150218 256640 1158
150218 256640 1158
150218 256640 1158
150218 256640 1158
150218 256640 1158
150218 256640 1158
150218 256640 1158
285274 14921 1159
285274 14921 1159
285274 14921 1159
285274 14921 1159
285274 14921 1159
285274 14921 1159
285274 14921 1159
285274 14921 1159
285274 14921 1159
285274 14921 1159
285274 14921 1159
285274 14921 1159
285274 14921 1159
201027 193058 1159
201027 193058 1159
201027 193058 1159
201027 193058 1159
201027 193058 1159
201027 193058 1159
201027 193058 1159
201027 193058 1159
201027 193058 1159
201027 193058 1159
201027 193058 1159
201027 193058 1159
201027 193058 1159
228044 242127 1160
228044 242127 1160
228044 242127 1160
228044 242127 1160
228044 242127 1160
228044 242127 1160
228044 242127 1160
228044 242127 1160
228044 242127 1160
228044 242127 1160
228044 242127 1160
228044 242127 1160
193058 204228 1161
193058 204228 1161
193058 204228 1161
193058 204228 1161
193058 204228 1161
193058 204228 1161
193058 204228 1161
193058 204228 1161
193058 204228 1161
193058 204228 1161
193058 204228 1161
193058 204228 1161
208155 184806 1161
208155 184806 1161
208155 184806 1161
208155 184806 1161
208155 184806 1161
208155 184806 1161
208155 184806 1161
208155 184806 1161
208155 184806 1161
208155 184806 1161
208155 184806 1161
208155 184806 1161
208155 184806 1161
11519 190398 1161
11519 190398 1161
11519 190398 1161
11519 190398 1161
11519 190398 1161
11519 190398 1161
11519 190398 1161
11519 190398 1161
11519 190398 1161
11519 190398 1161
11519 190398 1161
11519 190398 1161
11519 190398 1161
155156 235673 1162
155156 235673 1162
155156 235673 1162
155156 235673 1162
155156 235673 1162
155156 235673 1162
155156 235673 1162
155156 235673 1162
155156 235673 1162
155156 235673 1162
155156 235673 1162
155156 235673 1162
203732 209102 1162
203732 209102 1162
203732 209102 1162
203732 209102 1162
203732 209102 1162
203732 209102 1162
203732 209102 1162
203732 209102 1162
203732 209102 1162
203732 209102 1162
203732 209102 1162
203732 209102 1162
176753 209102 1162
176753 209102 1162
176753 209102 1162
176753 209102 1162
176753 209102 1162
176753 209102 1162
176753 209102 1162
176753 209102 1162
176753 209102 1162
176753 209102 1162
176753 209102 1162
176753 209102 1162
245985 246816 1163
245985 246816 1163
245985 246816 1163
245985 246816 1163
245985 246816 1163
245985 246816 1163
245985 246816 1163
245985 246816 1163
245985 246816 1163
245985 246816 1163
245985 246816 1163
245985 246816 1163
227110 226838 1163
227110 226838 1163
227110 226838 1163
227110 226838 1163
227110 226838 1163
227110 226838 1163
227110 226838 1163
227110 226838 1163
227110 226838 1163
227110 226838 1163
227110 226838 1163
227110 226838 1163
227110 226838 1163
209102 194344 1164
209102 194344 1164
209102 194344 1164
209102 194344 1164
209102 194344 1164
209102 194344 1164
209102 194344 1164
209102 194344 1164
209102 194344 1164
209102 194344 1164
209102 194344 1164
209102 194344 1164
209102 194344 1164
153041 159653 1164
153041 159653 1164
153041 159653 1164
153041 159653 1164
153041 159653 1164
153041 159653 1164
153041 159653 1164
153041 159653 1164
153041 159653 1164
153041 159653 1164
153041 159653 1164
153041 159653 1164
153041 159653 1164
209102 194344 1164
209102 194344 1164
209102 194344 1164
209102 194344 1164
209102 194344 1164
209102 194344 1164
209102 194344 1164
209102 194344 1164
209102 194344 1164
209102 194344 1164
209102 194344 1164
209102 194344 1164
209102 194344 1164
151143 236661 1165
151143 236661 1165
151143 236661 1165
151143 236661 1165
151143 236661 1165
151143 236661 1165
151143 236661 1165
151143 236661 1165
151143 236661 1165
151143 236661 1165
151143 236661 1165
151143 236661 1165
203200 9247 1165
203200 9247 1165
203200 9247 1165
203200 9247 1165
203200 9247 1165
203200 9247 1165
203200 9247 1165
203200 9247 1165
203200 9247 1165
203200 9247 1165
203200 9247 1165
203200 9247 1165
233585 262498 1165
233585 262498 1165
233585 262498 1165
233585 262498 1165
233585 262498 1165
233585 262498 1165
233585 262498 1165
233585 262498 1165
233585 262498 1165
233585 262498 1165
233585 262498 1165
233585 262498 1165
233585 262498 1165
285243 294124 1166
285243 294124 1166
285243 294124 1166
285243 294124 1166
285243 294124 1166
285243 294124 1166
285243 294124 1166
285243 294124 1166
285243 294124 1166
285243 294124 1166
285243 294124 1166
285243 294124 1166
236888 230705 1166
236888 230705 1166
236888 230705 1166
236888 230705 1166
236888 230705 1166
236888 230705 1166
236888 230705 1166
236888 230705 1166
236888 230705 1166
236888 230705 1166
236888 230705 1166
236888 230705 1166
236888 230705 1166
235125 226433 1167
235125 226433 1167
235125 226433 1167
235125 226433 1167
235125 226433 1167
235125 226433 1167
235125 226433 1167
235125 226433 1167
235125 226433 1167
235125 226433 1167
235125 226433 1167
235125 226433 1167
225931 227852 1169
225931 227852 1169
225931 227852 1169
225931 227852 1169
225931 227852 1169
225931 227852 1169
225931 227852 1169
225931 227852 1169
225931 227852 1169
225931 227852 1169
225931 227852 1169
225931 227852 1169
227071 229773 1169
227071 229773 1169
227071 229773 1169
227071 229773 1169
227071 229773 1169
227071 229773 1169
227071 229773 1169
227071 229773 1169
227071 229773 1169
227071 229773 1169
227071 229773 1169
227071 229773 1169
226974 234693 1169
226974 234693 1169
226974 234693 1169
226974 234693 1169
226974 234693 1169
226974 234693 1169
226974 234693 1169
226974 234693 1169
226974 234693 1169
226974 234693 1169
226974 234693 1169
226974 234693 1169
226974 234693 1169
227689 14921 1173
227689 14921 1173
227689 14921 1173
227689 14921 1173
227689 14921 1173
227689 14921 1173
227689 14921 1173
227689 14921 1173
227689 14921 1173
227689 14921 1173
227689 14921 1173
227689 14921 1173
227689 14921 1173
19032 291426 1175
19032 291426 1175
19032 291426 1175
19032 291426 1175
19032 291426 1175
19032 291426 1175
19032 291426 1175
19032 291426 1175
19032 291426 1175
19032 291426 1175
19032 291426 1175
19032 291426 1175
242091 251928 1175
242091 251928 1175
242091 251928 1175
242091 251928 1175
242091 251928 1175
242091 251928 1175
242091 251928 1175
242091 251928 1175
242091 251928 1175
242091 251928 1175
242091 251928 1175
242091 251928 1175
274607 296545 1179
274607 296545 1179
274607 296545 1179
274607 296545 1179
274607 296545 1179
274607 296545 1179
274607 296545 1179
274607 296545 1179
274607 296545 1179
274607 296545 1179
274607 296545 1179
274607 296545 1179
240949 234195 1181
240949 234195 1181
240949 234195 1181
240949 234195 1181
240949 234195 1181
240949 234195 1181
240949 234195 1181
240949 234195 1181
240949 234195 1181
240949 234195 1181
240949 234195 1181
240949 234195 1181
240949 234195 1181
266103 245982 1181
266103 245982 1181
266103 245982 1181
266103 245982 1181
266103 245982 1181
266103 245982 1181
266103 245982 1181
266103 245982 1181
266103 245982 1181
266103 245982 1181
266103 245982 1181
266103 245982 1181
266103 245982 1181
251996 225931 1181
251996 225931 1181
251996 225931 1181
251996 225931 1181
251996 225931 1181
251996 225931 1181
251996 225931 1181
251996 225931 1181
251996 225931 1181
251996 225931 1181
251996 225931 1181
251996 225931 1181
251996 225931 1181
233749 234195 1181
233749 234195 1181
233749 234195 1181
233749 234195 1181
233749 234195 1181
233749 234195 1181
233749 234195 1181
233749 234195 1181
233749 234195 1181
233749 234195 1181
233749 234195 1181
233749 234195 1181
283968 293139 1182
283968 293139 1182
283968 293139 1182
283968 293139 1182
283968 293139 1182
283968 293139 1182
283968 293139 1182
283968 293139 1182
283968 293139 1182
283968 293139 1182
283968 293139 1182
283968 293139 1182
9638 251999 1182
9638 251999 1182
9638 251999 1182
9638 251999 1182
9638 251999 1182
9638 251999 1182
9638 251999 1182
9638 251999 1182
9638 251999 1182
9638 251999 1182
9638 251999 1182
9638 251999 1182
236838 242322 1182
236838 242322 1182
236838 242322 1182
236838 242322 1182
236838 242322 1182
236838 242322 1182
236838 242322 1182
236838 242322 1182
236838 242322 1182
236838 242322 1182
236838 242322 1182
236838 242322 1182
236838 242322 1182
238725 235974 1184
238725 235974 1184
238725 235974 1184
238725 235974 1184
238725 235974 1184
238725 235974 1184
238725 235974 1184
238725 235974 1184
238725 235974 1184
238725 235974 1184
238725 235974 1184
238725 235974 1184
235811 235132 1185
235811 235132 1185
235811 235132 1185
235811 235132 1185
235811 235132 1185
235811 235132 1185
235811 235132 1185
235811 235132 1185
235811 235132 1185
235811 235132 1185
235811 235132 1185
235811 235132 1185
230143 266450 1185
230143 266450 1185
230143 266450 1185
230143 266450 1185
230143 266450 1185
230143 266450 1185
230143 266450 1185
230143 266450 1185
230143 266450 1185
230143 266450 1185
230143 266450 1185
230143 266450 1185
230143 266450 1185
11107 225943 1187
11107 225943 1187
11107 225943 1187
11107 225943 1187
11107 225943 1187
11107 225943 1187
11107 225943 1187
11107 225943 1187
11107 225943 1187
11107 225943 1187
11107 225943 1187
11107 225943 1187
11107 225943 1187
251932 193626 1187
251932 193626 1187
251932 193626 1187
251932 193626 1187
251932 193626 1187
251932 193626 1187
251932 193626 1187
251932 193626 1187
251932 193626 1187
251932 193626 1187
251932 193626 1187
251932 193626 1187
251932 193626 1187
291455 184806 1187
291455 184806 1187
291455 184806 1187
291455 184806 1187
291455 184806 1187
291455 184806 1187
291455 184806 1187
291455 184806 1187
291455 184806 1187
291455 184806 1187
291455 184806 1187
291455 184806 1187
291455 184806 1187
238988 227250 1187
238988 227250 1187
238988 227250 1187
238988 227250 1187
238988 227250 1187
238988 227250 1187
238988 227250 1187
238988 227250 1187
238988 227250 1187
238988 227250 1187
238988 227250 1187
238988 227250 1187
177252 236939 1187
177252 236939 1187
177252 236939 1187
177252 236939 1187
177252 236939 1187
177252 236939 1187
177252 236939 1187
177252 236939 1187
177252 236939 1187
177252 236939 1187
177252 236939 1187
177252 236939 1187
199836 236939 1188
199836 236939 1188
199836 236939 1188
199836 236939 1188
199836 236939 1188
199836 236939 1188
199836 236939 1188
199836 236939 1188
199836 236939 1188
199836 236939 1188
199836 236939 1188
199836 236939 1188
226966 225991 1188
226966 225991 1188
226966 225991 1188
226966 225991 1188
226966 225991 1188
226966 225991 1188
226966 225991 1188
226966 225991 1188
226966 225991 1188
226966 225991 1188
226966 225991 1188
226966 225991 1188
291426 159649 1188
291426 159649 1188
291426 159649 1188
291426 159649 1188
291426 159649 1188
291426 159649 1188
291426 159649 1188
291426 159649 1188
291426 159649 1188
291426 159649 1188
291426 159649 1188
291426 159649 1188
291426 159649 1188
124698 238552 1190
124698 238552 1190
124698 238552 1190
124698 238552 1190
124698 238552 1190
124698 238552 1190
124698 238552 1190
124698 238552 1190
124698 238552 1190
124698 238552 1190
124698 238552 1190
124698 238552 1190
246119 235683 1190
246119 235683 1190
246119 235683 1190
246119 235683 1190
246119 235683 1190
246119 235683 1190
246119 235683 1190
246119 235683 1190
246119 235683 1190
246119 235683 1190
246119 235683 1190
246119 235683 1190
236851 226961 1191
236851 226961 1191
236851 226961 1191
236851 226961 1191
236851 226961 1191
236851 226961 1191
236851 226961 1191
236851 226961 1191
236851 226961 1191
236851 226961 1191
236851 226961 1191
236851 226961 1191
236851 226961 1191
226230 238228 1193
226230 238228 1193
226230 238228 1193
226230 238228 1193
226230 238228 1193
226230 238228 1193
226230 238228 1193
226230 238228 1193
226230 238228 1193
226230 238228 1193
226230 238228 1193
226230 238228 1193
226230 238228 1193
175961 187716 1196
175961 187716 1196
175961 187716 1196
175961 187716 1196
175961 187716 1196
175961 187716 1196
175961 187716 1196
175961 187716 1196
175961 187716 1196
175961 187716 1196
175961 187716 1196
175961 187716 1196
175961 187716 1196
241874 190918 1197
241874 190918 1197
241874 190918 1197
241874 190918 1197
241874 190918 1197
241874 190918 1197
241874 190918 1197
241874 190918 1197
241874 190918 1197
241874 190918 1197
241874 190918 1197
241874 190918 1197
241874 190918 1197
190863 208217 1197
190863 208217 1197
190863 208217 1197
190863 208217 1197
190863 208217 1197
190863 208217 1197
190863 208217 1197
190863 208217 1197
190863 208217 1197
190863 208217 1197
190863 208217 1197
190863 208217 1197
190863 208217 1197
188440 204219 1198
188440 204219 1198
188440 204219 1198
188440 204219 1198
188440 204219 1198
188440 204219 1198
188440 204219 1198
188440 204219 1198
188440 204219 1198
188440 204219 1198
188440 204219 1198
188440 204219 1198
225707 239823 1199
225707 239823 1199
225707 239823 1199
225707 239823 1199
225707 239823 1199
225707 239823 1199
225707 239823 1199
225707 239823 1199
225707 239823 1199
225707 239823 1199
225707 239823 1199
225707 239823 1199
199158 204219 1199
199158 204219 1199
199158 204219 1199
199158 204219 1199
199158 204219 1199
199158 204219 1199
199158 204219 1199
199158 204219 1199
199158 204219 1199
199158 204219 1199
199158 204219 1199
199158 204219 1199
199158 204219 1199
237971 183756 1200
237971 183756 1200
237971 183756 1200
237971 183756 1200
237971 183756 1200
237971 183756 1200
237971 183756 1200
237971 183756 1200
237971 183756 1200
237971 183756 1200
237971 183756 1200
237971 183756 1200
175929 192975 1200
175929 192975 1200
175929 192975 1200
175929 192975 1200
175929 192975 1200
175929 192975 1200
175929 192975 1200
175929 192975 1200
175929 192975 1200
175929 192975 1200
175929 192975 1200
175929 192975 1200
175929 192975 1200
242213 230123 1200
242213 230123 1200
242213 230123 1200
242213 230123 1200
242213 230123 1200
242213 230123 1200
242213 230123 1200
242213 230123 1200
242213 230123 1200
242213 230123 1200
242213 230123 1200
242213 230123 1200
194390 187716 1204
194390 187716 1204
194390 187716 1204
194390 187716 1204
194390 187716 1204
194390 187716 1204
194390 187716 1204
194390 187716 1204
194390 187716 1204
194390 187716 1204
194390 187716 1204
194390 187716 1204
291514 210685 1206
291514 210685 1206
291514 210685 1206
291514 210685 1206
291514 210685 1206
291514 210685 1206
291514 210685 1206
291514 210685 1206
291514 210685 1206
291514 210685 1206
291514 210685 1206
291514 210685 1206
291514 210685 1206
250607 295095 1206
250607 295095 1206
250607 295095 1206
250607 295095 1206
250607 295095 1206
250607 295095 1206
250607 295095 1206
250607 295095 1206
250607 295095 1206
250607 295095 1206
250607 295095 1206
250607 295095 1206
236105 232684 1207
236105 232684 1207
236105 232684 1207
236105 232684 1207
236105 232684 1207
236105 232684 1207
236105 232684 1207
236105 232684 1207
236105 232684 1207
236105 232684 1207
236105 232684 1207
236105 232684 1207
227345 232684 1208
227345 232684 1208
227345 232684 1208
227345 232684 1208
227345 232684 1208
227345 232684 1208
227345 232684 1208
227345 232684 1208
227345 232684 1208
227345 232684 1208
227345 232684 1208
227345 232684 1208
227345 232684 1208
286748 225681 1208
286748 225681 1208
286748 225681 1208
286748 225681 1208
286748 225681 1208
286748 225681 1208
286748 225681 1208
286748 225681 1208
286748 225681 1208
286748 225681 1208
286748 225681 1208
286748 225681 1208
286748 225681 1208
227084 190899 1209
227084 190899 1209
227084 190899 1209
227084 190899 1209
227084 190899 1209
227084 190899 1209
227084 190899 1209
227084 190899 1209
227084 190899 1209
227084 190899 1209
227084 190899 1209
227084 190899 1209
237857 176253 1210
237857 176253 1210
237857 176253 1210
237857 176253 1210
237857 176253 1210
237857 176253 1210
237857 176253 1210
237857 176253 1210
237857 176253 1210
237857 176253 1210
237857 176253 1210
237857 176253 1210
237857 176253 1210
190899 238002 1211
190899 238002 1211
190899 238002 1211
190899 238002 1211
190899 238002 1211
190899 238002 1211
190899 238002 1211
190899 238002 1211
190899 238002 1211
190899 238002 1211
190899 238002 1211
190899 238002 1211
190899 238002 1211
294124 150393 1211
294124 150393 1211
294124 150393 1211
294124 150393 1211
294124 150393 1211
294124 150393 1211
294124 150393 1211
294124 150393 1211
294124 150393 1211
294124 150393 1211
294124 150393 1211
294124 150393 1211
151112 243464 1212
151112 243464 1212
151112 243464 1212
151112 243464 1212
151112 243464 1212
151112 243464 1212
151112 243464 1212
151112 243464 1212
151112 243464 1212
151112 243464 1212
151112 243464 1212
151112 243464 1212
175903 187569 1215
175903 187569 1215
175903 187569 1215
175903 187569 1215
175903 187569 1215
175903 187569 1215
175903 187569 1215
175903 187569 1215
175903 187569 1215
175903 187569 1215
175903 187569 1215
175903 187569 1215
175903 187569 1215
195242 293359 1216
195242 293359 1216
195242 293359 1216
195242 293359 1216
195242 293359 1216
195242 293359 1216
195242 293359 1216
195242 293359 1216
195242 293359 1216
195242 293359 1216
195242 293359 1216
195242 293359 1216
195242 293359 1216
234708 235094 1217
234708 235094 1217
234708 235094 1217
234708 235094 1217
234708 235094 1217
234708 235094 1217
234708 235094 1217
234708 235094 1217
234708 235094 1217
234708 235094 1217
234708 235094 1217
234708 235094 1217
234708 235094 1217
151473 226394 1217
151473 226394 1217
151473 226394 1217
151473 226394 1217
151473 226394 1217
151473 226394 1217
151473 226394 1217
151473 226394 1217
151473 226394 1217
151473 226394 1217
151473 226394 1217
151473 226394 1217
151473 226394 1217
238725 239261 1218
238725 239261 1218
238725 239261 1218
238725 239261 1218
238725 239261 1218
238725 239261 1218
238725 239261 1218
238725 239261 1218
238725 239261 1218
238725 239261 1218
238725 239261 1218
238725 239261 1218
243536 208308 1219
243536 208308 1219
243536 208308 1219
243536 208308 1219
243536 208308 1219
243536 208308 1219
243536 208308 1219
243536 208308 1219
243536 208308 1219
243536 208308 1219
243536 208308 1219
243536 208308 1219
243536 208308 1219
192980 198089 1220
192980 198089 1220
192980 198089 1220
192980 198089 1220
192980 198089 1220
192980 198089 1220
192980 198089 1220
192980 198089 1220
192980 198089 1220
192980 198089 1220
192980 198089 1220
192980 198089 1220
192980 198089 1220
249343 173926 1220
249343 173926 1220
249343 173926 1220
249343 173926 1220
249343 173926 1220
249343 173926 1220
249343 173926 1220
249343 173926 1220
249343 173926 1220
249343 173926 1220
249343 173926 1220
249343 173926 1220
236009 238438 1220
236009 238438 1220
236009 238438 1220
236009 238438 1220
236009 238438 1220
236009 238438 1220
236009 238438 1220
236009 238438 1220
236009 238438 1220
236009 238438 1220
236009 238438 1220
236009 238438 1220
293359 184786 1220
293359 184786 1220
293359 184786 1220
293359 184786 1220
293359 184786 1220
293359 184786 1220
293359 184786 1220
293359 184786 1220
293359 184786 1220
293359 184786 1220
293359 184786 1220
293359 184786 1220
246598 296525 1221
246598 296525 1221
246598 296525 1221
246598 296525 1221
246598 296525 1221
246598 296525 1221
246598 296525 1221
246598 296525 1221
246598 296525 1221
246598 296525 1221
246598 296525 1221
246598 296525 1221
246598 296525 1221
194455 177273 1221
194455 177273 1221
194455 177273 1221
194455 177273 1221
194455 177273 1221
194455 177273 1221
194455 177273 1221
194455 177273 1221
194455 177273 1221
194455 177273 1221
194455 177273 1221
194455 177273 1221
285195 284212 1222
285195 284212 1222
285195 284212 1222
285195 284212 1222
285195 284212 1222
285195 284212 1222
285195 284212 1222
285195 284212 1222
285195 284212 1222
285195 284212 1222
285195 284212 1222
285195 284212 1222
285195 284212 1222
11107 292454 1223
11107 292454 1223
11107 292454 1223
11107 292454 1223
11107 292454 1223
11107 292454 1223
11107 292454 1223
11107 292454 1223
11107 292454 1223
11107 292454 1223
11107 292454 1223
11107 292454 1223
11107 292454 1223
208202 11037 1223
208202 11037 1223
208202 11037 1223
208202 11037 1223
208202 11037 1223
208202 11037 1223
208202 11037 1223
208202 11037 1223
208202 11037 1223
208202 11037 1223
208202 11037 1223
208202 11037 1223
208202 11037 1223
245977 182100 1224
245977 182100 1224
245977 182100 1224
245977 182100 1224
245977 182100 1224
245977 182100 1224
245977 182100 1224
245977 182100 1224
245977 182100 1224
245977 182100 1224
245977 182100 1224
245977 182100 1224
245977 182100 1224
175945 177252 1224
175945 177252 1224
175945 177252 1224
175945 177252 1224
175945 177252 1224
175945 177252 1224
175945 177252 1224
175945 177252 1224
175945 177252 1224
175945 177252 1224
175945 177252 1224
175945 177252 1224
198089 177252 1225
198089 177252 1225
198089 177252 1225
198089 177252 1225
198089 177252 1225
198089 177252 1225
198089 177252 1225
198089 177252 1225
198089 177252 1225
198089 177252 1225
198089 177252 1225
198089 177252 1225
245931 226970 1226
245931 226970 1226
245931 226970 1226
245931 226970 1226
245931 226970 1226
245931 226970 1226
245931 226970 1226
245931 226970 1226
245931 226970 1226
245931 226970 1226
245931 226970 1226
245931 226970 1226
175938 190880 1227
175938 190880 1227
175938 190880 1227
175938 190880 1227
175938 190880 1227
175938 190880 1227
175938 190880 1227
175938 190880 1227
175938 190880 1227
175938 190880 1227
175938 190880 1227
175938 190880 1227
175938 190880 1227
226970 233636 1228
226970 233636 1228
226970 233636 1228
226970 233636 1228
226970 233636 1228
226970 233636 1228
226970 233636 1228
226970 233636 1228
226970 233636 1228
226970 233636 1228
226970 233636 1228
226970 233636 1228
195341 237886 1229
195341 237886 1229
195341 237886 1229
195341 237886 1229
195341 237886 1229
195341 237886 1229
195341 237886 1229
195341 237886 1229
195341 237886 1229
195341 237886 1229
195341 237886 1229
195341 237886 1229
195341 237886 1229
242317 246076 1229
242317 246076 1229
242317 246076 1229
242317 246076 1229
242317 246076 1229
242317 246076 1229
242317 246076 1229
242317 246076 1229
242317 246076 1229
242317 246076 1229
242317 246076 1229
242317 246076 1229
242317 246076 1229
194390 225954 1230
194390 225954 1230
194390 225954 1230
194390 225954 1230
194390 225954 1230
194390 225954 1230
194390 225954 1230
194390 225954 1230
194390 225954 1230
194390 225954 1230
194390 225954 1230
194390 225954 1230
194390 225954 1230
175963 187715 1230
175963 187715 1230
175963 187715 1230
175963 187715 1230
175963 187715 1230
175963 187715 1230
175963 187715 1230
175963 187715 1230
175963 187715 1230
175963 187715 1230
175963 187715 1230
175963 187715 1230
175963 187715 1230
200260 195341 1231
200260 195341 1231
200260 195341 1231
200260 195341 1231
200260 195341 1231
200260 195341 1231
200260 195341 1231
200260 195341 1231
200260 195341 1231
200260 195341 1231
200260 195341 1231
200260 195341 1231
265586 282526 1234
265586 282526 1234
265586 282526 1234
265586 282526 1234
265586 282526 1234
265586 282526 1234
265586 282526 1234
265586 282526 1234
265586 282526 1234
265586 282526 1234
265586 282526 1234
265586 282526 1234
265586 282526 1234
204228 10932 1234
204228 10932 1234
204228 10932 1234
204228 10932 1234
204228 10932 1234
204228 10932 1234
204228 10932 1234
204228 10932 1234
204228 10932 1234
204228 10932 1234
204228 10932 1234
204228 10932 1234
204228 10932 1234
227723 236924 1234
227723 236924 1234
227723 236924 1234
227723 236924 1234
227723 236924 1234
227723 236924 1234
227723 236924 1234
227723 236924 1234
227723 236924 1234
227723 236924 1234
227723 236924 1234
227723 236924 1234
228471 232982 1236
228471 232982 1236
228471 232982 1236
228471 232982 1236
228471 232982 1236
228471 232982 1236
228471 232982 1236
228471 232982 1236
228471 232982 1236
228471 232982 1236
228471 232982 1236
228471 232982 1236
233594 292473 1237
233594 292473 1237
233594 292473 1237
233594 292473 1237
233594 292473 1237
233594 292473 1237
233594 292473 1237
233594 292473 1237
233594 292473 1237
233594 292473 1237
233594 292473 1237
233594 292473 1237
233594 292473 1237
294570 296096 1237
294570 296096 1237
294570 296096 1237
294570 296096 1237
294570 296096 1237
294570 296096 1237
294570 296096 1237
294570 296096 1237
294570 296096 1237
294570 296096 1237
294570 296096 1237
294570 296096 1237
228466 236554 1237
228466 236554 1237
228466 236554 1237
228466 236554 1237
228466 236554 1237
228466 236554 1237
228466 236554 1237
228466 236554 1237
228466 236554 1237
228466 236554 1237
228466 236554 1237
228466 236554 1237
228466 225617 1238
228466 225617 1238
228466 225617 1238
228466 225617 1238
228466 225617 1238
228466 225617 1238
228466 225617 1238
228466 225617 1238
228466 225617 1238
228466 225617 1238
228466 225617 1238
228466 225617 1238
228466 241011 1238
228466 241011 1238
228466 241011 1238
228466 241011 1238
228466 241011 1238
228466 241011 1238
228466 241011 1238
228466 241011 1238
228466 241011 1238
228466 241011 1238
228466 241011 1238
228466 241011 1238
251943 237587 1238
251943 237587 1238
251943 237587 1238
251943 237587 1238
251943 237587 1238
251943 237587 1238
251943 237587 1238
251943 237587 1238
251943 237587 1238
251943 237587 1238
251943 237587 1238
251943 237587 1238
173926 177252 1239
173926 177252 1239
173926 177252 1239
173926 177252 1239
173926 177252 1239
173926 177252 1239
173926 177252 1239
173926 177252 1239
173926 177252 1239
173926 177252 1239
173926 177252 1239
173926 177252 1239
173926 177252 1239
206155 210065 1239
206155 210065 1239
206155 210065 1239
206155 210065 1239
206155 210065 1239
206155 210065 1239
206155 210065 1239
206155 210065 1239
206155 210065 1239
206155 210065 1239
206155 210065 1239
206155 210065 1239
206155 210065 1239
235996 243515 1239
235996 243515 1239
235996 243515 1239
235996 243515 1239
235996 243515 1239
235996 243515 1239
235996 243515 1239
235996 243515 1239
235996 243515 1239
235996 243515 1239
235996 243515 1239
235996 243515 1239
227250 227546 1240
227250 227546 1240
227250 227546 1240
227250 227546 1240
227250 227546 1240
227250 227546 1240
227250 227546 1240
227250 227546 1240
227250 227546 1240
227250 227546 1240
227250 227546 1240
227250 227546 1240
227250 227546 1240
239045 233599 1242
239045 233599 1242
239045 233599 1242
239045 233599 1242
239045 233599 1242
239045 233599 1242
239045 233599 1242
239045 233599 1242
239045 233599 1242
239045 233599 1242
239045 233599 1242
239045 233599 1242
239045 233599 1242
252018 232189 1244
252018 232189 1244
252018 232189 1244
252018 232189 1244
252018 232189 1244
252018 232189 1244
252018 232189 1244
252018 232189 1244
252018 232189 1244
252018 232189 1244
252018 232189 1244
252018 232189 1244
252018 232189 1244
195248 238000 1244
195248 238000 1244
195248 238000 1244
195248 238000 1244
195248 238000 1244
195248 238000 1244
195248 238000 1244
195248 238000 1244
195248 238000 1244
195248 238000 1244
195248 238000 1244
195248 238000 1244
195248 238000 1244
202883 219560 1244
202883 219560 1244
202883 219560 1244
202883 219560 1244
202883 219560 1244
202883 219560 1244
202883 219560 1244
202883 219560 1244
202883 219560 1244
202883 219560 1244
202883 219560 1244
202883 219560 1244
226959 150450 1245
226959 150450 1245
226959 150450 1245
226959 150450 1245
226959 150450 1245
226959 150450 1245
226959 150450 1245
226959 150450 1245
226959 150450 1245
226959 150450 1245
226959 150450 1245
226959 150450 1245
228034 243631 1245
228034 243631 1245
228034 243631 1245
228034 243631 1245
228034 243631 1245
228034 243631 1245
228034 243631 1245
228034 243631 1245
228034 243631 1245
228034 243631 1245
228034 243631 1245
228034 243631 1245
228034 243631 1245
226242 194356 1246
226242 194356 1246
226242 194356 1246
226242 194356 1246
226242 194356 1246
226242 194356 1246
226242 194356 1246
226242 194356 1246
226242 194356 1246
226242 194356 1246
226242 194356 1246
226242 194356 1246
235982 228107 1246
235982 228107 1246
235982 228107 1246
235982 228107 1246
235982 228107 1246
235982 228107 1246
235982 228107 1246
235982 228107 1246
235982 228107 1246
235982 228107 1246
235982 228107 1246
235982 228107 1246
235982 228107 1246
242425 243766 1247
242425 243766 1247
242425 243766 1247
242425 243766 1247
242425 243766 1247
242425 243766 1247
242425 243766 1247
242425 243766 1247
242425 243766 1247
242425 243766 1247
242425 243766 1247
242425 243766 1247
242425 243766 1247
204222 237846 1248
204222 237846 1248
204222 237846 1248
204222 237846 1248
204222 237846 1248
204222 237846 1248
204222 237846 1248
204222 237846 1248
204222 237846 1248
204222 237846 1248
204222 237846 1248
204222 237846 1248
204222 237846 1248
209660 186863 1248
209660 186863 1248
209660 186863 1248
209660 186863 1248
209660 186863 1248
209660 186863 1248
209660 186863 1248
209660 186863 1248
209660 186863 1248
209660 186863 1248
209660 186863 1248
209660 186863 1248
209660 186863 1248
294569 240616 1248
294569 240616 1248
294569 240616 1248
294569 240616 1248
294569 240616 1248
294569 240616 1248
294569 240616 1248
294569 240616 1248
294569 240616 1248
294569 240616 1248
294569 240616 1248
294569 240616 1248
252695 246114 1248
252695 246114 1248
252695 246114 1248
252695 246114 1248
252695 246114 1248
252695 246114 1248
252695 246114 1248
252695 246114 1248
252695 246114 1248
252695 246114 1248
252695 246114 1248
252695 246114 1248
292454 227093 1251
292454 227093 1251
292454 227093 1251
292454 227093 1251
292454 227093 1251
292454 227093 1251
292454 227093 1251
292454 227093 1251
292454 227093 1251
292454 227093 1251
292454 227093 1251
292454 227093 1251
292454 227093 1251
291440 289056 1251
291440 289056 1251
291440 289056 1251
291440 289056 1251
291440 289056 1251
291440 289056 1251
291440 289056 1251
291440 289056 1251
291440 289056 1251
291440 289056 1251
291440 289056 1251
291440 289056 1251
242036 237335 1252
242036 237335 1252
242036 237335 1252
242036 237335 1252
242036 237335 1252
242036 237335 1252
242036 237335 1252
242036 237335 1252
242036 237335 1252
242036 237335 1252
242036 237335 1252
242036 237335 1252
242036 237335 1252
236537 236181 1253
236537 236181 1253
236537 236181 1253
236537 236181 1253
236537 236181 1253
236537 236181 1253
236537 236181 1253
236537 236181 1253
236537 236181 1253
236537 236181 1253
236537 236181 1253
236537 236181 1253
239261 237708 1253
239261 237708 1253
239261 237708 1253
239261 237708 1253
239261 237708 1253
239261 237708 1253
239261 237708 1253
239261 237708 1253
239261 237708 1253
239261 237708 1253
239261 237708 1253
239261 237708 1253
239261 237708 1253
228034 235080 1255
228034 235080 1255
228034 235080 1255
228034 235080 1255
228034 235080 1255
228034 235080 1255
228034 235080 1255
228034 235080 1255
228034 235080 1255
228034 235080 1255
228034 235080 1255
228034 235080 1255
228034 235080 1255
235657 239504 1256
235657 239504 1256
235657 239504 1256
235657 239504 1256
235657 239504 1256
235657 239504 1256
235657 239504 1256
235657 239504 1256
235657 239504 1256
235657 239504 1256
235657 239504 1256
235657 239504 1256
295135 285455 1256
295135 285455 1256
295135 285455 1256
295135 285455 1256
295135 285455 1256
295135 285455 1256
295135 285455 1256
295135 285455 1256
295135 285455 1256
295135 285455 1256
295135 285455 1256
295135 285455 1256
295135 285455 1256
272546 285455 1256
272546 285455 1256
272546 285455 1256
272546 285455 1256
272546 285455 1256
272546 285455 1256
272546 285455 1256
272546 285455 1256
272546 285455 1256
272546 285455 1256
272546 285455 1256
272546 285455 1256
285187 295185 1257
285187 295185 1257
285187 295185 1257
285187 295185 1257
285187 295185 1257
285187 295185 1257
285187 295185 1257
285187 295185 1257
285187 295185 1257
285187 295185 1257
285187 295185 1257
285187 295185 1257
285187 295185 1257
285187 295185 1257
285187 295185 1257
285187 295185 1257
285187 295185 1257
285187 295185 1257
285187 295185 1257
285187 295185 1257
285187 295185 1257
285187 295185 1257
285187 295185 1257
285187 295185 1257
285187 295185 1257
285187 295185 1257
233904 238214 1258
233904 238214 1258
233904 238214 1258
233904 238214 1258
233904 238214 1258
233904 238214 1258
233904 238214 1258
233904 238214 1258
233904 238214 1258
233904 238214 1258
233904 238214 1258
233904 238214 1258
233904 238214 1258
235938 237873 1258
235938 237873 1258
235938 237873 1258
235938 237873 1258
235938 237873 1258
235938 237873 1258
235938 237873 1258
235938 237873 1258
235938 237873 1258
235938 237873 1258
235938 237873 1258
235938 237873 1258
289528 150281 1258
289528 150281 1258
289528 150281 1258
289528 150281 1258
289528 150281 1258
289528 150281 1258
289528 150281 1258
289528 150281 1258
289528 150281 1258
289528 150281 1258
289528 150281 1258
289528 150281 1258
235977 236015 1258
235977 236015 1258
235977 236015 1258
235977 236015 1258
235977 236015 1258
235977 236015 1258
235977 236015 1258
235977 236015 1258
235977 236015 1258
235977 236015 1258
235977 236015 1258
235977 236015 1258
238214 232719 1258
238214 232719 1258
238214 232719 1258
238214 232719 1258
238214 232719 1258
238214 232719 1258
238214 232719 1258
238214 232719 1258
238214 232719 1258
238214 232719 1258
238214 232719 1258
238214 232719 1258
238214 232719 1258
227254 230101 1258
227254 230101 1258
227254 230101 1258
227254 230101 1258
227254 230101 1258
227254 230101 1258
227254 230101 1258
227254 230101 1258
227254 230101 1258
227254 230101 1258
227254 230101 1258
227254 230101 1258
227254 230101 1258
239290 237708 1259
239290 237708 1259
239290 237708 1259
239290 237708 1259
239290 237708 1259
239290 237708 1259
239290 237708 1259
239290 237708 1259
239290 237708 1259
239290 237708 1259
239290 237708 1259
239290 237708 1259
243631 231019 1259
243631 231019 1259
243631 231019 1259
243631 231019 1259
243631 231019 1259
243631 231019 1259
243631 231019 1259
243631 231019 1259
243631 231019 1259
243631 231019 1259
243631 231019 1259
243631 231019 1259
243631 231019 1259
236843 235687 1260
236843 235687 1260
236843 235687 1260
236843 235687 1260
236843 235687 1260
236843 235687 1260
236843 235687 1260
236843 235687 1260
236843 235687 1260
236843 235687 1260
236843 235687 1260
236843 235687 1260
236843 235687 1260
231267 293494 1260
231267 293494 1260
231267 293494 1260
231267 293494 1260
231267 293494 1260
231267 293494 1260
231267 293494 1260
231267 293494 1260
231267 293494 1260
231267 293494 1260
231267 293494 1260
231267 293494 1260
227541 227866 1261
227541 227866 1261
227541 227866 1261
227541 227866 1261
227541 227866 1261
227541 227866 1261
227541 227866 1261
227541 227866 1261
227541 227866 1261
227541 227866 1261
227541 227866 1261
227541 227866 1261
241939 242411 1262
241939 242411 1262
241939 242411 1262
241939 242411 1262
241939 242411 1262
241939 242411 1262
241939 242411 1262
241939 242411 1262
241939 242411 1262
241939 242411 1262
241939 242411 1262
241939 242411 1262
285281 266117 1263
285281 266117 1263
285281 266117 1263
285281 266117 1263
285281 266117 1263
285281 266117 1263
285281 266117 1263
285281 266117 1263
285281 266117 1263
285281 266117 1263
285281 266117 1263
285281 266117 1263
285281 266117 1263
240633 243449 1263
240633 243449 1263
240633 243449 1263
240633 243449 1263
240633 243449 1263
240633 243449 1263
240633 243449 1263
240633 243449 1263
240633 243449 1263
240633 243449 1263
240633 243449 1263
240633 243449 1263
153303 186841 1264
153303 186841 1264
153303 186841 1264
153303 186841 1264
153303 186841 1264
153303 186841 1264
153303 186841 1264
153303 186841 1264
153303 186841 1264
153303 186841 1264
153303 186841 1264
153303 186841 1264
153303 186841 1264
174458 199517 1265
174458 199517 1265
174458 199517 1265
174458 199517 1265
174458 199517 1265
174458 199517 1265
174458 199517 1265
174458 199517 1265
174458 199517 1265
174458 199517 1265
174458 199517 1265
174458 199517 1265
174458 199517 1265
235110 243511 1267
235110 243511 1267
235110 243511 1267
235110 243511 1267
235110 243511 1267
235110 243511 1267
235110 243511 1267
235110 243511 1267
235110 243511 1267
235110 243511 1267
235110 243511 1267
235110 243511 1267
155156 238254 1267
155156 238254 1267
155156 238254 1267
155156 238254 1267
155156 238254 1267
155156 238254 1267
155156 238254 1267
155156 238254 1267
155156 238254 1267
155156 238254 1267
155156 238254 1267
155156 238254 1267
155156 238254 1267
14812 227098 1267
14812 227098 1267
14812 227098 1267
14812 227098 1267
14812 227098 1267
14812 227098 1267
14812 227098 1267
14812 227098 1267
14812 227098 1267
14812 227098 1267
14812 227098 1267
14812 227098 1267
14812 227098 1267
175969 285274 1267
175969 285274 1267
175969 285274 1267
175969 285274 1267
175969 285274 1267
175969 285274 1267
175969 285274 1267
175969 285274 1267
175969 285274 1267
175969 285274 1267
175969 285274 1267
175969 285274 1267
175969 285274 1267
228032 228466 1268
228032 228466 1268
228032 228466 1268
228032 228466 1268
228032 228466 1268
228032 228466 1268
228032 228466 1268
228032 228466 1268
228032 228466 1268
228032 228466 1268
228032 228466 1268
228032 228466 1268
265953 248380 1268
265953 248380 1268
265953 248380 1268
265953 248380 1268
265953 248380 1268
265953 248380 1268
265953 248380 1268
265953 248380 1268
265953 248380 1268
265953 248380 1268
265953 248380 1268
265953 248380 1268
265953 248380 1268
236004 236213 1268
236004 236213 1268
236004 236213 1268
236004 236213 1268
236004 236213 1268
236004 236213 1268
236004 236213 1268
236004 236213 1268
236004 236213 1268
236004 236213 1268
236004 236213 1268
236004 236213 1268
227095 285272 1268
227095 285272 1268
227095 285272 1268
227095 285272 1268
227095 285272 1268
227095 285272 1268
227095 285272 1268
227095 285272 1268
227095 285272 1268
227095 285272 1268
227095 285272 1268
227095 285272 1268
228032 228466 1268
228032 228466 1268
228032 228466 1268
228032 228466 1268
228032 228466 1268
228032 228466 1268
228032 228466 1268
228032 228466 1268
228032 228466 1268
228032 228466 1268
228032 228466 1268
228032 228466 1268
239290 237708 1269
239290 237708 1269
239290 237708 1269
239290 237708 1269
239290 237708 1269
239290 237708 1269
239290 237708 1269
239290 237708 1269
239290 237708 1269
239290 237708 1269
239290 237708 1269
239290 237708 1269
239290 237708 1269
239290 237708 1269
239290 237708 1269
239290 237708 1269
239290 237708 1269
239290 237708 1269
239290 237708 1269
239290 237708 1269
239290 237708 1269
239290 237708 1269
239290 237708 1269
239290 237708 1269
239290 237708 1269
265586 252655 1269
265586 252655 1269
265586 252655 1269
265586 252655 1269
265586 252655 1269
265586 252655 1269
265586 252655 1269
265586 252655 1269
265586 252655 1269
265586 252655 1269
265586 252655 1269
265586 252655 1269
236003 228149 1269
236003 228149 1269
236003 228149 1269
236003 228149 1269
236003 228149 1269
236003 228149 1269
236003 228149 1269
236003 228149 1269
236003 228149 1269
236003 228149 1269
236003 228149 1269
236003 228149 1269
252655 14459 1271
252655 14459 1271
252655 14459 1271
252655 14459 1271
252655 14459 1271
252655 14459 1271
252655 14459 1271
252655 14459 1271
252655 14459 1271
252655 14459 1271
252655 14459 1271
252655 14459 1271
285281 165338 1271
285281 165338 1271
285281 165338 1271
285281 165338 1271
285281 165338 1271
285281 165338 1271
285281 165338 1271
285281 165338 1271
285281 165338 1271
285281 165338 1271
285281 165338 1271
285281 165338 1271
285281 165338 1271
225931 229511 1271
225931 229511 1271
225931 229511 1271
225931 229511 1271
225931 229511 1271
225931 229511 1271
225931 229511 1271
225931 229511 1271
225931 229511 1271
225931 229511 1271
225931 229511 1271
225931 229511 1271
235977 230413 1271
235977 230413 1271
235977 230413 1271
235977 230413 1271
235977 230413 1271
235977 230413 1271
235977 230413 1271
235977 230413 1271
235977 230413 1271
235977 230413 1271
235977 230413 1271
235977 230413 1271
184806 285455 1272
184806 285455 1272
184806 285455 1272
184806 285455 1272
184806 285455 1272
184806 285455 1272
184806 285455 1272
184806 285455 1272
184806 285455 1272
184806 285455 1272
184806 285455 1272
184806 285455 1272
9117 165337 1272
9117 165337 1272
9117 165337 1272
9117 165337 1272
9117 165337 1272
9117 165337 1272
9117 165337 1272
9117 165337 1272
9117 165337 1272
9117 165337 1272
9117 165337 1272
9117 165337 1272
9117 165337 1272
295185 226968 1274
295185 226968 1274
295185 226968 1274
295185 226968 1274
295185 226968 1274
295185 226968 1274
295185 226968 1274
295185 226968 1274
295185 226968 1274
295185 226968 1274
295185 226968 1274
295185 226968 1274
227744 226455 1274
227744 226455 1274
227744 226455 1274
227744 226455 1274
227744 226455 1274
227744 226455 1274
227744 226455 1274
227744 226455 1274
227744 226455 1274
227744 226455 1274
227744 226455 1274
227744 226455 1274
263635 293378 1274
263635 293378 1274
263635 293378 1274
263635 293378 1274
263635 293378 1274
263635 293378 1274
263635 293378 1274
263635 293378 1274
263635 293378 1274
263635 293378 1274
263635 293378 1274
263635 293378 1274
228174 251928 1274
228174 251928 1274
228174 251928 1274
228174 251928 1274
228174 251928 1274
228174 251928 1274
228174 251928 1274
228174 251928 1274
228174 251928 1274
228174 251928 1274
228174 251928 1274
228174 251928 1274
228174 251928 1274
265307 262514 1274
265307 262514 1274
265307 262514 1274
265307 262514 1274
265307 262514 1274
265307 262514 1274
265307 262514 1274
265307 262514 1274
265307 262514 1274
265307 262514 1274
265307 262514 1274
265307 262514 1274
265307 262514 1274
235013 227209 1275
235013 227209 1275
235013 227209 1275
235013 227209 1275
235013 227209 1275
235013 227209 1275
235013 227209 1275
235013 227209 1275
235013 227209 1275
235013 227209 1275
235013 227209 1275
235013 227209 1275
235013 227209 1275
183754 196510 1276
183754 196510 1276
183754 196510 1276
183754 196510 1276
183754 196510 1276
183754 196510 1276
183754 196510 1276
183754 196510 1276
183754 196510 1276
183754 196510 1276
183754 196510 1276
183754 196510 1276
228174 251928 1276
228174 251928 1276
228174 251928 1276
228174 251928 1276
228174 251928 1276
228174 251928 1276
228174 251928 1276
228174 251928 1276
228174 251928 1276
228174 251928 1276
228174 251928 1276
228174 251928 1276
228174 251928 1276
243802 228054 1277
243802 228054 1277
243802 228054 1277
243802 228054 1277
243802 228054 1277
243802 228054 1277
243802 228054 1277
243802 228054 1277
243802 228054 1277
243802 228054 1277
243802 228054 1277
243802 228054 1277
191606 9247 1282
191606 9247 1282
191606 9247 1282
191606 9247 1282
191606 9247 1282
191606 9247 1282
191606 9247 1282
191606 9247 1282
191606 9247 1282
191606 9247 1282
191606 9247 1282
191606 9247 1282
227715 227007 1283
227715 227007 1283
227715 227007 1283
227715 227007 1283
227715 227007 1283
227715 227007 1283
227715 227007 1283
227715 227007 1283
227715 227007 1283
227715 227007 1283
227715 227007 1283
227715 227007 1283
242115 285245 1284
242115 285245 1284
242115 285245 1284
242115 285245 1284
242115 285245 1284
242115 285245 1284
242115 285245 1284
242115 285245 1284
242115 285245 1284
242115 285245 1284
242115 285245 1284
242115 285245 1284
242115 285245 1284
289527 287864 1284
289527 287864 1284
289527 287864 1284
289527 287864 1284
289527 287864 1284
289527 287864 1284
289527 287864 1284
289527 287864 1284
289527 287864 1284
289527 287864 1284
289527 287864 1284
289527 287864 1284
208879 178312 1284
208879 178312 1284
208879 178312 1284
208879 178312 1284
208879 178312 1284
208879 178312 1284
208879 178312 1284
208879 178312 1284
208879 178312 1284
208879 178312 1284
208879 178312 1284
208879 178312 1284
227007 231496 1285
227007 231496 1285
227007 231496 1285
227007 231496 1285
227007 231496 1285
227007 231496 1285
227007 231496 1285
227007 231496 1285
227007 231496 1285
227007 231496 1285
227007 231496 1285
227007 231496 1285
240866 14813 1285
240866 14813 1285
240866 14813 1285
240866 14813 1285
240866 14813 1285
240866 14813 1285
240866 14813 1285
240866 14813 1285
240866 14813 1285
240866 14813 1285
240866 14813 1285
240866 14813 1285
150246 289528 1286
150246 289528 1286
150246 289528 1286
150246 289528 1286
150246 289528 1286
150246 289528 1286
150246 289528 1286
150246 289528 1286
150246 289528 1286
150246 289528 1286
150246 289528 1286
150246 289528 1286
190759 153037 1287
190759 153037 1287
190759 153037 1287
190759 153037 1287
190759 153037 1287
190759 153037 1287
190759 153037 1287
190759 153037 1287
190759 153037 1287
190759 153037 1287
190759 153037 1287
190759 153037 1287
190759 153037 1287
292797 186841 1287
292797 186841 1287
292797 186841 1287
292797 186841 1287
292797 186841 1287
292797 186841 1287
292797 186841 1287
292797 186841 1287
292797 186841 1287
292797 186841 1287
292797 186841 1287
292797 186841 1287
292797 186841 1287
250664 150253 1288
250664 150253 1288
250664 150253 1288
250664 150253 1288
250664 150253 1288
250664 150253 1288
250664 150253 1288
250664 150253 1288
250664 150253 1288
250664 150253 1288
250664 150253 1288
250664 150253 1288
174718 190861 1288
174718 190861 1288
174718 190861 1288
174718 190861 1288
174718 190861 1288
174718 190861 1288
174718 190861 1288
174718 190861 1288
174718 190861 1288
174718 190861 1288
174718 190861 1288
174718 190861 1288
174351 190751 1292
174351 190751 1292
174351 190751 1292
174351 190751 1292
174351 190751 1292
174351 190751 1292
174351 190751 1292
174351 190751 1292
174351 190751 1292
174351 190751 1292
174351 190751 1292
174351 190751 1292
188437 235659 1292
188437 235659 1292
188437 235659 1292
188437 235659 1292
188437 235659 1292
188437 235659 1292
188437 235659 1292
188437 235659 1292
188437 235659 1292
188437 235659 1292
188437 235659 1292
188437 235659 1292
206099 183756 1293
206099 183756 1293
206099 183756 1293
206099 183756 1293
206099 183756 1293
206099 183756 1293
206099 183756 1293
206099 183756 1293
206099 183756 1293
206099 183756 1293
206099 183756 1293
206099 183756 1293
291455 199517 1293
291455 199517 1293
291455 199517 1293
291455 199517 1293
291455 199517 1293
291455 199517 1293
291455 199517 1293
291455 199517 1293
291455 199517 1293
291455 199517 1293
291455 199517 1293
291455 199517 1293
237851 225615 1293
237851 225615 1293
237851 225615 1293
237851 225615 1293
237851 225615 1293
237851 225615 1293
237851 225615 1293
237851 225615 1293
237851 225615 1293
237851 225615 1293
237851 225615 1293
237851 225615 1293
15687 186833 1294
15687 186833 1294
15687 186833 1294
15687 186833 1294
15687 186833 1294
15687 186833 1294
15687 186833 1294
15687 186833 1294
15687 186833 1294
15687 186833 1294
15687 186833 1294
15687 186833 1294
19032 186833 1295
19032 186833 1295
19032 186833 1295
19032 186833 1295
19032 186833 1295
19032 186833 1295
19032 186833 1295
19032 186833 1295
19032 186833 1295
19032 186833 1295
19032 186833 1295
19032 186833 1295
19032 186833 1295
293139 285121 1298
293139 285121 1298
293139 285121 1298
293139 285121 1298
293139 285121 1298
293139 285121 1298
293139 285121 1298
293139 285121 1298
293139 285121 1298
293139 285121 1298
293139 285121 1298
293139 285121 1298
293139 285121 1298
246070 285243 1298
246070 285243 1298
246070 285243 1298
246070 285243 1298
246070 285243 1298
246070 285243 1298
246070 285243 1298
246070 285243 1298
246070 285243 1298
246070 285243 1298
246070 285243 1298
246070 285243 1298
227689 229867 1300
227689 229867 1300
227689 229867 1300
227689 229867 1300
227689 229867 1300
227689 229867 1300
227689 229867 1300
227689 229867 1300
227689 229867 1300
227689 229867 1300
227689 229867 1300
227689 229867 1300
272546 246617 1301
272546 246617 1301
272546 246617 1301
272546 246617 1301
272546 246617 1301
272546 246617 1301
272546 246617 1301
272546 246617 1301
272546 246617 1301
272546 246617 1301
272546 246617 1301
272546 246617 1301
272546 246617 1301
206159 174828 1301
206159 174828 1301
206159 174828 1301
206159 174828 1301
206159 174828 1301
206159 174828 1301
206159 174828 1301
206159 174828 1301
206159 174828 1301
206159 174828 1301
206159 174828 1301
206159 174828 1301
236015 240633 1302
236015 240633 1302
236015 240633 1302
236015 240633 1302
236015 240633 1302
236015 240633 1302
236015 240633 1302
236015 240633 1302
236015 240633 1302
236015 240633 1302
236015 240633 1302
236015 240633 1302
229867 240633 1302
229867 240633 1302
229867 240633 1302
229867 240633 1302
229867 240633 1302
229867 240633 1302
229867 240633 1302
229867 240633 1302
229867 240633 1302
229867 240633 1302
229867 240633 1302
229867 240633 1302
229867 240633 1302
227248 124698 1304
227248 124698 1304
227248 124698 1304
227248 124698 1304
227248 124698 1304
227248 124698 1304
227248 124698 1304
227248 124698 1304
227248 124698 1304
227248 124698 1304
227248 124698 1304
227248 124698 1304
227248 124698 1304
248384 250600 1304
248384 250600 1304
248384 250600 1304
248384 250600 1304
248384 250600 1304
248384 250600 1304
248384 250600 1304
248384 250600 1304
248384 250600 1304
248384 250600 1304
248384 250600 1304
248384 250600 1304
227540 228149 1305
227540 228149 1305
227540 228149 1305
227540 228149 1305
227540 228149 1305
227540 228149 1305
227540 228149 1305
227540 228149 1305
227540 228149 1305
227540 228149 1305
227540 228149 1305
227540 228149 1305
183756 160250 1305
183756 160250 1305
183756 160250 1305
183756 160250 1305
183756 160250 1305
183756 160250 1305
183756 160250 1305
183756 160250 1305
183756 160250 1305
183756 160250 1305
183756 160250 1305
183756 160250 1305
206270 175899 1305
206270 175899 1305
206270 175899 1305
206270 175899 1305
206270 175899 1305
206270 175899 1305
206270 175899 1305
206270 175899 1305
206270 175899 1305
206270 175899 1305
206270 175899 1305
206270 175899 1305
206270 175899 1305
242460 228406 1306
242460 228406 1306
242460 228406 1306
242460 228406 1306
242460 228406 1306
242460 228406 1306
242460 228406 1306
242460 228406 1306
242460 228406 1306
242460 228406 1306
242460 228406 1306
242460 228406 1306
242460 228406 1306
193631 203453 1307
193631 203453 1307
193631 203453 1307
193631 203453 1307
193631 203453 1307
193631 203453 1307
193631 203453 1307
193631 203453 1307
193631 203453 1307
193631 203453 1307
193631 203453 1307
193631 203453 1307
193631 203453 1307
233585 229866 1307
233585 229866 1307
233585 229866 1307
233585 229866 1307
233585 229866 1307
233585 229866 1307
233585 229866 1307
233585 229866 1307
233585 229866 1307
233585 229866 1307
233585 229866 1307
233585 229866 1307
233585 229866 1307
251936 231019 1308
251936 231019 1308
251936 231019 1308
251936 231019 1308
251936 231019 1308
251936 231019 1308
251936 231019 1308
251936 231019 1308
251936 231019 1308
251936 231019 1308
251936 231019 1308
251936 231019 1308
225943 230957 1309
225943 230957 1309
225943 230957 1309
225943 230957 1309
225943 230957 1309
225943 230957 1309
225943 230957 1309
225943 230957 1309
225943 230957 1309
225943 230957 1309
225943 230957 1309
225943 230957 1309
225943 230957 1309
190838 237202 1310
190838 237202 1310
190838 237202 1310
190838 237202 1310
190838 237202 1310
190838 237202 1310
190838 237202 1310
190838 237202 1310
190838 237202 1310
190838 237202 1310
190838 237202 1310
190838 237202 1310
190838 237202 1310
235690 160292 1310
235690 160292 1310
235690 160292 1310
235690 160292 1310
235690 160292 1310
235690 160292 1310
235690 160292 1310
235690 160292 1310
235690 160292 1310
235690 160292 1310
235690 160292 1310
235690 160292 1310
235690 160292 1310
231236 242339 1313
231236 242339 1313
231236 242339 1313
231236 242339 1313
231236 242339 1313
231236 242339 1313
231236 242339 1313
231236 242339 1313
231236 242339 1313
231236 242339 1313
231236 242339 1313
231236 242339 1313
289037 245982 1314
289037 245982 1314
289037 245982 1314
289037 245982 1314
289037 245982 1314
289037 245982 1314
289037 245982 1314
289037 245982 1314
289037 245982 1314
289037 245982 1314
289037 245982 1314
289037 245982 1314
289037 245982 1314
190915 233584 1315
190915 233584 1315
190915 233584 1315
190915 233584 1315
190915 233584 1315
190915 233584 1315
190915 233584 1315
190915 233584 1315
190915 233584 1315
190915 233584 1315
190915 233584 1315
190915 233584 1315
242119 230681 1316
242119 230681 1316
242119 230681 1316
242119 230681 1316
242119 230681 1316
242119 230681 1316
242119 230681 1316
242119 230681 1316
242119 230681 1316
242119 230681 1316
242119 230681 1316
242119 230681 1316
230110 243766 1316
230110 243766 1316
230110 243766 1316
230110 243766 1316
230110 243766 1316
230110 243766 1316
230110 243766 1316
230110 243766 1316
230110 243766 1316
230110 243766 1316
230110 243766 1316
230110 243766 1316
193117 233584 1317
193117 233584 1317
193117 233584 1317
193117 233584 1317
193117 233584 1317
193117 233584 1317
193117 233584 1317
193117 233584 1317
193117 233584 1317
193117 233584 1317
193117 233584 1317
193117 233584 1317
293376 284207 1318
293376 284207 1318
293376 284207 1318
293376 284207 1318
293376 284207 1318
293376 284207 1318
293376 284207 1318
293376 284207 1318
293376 284207 1318
293376 284207 1318
293376 284207 1318
293376 284207 1318
245982 284212 1318
245982 284212 1318
245982 284212 1318
245982 284212 1318
245982 284212 1318
245982 284212 1318
245982 284212 1318
245982 284212 1318
245982 284212 1318
245982 284212 1318
245982 284212 1318
245982 284212 1318
265409 286717 1319
265409 286717 1319
265409 286717 1319
265409 286717 1319
265409 286717 1319
265409 286717 1319
265409 286717 1319
265409 286717 1319
265409 286717 1319
265409 286717 1319
265409 286717 1319
265409 286717 1319
235965 232043 1320
235965 232043 1320
235965 232043 1320
235965 232043 1320
235965 232043 1320
235965 232043 1320
235965 232043 1320
235965 232043 1320
235965 232043 1320
235965 232043 1320
235965 232043 1320
235965 232043 1320
238227 188295 1320
238227 188295 1320
238227 188295 1320
238227 188295 1320
238227 188295 1320
238227 188295 1320
238227 188295 1320
238227 188295 1320
238227 188295 1320
238227 188295 1320
238227 188295 1320
238227 188295 1320
238227 188295 1320
295184 233619 1322
295184 233619 1322
295184 233619 1322
295184 233619 1322
295184 233619 1322
295184 233619 1322
295184 233619 1322
295184 233619 1322
295184 233619 1322
295184 233619 1322
295184 233619 1322
295184 233619 1322
295184 233619 1322
243185 226651 1324
243185 226651 1324
243185 226651 1324
243185 226651 1324
243185 226651 1324
243185 226651 1324
243185 226651 1324
243185 226651 1324
243185 226651 1324
243185 226651 1324
243185 226651 1324
243185 226651 1324
225931 233589 1325
225931 233589 1325
225931 233589 1325
225931 233589 1325
225931 233589 1325
225931 233589 1325
225931 233589 1325
225931 233589 1325
225931 233589 1325
225931 233589 1325
225931 233589 1325
225931 233589 1325
243542 236009 1326
243542 236009 1326
243542 236009 1326
243542 236009 1326
243542 236009 1326
243542 236009 1326
243542 236009 1326
243542 236009 1326
243542 236009 1326
243542 236009 1326
243542 236009 1326
243542 236009 1326
195764 191005 1326
195764 191005 1326
195764 191005 1326
195764 191005 1326
195764 191005 1326
195764 191005 1326
195764 191005 1326
195764 191005 1326
195764 191005 1326
195764 191005 1326
195764 191005 1326
195764 191005 1326
195764 191005 1326
175179 160287 1327
175179 160287 1327
175179 160287 1327
175179 160287 1327
175179 160287 1327
175179 160287 1327
175179 160287 1327
175179 160287 1327
175179 160287 1327
175179 160287 1327
175179 160287 1327
175179 160287 1327
232694 227248 1327
232694 227248 1327
232694 227248 1327
232694 227248 1327
232694 227248 1327
232694 227248 1327
232694 227248 1327
232694 227248 1327
232694 227248 1327
232694 227248 1327
232694 227248 1327
232694 227248 1327
232694 227248 1327
176190 203734 1327
176190 203734 1327
176190 203734 1327
176190 203734 1327
176190 203734 1327
176190 203734 1327
176190 203734 1327
176190 203734 1327
176190 203734 1327
176190 203734 1327
176190 203734 1327
176190 203734 1327
191005 175946 1327
191005 175946 1327
191005 175946 1327
191005 175946 1327
191005 175946 1327
191005 175946 1327
191005 175946 1327
191005 175946 1327
191005 175946 1327
191005 175946 1327
191005 175946 1327
191005 175946 1327
231519 227221 1327
231519 227221 1327
231519 227221 1327
231519 227221 1327
231519 227221 1327
231519 227221 1327
231519 227221 1327
231519 227221 1327
231519 227221 1327
231519 227221 1327
231519 227221 1327
231519 227221 1327
231519 227221 1327
188474 189435 1327
188474 189435 1327
188474 189435 1327
188474 189435 1327
188474 189435 1327
188474 189435 1327
188474 189435 1327
188474 189435 1327
188474 189435 1327
188474 189435 1327
188474 189435 1327
188474 189435 1327
188474 189435 1327
238228 235952 1328
238228 235952 1328
238228 235952 1328
238228 235952 1328
238228 235952 1328
238228 235952 1328
238228 235952 1328
238228 235952 1328
238228 235952 1328
238228 235952 1328
238228 235952 1328
238228 235952 1328
238228 235952 1328
190992 187574 1330
190992 187574 1330
190992 187574 1330
190992 187574 1330
190992 187574 1330
190992 187574 1330
190992 187574 1330
190992 187574 1330
190992 187574 1330
190992 187574 1330
190992 187574 1330
190992 187574 1330
190992 187574 1330
288209 246116 1331
288209 246116 1331
288209 246116 1331
288209 246116 1331
288209 246116 1331
288209 246116 1331
288209 246116 1331
288209 246116 1331
288209 246116 1331
288209 246116 1331
288209 246116 1331
288209 246116 1331
288209 246116 1331
175946 203185 1331
175946 203185 1331
175946 203185 1331
175946 203185 1331
175946 203185 1331
175946 203185 1331
175946 203185 1331
175946 203185 1331
175946 203185 1331
175946 203185 1331
175946 203185 1331
175946 203185 1331
175946 203185 1331
199189 160270 1331
199189 160270 1331
199189 160270 1331
199189 160270 1331
199189 160270 1331
199189 160270 1331
199189 160270 1331
199189 160270 1331
199189 160270 1331
199189 160270 1331
199189 160270 1331
199189 160270 1331
240452 239189 1332
240452 239189 1332
240452 239189 1332
240452 239189 1332
240452 239189 1332
240452 239189 1332
240452 239189 1332
240452 239189 1332
240452 239189 1332
240452 239189 1332
240452 239189 1332
240452 239189 1332
296524 268489 1332
296524 268489 1332
296524 268489 1332
296524 268489 1332
296524 268489 1332
296524 268489 1332
296524 268489 1332
296524 268489 1332
296524 268489 1332
296524 268489 1332
296524 268489 1332
296524 268489 1332
228107 228143 1332
228107 228143 1332
228107 228143 1332
228107 228143 1332
228107 228143 1332
228107 228143 1332
228107 228143 1332
228107 228143 1332
228107 228143 1332
228107 228143 1332
228107 228143 1332
228107 228143 1332
193135 196008 1332
193135 196008 1332
193135 196008 1332
193135 196008 1332
193135 196008 1332
193135 196008 1332
193135 196008 1332
193135 196008 1332
193135 196008 1332
193135 196008 1332
193135 196008 1332
193135 196008 1332
193135 196008 1332
245984 291472 1333
245984 291472 1333
245984 291472 1333
245984 291472 1333
245984 291472 1333
245984 291472 1333
245984 291472 1333
245984 291472 1333
245984 291472 1333
245984 291472 1333
245984 291472 1333
245984 291472 1333
228024 228709 1333
228024 228709 1333
228024 228709 1333
228024 228709 1333
228024 228709 1333
228024 228709 1333
228024 228709 1333
228024 228709 1333
228024 228709 1333
228024 228709 1333
228024 228709 1333
228024 228709 1333
228024 228709 1333
196008 190915 1334
196008 190915 1334
196008 190915 1334
196008 190915 1334
196008 190915 1334
196008 190915 1334
196008 190915 1334
196008 190915 1334
196008 190915 1334
196008 190915 1334
196008 190915 1334
196008 190915 1334
199837 199108 1334
199837 199108 1334
199837 199108 1334
199837 199108 1334
199837 199108 1334
199837 199108 1334
199837 199108 1334
199837 199108 1334
199837 199108 1334
199837 199108 1334
199837 199108 1334
199837 199108 1334
296702 246167 1334
296702 246167 1334
296702 246167 1334
296702 246167 1334
296702 246167 1334
296702 246167 1334
296702 246167 1334
296702 246167 1334
296702 246167 1334
296702 246167 1334
296702 246167 1334
296702 246167 1334
160240 195514 1335
160240 195514 1335
160240 195514 1335
160240 195514 1335
160240 195514 1335
160240 195514 1335
160240 195514 1335
160240 195514 1335
160240 195514 1335
160240 195514 1335
160240 195514 1335
160240 195514 1335
160240 195514 1335
285249 289520 1336
285249 289520 1336
285249 289520 1336
285249 289520 1336
285249 289520 1336
285249 289520 1336
285249 289520 1336
285249 289520 1336
285249 289520 1336
285249 289520 1336
285249 289520 1336
285249 289520 1336
285249 289520 1336
14812 239189 1336
14812 239189 1336
14812 239189 1336
14812 239189 1336
14812 239189 1336
14812 239189 1336
14812 239189 1336
14812 239189 1336
14812 239189 1336
14812 239189 1336
14812 239189 1336
14812 239189 1336
14812 239189 1336
200260 190973 1336
200260 190973 1336
200260 190973 1336
200260 190973 1336
200260 190973 1336
200260 190973 1336
200260 190973 1336
200260 190973 1336
200260 190973 1336
200260 190973 1336
200260 190973 1336
200260 190973 1336
274406 4570 1337
274406 4570 1337
274406 4570 1337
274406 4570 1337
274406 4570 1337
274406 4570 1337
274406 4570 1337
274406 4570 1337
274406 4570 1337
274406 4570 1337
274406 4570 1337
274406 4570 1337
228095 236913 1338
228095 236913 1338
228095 236913 1338
228095 236913 1338
228095 236913 1338
228095 236913 1338
228095 236913 1338
228095 236913 1338
228095 236913 1338
228095 236913 1338
228095 236913 1338
228095 236913 1338
228095 236913 1338
227009 290817 1339
227009 290817 1339
227009 290817 1339
227009 290817 1339
227009 290817 1339
227009 290817 1339
227009 290817 1339
227009 290817 1339
227009 290817 1339
227009 290817 1339
227009 290817 1339
227009 290817 1339
227009 290817 1339
227009 290817 1339
227009 290817 1339
227009 290817 1339
227009 290817 1339
227009 290817 1339
227009 290817 1339
227009 290817 1339
227009 290817 1339
227009 290817 1339
227009 290817 1339
227009 290817 1339
227009 290817 1339
11535 159649 1339
11535 159649 1339
11535 159649 1339
11535 159649 1339
11535 159649 1339
11535 159649 1339
11535 159649 1339
11535 159649 1339
11535 159649 1339
11535 159649 1339
11535 159649 1339
11535 159649 1339
11535 159649 1339
243765 243806 1340
243765 243806 1340
243765 243806 1340
243765 243806 1340
243765 243806 1340
243765 243806 1340
243765 243806 1340
243765 243806 1340
243765 243806 1340
243765 243806 1340
243765 243806 1340
243765 243806 1340
243765 243806 1340
251995 227093 1341
251995 227093 1341
251995 227093 1341
251995 227093 1341
251995 227093 1341
251995 227093 1341
251995 227093 1341
251995 227093 1341
251995 227093 1341
251995 227093 1341
251995 227093 1341
251995 227093 1341
262394 202879 1341
262394 202879 1341
262394 202879 1341
262394 202879 1341
262394 202879 1341
262394 202879 1341
262394 202879 1341
262394 202879 1341
262394 202879 1341
262394 202879 1341
262394 202879 1341
262394 202879 1341
187554 193101 1342
187554 193101 1342
187554 193101 1342
187554 193101 1342
187554 193101 1342
187554 193101 1342
187554 193101 1342
187554 193101 1342
187554 193101 1342
187554 193101 1342
187554 193101 1342
187554 193101 1342
267803 229867 1343
267803 229867 1343
267803 229867 1343
267803 229867 1343
267803 229867 1343
267803 229867 1343
267803 229867 1343
267803 229867 1343
267803 229867 1343
267803 229867 1343
267803 229867 1343
267803 229867 1343
232718 229867 1343
232718 229867 1343
232718 229867 1343
232718 229867 1343
232718 229867 1343
232718 229867 1343
232718 229867 1343
232718 229867 1343
232718 229867 1343
232718 229867 1343
232718 229867 1343
232718 229867 1343
193059 195050 1343
193059 195050 1343
193059 195050 1343
193059 195050 1343
193059 195050 1343
193059 195050 1343
193059 195050 1343
193059 195050 1343
193059 195050 1343
193059 195050 1343
193059 195050 1343
193059 195050 1343
193059 195050 1343
159649 184197 1343
159649 184197 1343
159649 184197 1343
159649 184197 1343
159649 184197 1343
159649 184197 1343
159649 184197 1343
159649 184197 1343
159649 184197 1343
159649 184197 1343
159649 184197 1343
159649 184197 1343
159649 184197 1343
227246 231275 1344
227246 231275 1344
227246 231275 1344
227246 231275 1344
227246 231275 1344
227246 231275 1344
227246 231275 1344
227246 231275 1344
227246 231275 1344
227246 231275 1344
227246 231275 1344
227246 231275 1344
193058 176284 1344
193058 176284 1344
193058 176284 1344
193058 176284 1344
193058 176284 1344
193058 176284 1344
193058 176284 1344
193058 176284 1344
193058 176284 1344
193058 176284 1344
193058 176284 1344
193058 176284 1344
193058 176284 1344
190920 235974 1344
190920 235974 1344
190920 235974 1344
190920 235974 1344
190920 235974 1344
190920 235974 1344
190920 235974 1344
190920 235974 1344
190920 235974 1344
190920 235974 1344
190920 235974 1344
190920 235974 1344
14459 265960 1344
14459 265960 1344
14459 265960 1344
14459 265960 1344
14459 265960 1344
14459 265960 1344
14459 265960 1344
14459 265960 1344
14459 265960 1344
14459 265960 1344
14459 265960 1344
14459 265960 1344
14459 265960 1344
283400 235310 1345
283400 235310 1345
283400 235310 1345
283400 235310 1345
283400 235310 1345
283400 235310 1345
283400 235310 1345
283400 235310 1345
283400 235310 1345
283400 235310 1345
283400 235310 1345
283400 235310 1345
283400 235310 1345
225616 242430 1347
225616 242430 1347
225616 242430 1347
225616 242430 1347
225616 242430 1347
225616 242430 1347
225616 242430 1347
225616 242430 1347
225616 242430 1347
225616 242430 1347
225616 242430 1347
225616 242430 1347
237846 236105 1348
237846 236105 1348
237846 236105 1348
237846 236105 1348
237846 236105 1348
237846 236105 1348
237846 236105 1348
237846 236105 1348
237846 236105 1348
237846 236105 1348
237846 236105 1348
237846 236105 1348
237846 236105 1348
195021 160293 1350
195021 160293 1350
195021 160293 1350
195021 160293 1350
195021 160293 1350
195021 160293 1350
195021 160293 1350
195021 160293 1350
195021 160293 1350
195021 160293 1350
195021 160293 1350
195021 160293 1350
151192 194603 1351
151192 194603 1351
151192 194603 1351
151192 194603 1351
151192 194603 1351
151192 194603 1351
151192 194603 1351
151192 194603 1351
151192 194603 1351
151192 194603 1351
151192 194603 1351
151192 194603 1351
151192 194603 1351
252022 230098 1351
252022 230098 1351
252022 230098 1351
252022 230098 1351
252022 230098 1351
252022 230098 1351
252022 230098 1351
252022 230098 1351
252022 230098 1351
252022 230098 1351
252022 230098 1351
252022 230098 1351
226455 242232 1351
226455 242232 1351
226455 242232 1351
226455 242232 1351
226455 242232 1351
226455 242232 1351
226455 242232 1351
226455 242232 1351
226455 242232 1351
226455 242232 1351
226455 242232 1351
226455 242232 1351
226455 242232 1351
226452 237090 1352
226452 237090 1352
226452 237090 1352
226452 237090 1352
226452 237090 1352
226452 237090 1352
226452 237090 1352
226452 237090 1352
226452 237090 1352
226452 237090 1352
226452 237090 1352
226452 237090 1352
226452 237090 1352
191005 208299 1355
191005 208299 1355
191005 208299 1355
191005 208299 1355
191005 208299 1355
191005 208299 1355
191005 208299 1355
191005 208299 1355
191005 208299 1355
191005 208299 1355
191005 208299 1355
191005 208299 1355
177252 202555 1355
177252 202555 1355
177252 202555 1355
177252 202555 1355
177252 202555 1355
177252 202555 1355
177252 202555 1355
177252 202555 1355
177252 202555 1355
177252 202555 1355
177252 202555 1355
177252 202555 1355
177252 202555 1355
234298 227099 1357
234298 227099 1357
234298 227099 1357
234298 227099 1357
234298 227099 1357
234298 227099 1357
234298 227099 1357
234298 227099 1357
234298 227099 1357
234298 227099 1357
234298 227099 1357
234298 227099 1357
234298 227099 1357
292034 246190 1358
292034 246190 1358
292034 246190 1358
292034 246190 1358
292034 246190 1358
292034 246190 1358
292034 246190 1358
292034 246190 1358
292034 246190 1358
292034 246190 1358
292034 246190 1358
292034 246190 1358
292034 246190 1358
201019 193058 1358
201019 193058 1358
201019 193058 1358
201019 193058 1358
201019 193058 1358
201019 193058 1358
201019 193058 1358
201019 193058 1358
201019 193058 1358
201019 193058 1358
201019 193058 1358
201019 193058 1358
229511 194603 1359
229511 194603 1359
229511 194603 1359
229511 194603 1359
229511 194603 1359
229511 194603 1359
229511 194603 1359
229511 194603 1359
229511 194603 1359
229511 194603 1359
229511 194603 1359
229511 194603 1359
239001 191679 1360
239001 191679 1360
239001 191679 1360
239001 191679 1360
239001 191679 1360
239001 191679 1360
239001 191679 1360
239001 191679 1360
239001 191679 1360
239001 191679 1360
239001 191679 1360
239001 191679 1360
242540 228034 1362
242540 228034 1362
242540 228034 1362
242540 228034 1362
242540 228034 1362
242540 228034 1362
242540 228034 1362
242540 228034 1362
242540 228034 1362
242540 228034 1362
242540 228034 1362
242540 228034 1362
285281 246101 1364
285281 246101 1364
285281 246101 1364
285281 246101 1364
285281 246101 1364
285281 246101 1364
285281 246101 1364
285281 246101 1364
285281 246101 1364
285281 246101 1364
285281 246101 1364
285281 246101 1364
285281 246101 1364
208207 174934 1366
208207 174934 1366
208207 174934 1366
208207 174934 1366
208207 174934 1366
208207 174934 1366
208207 174934 1366
208207 174934 1366
208207 174934 1366
208207 174934 1366
208207 174934 1366
208207 174934 1366
228034 235013 1366
228034 235013 1366
228034 235013 1366
228034 235013 1366
228034 235013 1366
228034 235013 1366
228034 235013 1366
228034 235013 1366
228034 235013 1366
228034 235013 1366
228034 235013 1366
228034 235013 1366
228034 235013 1366
230956 228510 1367
230956 228510 1367
230956 228510 1367
230956 228510 1367
230956 228510 1367
230956 228510 1367
230956 228510 1367
230956 228510 1367
230956 228510 1367
230956 228510 1367
230956 228510 1367
230956 228510 1367
285281 265584 1367
285281 265584 1367
285281 265584 1367
285281 265584 1367
285281 265584 1367
285281 265584 1367
285281 265584 1367
285281 265584 1367
285281 265584 1367
285281 265584 1367
285281 265584 1367
285281 265584 1367
285281 265584 1367
246059 289042 1368
246059 289042 1368
246059 289042 1368
246059 289042 1368
246059 289042 1368
246059 289042 1368
246059 289042 1368
246059 289042 1368
246059 289042 1368
246059 289042 1368
246059 289042 1368
246059 289042 1368
165338 286724 1368
165338 286724 1368
165338 286724 1368
165338 286724 1368
165338 286724 1368
165338 286724 1368
165338 286724 1368
165338 286724 1368
165338 286724 1368
165338 286724 1368
165338 286724 1368
165338 286724 1368
165338 286724 1368
235674 188459 1369
235674 188459 1369
235674 188459 1369
235674 188459 1369
235674 188459 1369
235674 188459 1369
235674 188459 1369
235674 188459 1369
235674 188459 1369
235674 188459 1369
235674 188459 1369
235674 188459 1369
235674 188459 1369
272840 293369 1370
272840 293369 1370
272840 293369 1370
272840 293369 1370
272840 293369 1370
272840 293369 1370
272840 293369 1370
272840 293369 1370
272840 293369 1370
272840 293369 1370
272840 293369 1370
272840 293369 1370
239754 227827 1371
239754 227827 1371
239754 227827 1371
239754 227827 1371
239754 227827 1371
239754 227827 1371
239754 227827 1371
239754 227827 1371
239754 227827 1371
239754 227827 1371
239754 227827 1371
239754 227827 1371
266449 245977 1372
266449 245977 1372
266449 245977 1372
266449 245977 1372
266449 245977 1372
266449 245977 1372
266449 245977 1372
266449 245977 1372
266449 245977 1372
266449 245977 1372
266449 245977 1372
266449 245977 1372
188440 193100 1373
188440 193100 1373
188440 193100 1373
188440 193100 1373
188440 193100 1373
188440 193100 1373
188440 193100 1373
188440 193100 1373
188440 193100 1373
188440 193100 1373
188440 193100 1373
188440 193100 1373
239235 291996 1374
239235 291996 1374
239235 291996 1374
239235 291996 1374
239235 291996 1374
239235 291996 1374
239235 291996 1374
239235 291996 1374
239235 291996 1374
239235 291996 1374
239235 291996 1374
239235 291996 1374
204219 199825 1375
204219 199825 1375
204219 199825 1375
204219 199825 1375
204219 199825 1375
204219 199825 1375
204219 199825 1375
204219 199825 1375
204219 199825 1375
204219 199825 1375
204219 199825 1375
204219 199825 1375
204219 199825 1375
285273 294127 1375
285273 294127 1375
285273 294127 1375
285273 294127 1375
285273 294127 1375
285273 294127 1375
285273 294127 1375
285273 294127 1375
285273 294127 1375
285273 294127 1375
285273 294127 1375
285273 294127 1375
285273 294127 1375
14459 9117 1377
14459 9117 1377
14459 9117 1377
14459 9117 1377
14459 9117 1377
14459 9117 1377
14459 9117 1377
14459 9117 1377
14459 9117 1377
14459 9117 1377
14459 9117 1377
14459 9117 1377
230101 228510 1377
230101 228510 1377
230101 228510 1377
230101 228510 1377
230101 228510 1377
230101 228510 1377
230101 228510 1377
230101 228510 1377
230101 228510 1377
230101 228510 1377
230101 228510 1377
230101 228510 1377
190876 209652 1378
190876 209652 1378
190876 209652 1378
190876 209652 1378
190876 209652 1378
190876 209652 1378
190876 209652 1378
190876 209652 1378
190876 209652 1378
190876 209652 1378
190876 209652 1378
190876 209652 1378
190876 209652 1378
266103 235865 1379
266103 235865 1379
266103 235865 1379
266103 235865 1379
266103 235865 1379
266103 235865 1379
266103 235865 1379
266103 235865 1379
266103 235865 1379
266103 235865 1379
266103 235865 1379
266103 235865 1379
243708 177252 1380
243708 177252 1380
243708 177252 1380
243708 177252 1380
243708 177252 1380
243708 177252 1380
243708 177252 1380
243708 177252 1380
243708 177252 1380
243708 177252 1380
243708 177252 1380
243708 177252 1380
230689 228466 1382
230689 228466 1382
230689 228466 1382
230689 228466 1382
230689 228466 1382
230689 228466 1382
230689 228466 1382
230689 228466 1382
230689 228466 1382
230689 228466 1382
230689 228466 1382
230689 228466 1382
230689 228466 1382
203200 208299 1384
203200 208299 1384
203200 208299 1384
203200 208299 1384
203200 208299 1384
203200 208299 1384
203200 208299 1384
203200 208299 1384
203200 208299 1384
203200 208299 1384
203200 208299 1384
203200 208299 1384
203200 208299 1384
227019 235790 1386
227019 235790 1386
227019 235790 1386
227019 235790 1386
227019 235790 1386
227019 235790 1386
227019 235790 1386
227019 235790 1386
227019 235790 1386
227019 235790 1386
227019 235790 1386
227019 235790 1386
227019 235790 1386
228135 251995 1387
228135 251995 1387
228135 251995 1387
228135 251995 1387
228135 251995 1387
228135 251995 1387
228135 251995 1387
228135 251995 1387
228135 251995 1387
228135 251995 1387
228135 251995 1387
228135 251995 1387
232719 228401 1393
232719 228401 1393
232719 228401 1393
232719 228401 1393
232719 228401 1393
232719 228401 1393
232719 228401 1393
232719 228401 1393
232719 228401 1393
232719 228401 1393
232719 228401 1393
232719 228401 1393
265637 246069 1393
265637 246069 1393
265637 246069 1393
265637 246069 1393
265637 246069 1393
265637 246069 1393
265637 246069 1393
265637 246069 1393
265637 246069 1393
265637 246069 1393
265637 246069 1393
265637 246069 1393
285466 294270 1395
285466 294270 1395
285466 294270 1395
285466 294270 1395
285466 294270 1395
285466 294270 1395
285466 294270 1395
285466 294270 1395
285466 294270 1395
285466 294270 1395
285466 294270 1395
285466 294270 1395
236921 242072 1396
236921 242072 1396
236921 242072 1396
236921 242072 1396
236921 242072 1396
236921 242072 1396
236921 242072 1396
236921 242072 1396
236921 242072 1396
236921 242072 1396
236921 242072 1396
236921 242072 1396
242072 227828 1399
242072 227828 1399
242072 227828 1399
242072 227828 1399
242072 227828 1399
242072 227828 1399
242072 227828 1399
242072 227828 1399
242072 227828 1399
242072 227828 1399
242072 227828 1399
242072 227828 1399
251977 226441 1400
251977 226441 1400
251977 226441 1400
251977 226441 1400
251977 226441 1400
251977 226441 1400
251977 226441 1400
251977 226441 1400
251977 226441 1400
251977 226441 1400
251977 226441 1400
251977 226441 1400
285348 285119 1403
285348 285119 1403
285348 285119 1403
285348 285119 1403
285348 285119 1403
285348 285119 1403
285348 285119 1403
285348 285119 1403
285348 285119 1403
285348 285119 1403
285348 285119 1403
285348 285119 1403
285348 285119 1403
230939 237660 1403
230939 237660 1403
230939 237660 1403
230939 237660 1403
230939 237660 1403
230939 237660 1403
230939 237660 1403
230939 237660 1403
230939 237660 1403
230939 237660 1403
230939 237660 1403
230939 237660 1403
227019 226977 1404
227019 226977 1404
227019 226977 1404
227019 226977 1404
227019 226977 1404
227019 226977 1404
227019 226977 1404
227019 226977 1404
227019 226977 1404
227019 226977 1404
227019 226977 1404
227019 226977 1404
227019 226977 1404
11015 204226 1404
11015 204226 1404
11015 204226 1404
11015 204226 1404
11015 204226 1404
11015 204226 1404
11015 204226 1404
11015 204226 1404
11015 204226 1404
11015 204226 1404
11015 204226 1404
11015 204226 1404
11015 204226 1404
281361 245982 1404
281361 245982 1404
281361 245982 1404
281361 245982 1404
281361 245982 1404
281361 245982 1404
281361 245982 1404
281361 245982 1404
281361 245982 1404
281361 245982 1404
281361 245982 1404
281361 245982 1404
236065 189007 1407
236065 189007 1407
236065 189007 1407
236065 189007 1407
236065 189007 1407
236065 189007 1407
236065 189007 1407
236065 189007 1407
236065 189007 1407
236065 189007 1407
236065 189007 1407
236065 189007 1407
236065 189007 1407
242377 229511 1408
242377 229511 1408
242377 229511 1408
242377 229511 1408
242377 229511 1408
242377 229511 1408
242377 229511 1408
242377 229511 1408
242377 229511 1408
242377 229511 1408
242377 229511 1408
242377 229511 1408
175908 176495 1409
175908 176495 1409
175908 176495 1409
175908 176495 1409
175908 176495 1409
175908 176495 1409
175908 176495 1409
175908 176495 1409
175908 176495 1409
175908 176495 1409
175908 176495 1409
175908 176495 1409
9113 250571 1409
9113 250571 1409
9113 250571 1409
9113 250571 1409
9113 250571 1409
9113 250571 1409
9113 250571 1409
9113 250571 1409
9113 250571 1409
9113 250571 1409
9113 250571 1409
9113 250571 1409
9113 250571 1409
229802 235683 1410
229802 235683 1410
229802 235683 1410
229802 235683 1410
229802 235683 1410
229802 235683 1410
229802 235683 1410
229802 235683 1410
229802 235683 1410
229802 235683 1410
229802 235683 1410
229802 235683 1410
229802 235683 1410
251928 228472 1410
251928 228472 1410
251928 228472 1410
251928 228472 1410
251928 228472 1410
251928 228472 1410
251928 228472 1410
251928 228472 1410
251928 228472 1410
251928 228472 1410
251928 228472 1410
251928 228472 1410
251928 228472 1410
240629 265918 1411
240629 265918 1411
240629 265918 1411
240629 265918 1411
240629 265918 1411
240629 265918 1411
240629 265918 1411
240629 265918 1411
240629 265918 1411
240629 265918 1411
240629 265918 1411
240629 265918 1411
240629 265918 1411
155156 227098 1415
155156 227098 1415
155156 227098 1415
155156 227098 1415
155156 227098 1415
155156 227098 1415
155156 227098 1415
155156 227098 1415
155156 227098 1415
155156 227098 1415
155156 227098 1415
155156 227098 1415
190764 196158 1417
190764 196158 1417
190764 196158 1417
190764 196158 1417
190764 196158 1417
190764 196158 1417
190764 196158 1417
190764 196158 1417
190764 196158 1417
190764 196158 1417
190764 196158 1417
190764 196158 1417
190764 196158 1417
289534 265841 1419
289534 265841 1419
289534 265841 1419
289534 265841 1419
289534 265841 1419
289534 265841 1419
289534 265841 1419
289534 265841 1419
289534 265841 1419
289534 265841 1419
289534 265841 1419
289534 265841 1419
236935 293343 1420
236935 293343 1420
236935 293343 1420
236935 293343 1420
236935 293343 1420
236935 293343 1420
236935 293343 1420
236935 293343 1420
236935 293343 1420
236935 293343 1420
236935 293343 1420
236935 293343 1420
236935 293343 1420
237873 195496 1426
237873 195496 1426
237873 195496 1426
237873 195496 1426
237873 195496 1426
237873 195496 1426
237873 195496 1426
237873 195496 1426
237873 195496 1426
237873 195496 1426
237873 195496 1426
237873 195496 1426
237873 195496 1426
151192 268501 1430
151192 268501 1430
151192 268501 1430
151192 268501 1430
151192 268501 1430
151192 268501 1430
151192 268501 1430
151192 268501 1430
151192 268501 1430
151192 268501 1430
151192 268501 1430
151192 268501 1430
245899 265920 1431
245899 265920 1431
245899 265920 1431
245899 265920 1431
245899 265920 1431
245899 265920 1431
245899 265920 1431
245899 265920 1431
245899 265920 1431
245899 265920 1431
245899 265920 1431
245899 265920 1431
245899 265920 1431
186765 245976 1432
186765 245976 1432
186765 245976 1432
186765 245976 1432
186765 245976 1432
186765 245976 1432
186765 245976 1432
186765 245976 1432
186765 245976 1432
186765 245976 1432
186765 245976 1432
186765 245976 1432
289731 284212 1433
289731 284212 1433
289731 284212 1433
289731 284212 1433
289731 284212 1433
289731 284212 1433
289731 284212 1433
289731 284212 1433
289731 284212 1433
289731 284212 1433
289731 284212 1433
289731 284212 1433
191592 208315 1434
191592 208315 1434
191592 208315 1434
191592 208315 1434
191592 208315 1434
191592 208315 1434
191592 208315 1434
191592 208315 1434
191592 208315 1434
191592 208315 1434
191592 208315 1434
191592 208315 1434
202023 206270 1434
202023 206270 1434
202023 206270 1434
202023 206270 1434
202023 206270 1434
202023 206270 1434
202023 206270 1434
202023 206270 1434
202023 206270 1434
202023 206270 1434
202023 206270 1434
202023 206270 1434
151583 294127 1434
151583 294127 1434
151583 294127 1434
151583 294127 1434
151583 294127 1434
151583 294127 1434
151583 294127 1434
151583 294127 1434
151583 294127 1434
151583 294127 1434
151583 294127 1434
151583 294127 1434
286717 284225 1434
286717 284225 1434
286717 284225 1434
286717 284225 1434
286717 284225 1434
286717 284225 1434
286717 284225 1434
286717 284225 1434
286717 284225 1434
286717 284225 1434
286717 284225 1434
286717 284225 1434
286717 284225 1434
191601 233584 1435
191601 233584 1435
191601 233584 1435
191601 233584 1435
191601 233584 1435
191601 233584 1435
191601 233584 1435
191601 233584 1435
191601 233584 1435
191601 233584 1435
191601 233584 1435
191601 233584 1435
237886 235942 1435
237886 235942 1435
237886 235942 1435
237886 235942 1435
237886 235942 1435
237886 235942 1435
237886 235942 1435
237886 235942 1435
237886 235942 1435
237886 235942 1435
237886 235942 1435
237886 235942 1435
237886 235942 1435
281848 283400 1435
281848 283400 1435
281848 283400 1435
281848 283400 1435
281848 283400 1435
281848 283400 1435
281848 283400 1435
281848 283400 1435
281848 283400 1435
281848 283400 1435
281848 283400 1435
281848 283400 1435
160293 236836 1436
160293 236836 1436
160293 236836 1436
160293 236836 1436
160293 236836 1436
160293 236836 1436
160293 236836 1436
160293 236836 1436
160293 236836 1436
160293 236836 1436
160293 236836 1436
160293 236836 1436
160293 236836 1436
228089 150450 1437
228089 150450 1437
228089 150450 1437
228089 150450 1437
228089 150450 1437
228089 150450 1437
228089 150450 1437
228089 150450 1437
228089 150450 1437
228089 150450 1437
228089 150450 1437
228089 150450 1437
199836 187576 1439
199836 187576 1439
199836 187576 1439
199836 187576 1439
199836 187576 1439
199836 187576 1439
199836 187576 1439
199836 187576 1439
199836 187576 1439
199836 187576 1439
199836 187576 1439
199836 187576 1439
292103 151135 1441
292103 151135 1441
292103 151135 1441
292103 151135 1441
292103 151135 1441
292103 151135 1441
292103 151135 1441
292103 151135 1441
292103 151135 1441
292103 151135 1441
292103 151135 1441
292103 151135 1441
14450 230655 1441
14450 230655 1441
14450 230655 1441
14450 230655 1441
14450 230655 1441
14450 230655 1441
14450 230655 1441
14450 230655 1441
14450 230655 1441
14450 230655 1441
14450 230655 1441
14450 230655 1441
11144 4567 1441
11144 4567 1441
11144 4567 1441
11144 4567 1441
11144 4567 1441
11144 4567 1441
11144 4567 1441
11144 4567 1441
11144 4567 1441
11144 4567 1441
11144 4567 1441
11144 4567 1441
9247 236138 1443
9247 236138 1443
9247 236138 1443
9247 236138 1443
9247 236138 1443
9247 236138 1443
9247 236138 1443
9247 236138 1443
9247 236138 1443
9247 236138 1443
9247 236138 1443
9247 236138 1443
9247 236138 1443
236482 175936 1445
236482 175936 1445
236482 175936 1445
236482 175936 1445
236482 175936 1445
236482 175936 1445
236482 175936 1445
236482 175936 1445
236482 175936 1445
236482 175936 1445
236482 175936 1445
236482 175936 1445
236482 175936 1445
237886 235862 1449
237886 235862 1449
237886 235862 1449
237886 235862 1449
237886 235862 1449
237886 235862 1449
237886 235862 1449
237886 235862 1449
237886 235862 1449
237886 235862 1449
237886 235862 1449
237886 235862 1449
237886 235862 1449
265579 262498 1453
265579 262498 1453
265579 262498 1453
265579 262498 1453
265579 262498 1453
265579 262498 1453
265579 262498 1453
265579 262498 1453
265579 262498 1453
265579 262498 1453
265579 262498 1453
265579 262498 1453
265579 262498 1453
226966 226999 1453
226966 226999 1453
226966 226999 1453
226966 226999 1453
226966 226999 1453
226966 226999 1453
226966 226999 1453
226966 226999 1453
226966 226999 1453
226966 226999 1453
226966 226999 1453
226966 226999 1453
291426 159646 1455
291426 159646 1455
291426 159646 1455
291426 159646 1455
291426 159646 1455
291426 159646 1455
291426 159646 1455
291426 159646 1455
291426 159646 1455
291426 159646 1455
291426 159646 1455
291426 159646 1455
296107 124698 1456
296107 124698 1456
296107 124698 1456
296107 124698 1456
296107 124698 1456
296107 124698 1456
296107 124698 1456
296107 124698 1456
296107 124698 1456
296107 124698 1456
296107 124698 1456
296107 124698 1456
296107 124698 1456
235687 230957 1461
235687 230957 1461
235687 230957 1461
235687 230957 1461
235687 230957 1461
235687 230957 1461
235687 230957 1461
235687 230957 1461
235687 230957 1461
235687 230957 1461
235687 230957 1461
235687 230957 1461
235687 230957 1461
282536 286725 1462
282536 286725 1462
282536 286725 1462
282536 286725 1462
282536 286725 1462
282536 286725 1462
282536 286725 1462
282536 286725 1462
282536 286725 1462
282536 286725 1462
282536 286725 1462
282536 286725 1462
237850 227732 1462
237850 227732 1462
237850 227732 1462
237850 227732 1462
237850 227732 1462
237850 227732 1462
237850 227732 1462
237850 227732 1462
237850 227732 1462
237850 227732 1462
237850 227732 1462
237850 227732 1462
245977 285382 1463
245977 285382 1463
245977 285382 1463
245977 285382 1463
245977 285382 1463
245977 285382 1463
245977 285382 1463
245977 285382 1463
245977 285382 1463
245977 285382 1463
245977 285382 1463
245977 285382 1463
245977 285382 1463
289531 227093 1465
289531 227093 1465
289531 227093 1465
289531 227093 1465
289531 227093 1465
289531 227093 1465
289531 227093 1465
289531 227093 1465
289531 227093 1465
289531 227093 1465
289531 227093 1465
289531 227093 1465
289531 227093 1465
232063 232971 1466
232063 232971 1466
232063 232971 1466
232063 232971 1466
232063 232971 1466
232063 232971 1466
232063 232971 1466
232063 232971 1466
232063 232971 1466
232063 232971 1466
232063 232971 1466
232063 232971 1466
196507 236015 1466
196507 236015 1466
196507 236015 1466
196507 236015 1466
196507 236015 1466
196507 236015 1466
196507 236015 1466
196507 236015 1466
196507 236015 1466
196507 236015 1466
196507 236015 1466
196507 236015 1466
196507 236015 1466
230957 236838 1467
230957 236838 1467
230957 236838 1467
230957 236838 1467
230957 236838 1467
230957 236838 1467
230957 236838 1467
230957 236838 1467
230957 236838 1467
230957 236838 1467
230957 236838 1467
230957 236838 1467
230957 236838 1467
293359 249343 1467
293359 249343 1467
293359 249343 1467
293359 249343 1467
293359 249343 1467
293359 249343 1467
293359 249343 1467
293359 249343 1467
293359 249343 1467
293359 249343 1467
293359 249343 1467
293359 249343 1467
293359 249343 1467
226966 227019 1471
226966 227019 1471
226966 227019 1471
226966 227019 1471
226966 227019 1471
226966 227019 1471
226966 227019 1471
226966 227019 1471
226966 227019 1471
226966 227019 1471
226966 227019 1471
226966 227019 1471
175899 187724 1482
175899 187724 1482
175899 187724 1482
175899 187724 1482
175899 187724 1482
175899 187724 1482
175899 187724 1482
175899 187724 1482
175899 187724 1482
175899 187724 1482
175899 187724 1482
175899 187724 1482
175899 187724 1482
184809 227077 1485
184809 227077 1485
184809 227077 1485
184809 227077 1485
184809 227077 1485
184809 227077 1485
184809 227077 1485
184809 227077 1485
184809 227077 1485
184809 227077 1485
184809 227077 1485
184809 227077 1485
184809 227077 1485
228131 232707 1489
228131 232707 1489
228131 232707 1489
228131 232707 1489
228131 232707 1489
228131 232707 1489
228131 232707 1489
228131 232707 1489
228131 232707 1489
228131 232707 1489
228131 232707 1489
228131 232707 1489
242322 14923 1490
242322 14923 1490
242322 14923 1490
242322 14923 1490
242322 14923 1490
242322 14923 1490
242322 14923 1490
242322 14923 1490
242322 14923 1490
242322 14923 1490
242322 14923 1490
242322 14923 1490
248409 262498 1492
248409 262498 1492
248409 262498 1492
248409 262498 1492
248409 262498 1492
248409 262498 1492
248409 262498 1492
248409 262498 1492
248409 262498 1492
248409 262498 1492
248409 262498 1492
248409 262498 1492
248409 262498 1492
290393 293653 1499
290393 293653 1499
290393 293653 1499
290393 293653 1499
290393 293653 1499
290393 293653 1499
290393 293653 1499
290393 293653 1499
290393 293653 1499
290393 293653 1499
290393 293653 1499
290393 293653 1499
290230 291376 1500
290230 291376 1500
290230 291376 1500
290230 291376 1500
290230 291376 1500
290230 291376 1500
290230 291376 1500
290230 291376 1500
290230 291376 1500
290230 291376 1500
290230 291376 1500
290230 291376 1500
177943 291514 1500
177943 291514 1500
177943 291514 1500
177943 291514 1500
177943 291514 1500
177943 291514 1500
177943 291514 1500
177943 291514 1500
177943 291514 1500
177943 291514 1500
177943 291514 1500
177943 291514 1500
177943 291514 1500
246082 285375 1511
246082 285375 1511
246082 285375 1511
246082 285375 1511
246082 285375 1511
246082 285375 1511
246082 285375 1511
246082 285375 1511
246082 285375 1511
246082 285375 1511
246082 285375 1511
246082 285375 1511
246082 285375 1511
226971 248375 1514
226971 248375 1514
226971 248375 1514
226971 248375 1514
226971 248375 1514
226971 248375 1514
226971 248375 1514
226971 248375 1514
226971 248375 1514
226971 248375 1514
226971 248375 1514
226971 248375 1514
183755 174718 1519
183755 174718 1519
183755 174718 1519
183755 174718 1519
183755 174718 1519
183755 174718 1519
183755 174718 1519
183755 174718 1519
183755 174718 1519
183755 174718 1519
183755 174718 1519
183755 174718 1519
250536 228092 1523
250536 228092 1523
250536 228092 1523
250536 228092 1523
250536 228092 1523
250536 228092 1523
250536 228092 1523
250536 228092 1523
250536 228092 1523
250536 228092 1523
250536 228092 1523
250536 228092 1523
250536 228092 1523
250537 265841 1526
250537 265841 1526
250537 265841 1526
250537 265841 1526
250537 265841 1526
250537 265841 1526
250537 265841 1526
250537 265841 1526
250537 265841 1526
250537 265841 1526
250537 265841 1526
250537 265841 1526
250537 265841 1526
295095 295112 1531
295095 295112 1531
295095 295112 1531
295095 295112 1531
295095 295112 1531
295095 295112 1531
295095 295112 1531
295095 295112 1531
295095 295112 1531
295095 295112 1531
295095 295112 1531
295095 295112 1531
239287 236838 1535
239287 236838 1535
239287 236838 1535
239287 236838 1535
239287 236838 1535
239287 236838 1535
239287 236838 1535
239287 236838 1535
239287 236838 1535
239287 236838 1535
239287 236838 1535
239287 236838 1535
239287 236838 1535
286611 293377 1537
286611 293377 1537
286611 293377 1537
286611 293377 1537
286611 293377 1537
286611 293377 1537
286611 293377 1537
286611 293377 1537
286611 293377 1537
286611 293377 1537
286611 293377 1537
286611 293377 1537
250583 281183 1539
250583 281183 1539
250583 281183 1539
250583 281183 1539
250583 281183 1539
250583 281183 1539
250583 281183 1539
250583 281183 1539
250583 281183 1539
250583 281183 1539
250583 281183 1539
250583 281183 1539
250583 281183 1539
239187 231260 1543
239187 231260 1543
239187 231260 1543
239187 231260 1543
239187 231260 1543
239187 231260 1543
239187 231260 1543
239187 231260 1543
239187 231260 1543
239187 231260 1543
239187 231260 1543
239187 231260 1543
239187 231260 1543
284493 284208 1551
284493 284208 1551
284493 284208 1551
284493 284208 1551
284493 284208 1551
284493 284208 1551
284493 284208 1551
284493 284208 1551
284493 284208 1551
284493 284208 1551
284493 284208 1551
284493 284208 1551
250582 256655 1554
250582 256655 1554
250582 256655 1554
250582 256655 1554
250582 256655 1554
250582 256655 1554
250582 256655 1554
250582 256655 1554
250582 256655 1554
250582 256655 1554
250582 256655 1554
250582 256655 1554
250582 256655 1554
289620 228104 1567
289620 228104 1567
289620 228104 1567
289620 228104 1567
289620 228104 1567
289620 228104 1567
289620 228104 1567
289620 228104 1567
289620 228104 1567
289620 228104 1567
289620 228104 1567
289620 228104 1567
289620 228104 1567
150494 228104 1571
150494 228104 1571
150494 228104 1571
150494 228104 1571
150494 228104 1571
150494 228104 1571
150494 228104 1571
150494 228104 1571
150494 228104 1571
150494 228104 1571
150494 228104 1571
150494 228104 1571
150494 228104 1571
226527 237648 1579
226527 237648 1579
226527 237648 1579
226527 237648 1579
226527 237648 1579
226527 237648 1579
226527 237648 1579
226527 237648 1579
226527 237648 1579
226527 237648 1579
226527 237648 1579
226527 237648 1579
236589 243009 1581
236589 243009 1581
236589 243009 1581
236589 243009 1581
236589 243009 1581
236589 243009 1581
236589 243009 1581
236589 243009 1581
236589 243009 1581
236589 243009 1581
236589 243009 1581
236589 243009 1581
228495 236094 1582
228495 236094 1582
228495 236094 1582
228495 236094 1582
228495 236094 1582
228495 236094 1582
228495 236094 1582
228495 236094 1582
228495 236094 1582
228495 236094 1582
228495 236094 1582
228495 236094 1582
228495 236094 1582
227217 236067 1594
227217 236067 1594
227217 236067 1594
227217 236067 1594
227217 236067 1594
227217 236067 1594
227217 236067 1594
227217 236067 1594
227217 236067 1594
227217 236067 1594
227217 236067 1594
227217 236067 1594
249359 228107 1598
249359 228107 1598
249359 228107 1598
249359 228107 1598
249359 228107 1598
249359 228107 1598
249359 228107 1598
249359 228107 1598
249359 228107 1598
249359 228107 1598
249359 228107 1598
249359 228107 1598
11766 281439 1607
11766 281439 1607
11766 281439 1607
11766 281439 1607
11766 281439 1607
11766 281439 1607
11766 281439 1607
11766 281439 1607
11766 281439 1607
11766 281439 1607
11766 281439 1607
11766 281439 1607
11766 281439 1607
236838 235661 1608
236838 235661 1608
236838 235661 1608
236838 235661 1608
236838 235661 1608
236838 235661 1608
236838 235661 1608
236838 235661 1608
236838 235661 1608
236838 235661 1608
236838 235661 1608
236838 235661 1608
236838 235661 1608
232694 292432 1608
232694 292432 1608
232694 292432 1608
232694 292432 1608
232694 292432 1608
232694 292432 1608
232694 292432 1608
232694 292432 1608
232694 292432 1608
232694 292432 1608
232694 292432 1608
232694 292432 1608
232694 292432 1608
11767 281439 1615
11767 281439 1615
11767 281439 1615
11767 281439 1615
11767 281439 1615
11767 281439 1615
11767 281439 1615
11767 281439 1615
11767 281439 1615
11767 281439 1615
11767 281439 1615
11767 281439 1615
11767 281439 1615
236838 235661 1621
236838 235661 1621
236838 235661 1621
236838 235661 1621
236838 235661 1621
236838 235661 1621
236838 235661 1621
236838 235661 1621
236838 235661 1621
236838 235661 1621
236838 235661 1621
236838 235661 1621
236838 235661 1621
236155 236939 1622
236155 236939 1622
236155 236939 1622
236155 236939 1622
236155 236939 1622
236155 236939 1622
236155 236939 1622
236155 236939 1622
236155 236939 1622
236155 236939 1622
236155 236939 1622
236155 236939 1622
236838 235661 1624
236838 235661 1624
236838 235661 1624
236838 235661 1624
236838 235661 1624
236838 235661 1624
236838 235661 1624
236838 235661 1624
236838 235661 1624
236838 235661 1624
236838 235661 1624
236838 235661 1624
236838 235661 1624
282823 286717 1625
282823 286717 1625
282823 286717 1625
282823 286717 1625
282823 286717 1625
282823 286717 1625
282823 286717 1625
282823 286717 1625
282823 286717 1625
282823 286717 1625
282823 286717 1625
282823 286717 1625
282823 286717 1625
236845 245940 1628
236845 245940 1628
236845 245940 1628
236845 245940 1628
236845 245940 1628
236845 245940 1628
236845 245940 1628
236845 245940 1628
236845 245940 1628
236845 245940 1628
236845 245940 1628
236845 245940 1628
236845 245940 1628
186934 208202 1634
186934 208202 1634
186934 208202 1634
186934 208202 1634
186934 208202 1634
186934 208202 1634
186934 208202 1634
186934 208202 1634
186934 208202 1634
186934 208202 1634
186934 208202 1634
186934 208202 1634
236839 226382 1636
236839 226382 1636
236839 226382 1636
236839 226382 1636
236839 226382 1636
236839 226382 1636
236839 226382 1636
236839 226382 1636
236839 226382 1636
236839 226382 1636
236839 226382 1636
236839 226382 1636
236839 226382 1636
190899 160237 1636
190899 160237 1636
190899 160237 1636
190899 160237 1636
190899 160237 1636
190899 160237 1636
190899 160237 1636
190899 160237 1636
190899 160237 1636
190899 160237 1636
190899 160237 1636
190899 160237 1636
226382 296137 1639
226382 296137 1639
226382 296137 1639
226382 296137 1639
226382 296137 1639
226382 296137 1639
226382 296137 1639
226382 296137 1639
226382 296137 1639
226382 296137 1639
226382 296137 1639
226382 296137 1639
296129 291455 1642
296129 291455 1642
296129 291455 1642
296129 291455 1642
296129 291455 1642
296129 291455 1642
296129 291455 1642
296129 291455 1642
296129 291455 1642
296129 291455 1642
296129 291455 1642
296129 291455 1642
235977 228401 1643
235977 228401 1643
235977 228401 1643
235977 228401 1643
235977 228401 1643
235977 228401 1643
235977 228401 1643
235977 228401 1643
235977 228401 1643
235977 228401 1643
235977 228401 1643
235977 228401 1643
235977 228401 1643
291435 291376 1643
291435 291376 1643
291435 291376 1643
291435 291376 1643
291435 291376 1643
291435 291376 1643
291435 291376 1643
291435 291376 1643
291435 291376 1643
291435 291376 1643
291435 291376 1643
291435 291376 1643
236839 226382 1645
236839 226382 1645
236839 226382 1645
236839 226382 1645
236839 226382 1645
236839 226382 1645
236839 226382 1645
236839 226382 1645
236839 226382 1645
236839 226382 1645
236839 226382 1645
236839 226382 1645
242141 236519 1651
242141 236519 1651
242141 236519 1651
242141 236519 1651
242141 236519 1651
242141 236519 1651
242141 236519 1651
242141 236519 1651
242141 236519 1651
242141 236519 1651
242141 236519 1651
242141 236519 1651
242141 236519 1651
237915 187713 1654
237915 187713 1654
237915 187713 1654
237915 187713 1654
237915 187713 1654
237915 187713 1654
237915 187713 1654
237915 187713 1654
237915 187713 1654
237915 187713 1654
237915 187713 1654
237915 187713 1654
237915 187713 1654
249348 236479 1655
249348 236479 1655
249348 236479 1655
249348 236479 1655
249348 236479 1655
249348 236479 1655
249348 236479 1655
249348 236479 1655
249348 236479 1655
249348 236479 1655
249348 236479 1655
249348 236479 1655
249348 236479 1655
231018 236854 1662
231018 236854 1662
231018 236854 1662
231018 236854 1662
231018 236854 1662
231018 236854 1662
231018 236854 1662
231018 236854 1662
231018 236854 1662
231018 236854 1662
231018 236854 1662
231018 236854 1662
231018 236854 1662
14725 293112 1662
14725 293112 1662
14725 293112 1662
14725 293112 1662
14725 293112 1662
14725 293112 1662
14725 293112 1662
14725 293112 1662
14725 293112 1662
14725 293112 1662
14725 293112 1662
14725 293112 1662
14725 293112 1662
191022 175939 1663
191022 175939 1663
191022 175939 1663
191022 175939 1663
191022 175939 1663
191022 175939 1663
191022 175939 1663
191022 175939 1663
191022 175939 1663
191022 175939 1663
191022 175939 1663
191022 175939 1663
191022 175939 1663
232832 226590 1663
232832 226590 1663
232832 226590 1663
232832 226590 1663
232832 226590 1663
232832 226590 1663
232832 226590 1663
232832 226590 1663
232832 226590 1663
232832 226590 1663
232832 226590 1663
232832 226590 1663
227020 251928 1665
227020 251928 1665
227020 251928 1665
227020 251928 1665
227020 251928 1665
227020 251928 1665
227020 251928 1665
227020 251928 1665
227020 251928 1665
227020 251928 1665
227020 251928 1665
227020 251928 1665
226970 227654 1666
226970 227654 1666
226970 227654 1666
226970 227654 1666
226970 227654 1666
226970 227654 1666
226970 227654 1666
226970 227654 1666
226970 227654 1666
226970 227654 1666
226970 227654 1666
226970 227654 1666
245940 186852 1666
245940 186852 1666
245940 186852 1666
245940 186852 1666
245940 186852 1666
245940 186852 1666
245940 186852 1666
245940 186852 1666
245940 186852 1666
245940 186852 1666
245940 186852 1666
245940 186852 1666
232831 9875 1666
232831 9875 1666
232831 9875 1666
232831 9875 1666
232831 9875 1666
232831 9875 1666
232831 9875 1666
232831 9875 1666
232831 9875 1666
232831 9875 1666
232831 9875 1666
232831 9875 1666
232831 9875 1666
237915 187713 1666
237915 187713 1666
237915 187713 1666
237915 187713 1666
237915 187713 1666
237915 187713 1666
237915 187713 1666
237915 187713 1666
237915 187713 1666
237915 187713 1666
237915 187713 1666
237915 187713 1666
227654 240640 1668
227654 240640 1668
227654 240640 1668
227654 240640 1668
227654 240640 1668
227654 240640 1668
227654 240640 1668
227654 240640 1668
227654 240640 1668
227654 240640 1668
227654 240640 1668
227654 240640 1668
227654 240640 1668
245927 295185 1669
245927 295185 1669
245927 295185 1669
245927 295185 1669
245927 295185 1669
245927 295185 1669
245927 295185 1669
245927 295185 1669
245927 295185 1669
245927 295185 1669
245927 295185 1669
245927 295185 1669
174718 184408 1670
174718 184408 1670
174718 184408 1670
174718 184408 1670
174718 184408 1670
174718 184408 1670
174718 184408 1670
174718 184408 1670
174718 184408 1670
174718 184408 1670
174718 184408 1670
174718 184408 1670
250600 265636 1670
250600 265636 1670
250600 265636 1670
250600 265636 1670
250600 265636 1670
250600 265636 1670
250600 265636 1670
250600 265636 1670
250600 265636 1670
250600 265636 1670
250600 265636 1670
250600 265636 1670
288589 256655 1671
288589 256655 1671
288589 256655 1671
288589 256655 1671
288589 256655 1671
288589 256655 1671
288589 256655 1671
288589 256655 1671
288589 256655 1671
288589 256655 1671
288589 256655 1671
288589 256655 1671
288589 256655 1671
238418 204159 1672
238418 204159 1672
238418 204159 1672
238418 204159 1672
238418 204159 1672
238418 204159 1672
238418 204159 1672
238418 204159 1672
238418 204159 1672
238418 204159 1672
238418 204159 1672
238418 204159 1672
238418 204159 1672
277362 228709 1674
277362 228709 1674
277362 228709 1674
277362 228709 1674
277362 228709 1674
277362 228709 1674
277362 228709 1674
277362 228709 1674
277362 228709 1674
277362 228709 1674
277362 228709 1674
277362 228709 1674
277362 228709 1674
234242 227028 1677
234242 227028 1677
234242 227028 1677
234242 227028 1677
234242 227028 1677
234242 227028 1677
234242 227028 1677
234242 227028 1677
234242 227028 1677
234242 227028 1677
234242 227028 1677
234242 227028 1677
150201 235854 1679
150201 235854 1679
150201 235854 1679
150201 235854 1679
150201 235854 1679
150201 235854 1679
150201 235854 1679
150201 235854 1679
150201 235854 1679
150201 235854 1679
150201 235854 1679
150201 235854 1679
204159 193811 1680
204159 193811 1680
204159 193811 1680
204159 193811 1680
204159 193811 1680
204159 193811 1680
204159 193811 1680
204159 193811 1680
204159 193811 1680
204159 193811 1680
204159 193811 1680
204159 193811 1680
204159 193811 1680
169494 203454 1684
169494 203454 1684
169494 203454 1684
169494 203454 1684
169494 203454 1684
169494 203454 1684
169494 203454 1684
169494 203454 1684
169494 203454 1684
169494 203454 1684
169494 203454 1684
169494 203454 1684
169494 203454 1684
236028 230167 1684
236028 230167 1684
236028 230167 1684
236028 230167 1684
236028 230167 1684
236028 230167 1684
236028 230167 1684
236028 230167 1684
236028 230167 1684
236028 230167 1684
236028 230167 1684
236028 230167 1684
151583 281478 1685
151583 281478 1685
151583 281478 1685
151583 281478 1685
151583 281478 1685
151583 281478 1685
151583 281478 1685
151583 281478 1685
151583 281478 1685
151583 281478 1685
151583 281478 1685
151583 281478 1685
230110 228148 1685
230110 228148 1685
230110 228148 1685
230110 228148 1685
230110 228148 1685
230110 228148 1685
230110 228148 1685
230110 228148 1685
230110 228148 1685
230110 228148 1685
230110 228148 1685
230110 228148 1685
252001 227305 1686
252001 227305 1686
252001 227305 1686
252001 227305 1686
252001 227305 1686
252001 227305 1686
252001 227305 1686
252001 227305 1686
252001 227305 1686
252001 227305 1686
252001 227305 1686
252001 227305 1686
203454 190900 1686
203454 190900 1686
203454 190900 1686
203454 190900 1686
203454 190900 1686
203454 190900 1686
203454 190900 1686
203454 190900 1686
203454 190900 1686
203454 190900 1686
203454 190900 1686
203454 190900 1686
191022 201801 1687
191022 201801 1687
191022 201801 1687
191022 201801 1687
191022 201801 1687
191022 201801 1687
191022 201801 1687
191022 201801 1687
191022 201801 1687
191022 201801 1687
191022 201801 1687
191022 201801 1687
191022 201801 1687
230078 234233 1687
230078 234233 1687
230078 234233 1687
230078 234233 1687
230078 234233 1687
230078 234233 1687
230078 234233 1687
230078 234233 1687
230078 234233 1687
230078 234233 1687
230078 234233 1687
230078 234233 1687
230078 234233 1687
265412 286724 1688
265412 286724 1688
265412 286724 1688
265412 286724 1688
265412 286724 1688
265412 286724 1688
265412 286724 1688
265412 286724 1688
265412 286724 1688
265412 286724 1688
265412 286724 1688
265412 286724 1688
190900 203279 1688
190900 203279 1688
190900 203279 1688
190900 203279 1688
190900 203279 1688
190900 203279 1688
190900 203279 1688
190900 203279 1688
190900 203279 1688
190900 203279 1688
190900 203279 1688
190900 203279 1688
190900 203279 1688
289524 246075 1688
289524 246075 1688
289524 246075 1688
289524 246075 1688
289524 246075 1688
289524 246075 1688
289524 246075 1688
289524 246075 1688
289524 246075 1688
289524 246075 1688
289524 246075 1688
289524 246075 1688
289524 246075 1688
246015 245925 1689
246015 245925 1689
246015 245925 1689
246015 245925 1689
246015 245925 1689
246015 245925 1689
246015 245925 1689
246015 245925 1689
246015 245925 1689
246015 245925 1689
246015 245925 1689
246015 245925 1689
246015 245925 1689
294273 226970 1691
294273 226970 1691
294273 226970 1691
294273 226970 1691
294273 226970 1691
294273 226970 1691
294273 226970 1691
294273 226970 1691
294273 226970 1691
294273 226970 1691
294273 226970 1691
294273 226970 1691
159612 237366 1691
159612 237366 1691
159612 237366 1691
159612 237366 1691
159612 237366 1691
159612 237366 1691
159612 237366 1691
159612 237366 1691
159612 237366 1691
159612 237366 1691
159612 237366 1691
159612 237366 1691
159612 237366 1691
227744 228418 1693
227744 228418 1693
227744 228418 1693
227744 228418 1693
227744 228418 1693
227744 228418 1693
227744 228418 1693
227744 228418 1693
227744 228418 1693
227744 228418 1693
227744 228418 1693
227744 228418 1693
11429 174458 1693
11429 174458 1693
11429 174458 1693
11429 174458 1693
11429 174458 1693
11429 174458 1693
11429 174458 1693
11429 174458 1693
11429 174458 1693
11429 174458 1693
11429 174458 1693
11429 174458 1693
203251 174902 1693
203251 174902 1693
203251 174902 1693
203251 174902 1693
203251 174902 1693
203251 174902 1693
203251 174902 1693
203251 174902 1693
203251 174902 1693
203251 174902 1693
203251 174902 1693
203251 174902 1693
14780 174458 1695
14780 174458 1695
14780 174458 1695
14780 174458 1695
14780 174458 1695
14780 174458 1695
14780 174458 1695
14780 174458 1695
14780 174458 1695
14780 174458 1695
14780 174458 1695
14780 174458 1695
14780 174458 1695
184803 226838 1698
184803 226838 1698
184803 226838 1698
184803 226838 1698
184803 226838 1698
184803 226838 1698
184803 226838 1698
184803 226838 1698
184803 226838 1698
184803 226838 1698
184803 226838 1698
184803 226838 1698
239832 236995 1698
239832 236995 1698
239832 236995 1698
239832 236995 1698
239832 236995 1698
239832 236995 1698
239832 236995 1698
239832 236995 1698
239832 236995 1698
239832 236995 1698
239832 236995 1698
239832 236995 1698
239832 236995 1698
151585 150450 1701
151585 150450 1701
151585 150450 1701
151585 150450 1701
151585 150450 1701
151585 150450 1701
151585 150450 1701
151585 150450 1701
151585 150450 1701
151585 150450 1701
151585 150450 1701
151585 150450 1701
151585 150450 1701
227256 235663 1701
227256 235663 1701
227256 235663 1701
227256 235663 1701
227256 235663 1701
227256 235663 1701
227256 235663 1701
227256 235663 1701
227256 235663 1701
227256 235663 1701
227256 235663 1701
227256 235663 1701
174945 265841 1702
174945 265841 1702
174945 265841 1702
174945 265841 1702
174945 265841 1702
174945 265841 1702
174945 265841 1702
174945 265841 1702
174945 265841 1702
174945 265841 1702
174945 265841 1702
174945 265841 1702
174945 265841 1702
187715 232189 1702
187715 232189 1702
187715 232189 1702
187715 232189 1702
187715 232189 1702
187715 232189 1702
187715 232189 1702
187715 232189 1702
187715 232189 1702
187715 232189 1702
187715 232189 1702
187715 232189 1702
288636 250696 1703
288636 250696 1703
288636 250696 1703
288636 250696 1703
288636 250696 1703
288636 250696 1703
288636 250696 1703
288636 250696 1703
288636 250696 1703
288636 250696 1703
288636 250696 1703
288636 250696 1703
152779 227986 1705
152779 227986 1705
152779 227986 1705
152779 227986 1705
152779 227986 1705
152779 227986 1705
152779 227986 1705
152779 227986 1705
152779 227986 1705
152779 227986 1705
152779 227986 1705
152779 227986 1705
296129 294270 1705
296129 294270 1705
296129 294270 1705
296129 294270 1705
296129 294270 1705
296129 294270 1705
296129 294270 1705
296129 294270 1705
296129 294270 1705
296129 294270 1705
296129 294270 1705
296129 294270 1705
227254 232719 1706
227254 232719 1706
227254 232719 1706
227254 232719 1706
227254 232719 1706
227254 232719 1706
227254 232719 1706
227254 232719 1706
227254 232719 1706
227254 232719 1706
227254 232719 1706
227254 232719 1706
285578 285214 1706
285578 285214 1706
285578 285214 1706
285578 285214 1706
285578 285214 1706
285578 285214 1706
285578 285214 1706
285578 285214 1706
285578 285214 1706
285578 285214 1706
285578 285214 1706
285578 285214 1706
285578 285214 1706
227254 232719 1707
227254 232719 1707
227254 232719 1707
227254 232719 1707
227254 232719 1707
227254 232719 1707
227254 232719 1707
227254 232719 1707
227254 232719 1707
227254 232719 1707
227254 232719 1707
227254 232719 1707
228472 230705 1707
228472 230705 1707
228472 230705 1707
228472 230705 1707
228472 230705 1707
228472 230705 1707
228472 230705 1707
228472 230705 1707
228472 230705 1707
228472 230705 1707
228472 230705 1707
228472 230705 1707
227254 232719 1708
227254 232719 1708
227254 232719 1708
227254 232719 1708
227254 232719 1708
227254 232719 1708
227254 232719 1708
227254 232719 1708
227254 232719 1708
227254 232719 1708
227254 232719 1708
227254 232719 1708
227254 232719 1708
11787 290558 1709
11787 290558 1709
11787 290558 1709
11787 290558 1709
11787 290558 1709
11787 290558 1709
11787 290558 1709
11787 290558 1709
11787 290558 1709
11787 290558 1709
11787 290558 1709
11787 290558 1709
11787 290558 1709
241925 237366 1709
241925 237366 1709
241925 237366 1709
241925 237366 1709
241925 237366 1709
241925 237366 1709
241925 237366 1709
241925 237366 1709
241925 237366 1709
241925 237366 1709
241925 237366 1709
241925 237366 1709
241925 237366 1709
239263 237366 1711
239263 237366 1711
239263 237366 1711
239263 237366 1711
239263 237366 1711
239263 237366 1711
239263 237366 1711
239263 237366 1711
239263 237366 1711
239263 237366 1711
239263 237366 1711
239263 237366 1711
239263 237366 1711
232189 229825 1712
232189 229825 1712
232189 229825 1712
232189 229825 1712
232189 229825 1712
232189 229825 1712
232189 229825 1712
232189 229825 1712
232189 229825 1712
232189 229825 1712
232189 229825 1712
232189 229825 1712
240698 236447 1713
240698 236447 1713
240698 236447 1713
240698 236447 1713
240698 236447 1713
240698 236447 1713
240698 236447 1713
240698 236447 1713
240698 236447 1713
240698 236447 1713
240698 236447 1713
240698 236447 1713
240698 236447 1713
232707 242416 1714
232707 242416 1714
232707 242416 1714
232707 242416 1714
232707 242416 1714
232707 242416 1714
232707 242416 1714
232707 242416 1714
232707 242416 1714
232707 242416 1714
232707 242416 1714
232707 242416 1714
232707 242416 1714
235974 225922 1714
235974 225922 1714
235974 225922 1714
235974 225922 1714
235974 225922 1714
235974 225922 1714
235974 225922 1714
235974 225922 1714
235974 225922 1714
235974 225922 1714
235974 225922 1714
235974 225922 1714
240632 235974 1715
240632 235974 1715
240632 235974 1715
240632 235974 1715
240632 235974 1715
240632 235974 1715
240632 235974 1715
240632 235974 1715
240632 235974 1715
240632 235974 1715
240632 235974 1715
240632 235974 1715
240632 235974 1715
235876 289520 1715
235876 289520 1715
235876 289520 1715
235876 289520 1715
235876 289520 1715
235876 289520 1715
235876 289520 1715
235876 289520 1715
235876 289520 1715
235876 289520 1715
235876 289520 1715
235876 289520 1715
226459 10670 1717
226459 10670 1717
226459 10670 1717
226459 10670 1717
226459 10670 1717
226459 10670 1717
226459 10670 1717
226459 10670 1717
226459 10670 1717
226459 10670 1717
226459 10670 1717
226459 10670 1717
11787 283968 1718
11787 283968 1718
11787 283968 1718
11787 283968 1718
11787 283968 1718
11787 283968 1718
11787 283968 1718
11787 283968 1718
11787 283968 1718
11787 283968 1718
11787 283968 1718
11787 283968 1718
11787 283968 1718
124694 227755 1723
124694 227755 1723
124694 227755 1723
124694 227755 1723
124694 227755 1723
124694 227755 1723
124694 227755 1723
124694 227755 1723
124694 227755 1723
124694 227755 1723
124694 227755 1723
124694 227755 1723
285486 295112 1723
285486 295112 1723
285486 295112 1723
285486 295112 1723
285486 295112 1723
285486 295112 1723
285486 295112 1723
285486 295112 1723
285486 295112 1723
285486 295112 1723
285486 295112 1723
285486 295112 1723
227019 150201 1723
227019 150201 1723
227019 150201 1723
227019 150201 1723
227019 150201 1723
227019 150201 1723
227019 150201 1723
227019 150201 1723
227019 150201 1723
227019 150201 1723
227019 150201 1723
227019 150201 1723
227019 150201 1723
14459 282516 1724
14459 282516 1724
14459 282516 1724
14459 282516 1724
14459 282516 1724
14459 282516 1724
14459 282516 1724
14459 282516 1724
14459 282516 1724
14459 282516 1724
14459 282516 1724
14459 282516 1724
226969 238211 1725
226969 238211 1725
226969 238211 1725
226969 238211 1725
226969 238211 1725
226969 238211 1725
226969 238211 1725
226969 238211 1725
226969 238211 1725
226969 238211 1725
226969 238211 1725
226969 238211 1725
227221 293925 1725
227221 293925 1725
227221 293925 1725
227221 293925 1725
227221 293925 1725
227221 293925 1725
227221 293925 1725
227221 293925 1725
227221 293925 1725
227221 293925 1725
227221 293925 1725
227221 293925 1725
203368 190751 1727
203368 190751 1727
203368 190751 1727
203368 190751 1727
203368 190751 1727
203368 190751 1727
203368 190751 1727
203368 190751 1727
203368 190751 1727
203368 190751 1727
203368 190751 1727
203368 190751 1727
203368 190751 1727
242390 243803 1728
242390 243803 1728
242390 243803 1728
242390 243803 1728
242390 243803 1728
242390 243803 1728
242390 243803 1728
242390 243803 1728
242390 243803 1728
242390 243803 1728
242390 243803 1728
242390 243803 1728
9117 11097 1729
9117 11097 1729
9117 11097 1729
9117 11097 1729
9117 11097 1729
9117 11097 1729
9117 11097 1729
9117 11097 1729
9117 11097 1729
9117 11097 1729
9117 11097 1729
9117 11097 1729
237848 226482 1730
237848 226482 1730
237848 226482 1730
237848 226482 1730
237848 226482 1730
237848 226482 1730
237848 226482 1730
237848 226482 1730
237848 226482 1730
237848 226482 1730
237848 226482 1730
237848 226482 1730
226981 233587 1731
226981 233587 1731
226981 233587 1731
226981 233587 1731
226981 233587 1731
226981 233587 1731
226981 233587 1731
226981 233587 1731
226981 233587 1731
226981 233587 1731
226981 233587 1731
226981 233587 1731
226981 233587 1731
252700 293377 1732
252700 293377 1732
252700 293377 1732
252700 293377 1732
252700 293377 1732
252700 293377 1732
252700 293377 1732
252700 293377 1732
252700 293377 1732
252700 293377 1732
252700 293377 1732
252700 293377 1732
252700 293377 1732
226482 237325 1732
226482 237325 1732
226482 237325 1732
226482 237325 1732
226482 237325 1732
226482 237325 1732
226482 237325 1732
226482 237325 1732
226482 237325 1732
226482 237325 1732
226482 237325 1732
226482 237325 1732
233585 293925 1733
233585 293925 1733
233585 293925 1733
233585 293925 1733
233585 293925 1733
233585 293925 1733
233585 293925 1733
233585 293925 1733
233585 293925 1733
233585 293925 1733
233585 293925 1733
233585 293925 1733
233585 293925 1733
190920 225931 1734
190920 225931 1734
190920 225931 1734
190920 225931 1734
190920 225931 1734
190920 225931 1734
190920 225931 1734
190920 225931 1734
190920 225931 1734
190920 225931 1734
190920 225931 1734
190920 225931 1734
235865 265307 1734
235865 265307 1734
235865 265307 1734
235865 265307 1734
235865 265307 1734
235865 265307 1734
235865 265307 1734
235865 265307 1734
235865 265307 1734
235865 265307 1734
235865 265307 1734
235865 265307 1734
296709 226968 1734
296709 226968 1734
296709 226968 1734
296709 226968 1734
296709 226968 1734
296709 226968 1734
296709 226968 1734
296709 226968 1734
296709 226968 1734
296709 226968 1734
296709 226968 1734
296709 226968 1734
282552 228106 1735
282552 228106 1735
282552 228106 1735
282552 228106 1735
282552 228106 1735
282552 228106 1735
282552 228106 1735
282552 228106 1735
282552 228106 1735
282552 228106 1735
282552 228106 1735
282552 228106 1735
242313 293925 1735
242313 293925 1735
242313 293925 1735
242313 293925 1735
242313 293925 1735
242313 293925 1735
242313 293925 1735
242313 293925 1735
242313 293925 1735
242313 293925 1735
242313 293925 1735
242313 293925 1735
242313 293925 1735
226968 242084 1736
226968 242084 1736
226968 242084 1736
226968 242084 1736
226968 242084 1736
226968 242084 1736
226968 242084 1736
226968 242084 1736
226968 242084 1736
226968 242084 1736
226968 242084 1736
226968 242084 1736
240452 294270 1737
240452 294270 1737
240452 294270 1737
240452 294270 1737
240452 294270 1737
240452 294270 1737
240452 294270 1737
240452 294270 1737
240452 294270 1737
240452 294270 1737
240452 294270 1737
240452 294270 1737
240452 294270 1737
208207 203277 1738
208207 203277 1738
208207 203277 1738
208207 203277 1738
208207 203277 1738
208207 203277 1738
208207 203277 1738
208207 203277 1738
208207 203277 1738
208207 203277 1738
208207 203277 1738
208207 203277 1738
186762 285491 1738
186762 285491 1738
186762 285491 1738
186762 285491 1738
186762 285491 1738
186762 285491 1738
186762 285491 1738
186762 285491 1738
186762 285491 1738
186762 285491 1738
186762 285491 1738
186762 285491 1738
186762 285491 1738
14923 226993 1740
14923 226993 1740
14923 226993 1740
14923 226993 1740
14923 226993 1740
14923 226993 1740
14923 226993 1740
14923 226993 1740
14923 226993 1740
14923 226993 1740
14923 226993 1740
14923 226993 1740
187722 193404 1742
187722 193404 1742
187722 193404 1742
187722 193404 1742
187722 193404 1742
187722 193404 1742
187722 193404 1742
187722 193404 1742
187722 193404 1742
187722 193404 1742
187722 193404 1742
187722 193404 1742
187722 193404 1742
150511 296708 1746
150511 296708 1746
150511 296708 1746
150511 296708 1746
150511 296708 1746
150511 296708 1746
150511 296708 1746
150511 296708 1746
150511 296708 1746
150511 296708 1746
150511 296708 1746
150511 296708 1746
150511 296708 1746
295184 230067 1747
295184 230067 1747
295184 230067 1747
295184 230067 1747
295184 230067 1747
295184 230067 1747
295184 230067 1747
295184 230067 1747
295184 230067 1747
295184 230067 1747
295184 230067 1747
295184 230067 1747
236898 236925 1748
236898 236925 1748
236898 236925 1748
236898 236925 1748
236898 236925 1748
236898 236925 1748
236898 236925 1748
236898 236925 1748
236898 236925 1748
236898 236925 1748
236898 236925 1748
236898 236925 1748
235952 227088 1748
235952 227088 1748
235952 227088 1748
235952 227088 1748
235952 227088 1748
235952 227088 1748
235952 227088 1748
235952 227088 1748
235952 227088 1748
235952 227088 1748
235952 227088 1748
235952 227088 1748
235952 227088 1748
235687 246098 1748
235687 246098 1748
235687 246098 1748
235687 246098 1748
235687 246098 1748
235687 246098 1748
235687 246098 1748
235687 246098 1748
235687 246098 1748
235687 246098 1748
235687 246098 1748
235687 246098 1748
235687 246098 1748
208308 187576 1750
208308 187576 1750
208308 187576 1750
208308 187576 1750
208308 187576 1750
208308 187576 1750
208308 187576 1750
208308 187576 1750
208308 187576 1750
208308 187576 1750
208308 187576 1750
208308 187576 1750
236649 239754 1753
236649 239754 1753
236649 239754 1753
236649 239754 1753
236649 239754 1753
236649 239754 1753
236649 239754 1753
236649 239754 1753
236649 239754 1753
236649 239754 1753
236649 239754 1753
236649 239754 1753
285276 150228 1753
285276 150228 1753
285276 150228 1753
285276 150228 1753
285276 150228 1753
285276 150228 1753
285276 150228 1753
285276 150228 1753
285276 150228 1753
285276 150228 1753
285276 150228 1753
285276 150228 1753
236898 228142 1754
236898 228142 1754
236898 228142 1754
236898 228142 1754
236898 228142 1754
236898 228142 1754
236898 228142 1754
236898 228142 1754
236898 228142 1754
236898 228142 1754
236898 228142 1754
236898 228142 1754
236898 228142 1754
265960 235310 1754
265960 235310 1754
265960 235310 1754
265960 235310 1754
265960 235310 1754
265960 235310 1754
265960 235310 1754
265960 235310 1754
265960 235310 1754
265960 235310 1754
265960 235310 1754
265960 235310 1754
240722 193610 1755
240722 193610 1755
240722 193610 1755
240722 193610 1755
240722 193610 1755
240722 193610 1755
240722 193610 1755
240722 193610 1755
240722 193610 1755
240722 193610 1755
240722 193610 1755
240722 193610 1755
291737 210460 1755
291737 210460 1755
291737 210460 1755
291737 210460 1755
291737 210460 1755
291737 210460 1755
291737 210460 1755
291737 210460 1755
291737 210460 1755
291737 210460 1755
291737 210460 1755
291737 210460 1755
236851 226974 1756
236851 226974 1756
236851 226974 1756
236851 226974 1756
236851 226974 1756
236851 226974 1756
236851 226974 1756
236851 226974 1756
236851 226974 1756
236851 226974 1756
236851 226974 1756
236851 226974 1756
236851 226974 1756
225931 242213 1757
225931 242213 1757
225931 242213 1757
225931 242213 1757
225931 242213 1757
225931 242213 1757
225931 242213 1757
225931 242213 1757
225931 242213 1757
225931 242213 1757
225931 242213 1757
225931 242213 1757
174912 19032 1759
174912 19032 1759
174912 19032 1759
174912 19032 1759
174912 19032 1759
174912 19032 1759
174912 19032 1759
174912 19032 1759
174912 19032 1759
174912 19032 1759
174912 19032 1759
174912 19032 1759
174912 19032 1759
232189 9633 1760
232189 9633 1760
232189 9633 1760
232189 9633 1760
232189 9633 1760
232189 9633 1760
232189 9633 1760
232189 9633 1760
232189 9633 1760
232189 9633 1760
232189 9633 1760
232189 9633 1760
232189 9633 1760
252018 232189 1761
252018 232189 1761
252018 232189 1761
252018 232189 1761
252018 232189 1761
252018 232189 1761
252018 232189 1761
252018 232189 1761
252018 232189 1761
252018 232189 1761
252018 232189 1761
252018 232189 1761
9633 201024 1762
9633 201024 1762
9633 201024 1762
9633 201024 1762
9633 201024 1762
9633 201024 1762
9633 201024 1762
9633 201024 1762
9633 201024 1762
9633 201024 1762
9633 201024 1762
9633 201024 1762
227885 237848 1762
227885 237848 1762
227885 237848 1762
227885 237848 1762
227885 237848 1762
227885 237848 1762
227885 237848 1762
227885 237848 1762
227885 237848 1762
227885 237848 1762
227885 237848 1762
227885 237848 1762
227885 237848 1762
173921 10596 1762
173921 10596 1762
173921 10596 1762
173921 10596 1762
173921 10596 1762
173921 10596 1762
173921 10596 1762
173921 10596 1762
173921 10596 1762
173921 10596 1762
173921 10596 1762
173921 10596 1762
173921 10596 1762
208266 174718 1763
208266 174718 1763
208266 174718 1763
208266 174718 1763
208266 174718 1763
208266 174718 1763
208266 174718 1763
208266 174718 1763
208266 174718 1763
208266 174718 1763
208266 174718 1763
208266 174718 1763
208266 174718 1763
274609 274607 1763
274609 274607 1763
274609 274607 1763
274609 274607 1763
274609 274607 1763
274609 274607 1763
274609 274607 1763
274609 274607 1763
274609 274607 1763
274609 274607 1763
274609 274607 1763
274609 274607 1763
202020 10596 1764
202020 10596 1764
202020 10596 1764
202020 10596 1764
202020 10596 1764
202020 10596 1764
202020 10596 1764
202020 10596 1764
202020 10596 1764
202020 10596 1764
202020 10596 1764
202020 10596 1764
225935 236506 1764
225935 236506 1764
225935 236506 1764
225935 236506 1764
225935 236506 1764
225935 236506 1764
225935 236506 1764
225935 236506 1764
225935 236506 1764
225935 236506 1764
225935 236506 1764
225935 236506 1764
225935 236506 1764
235673 237873 1766
235673 237873 1766
235673 237873 1766
235673 237873 1766
235673 237873 1766
235673 237873 1766
235673 237873 1766
235673 237873 1766
235673 237873 1766
235673 237873 1766
235673 237873 1766
235673 237873 1766
235673 237873 1766
229825 188293 1766
229825 188293 1766
229825 188293 1766
229825 188293 1766
229825 188293 1766
229825 188293 1766
229825 188293 1766
229825 188293 1766
229825 188293 1766
229825 188293 1766
229825 188293 1766
229825 188293 1766
236857 124708 1768
236857 124708 1768
236857 124708 1768
236857 124708 1768
236857 124708 1768
236857 124708 1768
236857 124708 1768
236857 124708 1768
236857 124708 1768
236857 124708 1768
236857 124708 1768
236857 124708 1768
236857 124708 1768
226993 226433 1769
226993 226433 1769
226993 226433 1769
226993 226433 1769
226993 226433 1769
226993 226433 1769
226993 226433 1769
226993 226433 1769
226993 226433 1769
226993 226433 1769
226993 226433 1769
226993 226433 1769
208879 3557 1770
208879 3557 1770
208879 3557 1770
208879 3557 1770
208879 3557 1770
208879 3557 1770
208879 3557 1770
208879 3557 1770
208879 3557 1770
208879 3557 1770
208879 3557 1770
208879 3557 1770
201801 196091 1770
201801 196091 1770
201801 196091 1770
201801 196091 1770
201801 196091 1770
201801 196091 1770
201801 196091 1770
201801 196091 1770
201801 196091 1770
201801 196091 1770
201801 196091 1770
201801 196091 1770
201801 196091 1770
251934 194344 1770
251934 194344 1770
251934 194344 1770
251934 194344 1770
251934 194344 1770
251934 194344 1770
251934 194344 1770
251934 194344 1770
251934 194344 1770
251934 194344 1770
251934 194344 1770
251934 194344 1770
251934 194344 1770
10598 10447 1770
10598 10447 1770
10598 10447 1770
10598 10447 1770
10598 10447 1770
10598 10447 1770
10598 10447 1770
10598 10447 1770
10598 10447 1770
10598 10447 1770
10598 10447 1770
10598 10447 1770
201848 208315 1771
201848 208315 1771
201848 208315 1771
201848 208315 1771
201848 208315 1771
201848 208315 1771
201848 208315 1771
201848 208315 1771
201848 208315 1771
201848 208315 1771
201848 208315 1771
201848 208315 1771
201848 208315 1771
193592 187576 1771
193592 187576 1771
193592 187576 1771
193592 187576 1771
193592 187576 1771
193592 187576 1771
193592 187576 1771
193592 187576 1771
193592 187576 1771
193592 187576 1771
193592 187576 1771
193592 187576 1771
196091 201027 1772
196091 201027 1772
196091 201027 1772
196091 201027 1772
196091 201027 1772
196091 201027 1772
196091 201027 1772
196091 201027 1772
196091 201027 1772
196091 201027 1772
196091 201027 1772
196091 201027 1772
196091 201027 1772
9099 268489 1772
9099 268489 1772
9099 268489 1772
9099 268489 1772
9099 268489 1772
9099 268489 1772
9099 268489 1772
9099 268489 1772
9099 268489 1772
9099 268489 1772
9099 268489 1772
9099 268489 1772
293379 287864 1773
293379 287864 1773
293379 287864 1773
293379 287864 1773
293379 287864 1773
293379 287864 1773
293379 287864 1773
293379 287864 1773
293379 287864 1773
293379 287864 1773
293379 287864 1773
293379 287864 1773
293379 266117 1773
293379 266117 1773
293379 266117 1773
293379 266117 1773
293379 266117 1773
293379 266117 1773
293379 266117 1773
293379 266117 1773
293379 266117 1773
293379 266117 1773
293379 266117 1773
293379 266117 1773
293379 266117 1773
208315 188294 1774
208315 188294 1774
208315 188294 1774
208315 188294 1774
208315 188294 1774
208315 188294 1774
208315 188294 1774
208315 188294 1774
208315 188294 1774
208315 188294 1774
208315 188294 1774
208315 188294 1774
176260 235175 1776
176260 235175 1776
176260 235175 1776
176260 235175 1776
176260 235175 1776
176260 235175 1776
176260 235175 1776
176260 235175 1776
176260 235175 1776
176260 235175 1776
176260 235175 1776
176260 235175 1776
194344 176275 1776
194344 176275 1776
194344 176275 1776
194344 176275 1776
194344 176275 1776
194344 176275 1776
194344 176275 1776
194344 176275 1776
194344 176275 1776
194344 176275 1776
194344 176275 1776
194344 176275 1776
290558 293377 1776
290558 293377 1776
290558 293377 1776
290558 293377 1776
290558 293377 1776
290558 293377 1776
290558 293377 1776
290558 293377 1776
290558 293377 1776
290558 293377 1776
290558 293377 1776
290558 293377 1776
195617 11041 1779
195617 11041 1779
195617 11041 1779
195617 11041 1779
195617 11041 1779
195617 11041 1779
195617 11041 1779
195617 11041 1779
195617 11041 1779
195617 11041 1779
195617 11041 1779
195617 11041 1779
124698 10447 1779
124698 10447 1779
124698 10447 1779
124698 10447 1779
124698 10447 1779
124698 10447 1779
124698 10447 1779
124698 10447 1779
124698 10447 1779
124698 10447 1779
124698 10447 1779
124698 10447 1779
14803 270399 1780
14803 270399 1780
14803 270399 1780
14803 270399 1780
14803 270399 1780
14803 270399 1780
14803 270399 1780
14803 270399 1780
14803 270399 1780
14803 270399 1780
14803 270399 1780
14803 270399 1780
14803 270399 1780
196008 190762 1780
196008 190762 1780
196008 190762 1780
196008 190762 1780
196008 190762 1780
196008 190762 1780
196008 190762 1780
196008 190762 1780
196008 190762 1780
196008 190762 1780
196008 190762 1780
196008 190762 1780
289316 235939 1780
289316 235939 1780
289316 235939 1780
289316 235939 1780
289316 235939 1780
289316 235939 1780
289316 235939 1780
289316 235939 1780
289316 235939 1780
289316 235939 1780
289316 235939 1780
289316 235939 1780
227975 236400 1782
227975 236400 1782
227975 236400 1782
227975 236400 1782
227975 236400 1782
227975 236400 1782
227975 236400 1782
227975 236400 1782
227975 236400 1782
227975 236400 1782
227975 236400 1782
227975 236400 1782
227975 236400 1782
293377 284634 1784
293377 284634 1784
293377 284634 1784
293377 284634 1784
293377 284634 1784
293377 284634 1784
293377 284634 1784
293377 284634 1784
293377 284634 1784
293377 284634 1784
293377 284634 1784
293377 284634 1784
293377 284634 1784
226753 235080 1784
226753 235080 1784
226753 235080 1784
226753 235080 1784
226753 235080 1784
226753 235080 1784
226753 235080 1784
226753 235080 1784
226753 235080 1784
226753 235080 1784
226753 235080 1784
226753 235080 1784
226753 235080 1784
190861 175956 1784
190861 175956 1784
190861 175956 1784
190861 175956 1784
190861 175956 1784
190861 175956 1784
190861 175956 1784
190861 175956 1784
190861 175956 1784
190861 175956 1784
190861 175956 1784
190861 175956 1784
262499 268393 1785
262499 268393 1785
262499 268393 1785
262499 268393 1785
262499 268393 1785
262499 268393 1785
262499 268393 1785
262499 268393 1785
262499 268393 1785
262499 268393 1785
262499 268393 1785
262499 268393 1785
3561 175963 1788
3561 175963 1788
3561 175963 1788
3561 175963 1788
3561 175963 1788
3561 175963 1788
3561 175963 1788
3561 175963 1788
3561 175963 1788
3561 175963 1788
3561 175963 1788
3561 175963 1788
175982 195592 1789
175982 195592 1789
175982 195592 1789
175982 195592 1789
175982 195592 1789
175982 195592 1789
175982 195592 1789
175982 195592 1789
175982 195592 1789
175982 195592 1789
175982 195592 1789
175982 195592 1789
204226 190992 1789
204226 190992 1789
204226 190992 1789
204226 190992 1789
204226 190992 1789
204226 190992 1789
204226 190992 1789
204226 190992 1789
204226 190992 1789
204226 190992 1789
204226 190992 1789
204226 190992 1789
239001 173873 1790
239001 173873 1790
239001 173873 1790
239001 173873 1790
239001 173873 1790
239001 173873 1790
239001 173873 1790
239001 173873 1790
239001 173873 1790
239001 173873 1790
239001 173873 1790
239001 173873 1790
239001 173873 1790
174461 190875 1791
174461 190875 1791
174461 190875 1791
174461 190875 1791
174461 190875 1791
174461 190875 1791
174461 190875 1791
174461 190875 1791
174461 190875 1791
174461 190875 1791
174461 190875 1791
174461 190875 1791
185762 186936 1791
185762 186936 1791
185762 186936 1791
185762 186936 1791
185762 186936 1791
185762 186936 1791
185762 186936 1791
185762 186936 1791
185762 186936 1791
185762 186936 1791
185762 186936 1791
185762 186936 1791
185762 186936 1791
190920 189428 1791
190920 189428 1791
190920 189428 1791
190920 189428 1791
190920 189428 1791
190920 189428 1791
190920 189428 1791
190920 189428 1791
190920 189428 1791
190920 189428 1791
190920 189428 1791
190920 189428 1791
190920 189428 1791
184806 196008 1791
184806 196008 1791
184806 196008 1791
184806 196008 1791
184806 196008 1791
184806 196008 1791
184806 196008 1791
184806 196008 1791
184806 196008 1791
184806 196008 1791
184806 196008 1791
184806 196008 1791
184806 196008 1791
284514 296617 1793
284514 296617 1793
284514 296617 1793
284514 296617 1793
284514 296617 1793
284514 296617 1793
284514 296617 1793
284514 296617 1793
284514 296617 1793
284514 296617 1793
284514 296617 1793
284514 296617 1793
195511 196158 1793
195511 196158 1793
195511 196158 1793
195511 196158 1793
195511 196158 1793
195511 196158 1793
195511 196158 1793
195511 196158 1793
195511 196158 1793
195511 196158 1793
195511 196158 1793
195511 196158 1793
202615 265481 1795
202615 265481 1795
202615 265481 1795
202615 265481 1795
202615 265481 1795
202615 265481 1795
202615 265481 1795
202615 265481 1795
202615 265481 1795
202615 265481 1795
202615 265481 1795
202615 265481 1795
282525 265309 1796
282525 265309 1796
282525 265309 1796
282525 265309 1796
282525 265309 1796
282525 265309 1796
282525 265309 1796
282525 265309 1796
282525 265309 1796
282525 265309 1796
282525 265309 1796
282525 265309 1796
282525 265309 1796
236921 236858 1799
236921 236858 1799
236921 236858 1799
236921 236858 1799
236921 236858 1799
236921 236858 1799
236921 236858 1799
236921 236858 1799
236921 236858 1799
236921 236858 1799
236921 236858 1799
236921 236858 1799
236921 236858 1799
232832 235685 1799
232832 235685 1799
232832 235685 1799
232832 235685 1799
232832 235685 1799
232832 235685 1799
232832 235685 1799
232832 235685 1799
232832 235685 1799
232832 235685 1799
232832 235685 1799
232832 235685 1799
265309 256640 1799
265309 256640 1799
265309 256640 1799
265309 256640 1799
265309 256640 1799
265309 256640 1799
265309 256640 1799
265309 256640 1799
265309 256640 1799
265309 256640 1799
265309 256640 1799
265309 256640 1799
193610 235883 1800
193610 235883 1800
193610 235883 1800
193610 235883 1800
193610 235883 1800
193610 235883 1800
193610 235883 1800
193610 235883 1800
193610 235883 1800
193610 235883 1800
193610 235883 1800
193610 235883 1800
193610 235883 1800
238807 233749 1800
238807 233749 1800
238807 233749 1800
238807 233749 1800
238807 233749 1800
238807 233749 1800
238807 233749 1800
238807 233749 1800
238807 233749 1800
238807 233749 1800
238807 233749 1800
238807 233749 1800
242066 252022 1802
242066 252022 1802
242066 252022 1802
242066 252022 1802
242066 252022 1802
242066 252022 1802
242066 252022 1802
242066 252022 1802
242066 252022 1802
242066 252022 1802
242066 252022 1802
242066 252022 1802
193059 198597 1803
193059 198597 1803
193059 198597 1803
193059 198597 1803
193059 198597 1803
193059 198597 1803
193059 198597 1803
193059 198597 1803
193059 198597 1803
193059 198597 1803
193059 198597 1803
193059 198597 1803
193059 198597 1803
191606 190920 1803
191606 190920 1803
191606 190920 1803
191606 190920 1803
191606 190920 1803
191606 190920 1803
191606 190920 1803
191606 190920 1803
191606 190920 1803
191606 190920 1803
191606 190920 1803
191606 190920 1803
233918 228466 1803
233918 228466 1803
233918 228466 1803
233918 228466 1803
233918 228466 1803
233918 228466 1803
233918 228466 1803
233918 228466 1803
233918 228466 1803
233918 228466 1803
233918 228466 1803
233918 228466 1803
291998 291455 1805
291998 291455 1805
291998 291455 1805
291998 291455 1805
291998 291455 1805
291998 291455 1805
291998 291455 1805
291998 291455 1805
291998 291455 1805
291998 291455 1805
291998 291455 1805
291998 291455 1805
251948 290211 1805
251948 290211 1805
251948 290211 1805
251948 290211 1805
251948 290211 1805
251948 290211 1805
251948 290211 1805
251948 290211 1805
251948 290211 1805
251948 290211 1805
251948 290211 1805
251948 290211 1805
193571 203289 1805
193571 203289 1805
193571 203289 1805
193571 203289 1805
193571 203289 1805
193571 203289 1805
193571 203289 1805
193571 203289 1805
193571 203289 1805
193571 203289 1805
193571 203289 1805
193571 203289 1805
228514 227650 1805
228514 227650 1805
228514 227650 1805
228514 227650 1805
228514 227650 1805
228514 227650 1805
228514 227650 1805
228514 227650 1805
228514 227650 1805
228514 227650 1805
228514 227650 1805
228514 227650 1805
228514 227650 1805
190813 175934 1806
190813 175934 1806
190813 175934 1806
190813 175934 1806
190813 175934 1806
190813 175934 1806
190813 175934 1806
190813 175934 1806
190813 175934 1806
190813 175934 1806
190813 175934 1806
190813 175934 1806
226587 285214 1808
226587 285214 1808
226587 285214 1808
226587 285214 1808
226587 285214 1808
226587 285214 1808
226587 285214 1808
226587 285214 1808
226587 285214 1808
226587 285214 1808
226587 285214 1808
226587 285214 1808
226587 285214 1808
285169 250607 1810
285169 250607 1810
285169 250607 1810
285169 250607 1810
285169 250607 1810
285169 250607 1810
285169 250607 1810
285169 250607 1810
285169 250607 1810
285169 250607 1810
285169 250607 1810
285169 250607 1810
240597 290211 1810
240597 290211 1810
240597 290211 1810
240597 290211 1810
240597 290211 1810
240597 290211 1810
240597 290211 1810
240597 290211 1810
240597 290211 1810
240597 290211 1810
240597 290211 1810
240597 290211 1810
240597 290211 1810
226382 236851 1811
226382 236851 1811
226382 236851 1811
226382 236851 1811
226382 236851 1811
226382 236851 1811
226382 236851 1811
226382 236851 1811
226382 236851 1811
226382 236851 1811
226382 236851 1811
226382 236851 1811
195617 210476 1812
195617 210476 1812
195617 210476 1812
195617 210476 1812
195617 210476 1812
195617 210476 1812
195617 210476 1812
195617 210476 1812
195617 210476 1812
195617 210476 1812
195617 210476 1812
195617 210476 1812
195617 210476 1812
232676 246044 1813
232676 246044 1813
232676 246044 1813
232676 246044 1813
232676 246044 1813
232676 246044 1813
232676 246044 1813
232676 246044 1813
232676 246044 1813
232676 246044 1813
232676 246044 1813
232676 246044 1813
265481 285466 1815
265481 285466 1815
265481 285466 1815
265481 285466 1815
265481 285466 1815
265481 285466 1815
265481 285466 1815
265481 285466 1815
265481 285466 1815
265481 285466 1815
265481 285466 1815
265481 285466 1815
265481 285466 1815
193610 235872 1815
193610 235872 1815
193610 235872 1815
193610 235872 1815
193610 235872 1815
193610 235872 1815
193610 235872 1815
193610 235872 1815
193610 235872 1815
193610 235872 1815
193610 235872 1815
193610 235872 1815
238571 190957 1819
238571 190957 1819
238571 190957 1819
238571 190957 1819
238571 190957 1819
238571 190957 1819
238571 190957 1819
238571 190957 1819
238571 190957 1819
238571 190957 1819
238571 190957 1819
238571 190957 1819
226482 236400 1819
226482 236400 1819
226482 236400 1819
226482 236400 1819
226482 236400 1819
226482 236400 1819
226482 236400 1819
226482 236400 1819
226482 236400 1819
226482 236400 1819
226482 236400 1819
226482 236400 1819
226482 236400 1819
238631 10447 1821
238631 10447 1821
238631 10447 1821
238631 10447 1821
238631 10447 1821
238631 10447 1821
238631 10447 1821
238631 10447 1821
238631 10447 1821
238631 10447 1821
238631 10447 1821
238631 10447 1821
190783 160241 1821
190783 160241 1821
190783 160241 1821
190783 160241 1821
190783 160241 1821
190783 160241 1821
190783 160241 1821
190783 160241 1821
190783 160241 1821
190783 160241 1821
190783 160241 1821
190783 160241 1821
203471 10447 1823
203471 10447 1823
203471 10447 1823
203471 10447 1823
203471 10447 1823
203471 10447 1823
203471 10447 1823
203471 10447 1823
203471 10447 1823
203471 10447 1823
203471 10447 1823
203471 10447 1823
228429 234222 1823
228429 234222 1823
228429 234222 1823
228429 234222 1823
228429 234222 1823
228429 234222 1823
228429 234222 1823
228429 234222 1823
228429 234222 1823
228429 234222 1823
228429 234222 1823
228429 234222 1823
228429 234222 1823
294547 11777 1824
294547 11777 1824
294547 11777 1824
294547 11777 1824
294547 11777 1824
294547 11777 1824
294547 11777 1824
294547 11777 1824
294547 11777 1824
294547 11777 1824
294547 11777 1824
294547 11777 1824
236015 236508 1824
236015 236508 1824
236015 236508 1824
236015 236508 1824
236015 236508 1824
236015 236508 1824
236015 236508 1824
236015 236508 1824
236015 236508 1824
236015 236508 1824
236015 236508 1824
236015 236508 1824
195546 3390 1825
195546 3390 1825
195546 3390 1825
195546 3390 1825
195546 3390 1825
195546 3390 1825
195546 3390 1825
195546 3390 1825
195546 3390 1825
195546 3390 1825
195546 3390 1825
195546 3390 1825
195546 3390 1825
208207 190759 1826
208207 190759 1826
208207 190759 1826
208207 190759 1826
208207 190759 1826
208207 190759 1826
208207 190759 1826
208207 190759 1826
208207 190759 1826
208207 190759 1826
208207 190759 1826
208207 190759 1826
226255 237852 1826
226255 237852 1826
226255 237852 1826
226255 237852 1826
226255 237852 1826
226255 237852 1826
226255 237852 1826
226255 237852 1826
226255 237852 1826
226255 237852 1826
226255 237852 1826
226255 237852 1826
234245 209191 1826
234245 209191 1826
234245 209191 1826
234245 209191 1826
234245 209191 1826
234245 209191 1826
234245 209191 1826
234245 209191 1826
234245 209191 1826
234245 209191 1826
234245 209191 1826
234245 209191 1826
234245 209191 1826
193610 250699 1827
193610 250699 1827
193610 250699 1827
193610 250699 1827
193610 250699 1827
193610 250699 1827
193610 250699 1827
193610 250699 1827
193610 250699 1827
193610 250699 1827
193610 250699 1827
193610 250699 1827
191601 203453 1827
191601 203453 1827
191601 203453 1827
191601 203453 1827
191601 203453 1827
191601 203453 1827
191601 203453 1827
191601 203453 1827
191601 203453 1827
191601 203453 1827
191601 203453 1827
191601 203453 1827
191601 203453 1827
227486 242413 1827
227486 242413 1827
227486 242413 1827
227486 242413 1827
227486 242413 1827
227486 242413 1827
227486 242413 1827
227486 242413 1827
227486 242413 1827
227486 242413 1827
227486 242413 1827
227486 242413 1827
227486 242413 1827
237986 187716 1828
237986 187716 1828
237986 187716 1828
237986 187716 1828
237986 187716 1828
237986 187716 1828
237986 187716 1828
237986 187716 1828
237986 187716 1828
237986 187716 1828
237986 187716 1828
237986 187716 1828
237986 187716 1828
234245 194355 1828
234245 194355 1828
234245 194355 1828
234245 194355 1828
234245 194355 1828
234245 194355 1828
234245 194355 1828
234245 194355 1828
234245 194355 1828
234245 194355 1828
234245 194355 1828
234245 194355 1828
234245 194355 1828
237852 191590 1828
237852 191590 1828
237852 191590 1828
237852 191590 1828
237852 191590 1828
237852 191590 1828
237852 191590 1828
237852 191590 1828
237852 191590 1828
237852 191590 1828
237852 191590 1828
237852 191590 1828
242413 237090 1829
242413 237090 1829
242413 237090 1829
242413 237090 1829
242413 237090 1829
242413 237090 1829
242413 237090 1829
242413 237090 1829
242413 237090 1829
242413 237090 1829
242413 237090 1829
242413 237090 1829
245937 286717 1830
245937 286717 1830
245937 286717 1830
245937 286717 1830
245937 286717 1830
245937 286717 1830
245937 286717 1830
245937 286717 1830
245937 286717 1830
245937 286717 1830
245937 286717 1830
245937 286717 1830
236898 226966 1830
236898 226966 1830
236898 226966 1830
236898 226966 1830
236898 226966 1830
236898 226966 1830
236898 226966 1830
236898 226966 1830
236898 226966 1830
236898 226966 1830
236898 226966 1830
236898 226966 1830
236898 226966 1830
191590 206261 1830
191590 206261 1830
191590 206261 1830
191590 206261 1830
191590 206261 1830
191590 206261 1830
191590 206261 1830
191590 206261 1830
191590 206261 1830
191590 206261 1830
191590 206261 1830
191590 206261 1830
262498 285281 1830
262498 285281 1830
262498 285281 1830
262498 285281 1830
262498 285281 1830
262498 285281 1830
262498 285281 1830
262498 285281 1830
262498 285281 1830
262498 285281 1830
262498 285281 1830
262498 285281 1830
262498 285281 1830
285281 236648 1832
285281 236648 1832
285281 236648 1832
285281 236648 1832
285281 236648 1832
285281 236648 1832
285281 236648 1832
285281 236648 1832
285281 236648 1832
285281 236648 1832
285281 236648 1832
285281 236648 1832
285281 236648 1832
252022 236136 1836
252022 236136 1836
252022 236136 1836
252022 236136 1836
252022 236136 1836
252022 236136 1836
252022 236136 1836
252022 236136 1836
252022 236136 1836
252022 236136 1836
252022 236136 1836
252022 236136 1836
238228 230665 1836
238228 230665 1836
238228 230665 1836
238228 230665 1836
238228 230665 1836
238228 230665 1836
238228 230665 1836
238228 230665 1836
238228 230665 1836
238228 230665 1836
238228 230665 1836
238228 230665 1836
193592 187758 1836
193592 187758 1836
193592 187758 1836
193592 187758 1836
193592 187758 1836
193592 187758 1836
193592 187758 1836
193592 187758 1836
193592 187758 1836
193592 187758 1836
193592 187758 1836
193592 187758 1836
193592 187758 1836
268850 285482 1836
268850 285482 1836
268850 285482 1836
268850 285482 1836
268850 285482 1836
268850 285482 1836
268850 285482 1836
268850 285482 1836
268850 285482 1836
268850 285482 1836
268850 285482 1836
268850 285482 1836
10596 169456 1837
10596 169456 1837
10596 169456 1837
10596 169456 1837
10596 169456 1837
10596 169456 1837
10596 169456 1837
10596 169456 1837
10596 169456 1837
10596 169456 1837
10596 169456 1837
10596 169456 1837
9247 191589 1837
9247 191589 1837
9247 191589 1837
9247 191589 1837
9247 191589 1837
9247 191589 1837
9247 191589 1837
9247 191589 1837
9247 191589 1837
9247 191589 1837
9247 191589 1837
9247 191589 1837
9247 191589 1837
289042 245925 1838
289042 245925 1838
289042 245925 1838
289042 245925 1838
289042 245925 1838
289042 245925 1838
289042 245925 1838
289042 245925 1838
289042 245925 1838
289042 245925 1838
289042 245925 1838
289042 245925 1838
289042 245925 1838
293653 174464 1839
293653 174464 1839
293653 174464 1839
293653 174464 1839
293653 174464 1839
293653 174464 1839
293653 174464 1839
293653 174464 1839
293653 174464 1839
293653 174464 1839
293653 174464 1839
293653 174464 1839
293653 174464 1839
294570 240616 1840
294570 240616 1840
294570 240616 1840
294570 240616 1840
294570 240616 1840
294570 240616 1840
294570 240616 1840
294570 240616 1840
294570 240616 1840
294570 240616 1840
294570 240616 1840
294570 240616 1840
236486 293359 1840
236486 293359 1840
236486 293359 1840
236486 293359 1840
236486 293359 1840
236486 293359 1840
236486 293359 1840
236486 293359 1840
236486 293359 1840
236486 293359 1840
236486 293359 1840
236486 293359 1840
194538 202615 1841
194538 202615 1841
194538 202615 1841
194538 202615 1841
194538 202615 1841
194538 202615 1841
194538 202615 1841
194538 202615 1841
194538 202615 1841
194538 202615 1841
194538 202615 1841
194538 202615 1841
237354 206159 1842
237354 206159 1842
237354 206159 1842
237354 206159 1842
237354 206159 1842
237354 206159 1842
237354 206159 1842
237354 206159 1842
237354 206159 1842
237354 206159 1842
237354 206159 1842
237354 206159 1842
237354 206159 1842
285602 240616 1845
285602 240616 1845
285602 240616 1845
285602 240616 1845
285602 240616 1845
285602 240616 1845
285602 240616 1845
285602 240616 1845
285602 240616 1845
285602 240616 1845
285602 240616 1845
285602 240616 1845
285602 240616 1845
228466 243709 1845
228466 243709 1845
228466 243709 1845
228466 243709 1845
228466 243709 1845
228466 243709 1845
228466 243709 1845
228466 243709 1845
228466 243709 1845
228466 243709 1845
228466 243709 1845
228466 243709 1845
228466 243709 1845
160288 160237 1845
160288 160237 1845
160288 160237 1845
160288 160237 1845
160288 160237 1845
160288 160237 1845
160288 160237 1845
160288 160237 1845
160288 160237 1845
160288 160237 1845
160288 160237 1845
160288 160237 1845
160288 160237 1845
260465 250690 1846
260465 250690 1846
260465 250690 1846
260465 250690 1846
260465 250690 1846
260465 250690 1846
260465 250690 1846
260465 250690 1846
260465 250690 1846
260465 250690 1846
260465 250690 1846
260465 250690 1846
293359 293675 1847
293359 293675 1847
293359 293675 1847
293359 293675 1847
293359 293675 1847
293359 293675 1847
293359 293675 1847
293359 293675 1847
293359 293675 1847
293359 293675 1847
293359 293675 1847
293359 293675 1847
293359 293675 1847
288557 295147 1848
288557 295147 1848
288557 295147 1848
288557 295147 1848
288557 295147 1848
288557 295147 1848
288557 295147 1848
288557 295147 1848
288557 295147 1848
288557 295147 1848
288557 295147 1848
288557 295147 1848
288557 295147 1848
225647 238418 1850
225647 238418 1850
225647 238418 1850
225647 238418 1850
225647 238418 1850
225647 238418 1850
225647 238418 1850
225647 238418 1850
225647 238418 1850
225647 238418 1850
225647 238418 1850
225647 238418 1850
225647 238418 1850
236847 241874 1851
236847 241874 1851
236847 241874 1851
236847 241874 1851
236847 241874 1851
236847 241874 1851
236847 241874 1851
236847 241874 1851
236847 241874 1851
236847 241874 1851
236847 241874 1851
236847 241874 1851
246116 4757 1851
246116 4757 1851
246116 4757 1851
246116 4757 1851
246116 4757 1851
246116 4757 1851
246116 4757 1851
246116 4757 1851
246116 4757 1851
246116 4757 1851
246116 4757 1851
246116 4757 1851
246116 4757 1851
194390 240657 1851
194390 240657 1851
194390 240657 1851
194390 240657 1851
194390 240657 1851
194390 240657 1851
194390 240657 1851
194390 240657 1851
194390 240657 1851
194390 240657 1851
194390 240657 1851
194390 240657 1851
194390 240657 1851
250595 256628 1851
250595 256628 1851
250595 256628 1851
250595 256628 1851
250595 256628 1851
250595 256628 1851
250595 256628 1851
250595 256628 1851
250595 256628 1851
250595 256628 1851
250595 256628 1851
250595 256628 1851
250595 256628 1851
226393 241874 1852
226393 241874 1852
226393 241874 1852
226393 241874 1852
226393 241874 1852
226393 241874 1852
226393 241874 1852
226393 241874 1852
226393 241874 1852
226393 241874 1852
226393 241874 1852
226393 241874 1852
226393 241874 1852
202879 185515 1852
202879 185515 1852
202879 185515 1852
202879 185515 1852
202879 185515 1852
202879 185515 1852
202879 185515 1852
202879 185515 1852
202879 185515 1852
202879 185515 1852
202879 185515 1852
202879 185515 1852
202879 185515 1852
245937 250581 1853
245937 250581 1853
245937 250581 1853
245937 250581 1853
245937 250581 1853
245937 250581 1853
245937 250581 1853
245937 250581 1853
245937 250581 1853
245937 250581 1853
245937 250581 1853
245937 250581 1853
245937 250581 1853
226581 236857 1855
226581 236857 1855
226581 236857 1855
226581 236857 1855
226581 236857 1855
226581 236857 1855
226581 236857 1855
226581 236857 1855
226581 236857 1855
226581 236857 1855
226581 236857 1855
226581 236857 1855
228105 228472 1855
228105 228472 1855
228105 228472 1855
228105 228472 1855
228105 228472 1855
228105 228472 1855
228105 228472 1855
228105 228472 1855
228105 228472 1855
228105 228472 1855
228105 228472 1855
228105 228472 1855
10376 195313 1855
10376 195313 1855
10376 195313 1855
10376 195313 1855
10376 195313 1855
10376 195313 1855
10376 195313 1855
10376 195313 1855
10376 195313 1855
10376 195313 1855
10376 195313 1855
10376 195313 1855
229825 237846 1856
229825 237846 1856
229825 237846 1856
229825 237846 1856
229825 237846 1856
229825 237846 1856
229825 237846 1856
229825 237846 1856
229825 237846 1856
229825 237846 1856
229825 237846 1856
229825 237846 1856
229825 237846 1856
262499 227044 1856
262499 227044 1856
262499 227044 1856
262499 227044 1856
262499 227044 1856
262499 227044 1856
262499 227044 1856
262499 227044 1856
262499 227044 1856
262499 227044 1856
262499 227044 1856
262499 227044 1856
262499 227044 1856
252669 289551 1861
252669 289551 1861
252669 289551 1861
252669 289551 1861
252669 289551 1861
252669 289551 1861
252669 289551 1861
252669 289551 1861
252669 289551 1861
252669 289551 1861
252669 289551 1861
252669 289551 1861
252669 289551 1861
175934 11042 1862
175934 11042 1862
175934 11042 1862
175934 11042 1862
175934 11042 1862
175934 11042 1862
175934 11042 1862
175934 11042 1862
175934 11042 1862
175934 11042 1862
175934 11042 1862
175934 11042 1862
175934 11042 1862
160292 185762 1862
160292 185762 1862
160292 185762 1862
160292 185762 1862
160292 185762 1862
160292 185762 1862
160292 185762 1862
160292 185762 1862
160292 185762 1862
160292 185762 1862
160292 185762 1862
160292 185762 1862
243792 227662 1863
243792 227662 1863
243792 227662 1863
243792 227662 1863
243792 227662 1863
243792 227662 1863
243792 227662 1863
243792 227662 1863
243792 227662 1863
243792 227662 1863
243792 227662 1863
243792 227662 1863
235658 236888 1865
235658 236888 1865
235658 236888 1865
235658 236888 1865
235658 236888 1865
235658 236888 1865
235658 236888 1865
235658 236888 1865
235658 236888 1865
235658 236888 1865
235658 236888 1865
235658 236888 1865
235658 236888 1865
193117 175937 1866
193117 175937 1866
193117 175937 1866
193117 175937 1866
193117 175937 1866
193117 175937 1866
193117 175937 1866
193117 175937 1866
193117 175937 1866
193117 175937 1866
193117 175937 1866
193117 175937 1866
196158 198089 1866
196158 198089 1866
196158 198089 1866
196158 198089 1866
196158 198089 1866
196158 198089 1866
196158 198089 1866
196158 198089 1866
196158 198089 1866
196158 198089 1866
196158 198089 1866
196158 198089 1866
196158 198089 1866
4644 186811 1866
4644 186811 1866
4644 186811 1866
4644 186811 1866
4644 186811 1866
4644 186811 1866
4644 186811 1866
4644 186811 1866
4644 186811 1866
4644 186811 1866
4644 186811 1866
4644 186811 1866
4644 186811 1866
228143 230244 1867
228143 230244 1867
228143 230244 1867
228143 230244 1867
228143 230244 1867
228143 230244 1867
228143 230244 1867
228143 230244 1867
228143 230244 1867
228143 230244 1867
228143 230244 1867
228143 230244 1867
228143 230244 1867
227262 226942 1869
227262 226942 1869
227262 226942 1869
227262 226942 1869
227262 226942 1869
227262 226942 1869
227262 226942 1869
227262 226942 1869
227262 226942 1869
227262 226942 1869
227262 226942 1869
227262 226942 1869
170578 160241 1870
170578 160241 1870
170578 160241 1870
170578 160241 1870
170578 160241 1870
170578 160241 1870
170578 160241 1870
170578 160241 1870
170578 160241 1870
170578 160241 1870
170578 160241 1870
170578 160241 1870
155156 235690 1870
155156 235690 1870
155156 235690 1870
155156 235690 1870
155156 235690 1870
155156 235690 1870
155156 235690 1870
155156 235690 1870
155156 235690 1870
155156 235690 1870
155156 235690 1870
155156 235690 1870
155156 235690 1870
231519 246116 1872
231519 246116 1872
231519 246116 1872
231519 246116 1872
231519 246116 1872
231519 246116 1872
231519 246116 1872
231519 246116 1872
231519 246116 1872
231519 246116 1872
231519 246116 1872
231519 246116 1872
231519 246116 1872
293112 250695 1872
293112 250695 1872
293112 250695 1872
293112 250695 1872
293112 250695 1872
293112 250695 1872
293112 250695 1872
293112 250695 1872
293112 250695 1872
293112 250695 1872
293112 250695 1872
293112 250695 1872
285121 250556 1873
285121 250556 1873
285121 250556 1873
285121 250556 1873
285121 250556 1873
285121 250556 1873
285121 250556 1873
285121 250556 1873
285121 250556 1873
285121 250556 1873
285121 250556 1873
285121 250556 1873
285121 250556 1873
236089 237843 1873
236089 237843 1873
236089 237843 1873
236089 237843 1873
236089 237843 1873
236089 237843 1873
236089 237843 1873
236089 237843 1873
236089 237843 1873
236089 237843 1873
236089 237843 1873
236089 237843 1873
236089 237843 1873
295206 236898 1874
295206 236898 1874
295206 236898 1874
295206 236898 1874
295206 236898 1874
295206 236898 1874
295206 236898 1874
295206 236898 1874
295206 236898 1874
295206 236898 1874
295206 236898 1874
295206 236898 1874
201801 194355 1875
201801 194355 1875
201801 194355 1875
201801 194355 1875
201801 194355 1875
201801 194355 1875
201801 194355 1875
201801 194355 1875
201801 194355 1875
201801 194355 1875
201801 194355 1875
201801 194355 1875
227715 227547 1876
227715 227547 1876
227715 227547 1876
227715 227547 1876
227715 227547 1876
227715 227547 1876
227715 227547 1876
227715 227547 1876
227715 227547 1876
227715 227547 1876
227715 227547 1876
227715 227547 1876
227715 227547 1876
238552 124700 1878
238552 124700 1878
238552 124700 1878
238552 124700 1878
238552 124700 1878
238552 124700 1878
238552 124700 1878
238552 124700 1878
238552 124700 1878
238552 124700 1878
238552 124700 1878
238552 124700 1878
243790 227232 1879
243790 227232 1879
243790 227232 1879
243790 227232 1879
243790 227232 1879
243790 227232 1879
243790 227232 1879
243790 227232 1879
243790 227232 1879
243790 227232 1879
243790 227232 1879
243790 227232 1879
243790 243610 1880
243790 243610 1880
243790 243610 1880
243790 243610 1880
243790 243610 1880
243790 243610 1880
243790 243610 1880
243790 243610 1880
243790 243610 1880
243790 243610 1880
243790 243610 1880
243790 243610 1880
243790 243610 1880
227650 227233 1881
227650 227233 1881
227650 227233 1881
227650 227233 1881
227650 227233 1881
227650 227233 1881
227650 227233 1881
227650 227233 1881
227650 227233 1881
227650 227233 1881
227650 227233 1881
227650 227233 1881
124351 282516 1883
124351 282516 1883
124351 282516 1883
124351 282516 1883
124351 282516 1883
124351 282516 1883
124351 282516 1883
124351 282516 1883
124351 282516 1883
124351 282516 1883
124351 282516 1883
124351 282516 1883
124351 282516 1883
293376 237101 1883
293376 237101 1883
293376 237101 1883
293376 237101 1883
293376 237101 1883
293376 237101 1883
293376 237101 1883
293376 237101 1883
293376 237101 1883
293376 237101 1883
293376 237101 1883
293376 237101 1883
228466 228034 1885
228466 228034 1885
228466 228034 1885
228466 228034 1885
228466 228034 1885
228466 228034 1885
228466 228034 1885
228466 228034 1885
228466 228034 1885
228466 228034 1885
228466 228034 1885
228466 228034 1885
190857 237986 1885
190857 237986 1885
190857 237986 1885
190857 237986 1885
190857 237986 1885
190857 237986 1885
190857 237986 1885
190857 237986 1885
190857 237986 1885
190857 237986 1885
190857 237986 1885
190857 237986 1885
184803 245978 1886
184803 245978 1886
184803 245978 1886
184803 245978 1886
184803 245978 1886
184803 245978 1886
184803 245978 1886
184803 245978 1886
184803 245978 1886
184803 245978 1886
184803 245978 1886
184803 245978 1886
227755 243803 1886
227755 243803 1886
227755 243803 1886
227755 243803 1886
227755 243803 1886
227755 243803 1886
227755 243803 1886
227755 243803 1886
227755 243803 1886
227755 243803 1886
227755 243803 1886
227755 243803 1886
227755 243803 1886
175935 241874 1887
175935 241874 1887
175935 241874 1887
175935 241874 1887
175935 241874 1887
175935 241874 1887
175935 241874 1887
175935 241874 1887
175935 241874 1887
175935 241874 1887
175935 241874 1887
175935 241874 1887
234167 243007 1888
234167 243007 1888
234167 243007 1888
234167 243007 1888
234167 243007 1888
234167 243007 1888
234167 243007 1888
234167 243007 1888
234167 243007 1888
234167 243007 1888
234167 243007 1888
234167 243007 1888
242416 226785 1888
242416 226785 1888
242416 226785 1888
242416 226785 1888
242416 226785 1888
242416 226785 1888
242416 226785 1888
242416 226785 1888
242416 226785 1888
242416 226785 1888
242416 226785 1888
242416 226785 1888
190920 203445 1890
190920 203445 1890
190920 203445 1890
190920 203445 1890
190920 203445 1890
190920 203445 1890
190920 203445 1890
190920 203445 1890
190920 203445 1890
190920 203445 1890
190920 203445 1890
190920 203445 1890
246993 295095 1890
246993 295095 1890
246993 295095 1890
246993 295095 1890
246993 295095 1890
246993 295095 1890
246993 295095 1890
246993 295095 1890
246993 295095 1890
246993 295095 1890
246993 295095 1890
246993 295095 1890
246993 295095 1890
243007 225846 1891
243007 225846 1891
243007 225846 1891
243007 225846 1891
243007 225846 1891
243007 225846 1891
243007 225846 1891
243007 225846 1891
243007 225846 1891
243007 225846 1891
243007 225846 1891
243007 225846 1891
236897 228495 1891
236897 228495 1891
236897 228495 1891
236897 228495 1891
236897 228495 1891
236897 228495 1891
236897 228495 1891
236897 228495 1891
236897 228495 1891
236897 228495 1891
236897 228495 1891
236897 228495 1891
236897 228495 1891
228498 227099 1891
228498 227099 1891
228498 227099 1891
228498 227099 1891
228498 227099 1891
228498 227099 1891
228498 227099 1891
228498 227099 1891
228498 227099 1891
228498 227099 1891
228498 227099 1891
228498 227099 1891
228498 227099 1891
236876 246154 1894
236876 246154 1894
236876 246154 1894
236876 246154 1894
236876 246154 1894
236876 246154 1894
236876 246154 1894
236876 246154 1894
236876 246154 1894
236876 246154 1894
236876 246154 1894
236876 246154 1894
236876 246154 1894
294557 284492 1894
294557 284492 1894
294557 284492 1894
294557 284492 1894
294557 284492 1894
294557 284492 1894
294557 284492 1894
294557 284492 1894
294557 284492 1894
294557 284492 1894
294557 284492 1894
294557 284492 1894
295064 250696 1895
295064 250696 1895
295064 250696 1895
295064 250696 1895
295064 250696 1895
295064 250696 1895
295064 250696 1895
295064 250696 1895
295064 250696 1895
295064 250696 1895
295064 250696 1895
295064 250696 1895
294570 285274 1896
294570 285274 1896
294570 285274 1896
294570 285274 1896
294570 285274 1896
294570 285274 1896
294570 285274 1896
294570 285274 1896
294570 285274 1896
294570 285274 1896
294570 285274 1896
294570 285274 1896
294570 285274 1896
288992 262497 1897
288992 262497 1897
288992 262497 1897
288992 262497 1897
288992 262497 1897
288992 262497 1897
288992 262497 1897
288992 262497 1897
288992 262497 1897
288992 262497 1897
288992 262497 1897
288992 262497 1897
155156 235127 1901
155156 235127 1901
155156 235127 1901
155156 235127 1901
155156 235127 1901
155156 235127 1901
155156 235127 1901
155156 235127 1901
155156 235127 1901
155156 235127 1901
155156 235127 1901
155156 235127 1901
239235 291425 1901
239235 291425 1901
239235 291425 1901
239235 291425 1901
239235 291425 1901
239235 291425 1901
239235 291425 1901
239235 291425 1901
239235 291425 1901
239235 291425 1901
239235 291425 1901
239235 291425 1901
294581 233599 1903
294581 233599 1903
294581 233599 1903
294581 233599 1903
294581 233599 1903
294581 233599 1903
294581 233599 1903
294581 233599 1903
294581 233599 1903
294581 233599 1903
294581 233599 1903
294581 233599 1903
245982 265921 1903
245982 265921 1903
245982 265921 1903
245982 265921 1903
245982 265921 1903
245982 265921 1903
245982 265921 1903
245982 265921 1903
245982 265921 1903
245982 265921 1903
245982 265921 1903
245982 265921 1903
226966 228132 1906
226966 228132 1906
226966 228132 1906
226966 228132 1906
226966 228132 1906
226966 228132 1906
226966 228132 1906
226966 228132 1906
226966 228132 1906
226966 228132 1906
226966 228132 1906
226966 228132 1906
226966 228132 1906
227856 285195 1906
227856 285195 1906
227856 285195 1906
227856 285195 1906
227856 285195 1906
227856 285195 1906
227856 285195 1906
227856 285195 1906
227856 285195 1906
227856 285195 1906
227856 285195 1906
227856 285195 1906
227856 285195 1906
235966 228132 1906
235966 228132 1906
235966 228132 1906
235966 228132 1906
235966 228132 1906
235966 228132 1906
235966 228132 1906
235966 228132 1906
235966 228132 1906
235966 228132 1906
235966 228132 1906
235966 228132 1906
10596 169456 1906
10596 169456 1906
10596 169456 1906
10596 169456 1906
10596 169456 1906
10596 169456 1906
10596 169456 1906
10596 169456 1906
10596 169456 1906
10596 169456 1906
10596 169456 1906
10596 169456 1906
10596 169456 1906
14921 230743 1909
14921 230743 1909
14921 230743 1909
14921 230743 1909
14921 230743 1909
14921 230743 1909
14921 230743 1909
14921 230743 1909
14921 230743 1909
14921 230743 1909
14921 230743 1909
14921 230743 1909
155156 231520 1910
155156 231520 1910
155156 231520 1910
155156 231520 1910
155156 231520 1910
155156 231520 1910
155156 231520 1910
155156 231520 1910
155156 231520 1910
155156 231520 1910
155156 231520 1910
155156 231520 1910
265636 256656 1910
265636 256656 1910
265636 256656 1910
265636 256656 1910
265636 256656 1910
265636 256656 1910
265636 256656 1910
265636 256656 1910
265636 256656 1910
265636 256656 1910
265636 256656 1910
265636 256656 1910
265636 256656 1910
251928 10217 1911
251928 10217 1911
251928 10217 1911
251928 10217 1911
251928 10217 1911
251928 10217 1911
251928 10217 1911
251928 10217 1911
251928 10217 1911
251928 10217 1911
251928 10217 1911
251928 10217 1911
251928 10217 1911
240936 225659 1916
240936 225659 1916
240936 225659 1916
240936 225659 1916
240936 225659 1916
240936 225659 1916
240936 225659 1916
240936 225659 1916
240936 225659 1916
240936 225659 1916
240936 225659 1916
240936 225659 1916
175969 238630 1917
175969 238630 1917
175969 238630 1917
175969 238630 1917
175969 238630 1917
175969 238630 1917
175969 238630 1917
175969 238630 1917
175969 238630 1917
175969 238630 1917
175969 238630 1917
175969 238630 1917
296530 226971 1917
296530 226971 1917
296530 226971 1917
296530 226971 1917
296530 226971 1917
296530 226971 1917
296530 226971 1917
296530 226971 1917
296530 226971 1917
296530 226971 1917
296530 226971 1917
296530 226971 1917
230067 246119 1919
230067 246119 1919
230067 246119 1919
230067 246119 1919
230067 246119 1919
230067 246119 1919
230067 246119 1919
230067 246119 1919
230067 246119 1919
230067 246119 1919
230067 246119 1919
230067 246119 1919
230067 246119 1919
236173 228453 1920
236173 228453 1920
236173 228453 1920
236173 228453 1920
236173 228453 1920
236173 228453 1920
236173 228453 1920
236173 228453 1920
236173 228453 1920
236173 228453 1920
236173 228453 1920
236173 228453 1920
230124 150448 1920
230124 150448 1920
230124 150448 1920
230124 150448 1920
230124 150448 1920
230124 150448 1920
230124 150448 1920
230124 150448 1920
230124 150448 1920
230124 150448 1920
230124 150448 1920
230124 150448 1920
230124 150448 1920
227852 228016 1922
227852 228016 1922
227852 228016 1922
227852 228016 1922
227852 228016 1922
227852 228016 1922
227852 228016 1922
227852 228016 1922
227852 228016 1922
227852 228016 1922
227852 228016 1922
227852 228016 1922
229867 225847 1925
229867 225847 1925
229867 225847 1925
229867 225847 1925
229867 225847 1925
229867 225847 1925
229867 225847 1925
229867 225847 1925
229867 225847 1925
229867 225847 1925
229867 225847 1925
229867 225847 1925
235683 226966 1929
235683 226966 1929
235683 226966 1929
235683 226966 1929
235683 226966 1929
235683 226966 1929
235683 226966 1929
235683 226966 1929
235683 226966 1929
235683 226966 1929
235683 226966 1929
235683 226966 1929
208266 186861 1929
208266 186861 1929
208266 186861 1929
208266 186861 1929
208266 186861 1929
208266 186861 1929
208266 186861 1929
208266 186861 1929
208266 186861 1929
208266 186861 1929
208266 186861 1929
208266 186861 1929
225847 236179 1929
225847 236179 1929
225847 236179 1929
225847 236179 1929
225847 236179 1929
225847 236179 1929
225847 236179 1929
225847 236179 1929
225847 236179 1929
225847 236179 1929
225847 236179 1929
225847 236179 1929
225847 236179 1929
194388 242141 1932
194388 242141 1932
194388 242141 1932
194388 242141 1932
194388 242141 1932
194388 242141 1932
194388 242141 1932
194388 242141 1932
194388 242141 1932
194388 242141 1932
194388 242141 1932
194388 242141 1932
226968 9119 1936
226968 9119 1936
226968 9119 1936
226968 9119 1936
226968 9119 1936
226968 9119 1936
226968 9119 1936
226968 9119 1936
226968 9119 1936
226968 9119 1936
226968 9119 1936
226968 9119 1936
226968 9119 1936
230658 152779 1938
230658 152779 1938
230658 152779 1938
230658 152779 1938
230658 152779 1938
230658 152779 1938
230658 152779 1938
230658 152779 1938
230658 152779 1938
230658 152779 1938
230658 152779 1938
230658 152779 1938
230658 152779 1938
190992 193571 1941
190992 193571 1941
190992 193571 1941
190992 193571 1941
190992 193571 1941
190992 193571 1941
190992 193571 1941
190992 193571 1941
190992 193571 1941
190992 193571 1941
190992 193571 1941
190992 193571 1941
235679 236136 1946
235679 236136 1946
235679 236136 1946
235679 236136 1946
235679 236136 1946
235679 236136 1946
235679 236136 1946
235679 236136 1946
235679 236136 1946
235679 236136 1946
235679 236136 1946
235679 236136 1946
246054 14812 1947
246054 14812 1947
246054 14812 1947
246054 14812 1947
246054 14812 1947
246054 14812 1947
246054 14812 1947
246054 14812 1947
246054 14812 1947
246054 14812 1947
246054 14812 1947
246054 14812 1947
246054 14812 1947
229829 176237 1947
229829 176237 1947
229829 176237 1947
229829 176237 1947
229829 176237 1947
229829 176237 1947
229829 176237 1947
229829 176237 1947
229829 176237 1947
229829 176237 1947
229829 176237 1947
229829 176237 1947
229829 176237 1947
265637 11097 1948
265637 11097 1948
265637 11097 1948
265637 11097 1948
265637 11097 1948
265637 11097 1948
265637 11097 1948
265637 11097 1948
265637 11097 1948
265637 11097 1948
265637 11097 1948
265637 11097 1948
265637 11097 1948
289056 227246 1949
289056 227246 1949
289056 227246 1949
289056 227246 1949
289056 227246 1949
289056 227246 1949
289056 227246 1949
289056 227246 1949
289056 227246 1949
289056 227246 1949
289056 227246 1949
289056 227246 1949
289056 227246 1949
240936 238637 1950
240936 238637 1950
240936 238637 1950
240936 238637 1950
240936 238637 1950
240936 238637 1950
240936 238637 1950
240936 238637 1950
240936 238637 1950
240936 238637 1950
240936 238637 1950
240936 238637 1950
240936 238637 1950
246066 232707 1950
246066 232707 1950
246066 232707 1950
246066 232707 1950
246066 232707 1950
246066 232707 1950
246066 232707 1950
246066 232707 1950
246066 232707 1950
246066 232707 1950
246066 232707 1950
246066 232707 1950
151496 243706 1953
151496 243706 1953
151496 243706 1953
151496 243706 1953
151496 243706 1953
151496 243706 1953
151496 243706 1953
151496 243706 1953
151496 243706 1953
151496 243706 1953
151496 243706 1953
151496 243706 1953
151496 243706 1953
232707 231019 1953
232707 231019 1953
232707 231019 1953
232707 231019 1953
232707 231019 1953
232707 231019 1953
232707 231019 1953
232707 231019 1953
232707 231019 1953
232707 231019 1953
232707 231019 1953
232707 231019 1953
232707 231019 1953
287862 285273 1955
287862 285273 1955
287862 285273 1955
287862 285273 1955
287862 285273 1955
287862 285273 1955
287862 285273 1955
287862 285273 1955
287862 285273 1955
287862 285273 1955
287862 285273 1955
287862 285273 1955
209660 293359 1955
209660 293359 1955
209660 293359 1955
209660 293359 1955
209660 293359 1955
209660 293359 1955
209660 293359 1955
209660 293359 1955
209660 293359 1955
209660 293359 1955
209660 293359 1955
209660 293359 1955
209660 293359 1955
237845 236105 1957
237845 236105 1957
237845 236105 1957
237845 236105 1957
237845 236105 1957
237845 236105 1957
237845 236105 1957
237845 236105 1957
237845 236105 1957
237845 236105 1957
237845 236105 1957
237845 236105 1957
237845 236105 1957
267916 231260 1957
267916 231260 1957
267916 231260 1957
267916 231260 1957
267916 231260 1957
267916 231260 1957
267916 231260 1957
267916 231260 1957
267916 231260 1957
267916 231260 1957
267916 231260 1957
267916 231260 1957
267916 231260 1957
292810 296137 1960
292810 296137 1960
292810 296137 1960
292810 296137 1960
292810 296137 1960
292810 296137 1960
292810 296137 1960
292810 296137 1960
292810 296137 1960
292810 296137 1960
292810 296137 1960
292810 296137 1960
265841 239235 1960
265841 239235 1960
265841 239235 1960
265841 239235 1960
265841 239235 1960
265841 239235 1960
265841 239235 1960
265841 239235 1960
265841 239235 1960
265841 239235 1960
265841 239235 1960
265841 239235 1960
265841 239235 1960
236075 235175 1961
236075 235175 1961
236075 235175 1961
236075 235175 1961
236075 235175 1961
236075 235175 1961
236075 235175 1961
236075 235175 1961
236075 235175 1961
236075 235175 1961
236075 235175 1961
236075 235175 1961
236075 235175 1961
204226 10599 1962
204226 10599 1962
204226 10599 1962
204226 10599 1962
204226 10599 1962
204226 10599 1962
204226 10599 1962
204226 10599 1962
204226 10599 1962
204226 10599 1962
204226 10599 1962
204226 10599 1962
250537 270399 1965
250537 270399 1965
250537 270399 1965
250537 270399 1965
250537 270399 1965
250537 270399 1965
250537 270399 1965
250537 270399 1965
250537 270399 1965
250537 270399 1965
250537 270399 1965
250537 270399 1965
250537 270399 1965
228466 227532 1966
228466 227532 1966
228466 227532 1966
228466 227532 1966
228466 227532 1966
228466 227532 1966
228466 227532 1966
228466 227532 1966
228466 227532 1966
228466 227532 1966
228466 227532 1966
228466 227532 1966
228466 227532 1966
235674 14812 1966
235674 14812 1966
235674 14812 1966
235674 14812 1966
235674 14812 1966
235674 14812 1966
235674 14812 1966
235674 14812 1966
235674 14812 1966
235674 14812 1966
235674 14812 1966
235674 14812 1966
235674 14812 1966
195341 160293 1968
195341 160293 1968
195341 160293 1968
195341 160293 1968
195341 160293 1968
195341 160293 1968
195341 160293 1968
195341 160293 1968
195341 160293 1968
195341 160293 1968
195341 160293 1968
195341 160293 1968
265367 186763 1968
265367 186763 1968
265367 186763 1968
265367 186763 1968
265367 186763 1968
265367 186763 1968
265367 186763 1968
265367 186763 1968
265367 186763 1968
265367 186763 1968
265367 186763 1968
265367 186763 1968
265367 186763 1968
226585 225935 1968
226585 225935 1968
226585 225935 1968
226585 225935 1968
226585 225935 1968
226585 225935 1968
226585 225935 1968
226585 225935 1968
226585 225935 1968
226585 225935 1968
226585 225935 1968
226585 225935 1968
187554 235685 1969
187554 235685 1969
187554 235685 1969
187554 235685 1969
187554 235685 1969
187554 235685 1969
187554 235685 1969
187554 235685 1969
187554 235685 1969
187554 235685 1969
187554 235685 1969
187554 235685 1969
231473 242072 1969
231473 242072 1969
231473 242072 1969
231473 242072 1969
231473 242072 1969
231473 242072 1969
231473 242072 1969
231473 242072 1969
231473 242072 1969
231473 242072 1969
231473 242072 1969
231473 242072 1969
240956 237493 1970
240956 237493 1970
240956 237493 1970
240956 237493 1970
240956 237493 1970
240956 237493 1970
240956 237493 1970
240956 237493 1970
240956 237493 1970
240956 237493 1970
240956 237493 1970
240956 237493 1970
240956 237493 1970
242072 236508 1971
242072 236508 1971
242072 236508 1971
242072 236508 1971
242072 236508 1971
242072 236508 1971
242072 236508 1971
242072 236508 1971
242072 236508 1971
242072 236508 1971
242072 236508 1971
242072 236508 1971
292495 227640 1974
292495 227640 1974
292495 227640 1974
292495 227640 1974
292495 227640 1974
292495 227640 1974
292495 227640 1974
292495 227640 1974
292495 227640 1974
292495 227640 1974
292495 227640 1974
292495 227640 1974
246108 239235 1979
246108 239235 1979
246108 239235 1979
246108 239235 1979
246108 239235 1979
246108 239235 1979
246108 239235 1979
246108 239235 1979
246108 239235 1979
246108 239235 1979
246108 239235 1979
246108 239235 1979
246108 239235 1979
227253 226993 1982
227253 226993 1982
227253 226993 1982
227253 226993 1982
227253 226993 1982
227253 226993 1982
227253 226993 1982
227253 226993 1982
227253 226993 1982
227253 226993 1982
227253 226993 1982
227253 226993 1982
227253 226993 1982
260482 233594 1983
260482 233594 1983
260482 233594 1983
260482 233594 1983
260482 233594 1983
260482 233594 1983
260482 233594 1983
260482 233594 1983
260482 233594 1983
260482 233594 1983
260482 233594 1983
260482 233594 1983
260482 233594 1983
247034 246993 1985
247034 246993 1985
247034 246993 1985
247034 246993 1985
247034 246993 1985
247034 246993 1985
247034 246993 1985
247034 246993 1985
247034 246993 1985
247034 246993 1985
247034 246993 1985
247034 246993 1985
247034 246993 1985
227975 237846 1985
227975 237846 1985
227975 237846 1985
227975 237846 1985
227975 237846 1985
227975 237846 1985
227975 237846 1985
227975 237846 1985
227975 237846 1985
227975 237846 1985
227975 237846 1985
227975 237846 1985
227975 237846 1985
289524 291226 1987
289524 291226 1987
289524 291226 1987
289524 291226 1987
289524 291226 1987
289524 291226 1987
289524 291226 1987
289524 291226 1987
289524 291226 1987
289524 291226 1987
289524 291226 1987
289524 291226 1987
227827 235966 1991
227827 235966 1991
227827 235966 1991
227827 235966 1991
227827 235966 1991
227827 235966 1991
227827 235966 1991
227827 235966 1991
227827 235966 1991
227827 235966 1991
227827 235966 1991
227827 235966 1991
227827 235966 1991
235683 202634 1993
235683 202634 1993
235683 202634 1993
235683 202634 1993
235683 202634 1993
235683 202634 1993
235683 202634 1993
235683 202634 1993
235683 202634 1993
235683 202634 1993
235683 202634 1993
235683 202634 1993
235683 202634 1993
239187 285658 1995
239187 285658 1995
239187 285658 1995
239187 285658 1995
239187 285658 1995
239187 285658 1995
239187 285658 1995
239187 285658 1995
239187 285658 1995
239187 285658 1995
239187 285658 1995
239187 285658 1995
239187 285658 1995
256663 285455 1995
256663 285455 1995
256663 285455 1995
256663 285455 1995
256663 285455 1995
256663 285455 1995
256663 285455 1995
256663 285455 1995
256663 285455 1995
256663 285455 1995
256663 285455 1995
256663 285455 1995
208315 175963 1995
208315 175963 1995
208315 175963 1995
208315 175963 1995
208315 175963 1995
208315 175963 1995
208315 175963 1995
208315 175963 1995
208315 175963 1995
208315 175963 1995
208315 175963 1995
208315 175963 1995
229511 228124 1996
229511 228124 1996
229511 228124 1996
229511 228124 1996
229511 228124 1996
229511 228124 1996
229511 228124 1996
229511 228124 1996
229511 228124 1996
229511 228124 1996
229511 228124 1996
229511 228124 1996
229511 228124 1996
284684 19032 1996
284684 19032 1996
284684 19032 1996
284684 19032 1996
284684 19032 1996
284684 19032 1996
284684 19032 1996
284684 19032 1996
284684 19032 1996
284684 19032 1996
284684 19032 1996
284684 19032 1996
228201 236857 1998
228201 236857 1998
228201 236857 1998
228201 236857 1998
228201 236857 1998
228201 236857 1998
228201 236857 1998
228201 236857 1998
228201 236857 1998
228201 236857 1998
228201 236857 1998
228201 236857 1998
228201 236857 1998
150251 260481 2000
150251 260481 2000
150251 260481 2000
150251 260481 2000
150251 260481 2000
150251 260481 2000
150251 260481 2000
150251 260481 2000
150251 260481 2000
150251 260481 2000
150251 260481 2000
150251 260481 2000
295081 256639 2001
295081 256639 2001
295081 256639 2001
295081 256639 2001
295081 256639 2001
295081 256639 2001
295081 256639 2001
295081 256639 2001
295081 256639 2001
295081 256639 2001
295081 256639 2001
295081 256639 2001
227541 232705 2001
227541 232705 2001
227541 232705 2001
227541 232705 2001
227541 232705 2001
227541 232705 2001
227541 232705 2001
227541 232705 2001
227541 232705 2001
227541 232705 2001
227541 232705 2001
227541 232705 2001
227541 232705 2001
11005 236478 2002
11005 236478 2002
11005 236478 2002
11005 236478 2002
11005 236478 2002
11005 236478 2002
11005 236478 2002
11005 236478 2002
11005 236478 2002
11005 236478 2002
11005 236478 2002
11005 236478 2002
11005 236478 2002
226967 266422 2002
226967 266422 2002
226967 266422 2002
226967 266422 2002
226967 266422 2002
226967 266422 2002
226967 266422 2002
226967 266422 2002
226967 266422 2002
226967 266422 2002
226967 266422 2002
226967 266422 2002
226967 266422 2002
285281 284492 2004
285281 284492 2004
285281 284492 2004
285281 284492 2004
285281 284492 2004
285281 284492 2004
285281 284492 2004
285281 284492 2004
285281 284492 2004
285281 284492 2004
285281 284492 2004
285281 284492 2004
285281 284492 2004
296096 289524 2004
296096 289524 2004
296096 289524 2004
296096 289524 2004
296096 289524 2004
296096 289524 2004
296096 289524 2004
296096 289524 2004
296096 289524 2004
296096 289524 2004
296096 289524 2004
296096 289524 2004
296096 289524 2004
289037 287856 2005
289037 287856 2005
289037 287856 2005
289037 287856 2005
289037 287856 2005
289037 287856 2005
289037 287856 2005
289037 287856 2005
289037 287856 2005
289037 287856 2005
289037 287856 2005
289037 287856 2005
289037 287856 2005
196081 188711 2005
196081 188711 2005
196081 188711 2005
196081 188711 2005
196081 188711 2005
196081 188711 2005
196081 188711 2005
196081 188711 2005
196081 188711 2005
196081 188711 2005
196081 188711 2005
196081 188711 2005
196081 188711 2005
193621 201279 2006
193621 201279 2006
193621 201279 2006
193621 201279 2006
193621 201279 2006
193621 201279 2006
193621 201279 2006
193621 201279 2006
193621 201279 2006
193621 201279 2006
193621 201279 2006
193621 201279 2006
150450 9640 2011
150450 9640 2011
150450 9640 2011
150450 9640 2011
150450 9640 2011
150450 9640 2011
150450 9640 2011
150450 9640 2011
150450 9640 2011
150450 9640 2011
150450 9640 2011
150450 9640 2011
235681 238720 2013
235681 238720 2013
235681 238720 2013
235681 238720 2013
235681 238720 2013
235681 238720 2013
235681 238720 2013
235681 238720 2013
235681 238720 2013
235681 238720 2013
235681 238720 2013
235681 238720 2013
235681 238720 2013
19032 190875 2017
19032 190875 2017
19032 190875 2017
19032 190875 2017
19032 190875 2017
19032 190875 2017
19032 190875 2017
19032 190875 2017
19032 190875 2017
19032 190875 2017
19032 190875 2017
19032 190875 2017
19032 190875 2017
186905 11041 2019
186905 11041 2019
186905 11041 2019
186905 11041 2019
186905 11041 2019
186905 11041 2019
186905 11041 2019
186905 11041 2019
186905 11041 2019
186905 11041 2019
186905 11041 2019
186905 11041 2019
186905 11041 2019
206261 208264 2020
206261 208264 2020
206261 208264 2020
206261 208264 2020
206261 208264 2020
206261 208264 2020
206261 208264 2020
206261 208264 2020
206261 208264 2020
206261 208264 2020
206261 208264 2020
206261 208264 2020
233585 246119 2024
233585 246119 2024
233585 246119 2024
233585 246119 2024
233585 246119 2024
233585 246119 2024
233585 246119 2024
233585 246119 2024
233585 246119 2024
233585 246119 2024
233585 246119 2024
233585 246119 2024
150216 234242 2024
150216 234242 2024
150216 234242 2024
150216 234242 2024
150216 234242 2024
150216 234242 2024
150216 234242 2024
150216 234242 2024
150216 234242 2024
150216 234242 2024
150216 234242 2024
150216 234242 2024
150216 234242 2024
236897 14813 2025
236897 14813 2025
236897 14813 2025
236897 14813 2025
236897 14813 2025
236897 14813 2025
236897 14813 2025
236897 14813 2025
236897 14813 2025
236897 14813 2025
236897 14813 2025
236897 14813 2025
236897 14813 2025
178291 4766 2026
178291 4766 2026
178291 4766 2026
178291 4766 2026
178291 4766 2026
178291 4766 2026
178291 4766 2026
178291 4766 2026
178291 4766 2026
178291 4766 2026
178291 4766 2026
178291 4766 2026
178291 4766 2026
288199 174464 2027
288199 174464 2027
288199 174464 2027
288199 174464 2027
288199 174464 2027
288199 174464 2027
288199 174464 2027
288199 174464 2027
288199 174464 2027
288199 174464 2027
288199 174464 2027
288199 174464 2027
288199 174464 2027
296129 214057 2028
296129 214057 2028
296129 214057 2028
296129 214057 2028
296129 214057 2028
296129 214057 2028
296129 214057 2028
296129 214057 2028
296129 214057 2028
296129 214057 2028
296129 214057 2028
296129 214057 2028
296129 214057 2028
174935 190820 2029
174935 190820 2029
174935 190820 2029
174935 190820 2029
174935 190820 2029
174935 190820 2029
174935 190820 2029
174935 190820 2029
174935 190820 2029
174935 190820 2029
174935 190820 2029
174935 190820 2029
174935 190820 2029
227556 236067 2031
227556 236067 2031
227556 236067 2031
227556 236067 2031
227556 236067 2031
227556 236067 2031
227556 236067 2031
227556 236067 2031
227556 236067 2031
227556 236067 2031
227556 236067 2031
227556 236067 2031
227556 236067 2031
227715 288656 2031
227715 288656 2031
227715 288656 2031
227715 288656 2031
227715 288656 2031
227715 288656 2031
227715 288656 2031
227715 288656 2031
227715 288656 2031
227715 288656 2031
227715 288656 2031
227715 288656 2031
227715 288656 2031
150489 288992 2036
150489 288992 2036
150489 288992 2036
150489 288992 2036
150489 288992 2036
150489 288992 2036
150489 288992 2036
150489 288992 2036
150489 288992 2036
150489 288992 2036
150489 288992 2036
150489 288992 2036
150489 288992 2036
14812 246617 2039
14812 246617 2039
14812 246617 2039
14812 246617 2039
14812 246617 2039
14812 246617 2039
14812 246617 2039
14812 246617 2039
14812 246617 2039
14812 246617 2039
14812 246617 2039
14812 246617 2039
237991 285466 2044
237991 285466 2044
237991 285466 2044
237991 285466 2044
237991 285466 2044
237991 285466 2044
237991 285466 2044
237991 285466 2044
237991 285466 2044
237991 285466 2044
237991 285466 2044
237991 285466 2044
237991 285466 2044
235977 285243 2049
235977 285243 2049
235977 285243 2049
235977 285243 2049
235977 285243 2049
235977 285243 2049
235977 285243 2049
235977 285243 2049
235977 285243 2049
235977 285243 2049
235977 285243 2049
235977 285243 2049
150228 252669 2051
150228 252669 2051
150228 252669 2051
150228 252669 2051
150228 252669 2051
150228 252669 2051
150228 252669 2051
150228 252669 2051
150228 252669 2051
150228 252669 2051
150228 252669 2051
150228 252669 2051
245952 285233 2054
245952 285233 2054
245952 285233 2054
245952 285233 2054
245952 285233 2054
245952 285233 2054
245952 285233 2054
245952 285233 2054
245952 285233 2054
245952 285233 2054
245952 285233 2054
245952 285233 2054
292034 14666 2068
292034 14666 2068
292034 14666 2068
292034 14666 2068
292034 14666 2068
292034 14666 2068
292034 14666 2068
292034 14666 2068
292034 14666 2068
292034 14666 2068
292034 14666 2068
292034 14666 2068
289170 285274 2069
289170 285274 2069
289170 285274 2069
289170 285274 2069
289170 285274 2069
289170 285274 2069
289170 285274 2069
289170 285274 2069
289170 285274 2069
289170 285274 2069
289170 285274 2069
289170 285274 2069
289170 285274 2069
289620 285274 2074
289620 285274 2074
289620 285274 2074
289620 285274 2074
289620 285274 2074
289620 285274 2074
289620 285274 2074
289620 285274 2074
289620 285274 2074
289620 285274 2074
289620 285274 2074
289620 285274 2074
289620 285274 2074
289620 285274 2080
289620 285274 2080
289620 285274 2080
289620 285274 2080
289620 285274 2080
289620 285274 2080
289620 285274 2080
289620 285274 2080
289620 285274 2080
289620 285274 2080
289620 285274 2080
289620 285274 2080
289620 285274 2080
285382 285281 2082
285382 285281 2082
285382 285281 2082
285382 285281 2082
285382 285281 2082
285382 285281 2082
285382 285281 2082
285382 285281 2082
285382 285281 2082
285382 285281 2082
285382 285281 2082
285382 285281 2082
285382 285281 2082
230067 284208 2083
230067 284208 2083
230067 284208 2083
230067 284208 2083
230067 284208 2083
230067 284208 2083
230067 284208 2083
230067 284208 2083
230067 284208 2083
230067 284208 2083
230067 284208 2083
230067 284208 2083
230067 284208 2083
282558 266104 2083
282558 266104 2083
282558 266104 2083
282558 266104 2083
282558 266104 2083
282558 266104 2083
282558 266104 2083
282558 266104 2083
282558 266104 2083
282558 266104 2083
282558 266104 2083
282558 266104 2083
231925 236172 2094
231925 236172 2094
231925 236172 2094
231925 236172 2094
231925 236172 2094
231925 236172 2094
231925 236172 2094
231925 236172 2094
231925 236172 2094
231925 236172 2094
231925 236172 2094
231925 236172 2094
231925 236172 2094
231876 235974 2099
231876 235974 2099
231876 235974 2099
231876 235974 2099
231876 235974 2099
231876 235974 2099
231876 235974 2099
231876 235974 2099
231876 235974 2099
231876 235974 2099
231876 235974 2099
231876 235974 2099
247030 231027 2101
247030 231027 2101
247030 231027 2101
247030 231027 2101
247030 231027 2101
247030 231027 2101
247030 231027 2101
247030 231027 2101
247030 231027 2101
247030 231027 2101
247030 231027 2101
247030 231027 2101
247030 231027 2101
236150 235974 2103
236150 235974 2103
236150 235974 2103
236150 235974 2103
236150 235974 2103
236150 235974 2103
236150 235974 2103
236150 235974 2103
236150 235974 2103
236150 235974 2103
236150 235974 2103
236150 235974 2103
236150 235974 2103
286447 290819 2107
286447 290819 2107
286447 290819 2107
286447 290819 2107
286447 290819 2107
286447 290819 2107
286447 290819 2107
286447 290819 2107
286447 290819 2107
286447 290819 2107
286447 290819 2107
286447 290819 2107
250699 286717 2117
250699 286717 2117
250699 286717 2117
250699 286717 2117
250699 286717 2117
250699 286717 2117
250699 286717 2117
250699 286717 2117
250699 286717 2117
250699 286717 2117
250699 286717 2117
250699 286717 2117
250699 286717 2117
236004 235974 2126
236004 235974 2126
236004 235974 2126
236004 235974 2126
236004 235974 2126
236004 235974 2126
236004 235974 2126
236004 235974 2126
236004 235974 2126
236004 235974 2126
236004 235974 2126
236004 235974 2126
237848 293378 2132
237848 293378 2132
237848 293378 2132
237848 293378 2132
237848 293378 2132
237848 293378 2132
237848 293378 2132
237848 293378 2132
237848 293378 2132
237848 293378 2132
237848 293378 2132
237848 293378 2132
237848 293378 2132
243704 228049 2141
243704 228049 2141
243704 228049 2141
243704 228049 2141
243704 228049 2141
243704 228049 2141
243704 228049 2141
243704 228049 2141
243704 228049 2141
243704 228049 2141
243704 228049 2141
243704 228049 2141
288222 250698 2154
288222 250698 2154
288222 250698 2154
288222 250698 2154
288222 250698 2154
288222 250698 2154
288222 250698 2154
288222 250698 2154
288222 250698 2154
288222 250698 2154
288222 250698 2154
288222 250698 2154
236554 231519 2174
236554 231519 2174
236554 231519 2174
236554 231519 2174
236554 231519 2174
236554 231519 2174
236554 231519 2174
236554 231519 2174
236554 231519 2174
236554 231519 2174
236554 231519 2174
236554 231519 2174
236554 231519 2174
249359 282817 2178
249359 282817 2178
249359 282817 2178
249359 282817 2178
249359 282817 2178
249359 282817 2178
249359 282817 2178
249359 282817 2178
249359 282817 2178
249359 282817 2178
249359 282817 2178
249359 282817 2178
236653 4680 2199
236653 4680 2199
236653 4680 2199
236653 4680 2199
236653 4680 2199
236653 4680 2199
236653 4680 2199
236653 4680 2199
236653 4680 2199
236653 4680 2199
236653 4680 2199
236653 4680 2199
236653 4680 2199
226976 262498 2201
226976 262498 2201
226976 262498 2201
226976 262498 2201
226976 262498 2201
226976 262498 2201
226976 262498 2201
226976 262498 2201
226976 262498 2201
226976 262498 2201
226976 262498 2201
226976 262498 2201
230101 227827 2203
230101 227827 2203
230101 227827 2203
230101 227827 2203
230101 227827 2203
230101 227827 2203
230101 227827 2203
230101 227827 2203
230101 227827 2203
230101 227827 2203
230101 227827 2203
230101 227827 2203
230101 227827 2203
250690 286727 2207
250690 286727 2207
250690 286727 2207
250690 286727 2207
250690 286727 2207
250690 286727 2207
250690 286727 2207
250690 286727 2207
250690 286727 2207
250690 286727 2207
250690 286727 2207
250690 286727 2207
250690 286727 2207
240459 124698 2208
240459 124698 2208
240459 124698 2208
240459 124698 2208
240459 124698 2208
240459 124698 2208
240459 124698 2208
240459 124698 2208
240459 124698 2208
240459 124698 2208
240459 124698 2208
240459 124698 2208
236897 151472 2209
236897 151472 2209
236897 151472 2209
236897 151472 2209
236897 151472 2209
236897 151472 2209
236897 151472 2209
236897 151472 2209
236897 151472 2209
236897 151472 2209
236897 151472 2209
236897 151472 2209
236897 151472 2209
289167 282823 2210
289167 282823 2210
289167 282823 2210
289167 282823 2210
289167 282823 2210
289167 282823 2210
289167 282823 2210
289167 282823 2210
289167 282823 2210
289167 282823 2210
289167 282823 2210
289167 282823 2210
289167 282823 2210
250690 286727 2215
250690 286727 2215
250690 286727 2215
250690 286727 2215
250690 286727 2215
250690 286727 2215
250690 286727 2215
250690 286727 2215
250690 286727 2215
250690 286727 2215
250690 286727 2215
250690 286727 2215
250690 286727 2215
203368 241874 2232
203368 241874 2232
203368 241874 2232
203368 241874 2232
203368 241874 2232
203368 241874 2232
203368 241874 2232
203368 241874 2232
203368 241874 2232
203368 241874 2232
203368 241874 2232
203368 241874 2232
184184 155156 2239
184184 155156 2239
184184 155156 2239
184184 155156 2239
184184 155156 2239
184184 155156 2239
184184 155156 2239
184184 155156 2239
184184 155156 2239
184184 155156 2239
184184 155156 2239
184184 155156 2239
184184 155156 2239
237873 196008 2245
237873 196008 2245
237873 196008 2245
237873 196008 2245
237873 196008 2245
237873 196008 2245
237873 196008 2245
237873 196008 2245
237873 196008 2245
237873 196008 2245
237873 196008 2245
237873 196008 2245
237873 196008 2245
237374 174475 2248
237374 174475 2248
237374 174475 2248
237374 174475 2248
237374 174475 2248
237374 174475 2248
237374 174475 2248
237374 174475 2248
237374 174475 2248
237374 174475 2248
237374 174475 2248
237374 174475 2248
232697 241489 2255
232697 241489 2255
232697 241489 2255
232697 241489 2255
232697 241489 2255
232697 241489 2255
232697 241489 2255
232697 241489 2255
232697 241489 2255
232697 241489 2255
232697 241489 2255
232697 241489 2255
232697 241489 2255
285382 293139 2261
285382 293139 2261
285382 293139 2261
285382 293139 2261
285382 293139 2261
285382 293139 2261
285382 293139 2261
285382 293139 2261
285382 293139 2261
285382 293139 2261
285382 293139 2261
285382 293139 2261
176503 10375 2271
176503 10375 2271
176503 10375 2271
176503 10375 2271
176503 10375 2271
176503 10375 2271
176503 10375 2271
176503 10375 2271
176503 10375 2271
176503 10375 2271
176503 10375 2271
176503 10375 2271
295112 250599 2274
295112 250599 2274
295112 250599 2274
295112 250599 2274
295112 250599 2274
295112 250599 2274
295112 250599 2274
295112 250599 2274
295112 250599 2274
295112 250599 2274
295112 250599 2274
295112 250599 2274
295112 250599 2274
285187 284632 2275
285187 284632 2275
285187 284632 2275
285187 284632 2275
285187 284632 2275
285187 284632 2275
285187 284632 2275
285187 284632 2275
285187 284632 2275
285187 284632 2275
285187 284632 2275
285187 284632 2275
285187 284632 2275
256663 265636 2277
256663 265636 2277
256663 265636 2277
256663 265636 2277
256663 265636 2277
256663 265636 2277
256663 265636 2277
256663 265636 2277
256663 265636 2277
256663 265636 2277
256663 265636 2277
256663 265636 2277
242933 226380 2277
242933 226380 2277
242933 226380 2277
242933 226380 2277
242933 226380 2277
242933 226380 2277
242933 226380 2277
242933 226380 2277
242933 226380 2277
242933 226380 2277
242933 226380 2277
242933 226380 2277
242933 226380 2277
233589 226966 2277
233589 226966 2277
233589 226966 2277
233589 226966 2277
233589 226966 2277
233589 226966 2277
233589 226966 2277
233589 226966 2277
233589 226966 2277
233589 226966 2277
233589 226966 2277
233589 226966 2277
233589 226966 2277
176004 201801 2280
176004 201801 2280
176004 201801 2280
176004 201801 2280
176004 201801 2280
176004 201801 2280
176004 201801 2280
176004 201801 2280
176004 201801 2280
176004 201801 2280
176004 201801 2280
176004 201801 2280
176004 201801 2280
250848 246119 2280
250848 246119 2280
250848 246119 2280
250848 246119 2280
250848 246119 2280
250848 246119 2280
250848 246119 2280
250848 246119 2280
250848 246119 2280
250848 246119 2280
250848 246119 2280
250848 246119 2280
242532 227222 2281
242532 227222 2281
242532 227222 2281
242532 227222 2281
242532 227222 2281
242532 227222 2281
242532 227222 2281
242532 227222 2281
242532 227222 2281
242532 227222 2281
242532 227222 2281
242532 227222 2281
230167 10208 2282
230167 10208 2282
230167 10208 2282
230167 10208 2282
230167 10208 2282
230167 10208 2282
230167 10208 2282
230167 10208 2282
230167 10208 2282
230167 10208 2282
230167 10208 2282
230167 10208 2282
230167 10208 2282
232831 289545 2282
232831 289545 2282
232831 289545 2282
232831 289545 2282
232831 289545 2282
232831 289545 2282
232831 289545 2282
232831 289545 2282
232831 289545 2282
232831 289545 2282
232831 289545 2282
232831 289545 2282
227318 226525 2283
227318 226525 2283
227318 226525 2283
227318 226525 2283
227318 226525 2283
227318 226525 2283
227318 226525 2283
227318 226525 2283
227318 226525 2283
227318 226525 2283
227318 226525 2283
227318 226525 2283
227318 226525 2283
227015 227278 2287
227015 227278 2287
227015 227278 2287
227015 227278 2287
227015 227278 2287
227015 227278 2287
227015 227278 2287
227015 227278 2287
227015 227278 2287
227015 227278 2287
227015 227278 2287
227015 227278 2287
227015 227278 2287
230665 242416 2288
230665 242416 2288
230665 242416 2288
230665 242416 2288
230665 242416 2288
230665 242416 2288
230665 242416 2288
230665 242416 2288
230665 242416 2288
230665 242416 2288
230665 242416 2288
230665 242416 2288
236426 226455 2290
236426 226455 2290
236426 226455 2290
236426 226455 2290
236426 226455 2290
236426 226455 2290
236426 226455 2290
236426 226455 2290
236426 226455 2290
236426 226455 2290
236426 226455 2290
236426 226455 2290
236426 226455 2290
242416 226455 2290
242416 226455 2290
242416 226455 2290
242416 226455 2290
242416 226455 2290
242416 226455 2290
242416 226455 2290
242416 226455 2290
242416 226455 2290
242416 226455 2290
242416 226455 2290
242416 226455 2290
242416 226455 2290
196505 190920 2292
196505 190920 2292
196505 190920 2292
196505 190920 2292
196505 190920 2292
196505 190920 2292
196505 190920 2292
196505 190920 2292
196505 190920 2292
196505 190920 2292
196505 190920 2292
196505 190920 2292
196505 235974 2292
196505 235974 2292
196505 235974 2292
196505 235974 2292
196505 235974 2292
196505 235974 2292
196505 235974 2292
196505 235974 2292
196505 235974 2292
196505 235974 2292
196505 235974 2292
196505 235974 2292
190918 235974 2293
190918 235974 2293
190918 235974 2293
190918 235974 2293
190918 235974 2293
190918 235974 2293
190918 235974 2293
190918 235974 2293
190918 235974 2293
190918 235974 2293
190918 235974 2293
190918 235974 2293
174474 199164 2294
174474 199164 2294
174474 199164 2294
174474 199164 2294
174474 199164 2294
174474 199164 2294
174474 199164 2294
174474 199164 2294
174474 199164 2294
174474 199164 2294
174474 199164 2294
174474 199164 2294
14921 234314 2297
14921 234314 2297
14921 234314 2297
14921 234314 2297
14921 234314 2297
14921 234314 2297
14921 234314 2297
14921 234314 2297
14921 234314 2297
14921 234314 2297
14921 234314 2297
14921 234314 2297
265307 285281 2298
265307 285281 2298
265307 285281 2298
265307 285281 2298
265307 285281 2298
265307 285281 2298
265307 285281 2298
265307 285281 2298
265307 285281 2298
265307 285281 2298
265307 285281 2298
265307 285281 2298
241257 233594 2299
241257 233594 2299
241257 233594 2299
241257 233594 2299
241257 233594 2299
241257 233594 2299
241257 233594 2299
241257 233594 2299
241257 233594 2299
241257 233594 2299
241257 233594 2299
241257 233594 2299
241257 233594 2299
202615 187715 2300
202615 187715 2300
202615 187715 2300
202615 187715 2300
202615 187715 2300
202615 187715 2300
202615 187715 2300
202615 187715 2300
202615 187715 2300
202615 187715 2300
202615 187715 2300
202615 187715 2300
202615 187715 2300
225931 242213 2302
225931 242213 2302
225931 242213 2302
225931 242213 2302
225931 242213 2302
225931 242213 2302
225931 242213 2302
225931 242213 2302
225931 242213 2302
225931 242213 2302
225931 242213 2302
225931 242213 2302
225931 242213 2302
229829 237843 2302
229829 237843 2302
229829 237843 2302
229829 237843 2302
229829 237843 2302
229829 237843 2302
229829 237843 2302
229829 237843 2302
229829 237843 2302
229829 237843 2302
229829 237843 2302
229829 237843 2302
229829 237843 2302
230088 246154 2303
230088 246154 2303
230088 246154 2303
230088 246154 2303
230088 246154 2303
230088 246154 2303
230088 246154 2303
230088 246154 2303
230088 246154 2303
230088 246154 2303
230088 246154 2303
230088 246154 2303
196158 4147 2303
196158 4147 2303
196158 4147 2303
196158 4147 2303
196158 4147 2303
196158 4147 2303
196158 4147 2303
196158 4147 2303
196158 4147 2303
196158 4147 2303
196158 4147 2303
196158 4147 2303
235979 246154 2305
235979 246154 2305
235979 246154 2305
235979 246154 2305
235979 246154 2305
235979 246154 2305
235979 246154 2305
235979 246154 2305
235979 246154 2305
235979 246154 2305
235979 246154 2305
235979 246154 2305
235979 246154 2305
293636 291455 2306
293636 291455 2306
293636 291455 2306
293636 291455 2306
293636 291455 2306
293636 291455 2306
293636 291455 2306
293636 291455 2306
293636 291455 2306
293636 291455 2306
293636 291455 2306
293636 291455 2306
293636 291455 2306
287865 226970 2307
287865 226970 2307
287865 226970 2307
287865 226970 2307
287865 226970 2307
287865 226970 2307
287865 226970 2307
287865 226970 2307
287865 226970 2307
287865 226970 2307
287865 226970 2307
287865 226970 2307
287865 226970 2307
190812 175902 2307
190812 175902 2307
190812 175902 2307
190812 175902 2307
190812 175902 2307
190812 175902 2307
190812 175902 2307
190812 175902 2307
190812 175902 2307
190812 175902 2307
190812 175902 2307
190812 175902 2307
190812 175902 2307
246093 183779 2307
246093 183779 2307
246093 183779 2307
246093 183779 2307
246093 183779 2307
246093 183779 2307
246093 183779 2307
246093 183779 2307
246093 183779 2307
246093 183779 2307
246093 183779 2307
246093 183779 2307
246093 183779 2307
295147 183779 2308
295147 183779 2308
295147 183779 2308
295147 183779 2308
295147 183779 2308
295147 183779 2308
295147 183779 2308
295147 183779 2308
295147 183779 2308
295147 183779 2308
295147 183779 2308
295147 183779 2308
202626 190375 2309
202626 190375 2309
202626 190375 2309
202626 190375 2309
202626 190375 2309
202626 190375 2309
202626 190375 2309
202626 190375 2309
202626 190375 2309
202626 190375 2309
202626 190375 2309
202626 190375 2309
189435 199336 2309
189435 199336 2309
189435 199336 2309
189435 199336 2309
189435 199336 2309
189435 199336 2309
189435 199336 2309
189435 199336 2309
189435 199336 2309
189435 199336 2309
189435 199336 2309
189435 199336 2309
189435 199336 2309
292034 251928 2310
292034 251928 2310
292034 251928 2310
292034 251928 2310
292034 251928 2310
292034 251928 2310
292034 251928 2310
292034 251928 2310
292034 251928 2310
292034 251928 2310
292034 251928 2310
292034 251928 2310
292034 251928 2310
226976 226972 2310
226976 226972 2310
226976 226972 2310
226976 226972 2310
226976 226972 2310
226976 226972 2310
226976 226972 2310
226976 226972 2310
226976 226972 2310
226976 226972 2310
226976 226972 2310
226976 226972 2310
226976 226972 2310
266318 240616 2311
266318 240616 2311
266318 240616 2311
266318 240616 2311
266318 240616 2311
266318 240616 2311
266318 240616 2311
266318 240616 2311
266318 240616 2311
266318 240616 2311
266318 240616 2311
266318 240616 2311
187722 159653 2313
187722 159653 2313
187722 159653 2313
187722 159653 2313
187722 159653 2313
187722 159653 2313
187722 159653 2313
187722 159653 2313
187722 159653 2313
187722 159653 2313
187722 159653 2313
187722 159653 2313
295112 206136 2314
295112 206136 2314
295112 206136 2314
295112 206136 2314
295112 206136 2314
295112 206136 2314
295112 206136 2314
295112 206136 2314
295112 206136 2314
295112 206136 2314
295112 206136 2314
295112 206136 2314
295112 206136 2314
231025 232694 2314
231025 232694 2314
231025 232694 2314
231025 232694 2314
231025 232694 2314
231025 232694 2314
231025 232694 2314
231025 232694 2314
231025 232694 2314
231025 232694 2314
231025 232694 2314
231025 232694 2314
231025 232694 2314
228172 226833 2315
228172 226833 2315
228172 226833 2315
228172 226833 2315
228172 226833 2315
228172 226833 2315
228172 226833 2315
228172 226833 2315
228172 226833 2315
228172 226833 2315
228172 226833 2315
228172 226833 2315
228172 226833 2315
236995 262522 2315
236995 262522 2315
236995 262522 2315
236995 262522 2315
236995 262522 2315
236995 262522 2315
236995 262522 2315
236995 262522 2315
236995 262522 2315
236995 262522 2315
236995 262522 2315
236995 262522 2315
236995 262522 2315
10217 289528 2316
10217 289528 2316
10217 289528 2316
10217 289528 2316
10217 289528 2316
10217 289528 2316
10217 289528 2316
10217 289528 2316
10217 289528 2316
10217 289528 2316
10217 289528 2316
10217 289528 2316
10217 289528 2316
265841 174828 2317
265841 174828 2317
265841 174828 2317
265841 174828 2317
265841 174828 2317
265841 174828 2317
265841 174828 2317
265841 174828 2317
265841 174828 2317
265841 174828 2317
265841 174828 2317
265841 174828 2317
288557 285195 2317
288557 285195 2317
288557 285195 2317
288557 285195 2317
288557 285195 2317
288557 285195 2317
288557 285195 2317
288557 285195 2317
288557 285195 2317
288557 285195 2317
288557 285195 2317
288557 285195 2317
288557 285195 2317
295206 246617 2318
295206 246617 2318
295206 246617 2318
295206 246617 2318
295206 246617 2318
295206 246617 2318
295206 246617 2318
295206 246617 2318
295206 246617 2318
295206 246617 2318
295206 246617 2318
295206 246617 2318
295206 246617 2318
174828 200262 2319
174828 200262 2319
174828 200262 2319
174828 200262 2319
174828 200262 2319
174828 200262 2319
174828 200262 2319
174828 200262 2319
174828 200262 2319
174828 200262 2319
174828 200262 2319
174828 200262 2319
174828 200262 2319
204226 237846 2323
204226 237846 2323
204226 237846 2323
204226 237846 2323
204226 237846 2323
204226 237846 2323
204226 237846 2323
204226 237846 2323
204226 237846 2323
204226 237846 2323
204226 237846 2323
204226 237846 2323
232360 228395 2323
232360 228395 2323
232360 228395 2323
232360 228395 2323
232360 228395 2323
232360 228395 2323
232360 228395 2323
232360 228395 2323
232360 228395 2323
232360 228395 2323
232360 228395 2323
232360 228395 2323
232360 228395 2323
232832 239286 2324
232832 239286 2324
232832 239286 2324
232832 239286 2324
232832 239286 2324
232832 239286 2324
232832 239286 2324
232832 239286 2324
232832 239286 2324
232832 239286 2324
232832 239286 2324
232832 239286 2324
232832 239286 2324
245999 251995 2324
245999 251995 2324
245999 251995 2324
245999 251995 2324
245999 251995 2324
245999 251995 2324
245999 251995 2324
245999 251995 2324
245999 251995 2324
245999 251995 2324
245999 251995 2324
245999 251995 2324
230743 238315 2326
230743 238315 2326
230743 238315 2326
230743 238315 2326
230743 238315 2326
230743 238315 2326
230743 238315 2326
230743 238315 2326
230743 238315 2326
230743 238315 2326
230743 238315 2326
230743 238315 2326
247512 238227 2327
247512 238227 2327
247512 238227 2327
247512 238227 2327
247512 238227 2327
247512 238227 2327
247512 238227 2327
247512 238227 2327
247512 238227 2327
247512 238227 2327
247512 238227 2327
247512 238227 2327
247512 238227 2327
150216 284212 2327
150216 284212 2327
150216 284212 2327
150216 284212 2327
150216 284212 2327
150216 284212 2327
150216 284212 2327
150216 284212 2327
150216 284212 2327
150216 284212 2327
150216 284212 2327
150216 284212 2327
150216 284212 2327
237851 187768 2330
237851 187768 2330
237851 187768 2330
237851 187768 2330
237851 187768 2330
237851 187768 2330
237851 187768 2330
237851 187768 2330
237851 187768 2330
237851 187768 2330
237851 187768 2330
237851 187768 2330
237851 187768 2330
124695 251936 2334
124695 251936 2334
124695 251936 2334
124695 251936 2334
124695 251936 2334
124695 251936 2334
124695 251936 2334
124695 251936 2334
124695 251936 2334
124695 251936 2334
124695 251936 2334
124695 251936 2334
124695 251936 2334
230101 227068 2335
230101 227068 2335
230101 227068 2335
230101 227068 2335
230101 227068 2335
230101 227068 2335
230101 227068 2335
230101 227068 2335
230101 227068 2335
230101 227068 2335
230101 227068 2335
230101 227068 2335
230101 227068 2335
236136 225931 2337
236136 225931 2337
236136 225931 2337
236136 225931 2337
236136 225931 2337
236136 225931 2337
236136 225931 2337
236136 225931 2337
236136 225931 2337
236136 225931 2337
236136 225931 2337
236136 225931 2337
230245 226455 2337
230245 226455 2337
230245 226455 2337
230245 226455 2337
230245 226455 2337
230245 226455 2337
230245 226455 2337
230245 226455 2337
230245 226455 2337
230245 226455 2337
230245 226455 2337
230245 226455 2337
230245 226455 2337
236029 228372 2338
236029 228372 2338
236029 228372 2338
236029 228372 2338
236029 228372 2338
236029 228372 2338
236029 228372 2338
236029 228372 2338
236029 228372 2338
236029 228372 2338
236029 228372 2338
236029 228372 2338
235952 242213 2338
235952 242213 2338
235952 242213 2338
235952 242213 2338
235952 242213 2338
235952 242213 2338
235952 242213 2338
235952 242213 2338
235952 242213 2338
235952 242213 2338
235952 242213 2338
235952 242213 2338
235952 242213 2338
227854 293359 2339
227854 293359 2339
227854 293359 2339
227854 293359 2339
227854 293359 2339
227854 293359 2339
227854 293359 2339
227854 293359 2339
227854 293359 2339
227854 293359 2339
227854 293359 2339
227854 293359 2339
243706 236155 2343
243706 236155 2343
243706 236155 2343
243706 236155 2343
243706 236155 2343
243706 236155 2343
243706 236155 2343
243706 236155 2343
243706 236155 2343
243706 236155 2343
243706 236155 2343
243706 236155 2343
243706 236155 2343
291226 246598 2346
291226 246598 2346
291226 246598 2346
291226 246598 2346
291226 246598 2346
291226 246598 2346
291226 246598 2346
291226 246598 2346
291226 246598 2346
291226 246598 2346
291226 246598 2346
291226 246598 2346
291226 246598 2346
186763 291425 2346
186763 291425 2346
186763 291425 2346
186763 291425 2346
186763 291425 2346
186763 291425 2346
186763 291425 2346
186763 291425 2346
186763 291425 2346
186763 291425 2346
186763 291425 2346
186763 291425 2346
186763 291425 2346
187716 193621 2349
187716 193621 2349
187716 193621 2349
187716 193621 2349
187716 193621 2349
187716 193621 2349
187716 193621 2349
187716 193621 2349
187716 193621 2349
187716 193621 2349
187716 193621 2349
187716 193621 2349
175963 237320 2350
175963 237320 2350
175963 237320 2350
175963 237320 2350
175963 237320 2350
175963 237320 2350
175963 237320 2350
175963 237320 2350
175963 237320 2350
175963 237320 2350
175963 237320 2350
175963 237320 2350
175963 237320 2350
193621 235935 2350
193621 235935 2350
193621 235935 2350
193621 235935 2350
193621 235935 2350
193621 235935 2350
193621 235935 2350
193621 235935 2350
193621 235935 2350
193621 235935 2350
193621 235935 2350
193621 235935 2350
193621 235935 2350
237320 227267 2356
237320 227267 2356
237320 227267 2356
237320 227267 2356
237320 227267 2356
237320 227267 2356
237320 227267 2356
237320 227267 2356
237320 227267 2356
237320 227267 2356
237320 227267 2356
237320 227267 2356
237320 227267 2356
246169 246055 2357
246169 246055 2357
246169 246055 2357
246169 246055 2357
246169 246055 2357
246169 246055 2357
246169 246055 2357
246169 246055 2357
246169 246055 2357
246169 246055 2357
246169 246055 2357
246169 246055 2357
246169 246055 2357
14923 242036 2358
14923 242036 2358
14923 242036 2358
14923 242036 2358
14923 242036 2358
14923 242036 2358
14923 242036 2358
14923 242036 2358
14923 242036 2358
14923 242036 2358
14923 242036 2358
14923 242036 2358
14923 242036 2358
235683 229511 2359
235683 229511 2359
235683 229511 2359
235683 229511 2359
235683 229511 2359
235683 229511 2359
235683 229511 2359
235683 229511 2359
235683 229511 2359
235683 229511 2359
235683 229511 2359
235683 229511 2359
235683 229511 2359
243447 237848 2359
243447 237848 2359
243447 237848 2359
243447 237848 2359
243447 237848 2359
243447 237848 2359
243447 237848 2359
243447 237848 2359
243447 237848 2359
243447 237848 2359
243447 237848 2359
243447 237848 2359
229825 237855 2360
229825 237855 2360
229825 237855 2360
229825 237855 2360
229825 237855 2360
229825 237855 2360
229825 237855 2360
229825 237855 2360
229825 237855 2360
229825 237855 2360
229825 237855 2360
229825 237855 2360
229825 237855 2360
238513 252022 2363
238513 252022 2363
238513 252022 2363
238513 252022 2363
238513 252022 2363
238513 252022 2363
238513 252022 2363
238513 252022 2363
238513 252022 2363
238513 252022 2363
238513 252022 2363
238513 252022 2363
238513 252022 2363
173921 208308 2366
173921 208308 2366
173921 208308 2366
173921 208308 2366
173921 208308 2366
173921 208308 2366
173921 208308 2366
173921 208308 2366
173921 208308 2366
173921 208308 2366
173921 208308 2366
173921 208308 2366
233608 235790 2369
233608 235790 2369
233608 235790 2369
233608 235790 2369
233608 235790 2369
233608 235790 2369
233608 235790 2369
233608 235790 2369
233608 235790 2369
233608 235790 2369
233608 235790 2369
233608 235790 2369
233608 235790 2369
233461 234676 2370
233461 234676 2370
233461 234676 2370
233461 234676 2370
233461 234676 2370
233461 234676 2370
233461 234676 2370
233461 234676 2370
233461 234676 2370
233461 234676 2370
233461 234676 2370
233461 234676 2370
233461 234676 2370
10597 190900 2370
10597 190900 2370
10597 190900 2370
10597 190900 2370
10597 190900 2370
10597 190900 2370
10597 190900 2370
10597 190900 2370
10597 190900 2370
10597 190900 2370
10597 190900 2370
10597 190900 2370
10597 190900 2370
10598 190900 2371
10598 190900 2371
10598 190900 2371
10598 190900 2371
10598 190900 2371
10598 190900 2371
10598 190900 2371
10598 190900 2371
10598 190900 2371
10598 190900 2371
10598 190900 2371
10598 190900 2371
238988 235790 2371
238988 235790 2371
238988 235790 2371
238988 235790 2371
238988 235790 2371
238988 235790 2371
238988 235790 2371
238988 235790 2371
238988 235790 2371
238988 235790 2371
238988 235790 2371
238988 235790 2371
202585 237844 2371
202585 237844 2371
202585 237844 2371
202585 237844 2371
202585 237844 2371
202585 237844 2371
202585 237844 2371
202585 237844 2371
202585 237844 2371
202585 237844 2371
202585 237844 2371
202585 237844 2371
202585 237844 2371
208315 234245 2372
208315 234245 2372
208315 234245 2372
208315 234245 2372
208315 234245 2372
208315 234245 2372
208315 234245 2372
208315 234245 2372
208315 234245 2372
208315 234245 2372
208315 234245 2372
208315 234245 2372
246114 270405 2373
246114 270405 2373
246114 270405 2373
246114 270405 2373
246114 270405 2373
246114 270405 2373
246114 270405 2373
246114 270405 2373
246114 270405 2373
246114 270405 2373
246114 270405 2373
246114 270405 2373
226966 247050 2373
226966 247050 2373
226966 247050 2373
226966 247050 2373
226966 247050 2373
226966 247050 2373
226966 247050 2373
226966 247050 2373
226966 247050 2373
226966 247050 2373
226966 247050 2373
226966 247050 2373
226966 247050 2373
226394 228128 2374
226394 228128 2374
226394 228128 2374
226394 228128 2374
226394 228128 2374
226394 228128 2374
226394 228128 2374
226394 228128 2374
226394 228128 2374
226394 228128 2374
226394 228128 2374
226394 228128 2374
236897 124706 2375
236897 124706 2375
236897 124706 2375
236897 124706 2375
236897 124706 2375
236897 124706 2375
236897 124706 2375
236897 124706 2375
236897 124706 2375
236897 124706 2375
236897 124706 2375
236897 124706 2375
232707 236445 2376
232707 236445 2376
232707 236445 2376
232707 236445 2376
232707 236445 2376
232707 236445 2376
232707 236445 2376
232707 236445 2376
232707 236445 2376
232707 236445 2376
232707 236445 2376
232707 236445 2376
232707 236445 2376
252018 228462 2376
252018 228462 2376
252018 228462 2376
252018 228462 2376
252018 228462 2376
252018 228462 2376
252018 228462 2376
252018 228462 2376
252018 228462 2376
252018 228462 2376
252018 228462 2376
252018 228462 2376
252018 228462 2376
291435 236474 2378
291435 236474 2378
291435 236474 2378
291435 236474 2378
291435 236474 2378
291435 236474 2378
291435 236474 2378
291435 236474 2378
291435 236474 2378
291435 236474 2378
291435 236474 2378
291435 236474 2378
291435 236474 2378
174461 178786 2385
174461 178786 2385
174461 178786 2385
174461 178786 2385
174461 178786 2385
174461 178786 2385
174461 178786 2385
174461 178786 2385
174461 178786 2385
174461 178786 2385
174461 178786 2385
174461 178786 2385
246101 291376 2388
246101 291376 2388
246101 291376 2388
246101 291376 2388
246101 291376 2388
246101 291376 2388
246101 291376 2388
246101 291376 2388
246101 291376 2388
246101 291376 2388
246101 291376 2388
246101 291376 2388
246101 291376 2388
177273 190918 2393
177273 190918 2393
177273 190918 2393
177273 190918 2393
177273 190918 2393
177273 190918 2393
177273 190918 2393
177273 190918 2393
177273 190918 2393
177273 190918 2393
177273 190918 2393
177273 190918 2393
177273 190918 2393
245949 291460 2396
245949 291460 2396
245949 291460 2396
245949 291460 2396
245949 291460 2396
245949 291460 2396
245949 291460 2396
245949 291460 2396
245949 291460 2396
245949 291460 2396
245949 291460 2396
245949 291460 2396
245949 291460 2396
289038 293139 2397
289038 293139 2397
289038 293139 2397
289038 293139 2397
289038 293139 2397
289038 293139 2397
289038 293139 2397
289038 293139 2397
289038 293139 2397
289038 293139 2397
289038 293139 2397
289038 293139 2397
124706 9633 2397
124706 9633 2397
124706 9633 2397
124706 9633 2397
124706 9633 2397
124706 9633 2397
124706 9633 2397
124706 9633 2397
124706 9633 2397
124706 9633 2397
124706 9633 2397
124706 9633 2397
124706 9633 2397
237856 198507 2398
237856 198507 2398
237856 198507 2398
237856 198507 2398
237856 198507 2398
237856 198507 2398
237856 198507 2398
237856 198507 2398
237856 198507 2398
237856 198507 2398
237856 198507 2398
237856 198507 2398
237856 198507 2398
237856 198507 2398
237856 198507 2398
237856 198507 2398
237856 198507 2398
237856 198507 2398
237856 198507 2398
237856 198507 2398
237856 198507 2398
237856 198507 2398
237856 198507 2398
237856 198507 2398
198507 238631 2401
198507 238631 2401
198507 238631 2401
198507 238631 2401
198507 238631 2401
198507 238631 2401
198507 238631 2401
198507 238631 2401
198507 238631 2401
198507 238631 2401
198507 238631 2401
198507 238631 2401
198507 238631 2401
191011 238552 2402
191011 238552 2402
191011 238552 2402
191011 238552 2402
191011 238552 2402
191011 238552 2402
191011 238552 2402
191011 238552 2402
191011 238552 2402
191011 238552 2402
191011 238552 2402
191011 238552 2402
230665 234195 2406
230665 234195 2406
230665 234195 2406
230665 234195 2406
230665 234195 2406
230665 234195 2406
230665 234195 2406
230665 234195 2406
230665 234195 2406
230665 234195 2406
230665 234195 2406
230665 234195 2406
238631 238639 2406
238631 238639 2406
238631 238639 2406
238631 238639 2406
238631 238639 2406
238631 238639 2406
238631 238639 2406
238631 238639 2406
238631 238639 2406
238631 238639 2406
238631 238639 2406
238631 238639 2406
243542 176253 2407
243542 176253 2407
243542 176253 2407
243542 176253 2407
243542 176253 2407
243542 176253 2407
243542 176253 2407
243542 176253 2407
243542 176253 2407
243542 176253 2407
243542 176253 2407
243542 176253 2407
236645 229806 2408
236645 229806 2408
236645 229806 2408
236645 229806 2408
236645 229806 2408
236645 229806 2408
236645 229806 2408
236645 229806 2408
236645 229806 2408
236645 229806 2408
236645 229806 2408
236645 229806 2408
236155 236138 2409
236155 236138 2409
236155 236138 2409
236155 236138 2409
236155 236138 2409
236155 236138 2409
236155 236138 2409
236155 236138 2409
236155 236138 2409
236155 236138 2409
236155 236138 2409
236155 236138 2409
236155 236138 2409
228058 152792 2411
228058 152792 2411
228058 152792 2411
228058 152792 2411
228058 152792 2411
228058 152792 2411
228058 152792 2411
228058 152792 2411
228058 152792 2411
228058 152792 2411
228058 152792 2411
228058 152792 2411
228058 152792 2411
242604 235685 2413
242604 235685 2413
242604 235685 2413
242604 235685 2413
242604 235685 2413
242604 235685 2413
242604 235685 2413
242604 235685 2413
242604 235685 2413
242604 235685 2413
242604 235685 2413
242604 235685 2413
242604 235685 2413
227033 150208 2415
227033 150208 2415
227033 150208 2415
227033 150208 2415
227033 150208 2415
227033 150208 2415
227033 150208 2415
227033 150208 2415
227033 150208 2415
227033 150208 2415
227033 150208 2415
227033 150208 2415
227033 150208 2415
169456 193910 2416
169456 193910 2416
169456 193910 2416
169456 193910 2416
169456 193910 2416
169456 193910 2416
169456 193910 2416
169456 193910 2416
169456 193910 2416
169456 193910 2416
169456 193910 2416
169456 193910 2416
190920 175938 2417
190920 175938 2417
190920 175938 2417
190920 175938 2417
190920 175938 2417
190920 175938 2417
190920 175938 2417
190920 175938 2417
190920 175938 2417
190920 175938 2417
190920 175938 2417
190920 175938 2417
227267 242378 2417
227267 242378 2417
227267 242378 2417
227267 242378 2417
227267 242378 2417
227267 242378 2417
227267 242378 2417
227267 242378 2417
227267 242378 2417
227267 242378 2417
227267 242378 2417
227267 242378 2417
242322 190915 2419
242322 190915 2419
242322 190915 2419
242322 190915 2419
242322 190915 2419
242322 190915 2419
242322 190915 2419
242322 190915 2419
242322 190915 2419
242322 190915 2419
242322 190915 2419
242322 190915 2419
247021 284206 2425
247021 284206 2425
247021 284206 2425
247021 284206 2425
247021 284206 2425
247021 284206 2425
247021 284206 2425
247021 284206 2425
247021 284206 2425
247021 284206 2425
247021 284206 2425
247021 284206 2425
194454 237886 2426
194454 237886 2426
194454 237886 2426
194454 237886 2426
194454 237886 2426
194454 237886 2426
194454 237886 2426
194454 237886 2426
194454 237886 2426
194454 237886 2426
194454 237886 2426
194454 237886 2426
227843 227731 2426
227843 227731 2426
227843 227731 2426
227843 227731 2426
227843 227731 2426
227843 227731 2426
227843 227731 2426
227843 227731 2426
227843 227731 2426
227843 227731 2426
227843 227731 2426
227843 227731 2426
227843 227731 2426
227731 238637 2428
227731 238637 2428
227731 238637 2428
227731 238637 2428
227731 238637 2428
227731 238637 2428
227731 238637 2428
227731 238637 2428
227731 238637 2428
227731 238637 2428
227731 238637 2428
227731 238637 2428
227731 238637 2428
187722 237886 2430
187722 237886 2430
187722 237886 2430
187722 237886 2430
187722 237886 2430
187722 237886 2430
187722 237886 2430
187722 237886 2430
187722 237886 2430
187722 237886 2430
187722 237886 2430
187722 237886 2430
187722 237886 2430
266462 151466 2432
266462 151466 2432
266462 151466 2432
266462 151466 2432
266462 151466 2432
266462 151466 2432
266462 151466 2432
266462 151466 2432
266462 151466 2432
266462 151466 2432
266462 151466 2432
266462 151466 2432
206099 245978 2433
206099 245978 2433
206099 245978 2433
206099 245978 2433
206099 245978 2433
206099 245978 2433
206099 245978 2433
206099 245978 2433
206099 245978 2433
206099 245978 2433
206099 245978 2433
206099 245978 2433
208879 203454 2436
208879 203454 2436
208879 203454 2436
208879 203454 2436
208879 203454 2436
208879 203454 2436
208879 203454 2436
208879 203454 2436
208879 203454 2436
208879 203454 2436
208879 203454 2436
208879 203454 2436
236554 235013 2438
236554 235013 2438
236554 235013 2438
236554 235013 2438
236554 235013 2438
236554 235013 2438
236554 235013 2438
236554 235013 2438
236554 235013 2438
236554 235013 2438
236554 235013 2438
236554 235013 2438
236179 235134 2440
236179 235134 2440
236179 235134 2440
236179 235134 2440
236179 235134 2440
236179 235134 2440
236179 235134 2440
236179 235134 2440
236179 235134 2440
236179 235134 2440
236179 235134 2440
236179 235134 2440
173921 190899 2441
173921 190899 2441
173921 190899 2441
173921 190899 2441
173921 190899 2441
173921 190899 2441
173921 190899 2441
173921 190899 2441
173921 190899 2441
173921 190899 2441
173921 190899 2441
173921 190899 2441
173921 187723 2441
173921 187723 2441
173921 187723 2441
173921 187723 2441
173921 187723 2441
173921 187723 2441
173921 187723 2441
173921 187723 2441
173921 187723 2441
173921 187723 2441
173921 187723 2441
173921 187723 2441
238543 209191 2442
238543 209191 2442
238543 209191 2442
238543 209191 2442
238543 209191 2442
238543 209191 2442
238543 209191 2442
238543 209191 2442
238543 209191 2442
238543 209191 2442
238543 209191 2442
238543 209191 2442
238543 209191 2442
236474 285459 2444
236474 285459 2444
236474 285459 2444
236474 285459 2444
236474 285459 2444
236474 285459 2444
236474 285459 2444
236474 285459 2444
236474 285459 2444
236474 285459 2444
236474 285459 2444
236474 285459 2444
236105 236178 2444
236105 236178 2444
236105 236178 2444
236105 236178 2444
236105 236178 2444
236105 236178 2444
236105 236178 2444
236105 236178 2444
236105 236178 2444
236105 236178 2444
236105 236178 2444
236105 236178 2444
226971 252665 2445
226971 252665 2445
226971 252665 2445
226971 252665 2445
226971 252665 2445
226971 252665 2445
226971 252665 2445
226971 252665 2445
226971 252665 2445
226971 252665 2445
226971 252665 2445
226971 252665 2445
226971 252665 2445
173873 208308 2446
173873 208308 2446
173873 208308 2446
173873 208308 2446
173873 208308 2446
173873 208308 2446
173873 208308 2446
173873 208308 2446
173873 208308 2446
173873 208308 2446
173873 208308 2446
173873 208308 2446
173873 208308 2446
291561 193117 2448
291561 193117 2448
291561 193117 2448
291561 193117 2448
291561 193117 2448
291561 193117 2448
291561 193117 2448
291561 193117 2448
291561 193117 2448
291561 193117 2448
291561 193117 2448
291561 193117 2448
225626 203454 2449
225626 203454 2449
225626 203454 2449
225626 203454 2449
225626 203454 2449
225626 203454 2449
225626 203454 2449
225626 203454 2449
225626 203454 2449
225626 203454 2449
225626 203454 2449
225626 203454 2449
250593 256643 2451
250593 256643 2451
250593 256643 2451
250593 256643 2451
250593 256643 2451
250593 256643 2451
250593 256643 2451
250593 256643 2451
250593 256643 2451
250593 256643 2451
250593 256643 2451
250593 256643 2451
250593 256643 2451
236858 236474 2456
236858 236474 2456
236858 236474 2456
236858 236474 2456
236858 236474 2456
236858 236474 2456
236858 236474 2456
236858 236474 2456
236858 236474 2456
236858 236474 2456
236858 236474 2456
236858 236474 2456
236858 236474 2456
230956 243556 2461
230956 243556 2461
230956 243556 2461
230956 243556 2461
230956 243556 2461
230956 243556 2461
230956 243556 2461
230956 243556 2461
230956 243556 2461
230956 243556 2461
230956 243556 2461
230956 243556 2461
230956 243556 2461
185762 245978 2462
185762 245978 2462
185762 245978 2462
185762 245978 2462
185762 245978 2462
185762 245978 2462
185762 245978 2462
185762 245978 2462
185762 245978 2462
185762 245978 2462
185762 245978 2462
185762 245978 2462
245978 265591 2464
245978 265591 2464
245978 265591 2464
245978 265591 2464
245978 265591 2464
245978 265591 2464
245978 265591 2464
245978 265591 2464
245978 265591 2464
245978 265591 2464
245978 265591 2464
245978 265591 2464
245978 265591 2464
285214 237990 2465
285214 237990 2465
285214 237990 2465
285214 237990 2465
285214 237990 2465
285214 237990 2465
285214 237990 2465
285214 237990 2465
285214 237990 2465
285214 237990 2465
285214 237990 2465
285214 237990 2465
285476 237990 2467
285476 237990 2467
285476 237990 2467
285476 237990 2467
285476 237990 2467
285476 237990 2467
285476 237990 2467
285476 237990 2467
285476 237990 2467
285476 237990 2467
285476 237990 2467
285476 237990 2467
190997 193609 2468
190997 193609 2468
190997 193609 2468
190997 193609 2468
190997 193609 2468
190997 193609 2468
190997 193609 2468
190997 193609 2468
190997 193609 2468
190997 193609 2468
190997 193609 2468
190997 193609 2468
190997 193609 2468
236470 227253 2468
236470 227253 2468
236470 227253 2468
236470 227253 2468
236470 227253 2468
236470 227253 2468
236470 227253 2468
236470 227253 2468
236470 227253 2468
236470 227253 2468
236470 227253 2468
236470 227253 2468
236470 227253 2468
230705 226968 2468
230705 226968 2468
230705 226968 2468
230705 226968 2468
230705 226968 2468
230705 226968 2468
230705 226968 2468
230705 226968 2468
230705 226968 2468
230705 226968 2468
230705 226968 2468
230705 226968 2468
230705 226968 2468
190372 239263 2469
190372 239263 2469
190372 239263 2469
190372 239263 2469
190372 239263 2469
190372 239263 2469
190372 239263 2469
190372 239263 2469
190372 239263 2469
190372 239263 2469
190372 239263 2469
190372 239263 2469
201672 10590 2469
201672 10590 2469
201672 10590 2469
201672 10590 2469
201672 10590 2469
201672 10590 2469
201672 10590 2469
201672 10590 2469
201672 10590 2469
201672 10590 2469
201672 10590 2469
201672 10590 2469
188440 237848 2471
188440 237848 2471
188440 237848 2471
188440 237848 2471
188440 237848 2471
188440 237848 2471
188440 237848 2471
188440 237848 2471
188440 237848 2471
188440 237848 2471
188440 237848 2471
188440 237848 2471
188440 237848 2471
230210 227267 2473
230210 227267 2473
230210 227267 2473
230210 227267 2473
230210 227267 2473
230210 227267 2473
230210 227267 2473
230210 227267 2473
230210 227267 2473
230210 227267 2473
230210 227267 2473
230210 227267 2473
230210 227267 2473
274607 11107 2476
274607 11107 2476
274607 11107 2476
274607 11107 2476
274607 11107 2476
274607 11107 2476
274607 11107 2476
274607 11107 2476
274607 11107 2476
274607 11107 2476
274607 11107 2476
274607 11107 2476
281466 227020 2476
281466 227020 2476
281466 227020 2476
281466 227020 2476
281466 227020 2476
281466 227020 2476
281466 227020 2476
281466 227020 2476
281466 227020 2476
281466 227020 2476
281466 227020 2476
281466 227020 2476
195045 236094 2478
195045 236094 2478
195045 236094 2478
195045 236094 2478
195045 236094 2478
195045 236094 2478
195045 236094 2478
195045 236094 2478
195045 236094 2478
195045 236094 2478
195045 236094 2478
195045 236094 2478
195045 236094 2478
208315 177285 2480
208315 177285 2480
208315 177285 2480
208315 177285 2480
208315 177285 2480
208315 177285 2480
208315 177285 2480
208315 177285 2480
208315 177285 2480
208315 177285 2480
208315 177285 2480
208315 177285 2480
208315 177285 2480
256628 282511 2480
256628 282511 2480
256628 282511 2480
256628 282511 2480
256628 282511 2480
256628 282511 2480
256628 282511 2480
256628 282511 2480
256628 282511 2480
256628 282511 2480
256628 282511 2480
256628 282511 2480
256628 282511 2480
235674 236857 2480
235674 236857 2480
235674 236857 2480
235674 236857 2480
235674 236857 2480
235674 236857 2480
235674 236857 2480
235674 236857 2480
235674 236857 2480
235674 236857 2480
235674 236857 2480
235674 236857 2480
235674 236857 2480
227855 236857 2480
227855 236857 2480
227855 236857 2480
227855 236857 2480
227855 236857 2480
227855 236857 2480
227855 236857 2480
227855 236857 2480
227855 236857 2480
227855 236857 2480
227855 236857 2480
227855 236857 2480
226242 238631 2483
226242 238631 2483
226242 238631 2483
226242 238631 2483
226242 238631 2483
226242 238631 2483
226242 238631 2483
226242 238631 2483
226242 238631 2483
226242 238631 2483
226242 238631 2483
226242 238631 2483
294553 282516 2484
294553 282516 2484
294553 282516 2484
294553 282516 2484
294553 282516 2484
294553 282516 2484
294553 282516 2484
294553 282516 2484
294553 282516 2484
294553 282516 2484
294553 282516 2484
294553 282516 2484
294553 282516 2484
246041 250537 2486
246041 250537 2486
246041 250537 2486
246041 250537 2486
246041 250537 2486
246041 250537 2486
246041 250537 2486
246041 250537 2486
246041 250537 2486
246041 250537 2486
246041 250537 2486
246041 250537 2486
246041 250537 2486
190765 190993 2487
190765 190993 2487
190765 190993 2487
190765 190993 2487
190765 190993 2487
190765 190993 2487
190765 190993 2487
190765 190993 2487
190765 190993 2487
190765 190993 2487
190765 190993 2487
190765 190993 2487
190765 190993 2487
14725 248380 2487
14725 248380 2487
14725 248380 2487
14725 248380 2487
14725 248380 2487
14725 248380 2487
14725 248380 2487
14725 248380 2487
14725 248380 2487
14725 248380 2487
14725 248380 2487
14725 248380 2487
14725 248380 2487
295112 239235 2489
295112 239235 2489
295112 239235 2489
295112 239235 2489
295112 239235 2489
295112 239235 2489
295112 239235 2489
295112 239235 2489
295112 239235 2489
295112 239235 2489
295112 239235 2489
295112 239235 2489
295112 239235 2489
225662 193058 2490
225662 193058 2490
225662 193058 2490
225662 193058 2490
225662 193058 2490
225662 193058 2490
225662 193058 2490
225662 193058 2490
225662 193058 2490
225662 193058 2490
225662 193058 2490
225662 193058 2490
199361 243615 2492
199361 243615 2492
199361 243615 2492
199361 243615 2492
199361 243615 2492
199361 243615 2492
199361 243615 2492
199361 243615 2492
199361 243615 2492
199361 243615 2492
199361 243615 2492
199361 243615 2492
187722 190741 2492
187722 190741 2492
187722 190741 2492
187722 190741 2492
187722 190741 2492
187722 190741 2492
187722 190741 2492
187722 190741 2492
187722 190741 2492
187722 190741 2492
187722 190741 2492
187722 190741 2492
187722 190741 2492
231228 236105 2500
231228 236105 2500
231228 236105 2500
231228 236105 2500
231228 236105 2500
231228 236105 2500
231228 236105 2500
231228 236105 2500
231228 236105 2500
231228 236105 2500
231228 236105 2500
231228 236105 2500
231228 236105 2500
226939 296678 2500
226939 296678 2500
226939 296678 2500
226939 296678 2500
226939 296678 2500
226939 296678 2500
226939 296678 2500
226939 296678 2500
226939 296678 2500
226939 296678 2500
226939 296678 2500
226939 296678 2500
226939 296678 2500
228466 267870 2500
228466 267870 2500
228466 267870 2500
228466 267870 2500
228466 267870 2500
228466 267870 2500
228466 267870 2500
228466 267870 2500
228466 267870 2500
228466 267870 2500
228466 267870 2500
228466 267870 2500
228466 267870 2500
229827 209191 2502
229827 209191 2502
229827 209191 2502
229827 209191 2502
229827 209191 2502
229827 209191 2502
229827 209191 2502
229827 209191 2502
229827 209191 2502
229827 209191 2502
229827 209191 2502
229827 209191 2502
229827 209191 2502
240938 208315 2505
240938 208315 2505
240938 208315 2505
240938 208315 2505
240938 208315 2505
240938 208315 2505
240938 208315 2505
240938 208315 2505
240938 208315 2505
240938 208315 2505
240938 208315 2505
240938 208315 2505
150216 228152 2510
150216 228152 2510
150216 228152 2510
150216 228152 2510
150216 228152 2510
150216 228152 2510
150216 228152 2510
150216 228152 2510
150216 228152 2510
150216 228152 2510
150216 228152 2510
150216 228152 2510
150216 228152 2510
9220 292487 2510
9220 292487 2510
9220 292487 2510
9220 292487 2510
9220 292487 2510
9220 292487 2510
9220 292487 2510
9220 292487 2510
9220 292487 2510
9220 292487 2510
9220 292487 2510
9220 292487 2510
233994 226655 2512
233994 226655 2512
233994 226655 2512
233994 226655 2512
233994 226655 2512
233994 226655 2512
233994 226655 2512
233994 226655 2512
233994 226655 2512
233994 226655 2512
233994 226655 2512
233994 226655 2512
228458 226655 2512
228458 226655 2512
228458 226655 2512
228458 226655 2512
228458 226655 2512
228458 226655 2512
228458 226655 2512
228458 226655 2512
228458 226655 2512
228458 226655 2512
228458 226655 2512
228458 226655 2512
228458 226655 2512
227540 228201 2522
227540 228201 2522
227540 228201 2522
227540 228201 2522
227540 228201 2522
227540 228201 2522
227540 228201 2522
227540 228201 2522
227540 228201 2522
227540 228201 2522
227540 228201 2522
227540 228201 2522
243704 227541 2525
243704 227541 2525
243704 227541 2525
243704 227541 2525
243704 227541 2525
243704 227541 2525
243704 227541 2525
243704 227541 2525
243704 227541 2525
243704 227541 2525
243704 227541 2525
243704 227541 2525
243704 227541 2525
235799 296137 2525
235799 296137 2525
235799 296137 2525
235799 296137 2525
235799 296137 2525
235799 296137 2525
235799 296137 2525
235799 296137 2525
235799 296137 2525
235799 296137 2525
235799 296137 2525
235799 296137 2525
235799 296137 2525
282907 227020 2532
282907 227020 2532
282907 227020 2532
282907 227020 2532
282907 227020 2532
282907 227020 2532
282907 227020 2532
282907 227020 2532
282907 227020 2532
282907 227020 2532
282907 227020 2532
282907 227020 2532
282907 227020 2532
184793 176517 2537
184793 176517 2537
184793 176517 2537
184793 176517 2537
184793 176517 2537
184793 176517 2537
184793 176517 2537
184793 176517 2537
184793 176517 2537
184793 176517 2537
184793 176517 2537
184793 176517 2537
230398 155156 2538
230398 155156 2538
230398 155156 2538
230398 155156 2538
230398 155156 2538
230398 155156 2538
230398 155156 2538
230398 155156 2538
230398 155156 2538
230398 155156 2538
230398 155156 2538
230398 155156 2538
232214 230956 2541
232214 230956 2541
232214 230956 2541
232214 230956 2541
232214 230956 2541
232214 230956 2541
232214 230956 2541
232214 230956 2541
232214 230956 2541
232214 230956 2541
232214 230956 2541
232214 230956 2541
232214 230956 2541
230067 235685 2545
230067 235685 2545
230067 235685 2545
230067 235685 2545
230067 235685 2545
230067 235685 2545
230067 235685 2545
230067 235685 2545
230067 235685 2545
230067 235685 2545
230067 235685 2545
230067 235685 2545
227532 226441 2551
227532 226441 2551
227532 226441 2551
227532 226441 2551
227532 226441 2551
227532 226441 2551
227532 226441 2551
227532 226441 2551
227532 226441 2551
227532 226441 2551
227532 226441 2551
227532 226441 2551
256648 289731 2552
256648 289731 2552
256648 289731 2552
256648 289731 2552
256648 289731 2552
256648 289731 2552
256648 289731 2552
256648 289731 2552
256648 289731 2552
256648 289731 2552
256648 289731 2552
256648 289731 2552
256648 289731 2552
294268 227063 2553
294268 227063 2553
294268 227063 2553
294268 227063 2553
294268 227063 2553
294268 227063 2553
294268 227063 2553
294268 227063 2553
294268 227063 2553
294268 227063 2553
294268 227063 2553
294268 227063 2553
4138 193058 2554
4138 193058 2554
4138 193058 2554
4138 193058 2554
4138 193058 2554
4138 193058 2554
4138 193058 2554
4138 193058 2554
4138 193058 2554
4138 193058 2554
4138 193058 2554
4138 193058 2554
4138 193058 2554
296525 151137 2556
296525 151137 2556
296525 151137 2556
296525 151137 2556
296525 151137 2556
296525 151137 2556
296525 151137 2556
296525 151137 2556
296525 151137 2556
296525 151137 2556
296525 151137 2556
296525 151137 2556
242322 233636 2571
242322 233636 2571
242322 233636 2571
242322 233636 2571
242322 233636 2571
242322 233636 2571
242322 233636 2571
242322 233636 2571
242322 233636 2571
242322 233636 2571
242322 233636 2571
242322 233636 2571
242322 233636 2571
233636 236838 2573
233636 236838 2573
233636 236838 2573
233636 236838 2573
233636 236838 2573
233636 236838 2573
233636 236838 2573
233636 236838 2573
233636 236838 2573
233636 236838 2573
233636 236838 2573
233636 236838 2573
196761 177252 2573
196761 177252 2573
196761 177252 2573
196761 177252 2573
196761 177252 2573
196761 177252 2573
196761 177252 2573
196761 177252 2573
196761 177252 2573
196761 177252 2573
196761 177252 2573
196761 177252 2573
196761 177252 2573
292432 243760 2573
292432 243760 2573
292432 243760 2573
292432 243760 2573
292432 243760 2573
292432 243760 2573
292432 243760 2573
292432 243760 2573
292432 243760 2573
292432 243760 2573
292432 243760 2573
292432 243760 2573
292432 243760 2573
285273 237873 2575
285273 237873 2575
285273 237873 2575
285273 237873 2575
285273 237873 2575
285273 237873 2575
285273 237873 2575
285273 237873 2575
285273 237873 2575
285273 237873 2575
285273 237873 2575
285273 237873 2575
285273 237873 2575
235935 235688 2580
235935 235688 2580
235935 235688 2580
235935 235688 2580
235935 235688 2580
235935 235688 2580
235935 235688 2580
235935 235688 2580
235935 235688 2580
235935 235688 2580
235935 235688 2580
235935 235688 2580
235935 235688 2580
290211 237873 2581
290211 237873 2581
290211 237873 2581
290211 237873 2581
290211 237873 2581
290211 237873 2581
290211 237873 2581
290211 237873 2581
290211 237873 2581
290211 237873 2581
290211 237873 2581
290211 237873 2581
293925 248348 2581
293925 248348 2581
293925 248348 2581
293925 248348 2581
293925 248348 2581
293925 248348 2581
293925 248348 2581
293925 248348 2581
293925 248348 2581
293925 248348 2581
293925 248348 2581
293925 248348 2581
250586 285169 2581
250586 285169 2581
250586 285169 2581
250586 285169 2581
250586 285169 2581
250586 285169 2581
250586 285169 2581
250586 285169 2581
250586 285169 2581
250586 285169 2581
250586 285169 2581
250586 285169 2581
250586 285169 2581
230159 228466 2584
230159 228466 2584
230159 228466 2584
230159 228466 2584
230159 228466 2584
230159 228466 2584
230159 228466 2584
230159 228466 2584
230159 228466 2584
230159 228466 2584
230159 228466 2584
230159 228466 2584
230159 228466 2584
239248 227215 2585
239248 227215 2585
239248 227215 2585
239248 227215 2585
239248 227215 2585
239248 227215 2585
239248 227215 2585
239248 227215 2585
239248 227215 2585
239248 227215 2585
239248 227215 2585
239248 227215 2585
239248 227215 2585
239001 194337 2589
239001 194337 2589
239001 194337 2589
239001 194337 2589
239001 194337 2589
239001 194337 2589
239001 194337 2589
239001 194337 2589
239001 194337 2589
239001 194337 2589
239001 194337 2589
239001 194337 2589
239001 194337 2589
243709 237090 2591
243709 237090 2591
243709 237090 2591
243709 237090 2591
243709 237090 2591
243709 237090 2591
243709 237090 2591
243709 237090 2591
243709 237090 2591
243709 237090 2591
243709 237090 2591
243709 237090 2591
231245 240952 2596
231245 240952 2596
231245 240952 2596
231245 240952 2596
231245 240952 2596
231245 240952 2596
231245 240952 2596
231245 240952 2596
231245 240952 2596
231245 240952 2596
231245 240952 2596
231245 240952 2596
175982 206164 2605
175982 206164 2605
175982 206164 2605
175982 206164 2605
175982 206164 2605
175982 206164 2605
175982 206164 2605
175982 206164 2605
175982 206164 2605
175982 206164 2605
175982 206164 2605
175982 206164 2605
175982 206164 2605
242072 209652 2610
242072 209652 2610
242072 209652 2610
242072 209652 2610
242072 209652 2610
242072 209652 2610
242072 209652 2610
242072 209652 2610
242072 209652 2610
242072 209652 2610
242072 209652 2610
242072 209652 2610
246989 245932 2616
246989 245932 2616
246989 245932 2616
246989 245932 2616
246989 245932 2616
246989 245932 2616
246989 245932 2616
246989 245932 2616
246989 245932 2616
246989 245932 2616
246989 245932 2616
246989 245932 2616
284638 256628 2616
284638 256628 2616
284638 256628 2616
284638 256628 2616
284638 256628 2616
284638 256628 2616
284638 256628 2616
284638 256628 2616
284638 256628 2616
284638 256628 2616
284638 256628 2616
284638 256628 2616
245949 208155 2625
245949 208155 2625
245949 208155 2625
245949 208155 2625
245949 208155 2625
245949 208155 2625
245949 208155 2625
245949 208155 2625
245949 208155 2625
245949 208155 2625
245949 208155 2625
245949 208155 2625
193616 195018 2635
193616 195018 2635
193616 195018 2635
193616 195018 2635
193616 195018 2635
193616 195018 2635
193616 195018 2635
193616 195018 2635
193616 195018 2635
193616 195018 2635
193616 195018 2635
193616 195018 2635
287856 9639 2647
287856 9639 2647
287856 9639 2647
287856 9639 2647
287856 9639 2647
287856 9639 2647
287856 9639 2647
287856 9639 2647
287856 9639 2647
287856 9639 2647
287856 9639 2647
287856 9639 2647
287856 9639 2647
285273 291226 2678
285273 291226 2678
285273 291226 2678
285273 291226 2678
285273 291226 2678
285273 291226 2678
285273 291226 2678
285273 291226 2678
285273 291226 2678
285273 291226 2678
285273 291226 2678
285273 291226 2678
190762 191032 2684
190762 191032 2684
190762 191032 2684
190762 191032 2684
190762 191032 2684
190762 191032 2684
190762 191032 2684
190762 191032 2684
190762 191032 2684
190762 191032 2684
190762 191032 2684
190762 191032 2684
289541 288656 2700
289541 288656 2700
289541 288656 2700
289541 288656 2700
289541 288656 2700
289541 288656 2700
289541 288656 2700
289541 288656 2700
289541 288656 2700
289541 288656 2700
289541 288656 2700
289541 288656 2700
289541 288656 2700
266462 288656 2712
266462 288656 2712
266462 288656 2712
266462 288656 2712
266462 288656 2712
266462 288656 2712
266462 288656 2712
266462 288656 2712
266462 288656 2712
266462 288656 2712
266462 288656 2712
266462 288656 2712
266462 288656 2712
238423 232959 2715
238423 232959 2715
238423 232959 2715
238423 232959 2715
238423 232959 2715
238423 232959 2715
238423 232959 2715
238423 232959 2715
238423 232959 2715
238423 232959 2715
238423 232959 2715
238423 232959 2715
238423 232959 2715
9639 231235 2734
9639 231235 2734
9639 231235 2734
9639 231235 2734
9639 231235 2734
9639 231235 2734
9639 231235 2734
9639 231235 2734
9639 231235 2734
9639 231235 2734
9639 231235 2734
9639 231235 2734
9639 231235 2734
235935 11048 2744
235935 11048 2744
235935 11048 2744
235935 11048 2744
235935 11048 2744
235935 11048 2744
235935 11048 2744
235935 11048 2744
235935 11048 2744
235935 11048 2744
235935 11048 2744
235935 11048 2744
235935 11048 2744
232372 230681 2757
232372 230681 2757
232372 230681 2757
232372 230681 2757
232372 230681 2757
232372 230681 2757
232372 230681 2757
232372 230681 2757
232372 230681 2757
232372 230681 2757
232372 230681 2757
232372 230681 2757
232372 230681 2757
234245 236083 2757
234245 236083 2757
234245 236083 2757
234245 236083 2757
234245 236083 2757
234245 236083 2757
234245 236083 2757
234245 236083 2757
234245 236083 2757
234245 236083 2757
234245 236083 2757
234245 236083 2757
234245 236083 2757
235860 252698 2793
235860 252698 2793
235860 252698 2793
235860 252698 2793
235860 252698 2793
235860 252698 2793
235860 252698 2793
235860 252698 2793
235860 252698 2793
235860 252698 2793
235860 252698 2793
235860 252698 2793
201672 241943 2842
201672 241943 2842
201672 241943 2842
201672 241943 2842
201672 241943 2842
201672 241943 2842
201672 241943 2842
201672 241943 2842
201672 241943 2842
201672 241943 2842
201672 241943 2842
201672 241943 2842
201672 241943 2842
240692 236157 2846
240692 236157 2846
240692 236157 2846
240692 236157 2846
240692 236157 2846
240692 236157 2846
240692 236157 2846
240692 236157 2846
240692 236157 2846
240692 236157 2846
240692 236157 2846
240692 236157 2846
293343 228142 2847
293343 228142 2847
293343 228142 2847
293343 228142 2847
293343 228142 2847
293343 228142 2847
293343 228142 2847
293343 228142 2847
293343 228142 2847
293343 228142 2847
293343 228142 2847
293343 228142 2847
293343 228142 2847
293343 228142 2847
293343 228142 2847
293343 228142 2847
293343 228142 2847
293343 228142 2847
293343 228142 2847
293343 228142 2847
293343 228142 2847
293343 228142 2847
293343 228142 2847
293343 228142 2847
293343 228142 2847
293343 228142 2847
235683 232030 2850
235683 232030 2850
235683 232030 2850
235683 232030 2850
235683 232030 2850
235683 232030 2850
235683 232030 2850
235683 232030 2850
235683 232030 2850
235683 232030 2850
235683 232030 2850
235683 232030 2850
235683 232030 2850
285169 248417 2855
285169 248417 2855
285169 248417 2855
285169 248417 2855
285169 248417 2855
285169 248417 2855
285169 248417 2855
285169 248417 2855
285169 248417 2855
285169 248417 2855
285169 248417 2855
285169 248417 2855
285169 248417 2855
229825 227556 2865
229825 227556 2865
229825 227556 2865
229825 227556 2865
229825 227556 2865
229825 227556 2865
229825 227556 2865
229825 227556 2865
229825 227556 2865
229825 227556 2865
229825 227556 2865
229825 227556 2865
229825 227556 2865
295364 227723 2866
295364 227723 2866
295364 227723 2866
295364 227723 2866
295364 227723 2866
295364 227723 2866
295364 227723 2866
295364 227723 2866
295364 227723 2866
295364 227723 2866
295364 227723 2866
295364 227723 2866
204228 239001 2877
204228 239001 2877
204228 239001 2877
204228 239001 2877
204228 239001 2877
204228 239001 2877
204228 239001 2877
204228 239001 2877
204228 239001 2877
204228 239001 2877
204228 239001 2877
204228 239001 2877
204228 239001 2877
228471 232707 2881
228471 232707 2881
228471 232707 2881
228471 232707 2881
228471 232707 2881
228471 232707 2881
228471 232707 2881
228471 232707 2881
228471 232707 2881
228471 232707 2881
228471 232707 2881
228471 232707 2881
228471 232707 2881
227532 225646 2883
227532 225646 2883
227532 225646 2883
227532 225646 2883
227532 225646 2883
227532 225646 2883
227532 225646 2883
227532 225646 2883
227532 225646 2883
227532 225646 2883
227532 225646 2883
227532 225646 2883
227532 225646 2883
236155 236024 2887
236155 236024 2887
236155 236024 2887
236155 236024 2887
236155 236024 2887
236155 236024 2887
236155 236024 2887
236155 236024 2887
236155 236024 2887
236155 236024 2887
236155 236024 2887
236155 236024 2887
236155 236024 2887
227846 187711 2888
227846 187711 2888
227846 187711 2888
227846 187711 2888
227846 187711 2888
227846 187711 2888
227846 187711 2888
227846 187711 2888
227846 187711 2888
227846 187711 2888
227846 187711 2888
227846 187711 2888
227846 187711 2888
178305 245978 2890
178305 245978 2890
178305 245978 2890
178305 245978 2890
178305 245978 2890
178305 245978 2890
178305 245978 2890
178305 245978 2890
178305 245978 2890
178305 245978 2890
178305 245978 2890
178305 245978 2890
245899 4570 2896
245899 4570 2896
245899 4570 2896
245899 4570 2896
245899 4570 2896
245899 4570 2896
245899 4570 2896
245899 4570 2896
245899 4570 2896
245899 4570 2896
245899 4570 2896
245899 4570 2896
245899 4570 2896
285169 296003 2898
285169 296003 2898
285169 296003 2898
285169 296003 2898
285169 296003 2898
285169 296003 2898
285169 296003 2898
285169 296003 2898
285169 296003 2898
285169 296003 2898
285169 296003 2898
285169 296003 2898
285169 296003 2898
296003 245976 2900
296003 245976 2900
296003 245976 2900
296003 245976 2900
296003 245976 2900
296003 245976 2900
296003 245976 2900
296003 245976 2900
296003 245976 2900
296003 245976 2900
296003 245976 2900
296003 245976 2900
228707 230957 2902
228707 230957 2902
228707 230957 2902
228707 230957 2902
228707 230957 2902
228707 230957 2902
228707 230957 2902
228707 230957 2902
228707 230957 2902
228707 230957 2902
228707 230957 2902
228707 230957 2902
240909 233327 2904
240909 233327 2904
240909 233327 2904
240909 233327 2904
240909 233327 2904
240909 233327 2904
240909 233327 2904
240909 233327 2904
240909 233327 2904
240909 233327 2904
240909 233327 2904
240909 233327 2904
296015 250672 2905
296015 250672 2905
296015 250672 2905
296015 250672 2905
296015 250672 2905
296015 250672 2905
296015 250672 2905
296015 250672 2905
296015 250672 2905
296015 250672 2905
296015 250672 2905
296015 250672 2905
246303 250536 2906
246303 250536 2906
246303 250536 2906
246303 250536 2906
246303 250536 2906
246303 250536 2906
246303 250536 2906
246303 250536 2906
246303 250536 2906
246303 250536 2906
246303 250536 2906
246303 250536 2906
246303 250536 2906
239754 235013 2907
239754 235013 2907
239754 235013 2907
239754 235013 2907
239754 235013 2907
239754 235013 2907
239754 235013 2907
239754 235013 2907
239754 235013 2907
239754 235013 2907
239754 235013 2907
239754 235013 2907
239754 235013 2907
296023 236833 2907
296023 236833 2907
296023 236833 2907
296023 236833 2907
296023 236833 2907
296023 236833 2907
296023 236833 2907
296023 236833 2907
296023 236833 2907
296023 236833 2907
296023 236833 2907
296023 236833 2907
290601 285455 2909
290601 285455 2909
290601 285455 2909
290601 285455 2909
290601 285455 2909
290601 285455 2909
290601 285455 2909
290601 285455 2909
290601 285455 2909
290601 285455 2909
290601 285455 2909
290601 285455 2909
290601 285455 2909
175956 296129 2910
175956 296129 2910
175956 296129 2910
175956 296129 2910
175956 296129 2910
175956 296129 2910
175956 296129 2910
175956 296129 2910
175956 296129 2910
175956 296129 2910
175956 296129 2910
175956 296129 2910
175956 296129 2910
175956 296129 2912
175956 296129 2912
175956 296129 2912
175956 296129 2912
175956 296129 2912
175956 296129 2912
175956 296129 2912
175956 296129 2912
175956 296129 2912
175956 296129 2912
175956 296129 2912
175956 296129 2912
245999 265579 2914
245999 265579 2914
245999 265579 2914
245999 265579 2914
245999 265579 2914
245999 265579 2914
245999 265579 2914
245999 265579 2914
245999 265579 2914
245999 265579 2914
245999 265579 2914
245999 265579 2914
245999 265579 2914
4570 203445 2916
4570 203445 2916
4570 203445 2916
4570 203445 2916
4570 203445 2916
4570 203445 2916
4570 203445 2916
4570 203445 2916
4570 203445 2916
4570 203445 2916
4570 203445 2916
4570 203445 2916
227823 292810 2917
227823 292810 2917
227823 292810 2917
227823 292810 2917
227823 292810 2917
227823 292810 2917
227823 292810 2917
227823 292810 2917
227823 292810 2917
227823 292810 2917
227823 292810 2917
227823 292810 2917
227823 292810 2917
231864 232707 2923
231864 232707 2923
231864 232707 2923
231864 232707 2923
231864 232707 2923
231864 232707 2923
231864 232707 2923
231864 232707 2923
231864 232707 2923
231864 232707 2923
231864 232707 2923
231864 232707 2923
231864 232707 2923
284631 256663 2929
284631 256663 2929
284631 256663 2929
284631 256663 2929
284631 256663 2929
284631 256663 2929
284631 256663 2929
284631 256663 2929
284631 256663 2929
284631 256663 2929
284631 256663 2929
284631 256663 2929
284631 256663 2929
194553 190887 2933
194553 190887 2933
194553 190887 2933
194553 190887 2933
194553 190887 2933
194553 190887 2933
194553 190887 2933
194553 190887 2933
194553 190887 2933
194553 190887 2933
194553 190887 2933
194553 190887 2933
194553 190887 2933
14490 237873 2935
14490 237873 2935
14490 237873 2935
14490 237873 2935
14490 237873 2935
14490 237873 2935
14490 237873 2935
14490 237873 2935
14490 237873 2935
14490 237873 2935
14490 237873 2935
14490 237873 2935
236067 243803 2939
236067 243803 2939
236067 243803 2939
236067 243803 2939
236067 243803 2939
236067 243803 2939
236067 243803 2939
236067 243803 2939
236067 243803 2939
236067 243803 2939
236067 243803 2939
236067 243803 2939
236067 243803 2939
190822 188294 2943
190822 188294 2943
190822 188294 2943
190822 188294 2943
190822 188294 2943
190822 188294 2943
190822 188294 2943
190822 188294 2943
190822 188294 2943
190822 188294 2943
190822 188294 2943
190822 188294 2943
227037 235658 2946
227037 235658 2946
227037 235658 2946
227037 235658 2946
227037 235658 2946
227037 235658 2946
227037 235658 2946
227037 235658 2946
227037 235658 2946
227037 235658 2946
227037 235658 2946
227037 235658 2946
227037 235658 2946
238720 252007 2947
238720 252007 2947
238720 252007 2947
238720 252007 2947
238720 252007 2947
238720 252007 2947
238720 252007 2947
238720 252007 2947
238720 252007 2947
238720 252007 2947
238720 252007 2947
238720 252007 2947
238720 252007 2947
236598 236150 2947
236598 236150 2947
236598 236150 2947
236598 236150 2947
236598 236150 2947
236598 236150 2947
236598 236150 2947
236598 236150 2947
236598 236150 2947
236598 236150 2947
236598 236150 2947
236598 236150 2947
236598 236150 2947
287862 289745 2949
287862 289745 2949
287862 289745 2949
287862 289745 2949
287862 289745 2949
287862 289745 2949
287862 289745 2949
287862 289745 2949
287862 289745 2949
287862 289745 2949
287862 289745 2949
287862 289745 2949
236400 242491 2949
236400 242491 2949
236400 242491 2949
236400 242491 2949
236400 242491 2949
236400 242491 2949
236400 242491 2949
236400 242491 2949
236400 242491 2949
236400 242491 2949
236400 242491 2949
236400 242491 2949
236400 242491 2949
237843 243947 2950
237843 243947 2950
237843 243947 2950
237843 243947 2950
237843 243947 2950
237843 243947 2950
237843 243947 2950
237843 243947 2950
237843 243947 2950
237843 243947 2950
237843 243947 2950
237843 243947 2950
237843 243947 2950
246069 265637 2951
246069 265637 2951
246069 265637 2951
246069 265637 2951
246069 265637 2951
246069 265637 2951
246069 265637 2951
246069 265637 2951
246069 265637 2951
246069 265637 2951
246069 265637 2951
246069 265637 2951
239844 237660 2956
239844 237660 2956
239844 237660 2956
239844 237660 2956
239844 237660 2956
239844 237660 2956
239844 237660 2956
239844 237660 2956
239844 237660 2956
239844 237660 2956
239844 237660 2956
239844 237660 2956
239844 237660 2956
190816 225957 2962
190816 225957 2962
190816 225957 2962
190816 225957 2962
190816 225957 2962
190816 225957 2962
190816 225957 2962
190816 225957 2962
190816 225957 2962
190816 225957 2962
190816 225957 2962
190816 225957 2962
190816 225957 2962
193096 237906 2962
193096 237906 2962
193096 237906 2962
193096 237906 2962
193096 237906 2962
193096 237906 2962
193096 237906 2962
193096 237906 2962
193096 237906 2962
193096 237906 2962
193096 237906 2962
193096 237906 2962
193096 237906 2962
178790 229802 2967
178790 229802 2967
178790 229802 2967
178790 229802 2967
178790 229802 2967
178790 229802 2967
178790 229802 2967
178790 229802 2967
178790 229802 2967
178790 229802 2967
178790 229802 2967
178790 229802 2967
178790 229802 2967
228445 243515 2967
228445 243515 2967
228445 243515 2967
228445 243515 2967
228445 243515 2967
228445 243515 2967
228445 243515 2967
228445 243515 2967
228445 243515 2967
228445 243515 2967
228445 243515 2967
228445 243515 2967
242036 227540 2968
242036 227540 2968
242036 227540 2968
242036 227540 2968
242036 227540 2968
242036 227540 2968
242036 227540 2968
242036 227540 2968
242036 227540 2968
242036 227540 2968
242036 227540 2968
242036 227540 2968
186852 4566 2970
186852 4566 2970
186852 4566 2970
186852 4566 2970
186852 4566 2970
186852 4566 2970
186852 4566 2970
186852 4566 2970
186852 4566 2970
186852 4566 2970
186852 4566 2970
186852 4566 2970
186852 4566 2970
241874 195240 2970
241874 195240 2970
241874 195240 2970
241874 195240 2970
241874 195240 2970
241874 195240 2970
241874 195240 2970
241874 195240 2970
241874 195240 2970
241874 195240 2970
241874 195240 2970
241874 195240 2970
226769 151472 2973
226769 151472 2973
226769 151472 2973
226769 151472 2973
226769 151472 2973
226769 151472 2973
226769 151472 2973
226769 151472 2973
226769 151472 2973
226769 151472 2973
226769 151472 2973
226769 151472 2973
226769 151472 2973
285470 237986 2976
285470 237986 2976
285470 237986 2976
285470 237986 2976
285470 237986 2976
285470 237986 2976
285470 237986 2976
285470 237986 2976
285470 237986 2976
285470 237986 2976
285470 237986 2976
285470 237986 2976
292950 296096 2981
292950 296096 2981
292950 296096 2981
292950 296096 2981
292950 296096 2981
292950 296096 2981
292950 296096 2981
292950 296096 2981
292950 296096 2981
292950 296096 2981
292950 296096 2981
292950 296096 2981
160244 195617 2984
160244 195617 2984
160244 195617 2984
160244 195617 2984
160244 195617 2984
160244 195617 2984
160244 195617 2984
160244 195617 2984
160244 195617 2984
160244 195617 2984
160244 195617 2984
160244 195617 2984
160244 195617 2984
219560 174945 2988
219560 174945 2988
219560 174945 2988
219560 174945 2988
219560 174945 2988
219560 174945 2988
219560 174945 2988
219560 174945 2988
219560 174945 2988
219560 174945 2988
219560 174945 2988
219560 174945 2988
219560 174945 2988
184803 184795 2988
184803 184795 2988
184803 184795 2988
184803 184795 2988
184803 184795 2988
184803 184795 2988
184803 184795 2988
184803 184795 2988
184803 184795 2988
184803 184795 2988
184803 184795 2988
184803 184795 2988
296077 240616 2990
296077 240616 2990
296077 240616 2990
296077 240616 2990
296077 240616 2990
296077 240616 2990
296077 240616 2990
296077 240616 2990
296077 240616 2990
296077 240616 2990
296077 240616 2990
296077 240616 2990
153282 174458 2990
153282 174458 2990
153282 174458 2990
153282 174458 2990
153282 174458 2990
153282 174458 2990
153282 174458 2990
153282 174458 2990
153282 174458 2990
153282 174458 2990
153282 174458 2990
153282 174458 2990
227852 193635 2991
227852 193635 2991
227852 193635 2991
227852 193635 2991
227852 193635 2991
227852 193635 2991
227852 193635 2991
227852 193635 2991
227852 193635 2991
227852 193635 2991
227852 193635 2991
227852 193635 2991
238423 239009 2996
238423 239009 2996
238423 239009 2996
238423 239009 2996
238423 239009 2996
238423 239009 2996
238423 239009 2996
238423 239009 2996
238423 239009 2996
238423 239009 2996
238423 239009 2996
238423 239009 2996
4678 239755 2997
4678 239755 2997
4678 239755 2997
4678 239755 2997
4678 239755 2997
4678 239755 2997
4678 239755 2997
4678 239755 2997
4678 239755 2997
4678 239755 2997
4678 239755 2997
4678 239755 2997
242072 246154 2997
242072 246154 2997
242072 246154 2997
242072 246154 2997
242072 246154 2997
242072 246154 2997
242072 246154 2997
242072 246154 2997
242072 246154 2997
242072 246154 2997
242072 246154 2997
242072 246154 2997
242072 246154 2997
239009 208282 2998
239009 208282 2998
239009 208282 2998
239009 208282 2998
239009 208282 2998
239009 208282 2998
239009 208282 2998
239009 208282 2998
239009 208282 2998
239009 208282 2998
239009 208282 2998
239009 208282 2998
239009 208282 2998
265591 248382 3001
265591 248382 3001
265591 248382 3001
265591 248382 3001
265591 248382 3001
265591 248382 3001
265591 248382 3001
265591 248382 3001
265591 248382 3001
265591 248382 3001
265591 248382 3001
265591 248382 3001
265591 248382 3001
251934 231864 3001
251934 231864 3001
251934 231864 3001
251934 231864 3001
251934 231864 3001
251934 231864 3001
251934 231864 3001
251934 231864 3001
251934 231864 3001
251934 231864 3001
251934 231864 3001
251934 231864 3001
251934 231864 3001
242213 241874 3002
242213 241874 3002
242213 241874 3002
242213 241874 3002
242213 241874 3002
242213 241874 3002
242213 241874 3002
242213 241874 3002
242213 241874 3002
242213 241874 3002
242213 241874 3002
242213 241874 3002
292550 285455 3005
292550 285455 3005
292550 285455 3005
292550 285455 3005
292550 285455 3005
292550 285455 3005
292550 285455 3005
292550 285455 3005
292550 285455 3005
292550 285455 3005
292550 285455 3005
292550 285455 3005
228044 227037 3006
228044 227037 3006
228044 227037 3006
228044 227037 3006
228044 227037 3006
228044 227037 3006
228044 227037 3006
228044 227037 3006
228044 227037 3006
228044 227037 3006
228044 227037 3006
228044 227037 3006
228044 227037 3006
233461 233584 3006
233461 233584 3006
233461 233584 3006
233461 233584 3006
233461 233584 3006
233461 233584 3006
233461 233584 3006
233461 233584 3006
233461 233584 3006
233461 233584 3006
233461 233584 3006
233461 233584 3006
227295 243696 3006
227295 243696 3006
227295 243696 3006
227295 243696 3006
227295 243696 3006
227295 243696 3006
227295 243696 3006
227295 243696 3006
227295 243696 3006
227295 243696 3006
227295 243696 3006
227295 243696 3006
227295 243696 3006
237843 195248 3006
237843 195248 3006
237843 195248 3006
237843 195248 3006
237843 195248 3006
237843 195248 3006
237843 195248 3006
237843 195248 3006
237843 195248 3006
237843 195248 3006
237843 195248 3006
237843 195248 3006
231245 236400 3008
231245 236400 3008
231245 236400 3008
231245 236400 3008
231245 236400 3008
231245 236400 3008
231245 236400 3008
231245 236400 3008
231245 236400 3008
231245 236400 3008
231245 236400 3008
231245 236400 3008
231245 236400 3008
227098 267934 3009
227098 267934 3009
227098 267934 3009
227098 267934 3009
227098 267934 3009
227098 267934 3009
227098 267934 3009
227098 267934 3009
227098 267934 3009
227098 267934 3009
227098 267934 3009
227098 267934 3009
236400 226247 3010
236400 226247 3010
236400 226247 3010
236400 226247 3010
236400 226247 3010
236400 226247 3010
236400 226247 3010
236400 226247 3010
236400 226247 3010
236400 226247 3010
236400 226247 3010
236400 226247 3010
227857 294567 3010
227857 294567 3010
227857 294567 3010
227857 294567 3010
227857 294567 3010
227857 294567 3010
227857 294567 3010
227857 294567 3010
227857 294567 3010
227857 294567 3010
227857 294567 3010
227857 294567 3010
226580 294567 3010
226580 294567 3010
226580 294567 3010
226580 294567 3010
226580 294567 3010
226580 294567 3010
226580 294567 3010
226580 294567 3010
226580 294567 3010
226580 294567 3010
226580 294567 3010
226580 294567 3010
235080 225614 3012
235080 225614 3012
235080 225614 3012
235080 225614 3012
235080 225614 3012
235080 225614 3012
235080 225614 3012
235080 225614 3012
235080 225614 3012
235080 225614 3012
235080 225614 3012
235080 225614 3012
235080 225614 3012
191594 190992 3013
191594 190992 3013
191594 190992 3013
191594 190992 3013
191594 190992 3013
191594 190992 3013
191594 190992 3013
191594 190992 3013
191594 190992 3013
191594 190992 3013
191594 190992 3013
191594 190992 3013
191594 190992 3013
246058 290211 3014
246058 290211 3014
246058 290211 3014
246058 290211 3014
246058 290211 3014
246058 290211 3014
246058 290211 3014
246058 290211 3014
246058 290211 3014
246058 290211 3014
246058 290211 3014
246058 290211 3014
246058 290211 3014
227079 187567 3017
227079 187567 3017
227079 187567 3017
227079 187567 3017
227079 187567 3017
227079 187567 3017
227079 187567 3017
227079 187567 3017
227079 187567 3017
227079 187567 3017
227079 187567 3017
227079 187567 3017
227079 187567 3017
206270 186905 3018
206270 186905 3018
206270 186905 3018
206270 186905 3018
206270 186905 3018
206270 186905 3018
206270 186905 3018
206270 186905 3018
206270 186905 3018
206270 186905 3018
206270 186905 3018
206270 186905 3018
206270 186905 3018
9117 294268 3021
9117 294268 3021
9117 294268 3021
9117 294268 3021
9117 294268 3021
9117 294268 3021
9117 294268 3021
9117 294268 3021
9117 294268 3021
9117 294268 3021
9117 294268 3021
9117 294268 3021
10596 238631 3022
10596 238631 3022
10596 238631 3022
10596 238631 3022
10596 238631 3022
10596 238631 3022
10596 238631 3022
10596 238631 3022
10596 238631 3022
10596 238631 3022
10596 238631 3022
10596 238631 3022
202632 9247 3024
202632 9247 3024
202632 9247 3024
202632 9247 3024
202632 9247 3024
202632 9247 3024
202632 9247 3024
202632 9247 3024
202632 9247 3024
202632 9247 3024
202632 9247 3024
202632 9247 3024
193418 190918 3024
193418 190918 3024
193418 190918 3024
193418 190918 3024
193418 190918 3024
193418 190918 3024
193418 190918 3024
193418 190918 3024
193418 190918 3024
193418 190918 3024
193418 190918 3024
193418 190918 3024
187714 176237 3026
187714 176237 3026
187714 176237 3026
187714 176237 3026
187714 176237 3026
187714 176237 3026
187714 176237 3026
187714 176237 3026
187714 176237 3026
187714 176237 3026
187714 176237 3026
187714 176237 3026
291455 9117 3028
291455 9117 3028
291455 9117 3028
291455 9117 3028
291455 9117 3028
291455 9117 3028
291455 9117 3028
291455 9117 3028
291455 9117 3028
291455 9117 3028
291455 9117 3028
291455 9117 3028
285186 245982 3029
285186 245982 3029
285186 245982 3029
285186 245982 3029
285186 245982 3029
285186 245982 3029
285186 245982 3029
285186 245982 3029
285186 245982 3029
285186 245982 3029
285186 245982 3029
285186 245982 3029
285186 245982 3029
245982 265960 3031
245982 265960 3031
245982 265960 3031
245982 265960 3031
245982 265960 3031
245982 265960 3031
245982 265960 3031
245982 265960 3031
245982 265960 3031
245982 265960 3031
245982 265960 3031
245982 265960 3031
191591 193135 3035
191591 193135 3035
191591 193135 3035
191591 193135 3035
191591 193135 3035
191591 193135 3035
191591 193135 3035
191591 193135 3035
191591 193135 3035
191591 193135 3035
191591 193135 3035
191591 193135 3035
191591 193135 3035
268393 295082 3035
268393 295082 3035
268393 295082 3035
268393 295082 3035
268393 295082 3035
268393 295082 3035
268393 295082 3035
268393 295082 3035
268393 295082 3035
268393 295082 3035
268393 295082 3035
268393 295082 3035
208266 174934 3036
208266 174934 3036
208266 174934 3036
208266 174934 3036
208266 174934 3036
208266 174934 3036
208266 174934 3036
208266 174934 3036
208266 174934 3036
208266 174934 3036
208266 174934 3036
208266 174934 3036
208266 174934 3036
227076 235977 3036
227076 235977 3036
227076 235977 3036
227076 235977 3036
227076 235977 3036
227076 235977 3036
227076 235977 3036
227076 235977 3036
227076 235977 3036
227076 235977 3036
227076 235977 3036
227076 235977 3036
227076 235977 3036
226831 228014 3037
226831 228014 3037
226831 228014 3037
226831 228014 3037
226831 228014 3037
226831 228014 3037
226831 228014 3037
226831 228014 3037
226831 228014 3037
226831 228014 3037
226831 228014 3037
226831 228014 3037
250635 286613 3038
250635 286613 3038
250635 286613 3038
250635 286613 3038
250635 286613 3038
250635 286613 3038
250635 286613 3038
250635 286613 3038
250635 286613 3038
250635 286613 3038
250635 286613 3038
250635 286613 3038
250635 286613 3038
270399 235974 3038
270399 235974 3038
270399 235974 3038
270399 235974 3038
270399 235974 3038
270399 235974 3038
270399 235974 3038
270399 235974 3038
270399 235974 3038
270399 235974 3038
270399 235974 3038
270399 235974 3038
270399 235974 3038
286613 242378 3040
286613 242378 3040
286613 242378 3040
286613 242378 3040
286613 242378 3040
286613 242378 3040
286613 242378 3040
286613 242378 3040
286613 242378 3040
286613 242378 3040
286613 242378 3040
286613 242378 3040
286613 242378 3040
170574 209474 3043
170574 209474 3043
170574 209474 3043
170574 209474 3043
170574 209474 3043
170574 209474 3043
170574 209474 3043
170574 209474 3043
170574 209474 3043
170574 209474 3043
170574 209474 3043
170574 209474 3043
170574 209474 3043
285281 228522 3046
285281 228522 3046
285281 228522 3046
285281 228522 3046
285281 228522 3046
285281 228522 3046
285281 228522 3046
285281 228522 3046
285281 228522 3046
285281 228522 3046
285281 228522 3046
285281 228522 3046
285281 228522 3046
236024 236897 3048
236024 236897 3048
236024 236897 3048
236024 236897 3048
236024 236897 3048
236024 236897 3048
236024 236897 3048
236024 236897 3048
236024 236897 3048
236024 236897 3048
236024 236897 3048
236024 236897 3048
236024 236897 3048
236561 231901 3049
236561 231901 3049
236561 231901 3049
236561 231901 3049
236561 231901 3049
236561 231901 3049
236561 231901 3049
236561 231901 3049
236561 231901 3049
236561 231901 3049
236561 231901 3049
236561 231901 3049
236561 231901 3049
160265 190921 3056
160265 190921 3056
160265 190921 3056
160265 190921 3056
160265 190921 3056
160265 190921 3056
160265 190921 3056
160265 190921 3056
160265 190921 3056
160265 190921 3056
160265 190921 3056
160265 190921 3056
160265 190921 3056
189013 235942 3056
189013 235942 3056
189013 235942 3056
189013 235942 3056
189013 235942 3056
189013 235942 3056
189013 235942 3056
189013 235942 3056
189013 235942 3056
189013 235942 3056
189013 235942 3056
189013 235942 3056
208315 232189 3057
208315 232189 3057
208315 232189 3057
208315 232189 3057
208315 232189 3057
208315 232189 3057
208315 232189 3057
208315 232189 3057
208315 232189 3057
208315 232189 3057
208315 232189 3057
208315 232189 3057
251936 240601 3059
251936 240601 3059
251936 240601 3059
251936 240601 3059
251936 240601 3059
251936 240601 3059
251936 240601 3059
251936 240601 3059
251936 240601 3059
251936 240601 3059
251936 240601 3059
251936 240601 3059
208315 227276 3059
208315 227276 3059
208315 227276 3059
208315 227276 3059
208315 227276 3059
208315 227276 3059
208315 227276 3059
208315 227276 3059
208315 227276 3059
208315 227276 3059
208315 227276 3059
208315 227276 3059
173818 208879 3062
173818 208879 3062
173818 208879 3062
173818 208879 3062
173818 208879 3062
173818 208879 3062
173818 208879 3062
173818 208879 3062
173818 208879 3062
173818 208879 3062
173818 208879 3062
173818 208879 3062
173818 208879 3062
243610 209191 3063
243610 209191 3063
243610 209191 3063
243610 209191 3063
243610 209191 3063
243610 209191 3063
243610 209191 3063
243610 209191 3063
243610 209191 3063
243610 209191 3063
243610 209191 3063
243610 209191 3063
228032 226525 3063
228032 226525 3063
228032 226525 3063
228032 226525 3063
228032 226525 3063
228032 226525 3063
228032 226525 3063
228032 226525 3063
228032 226525 3063
228032 226525 3063
228032 226525 3063
228032 226525 3063
228032 226525 3063
288560 250600 3066
288560 250600 3066
288560 250600 3066
288560 250600 3066
288560 250600 3066
288560 250600 3066
288560 250600 3066
288560 250600 3066
288560 250600 3066
288560 250600 3066
288560 250600 3066
288560 250600 3066
288560 250600 3066
237733 210451 3068
237733 210451 3068
237733 210451 3068
237733 210451 3068
237733 210451 3068
237733 210451 3068
237733 210451 3068
237733 210451 3068
237733 210451 3068
237733 210451 3068
237733 210451 3068
237733 210451 3068
228471 236159 3069
228471 236159 3069
228471 236159 3069
228471 236159 3069
228471 236159 3069
228471 236159 3069
228471 236159 3069
228471 236159 3069
228471 236159 3069
228471 236159 3069
228471 236159 3069
228471 236159 3069
293359 185949 3069
293359 185949 3069
293359 185949 3069
293359 185949 3069
293359 185949 3069
293359 185949 3069
293359 185949 3069
293359 185949 3069
293359 185949 3069
293359 185949 3069
293359 185949 3069
293359 185949 3069
293359 185949 3069
285259 227827 3072
285259 227827 3072
285259 227827 3072
285259 227827 3072
285259 227827 3072
285259 227827 3072
285259 227827 3072
285259 227827 3072
285259 227827 3072
285259 227827 3072
285259 227827 3072
285259 227827 3072
230848 225748 3072
230848 225748 3072
230848 225748 3072
230848 225748 3072
230848 225748 3072
230848 225748 3072
230848 225748 3072
230848 225748 3072
230848 225748 3072
230848 225748 3072
230848 225748 3072
230848 225748 3072
291641 291460 3076
291641 291460 3076
291641 291460 3076
291641 291460 3076
291641 291460 3076
291641 291460 3076
291641 291460 3076
291641 291460 3076
291641 291460 3076
291641 291460 3076
291641 291460 3076
291641 291460 3076
291641 291460 3076
176500 195033 3077
176500 195033 3077
176500 195033 3077
176500 195033 3077
176500 195033 3077
176500 195033 3077
176500 195033 3077
176500 195033 3077
176500 195033 3077
176500 195033 3077
176500 195033 3077
176500 195033 3077
176500 195033 3077
229509 240657 3078
229509 240657 3078
229509 240657 3078
229509 240657 3078
229509 240657 3078
229509 240657 3078
229509 240657 3078
229509 240657 3078
229509 240657 3078
229509 240657 3078
229509 240657 3078
229509 240657 3078
265841 289101 3081
265841 289101 3081
265841 289101 3081
265841 289101 3081
265841 289101 3081
265841 289101 3081
265841 289101 3081
265841 289101 3081
265841 289101 3081
265841 289101 3081
265841 289101 3081
265841 289101 3081
265841 289101 3081
246112 250701 3085
246112 250701 3085
246112 250701 3085
246112 250701 3085
246112 250701 3085
246112 250701 3085
246112 250701 3085
246112 250701 3085
246112 250701 3085
246112 250701 3085
246112 250701 3085
246112 250701 3085
246112 250701 3085
245980 284253 3085
245980 284253 3085
245980 284253 3085
245980 284253 3085
245980 284253 3085
245980 284253 3085
245980 284253 3085
245980 284253 3085
245980 284253 3085
245980 284253 3085
245980 284253 3085
245980 284253 3085
245980 284253 3085
274610 233589 3087
274610 233589 3087
274610 233589 3087
274610 233589 3087
274610 233589 3087
274610 233589 3087
274610 233589 3087
274610 233589 3087
274610 233589 3087
274610 233589 3087
274610 233589 3087
274610 233589 3087
225931 209652 3089
225931 209652 3089
225931 209652 3089
225931 209652 3089
225931 209652 3089
225931 209652 3089
225931 209652 3089
225931 209652 3089
225931 209652 3089
225931 209652 3089
225931 209652 3089
225931 209652 3089
225931 209652 3089
204226 187576 3089
204226 187576 3089
204226 187576 3089
204226 187576 3089
204226 187576 3089
204226 187576 3089
204226 187576 3089
204226 187576 3089
204226 187576 3089
204226 187576 3089
204226 187576 3089
204226 187576 3089
204226 187576 3089
9099 289098 3091
9099 289098 3091
9099 289098 3091
9099 289098 3091
9099 289098 3091
9099 289098 3091
9099 289098 3091
9099 289098 3091
9099 289098 3091
9099 289098 3091
9099 289098 3091
9099 289098 3091
9099 289098 3091
227020 284253 3092
227020 284253 3092
227020 284253 3092
227020 284253 3092
227020 284253 3092
227020 284253 3092
227020 284253 3092
227020 284253 3092
227020 284253 3092
227020 284253 3092
227020 284253 3092
227020 284253 3092
237852 238630 3095
237852 238630 3095
237852 238630 3095
237852 238630 3095
237852 238630 3095
237852 238630 3095
237852 238630 3095
237852 238630 3095
237852 238630 3095
237852 238630 3095
237852 238630 3095
237852 238630 3095
237852 238630 3095
225954 238002 3095
225954 238002 3095
225954 238002 3095
225954 238002 3095
225954 238002 3095
225954 238002 3095
225954 238002 3095
225954 238002 3095
225954 238002 3095
225954 238002 3095
225954 238002 3095
225954 238002 3095
187715 201801 3096
187715 201801 3096
187715 201801 3096
187715 201801 3096
187715 201801 3096
187715 201801 3096
187715 201801 3096
187715 201801 3096
187715 201801 3096
187715 201801 3096
187715 201801 3096
187715 201801 3096
238630 203445 3099
238630 203445 3099
238630 203445 3099
238630 203445 3099
238630 203445 3099
238630 203445 3099
238630 203445 3099
238630 203445 3099
238630 203445 3099
238630 203445 3099
238630 203445 3099
238630 203445 3099
227064 289620 3099
227064 289620 3099
227064 289620 3099
227064 289620 3099
227064 289620 3099
227064 289620 3099
227064 289620 3099
227064 289620 3099
227064 289620 3099
227064 289620 3099
227064 289620 3099
227064 289620 3099
236083 227556 3101
236083 227556 3101
236083 227556 3101
236083 227556 3101
236083 227556 3101
236083 227556 3101
236083 227556 3101
236083 227556 3101
236083 227556 3101
236083 227556 3101
236083 227556 3101
236083 227556 3101
236913 9099 3103
236913 9099 3103
236913 9099 3103
236913 9099 3103
236913 9099 3103
236913 9099 3103
236913 9099 3103
236913 9099 3103
236913 9099 3103
236913 9099 3103
236913 9099 3103
236913 9099 3103
293377 284208 3104
293377 284208 3104
293377 284208 3104
293377 284208 3104
293377 284208 3104
293377 284208 3104
293377 284208 3104
293377 284208 3104
293377 284208 3104
293377 284208 3104
293377 284208 3104
293377 284208 3104
293377 284208 3104
191674 191590 3105
191674 191590 3105
191674 191590 3105
191674 191590 3105
191674 191590 3105
191674 191590 3105
191674 191590 3105
191674 191590 3105
191674 191590 3105
191674 191590 3105
191674 191590 3105
191674 191590 3105
233988 296545 3106
233988 296545 3106
233988 296545 3106
233988 296545 3106
233988 296545 3106
233988 296545 3106
233988 296545 3106
233988 296545 3106
233988 296545 3106
233988 296545 3106
233988 296545 3106
233988 296545 3106
188293 190838 3111
188293 190838 3111
188293 190838 3111
188293 190838 3111
188293 190838 3111
188293 190838 3111
188293 190838 3111
188293 190838 3111
188293 190838 3111
188293 190838 3111
188293 190838 3111
188293 190838 3111
188293 190838 3111
191590 235134 3112
191590 235134 3112
191590 235134 3112
191590 235134 3112
191590 235134 3112
191590 235134 3112
191590 235134 3112
191590 235134 3112
191590 235134 3112
191590 235134 3112
191590 235134 3112
191590 235134 3112
191590 235134 3112
228013 236447 3114
228013 236447 3114
228013 236447 3114
228013 236447 3114
228013 236447 3114
228013 236447 3114
228013 236447 3114
228013 236447 3114
228013 236447 3114
228013 236447 3114
228013 236447 3114
228013 236447 3114
240657 236094 3115
240657 236094 3115
240657 236094 3115
240657 236094 3115
240657 236094 3115
240657 236094 3115
240657 236094 3115
240657 236094 3115
240657 236094 3115
240657 236094 3115
240657 236094 3115
240657 236094 3115
240657 236094 3115
193609 187715 3119
193609 187715 3119
193609 187715 3119
193609 187715 3119
193609 187715 3119
193609 187715 3119
193609 187715 3119
193609 187715 3119
193609 187715 3119
193609 187715 3119
193609 187715 3119
193609 187715 3119
193609 187715 3119
159649 176502 3128
159649 176502 3128
159649 176502 3128
159649 176502 3128
159649 176502 3128
159649 176502 3128
159649 176502 3128
159649 176502 3128
159649 176502 3128
159649 176502 3128
159649 176502 3128
159649 176502 3128
225943 235683 3132
225943 235683 3132
225943 235683 3132
225943 235683 3132
225943 235683 3132
225943 235683 3132
225943 235683 3132
225943 235683 3132
225943 235683 3132
225943 235683 3132
225943 235683 3132
225943 235683 3132
225943 235683 3132
225759 235683 3133
225759 235683 3133
225759 235683 3133
225759 235683 3133
225759 235683 3133
225759 235683 3133
225759 235683 3133
225759 235683 3133
225759 235683 3133
225759 235683 3133
225759 235683 3133
225759 235683 3133
250595 245977 3134
250595 245977 3134
250595 245977 3134
250595 245977 3134
250595 245977 3134
250595 245977 3134
250595 245977 3134
250595 245977 3134
250595 245977 3134
250595 245977 3134
250595 245977 3134
250595 245977 3134
296526 284493 3137
296526 284493 3137
296526 284493 3137
296526 284493 3137
296526 284493 3137
296526 284493 3137
296526 284493 3137
296526 284493 3137
296526 284493 3137
296526 284493 3137
296526 284493 3137
296526 284493 3137
227557 243619 3138
227557 243619 3138
227557 243619 3138
227557 243619 3138
227557 243619 3138
227557 243619 3138
227557 243619 3138
227557 243619 3138
227557 243619 3138
227557 243619 3138
227557 243619 3138
227557 243619 3138
284239 268850 3139
284239 268850 3139
284239 268850 3139
284239 268850 3139
284239 268850 3139
284239 268850 3139
284239 268850 3139
284239 268850 3139
284239 268850 3139
284239 268850 3139
284239 268850 3139
284239 268850 3139
265906 245982 3140
265906 245982 3140
265906 245982 3140
265906 245982 3140
265906 245982 3140
265906 245982 3140
265906 245982 3140
265906 245982 3140
265906 245982 3140
265906 245982 3140
265906 245982 3140
265906 245982 3140
233584 233461 3144
233584 233461 3144
233584 233461 3144
233584 233461 3144
233584 233461 3144
233584 233461 3144
233584 233461 3144
233584 233461 3144
233584 233461 3144
233584 233461 3144
233584 233461 3144
233584 233461 3144
227093 295095 3145
227093 295095 3145
227093 295095 3145
227093 295095 3145
227093 295095 3145
227093 295095 3145
227093 295095 3145
227093 295095 3145
227093 295095 3145
227093 295095 3145
227093 295095 3145
227093 295095 3145
230696 236561 3145
230696 236561 3145
230696 236561 3145
230696 236561 3145
230696 236561 3145
230696 236561 3145
230696 236561 3145
230696 236561 3145
230696 236561 3145
230696 236561 3145
230696 236561 3145
230696 236561 3145
243709 243225 3150
243709 243225 3150
243709 243225 3150
243709 243225 3150
243709 243225 3150
243709 243225 3150
243709 243225 3150
243709 243225 3150
243709 243225 3150
243709 243225 3150
243709 243225 3150
243709 243225 3150
195533 14784 3151
195533 14784 3151
195533 14784 3151
195533 14784 3151
195533 14784 3151
195533 14784 3151
195533 14784 3151
195533 14784 3151
195533 14784 3151
195533 14784 3151
195533 14784 3151
195533 14784 3151
195533 14784 3151
228360 225606 3152
228360 225606 3152
228360 225606 3152
228360 225606 3152
228360 225606 3152
228360 225606 3152
228360 225606 3152
228360 225606 3152
228360 225606 3152
228360 225606 3152
228360 225606 3152
228360 225606 3152
283433 14708 3152
283433 14708 3152
283433 14708 3152
283433 14708 3152
283433 14708 3152
283433 14708 3152
283433 14708 3152
283433 14708 3152
283433 14708 3152
283433 14708 3152
283433 14708 3152
283433 14708 3152
174912 177286 3153
174912 177286 3153
174912 177286 3153
174912 177286 3153
174912 177286 3153
174912 177286 3153
174912 177286 3153
174912 177286 3153
174912 177286 3153
174912 177286 3153
174912 177286 3153
174912 177286 3153
174912 177286 3153
14812 242114 3155
14812 242114 3155
14812 242114 3155
14812 242114 3155
14812 242114 3155
14812 242114 3155
14812 242114 3155
14812 242114 3155
14812 242114 3155
14812 242114 3155
14812 242114 3155
14812 242114 3155
175963 219562 3159
175963 219562 3159
175963 219562 3159
175963 219562 3159
175963 219562 3159
175963 219562 3159
175963 219562 3159
175963 219562 3159
175963 219562 3159
175963 219562 3159
175963 219562 3159
175963 219562 3159
175963 219562 3159
291402 246041 3160
291402 246041 3160
291402 246041 3160
291402 246041 3160
291402 246041 3160
291402 246041 3160
291402 246041 3160
291402 246041 3160
291402 246041 3160
291402 246041 3160
291402 246041 3160
291402 246041 3160
291402 246041 3160
228466 232708 3163
228466 232708 3163
228466 232708 3163
228466 232708 3163
228466 232708 3163
228466 232708 3163
228466 232708 3163
228466 232708 3163
228466 232708 3163
228466 232708 3163
228466 232708 3163
228466 232708 3163
228466 232708 3163
176289 234542 3166
176289 234542 3166
176289 234542 3166
176289 234542 3166
176289 234542 3166
176289 234542 3166
176289 234542 3166
176289 234542 3166
176289 234542 3166
176289 234542 3166
176289 234542 3166
176289 234542 3166
176289 234542 3166
230414 267927 3167
230414 267927 3167
230414 267927 3167
230414 267927 3167
230414 267927 3167
230414 267927 3167
230414 267927 3167
230414 267927 3167
230414 267927 3167
230414 267927 3167
230414 267927 3167
230414 267927 3167
227540 227278 3167
227540 227278 3167
227540 227278 3167
227540 227278 3167
227540 227278 3167
227540 227278 3167
227540 227278 3167
227540 227278 3167
227540 227278 3167
227540 227278 3167
227540 227278 3167
227540 227278 3167
227547 236848 3169
227547 236848 3169
227547 236848 3169
227547 236848 3169
227547 236848 3169
227547 236848 3169
227547 236848 3169
227547 236848 3169
227547 236848 3169
227547 236848 3169
227547 236848 3169
227547 236848 3169
227547 236848 3169
242378 10933 3173
242378 10933 3173
242378 10933 3173
242378 10933 3173
242378 10933 3173
242378 10933 3173
242378 10933 3173
242378 10933 3173
242378 10933 3173
242378 10933 3173
242378 10933 3173
242378 10933 3173
15687 219557 3175
15687 219557 3175
15687 219557 3175
15687 219557 3175
15687 219557 3175
15687 219557 3175
15687 219557 3175
15687 219557 3175
15687 219557 3175
15687 219557 3175
15687 219557 3175
15687 219557 3175
15687 219557 3175
202632 160287 3176
202632 160287 3176
202632 160287 3176
202632 160287 3176
202632 160287 3176
202632 160287 3176
202632 160287 3176
202632 160287 3176
202632 160287 3176
202632 160287 3176
202632 160287 3176
202632 160287 3176
202632 160287 3176
14785 190937 3176
14785 190937 3176
14785 190937 3176
14785 190937 3176
14785 190937 3176
14785 190937 3176
14785 190937 3176
14785 190937 3176
14785 190937 3176
14785 190937 3176
14785 190937 3176
14785 190937 3176
295092 227640 3178
295092 227640 3178
295092 227640 3178
295092 227640 3178
295092 227640 3178
295092 227640 3178
295092 227640 3178
295092 227640 3178
295092 227640 3178
295092 227640 3178
295092 227640 3178
295092 227640 3178
296107 9117 3179
296107 9117 3179
296107 9117 3179
296107 9117 3179
296107 9117 3179
296107 9117 3179
296107 9117 3179
296107 9117 3179
296107 9117 3179
296107 9117 3179
296107 9117 3179
296107 9117 3179
265636 234693 3181
265636 234693 3181
265636 234693 3181
265636 234693 3181
265636 234693 3181
265636 234693 3181
265636 234693 3181
265636 234693 3181
265636 234693 3181
265636 234693 3181
265636 234693 3181
265636 234693 3181
242040 228149 3181
242040 228149 3181
242040 228149 3181
242040 228149 3181
242040 228149 3181
242040 228149 3181
242040 228149 3181
242040 228149 3181
242040 228149 3181
242040 228149 3181
242040 228149 3181
242040 228149 3181
242040 228149 3181
227093 242604 3183
227093 242604 3183
227093 242604 3183
227093 242604 3183
227093 242604 3183
227093 242604 3183
227093 242604 3183
227093 242604 3183
227093 242604 3183
227093 242604 3183
227093 242604 3183
227093 242604 3183
236898 246154 3185
236898 246154 3185
236898 246154 3185
236898 246154 3185
236898 246154 3185
236898 246154 3185
236898 246154 3185
236898 246154 3185
236898 246154 3185
236898 246154 3185
236898 246154 3185
236898 246154 3185
228406 238440 3191
228406 238440 3191
228406 238440 3191
228406 238440 3191
228406 238440 3191
228406 238440 3191
228406 238440 3191
228406 238440 3191
228406 238440 3191
228406 238440 3191
228406 238440 3191
228406 238440 3191
242036 243697 3200
242036 243697 3200
242036 243697 3200
242036 243697 3200
242036 243697 3200
242036 243697 3200
242036 243697 3200
242036 243697 3200
242036 243697 3200
242036 243697 3200
242036 243697 3200
242036 243697 3200
227720 11777 3206
227720 11777 3206
227720 11777 3206
227720 11777 3206
227720 11777 3206
227720 11777 3206
227720 11777 3206
227720 11777 3206
227720 11777 3206
227720 11777 3206
227720 11777 3206
227720 11777 3206
266104 248387 3242
266104 248387 3242
266104 248387 3242
266104 248387 3242
266104 248387 3242
266104 248387 3242
266104 248387 3242
266104 248387 3242
266104 248387 3242
266104 248387 3242
266104 248387 3242
266104 248387 3242
187554 188437 3369
187554 188437 3369
187554 188437 3369
187554 188437 3369
187554 188437 3369
187554 188437 3369
187554 188437 3369
187554 188437 3369
187554 188437 3369
187554 188437 3369
187554 188437 3369
187554 188437 3369
226966 235681 3371
226966 235681 3371
226966 235681 3371
226966 235681 3371
226966 235681 3371
226966 235681 3371
226966 235681 3371
226966 235681 3371
226966 235681 3371
226966 235681 3371
226966 235681 3371
226966 235681 3371
226966 235681 3371
236015 232189 3394
236015 232189 3394
236015 232189 3394
236015 232189 3394
236015 232189 3394
236015 232189 3394
236015 232189 3394
236015 232189 3394
236015 232189 3394
236015 232189 3394
236015 232189 3394
236015 232189 3394
265409 246054 3394
265409 246054 3394
265409 246054 3394
265409 246054 3394
265409 246054 3394
265409 246054 3394
265409 246054 3394
265409 246054 3394
265409 246054 3394
265409 246054 3394
265409 246054 3394
265409 246054 3394
235663 242141 3397
235663 242141 3397
235663 242141 3397
235663 242141 3397
235663 242141 3397
235663 242141 3397
235663 242141 3397
235663 242141 3397
235663 242141 3397
235663 242141 3397
235663 242141 3397
235663 242141 3397
235663 242141 3397
251930 225618 3399
251930 225618 3399
251930 225618 3399
251930 225618 3399
251930 225618 3399
251930 225618 3399
251930 225618 3399
251930 225618 3399
251930 225618 3399
251930 225618 3399
251930 225618 3399
251930 225618 3399
227268 237732 3402
227268 237732 3402
227268 237732 3402
227268 237732 3402
227268 237732 3402
227268 237732 3402
227268 237732 3402
227268 237732 3402
227268 237732 3402
227268 237732 3402
227268 237732 3402
227268 237732 3402
236015 240557 3408
236015 240557 3408
236015 240557 3408
236015 240557 3408
236015 240557 3408
236015 240557 3408
236015 240557 3408
236015 240557 3408
236015 240557 3408
236015 240557 3408
236015 240557 3408
236015 240557 3408
236646 236173 3408
236646 236173 3408
236646 236173 3408
236646 236173 3408
236646 236173 3408
236646 236173 3408
236646 236173 3408
236646 236173 3408
236646 236173 3408
236646 236173 3408
236646 236173 3408
236646 236173 3408
236646 236173 3408
198536 193811 3412
198536 193811 3412
198536 193811 3412
198536 193811 3412
198536 193811 3412
198536 193811 3412
198536 193811 3412
198536 193811 3412
198536 193811 3412
198536 193811 3412
198536 193811 3412
198536 193811 3412
192942 229988 3416
192942 229988 3416
192942 229988 3416
192942 229988 3416
192942 229988 3416
192942 229988 3416
192942 229988 3416
192942 229988 3416
192942 229988 3416
192942 229988 3416
192942 229988 3416
192942 229988 3416
229857 243736 3419
229857 243736 3419
229857 243736 3419
229857 243736 3419
229857 243736 3419
229857 243736 3419
229857 243736 3419
229857 243736 3419
229857 243736 3419
229857 243736 3419
229857 243736 3419
229857 243736 3419
245952 228142 3420
245952 228142 3420
245952 228142 3420
245952 228142 3420
245952 228142 3420
245952 228142 3420
245952 228142 3420
245952 228142 3420
245952 228142 3420
245952 228142 3420
245952 228142 3420
245952 228142 3420
245952 228142 3420
10735 203079 3420
10735 203079 3420
10735 203079 3420
10735 203079 3420
10735 203079 3420
10735 203079 3420
10735 203079 3420
10735 203079 3420
10735 203079 3420
10735 203079 3420
10735 203079 3420
10735 203079 3420
10735 203079 3420
191674 237848 3421
191674 237848 3421
191674 237848 3421
191674 237848 3421
191674 237848 3421
191674 237848 3421
191674 237848 3421
191674 237848 3421
191674 237848 3421
191674 237848 3421
191674 237848 3421
191674 237848 3421
191674 237848 3421
150393 283388 3422
150393 283388 3422
150393 283388 3422
150393 283388 3422
150393 283388 3422
150393 283388 3422
150393 283388 3422
150393 283388 3422
150393 283388 3422
150393 283388 3422
150393 283388 3422
150393 283388 3422
150393 283388 3422
151139 232719 3430
151139 232719 3430
151139 232719 3430
151139 232719 3430
151139 232719 3430
151139 232719 3430
151139 232719 3430
151139 232719 3430
151139 232719 3430
151139 232719 3430
151139 232719 3430
151139 232719 3430
151139 232719 3430
227050 246041 3435
227050 246041 3435
227050 246041 3435
227050 246041 3435
227050 246041 3435
227050 246041 3435
227050 246041 3435
227050 246041 3435
227050 246041 3435
227050 246041 3435
227050 246041 3435
227050 246041 3435
227050 246041 3435
288589 288656 3438
288589 288656 3438
288589 288656 3438
288589 288656 3438
288589 288656 3438
288589 288656 3438
288589 288656 3438
288589 288656 3438
288589 288656 3438
288589 288656 3438
288589 288656 3438
288589 288656 3438
288589 288656 3438
288560 286605 3441
288560 286605 3441
288560 286605 3441
288560 286605 3441
288560 286605 3441
288560 286605 3441
288560 286605 3441
288560 286605 3441
288560 286605 3441
288560 286605 3441
288560 286605 3441
288560 286605 3441
227073 229773 3444
227073 229773 3444
227073 229773 3444
227073 229773 3444
227073 229773 3444
227073 229773 3444
227073 229773 3444
227073 229773 3444
227073 229773 3444
227073 229773 3444
227073 229773 3444
227073 229773 3444
227073 229773 3444
232499 232066 3447
232499 232066 3447
232499 232066 3447
232499 232066 3447
232499 232066 3447
232499 232066 3447
232499 232066 3447
232499 232066 3447
232499 232066 3447
232499 232066 3447
232499 232066 3447
232499 232066 3447
232499 232066 3447
236474 4644 3447
236474 4644 3447
236474 4644 3447
236474 4644 3447
236474 4644 3447
236474 4644 3447
236474 4644 3447
236474 4644 3447
236474 4644 3447
236474 4644 3447
236474 4644 3447
236474 4644 3447
291514 208879 3457
291514 208879 3457
291514 208879 3457
291514 208879 3457
291514 208879 3457
291514 208879 3457
291514 208879 3457
291514 208879 3457
291514 208879 3457
291514 208879 3457
291514 208879 3457
291514 208879 3457
225578 237843 3458
225578 237843 3458
225578 237843 3458
225578 237843 3458
225578 237843 3458
225578 237843 3458
225578 237843 3458
225578 237843 3458
225578 237843 3458
225578 237843 3458
225578 237843 3458
225578 237843 3458
237843 191589 3460
237843 191589 3460
237843 191589 3460
237843 191589 3460
237843 191589 3460
237843 191589 3460
237843 191589 3460
237843 191589 3460
237843 191589 3460
237843 191589 3460
237843 191589 3460
237843 191589 3460
233584 235683 3460
233584 235683 3460
233584 235683 3460
233584 235683 3460
233584 235683 3460
233584 235683 3460
233584 235683 3460
233584 235683 3460
233584 235683 3460
233584 235683 3460
233584 235683 3460
233584 235683 3460
190419 191601 3462
190419 191601 3462
190419 191601 3462
190419 191601 3462
190419 191601 3462
190419 191601 3462
190419 191601 3462
190419 191601 3462
190419 191601 3462
190419 191601 3462
190419 191601 3462
190419 191601 3462
190419 191601 3462
235866 265960 3466
235866 265960 3466
235866 265960 3466
235866 265960 3466
235866 265960 3466
235866 265960 3466
235866 265960 3466
235866 265960 3466
235866 265960 3466
235866 265960 3466
235866 265960 3466
235866 265960 3466
266103 292034 3467
266103 292034 3467
266103 292034 3467
266103 292034 3467
266103 292034 3467
266103 292034 3467
266103 292034 3467
266103 292034 3467
266103 292034 3467
266103 292034 3467
266103 292034 3467
266103 292034 3467
266103 292034 3467
262498 284208 3467
262498 284208 3467
262498 284208 3467
262498 284208 3467
262498 284208 3467
262498 284208 3467
262498 284208 3467
262498 284208 3467
262498 284208 3467
262498 284208 3467
262498 284208 3467
262498 284208 3467
262498 284208 3467
291440 256656 3468
291440 256656 3468
291440 256656 3468
291440 256656 3468
291440 256656 3468
291440 256656 3468
291440 256656 3468
291440 256656 3468
291440 256656 3468
291440 256656 3468
291440 256656 3468
291440 256656 3468
238631 208308 3470
238631 208308 3470
238631 208308 3470
238631 208308 3470
238631 208308 3470
238631 208308 3470
238631 208308 3470
238631 208308 3470
238631 208308 3470
238631 208308 3470
238631 208308 3470
238631 208308 3470
238631 208308 3470
235938 187713 3470
235938 187713 3470
235938 187713 3470
235938 187713 3470
235938 187713 3470
235938 187713 3470
235938 187713 3470
235938 187713 3470
235938 187713 3470
235938 187713 3470
235938 187713 3470
235938 187713 3470
235938 187713 3470
243805 236554 3472
243805 236554 3472
243805 236554 3472
243805 236554 3472
243805 236554 3472
243805 236554 3472
243805 236554 3472
243805 236554 3472
243805 236554 3472
243805 236554 3472
243805 236554 3472
243805 236554 3472
243805 236554 3472
225813 236792 3473
225813 236792 3473
225813 236792 3473
225813 236792 3473
225813 236792 3473
225813 236792 3473
225813 236792 3473
225813 236792 3473
225813 236792 3473
225813 236792 3473
225813 236792 3473
225813 236792 3473
191584 188465 3473
191584 188465 3473
191584 188465 3473
191584 188465 3473
191584 188465 3473
191584 188465 3473
191584 188465 3473
191584 188465 3473
191584 188465 3473
191584 188465 3473
191584 188465 3473
191584 188465 3473
191584 188465 3473
227650 231024 3474
227650 231024 3474
227650 231024 3474
227650 231024 3474
227650 231024 3474
227650 231024 3474
227650 231024 3474
227650 231024 3474
227650 231024 3474
227650 231024 3474
227650 231024 3474
227650 231024 3474
226655 231024 3474
226655 231024 3474
226655 231024 3474
226655 231024 3474
226655 231024 3474
226655 231024 3474
226655 231024 3474
226655 231024 3474
226655 231024 3474
226655 231024 3474
226655 231024 3474
226655 231024 3474
291226 287493 3475
291226 287493 3475
291226 287493 3475
291226 287493 3475
291226 287493 3475
291226 287493 3475
291226 287493 3475
291226 287493 3475
291226 287493 3475
291226 287493 3475
291226 287493 3475
291226 287493 3475
291226 287493 3475
245944 246154 3478
245944 246154 3478
245944 246154 3478
245944 246154 3478
245944 246154 3478
245944 246154 3478
245944 246154 3478
245944 246154 3478
245944 246154 3478
245944 246154 3478
245944 246154 3478
245944 246154 3478
236935 291226 3481
236935 291226 3481
236935 291226 3481
236935 291226 3481
236935 291226 3481
236935 291226 3481
236935 291226 3481
236935 291226 3481
236935 291226 3481
236935 291226 3481
236935 291226 3481
236935 291226 3481
236935 291226 3481
228149 285281 3486
228149 285281 3486
228149 285281 3486
228149 285281 3486
228149 285281 3486
228149 285281 3486
228149 285281 3486
228149 285281 3486
228149 285281 3486
228149 285281 3486
228149 285281 3486
228149 285281 3486
226943 14923 3491
226943 14923 3491
226943 14923 3491
226943 14923 3491
226943 14923 3491
226943 14923 3491
226943 14923 3491
226943 14923 3491
226943 14923 3491
226943 14923 3491
226943 14923 3491
226943 14923 3491
4762 239189 3491
4762 239189 3491
4762 239189 3491
4762 239189 3491
4762 239189 3491
4762 239189 3491
4762 239189 3491
4762 239189 3491
4762 239189 3491
4762 239189 3491
4762 239189 3491
4762 239189 3491
233644 229773 3492
233644 229773 3492
233644 229773 3492
233644 229773 3492
233644 229773 3492
233644 229773 3492
233644 229773 3492
233644 229773 3492
233644 229773 3492
233644 229773 3492
233644 229773 3492
233644 229773 3492
233644 229773 3492
233644 14918 3492
233644 14918 3492
233644 14918 3492
233644 14918 3492
233644 14918 3492
233644 14918 3492
233644 14918 3492
233644 14918 3492
233644 14918 3492
233644 14918 3492
233644 14918 3492
233644 14918 3492
233644 14918 3492
151113 242322 3492
151113 242322 3492
151113 242322 3492
151113 242322 3492
151113 242322 3492
151113 242322 3492
151113 242322 3492
151113 242322 3492
151113 242322 3492
151113 242322 3492
151113 242322 3492
151113 242322 3492
232195 237708 3493
232195 237708 3493
232195 237708 3493
232195 237708 3493
232195 237708 3493
232195 237708 3493
232195 237708 3493
232195 237708 3493
232195 237708 3493
232195 237708 3493
232195 237708 3493
232195 237708 3493
238725 229773 3493
238725 229773 3493
238725 229773 3493
238725 229773 3493
238725 229773 3493
238725 229773 3493
238725 229773 3493
238725 229773 3493
238725 229773 3493
238725 229773 3493
238725 229773 3493
238725 229773 3493
238725 229773 3493
228132 229773 3493
228132 229773 3493
228132 229773 3493
228132 229773 3493
228132 229773 3493
228132 229773 3493
228132 229773 3493
228132 229773 3493
228132 229773 3493
228132 229773 3493
228132 229773 3493
228132 229773 3493
235860 229773 3493
235860 229773 3493
235860 229773 3493
235860 229773 3493
235860 229773 3493
235860 229773 3493
235860 229773 3493
235860 229773 3493
235860 229773 3493
235860 229773 3493
235860 229773 3493
235860 229773 3493
227064 229773 3493
227064 229773 3493
227064 229773 3493
227064 229773 3493
227064 229773 3493
227064 229773 3493
227064 229773 3493
227064 229773 3493
227064 229773 3493
227064 229773 3493
227064 229773 3493
227064 229773 3493
232832 229773 3493
232832 229773 3493
232832 229773 3493
232832 229773 3493
232832 229773 3493
232832 229773 3493
232832 229773 3493
232832 229773 3493
232832 229773 3493
232832 229773 3493
232832 229773 3493
232832 229773 3493
175913 183754 3493
175913 183754 3493
175913 183754 3493
175913 183754 3493
175913 183754 3493
175913 183754 3493
175913 183754 3493
175913 183754 3493
175913 183754 3493
175913 183754 3493
175913 183754 3493
175913 183754 3493
228058 240632 3494
228058 240632 3494
228058 240632 3494
228058 240632 3494
228058 240632 3494
228058 240632 3494
228058 240632 3494
228058 240632 3494
228058 240632 3494
228058 240632 3494
228058 240632 3494
228058 240632 3494
159653 265481 3494
159653 265481 3494
159653 265481 3494
159653 265481 3494
159653 265481 3494
159653 265481 3494
159653 265481 3494
159653 265481 3494
159653 265481 3494
159653 265481 3494
159653 265481 3494
159653 265481 3494
159653 265481 3494
14918 235659 3494
14918 235659 3494
14918 235659 3494
14918 235659 3494
14918 235659 3494
14918 235659 3494
14918 235659 3494
14918 235659 3494
14918 235659 3494
14918 235659 3494
14918 235659 3494
14918 235659 3494
14918 235659 3494
14918 235673 3494
14918 235673 3494
14918 235673 3494
14918 235673 3494
14918 235673 3494
14918 235673 3494
14918 235673 3494
14918 235673 3494
14918 235673 3494
14918 235673 3494
14918 235673 3494
14918 235673 3494
14918 235673 3494
229773 236483 3494
229773 236483 3494
229773 236483 3494
229773 236483 3494
229773 236483 3494
229773 236483 3494
229773 236483 3494
229773 236483 3494
229773 236483 3494
229773 236483 3494
229773 236483 3494
229773 236483 3494
229773 236483 3494
225931 190915 3495
225931 190915 3495
225931 190915 3495
225931 190915 3495
225931 190915 3495
225931 190915 3495
225931 190915 3495
225931 190915 3495
225931 190915 3495
225931 190915 3495
225931 190915 3495
225931 190915 3495
229773 4138 3495
229773 4138 3495
229773 4138 3495
229773 4138 3495
229773 4138 3495
229773 4138 3495
229773 4138 3495
229773 4138 3495
229773 4138 3495
229773 4138 3495
229773 4138 3495
229773 4138 3495
229773 4138 3495
236836 202632 3495
236836 202632 3495
236836 202632 3495
236836 202632 3495
236836 202632 3495
236836 202632 3495
236836 202632 3495
236836 202632 3495
236836 202632 3495
236836 202632 3495
236836 202632 3495
236836 202632 3495
229773 235935 3495
229773 235935 3495
229773 235935 3495
229773 235935 3495
229773 235935 3495
229773 235935 3495
229773 235935 3495
229773 235935 3495
229773 235935 3495
229773 235935 3495
229773 235935 3495
229773 235935 3495
229773 235935 3495
229773 227076 3495
229773 227076 3495
229773 227076 3495
229773 227076 3495
229773 227076 3495
229773 227076 3495
229773 227076 3495
229773 227076 3495
229773 227076 3495
229773 227076 3495
229773 227076 3495
229773 227076 3495
229773 190921 3495
229773 190921 3495
229773 190921 3495
229773 190921 3495
229773 190921 3495
229773 190921 3495
229773 190921 3495
229773 190921 3495
229773 190921 3495
229773 190921 3495
229773 190921 3495
229773 190921 3495
229773 190921 3495
235659 188437 3496
235659 188437 3496
235659 188437 3496
235659 188437 3496
235659 188437 3496
235659 188437 3496
235659 188437 3496
235659 188437 3496
235659 188437 3496
235659 188437 3496
235659 188437 3496
235659 188437 3496
235659 188437 3496
236447 236791 3496
236447 236791 3496
236447 236791 3496
236447 236791 3496
236447 236791 3496
236447 236791 3496
236447 236791 3496
236447 236791 3496
236447 236791 3496
236447 236791 3496
236447 236791 3496
236447 236791 3496
237844 232030 3496
237844 232030 3496
237844 232030 3496
237844 232030 3496
237844 232030 3496
237844 232030 3496
237844 232030 3496
237844 232030 3496
237844 232030 3496
237844 232030 3496
237844 232030 3496
237844 232030 3496
237844 232030 3496
235673 188437 3496
235673 188437 3496
235673 188437 3496
235673 188437 3496
235673 188437 3496
235673 188437 3496
235673 188437 3496
235673 188437 3496
235673 188437 3496
235673 188437 3496
235673 188437 3496
235673 188437 3496
235673 188437 3496
235673 188437 3496
235673 188437 3496
235673 188437 3496
235673 188437 3496
235673 188437 3496
235673 188437 3496
235673 188437 3496
235673 188437 3496
235673 188437 3496
235673 188437 3496
235673 188437 3496
235673 188437 3496
235673 188437 3496
235953 188437 3496
235953 188437 3496
235953 188437 3496
235953 188437 3496
235953 188437 3496
235953 188437 3496
235953 188437 3496
235953 188437 3496
235953 188437 3496
235953 188437 3496
235953 188437 3496
235953 188437 3496
236475 188437 3496
236475 188437 3496
236475 188437 3496
236475 188437 3496
236475 188437 3496
236475 188437 3496
236475 188437 3496
236475 188437 3496
236475 188437 3496
236475 188437 3496
236475 188437 3496
236475 188437 3496
235673 188437 3496
235673 188437 3496
235673 188437 3496
235673 188437 3496
235673 188437 3496
235673 188437 3496
235673 188437 3496
235673 188437 3496
235673 188437 3496
235673 188437 3496
235673 188437 3496
235673 188437 3496
226749 190817 3497
226749 190817 3497
226749 190817 3497
226749 190817 3497
226749 190817 3497
226749 190817 3497
226749 190817 3497
226749 190817 3497
226749 190817 3497
226749 190817 3497
226749 190817 3497
226749 190817 3497
243536 229827 3499
243536 229827 3499
243536 229827 3499
243536 229827 3499
243536 229827 3499
243536 229827 3499
243536 229827 3499
243536 229827 3499
243536 229827 3499
243536 229827 3499
243536 229827 3499
243536 229827 3499
226833 228143 3502
226833 228143 3502
226833 228143 3502
226833 228143 3502
226833 228143 3502
226833 228143 3502
226833 228143 3502
226833 228143 3502
226833 228143 3502
226833 228143 3502
226833 228143 3502
226833 228143 3502
226833 228143 3502
228033 231890 3503
228033 231890 3503
228033 231890 3503
228033 231890 3503
228033 231890 3503
228033 231890 3503
228033 231890 3503
228033 231890 3503
228033 231890 3503
228033 231890 3503
228033 231890 3503
228033 231890 3503
228033 231890 3503
226519 246164 3505
226519 246164 3505
226519 246164 3505
226519 246164 3505
226519 246164 3505
226519 246164 3505
226519 246164 3505
226519 246164 3505
226519 246164 3505
226519 246164 3505
226519 246164 3505
226519 246164 3505
226519 246164 3505
230655 236838 3507
230655 236838 3507
230655 236838 3507
230655 236838 3507
230655 236838 3507
230655 236838 3507
230655 236838 3507
230655 236838 3507
230655 236838 3507
230655 236838 3507
230655 236838 3507
230655 236838 3507
191640 204226 3507
191640 204226 3507
191640 204226 3507
191640 204226 3507
191640 204226 3507
191640 204226 3507
191640 204226 3507
191640 204226 3507
191640 204226 3507
191640 204226 3507
191640 204226 3507
191640 204226 3507
235935 227081 3509
235935 227081 3509
235935 227081 3509
235935 227081 3509
235935 227081 3509
235935 227081 3509
235935 227081 3509
235935 227081 3509
235935 227081 3509
235935 227081 3509
235935 227081 3509
235935 227081 3509
235935 227081 3509
193627 193236 3511
193627 193236 3511
193627 193236 3511
193627 193236 3511
193627 193236 3511
193627 193236 3511
193627 193236 3511
193627 193236 3511
193627 193236 3511
193627 193236 3511
193627 193236 3511
193627 193236 3511
193627 193236 3511
227081 235013 3511
227081 235013 3511
227081 235013 3511
227081 235013 3511
227081 235013 3511
227081 235013 3511
227081 235013 3511
227081 235013 3511
227081 235013 3511
227081 235013 3511
227081 235013 3511
227081 235013 3511
227081 235013 3511
289013 226976 3512
289013 226976 3512
289013 226976 3512
289013 226976 3512
289013 226976 3512
289013 226976 3512
289013 226976 3512
289013 226976 3512
289013 226976 3512
289013 226976 3512
289013 226976 3512
289013 226976 3512
233900 231411 3514
233900 231411 3514
233900 231411 3514
233900 231411 3514
233900 231411 3514
233900 231411 3514
233900 231411 3514
233900 231411 3514
233900 231411 3514
233900 231411 3514
233900 231411 3514
233900 231411 3514
233900 231411 3514
245944 239179 3515
245944 239179 3515
245944 239179 3515
245944 239179 3515
245944 239179 3515
245944 239179 3515
245944 239179 3515
245944 239179 3515
245944 239179 3515
245944 239179 3515
245944 239179 3515
245944 239179 3515
227819 235974 3517
227819 235974 3517
227819 235974 3517
227819 235974 3517
227819 235974 3517
227819 235974 3517
227819 235974 3517
227819 235974 3517
227819 235974 3517
227819 235974 3517
227819 235974 3517
227819 235974 3517
227819 235974 3517
242543 238750 3517
242543 238750 3517
242543 238750 3517
242543 238750 3517
242543 238750 3517
242543 238750 3517
242543 238750 3517
242543 238750 3517
242543 238750 3517
242543 238750 3517
242543 238750 3517
242543 238750 3517
242543 238750 3517
228472 243705 3518
228472 243705 3518
228472 243705 3518
228472 243705 3518
228472 243705 3518
228472 243705 3518
228472 243705 3518
228472 243705 3518
228472 243705 3518
228472 243705 3518
228472 243705 3518
228472 243705 3518
233584 195546 3518
233584 195546 3518
233584 195546 3518
233584 195546 3518
233584 195546 3518
233584 195546 3518
233584 195546 3518
233584 195546 3518
233584 195546 3518
233584 195546 3518
233584 195546 3518
233584 195546 3518
14813 265409 3520
14813 265409 3520
14813 265409 3520
14813 265409 3520
14813 265409 3520
14813 265409 3520
14813 265409 3520
14813 265409 3520
14813 265409 3520
14813 265409 3520
14813 265409 3520
14813 265409 3520
14813 14725 3520
14813 14725 3520
14813 14725 3520
14813 14725 3520
14813 14725 3520
14813 14725 3520
14813 14725 3520
14813 14725 3520
14813 14725 3520
14813 14725 3520
14813 14725 3520
14813 14725 3520
225614 176253 3522
225614 176253 3522
225614 176253 3522
225614 176253 3522
225614 176253 3522
225614 176253 3522
225614 176253 3522
225614 176253 3522
225614 176253 3522
225614 176253 3522
225614 176253 3522
225614 176253 3522
225614 176253 3522
225574 10933 3522
225574 10933 3522
225574 10933 3522
225574 10933 3522
225574 10933 3522
225574 10933 3522
225574 10933 3522
225574 10933 3522
225574 10933 3522
225574 10933 3522
225574 10933 3522
225574 10933 3522
236839 285485 3522
236839 285485 3522
236839 285485 3522
236839 285485 3522
236839 285485 3522
236839 285485 3522
236839 285485 3522
236839 285485 3522
236839 285485 3522
236839 285485 3522
236839 285485 3522
236839 285485 3522
227017 293377 3526
227017 293377 3526
227017 293377 3526
227017 293377 3526
227017 293377 3526
227017 293377 3526
227017 293377 3526
227017 293377 3526
227017 293377 3526
227017 293377 3526
227017 293377 3526
227017 293377 3526
226977 14459 3527
226977 14459 3527
226977 14459 3527
226977 14459 3527
226977 14459 3527
226977 14459 3527
226977 14459 3527
226977 14459 3527
226977 14459 3527
226977 14459 3527
226977 14459 3527
226977 14459 3527
190900 194344 3527
190900 194344 3527
190900 194344 3527
190900 194344 3527
190900 194344 3527
190900 194344 3527
190900 194344 3527
190900 194344 3527
190900 194344 3527
190900 194344 3527
190900 194344 3527
190900 194344 3527
203370 191002 3530
203370 191002 3530
203370 191002 3530
203370 191002 3530
203370 191002 3530
203370 191002 3530
203370 191002 3530
203370 191002 3530
203370 191002 3530
203370 191002 3530
203370 191002 3530
203370 191002 3530
203370 191002 3530
9115 265636 3530
9115 265636 3530
9115 265636 3530
9115 265636 3530
9115 265636 3530
9115 265636 3530
9115 265636 3530
9115 265636 3530
9115 265636 3530
9115 265636 3530
9115 265636 3530
9115 265636 3530
9115 265636 3530
285243 245977 3532
285243 245977 3532
285243 245977 3532
285243 245977 3532
285243 245977 3532
285243 245977 3532
285243 245977 3532
285243 245977 3532
285243 245977 3532
285243 245977 3532
285243 245977 3532
285243 245977 3532
250704 285183 3534
250704 285183 3534
250704 285183 3534
250704 285183 3534
250704 285183 3534
250704 285183 3534
250704 285183 3534
250704 285183 3534
250704 285183 3534
250704 285183 3534
250704 285183 3534
250704 285183 3534
250704 285183 3534
186873 190915 3535
186873 190915 3535
186873 190915 3535
186873 190915 3535
186873 190915 3535
186873 190915 3535
186873 190915 3535
186873 190915 3535
186873 190915 3535
186873 190915 3535
186873 190915 3535
186873 190915 3535
186873 190915 3535
236476 200260 3536
236476 200260 3536
236476 200260 3536
236476 200260 3536
236476 200260 3536
236476 200260 3536
236476 200260 3536
236476 200260 3536
236476 200260 3536
236476 200260 3536
236476 200260 3536
236476 200260 3536
268489 245870 3537
268489 245870 3537
268489 245870 3537
268489 245870 3537
268489 245870 3537
268489 245870 3537
268489 245870 3537
268489 245870 3537
268489 245870 3537
268489 245870 3537
268489 245870 3537
268489 245870 3537
268489 245870 3537
190875 9247 3539
190875 9247 3539
190875 9247 3539
190875 9247 3539
190875 9247 3539
190875 9247 3539
190875 9247 3539
190875 9247 3539
190875 9247 3539
190875 9247 3539
190875 9247 3539
190875 9247 3539
190875 9247 3539
239253 226939 3539
239253 226939 3539
239253 226939 3539
239253 226939 3539
239253 226939 3539
239253 226939 3539
239253 226939 3539
239253 226939 3539
239253 226939 3539
239253 226939 3539
239253 226939 3539
239253 226939 3539
239253 226939 3539
174464 184434 3541
174464 184434 3541
174464 184434 3541
174464 184434 3541
174464 184434 3541
174464 184434 3541
174464 184434 3541
174464 184434 3541
174464 184434 3541
174464 184434 3541
174464 184434 3541
174464 184434 3541
174464 184434 3541
242933 236835 3541
242933 236835 3541
242933 236835 3541
242933 236835 3541
242933 236835 3541
242933 236835 3541
242933 236835 3541
242933 236835 3541
242933 236835 3541
242933 236835 3541
242933 236835 3541
242933 236835 3541
242933 236835 3541
236838 236835 3543
236838 236835 3543
236838 236835 3543
236838 236835 3543
236838 236835 3543
236838 236835 3543
236838 236835 3543
236838 236835 3543
236838 236835 3543
236838 236835 3543
236838 236835 3543
236838 236835 3543
236838 236835 3543
11428 177273 3547
11428 177273 3547
11428 177273 3547
11428 177273 3547
11428 177273 3547
11428 177273 3547
11428 177273 3547
11428 177273 3547
11428 177273 3547
11428 177273 3547
11428 177273 3547
11428 177273 3547
11428 177273 3547
175963 265481 3548
175963 265481 3548
175963 265481 3548
175963 265481 3548
175963 265481 3548
175963 265481 3548
175963 265481 3548
175963 265481 3548
175963 265481 3548
175963 265481 3548
175963 265481 3548
175963 265481 3548
227720 230957 3549
227720 230957 3549
227720 230957 3549
227720 230957 3549
227720 230957 3549
227720 230957 3549
227720 230957 3549
227720 230957 3549
227720 230957 3549
227720 230957 3549
227720 230957 3549
227720 230957 3549
227720 230957 3549
289150 230398 3549
289150 230398 3549
289150 230398 3549
289150 230398 3549
289150 230398 3549
289150 230398 3549
289150 230398 3549
289150 230398 3549
289150 230398 3549
289150 230398 3549
289150 230398 3549
289150 230398 3549
289150 230398 3549
193101 3390 3551
193101 3390 3551
193101 3390 3551
193101 3390 3551
193101 3390 3551
193101 3390 3551
193101 3390 3551
193101 3390 3551
193101 3390 3551
193101 3390 3551
193101 3390 3551
193101 3390 3551
226981 296096 3551
226981 296096 3551
226981 296096 3551
226981 296096 3551
226981 296096 3551
226981 296096 3551
226981 296096 3551
226981 296096 3551
226981 296096 3551
226981 296096 3551
226981 296096 3551
226981 296096 3551
226981 296096 3551
190900 235687 3551
190900 235687 3551
190900 235687 3551
190900 235687 3551
190900 235687 3551
190900 235687 3551
190900 235687 3551
190900 235687 3551
190900 235687 3551
190900 235687 3551
190900 235687 3551
190900 235687 3551
236923 228041 3552
236923 228041 3552
236923 228041 3552
236923 228041 3552
236923 228041 3552
236923 228041 3552
236923 228041 3552
236923 228041 3552
236923 228041 3552
236923 228041 3552
236923 228041 3552
236923 228041 3552
236923 228041 3552
236835 293359 3553
236835 293359 3553
236835 293359 3553
236835 293359 3553
236835 293359 3553
236835 293359 3553
236835 293359 3553
236835 293359 3553
236835 293359 3553
236835 293359 3553
236835 293359 3553
236835 293359 3553
236835 293359 3553
233584 235683 3553
233584 235683 3553
233584 235683 3553
233584 235683 3553
233584 235683 3553
233584 235683 3553
233584 235683 3553
233584 235683 3553
233584 235683 3553
233584 235683 3553
233584 235683 3553
233584 235683 3553
237971 235683 3554
237971 235683 3554
237971 235683 3554
237971 235683 3554
237971 235683 3554
237971 235683 3554
237971 235683 3554
237971 235683 3554
237971 235683 3554
237971 235683 3554
237971 235683 3554
237971 235683 3554
293359 192942 3555
293359 192942 3555
293359 192942 3555
293359 192942 3555
293359 192942 3555
293359 192942 3555
293359 192942 3555
293359 192942 3555
293359 192942 3555
293359 192942 3555
293359 192942 3555
293359 192942 3555
293359 192942 3555
250698 289062 3556
250698 289062 3556
250698 289062 3556
250698 289062 3556
250698 289062 3556
250698 289062 3556
250698 289062 3556
250698 289062 3556
250698 289062 3556
250698 289062 3556
250698 289062 3556
250698 289062 3556
243214 237848 3563
243214 237848 3563
243214 237848 3563
243214 237848 3563
243214 237848 3563
243214 237848 3563
243214 237848 3563
243214 237848 3563
243214 237848 3563
243214 237848 3563
243214 237848 3563
243214 237848 3563
11144 296137 3565
11144 296137 3565
11144 296137 3565
11144 296137 3565
11144 296137 3565
11144 296137 3565
11144 296137 3565
11144 296137 3565
11144 296137 3565
11144 296137 3565
11144 296137 3565
11144 296137 3565
11144 296137 3565
11775 285355 3565
11775 285355 3565
11775 285355 3565
11775 285355 3565
11775 285355 3565
11775 285355 3565
11775 285355 3565
11775 285355 3565
11775 285355 3565
11775 285355 3565
11775 285355 3565
11775 285355 3565
11775 285355 3565
235977 151176 3568
235977 151176 3568
235977 151176 3568
235977 151176 3568
235977 151176 3568
235977 151176 3568
235977 151176 3568
235977 151176 3568
235977 151176 3568
235977 151176 3568
235977 151176 3568
235977 151176 3568
191674 240657 3569
191674 240657 3569
191674 240657 3569
191674 240657 3569
191674 240657 3569
191674 240657 3569
191674 240657 3569
191674 240657 3569
191674 240657 3569
191674 240657 3569
191674 240657 3569
191674 240657 3569
191674 240657 3569
227099 235667 3569
227099 235667 3569
227099 235667 3569
227099 235667 3569
227099 235667 3569
227099 235667 3569
227099 235667 3569
227099 235667 3569
227099 235667 3569
227099 235667 3569
227099 235667 3569
227099 235667 3569
195341 190920 3569
195341 190920 3569
195341 190920 3569
195341 190920 3569
195341 190920 3569
195341 190920 3569
195341 190920 3569
195341 190920 3569
195341 190920 3569
195341 190920 3569
195341 190920 3569
195341 190920 3569
195341 190920 3569
232693 241489 3570
232693 241489 3570
232693 241489 3570
232693 241489 3570
232693 241489 3570
232693 241489 3570
232693 241489 3570
232693 241489 3570
232693 241489 3570
232693 241489 3570
232693 241489 3570
232693 241489 3570
190920 209652 3570
190920 209652 3570
190920 209652 3570
190920 209652 3570
190920 209652 3570
190920 209652 3570
190920 209652 3570
190920 209652 3570
190920 209652 3570
190920 209652 3570
190920 209652 3570
190920 209652 3570
193117 196007 3571
193117 196007 3571
193117 196007 3571
193117 196007 3571
193117 196007 3571
193117 196007 3571
193117 196007 3571
193117 196007 3571
193117 196007 3571
193117 196007 3571
193117 196007 3571
193117 196007 3571
228105 242072 3572
228105 242072 3572
228105 242072 3572
228105 242072 3572
228105 242072 3572
228105 242072 3572
228105 242072 3572
228105 242072 3572
228105 242072 3572
228105 242072 3572
228105 242072 3572
228105 242072 3572
228105 242072 3572
155156 226380 3573
155156 226380 3573
155156 226380 3573
155156 226380 3573
155156 226380 3573
155156 226380 3573
155156 226380 3573
155156 226380 3573
155156 226380 3573
155156 226380 3573
155156 226380 3573
155156 226380 3573
155156 226380 3573
242072 226380 3574
242072 226380 3574
242072 226380 3574
242072 226380 3574
242072 226380 3574
242072 226380 3574
242072 226380 3574
242072 226380 3574
242072 226380 3574
242072 226380 3574
242072 226380 3574
242072 226380 3574
242072 226380 3574
153036 173921 3574
153036 173921 3574
153036 173921 3574
153036 173921 3574
153036 173921 3574
153036 173921 3574
153036 173921 3574
153036 173921 3574
153036 173921 3574
153036 173921 3574
153036 173921 3574
153036 173921 3574
153036 173921 3574
236015 243536 3574
236015 243536 3574
236015 243536 3574
236015 243536 3574
236015 243536 3574
236015 243536 3574
236015 243536 3574
236015 243536 3574
236015 243536 3574
236015 243536 3574
236015 243536 3574
236015 243536 3574
295629 285203 3575
295629 285203 3575
295629 285203 3575
295629 285203 3575
295629 285203 3575
295629 285203 3575
295629 285203 3575
295629 285203 3575
295629 285203 3575
295629 285203 3575
295629 285203 3575
295629 285203 3575
295629 285203 3575
232372 9875 3575
232372 9875 3575
232372 9875 3575
232372 9875 3575
232372 9875 3575
232372 9875 3575
232372 9875 3575
232372 9875 3575
232372 9875 3575
232372 9875 3575
232372 9875 3575
232372 9875 3575
186861 174464 3576
186861 174464 3576
186861 174464 3576
186861 174464 3576
186861 174464 3576
186861 174464 3576
186861 174464 3576
186861 174464 3576
186861 174464 3576
186861 174464 3576
186861 174464 3576
186861 174464 3576
186861 174464 3576
243536 10447 3577
243536 10447 3577
243536 10447 3577
243536 10447 3577
243536 10447 3577
243536 10447 3577
243536 10447 3577
243536 10447 3577
243536 10447 3577
243536 10447 3577
243536 10447 3577
243536 10447 3577
242449 225846 3577
242449 225846 3577
242449 225846 3577
242449 225846 3577
242449 225846 3577
242449 225846 3577
242449 225846 3577
242449 225846 3577
242449 225846 3577
242449 225846 3577
242449 225846 3577
242449 225846 3577
242449 225846 3577
243007 225846 3577
243007 225846 3577
243007 225846 3577
243007 225846 3577
243007 225846 3577
243007 225846 3577
243007 225846 3577
243007 225846 3577
243007 225846 3577
243007 225846 3577
243007 225846 3577
243007 225846 3577
242480 243006 3578
242480 243006 3578
242480 243006 3578
242480 243006 3578
242480 243006 3578
242480 243006 3578
242480 243006 3578
242480 243006 3578
242480 243006 3578
242480 243006 3578
242480 243006 3578
242480 243006 3578
242480 243006 3578
208266 175937 3580
208266 175937 3580
208266 175937 3580
208266 175937 3580
208266 175937 3580
208266 175937 3580
208266 175937 3580
208266 175937 3580
208266 175937 3580
208266 175937 3580
208266 175937 3580
208266 175937 3580
236004 243737 3585
236004 243737 3585
236004 243737 3585
236004 243737 3585
236004 243737 3585
236004 243737 3585
236004 243737 3585
236004 243737 3585
236004 243737 3585
236004 243737 3585
236004 243737 3585
236004 243737 3585
236004 243737 3585
243706 243737 3586
243706 243737 3586
243706 243737 3586
243706 243737 3586
243706 243737 3586
243706 243737 3586
243706 243737 3586
243706 243737 3586
243706 243737 3586
243706 243737 3586
243706 243737 3586
243706 243737 3586
237733 237987 3587
237733 237987 3587
237733 237987 3587
237733 237987 3587
237733 237987 3587
237733 237987 3587
237733 237987 3587
237733 237987 3587
237733 237987 3587
237733 237987 3587
237733 237987 3587
237733 237987 3587
190875 205994 3587
190875 205994 3587
190875 205994 3587
190875 205994 3587
190875 205994 3587
190875 205994 3587
190875 205994 3587
190875 205994 3587
190875 205994 3587
190875 205994 3587
190875 205994 3587
190875 205994 3587
234297 289745 3587
234297 289745 3587
234297 289745 3587
234297 289745 3587
234297 289745 3587
234297 289745 3587
234297 289745 3587
234297 289745 3587
234297 289745 3587
234297 289745 3587
234297 289745 3587
234297 289745 3587
291425 291376 3589
291425 291376 3589
291425 291376 3589
291425 291376 3589
291425 291376 3589
291425 291376 3589
291425 291376 3589
291425 291376 3589
291425 291376 3589
291425 291376 3589
291425 291376 3589
291425 291376 3589
236927 124695 3592
236927 124695 3592
236927 124695 3592
236927 124695 3592
236927 124695 3592
236927 124695 3592
236927 124695 3592
236927 124695 3592
236927 124695 3592
236927 124695 3592
236927 124695 3592
236927 124695 3592
225681 124695 3592
225681 124695 3592
225681 124695 3592
225681 124695 3592
225681 124695 3592
225681 124695 3592
225681 124695 3592
225681 124695 3592
225681 124695 3592
225681 124695 3592
225681 124695 3592
225681 124695 3592
225681 124695 3592
151584 286935 3595
151584 286935 3595
151584 286935 3595
151584 286935 3595
151584 286935 3595
151584 286935 3595
151584 286935 3595
151584 286935 3595
151584 286935 3595
151584 286935 3595
151584 286935 3595
151584 286935 3595
285459 227823 3596
285459 227823 3596
285459 227823 3596
285459 227823 3596
285459 227823 3596
285459 227823 3596
285459 227823 3596
285459 227823 3596
285459 227823 3596
285459 227823 3596
285459 227823 3596
285459 227823 3596
227265 236138 3597
227265 236138 3597
227265 236138 3597
227265 236138 3597
227265 236138 3597
227265 236138 3597
227265 236138 3597
227265 236138 3597
227265 236138 3597
227265 236138 3597
227265 236138 3597
227265 236138 3597
242313 282516 3597
242313 282516 3597
242313 282516 3597
242313 282516 3597
242313 282516 3597
242313 282516 3597
242313 282516 3597
242313 282516 3597
242313 282516 3597
242313 282516 3597
242313 282516 3597
242313 282516 3597
242313 282516 3597
268888 155156 3598
268888 155156 3598
268888 155156 3598
268888 155156 3598
268888 155156 3598
268888 155156 3598
268888 155156 3598
268888 155156 3598
268888 155156 3598
268888 155156 3598
268888 155156 3598
268888 155156 3598
289563 155156 3598
289563 155156 3598
289563 155156 3598
289563 155156 3598
289563 155156 3598
289563 155156 3598
289563 155156 3598
289563 155156 3598
289563 155156 3598
289563 155156 3598
289563 155156 3598
289563 155156 3598
289563 155156 3598
293664 230396 3599
293664 230396 3599
293664 230396 3599
293664 230396 3599
293664 230396 3599
293664 230396 3599
293664 230396 3599
293664 230396 3599
293664 230396 3599
293664 230396 3599
293664 230396 3599
293664 230396 3599
293664 230396 3599
9115 235966 3599
9115 235966 3599
9115 235966 3599
9115 235966 3599
9115 235966 3599
9115 235966 3599
9115 235966 3599
9115 235966 3599
9115 235966 3599
9115 235966 3599
9115 235966 3599
9115 235966 3599
238214 227827 3600
238214 227827 3600
238214 227827 3600
238214 227827 3600
238214 227827 3600
238214 227827 3600
238214 227827 3600
238214 227827 3600
238214 227827 3600
238214 227827 3600
238214 227827 3600
238214 227827 3600
155156 227260 3600
155156 227260 3600
155156 227260 3600
155156 227260 3600
155156 227260 3600
155156 227260 3600
155156 227260 3600
155156 227260 3600
155156 227260 3600
155156 227260 3600
155156 227260 3600
155156 227260 3600
155156 227260 3600
